seed,target,method,pool_size,active_count,active_ratio_pool,queried_total,queried_hits,AUBC,ECE,Brier,EF_0.1pct,EF_1pct,neural_inferences,inference_saved_ratio,hits_per_1000_inferences,mean_pairwise_cosine_distance_at1000,PAINS_Brenk_free_ratio_at1000,unseen_initial_scaffold_hit_rate_at1000,high_score_high_unc_hit_rate,high_score_low_unc_hit_rate,false_confidence_gap,Hit@100,Recall@100,unique_scaffold_count@100,Hit@500,Recall@500,unique_scaffold_count@500,Hit@1000,Recall@1000,unique_scaffold_count@1000
1,aa2ar,boba_ucb,32032,482,0.015047452547452548,2560,397,0.7463790931989924,0.4547476281186022,0.22187147919336214,66.4564315352697,66.4564315352697,4096,0.984015984015984,114.990234375,0.5653931498527527,0.634,0.4739583333333333,0.05118601747815231,0.24968789013732834,0.19850187265917602,100,0.2074688796680498,100,438,0.9087136929460581,498,471,0.9771784232365145,956
1,aa2ar,rabvs_budgeted_reliable,32032,482,0.015047452547452548,2560,397,0.7463790931989924,0.4547476281186022,0.22187147919336214,66.4564315352697,66.4564315352697,4096,0.984015984015984,116.455078125,0.5621985197067261,0.746,0.4742798353909465,0.05118601747815231,0.24968789013732834,0.19850187265917602,100,0.2074688796680498,100,430,0.8921161825726142,500,477,0.9896265560165975,978
1,aa2ar,rabvs_budgeted_no_ucb,32032,482,0.015047452547452548,2560,473,0.7983615221987315,0.4540007427772293,0.21883763425309488,66.4564315352697,66.4564315352697,4096,0.984015984015984,116.69921875,0.5669512152671814,0.766,0.47384615384615386,0.049937578027465665,0.24968789013732834,0.19975031210986266,100,0.2074688796680498,100,419,0.8692946058091287,499,478,0.991701244813278,981
2,aa2ar,boba_ucb,32032,482,0.015047452547452548,2560,406,0.7013546798029556,0.4543807649955421,0.22182824313652885,66.4564315352697,66.4564315352697,4096,0.984015984015984,114.74609375,0.5608320236206055,0.6839999999999999,0.463265306122449,0.05801621958827199,0.24157303370786518,0.18355681411959318,100,0.2074688796680498,100,445,0.9232365145228216,500,470,0.975103734439834,972
2,aa2ar,rabvs_budgeted_reliable,32032,482,0.015047452547452548,2560,406,0.7013546798029556,0.4543807649955421,0.22182824313652885,66.4564315352697,66.4564315352697,4096,0.984015984015984,114.990234375,0.5580229163169861,0.754,0.4647599591419816,0.05801621958827199,0.24157303370786518,0.18355681411959318,100,0.2074688796680498,100,387,0.8029045643153527,498,471,0.9771784232365145,982
2,aa2ar,rabvs_budgeted_no_ucb,32032,482,0.015047452547452548,2560,469,0.7991737739872068,0.4543446370423926,0.2193052892295127,66.4564315352697,66.4564315352697,4096,0.984015984015984,115.966796875,0.5674898028373718,0.78,0.4683673469387755,0.049937578027465665,0.24968789013732834,0.19975031210986266,100,0.2074688796680498,100,424,0.8796680497925311,499,475,0.9854771784232366,982
1,abl1,boba_ucb,10932,182,0.01664837175265276,2560,162,0.8503086419753086,0.45091415950373853,0.22096854020729664,60.065934065934066,60.065934065934066,3072,0.964873765093304,56.640625,0.6152819991111755,0.5469999999999999,0.1649269311064718,0.0603290676416819,0.2595978062157221,0.1992687385740402,100,0.5494505494505495,100,173,0.9505494505494505,481,174,0.9560439560439561,928
1,abl1,rabvs_budgeted_reliable,10932,182,0.01664837175265276,2560,162,0.8503086419753086,0.45091415950373853,0.22096854020729664,60.065934065934066,56.759552374231276,3072,0.964873765093304,57.291666666666664,0.6078863739967346,0.791,0.16393442622950818,0.0603290676416819,0.2595978062157221,0.1992687385740402,99,0.5439560439560439,100,172,0.945054945054945,488,176,0.967032967032967,980
1,abl1,rabvs_budgeted_no_ucb,10932,182,0.01664837175265276,2560,176,0.8430397727272727,0.44962656156242614,0.21651204446487712,60.065934065934066,59.51487045065027,3072,0.964873765093304,57.6171875,0.6047499179840088,0.8260000000000001,0.16546762589928057,0.06764168190127971,0.2595978062157221,0.19195612431444237,100,0.5494505494505495,100,177,0.9725274725274725,490,177,0.9725274725274725,985
2,abl1,boba_ucb,10932,182,0.01664837175265276,2560,166,0.8102409638554217,0.45104451241265453,0.22097202231278293,60.065934065934066,60.065934065934066,3072,0.964873765093304,57.942708333333336,0.6120103001594543,0.5549999999999999,0.1705263157894737,0.054844606946983544,0.27056672760511885,0.2157221206581353,100,0.5494505494505495,100,174,0.9560439560439561,482,178,0.978021978021978,939
2,abl1,rabvs_budgeted_reliable,10932,182,0.01664837175265276,2560,166,0.8102409638554217,0.45104451241265453,0.22097202231278293,60.065934065934066,58.412743220082675,3072,0.964873765093304,56.640625,0.6016223430633545,0.802,0.16390041493775934,0.054844606946983544,0.27056672760511885,0.2157221206581353,100,0.5494505494505495,100,172,0.945054945054945,492,174,0.9560439560439561,984
2,abl1,rabvs_budgeted_no_ucb,10932,182,0.01664837175265276,2560,176,0.8458806818181818,0.44974802814910436,0.2169345780096076,60.065934065934066,58.96380683536647,3072,0.964873765093304,57.6171875,0.6029053926467896,0.8260000000000001,0.16632231404958678,0.05301645338208409,0.2742230347349177,0.2212065813528336,100,0.5494505494505495,100,176,0.967032967032967,490,177,0.9725274725274725,986
1,ace,boba_ucb,17182,282,0.016412524735187988,2560,272,0.8731617647058824,0.4525381605932118,0.21884178034026777,60.92907801418439,60.92907801418439,3328,0.9757886159934815,84.13461538461539,0.5542206764221191,0.45399999999999996,0.294250281848929,0.010465116279069767,0.31664726426076834,0.30618214798169857,100,0.3546099290780142,100,280,0.9929078014184397,444,280,0.9929078014184397,774
1,ace,rabvs_budgeted_reliable,17182,282,0.016412524735187988,2560,272,0.8731617647058824,0.4525381605932118,0.21884178034026777,60.92907801418439,58.449406234537356,3328,0.9757886159934815,84.13461538461539,0.5575499534606934,0.714,0.27244258872651356,0.010465116279069767,0.31664726426076834,0.30618214798169857,93,0.32978723404255317,98,280,0.9929078014184397,470,280,0.9929078014184397,946
1,ace,rabvs_budgeted_no_ucb,17182,282,0.016412524735187988,2560,282,0.8674645390070922,0.4524647622848547,0.21576169497416595,60.92907801418439,58.449406234537356,3328,0.9757886159934815,84.73557692307693,0.5539014935493469,0.77,0.2686414708886619,0.017421602787456445,0.3111888111888112,0.29376720840135473,93,0.32978723404255317,100,282,1.0,494,282,1.0,980
2,ace,boba_ucb,17182,282,0.016412524735187988,2560,275,0.8545454545454545,0.45283478838391383,0.22003487117008608,60.92907801418439,60.92907801418439,3328,0.9757886159934815,84.13461538461539,0.5603097081184387,0.41600000000000004,0.2830601092896175,0.013937282229965157,0.3135198135198135,0.29958253128984835,100,0.3546099290780142,100,280,0.9929078014184397,463,280,0.9929078014184397,825
2,ace,rabvs_budgeted_reliable,17182,282,0.016412524735187988,2560,275,0.8545454545454545,0.45283478838391383,0.22003487117008608,60.92907801418439,57.032450931881904,3328,0.9757886159934815,84.13461538461539,0.5590370297431946,0.7110000000000001,0.2695109261186264,0.013937282229965157,0.3135198135198135,0.29958253128984835,89,0.31560283687943264,98,280,0.9929078014184397,486,280,0.9929078014184397,963
2,ace,rabvs_budgeted_no_ucb,17182,282,0.016412524735187988,2560,282,0.8692375886524822,0.4525096474171558,0.21604855660711778,60.92907801418439,58.80364506020122,3328,0.9757886159934815,84.73557692307693,0.554911196231842,0.756,0.2674897119341564,0.018604651162790697,0.309662398137369,0.2910577469745783,94,0.3333333333333333,100,282,1.0,496,282,1.0,984
1,aces,boba_ucb,26703,453,0.016964386024042242,2560,331,0.7956948640483383,0.45384049567477547,0.22536911419290248,58.94701986754967,58.94701986754967,3840,0.9820244916301539,107.03125,0.6076709032058716,0.371,0.41368421052631577,0.09131736526946108,0.23595505617977527,0.1446376909103142,100,0.22075055187637968,100,387,0.8543046357615894,488,411,0.9072847682119205,907
1,aces,rabvs_budgeted_reliable,26703,453,0.016964386024042242,2560,331,0.7956948640483383,0.45384049567477547,0.22536911419290248,58.94701986754967,47.245926036163404,3840,0.9820244916301539,107.03125,0.6072035431861877,0.491,0.4102296450939457,0.09131736526946108,0.23595505617977527,0.1446376909103142,91,0.20088300220750552,100,385,0.8498896247240618,494,411,0.9072847682119205,943
1,aces,rabvs_budgeted_no_ucb,26703,453,0.016964386024042242,2560,425,0.7898529411764705,0.4526513055960193,0.21984034892959783,58.94701986754967,50.55755636580103,3840,0.9820244916301539,112.76041666666667,0.6083297729492188,0.489,0.43243243243243246,0.07035928143712575,0.2614232209737828,0.19106393953665704,95,0.2097130242825607,100,421,0.9293598233995585,500,433,0.9558498896247241,963
2,aces,boba_ucb,26703,453,0.016964386024042242,2560,358,0.7543645251396648,0.4522580745982499,0.22323172362939778,58.94701986754967,58.94701986754967,3840,0.9820244916301539,111.97916666666667,0.5949051380157471,0.357,0.43020833333333336,0.08532934131736528,0.24868913857677902,0.16335979725941374,100,0.22075055187637968,100,403,0.8896247240618101,493,430,0.9492273730684326,942
2,aces,rabvs_budgeted_reliable,26703,453,0.016964386024042242,2560,358,0.7543645251396648,0.4522580745982499,0.22323172362939778,58.94701986754967,41.94731750874321,3840,0.9820244916301539,112.76041666666667,0.5933712124824524,0.44399999999999995,0.4301964839710445,0.08532934131736528,0.24868913857677902,0.16335979725941374,93,0.2052980132450331,100,394,0.869757174392936,498,433,0.9558498896247241,966
2,aces,rabvs_budgeted_no_ucb,26703,453,0.016964386024042242,2560,423,0.7934397163120568,0.4526412711460761,0.2199536080628215,58.94701986754967,48.57057816801846,3840,0.9820244916301539,112.5,0.6071838140487671,0.488,0.4310880829015544,0.07260479041916168,0.25767790262172285,0.18507311220256117,94,0.20750551876379691,100,419,0.9249448123620309,500,432,0.9536423841059603,967
1,ada,boba_ucb,5543,93,0.016777918094894463,2560,92,0.875,0.447297938205476,0.21080548104893113,59.6021505376344,59.6021505376344,2781,0.9372857658307776,33.441208198489754,0.6613823771476746,0.526,0.06392045454545454,0.007194244604316547,0.3285198555956679,0.3213256109913513,92,0.989247311827957,50,93,1.0,383,93,1.0,697
1,ada,rabvs_budgeted_reliable,5543,93,0.016777918094894463,2560,92,0.875,0.447297938205476,0.21080548104893113,59.6021505376344,56.351124144672525,2781,0.9372857658307776,33.441208198489754,0.6668102145195007,0.784,0.05344418052256532,0.007194244604316547,0.3285198555956679,0.3213256109913513,92,0.989247311827957,50,92,0.989247311827957,441,93,1.0,869
1,ada,rabvs_budgeted_no_ucb,5543,93,0.016777918094894463,2560,93,0.8729838709677419,0.44725743448096983,0.2106695138116852,59.6021505376344,57.43479960899315,2781,0.9372857658307776,33.441208198489754,0.6688629984855652,0.817,0.05447941888619855,0.007194244604316547,0.3285198555956679,0.3213256109913513,93,1.0,50,93,1.0,439,93,1.0,847
2,ada,boba_ucb,5543,93,0.016777918094894463,2560,92,0.875,0.44739927574866584,0.21112476877276343,59.6021505376344,59.6021505376344,2781,0.9372857658307776,33.441208198489754,0.6629195809364319,0.532,0.06531204644412192,0.01079136690647482,0.3249097472924188,0.314118380385944,92,0.989247311827957,50,93,1.0,353,93,1.0,675
2,ada,rabvs_budgeted_reliable,5543,93,0.016777918094894463,2560,92,0.875,0.44739927574866584,0.21112476877276343,59.6021505376344,58.51847507331378,2781,0.9372857658307776,33.441208198489754,0.6674458980560303,0.792,0.054282267792521106,0.01079136690647482,0.3249097472924188,0.314118380385944,92,0.989247311827957,50,92,0.989247311827957,433,93,1.0,863
2,ada,rabvs_budgeted_no_ucb,5543,93,0.016777918094894463,2560,93,0.8716397849462365,0.44736360803072983,0.2105646893071558,59.6021505376344,58.51847507331378,2781,0.9372857658307776,33.441208198489754,0.6654343008995056,0.821,0.055487053020961775,0.0035971223021582736,0.33212996389891697,0.3285328415967587,93,1.0,50,93,1.0,436,93,1.0,839
1,ada17,boba_ucb,36432,532,0.014602547211242864,2560,405,0.8001543209876543,0.4556737029667323,0.22186619058820445,68.4812030075188,68.4812030075188,4352,0.9850680720245938,119.94485294117648,0.5104461312294006,0.245,0.5322751322751322,0.04006586169045005,0.2502744237102086,0.21020856201975852,100,0.18796992481203006,100,486,0.9135338345864662,500,522,0.981203007518797,921
1,ada17,rabvs_budgeted_reliable,36432,532,0.014602547211242864,2560,405,0.8001543209876543,0.4556737029667323,0.22186619058820445,20.924812030075188,61.52020160290837,4352,0.9850680720245938,120.17463235294117,0.5065158009529114,0.38,0.5201238390092879,0.04006586169045005,0.2502744237102086,0.21020856201975852,63,0.11842105263157894,99,462,0.868421052631579,499,523,0.9830827067669173,969
1,ada17,rabvs_budgeted_no_ucb,36432,532,0.014602547211242864,2560,527,0.8041982922201139,0.45471956165149563,0.21831119364791574,41.849624060150376,62.83714781459142,4352,0.9850680720245938,122.01286764705883,0.510577917098999,0.387,0.5267489711934157,0.03238199780461032,0.25960482985729966,0.22722283205268934,70,0.13157894736842105,99,470,0.8834586466165414,499,531,0.9981203007518797,975
2,ada17,boba_ucb,36432,532,0.014602547211242864,2560,396,0.7673611111111112,0.45560596463177144,0.22126477956977889,68.4812030075188,68.4812030075188,4352,0.9850680720245938,121.5533088235294,0.5115368366241455,0.245,0.5367647058823529,0.045554335894621295,0.24643249176728868,0.20087815587266739,100,0.18796992481203006,100,491,0.9229323308270677,500,529,0.9943609022556391,920
2,ada17,rabvs_budgeted_reliable,36432,532,0.014602547211242864,2560,396,0.7673611111111112,0.45560596463177144,0.22126477956977889,41.849624060150376,62.64901264149384,4352,0.9850680720245938,120.17463235294117,0.5064247846603394,0.391,0.5211558307533539,0.045554335894621295,0.24643249176728868,0.20087815587266739,69,0.12969924812030076,99,467,0.8778195488721805,499,523,0.9830827067669173,968
2,ada17,rabvs_budgeted_no_ucb,36432,532,0.014602547211242864,2560,528,0.7973484848484849,0.45461787039550716,0.21779654430239154,41.849624060150376,63.9659588531769,4352,0.9850680720245938,122.01286764705883,0.5083556175231934,0.41500000000000004,0.5283213182286303,0.03128430296377607,0.26070252469813393,0.22941822173435786,76,0.14285714285714285,100,476,0.8947368421052632,500,531,0.9981203007518797,978
1,adrb1,boba_ucb,16097,247,0.015344474125613468,2560,220,0.8576704545454545,0.45377486439033043,0.22110268470427466,65.17004048582996,65.17004048582996,3328,0.9741566751568616,73.3173076923077,0.6070253252983093,0.48,0.26218097447795824,0.034782608695652174,0.26956521739130435,0.23478260869565218,100,0.4048582995951417,100,243,0.9838056680161943,472,244,0.9878542510121457,837
1,adrb1,rabvs_budgeted_reliable,16097,247,0.015344474125613468,2560,220,0.8576704545454545,0.45377486439033043,0.22110268470427466,65.17004048582996,59.503080443583876,3328,0.9741566751568616,73.91826923076923,0.6082758903503418,0.712,0.23700623700623702,0.034782608695652174,0.26956521739130435,0.23478260869565218,86,0.3481781376518219,100,241,0.9757085020242915,489,246,0.9959514170040485,975
1,adrb1,rabvs_budgeted_no_ucb,16097,247,0.015344474125613468,2560,246,0.845020325203252,0.4531363369642734,0.2180261200875064,65.17004048582996,57.88394900294214,3328,0.9741566751568616,74.21875,0.6122087836265564,0.71,0.23779854620976115,0.034782608695652174,0.2720496894409938,0.2372670807453416,82,0.3319838056680162,100,246,0.9959514170040485,491,247,1.0,974
2,adrb1,boba_ucb,16097,247,0.015344474125613468,2560,225,0.8625,0.45396925093442264,0.22102759074726208,65.17004048582996,65.17004048582996,3328,0.9741566751568616,72.11538461538461,0.6021234393119812,0.45599999999999996,0.2554410080183276,0.03225806451612903,0.26990049751243783,0.2376424329963088,100,0.4048582995951417,100,235,0.951417004048583,467,240,0.97165991902834,855
2,adrb1,rabvs_budgeted_reliable,16097,247,0.015344474125613468,2560,225,0.8625,0.45396925093442264,0.22102759074726208,65.17004048582996,60.312646163904745,3328,0.9741566751568616,72.41586538461539,0.6056227087974548,0.712,0.2318840579710145,0.03225806451612903,0.26990049751243783,0.2376424329963088,88,0.3562753036437247,100,236,0.9554655870445344,492,241,0.9757085020242915,982
2,adrb1,rabvs_budgeted_no_ucb,16097,247,0.015344474125613468,2560,242,0.8427169421487604,0.4534488178754531,0.21786549338035055,65.17004048582996,61.52699474438605,3328,0.9741566751568616,73.61778846153847,0.6149600744247437,0.734,0.2372528616024974,0.037267080745341616,0.2683229813664596,0.23105590062111797,91,0.3684210526315789,100,243,0.9838056680161943,493,245,0.9919028340080972,988
1,adrb2,boba_ucb,15231,231,0.015166436872168603,2560,216,0.8674768518518519,0.4542097537808932,0.22179037843458455,65.93506493506494,65.93506493506494,3328,0.9726872825159215,68.20913461538461,0.6097712516784668,0.44699999999999995,0.2409778812572759,0.026246719160104987,0.27296587926509186,0.24671916010498687,100,0.4329004329004329,100,223,0.9653679653679653,445,227,0.9826839826839827,822
1,adrb2,rabvs_budgeted_reliable,15231,231,0.015166436872168603,2560,216,0.8674768518518519,0.4542097537808932,0.22179037843458455,65.93506493506494,61.59723171565277,3328,0.9726872825159215,67.90865384615384,0.6103594899177551,0.733,0.2150313152400835,0.026246719160104987,0.27296587926509186,0.24671916010498687,90,0.38961038961038963,100,223,0.9653679653679653,472,226,0.9783549783549783,963
1,adrb2,rabvs_budgeted_no_ucb,15231,231,0.015166436872168603,2560,226,0.8531526548672567,0.4541587674775583,0.21914042445759654,65.93506493506494,62.03101503759399,3328,0.9726872825159215,68.81009615384616,0.6193029284477234,0.736,0.21680497925311204,0.03805774278215223,0.2650918635170604,0.22703412073490814,91,0.3939393939393939,100,229,0.9913419913419913,485,229,0.9913419913419913,975
2,adrb2,boba_ucb,15231,231,0.015166436872168603,2560,218,0.8334288990825688,0.4544173602259236,0.22190502980683616,65.93506493506494,65.93506493506494,3328,0.9726872825159215,67.90865384615384,0.6046372056007385,0.46799999999999997,0.23556058890147225,0.031496062992125984,0.2677165354330709,0.2362204724409449,100,0.4329004329004329,100,225,0.974025974025974,449,226,0.9783549783549783,860
2,adrb2,rabvs_budgeted_reliable,15231,231,0.015166436872168603,2560,218,0.8334288990825688,0.4544173602259236,0.22190502980683616,65.93506493506494,60.29588174982912,3328,0.9726872825159215,68.20913461538461,0.6055845022201538,0.723,0.218848167539267,0.031496062992125984,0.2677165354330709,0.2362204724409449,87,0.37662337662337664,99,224,0.9696969696969697,481,227,0.9826839826839827,958
2,adrb2,rabvs_budgeted_no_ucb,15231,231,0.015166436872168603,2560,229,0.8373362445414847,0.45383733279888183,0.22000474165341322,65.93506493506494,59.86209842788791,3328,0.9726872825159215,69.11057692307693,0.6293163299560547,0.702,0.2222222222222222,0.045931758530183726,0.2572178477690289,0.21128608923884518,86,0.3722943722943723,99,230,0.9956709956709957,485,230,0.9956709956709957,972
1,akt1,boba_ucb,16743,293,0.017499850683867887,2560,261,0.8007662835249042,0.44874693286621264,0.21650215250432084,57.143344709897605,57.143344709897605,3328,0.9751537956160784,84.73557692307693,0.6118593811988831,0.613,0.28191489361702127,0.0477326968973747,0.2951015531660693,0.2473688562686946,100,0.3412969283276451,100,277,0.9453924914675768,479,282,0.962457337883959,914
1,akt1,rabvs_budgeted_reliable,16743,293,0.017499850683867887,2560,261,0.8007662835249042,0.44874693286621264,0.21650215250432084,57.143344709897605,57.143344709897605,3328,0.9751537956160784,83.83413461538461,0.6147048473358154,0.866,0.27029804727646456,0.0477326968973747,0.2951015531660693,0.2473688562686946,100,0.3412969283276451,100,276,0.9419795221843004,492,279,0.9522184300341296,981
1,akt1,rabvs_budgeted_no_ucb,16743,293,0.017499850683867887,2560,280,0.846875,0.4486028809668514,0.2141625307533403,57.143344709897605,57.143344709897605,3328,0.9751537956160784,84.73557692307693,0.6182323694229126,0.883,0.27170582226762,0.03579952267303103,0.3106332138590203,0.27483369118598927,100,0.3412969283276451,100,281,0.9590443686006825,497,282,0.962457337883959,989
2,akt1,boba_ucb,16743,293,0.017499850683867887,2560,264,0.8354640151515151,0.4488879898368996,0.21639818064078653,57.143344709897605,57.143344709897605,3328,0.9751537956160784,84.43509615384616,0.6103302240371704,0.623,0.28055260361317746,0.0405727923627685,0.3010752688172043,0.2605024764544358,100,0.3412969283276451,100,277,0.9453924914675768,484,281,0.9590443686006825,918
2,akt1,rabvs_budgeted_reliable,16743,293,0.017499850683867887,2560,264,0.8354640151515151,0.4488879898368996,0.21639818064078653,57.143344709897605,57.143344709897605,3328,0.9751537956160784,83.53365384615384,0.6126903891563416,0.873,0.26844262295081966,0.0405727923627685,0.3010752688172043,0.2605024764544358,100,0.3412969283276451,100,277,0.9453924914675768,493,278,0.9488054607508533,980
2,akt1,rabvs_budgeted_no_ucb,16743,293,0.017499850683867887,2560,281,0.8565391459074733,0.44847584636449556,0.21382495398850457,57.143344709897605,57.143344709897605,3328,0.9751537956160784,84.73557692307693,0.6173209547996521,0.897,0.27170582226762,0.04295942720763723,0.3058542413381123,0.26289481413047505,100,0.3412969283276451,100,281,0.9590443686006825,495,282,0.962457337883959,988
1,akt2,boba_ucb,7017,117,0.016673792218896963,2560,116,0.8345905172413793,0.4502061222417832,0.21804614720793633,59.97435897435898,59.97435897435898,2816,0.9498361122987031,41.54829545454545,0.6479493975639343,0.53,0.11703360370799537,0.03418803418803419,0.29914529914529914,0.26495726495726496,100,0.8547008547008547,100,117,1.0,451,117,1.0,818
1,akt2,rabvs_budgeted_reliable,7017,117,0.016673792218896963,2560,116,0.8345905172413793,0.4502061222417832,0.21804614720793633,59.97435897435898,59.97435897435898,2816,0.9498361122987031,41.54829545454545,0.6433793306350708,0.774,0.10756123535676251,0.03418803418803419,0.29914529914529914,0.26495726495726496,92,0.7863247863247863,100,117,1.0,489,117,1.0,957
1,akt2,rabvs_budgeted_no_ucb,7017,117,0.016673792218896963,2560,117,0.8707264957264957,0.44977534620389087,0.21500414921345934,59.97435897435898,59.97435897435898,2816,0.9498361122987031,41.54829545454545,0.6439955234527588,0.8200000000000001,0.10813704496788008,0.042735042735042736,0.2905982905982906,0.24786324786324787,94,0.8034188034188035,100,117,1.0,492,117,1.0,957
2,akt2,boba_ucb,7017,117,0.016673792218896963,2560,115,0.8652173913043478,0.45010752794543607,0.21786236919521637,59.97435897435898,59.97435897435898,2816,0.9498361122987031,41.54829545454545,0.6486327648162842,0.522,0.11785297549591599,0.03133903133903134,0.301994301994302,0.2706552706552707,100,0.8547008547008547,100,117,1.0,443,117,1.0,816
2,akt2,rabvs_budgeted_reliable,7017,117,0.016673792218896963,2560,115,0.8652173913043478,0.45010752794543607,0.21786236919521637,59.97435897435898,59.97435897435898,2816,0.9498361122987031,41.54829545454545,0.6436848044395447,0.79,0.10676532769556026,0.03133903133903134,0.301994301994302,0.2706552706552707,92,0.7863247863247863,100,117,1.0,485,117,1.0,948
2,akt2,rabvs_budgeted_no_ucb,7017,117,0.016673792218896963,2560,117,0.8680555555555556,0.44953727932774273,0.2152687203059068,59.97435897435898,59.97435897435898,2816,0.9498361122987031,41.54829545454545,0.6445995569229126,0.81,0.10767590618336886,0.03133903133903134,0.301994301994302,0.2706552706552707,91,0.7777777777777778,100,117,1.0,486,117,1.0,952
1,aldr,boba_ucb,9159,159,0.017359973796265967,2560,157,0.82921974522293,0.44685601712906386,0.21471175801433484,57.60377358490566,57.60377358490566,3072,0.9580740255486406,51.7578125,0.6495261788368225,0.41800000000000004,0.16705882352941176,0.03711790393013101,0.31004366812227074,0.27292576419213976,100,0.6289308176100629,100,159,1.0,444,159,1.0,829
1,aldr,rabvs_budgeted_reliable,9159,159,0.017359973796265967,2560,157,0.82921974522293,0.44685601712906386,0.21471175801433484,57.60377358490566,44.455086136177194,3072,0.9580740255486406,51.7578125,0.6413897275924683,0.7070000000000001,0.14994720168954592,0.03711790393013101,0.31004366812227074,0.27292576419213976,79,0.4968553459119497,100,159,1.0,480,159,1.0,968
1,aldr,rabvs_budgeted_no_ucb,9159,159,0.017359973796265967,2560,159,0.862814465408805,0.4468585113152266,0.2122185584090078,57.60377358490566,45.707342083675144,3072,0.9580740255486406,51.7578125,0.6376122236251831,0.761,0.1488469601677149,0.05021834061135371,0.29694323144104806,0.24672489082969434,81,0.5094339622641509,100,159,1.0,488,159,1.0,979
2,aldr,boba_ucb,9159,159,0.017359973796265967,2560,154,0.8380681818181818,0.4473643049019724,0.2153601645429209,57.60377358490566,57.60377358490566,3072,0.9580740255486406,51.7578125,0.6483457684516907,0.42300000000000004,0.1632183908045977,0.05895196506550218,0.28820960698689957,0.2292576419213974,100,0.6289308176100629,100,159,1.0,452,159,1.0,839
2,aldr,rabvs_budgeted_reliable,9159,159,0.017359973796265967,2560,154,0.8380681818181818,0.4473643049019724,0.2153601645429209,57.60377358490566,45.707342083675144,3072,0.9580740255486406,51.106770833333336,0.6387701034545898,0.718,0.14705882352941177,0.05895196506550218,0.28820960698689957,0.2292576419213974,81,0.5094339622641509,100,157,0.9874213836477987,487,157,0.9874213836477987,973
2,aldr,rabvs_budgeted_no_ucb,9159,159,0.017359973796265967,2560,159,0.8580974842767296,0.4471749203953277,0.21262446049651354,57.60377358490566,47.58572600492207,3072,0.9580740255486406,51.7578125,0.6416603326797485,0.762,0.14994720168954592,0.07205240174672489,0.27510917030567683,0.20305676855895194,84,0.5283018867924528,100,159,1.0,490,159,1.0,973
1,ampc,boba_ucb,2898,48,0.016563146997929608,2560,48,0.8372395833333334,0.4470735942461815,0.2271652133922443,60.37499999999999,60.37499999999999,2675,0.8846187025534852,17.94392523364486,0.6617788672447205,0.5780000000000001,0.01788617886178862,0.10344827586206896,0.22758620689655173,0.12413793103448277,48,1.0,68,48,1.0,386,48,1.0,694
1,ampc,rabvs_budgeted_reliable,2898,48,0.016563146997929608,2560,48,0.8372395833333334,0.4470735942461815,0.2271652133922443,60.37499999999999,29.14655172413793,2675,0.8846187025534852,17.94392523364486,0.6564313173294067,0.72,0.017377567140600316,0.10344827586206896,0.22758620689655173,0.12413793103448277,40,0.8333333333333334,81,48,1.0,423,48,1.0,781
1,ampc,rabvs_budgeted_no_ucb,2898,48,0.016563146997929608,2560,48,0.84375,0.44622838005400417,0.2232858549494995,60.37499999999999,29.14655172413793,2675,0.8846187025534852,17.94392523364486,0.6526092290878296,0.739,0.01687116564417178,0.10344827586206896,0.22758620689655173,0.12413793103448277,40,0.8333333333333334,81,48,1.0,422,48,1.0,796
2,ampc,boba_ucb,2898,48,0.016563146997929608,2560,47,0.8643617021276596,0.4461909858192291,0.22480465097110763,60.37499999999999,60.37499999999999,2675,0.8846187025534852,17.94392523364486,0.6518709063529968,0.563,0.024834437086092714,0.09655172413793103,0.22758620689655173,0.1310344827586207,47,0.9791666666666666,69,48,1.0,369,48,1.0,687
2,ampc,rabvs_budgeted_reliable,2898,48,0.016563146997929608,2560,47,0.8643617021276596,0.4461909858192291,0.22480465097110763,60.37499999999999,29.14655172413793,2675,0.8846187025534852,17.570093457943923,0.6486687064170837,0.73,0.02197802197802198,0.09655172413793103,0.22758620689655173,0.1310344827586207,39,0.8125,77,47,0.9791666666666666,423,47,0.9791666666666666,773
2,ampc,rabvs_budgeted_no_ucb,2898,48,0.016563146997929608,2560,48,0.859375,0.445606639414359,0.22245584860637782,60.37499999999999,29.14655172413793,2675,0.8846187025534852,17.94392523364486,0.6504876613616943,0.744,0.022556390977443608,0.08275862068965517,0.2482758620689655,0.16551724137931034,40,0.8333333333333334,80,48,1.0,420,48,1.0,799
1,andr,boba_ucb,14619,269,0.01840071140296874,2560,232,0.7992995689655172,0.4469818902040538,0.21762274459469502,54.3457249070632,54.3457249070632,3328,0.9715438812504276,78.42548076923077,0.6407689452171326,0.45499999999999996,0.2753128555176337,0.09028727770177838,0.2749658002735978,0.1846785225718194,100,0.37174721189591076,100,253,0.9405204460966543,466,261,0.9702602230483272,866
1,andr,rabvs_budgeted_reliable,14619,269,0.01840071140296874,2560,232,0.7992995689655172,0.4469818902040538,0.21762274459469502,54.3457249070632,46.90110505678057,3328,0.9715438812504276,78.125,0.6354302763938904,0.607,0.2580299785867238,0.09028727770177838,0.2749658002735978,0.1846785225718194,100,0.37174721189591076,100,253,0.9405204460966543,480,260,0.966542750929368,931
1,andr,rabvs_budgeted_no_ucb,14619,269,0.01840071140296874,2560,262,0.799618320610687,0.446405289635228,0.21460790352365292,54.3457249070632,48.76226001935123,3328,0.9715438812504276,79.32692307692307,0.6387225985527039,0.619,0.2620320855614973,0.07660738714090287,0.28454172366621067,0.2079343365253078,100,0.37174721189591076,100,263,0.9776951672862454,474,264,0.9814126394052045,943
2,andr,boba_ucb,14619,269,0.01840071140296874,2560,238,0.7633928571428571,0.4459768904665258,0.21664792216304662,54.3457249070632,54.3457249070632,3328,0.9715438812504276,79.62740384615384,0.6483259797096252,0.43999999999999995,0.28225806451612906,0.07797537619699042,0.2872777017783858,0.2093023255813954,100,0.37174721189591076,100,258,0.9591078066914498,466,265,0.9851301115241635,865
2,andr,rabvs_budgeted_reliable,14619,269,0.01840071140296874,2560,238,0.7633928571428571,0.4459768904665258,0.21664792216304662,54.3457249070632,48.017798034322965,3328,0.9715438812504276,78.72596153846153,0.641325831413269,0.607,0.26327193932827736,0.07797537619699042,0.2872777017783858,0.2093023255813954,100,0.37174721189591076,100,256,0.9516728624535316,476,262,0.9739776951672863,933
2,andr,rabvs_budgeted_no_ucb,14619,269,0.01840071140296874,2560,264,0.8072916666666666,0.4464531237627099,0.21530825691582373,54.3457249070632,49.13449101186536,3328,0.9715438812504276,79.92788461538461,0.6377305388450623,0.61,0.2647374062165059,0.08618331053351573,0.27906976744186046,0.19288645690834472,100,0.37174721189591076,100,266,0.9888475836431226,478,266,0.9888475836431226,942
1,aofb,boba_ucb,7022,122,0.017373967530618057,2560,104,0.7842548076923077,0.44611546382221406,0.21991903000819732,57.55737704918033,57.55737704918033,2816,0.9498718313870692,42.61363636363636,0.7058231234550476,0.44599999999999995,0.12189054726368159,0.10795454545454546,0.23076923076923078,0.12281468531468533,99,0.8114754098360656,100,117,0.9590163934426229,462,120,0.9836065573770492,838
1,aofb,rabvs_budgeted_reliable,7022,122,0.017373967530618057,2560,104,0.7842548076923077,0.44611546382221406,0.21991903000819732,57.55737704918033,31.24543325526932,2816,0.9498718313870692,42.25852272727273,0.7074015140533447,0.626,0.10898876404494381,0.10795454545454546,0.23076923076923078,0.12281468531468533,58,0.47540983606557374,99,117,0.9590163934426229,479,119,0.9754098360655737,945
1,aofb,rabvs_budgeted_no_ucb,7022,122,0.017373967530618057,2560,121,0.7985537190082644,0.4455660452798067,0.21872065389743686,57.55737704918033,34.5344262295082,2816,0.9498718313870692,43.32386363636364,0.6976760029792786,0.627,0.1122334455667789,0.09090909090909091,0.2535612535612536,0.16265216265216267,44,0.36065573770491804,99,121,0.9918032786885246,470,122,1.0,945
2,aofb,boba_ucb,7022,122,0.017373967530618057,2560,114,0.7033991228070176,0.4459564767165042,0.22205832788686683,57.55737704918033,57.55737704918033,2816,0.9498718313870692,42.61363636363636,0.6937006115913391,0.46199999999999997,0.12095808383233533,0.10227272727272728,0.23646723646723647,0.1341945091945092,99,0.8114754098360656,100,118,0.9672131147540983,461,120,0.9836065573770492,865
2,aofb,rabvs_budgeted_reliable,7022,122,0.017373967530618057,2560,114,0.7033991228070176,0.4459564767165042,0.22205832788686683,57.55737704918033,33.71217798594848,2816,0.9498718313870692,42.25852272727273,0.6944769024848938,0.611,0.1124859392575928,0.10227272727272728,0.23646723646723647,0.1341945091945092,43,0.3524590163934426,99,117,0.9590163934426229,474,119,0.9754098360655737,932
2,aofb,rabvs_budgeted_no_ucb,7022,122,0.017373967530618057,2560,121,0.793904958677686,0.44522145914899997,0.21985584721685783,57.55737704918033,34.5344262295082,2816,0.9498718313870692,43.32386363636364,0.678035318851471,0.645,0.11469933184855234,0.07954545454545454,0.2678062678062678,0.1882608132608133,44,0.36065573770491804,99,121,0.9918032786885246,470,122,1.0,933
1,bace1,boba_ucb,18383,283,0.015394658108034597,2560,248,0.7182459677419355,0.4527599784038565,0.22113467224231617,64.95759717314488,64.95759717314488,3584,0.9756296578360442,77.84598214285714,0.5911668539047241,0.594,0.27074688796680496,0.043478260869565216,0.2622415669205658,0.2187633060510006,100,0.35335689045936397,100,277,0.9787985865724381,457,279,0.9858657243816255,889
1,bace1,rabvs_budgeted_reliable,18383,283,0.015394658108034597,2560,248,0.7182459677419355,0.4527599784038565,0.22113467224231617,64.95759717314488,64.95759717314488,3584,0.9756296578360442,77.84598214285714,0.5896599292755127,0.792,0.2690721649484536,0.043478260869565216,0.2622415669205658,0.2187633060510006,100,0.35335689045936397,100,278,0.9823321554770318,474,279,0.9858657243816255,947
1,bace1,rabvs_budgeted_no_ucb,18383,283,0.015394658108034597,2560,280,0.8426339285714286,0.45247026286640274,0.2183096069923651,64.95759717314488,64.95759717314488,3584,0.9756296578360442,78.40401785714286,0.5925163626670837,0.834,0.2714138286893705,0.04021739130434782,0.2676822633297062,0.22746487202535837,100,0.35335689045936397,100,280,0.9893992932862191,482,281,0.9929328621908127,972
2,bace1,boba_ucb,18383,283,0.015394658108034597,2560,265,0.8023584905660377,0.4525720825947075,0.22163820074088497,64.95759717314488,64.95759717314488,3584,0.9756296578360442,77.56696428571429,0.5852495431900024,0.608,0.26990692864529475,0.035869565217391305,0.2676822633297062,0.23181269811231486,100,0.35335689045936397,100,272,0.9611307420494699,472,278,0.9823321554770318,890
2,bace1,rabvs_budgeted_reliable,18383,283,0.015394658108034597,2560,265,0.8023584905660377,0.4525720825947075,0.22163820074088497,64.95759717314488,64.95759717314488,3584,0.9756296578360442,77.56696428571429,0.5823400020599365,0.796,0.2671443193449335,0.035869565217391305,0.2676822633297062,0.23181269811231486,100,0.35335689045936397,100,273,0.9646643109540636,482,278,0.9823321554770318,962
2,bace1,rabvs_budgeted_no_ucb,18383,283,0.015394658108034597,2560,276,0.8297101449275363,0.4526220540863365,0.21851521986693911,64.95759717314488,64.95759717314488,3584,0.9756296578360442,77.84598214285714,0.58576899766922,0.844,0.26899383983572894,0.03908794788273615,0.2668845315904139,0.22779658370767777,100,0.35335689045936397,100,277,0.9787985865724381,482,279,0.9858657243816255,970
1,braf,boba_ucb,10102,152,0.01504652544050683,2560,147,0.8720238095238095,0.453647943659758,0.22131797800272884,66.46052631578948,66.46052631578948,3072,0.9619877252029301,48.828125,0.6058967709541321,0.628,0.13987473903966596,0.017786561264822136,0.27920792079207923,0.2614213595272571,100,0.6578947368421053,100,149,0.9802631578947368,487,150,0.9868421052631579,948
1,braf,rabvs_budgeted_reliable,10102,152,0.01504652544050683,2560,147,0.8720238095238095,0.453647943659758,0.22131797800272884,66.46052631578948,66.46052631578948,3072,0.9619877252029301,48.502604166666664,0.6034833788871765,0.889,0.1362704918032787,0.017786561264822136,0.27920792079207923,0.2614213595272571,100,0.6578947368421053,100,149,0.9802631578947368,497,149,0.9802631578947368,990
1,braf,rabvs_budgeted_no_ucb,10102,152,0.01504652544050683,2560,150,0.86875,0.4528509598549505,0.21598876214409393,66.46052631578948,66.46052631578948,3072,0.9619877252029301,49.153645833333336,0.6054726243019104,0.911,0.1377551020408163,0.015810276679841896,0.2851485148514851,0.2693382381716432,100,0.6578947368421053,100,151,0.993421052631579,500,151,0.993421052631579,992
2,braf,boba_ucb,10102,152,0.01504652544050683,2560,150,0.8679166666666667,0.45301578981550017,0.22013231652424342,66.46052631578948,66.46052631578948,3072,0.9619877252029301,49.153645833333336,0.6053473949432373,0.597,0.13989637305699482,0.015810276679841896,0.28316831683168314,0.2673580401518412,100,0.6578947368421053,100,151,0.993421052631579,488,151,0.993421052631579,946
2,braf,rabvs_budgeted_reliable,10102,152,0.01504652544050683,2560,150,0.8679166666666667,0.45301578981550017,0.22013231652424342,66.46052631578948,66.46052631578948,3072,0.9619877252029301,49.153645833333336,0.6014822721481323,0.874,0.1377551020408163,0.015810276679841896,0.28316831683168314,0.2673580401518412,100,0.6578947368421053,100,151,0.993421052631579,499,151,0.993421052631579,994
2,braf,rabvs_budgeted_no_ucb,10102,152,0.01504652544050683,2560,151,0.8721026490066225,0.45251610255604663,0.21627817803815882,66.46052631578948,66.46052631578948,3072,0.9619877252029301,49.153645833333336,0.607230007648468,0.894,0.13817809621289662,0.015810276679841896,0.28316831683168314,0.2673580401518412,100,0.6578947368421053,100,151,0.993421052631579,499,151,0.993421052631579,995
1,cah2,boba_ucb,31664,492,0.015538150581101567,2560,353,0.7935552407932012,0.45501247327160405,0.2198582909533497,64.35772357723577,64.35772357723577,4096,0.9838302172814553,119.62890625,0.5644437670707703,0.398,0.5131578947368421,0.04040404040404041,0.2697409981048642,0.22933695770082377,100,0.2032520325203252,100,483,0.9817073170731707,499,490,0.9959349593495935,881
1,cah2,rabvs_budgeted_reliable,31664,492,0.015538150581101567,2560,353,0.7935552407932012,0.45501247327160405,0.2198582909533497,64.35772357723577,61.718447846939036,4096,0.9838302172814553,119.384765625,0.5749598145484924,0.617,0.48900523560209425,0.04040404040404041,0.2697409981048642,0.22933695770082377,100,0.2032520325203252,100,469,0.9532520325203252,500,489,0.9939024390243902,970
1,cah2,rabvs_budgeted_no_ucb,31664,492,0.015538150581101567,2560,488,0.8397797131147541,0.4539075804935836,0.21646860460964754,64.35772357723577,63.95168115719012,4096,0.9838302172814553,119.140625,0.5847018957138062,0.669,0.48190279214064113,0.025883838383838384,0.2830069488313329,0.25712311044749453,100,0.2032520325203252,100,485,0.9857723577235772,500,488,0.991869918699187,987
2,cah2,boba_ucb,31664,492,0.015538150581101567,2560,308,0.867288961038961,0.45529054326761903,0.22131950785181653,64.35772357723577,64.35772357723577,4096,0.9838302172814553,119.384765625,0.574027955532074,0.378,0.50764192139738,0.06060606060606061,0.2488945041061276,0.188288443500067,100,0.2032520325203252,100,479,0.9735772357723578,497,489,0.9939024390243902,877
2,cah2,rabvs_budgeted_reliable,31664,492,0.015538150581101567,2560,308,0.867288961038961,0.45529054326761903,0.22131950785181653,64.35772357723577,61.92146905696186,4096,0.9838302172814553,119.140625,0.577689528465271,0.5569999999999999,0.48434237995824636,0.06060606060606061,0.2488945041061276,0.188288443500067,100,0.2032520325203252,100,466,0.9471544715447154,500,488,0.991869918699187,959
2,cah2,rabvs_budgeted_no_ucb,31664,492,0.015538150581101567,2560,490,0.8373724489795918,0.45391406387044103,0.21668812101633908,64.35772357723577,63.34261752712164,4096,0.9838302172814553,119.62890625,0.5808382034301758,0.645,0.48440748440748443,0.025883838383838384,0.28363866077068856,0.25775482238685016,100,0.2032520325203252,100,480,0.975609756097561,500,490,0.9959349593495935,977
1,casp3,boba_ucb,10899,199,0.018258555830810166,2560,187,0.8168449197860963,0.44840162798014466,0.21717899460949977,54.768844221105525,54.768844221105525,3072,0.964767409854115,64.77864583333333,0.6069222092628479,0.5609999999999999,0.19153439153439153,0.03486238532110092,0.3302752293577982,0.29541284403669726,100,0.5025125628140703,100,198,0.9949748743718593,470,199,1.0,931
1,casp3,rabvs_budgeted_reliable,10899,199,0.018258555830810166,2560,187,0.8168449197860963,0.44840162798014466,0.21717899460949977,54.768844221105525,54.26637776036144,3072,0.964767409854115,64.453125,0.6027719974517822,0.833,0.18499486125385406,0.03486238532110092,0.3302752293577982,0.29541284403669726,100,0.5025125628140703,100,198,0.9949748743718593,493,198,0.9949748743718593,985
1,casp3,rabvs_budgeted_no_ucb,10899,199,0.018258555830810166,2560,199,0.8489321608040201,0.44789212927780614,0.2137291299652392,54.768844221105525,54.768844221105525,3072,0.964767409854115,64.77864583333333,0.6001924872398376,0.837,0.18583162217659138,0.03669724770642202,0.3284403669724771,0.29174311926605506,100,0.5025125628140703,100,199,1.0,495,199,1.0,991
2,casp3,boba_ucb,10899,199,0.018258555830810166,2560,185,0.8523648648648648,0.44893167405489487,0.21866207853072006,54.768844221105525,54.768844221105525,3072,0.964767409854115,63.15104166666667,0.6050779819488525,0.514,0.1863157894736842,0.03669724770642202,0.3192660550458716,0.28256880733944956,100,0.5025125628140703,100,193,0.9698492462311558,485,194,0.9748743718592965,955
2,casp3,rabvs_budgeted_reliable,10899,199,0.018258555830810166,2560,185,0.8523648648648648,0.44893167405489487,0.21866207853072006,54.768844221105525,53.763911299617355,3072,0.964767409854115,63.15104166666667,0.6012818217277527,0.819,0.18153846153846154,0.03669724770642202,0.3192660550458716,0.28256880733944956,100,0.5025125628140703,100,192,0.964824120603015,492,194,0.9748743718592965,988
2,casp3,rabvs_budgeted_no_ucb,10899,199,0.018258555830810166,2560,198,0.8535353535353535,0.4477915865138479,0.21378296049874523,54.768844221105525,54.768844221105525,3072,0.964767409854115,64.453125,0.604605495929718,0.841,0.18545081967213115,0.03853211009174312,0.326605504587156,0.28807339449541286,100,0.5025125628140703,100,198,0.9949748743718593,494,198,0.9949748743718593,992
1,cdk2,boba_ucb,28324,474,0.01673492444569976,2560,347,0.590057636887608,0.4529032734834937,0.22522239800782703,59.755274261603375,59.755274261603375,4096,0.9819234571388222,98.6328125,0.5790092945098877,0.5529999999999999,0.40207253886010363,0.0748059280169372,0.24505649717514125,0.17025056915820405,100,0.2109704641350211,100,361,0.7616033755274262,495,404,0.8523206751054853,956
1,cdk2,rabvs_budgeted_reliable,28324,474,0.01673492444569976,2560,347,0.590057636887608,0.4529032734834937,0.22522239800782703,59.755274261603375,47.93090903669246,4096,0.9819234571388222,100.830078125,0.576957106590271,0.622,0.40970072239422084,0.0748059280169372,0.24505649717514125,0.17025056915820405,100,0.2109704641350211,100,331,0.6983122362869199,496,413,0.8713080168776371,974
1,cdk2,rabvs_budgeted_no_ucb,28324,474,0.01673492444569976,2560,405,0.7,0.45275611437868896,0.22300973931065135,59.755274261603375,51.73159785898525,4096,0.9819234571388222,103.02734375,0.5784605145454407,0.649,0.4215991692627207,0.0776287932251235,0.24152542372881355,0.16389663050369005,100,0.2109704641350211,100,336,0.7088607594936709,496,422,0.890295358649789,966
2,cdk2,boba_ucb,28324,474,0.01673492444569976,2560,328,0.7219893292682927,0.4528919177707074,0.2255016091998125,59.755274261603375,59.755274261603375,4096,0.9819234571388222,96.6796875,0.5767214298248291,0.587,0.39460020768431986,0.07974594213126324,0.2323446327683616,0.15259869063709836,100,0.2109704641350211,100,354,0.7468354430379747,498,396,0.8354430379746836,960
2,cdk2,rabvs_budgeted_reliable,28324,474,0.01673492444569976,2560,328,0.7219893292682927,0.4528919177707074,0.2255016091998125,59.755274261603375,50.464701584887656,4096,0.9819234571388222,97.16796875,0.5755091905593872,0.655,0.39462809917355374,0.07974594213126324,0.2323446327683616,0.15259869063709836,100,0.2109704641350211,100,306,0.6455696202531646,499,398,0.8396624472573839,970
2,cdk2,rabvs_budgeted_no_ucb,28324,474,0.01673492444569976,2560,386,0.7645725388601037,0.4532233668629999,0.22235575272790956,59.755274261603375,51.942747238001516,4096,0.9819234571388222,96.6796875,0.5741735696792603,0.6679999999999999,0.39337474120082816,0.07551164431898377,0.2231638418079096,0.14765219748892583,100,0.2109704641350211,100,359,0.7573839662447257,494,396,0.8354430379746836,963
1,comt,boba_ucb,3891,41,0.010537136982780776,2560,41,0.8689024390243902,0.46095864291507765,0.22465065398755296,94.90243902439025,94.90243902439025,2715,0.9127794911333847,15.101289134438307,0.6816548705101013,0.525,0.011904761904761904,0.005128205128205128,0.20512820512820512,0.19999999999999998,41,1.0,59,41,1.0,369,41,1.0,738
1,comt,rabvs_budgeted_reliable,3891,41,0.010537136982780776,2560,41,0.8689024390243902,0.46095864291507765,0.22465065398755296,94.90243902439025,87.60225140712946,2715,0.9127794911333847,15.101289134438307,0.6830264925956726,0.7090000000000001,0.011508951406649617,0.005128205128205128,0.20512820512820512,0.19999999999999998,41,1.0,70,41,1.0,432,41,1.0,854
1,comt,rabvs_budgeted_no_ucb,3891,41,0.010537136982780776,2560,41,0.875,0.4610714765664157,0.22499736524413422,94.90243902439025,87.60225140712946,2715,0.9127794911333847,15.101289134438307,0.6876506209373474,0.716,0.011764705882352941,0.005128205128205128,0.20512820512820512,0.19999999999999998,41,1.0,69,41,1.0,432,41,1.0,831
2,comt,boba_ucb,3891,41,0.010537136982780776,2560,41,0.875,0.4609403238170037,0.22424081159943055,94.90243902439025,94.90243902439025,2715,0.9127794911333847,15.101289134438307,0.6917040944099426,0.507,0.009138381201044387,0.005128205128205128,0.20512820512820512,0.19999999999999998,41,1.0,59,41,1.0,393,41,1.0,758
2,comt,rabvs_budgeted_reliable,3891,41,0.010537136982780776,2560,41,0.875,0.4609403238170037,0.22424081159943055,94.90243902439025,85.1688555347092,2715,0.9127794911333847,15.101289134438307,0.6854794025421143,0.714,0.008816120906801008,0.005128205128205128,0.20512820512820512,0.19999999999999998,41,1.0,69,41,1.0,441,41,1.0,870
2,comt,rabvs_budgeted_no_ucb,3891,41,0.010537136982780776,2560,41,0.875,0.46117328462745466,0.22446187131655218,94.90243902439025,87.60225140712946,2715,0.9127794911333847,15.101289134438307,0.6853682994842529,0.7170000000000001,0.009114583333333334,0.005128205128205128,0.20512820512820512,0.19999999999999998,41,1.0,69,41,1.0,438,41,1.0,845
1,cp2c9,boba_ucb,7570,120,0.015852047556142668,2560,97,0.779639175257732,0.4520175747357468,0.22762338642900215,63.083333333333336,63.083333333333336,2816,0.9535006605019815,40.48295454545455,0.6200605630874634,0.562,0.107981220657277,0.09762532981530343,0.19576719576719576,0.09814186595189232,95,0.7916666666666666,82,108,0.9,426,114,0.95,827
1,cp2c9,rabvs_budgeted_reliable,7570,120,0.015852047556142668,2560,97,0.779639175257732,0.4520175747357468,0.22762338642900215,63.083333333333336,39.8421052631579,2816,0.9535006605019815,37.997159090909086,0.6196296811103821,0.781,0.09460946094609461,0.09762532981530343,0.19576719576719576,0.09814186595189232,49,0.4083333333333333,100,106,0.8833333333333333,456,107,0.8916666666666667,924
1,cp2c9,rabvs_budgeted_no_ucb,7570,120,0.015852047556142668,2560,115,0.7940217391304348,0.45028388220464227,0.22579482829851155,63.083333333333336,43.99232456140351,2816,0.9535006605019815,41.19318181818181,0.6158066391944885,0.754,0.10621468926553672,0.06596306068601583,0.24074074074074073,0.17477768005472488,56,0.4666666666666667,100,116,0.9666666666666667,446,116,0.9666666666666667,913
2,cp2c9,boba_ucb,7570,120,0.015852047556142668,2560,104,0.7331730769230769,0.45156042625216797,0.22742055533135955,63.083333333333336,63.083333333333336,2816,0.9535006605019815,40.83806818181819,0.6244790554046631,0.534,0.11124546553808948,0.09234828496042216,0.2037037037037037,0.11135541874328153,93,0.775,83,110,0.9166666666666666,423,115,0.9583333333333334,819
2,cp2c9,rabvs_budgeted_reliable,7570,120,0.015852047556142668,2560,104,0.7331730769230769,0.45156042625216797,0.22742055533135955,63.083333333333336,39.012061403508774,2816,0.9535006605019815,39.41761363636364,0.6235333681106567,0.749,0.1,0.09234828496042216,0.2037037037037037,0.11135541874328153,47,0.39166666666666666,100,110,0.9166666666666666,451,111,0.925,921
2,cp2c9,rabvs_budgeted_no_ucb,7570,120,0.015852047556142668,2560,115,0.7668478260869566,0.45061828087699496,0.22421425125461053,63.083333333333336,43.99232456140351,2816,0.9535006605019815,41.19318181818181,0.6229116320610046,0.748,0.10426008968609865,0.10817941952506596,0.1984126984126984,0.09023327888763244,54,0.45,100,115,0.9583333333333334,442,116,0.9666666666666667,920
1,cp3a4,boba_ucb,11970,170,0.014202172096908938,2560,134,0.6263992537313433,0.45505030847422995,0.23269895728280637,70.41176470588236,68.6514705882353,3072,0.9679197994987468,50.455729166666664,0.6076298952102661,0.659,0.15191256830601094,0.07011686143572621,0.19063545150501673,0.12051859006929053,100,0.5882352941176471,100,151,0.888235294117647,475,155,0.9117647058823529,915
1,cp3a4,rabvs_budgeted_reliable,11970,170,0.014202172096908938,2560,134,0.6263992537313433,0.45505030847422995,0.23269895728280637,70.41176470588236,61.610294117647065,3072,0.9679197994987468,50.455729166666664,0.6078541278839111,0.753,0.14866310160427806,0.07011686143572621,0.19063545150501673,0.12051859006929053,99,0.5823529411764706,100,149,0.8764705882352941,488,155,0.9117647058823529,944
1,cp3a4,rabvs_budgeted_no_ucb,11970,170,0.014202172096908938,2560,155,0.7620967741935484,0.4548835652360934,0.22838893995507914,70.41176470588236,65.13088235294119,3072,0.9679197994987468,52.408854166666664,0.6131577491760254,0.774,0.15574650912996776,0.07846410684474124,0.1939799331103679,0.11551582626562666,100,0.5882352941176471,100,155,0.9117647058823529,486,161,0.9470588235294117,949
2,cp3a4,boba_ucb,11970,170,0.014202172096908938,2560,132,0.6472537878787878,0.4548614612119643,0.23070025084718945,70.41176470588236,69.825,3072,0.9679197994987468,50.78125,0.6045865416526794,0.653,0.15167930660888407,0.07512520868113523,0.18864774624373956,0.11352253756260433,100,0.5882352941176471,100,142,0.8352941176470589,474,156,0.9176470588235294,917
2,cp3a4,rabvs_budgeted_reliable,11970,170,0.014202172096908938,2560,132,0.6472537878787878,0.4548614612119643,0.23070025084718945,70.41176470588236,63.37058823529412,3072,0.9679197994987468,50.78125,0.6012780070304871,0.768,0.14925373134328357,0.07512520868113523,0.18864774624373956,0.11352253756260433,100,0.5882352941176471,100,143,0.8411764705882353,488,156,0.9176470588235294,952
2,cp3a4,rabvs_budgeted_no_ucb,11970,170,0.014202172096908938,2560,147,0.7482993197278912,0.45500029186518026,0.22891208840120478,70.41176470588236,65.13088235294119,3072,0.9679197994987468,53.385416666666664,0.5993563532829285,0.766,0.15727948990435706,0.0667779632721202,0.20735785953177258,0.1405798962596524,100,0.5882352941176471,100,150,0.8823529411764706,492,164,0.9647058823529412,957
1,csf1r,boba_ucb,12315,166,0.013479496548924077,2560,147,0.8316326530612245,0.4560847560103293,0.22539532832947273,74.1867469879518,74.1867469879518,3072,0.9688185140073081,53.385416666666664,0.6057151556015015,0.583,0.15828877005347594,0.05519480519480519,0.21103896103896103,0.15584415584415584,100,0.6024096385542169,100,164,0.9879518072289156,481,164,0.9879518072289156,941
1,csf1r,rabvs_budgeted_reliable,12315,166,0.013479496548924077,2560,147,0.8316326530612245,0.4560847560103293,0.22539532832947273,74.1867469879518,66.3458712900382,3072,0.9688185140073081,53.385416666666664,0.5980802178382874,0.8240000000000001,0.15513626834381553,0.05519480519480519,0.21103896103896103,0.15584415584415584,100,0.6024096385542169,100,163,0.9819277108433735,488,164,0.9879518072289156,977
1,csf1r,rabvs_budgeted_no_ucb,12315,166,0.013479496548924077,2560,164,0.8567073170731707,0.4556179161175679,0.22180138211655967,74.1867469879518,69.96473699676756,3072,0.9688185140073081,53.7109375,0.6025593280792236,0.854,0.1550468262226847,0.05032467532467533,0.2159090909090909,0.16558441558441558,100,0.6024096385542169,100,164,0.9879518072289156,492,165,0.9939759036144579,984
2,csf1r,boba_ucb,12315,166,0.013479496548924077,2560,159,0.8081761006289309,0.456002633113054,0.22467937511716493,74.1867469879518,74.1867469879518,3072,0.9688185140073081,53.059895833333336,0.6080257892608643,0.595,0.15654952076677317,0.04383116883116883,0.22077922077922077,0.17694805194805194,100,0.6024096385542169,100,161,0.9698795180722891,482,163,0.9819277108433735,926
2,csf1r,rabvs_budgeted_reliable,12315,166,0.013479496548924077,2560,159,0.8081761006289309,0.456002633113054,0.22467937511716493,74.1867469879518,68.75844842785777,3072,0.9688185140073081,53.059895833333336,0.5991026163101196,0.831,0.15201654601861428,0.04383116883116883,0.22077922077922077,0.17694805194805194,100,0.6024096385542169,100,163,0.9819277108433735,492,163,0.9819277108433735,982
2,csf1r,rabvs_budgeted_no_ucb,12315,166,0.013479496548924077,2560,163,0.8500766871165644,0.4553887824583764,0.2219964033264036,74.1867469879518,69.96473699676756,3072,0.9688185140073081,53.059895833333336,0.6044524312019348,0.857,0.1518595041322314,0.04220779220779221,0.2224025974025974,0.18019480519480519,100,0.6024096385542169,100,163,0.9819277108433735,493,163,0.9819277108433735,986
1,cxcr4,boba_ucb,3446,40,0.011607661056297156,2560,40,0.8671875,0.4582130090938635,0.22366715798907827,86.15,86.15,2697,0.9021691816598956,14.831294030404154,0.6761209964752197,0.637,0.017543859649122806,0.028901734104046242,0.20348837209302326,0.174586637988977,40,1.0,80,40,1.0,383,40,1.0,730
1,cxcr4,rabvs_budgeted_reliable,3446,40,0.011607661056297156,2560,40,0.8671875,0.4582130090938635,0.22366715798907827,86.15,68.41323529411764,2697,0.9021691816598956,14.831294030404154,0.6801288723945618,0.791,0.015978695073235686,0.028901734104046242,0.20348837209302326,0.174586637988977,40,1.0,81,40,1.0,463,40,1.0,877
1,cxcr4,rabvs_budgeted_no_ucb,3446,40,0.011607661056297156,2560,40,0.875,0.4580251035469888,0.2231708090529628,86.15,68.41323529411764,2697,0.9021691816598956,14.831294030404154,0.6758637428283691,0.813,0.015873015873015872,0.028901734104046242,0.20348837209302326,0.174586637988977,40,1.0,83,40,1.0,463,40,1.0,880
2,cxcr4,boba_ucb,3446,40,0.011607661056297156,2560,40,0.8625,0.4580406803854204,0.223879796570563,86.15,86.15,2697,0.9021691816598956,14.831294030404154,0.6732208728790283,0.645,0.023529411764705882,0.017341040462427744,0.21511627906976744,0.1977752386073397,40,1.0,81,40,1.0,391,40,1.0,720
2,cxcr4,rabvs_budgeted_reliable,3446,40,0.011607661056297156,2560,40,0.8625,0.4580406803854204,0.223879796570563,86.15,63.34558823529412,2697,0.9021691816598956,14.831294030404154,0.6817613840103149,0.8029999999999999,0.02127659574468085,0.017341040462427744,0.21511627906976744,0.1977752386073397,40,1.0,83,40,1.0,467,40,1.0,875
2,cxcr4,rabvs_budgeted_no_ucb,3446,40,0.011607661056297156,2560,40,0.875,0.45750484243652284,0.22174802229940813,86.15,63.34558823529412,2697,0.9021691816598956,14.831294030404154,0.6779548525810242,0.8200000000000001,0.020752269779507133,0.017341040462427744,0.21511627906976744,0.1977752386073397,40,1.0,83,40,1.0,470,40,1.0,884
1,def,boba_ucb,5802,102,0.017580144777662874,2560,101,0.8564356435643564,0.4477011148299528,0.21334859285991,56.88235294117647,56.88235294117647,2792,0.9398483281627025,36.532951289398284,0.6309274435043335,0.472,0.07393939393939394,0.044673539518900345,0.30689655172413793,0.2622230122052376,100,0.9803921568627451,67,102,1.0,397,102,1.0,818
1,def,rabvs_budgeted_reliable,5802,102,0.017580144777662874,2560,101,0.8564356435643564,0.4477011148299528,0.21334859285991,56.88235294117647,50.99797160243408,2792,0.9398483281627025,36.532951289398284,0.6271877288818359,0.756,0.06808035714285714,0.044673539518900345,0.30689655172413793,0.2622230122052376,88,0.8627450980392157,75,102,1.0,456,102,1.0,925
1,def,rabvs_budgeted_no_ucb,5802,102,0.017580144777662874,2560,102,0.8743872549019608,0.44732135061392636,0.2118804309537154,56.88235294117647,50.99797160243408,2792,0.9398483281627025,36.532951289398284,0.6331973075866699,0.764,0.0683090705487122,0.020618556701030927,0.3310344827586207,0.3104159260575898,90,0.8823529411764706,73,102,1.0,454,102,1.0,919
2,def,boba_ucb,5802,102,0.017580144777662874,2560,100,0.846875,0.44800129511965403,0.2134104555303263,56.88235294117647,56.88235294117647,2792,0.9398483281627025,36.532951289398284,0.6225107312202454,0.46599999999999997,0.08121212121212121,0.03436426116838488,0.31724137931034485,0.28287711814196,100,0.9803921568627451,68,102,1.0,403,102,1.0,792
2,def,rabvs_budgeted_reliable,5802,102,0.017580144777662874,2560,100,0.846875,0.44800129511965403,0.2134104555303263,56.88235294117647,54.920892494929014,2792,0.9398483281627025,36.532951289398284,0.6195507645606995,0.766,0.07266811279826464,0.03436426116838488,0.31724137931034485,0.28287711814196,94,0.9215686274509803,72,102,1.0,457,102,1.0,933
2,def,rabvs_budgeted_no_ucb,5802,102,0.017580144777662874,2560,102,0.8737745098039216,0.4472965422265608,0.2114127435760073,47.40196078431373,53.94016227180528,2792,0.9398483281627025,36.532951289398284,0.6293940544128418,0.783,0.07282608695652174,0.030927835051546393,0.32068965517241377,0.2897618201208674,94,0.9215686274509803,70,102,1.0,456,102,1.0,931
1,dhi1,boba_ucb,19680,330,0.01676829268292683,2560,211,0.7485189573459715,0.4512795828837727,0.22225950960697682,59.63636363636363,59.63636363636363,3584,0.9772357723577236,89.28571428571429,0.5919499397277832,0.7150000000000001,0.3247863247863248,0.10772357723577236,0.22560975609756098,0.11788617886178862,100,0.30303030303030304,100,287,0.8696969696969697,480,320,0.9696969696969697,914
1,dhi1,rabvs_budgeted_reliable,19680,330,0.01676829268292683,2560,211,0.7485189573459715,0.4512795828837727,0.22225950960697682,59.63636363636363,59.63636363636363,3584,0.9772357723577236,89.56473214285714,0.590283989906311,0.8,0.319706498951782,0.10772357723577236,0.22560975609756098,0.11788617886178862,100,0.30303030303030304,100,302,0.9151515151515152,490,321,0.9727272727272728,947
1,dhi1,rabvs_budgeted_no_ucb,19680,330,0.01676829268292683,2560,322,0.7738742236024845,0.4505202481062517,0.21862685005485435,59.63636363636363,59.63636363636363,3584,0.9772357723577236,90.68080357142857,0.5901093482971191,0.792,0.32526315789473687,0.09146341463414634,0.23983739837398374,0.1483739837398374,100,0.30303030303030304,100,320,0.9696969696969697,491,325,0.9848484848484849,951
2,dhi1,boba_ucb,19680,330,0.01676829268292683,2560,270,0.6993055555555555,0.4505236316235598,0.22098588937654245,59.63636363636363,59.63636363636363,3584,0.9772357723577236,90.68080357142857,0.5947231650352478,0.736,0.32802547770700635,0.08231707317073171,0.25203252032520324,0.1697154471544715,100,0.30303030303030304,100,304,0.9212121212121213,484,325,0.9848484848484849,923
2,dhi1,rabvs_budgeted_reliable,19680,330,0.01676829268292683,2560,270,0.6993055555555555,0.4505236316235598,0.22098588937654245,59.63636363636363,59.63636363636363,3584,0.9772357723577236,90.68080357142857,0.5901408195495605,0.8,0.3245798319327731,0.08231707317073171,0.25203252032520324,0.1697154471544715,100,0.30303030303030304,100,308,0.9333333333333333,491,325,0.9848484848484849,950
2,dhi1,rabvs_budgeted_no_ucb,19680,330,0.01676829268292683,2560,322,0.7956133540372671,0.45039435436704256,0.21828128475514816,59.63636363636363,59.63636363636363,3584,0.9772357723577236,91.23883928571429,0.5883347988128662,0.795,0.3297985153764581,0.08223350253807106,0.25101626016260165,0.1687827576245306,100,0.30303030303030304,100,321,0.9727272727272728,492,327,0.990909090909091,936
1,dpp4,boba_ucb,41482,533,0.012848946531025505,2560,335,0.7686567164179104,0.45978212303400046,0.22490128626482775,77.82739212007505,77.45232035082167,4608,0.9861144592835447,112.41319444444444,0.5350616574287415,0.644,0.514344262295082,0.07325301204819278,0.18322082931533268,0.1099678172671399,100,0.18761726078799248,100,468,0.8780487804878049,499,518,0.9718574108818011,931
1,dpp4,rabvs_budgeted_reliable,41482,533,0.012848946531025505,2560,335,0.7686567164179104,0.45978212303400046,0.22490128626482775,77.82739212007505,64.88741608083366,4608,0.9861144592835447,111.97916666666667,0.5296177864074707,0.745,0.5107252298263534,0.07325301204819278,0.18322082931533268,0.1099678172671399,100,0.18761726078799248,100,431,0.8086303939962477,498,516,0.9681050656660413,976
1,dpp4,rabvs_budgeted_no_ucb,41482,533,0.012848946531025505,2560,514,0.8104328793774319,0.4584312095688003,0.22156893519232046,77.82739212007505,68.07552611948734,4608,0.9861144592835447,113.4982638888889,0.5429459810256958,0.738,0.5205338809034907,0.04385542168674699,0.21263259402121504,0.16877717233446804,100,0.18761726078799248,100,448,0.8405253283302064,498,523,0.9812382739212008,975
2,dpp4,boba_ucb,41482,533,0.012848946531025505,2560,410,0.714329268292683,0.4584239979881998,0.22355536458837152,77.82739212007505,77.82739212007505,4608,0.9861144592835447,112.84722222222223,0.5484305024147034,0.621,0.5396145610278372,0.04530120481927711,0.2107039537126326,0.1654027488933555,100,0.18761726078799248,100,493,0.924953095684803,500,520,0.975609756097561,916
2,dpp4,rabvs_budgeted_reliable,41482,533,0.012848946531025505,2560,410,0.714329268292683,0.4584239979881998,0.22355536458837152,77.82739212007505,63.94973665770022,4608,0.9861144592835447,113.0642361111111,0.5420917272567749,0.702,0.5260416666666666,0.04530120481927711,0.2107039537126326,0.1654027488933555,100,0.18761726078799248,100,420,0.7879924953095685,498,521,0.9774859287054409,956
2,dpp4,rabvs_budgeted_no_ucb,41482,533,0.012848946531025505,2560,521,0.8044625719769674,0.4584207828514771,0.2214655789898748,77.82739212007505,69.38827731187413,4608,0.9861144592835447,113.93229166666667,0.5455154776573181,0.73,0.5231243576567317,0.03901734104046243,0.21804148576941632,0.1790241447289539,100,0.18761726078799248,100,455,0.8536585365853658,499,525,0.9849906191369606,967
1,drd3,boba_ucb,34530,480,0.013900955690703735,2560,340,0.7672794117647059,0.45679603723276496,0.225636684479221,71.9375,71.9375,4352,0.9842455835505358,105.9283088235294,0.5764683485031128,0.532,0.4620976116303219,0.05960648148148148,0.21507246376811595,0.15546598228663447,100,0.20833333333333334,100,433,0.9020833333333333,487,461,0.9604166666666667,895
1,drd3,rabvs_budgeted_reliable,34530,480,0.013900955690703735,2560,340,0.7672794117647059,0.45679603723276496,0.225636684479221,71.9375,52.75416666666666,4352,0.9842455835505358,105.9283088235294,0.5738301873207092,0.608,0.4573484069886948,0.05960648148148148,0.21507246376811595,0.15546598228663447,100,0.20833333333333334,100,408,0.85,497,461,0.9604166666666667,928
1,drd3,rabvs_budgeted_no_ucb,34530,480,0.013900955690703735,2560,464,0.8013200431034483,0.45663262055644765,0.22061915655604514,71.9375,61.0947463768116,4352,0.9842455835505358,107.99632352941177,0.5630525350570679,0.644,0.4651639344262295,0.04342790966994789,0.23117033603707995,0.18774242636713206,100,0.20833333333333334,100,447,0.93125,498,470,0.9791666666666666,971
2,drd3,boba_ucb,34530,480,0.013900955690703735,2560,370,0.7807432432432433,0.45728893739942106,0.22474973395799652,71.9375,71.9375,4352,0.9842455835505358,104.31985294117648,0.5658466815948486,0.504,0.45768025078369906,0.05732484076433121,0.21668597914252608,0.15936113837819488,100,0.20833333333333334,100,434,0.9041666666666667,496,454,0.9458333333333333,937
2,drd3,rabvs_budgeted_reliable,34530,480,0.013900955690703735,2560,370,0.7807432432432433,0.45728893739942106,0.22474973395799652,71.9375,56.50742753623189,4352,0.9842455835505358,105.69852941176471,0.5625645518302917,0.589,0.4591520165460186,0.05732484076433121,0.21668597914252608,0.15936113837819488,100,0.20833333333333334,100,425,0.8854166666666666,498,460,0.9583333333333334,966
2,drd3,rabvs_budgeted_no_ucb,34530,480,0.013900955690703735,2560,463,0.8062904967602592,0.4565053091945492,0.22060361332120415,71.9375,61.51177536231884,4352,0.9842455835505358,107.53676470588236,0.5664374828338623,0.638,0.46502057613168724,0.05037637521713955,0.22479721900347624,0.17442084378633668,100,0.20833333333333334,100,450,0.9375,499,468,0.975,969
1,dyr,boba_ucb,17431,231,0.013252251735413917,2560,218,0.8520642201834863,0.45770446685020366,0.22373996013994746,75.45887445887446,75.45887445887446,3328,0.9761344730652286,69.11057692307693,0.6144579648971558,0.42400000000000004,0.2581818181818182,0.017201834862385322,0.24655963302752293,0.2293577981651376,100,0.4329004329004329,100,228,0.987012987012987,432,230,0.9956709956709957,780
1,dyr,rabvs_budgeted_reliable,17431,231,0.013252251735413917,2560,218,0.8520642201834863,0.45770446685020366,0.22373996013994746,75.45887445887446,72.85684430512018,3328,0.9761344730652286,69.11057692307693,0.618796169757843,0.774,0.22373949579831934,0.017201834862385322,0.24655963302752293,0.2293577981651376,100,0.4329004329004329,100,229,0.9913419913419913,485,230,0.9956709956709957,960
1,dyr,rabvs_budgeted_no_ucb,17431,231,0.013252251735413917,2560,227,0.8703193832599119,0.45735946739462163,0.22080351126192038,75.45887445887446,74.5915310742897,3328,0.9761344730652286,68.81009615384616,0.6365285515785217,0.859,0.2204968944099379,0.017201834862385322,0.24655963302752293,0.2293577981651376,100,0.4329004329004329,100,228,0.987012987012987,491,229,0.9913419913419913,961
2,dyr,boba_ucb,17431,231,0.013252251735413917,2560,216,0.8660300925925926,0.45803362263736547,0.22366004982140755,75.45887445887446,75.45887445887446,3328,0.9761344730652286,69.4110576923077,0.6184021234512329,0.46299999999999997,0.24797219003476245,0.020642201834862386,0.24426605504587157,0.2236238532110092,100,0.4329004329004329,100,227,0.9826839826839827,452,231,1.0,827
2,dyr,rabvs_budgeted_reliable,17431,231,0.013252251735413917,2560,216,0.8660300925925926,0.45803362263736547,0.22366004982140755,75.45887445887446,72.85684430512018,3328,0.9761344730652286,68.50961538461539,0.6182152628898621,0.7989999999999999,0.21923474663908996,0.020642201834862386,0.24426605504587157,0.2236238532110092,100,0.4329004329004329,100,228,0.987012987012987,487,228,0.987012987012987,965
2,dyr,rabvs_budgeted_no_ucb,17431,231,0.013252251735413917,2560,229,0.8670851528384279,0.4573673079080061,0.22177711388665122,75.45887445887446,74.5915310742897,3328,0.9761344730652286,69.11057692307693,0.6287992000579834,0.8200000000000001,0.2222222222222222,0.0194954128440367,0.24541284403669725,0.22591743119266056,100,0.4329004329004329,100,230,0.9956709956709957,482,230,0.9956709956709957,966
1,egfr,boba_ucb,35592,542,0.0152281411553158,2560,341,0.7978372434017595,0.4559421764050449,0.2229563324522794,65.6678966789668,65.6678966789668,4352,0.984715666441897,120.17463235294117,0.5645653605461121,0.46099999999999997,0.531578947368421,0.058426966292134834,0.24157303370786518,0.18314606741573033,100,0.18450184501845018,100,491,0.9059040590405905,500,523,0.9649446494464945,947
1,egfr,rabvs_budgeted_reliable,35592,542,0.0152281411553158,2560,341,0.7978372434017595,0.4559421764050449,0.2229563324522794,65.6678966789668,60.687466312865375,4352,0.984715666441897,119.94485294117648,0.5659155249595642,0.615,0.5211995863495347,0.058426966292134834,0.24157303370786518,0.18314606741573033,100,0.18450184501845018,100,473,0.8726937269372693,499,522,0.9630996309963099,987
1,egfr,rabvs_budgeted_no_ucb,35592,542,0.0152281411553158,2560,524,0.8234732824427481,0.45450032921802846,0.2188161618166361,65.6678966789668,62.900990920021556,4352,0.984715666441897,121.78308823529412,0.5708951950073242,0.6719999999999999,0.5251282051282051,0.03146067415730337,0.2702247191011236,0.23876404494382025,100,0.18450184501845018,100,485,0.8948339483394834,500,530,0.977859778597786,995
2,egfr,boba_ucb,35592,542,0.0152281411553158,2560,350,0.7925,0.4554094622021596,0.22254836803989875,65.6678966789668,65.6678966789668,4352,0.984715666441897,121.78308823529412,0.5703543424606323,0.43300000000000005,0.5278925619834711,0.05393258426966292,0.24831460674157305,0.1943820224719101,100,0.18450184501845018,100,496,0.915129151291513,500,530,0.977859778597786,945
2,egfr,rabvs_budgeted_reliable,35592,542,0.0152281411553158,2560,350,0.7925,0.4554094622021596,0.22254836803989875,65.6678966789668,59.21178324142792,4352,0.984715666441897,121.78308823529412,0.5711811184883118,0.563,0.5251798561151079,0.05393258426966292,0.24831460674157305,0.1943820224719101,100,0.18450184501845018,100,465,0.8579335793357934,500,530,0.977859778597786,981
2,egfr,rabvs_budgeted_no_ucb,35592,542,0.0152281411553158,2560,525,0.8208333333333333,0.4543339596475823,0.2186165614157706,65.6678966789668,62.347609768232516,4352,0.984715666441897,121.78308823529412,0.572287917137146,0.663,0.5219611848825332,0.037640449438202245,0.2640449438202247,0.22640449438202245,100,0.18450184501845018,100,482,0.8892988929889298,500,530,0.977859778597786,995
1,esr1,boba_ucb,21068,383,0.01817922916271122,2560,319,0.8136755485893417,0.4499932525779844,0.21698151418885597,55.007832898172325,55.007832898172325,3584,0.9787355230681603,104.07366071428571,0.627980649471283,0.488,0.3953488372093023,0.04933586337760911,0.3114909781576448,0.2621551147800357,100,0.26109660574412535,100,367,0.95822454308094,477,373,0.9738903394255874,851
1,esr1,rabvs_budgeted_reliable,21068,383,0.01817922916271122,2560,319,0.8136755485893417,0.4499932525779844,0.21698151418885597,55.007832898172325,55.007832898172325,3584,0.9787355230681603,104.63169642857143,0.624470055103302,0.786,0.37163561076604557,0.04933586337760911,0.3114909781576448,0.2621551147800357,100,0.26109660574412535,100,369,0.9634464751958225,491,375,0.97911227154047,977
1,esr1,rabvs_budgeted_no_ucb,21068,383,0.01817922916271122,2560,382,0.837696335078534,0.44855247568515033,0.21262875943066203,55.007832898172325,55.007832898172325,3584,0.9787355230681603,106.58482142857143,0.6258509755134583,0.79,0.3769309989701339,0.04364326375711575,0.3200379867046534,0.27639472294753764,100,0.26109660574412535,100,382,0.9973890339425587,488,382,0.9973890339425587,978
2,esr1,boba_ucb,21068,383,0.01817922916271122,2560,299,0.857232441471572,0.4493603303493356,0.21668916889310494,55.007832898172325,55.007832898172325,3584,0.9787355230681603,106.30580357142857,0.6218286156654358,0.525,0.3845338983050847,0.04734848484848485,0.31588962892483347,0.2685411440763486,100,0.26109660574412535,100,375,0.97911227154047,486,381,0.9947780678851175,891
2,esr1,rabvs_budgeted_reliable,21068,383,0.01817922916271122,2560,299,0.857232441471572,0.4493603303493356,0.21668916889310494,55.007832898172325,55.007832898172325,3584,0.9787355230681603,106.02678571428571,0.618412971496582,0.749,0.37014314928425357,0.04734848484848485,0.31588962892483347,0.2685411440763486,100,0.26109660574412535,100,373,0.9738903394255874,494,380,0.9921671018276762,976
2,esr1,rabvs_budgeted_no_ucb,21068,383,0.01817922916271122,2560,380,0.8401315789473685,0.4484843384396531,0.21267599629828612,55.007832898172325,55.007832898172325,3584,0.9787355230681603,106.30580357142857,0.6214835047721863,0.808,0.37307297019527236,0.03320683111954459,0.33048433048433046,0.29727749936478587,100,0.26109660574412535,100,381,0.9947780678851175,491,381,0.9947780678851175,978
1,esr2,boba_ucb,20566,367,0.017844986871535545,2560,309,0.8236245954692557,0.45077327358393116,0.21784080942586556,56.038147138964575,56.038147138964575,3584,0.9782164737916951,102.12053571428571,0.6302748918533325,0.479,0.37919826652221017,0.061224489795918366,0.29571984435797666,0.23449535456205828,100,0.2724795640326976,100,359,0.9782016348773842,483,366,0.997275204359673,861
1,esr2,rabvs_budgeted_reliable,20566,367,0.017844986871535545,2560,309,0.8236245954692557,0.45077327358393116,0.21784080942586556,56.038147138964575,56.038147138964575,3584,0.9782164737916951,101.5625,0.6275138854980469,0.764,0.35802469135802467,0.061224489795918366,0.29571984435797666,0.23449535456205828,100,0.2724795640326976,100,361,0.9836512261580381,490,364,0.9918256130790191,974
1,esr2,rabvs_budgeted_no_ucb,20566,367,0.017844986871535545,2560,365,0.8513698630136987,0.4492813631254006,0.2134110731406727,56.038147138964575,56.038147138964575,3584,0.9782164737916951,101.84151785714286,0.6355591416358948,0.798,0.36016511867905054,0.029154518950437316,0.32782101167315175,0.29866649272271445,100,0.2724795640326976,100,365,0.9945504087193461,484,365,0.9945504087193461,970
2,esr2,boba_ucb,20566,367,0.017844986871535545,2560,286,0.8505244755244755,0.45008832065662124,0.21695041579028254,56.038147138964575,56.038147138964575,3584,0.9782164737916951,101.84151785714286,0.6376960873603821,0.499,0.37219251336898396,0.05344995140913508,0.3035019455252918,0.25005199411615675,100,0.2724795640326976,100,362,0.9863760217983651,470,365,0.9945504087193461,881
2,esr2,rabvs_budgeted_reliable,20566,367,0.017844986871535545,2560,286,0.8505244755244755,0.45008832065662124,0.21695041579028254,56.038147138964575,56.038147138964575,3584,0.9782164737916951,101.28348214285714,0.6302189230918884,0.735,0.355601233299075,0.05344995140913508,0.3035019455252918,0.25005199411615675,100,0.2724795640326976,100,363,0.989100817438692,489,363,0.989100817438692,952
2,esr2,rabvs_budgeted_no_ucb,20566,367,0.017844986871535545,2560,364,0.8499313186813187,0.449105956923443,0.21311641352699703,56.038147138964575,56.038147138964575,3584,0.9782164737916951,101.84151785714286,0.6386199593544006,0.798,0.3606217616580311,0.03498542274052478,0.3219844357976654,0.2869990130571406,100,0.2724795640326976,100,364,0.9918256130790191,485,365,0.9945504087193461,968
1,fa10,boba_ucb,28862,537,0.018605779225278913,2560,416,0.7080829326923077,0.44799215930215003,0.21675456020068856,53.746741154562386,53.746741154562386,4096,0.9822604116138868,128.90625,0.5438148975372314,0.484,0.5311850311850311,0.060941828254847646,0.30838530838530837,0.24744348013046072,100,0.186219739292365,100,480,0.8938547486033519,498,528,0.9832402234636871,912
1,fa10,rabvs_budgeted_reliable,28862,537,0.018605779225278913,2560,416,0.7080829326923077,0.44799215930215003,0.21675456020068856,53.746741154562386,50.0272434968072,4096,0.9822604116138868,128.662109375,0.537440299987793,0.605,0.5246913580246914,0.060941828254847646,0.30838530838530837,0.24744348013046072,100,0.186219739292365,100,462,0.8603351955307262,496,527,0.9813780260707635,957
1,fa10,rabvs_budgeted_no_ucb,28862,537,0.018605779225278913,2560,531,0.8107344632768362,0.4473647494558888,0.2134819522018771,53.746741154562386,51.70101744279703,4096,0.9822604116138868,130.859375,0.538512647151947,0.652,0.5317622950819673,0.05193905817174515,0.31994459833795014,0.268005540166205,100,0.186219739292365,100,462,0.8603351955307262,496,536,0.9981378026070763,973
2,fa10,boba_ucb,28862,537,0.018605779225278913,2560,425,0.6802941176470588,0.4480573011359882,0.21702805001761075,53.746741154562386,53.746741154562386,4096,0.9822604116138868,130.37109375,0.5388251543045044,0.5409999999999999,0.5351966873706004,0.06440443213296398,0.3076923076923077,0.24328787555934372,100,0.186219739292365,100,491,0.9143389199255121,497,534,0.994413407821229,934
2,fa10,rabvs_budgeted_reliable,28862,537,0.018605779225278913,2560,425,0.6802941176470588,0.4480573011359882,0.21702805001761075,53.746741154562386,50.0272434968072,4096,0.9822604116138868,128.662109375,0.5350324511528015,0.654,0.5246406570841889,0.06440443213296398,0.3076923076923077,0.24328787555934372,100,0.186219739292365,100,446,0.8305400372439479,495,527,0.9813780260707635,970
2,fa10,rabvs_budgeted_no_ucb,28862,537,0.018605779225278913,2560,532,0.802749060150376,0.4472321993271287,0.21356992949399753,53.746741154562386,51.515042559909276,4096,0.9822604116138868,130.615234375,0.5423263311386108,0.651,0.533470648815654,0.0443213296398892,0.3277893277893278,0.28346799814943857,100,0.186219739292365,100,455,0.8472998137802608,497,535,0.9962756052141527,974
1,fa7,boba_ucb,6364,114,0.017913262099308613,2560,114,0.8558114035087719,0.4464468506285298,0.2141158208089549,55.82456140350877,55.82456140350877,2814,0.944728158390949,40.51172707889126,0.6160455346107483,0.42700000000000005,0.09932279909706546,0.0219435736677116,0.33647798742138363,0.314534413753672,100,0.8771929824561403,76,114,1.0,420,114,1.0,801
1,fa7,rabvs_budgeted_reliable,6364,114,0.017913262099308613,2560,114,0.8558114035087719,0.4464468506285298,0.2141158208089549,55.82456140350877,53.207785087719294,2814,0.944728158390949,40.51172707889126,0.6278335452079773,0.619,0.0975609756097561,0.0219435736677116,0.33647798742138363,0.314534413753672,96,0.8421052631578947,83,114,1.0,457,114,1.0,869
1,fa7,rabvs_budgeted_no_ucb,6364,114,0.017913262099308613,2560,114,0.8744517543859649,0.4461684612825719,0.2108567265743066,55.82456140350877,54.080043859649116,2814,0.944728158390949,40.51172707889126,0.631962239742279,0.6739999999999999,0.09745293466223699,0.021875,0.33753943217665616,0.3156644321766562,97,0.8508771929824561,83,114,1.0,451,114,1.0,885
2,fa7,boba_ucb,6364,114,0.017913262099308613,2560,114,0.875,0.44649726298035447,0.21412928378929383,55.82456140350877,55.82456140350877,2814,0.944728158390949,40.51172707889126,0.6168555617332458,0.38,0.10090702947845805,0.009404388714733543,0.3490566037735849,0.33965221505885135,100,0.8771929824561403,74,114,1.0,414,114,1.0,795
2,fa7,rabvs_budgeted_reliable,6364,114,0.017913262099308613,2560,114,0.875,0.44649726298035447,0.21412928378929383,55.82456140350877,54.952302631578945,2814,0.944728158390949,40.51172707889126,0.6354616284370422,0.613,0.09966405375139978,0.009404388714733543,0.3490566037735849,0.33965221505885135,97,0.8508771929824561,82,114,1.0,450,114,1.0,874
2,fa7,rabvs_budgeted_no_ucb,6364,114,0.017913262099308613,2560,114,0.8744517543859649,0.44590363791629484,0.21013393772736327,55.82456140350877,54.952302631578945,2814,0.944728158390949,40.51172707889126,0.6302443742752075,0.6759999999999999,0.09834254143646409,0.009404388714733543,0.3490566037735849,0.33965221505885135,99,0.868421052631579,82,114,1.0,449,114,1.0,878
1,fabp4,boba_ucb,2797,47,0.016803718269574545,2560,47,0.824468085106383,0.4475610284797441,0.21848922507079369,59.51063829787233,59.51063829787233,2671,0.8806310332499107,17.59640584050917,0.6668475270271301,0.492,0.019400352733686066,0.04285714285714286,0.29285714285714287,0.25,47,1.0,66,47,1.0,360,47,1.0,653
1,fabp4,rabvs_budgeted_reliable,2797,47,0.016803718269574545,2560,47,0.824468085106383,0.4475610284797441,0.21848922507079369,39.673758865248224,53.13449848024316,2671,0.8806310332499107,17.222014226881317,0.6527834534645081,0.624,0.017605633802816902,0.04285714285714286,0.29285714285714287,0.25,46,0.9787234042553191,70,46,0.9787234042553191,408,46,0.9787234042553191,661
1,fabp4,rabvs_budgeted_no_ucb,2797,47,0.016803718269574545,2560,47,0.8590425531914894,0.4468330202433024,0.21461898579215008,39.673758865248224,55.25987841945288,2671,0.8806310332499107,17.222014226881317,0.6555431485176086,0.63,0.017064846416382253,0.04285714285714286,0.29285714285714287,0.25,46,0.9787234042553191,72,46,0.9787234042553191,413,46,0.9787234042553191,687
2,fabp4,boba_ucb,2797,47,0.016803718269574545,2560,47,0.8683510638297872,0.44638869042742996,0.2181148184186313,59.51063829787233,59.51063829787233,2671,0.8806310332499107,17.59640584050917,0.666753351688385,0.485,0.02097902097902098,0.02142857142857143,0.3142857142857143,0.29285714285714287,47,1.0,66,47,1.0,363,47,1.0,647
2,fabp4,rabvs_budgeted_reliable,2797,47,0.016803718269574545,2560,47,0.8683510638297872,0.44638869042742996,0.2181148184186313,39.673758865248224,46.75835866261398,2671,0.8806310332499107,17.222014226881317,0.6557595133781433,0.621,0.020689655172413793,0.02142857142857143,0.3142857142857143,0.29285714285714287,46,0.9787234042553191,69,46,0.9787234042553191,411,46,0.9787234042553191,655
2,fabp4,rabvs_budgeted_no_ucb,2797,47,0.016803718269574545,2560,47,0.8736702127659575,0.44573589841828853,0.2145171895967525,39.673758865248224,46.75835866261398,2671,0.8806310332499107,17.222014226881317,0.6554906964302063,0.628,0.019834710743801654,0.02142857142857143,0.3142857142857143,0.29285714285714287,46,0.9787234042553191,69,46,0.9787234042553191,414,46,0.9787234042553191,689
1,fak1,boba_ucb,5450,100,0.01834862385321101,2560,97,0.8698453608247423,0.44429818261848836,0.209097483337659,54.5,54.5,2778,0.9362844036697248,35.99712023038157,0.618285596370697,0.5349999999999999,0.04656319290465632,0.02564102564102564,0.34191176470588236,0.3162707390648567,98,0.98,44,100,1.0,424,100,1.0,879
1,fak1,rabvs_budgeted_reliable,5450,100,0.01834862385321101,2560,97,0.8698453608247423,0.44429818261848836,0.209097483337659,54.5,54.5,2778,0.9362844036697248,35.27717782577393,0.6151509881019592,0.787,0.04499437570303712,0.02564102564102564,0.34191176470588236,0.3162707390648567,93,0.93,49,98,0.98,438,98,0.98,926
1,fak1,rabvs_budgeted_no_ucb,5450,100,0.01834862385321101,2560,99,0.8712121212121212,0.4440516382426771,0.20774932330229057,54.5,53.49074074074074,2778,0.9362844036697248,35.63714902807776,0.6134933233261108,0.808,0.046223224351747465,0.032846715328467155,0.33579335793357934,0.30294664260511217,93,0.93,50,99,0.99,442,99,0.99,927
2,fak1,boba_ucb,5450,100,0.01834862385321101,2560,100,0.834375,0.4441536729242411,0.20970514077970878,54.5,54.5,2778,0.9362844036697248,35.99712023038157,0.6171825528144836,0.489,0.046357615894039736,0.029304029304029304,0.3382352941176471,0.30893126481361777,100,1.0,44,100,1.0,425,100,1.0,889
2,fak1,rabvs_budgeted_reliable,5450,100,0.01834862385321101,2560,100,0.834375,0.4441536729242411,0.20970514077970878,54.5,51.47222222222222,2778,0.9362844036697248,35.99712023038157,0.6161877512931824,0.732,0.04692737430167598,0.029304029304029304,0.3382352941176471,0.30893126481361777,94,0.94,50,100,1.0,441,100,1.0,933
2,fak1,rabvs_budgeted_no_ucb,5450,100,0.01834862385321101,2560,100,0.866875,0.44400657142068356,0.20729992328402458,54.5,53.49074074074074,2778,0.9362844036697248,35.99712023038157,0.6178088784217834,0.79,0.046875,0.029304029304029304,0.3382352941176471,0.30893126481361777,94,0.94,50,100,1.0,442,100,1.0,933
1,fgfr1,boba_ucb,8839,139,0.01572576083267338,2560,122,0.805327868852459,0.45294492881834914,0.222558673483631,63.589928057553955,63.589928057553955,3072,0.9565561715126145,45.247395833333336,0.6169871687889099,0.501,0.13254310344827586,0.07013574660633484,0.2420814479638009,0.17194570135746606,100,0.7194244604316546,100,136,0.9784172661870504,460,139,1.0,891
1,fgfr1,rabvs_budgeted_reliable,8839,139,0.01572576083267338,2560,122,0.805327868852459,0.45294492881834914,0.222558673483631,63.589928057553955,47.69244604316547,3072,0.9565561715126145,41.9921875,0.6160284876823425,0.785,0.11857292759706191,0.07013574660633484,0.2420814479638009,0.17194570135746606,74,0.5323741007194245,100,129,0.9280575539568345,482,129,0.9280575539568345,965
1,fgfr1,rabvs_budgeted_no_ucb,8839,139,0.01572576083267338,2560,138,0.8355978260869565,0.45132124298895404,0.2181394449379591,63.589928057553955,49.137671680837144,3072,0.9565561715126145,45.247395833333336,0.6148251295089722,0.763,0.13002114164904863,0.07013574660633484,0.24434389140271492,0.17420814479638008,80,0.5755395683453237,100,139,1.0,472,139,1.0,958
2,fgfr1,boba_ucb,8839,139,0.01572576083267338,2560,130,0.79375,0.4512145479733865,0.22168488435764294,63.589928057553955,63.589928057553955,3072,0.9565561715126145,45.247395833333336,0.6202389597892761,0.491,0.13127001067235858,0.06561085972850679,0.248868778280543,0.18325791855203621,100,0.7194244604316546,100,138,0.9928057553956835,467,139,1.0,908
2,fgfr1,rabvs_budgeted_reliable,8839,139,0.01572576083267338,2560,130,0.79375,0.4512145479733865,0.22168488435764294,63.589928057553955,47.69244604316547,3072,0.9565561715126145,44.270833333333336,0.6163496375083923,0.753,0.12552301255230125,0.06561085972850679,0.248868778280543,0.18325791855203621,66,0.4748201438848921,100,136,0.9784172661870504,482,136,0.9784172661870504,971
2,fgfr1,rabvs_budgeted_no_ucb,8839,139,0.01572576083267338,2560,137,0.8280109489051095,0.4510570465954318,0.21781718256945679,63.589928057553955,49.137671680837144,3072,0.9565561715126145,45.247395833333336,0.6190335154533386,0.785,0.12906610703043023,0.06787330316742081,0.24660633484162897,0.17873303167420818,74,0.5323741007194245,100,138,0.9928057553956835,481,139,1.0,970
1,fkb1a,boba_ucb,5911,111,0.018778548468956182,2560,110,0.8721590909090909,0.44388582644692925,0.20904485766298567,53.252252252252255,53.252252252252255,2796,0.940872948739638,39.69957081545064,0.6108916997909546,0.509,0.10344827586206896,0.016891891891891893,0.3581081081081081,0.34121621621621623,100,0.9009009009009009,80,111,1.0,435,111,1.0,856
1,fkb1a,rabvs_budgeted_reliable,5911,111,0.018778548468956182,2560,110,0.8721590909090909,0.44388582644692925,0.20904485766298567,53.252252252252255,53.252252252252255,2796,0.940872948739638,39.69957081545064,0.6047948002815247,0.753,0.09719222462203024,0.016891891891891893,0.3581081081081081,0.34121621621621623,98,0.8828828828828829,88,111,1.0,474,111,1.0,955
1,fkb1a,rabvs_budgeted_no_ucb,5911,111,0.018778548468956182,2560,111,0.875,0.4437646294330262,0.20740161956495007,53.252252252252255,53.252252252252255,2796,0.940872948739638,39.69957081545064,0.6080099940299988,0.762,0.09793253536452666,0.006756756756756757,0.36824324324324326,0.3614864864864865,100,0.9009009009009009,88,111,1.0,469,111,1.0,949
2,fkb1a,boba_ucb,5911,111,0.018778548468956182,2560,110,0.8721590909090909,0.44372433614126755,0.20857423482891116,53.252252252252255,53.252252252252255,2796,0.940872948739638,39.69957081545064,0.6161060333251953,0.498,0.10295857988165681,0.016891891891891893,0.3581081081081081,0.34121621621621623,100,0.9009009009009009,80,111,1.0,423,111,1.0,828
2,fkb1a,rabvs_budgeted_reliable,5911,111,0.018778548468956182,2560,110,0.8721590909090909,0.44372433614126755,0.20857423482891116,53.252252252252255,53.252252252252255,2796,0.940872948739638,39.69957081545064,0.6074119806289673,0.755,0.09344790547798067,0.016891891891891893,0.3581081081081081,0.34121621621621623,98,0.8828828828828829,88,111,1.0,467,111,1.0,942
2,fkb1a,rabvs_budgeted_no_ucb,5911,111,0.018778548468956182,2560,111,0.875,0.44385293240086543,0.2075335515556371,53.252252252252255,53.252252252252255,2796,0.940872948739638,39.69957081545064,0.6099807024002075,0.745,0.09375,0.010135135135135136,0.36486486486486486,0.3547297297297297,100,0.9009009009009009,88,111,1.0,471,111,1.0,945
1,fnta,boba_ucb,50592,592,0.01170145477545857,2560,376,0.7908909574468085,0.4629538537020973,0.2289796847806237,85.45945945945945,85.45945945945945,5120,0.9873497786211258,112.109375,0.5118422508239746,0.7070000000000001,0.5683673469387756,0.040711462450592886,0.19090909090909092,0.15019762845849804,100,0.16891891891891891,100,500,0.8445945945945946,500,574,0.9695945945945946,977
1,fnta,rabvs_budgeted_reliable,50592,592,0.01170145477545857,2560,376,0.7908909574468085,0.4629538537020973,0.2289796847806237,85.45945945945945,75.15703450486059,5120,0.9873497786211258,111.1328125,0.5113159418106079,0.8089999999999999,0.5631364562118126,0.040711462450592886,0.19090909090909092,0.15019762845849804,100,0.16891891891891891,100,439,0.7415540540540541,500,569,0.9611486486486487,989
1,fnta,rabvs_budgeted_no_ucb,50592,592,0.01170145477545857,2560,570,0.8107456140350877,0.46172013580902704,0.22495393541351463,85.45945945945945,79.71712423886338,5120,0.9873497786211258,113.28125,0.5196022391319275,0.787,0.5744897959183674,0.025691699604743084,0.2075098814229249,0.18181818181818182,100,0.16891891891891891,100,466,0.7871621621621622,499,580,0.9797297297297297,989
2,fnta,boba_ucb,50592,592,0.01170145477545857,2560,342,0.8212719298245614,0.4635898337132683,0.22960079452564003,85.45945945945945,85.12167503471852,5120,0.9873497786211258,112.6953125,0.5220046639442444,0.646,0.5724489795918367,0.05533596837944664,0.1766798418972332,0.12134387351778657,100,0.16891891891891891,100,498,0.8412162162162162,500,577,0.9746621621621622,952
2,fnta,rabvs_budgeted_reliable,50592,592,0.01170145477545857,2560,342,0.8212719298245614,0.4635898337132683,0.22960079452564003,85.45945945945945,78.19709432752911,5120,0.9873497786211258,111.71875,0.5157038569450378,0.769,0.5656154628687691,0.05533596837944664,0.1766798418972332,0.12134387351778657,100,0.16891891891891891,100,457,0.7719594594594594,499,572,0.9662162162162162,977
2,fnta,rabvs_budgeted_no_ucb,50592,592,0.01170145477545857,2560,583,0.7974914236706689,0.46164166777762383,0.22496653478091058,85.45945945945945,77.69041769041769,5120,0.9873497786211258,114.453125,0.524839460849762,0.78,0.5823950870010235,0.028853754940711462,0.20395256916996046,0.175098814229249,100,0.16891891891891891,100,454,0.7668918918918919,500,586,0.9898648648648649,979
1,fpps,boba_ucb,8935,85,0.009513150531617236,2560,85,0.875,0.4656709905320887,0.2304295465185367,105.11764705882352,100.39325842696628,3072,0.9570229434806939,27.669270833333332,0.5854556560516357,0.42800000000000005,0.05449591280653951,0.0022371364653243847,0.18791946308724833,0.18568232662192394,85,1.0,68,85,1.0,375,85,1.0,695
1,fpps,rabvs_budgeted_reliable,8935,85,0.009513150531617236,2560,85,0.875,0.4656709905320887,0.2304295465185367,105.11764705882352,99.21216126900198,3072,0.9570229434806939,27.669270833333332,0.5838940143585205,0.633,0.046565774155995346,0.0022371364653243847,0.18791946308724833,0.18568232662192394,85,1.0,68,85,1.0,454,85,1.0,860
1,fpps,rabvs_budgeted_no_ucb,8935,85,0.009513150531617236,2560,85,0.875,0.4655606008801851,0.2272482314330345,105.11764705882352,100.39325842696628,3072,0.9570229434806939,27.669270833333332,0.5898791551589966,0.722,0.0488997555012225,0.0,0.19015659955257272,0.19015659955257272,85,1.0,68,85,1.0,435,85,1.0,816
2,fpps,boba_ucb,8935,85,0.009513150531617236,2560,85,0.875,0.46550323677329597,0.23080631511863436,105.11764705882352,100.39325842696628,3072,0.9570229434806939,27.669270833333332,0.6118283867835999,0.41400000000000003,0.06149732620320856,0.0,0.19015659955257272,0.19015659955257272,85,1.0,69,85,1.0,376,85,1.0,676
2,fpps,rabvs_budgeted_reliable,8935,85,0.009513150531617236,2560,85,0.875,0.46550323677329597,0.23080631511863436,81.75816993464052,88.58228684732319,3072,0.9570229434806939,27.669270833333332,0.5974212884902954,0.647,0.0519774011299435,0.0,0.19015659955257272,0.19015659955257272,85,1.0,68,85,1.0,454,85,1.0,858
2,fpps,rabvs_budgeted_no_ucb,8935,85,0.009513150531617236,2560,85,0.875,0.4655636361959733,0.22713309916042507,105.11764705882352,100.39325842696628,3072,0.9570229434806939,27.669270833333332,0.5886723399162292,0.71,0.055222088835534214,0.0022371364653243847,0.18791946308724833,0.18568232662192394,85,1.0,68,85,1.0,425,85,1.0,815
1,gcr,boba_ucb,15257,258,0.016910270695418495,2560,235,0.7898936170212766,0.4496544403340676,0.2170557813363898,59.13565891472869,59.13565891472869,3328,0.9727338270957593,76.62259615384616,0.620639979839325,0.589,0.2521097046413502,0.0563564875491481,0.27916120576671033,0.22280471821756223,100,0.3875968992248062,100,250,0.9689922480620154,476,255,0.9883720930232558,908
1,gcr,rabvs_budgeted_reliable,15257,258,0.016910270695418495,2560,235,0.7898936170212766,0.4496544403340676,0.2170557813363898,59.13565891472869,59.13565891472869,3328,0.9727338270957593,76.92307692307693,0.6144736409187317,0.7969999999999999,0.24691358024691357,0.0563564875491481,0.27916120576671033,0.22280471821756223,100,0.3875968992248062,100,251,0.9728682170542635,487,256,0.9922480620155039,973
1,gcr,rabvs_budgeted_no_ucb,15257,258,0.016910270695418495,2560,255,0.825,0.4489832725955184,0.21500615496035147,59.13565891472869,59.13565891472869,3328,0.9727338270957593,77.52403846153847,0.6183496713638306,0.7989999999999999,0.25,0.045871559633027525,0.29226736566186107,0.24639580602883354,100,0.3875968992248062,100,257,0.9961240310077519,473,258,1.0,951
2,gcr,boba_ucb,15257,258,0.016910270695418495,2560,245,0.7464285714285714,0.4490516935526112,0.21707507738901952,59.13565891472869,59.13565891472869,3328,0.9727338270957593,77.2235576923077,0.6111875772476196,0.5800000000000001,0.25858369098712447,0.04456094364351245,0.29226736566186107,0.2477064220183486,100,0.3875968992248062,100,253,0.9806201550387597,465,257,0.9961240310077519,885
2,gcr,rabvs_budgeted_reliable,15257,258,0.016910270695418495,2560,245,0.7464285714285714,0.4490516935526112,0.21707507738901952,59.13565891472869,59.13565891472869,3328,0.9727338270957593,76.92307692307693,0.608688235282898,0.774,0.2528977871443625,0.04456094364351245,0.29226736566186107,0.2477064220183486,100,0.3875968992248062,100,253,0.9806201550387597,479,256,0.9922480620155039,960
2,gcr,rabvs_budgeted_no_ucb,15257,258,0.016910270695418495,2560,256,0.826904296875,0.4486330916499544,0.2145405768036479,59.13565891472869,59.13565891472869,3328,0.9727338270957593,77.52403846153847,0.6155129671096802,0.79,0.25473684210526315,0.05111402359108781,0.2870249017038008,0.235910878112713,100,0.3875968992248062,100,257,0.9961240310077519,476,258,1.0,963
1,glcm,boba_ucb,3854,54,0.01401141670991178,2560,54,0.8553240740740741,0.45581372718007745,0.22398714563711966,71.37037037037038,71.37037037037038,2714,0.9119745718733783,19.89683124539425,0.684934675693512,0.5589999999999999,0.020967741935483872,0.06735751295336788,0.21243523316062177,0.1450777202072539,54,1.0,66,54,1.0,344,54,1.0,667
1,glcm,rabvs_budgeted_reliable,3854,54,0.01401141670991178,2560,54,0.8553240740740741,0.45581372718007745,0.22398714563711966,71.37037037037038,60.390313390313395,2714,0.9119745718733783,19.89683124539425,0.6912901401519775,0.738,0.019287833827893175,0.06735751295336788,0.21243523316062177,0.1450777202072539,54,1.0,70,54,1.0,422,54,1.0,778
1,glcm,rabvs_budgeted_no_ucb,3854,54,0.01401141670991178,2560,54,0.8715277777777778,0.45517142955793566,0.22349652469371134,71.37037037037038,56.730294396961064,2714,0.9119745718733783,19.89683124539425,0.6911306381225586,0.752,0.020155038759689922,0.06217616580310881,0.21761658031088082,0.15544041450777202,54,1.0,69,54,1.0,403,54,1.0,752
2,glcm,boba_ucb,3854,54,0.01401141670991178,2560,54,0.8576388888888888,0.45551052325855235,0.22302222045389902,71.37037037037038,71.37037037037038,2714,0.9119745718733783,19.89683124539425,0.6841685771942139,0.575,0.02680067001675042,0.06735751295336788,0.21243523316062177,0.1450777202072539,54,1.0,66,54,1.0,356,54,1.0,654
2,glcm,rabvs_budgeted_reliable,3854,54,0.01401141670991178,2560,54,0.8576388888888888,0.45551052325855235,0.22302222045389902,71.37037037037038,60.390313390313395,2714,0.9119745718733783,19.89683124539425,0.6908770799636841,0.75,0.02359882005899705,0.06735751295336788,0.21243523316062177,0.1450777202072539,54,1.0,68,54,1.0,425,54,1.0,783
2,glcm,rabvs_budgeted_no_ucb,3854,54,0.01401141670991178,2560,54,0.8715277777777778,0.45535969881378924,0.2234842443812662,71.37037037037038,60.390313390313395,2714,0.9119745718733783,19.89683124539425,0.6884508728981018,0.769,0.024242424242424242,0.06217616580310881,0.21761658031088082,0.15544041450777202,54,1.0,69,54,1.0,400,54,1.0,753
1,gria2,boba_ucb,12003,158,0.01316337582271099,2560,125,0.799,0.4587705221823998,0.229692541140226,75.96835443037975,75.96835443037975,3072,0.9680079980004999,46.549479166666664,0.6554279327392578,0.45099999999999996,0.1443661971830986,0.051580698835274545,0.18666666666666668,0.13508596783139212,100,0.6329113924050633,100,139,0.879746835443038,443,143,0.9050632911392406,799
1,gria2,rabvs_budgeted_reliable,12003,158,0.01316337582271099,2560,125,0.799,0.4587705221823998,0.229692541140226,75.96835443037975,53.177848101265816,3072,0.9680079980004999,45.572916666666664,0.6468360424041748,0.6890000000000001,0.12899786780383796,0.051580698835274545,0.18666666666666668,0.13508596783139212,64,0.4050632911392405,100,137,0.8670886075949367,474,140,0.8860759493670886,936
1,gria2,rabvs_budgeted_no_ucb,12003,158,0.01316337582271099,2560,154,0.7816558441558441,0.4575746114209285,0.22427137742011313,75.96835443037975,58.875474683544304,3072,0.9680079980004999,50.78125,0.6486525535583496,0.698,0.14361140443505807,0.056572379367720464,0.20166666666666666,0.1450942872989462,73,0.4620253164556962,99,155,0.9810126582278481,475,156,0.9873417721518988,952
2,gria2,boba_ucb,12003,158,0.01316337582271099,2560,134,0.808768656716418,0.45818396649734716,0.22828130672601527,75.96835443037975,75.96835443037975,3072,0.9680079980004999,50.455729166666664,0.6548859477043152,0.42100000000000004,0.15219842164599776,0.05324459234608985,0.205,0.15175540765391013,100,0.6329113924050633,100,154,0.9746835443037974,451,155,0.9810126582278481,843
2,gria2,rabvs_budgeted_reliable,12003,158,0.01316337582271099,2560,134,0.808768656716418,0.45818396649734716,0.22828130672601527,75.96835443037975,53.81091772151899,3072,0.9680079980004999,49.479166666666664,0.6476502418518066,0.6679999999999999,0.14194236926360726,0.05324459234608985,0.205,0.15175540765391013,65,0.41139240506329117,99,149,0.9430379746835443,469,152,0.9620253164556962,952
2,gria2,rabvs_budgeted_no_ucb,12003,158,0.01316337582271099,2560,154,0.8340097402597403,0.45730919061514796,0.22479378872033032,75.96835443037975,58.875474683544304,3072,0.9680079980004999,50.455729166666664,0.6456632614135742,0.688,0.14453961456102785,0.04991680532445923,0.20833333333333334,0.15841652800887412,73,0.4620253164556962,100,154,0.9746835443037974,465,155,0.9810126582278481,940
1,grik1,boba_ucb,6651,101,0.015185686362952939,2560,99,0.8181818181818182,0.4523654299514528,0.2195438689020786,65.85148514851485,65.85148514851485,2816,0.9470756277251541,35.86647727272727,0.6579132080078125,0.493,0.07628294036061026,0.03003003003003003,0.2732732732732733,0.24324324324324326,100,0.9900990099009901,53,101,1.0,376,101,1.0,733
1,grik1,rabvs_budgeted_reliable,6651,101,0.015185686362952939,2560,99,0.8181818181818182,0.4523654299514528,0.2195438689020786,65.85148514851485,57.98862125018472,2816,0.9470756277251541,35.86647727272727,0.6583781242370605,0.7,0.06674757281553398,0.03003003003003003,0.2732732732732733,0.24324324324324326,77,0.7623762376237624,70,101,1.0,419,101,1.0,854
1,grik1,rabvs_budgeted_no_ucb,6651,101,0.015185686362952939,2560,101,0.8712871287128713,0.4525758634239995,0.21736300048761928,65.85148514851485,60.93719521205852,2816,0.9470756277251541,35.86647727272727,0.6586723327636719,0.748,0.06875,0.036036036036036036,0.2672672672672673,0.23123123123123127,88,0.8712871287128713,63,101,1.0,414,101,1.0,834
2,grik1,boba_ucb,6651,101,0.015185686362952939,2560,101,0.8353960396039604,0.4522254854507167,0.2198217695185469,65.85148514851485,65.85148514851485,2816,0.9470756277251541,35.86647727272727,0.6597785949707031,0.476,0.06666666666666667,0.03303303303303303,0.2702702702702703,0.23723723723723725,100,0.9900990099009901,52,101,1.0,371,101,1.0,736
2,grik1,rabvs_budgeted_reliable,6651,101,0.015185686362952939,2560,101,0.8353960396039604,0.4522254854507167,0.2198217695185469,65.85148514851485,55.04004728831092,2816,0.9470756277251541,35.86647727272727,0.6620578169822693,0.673,0.06060606060606061,0.03303303303303303,0.2702702702702703,0.23723723723723725,79,0.7821782178217822,70,101,1.0,419,101,1.0,846
2,grik1,rabvs_budgeted_no_ucb,6651,101,0.015185686362952939,2560,101,0.8743811881188119,0.45246543935847533,0.2178264361390931,65.85148514851485,57.98862125018472,2816,0.9470756277251541,35.86647727272727,0.6599518656730652,0.729,0.06142506142506143,0.036036036036036036,0.2672672672672673,0.23123123123123127,84,0.8316831683168316,66,101,1.0,415,101,1.0,829
1,hdac2,boba_ucb,10485,185,0.01764425369575584,2560,182,0.832760989010989,0.4473146372373984,0.21357361615531764,56.67567567567568,56.67567567567568,3072,0.9633762517882689,60.221354166666664,0.6202924847602844,0.376,0.1853546910755149,0.0380952380952381,0.3148854961832061,0.276790258087968,100,0.5405405405405406,100,185,1.0,453,185,1.0,845
1,hdac2,rabvs_budgeted_reliable,10485,185,0.01764425369575584,2560,182,0.832760989010989,0.4473146372373984,0.21357361615531764,11.335135135135136,52.35752895752896,3072,0.9633762517882689,60.221354166666664,0.6138110160827637,0.651,0.1689259645464025,0.0380952380952381,0.3148854961832061,0.276790258087968,92,0.4972972972972973,100,184,0.9945945945945946,489,185,1.0,972
1,hdac2,rabvs_budgeted_no_ucb,10485,185,0.01764425369575584,2560,185,0.8665540540540541,0.44721012937452725,0.2124848223662007,5.667567567567568,51.81776061776062,3072,0.9633762517882689,60.221354166666664,0.612715482711792,0.663,0.16998950682056663,0.03428571428571429,0.3187022900763359,0.2844165757906216,91,0.4918918918918919,100,185,1.0,494,185,1.0,974
2,hdac2,boba_ucb,10485,185,0.01764425369575584,2560,181,0.8539364640883977,0.4476472182072878,0.21442332228505087,56.67567567567568,56.67567567567568,3072,0.9633762517882689,60.221354166666664,0.6255691051483154,0.353,0.18903150525087514,0.02857142857142857,0.3244274809160305,0.29585605234460194,100,0.5405405405405406,100,185,1.0,463,185,1.0,830
2,hdac2,rabvs_budgeted_reliable,10485,185,0.01764425369575584,2560,181,0.8539364640883977,0.4476472182072878,0.21442332228505087,17.002702702702702,52.8972972972973,3072,0.9633762517882689,60.221354166666664,0.6165570020675659,0.63,0.17088607594936708,0.02857142857142857,0.3244274809160305,0.29585605234460194,93,0.5027027027027027,100,185,1.0,492,185,1.0,975
2,hdac2,rabvs_budgeted_no_ucb,10485,185,0.01764425369575584,2560,184,0.8614130434782609,0.4472473583625072,0.21187271571318614,22.670270270270272,53.437065637065636,3072,0.9633762517882689,60.221354166666664,0.6091053485870361,0.685,0.1705263157894737,0.04,0.31297709923664124,0.27297709923664126,94,0.5081081081081081,100,184,0.9945945945945946,493,185,1.0,969
1,hdac8,boba_ucb,10620,170,0.0160075329566855,2560,165,0.8507575757575757,0.4505544694057707,0.21505387898771777,62.470588235294116,62.470588235294116,3072,0.9638418079096045,55.338541666666664,0.6213729381561279,0.41300000000000003,0.1794871794871795,0.02824858757062147,0.2919020715630885,0.263653483992467,100,0.5882352941176471,100,169,0.9941176470588236,443,170,1.0,799
1,hdac8,rabvs_budgeted_reliable,10620,170,0.0160075329566855,2560,165,0.8507575757575757,0.4505544694057707,0.21505387898771777,34.074866310160424,59.523862375138734,3072,0.9638418079096045,55.013020833333336,0.6155939102172852,0.719,0.15287958115183245,0.02824858757062147,0.2919020715630885,0.263653483992467,95,0.5588235294117647,100,168,0.9882352941176471,494,169,0.9941176470588236,982
1,hdac8,rabvs_budgeted_no_ucb,10620,170,0.0160075329566855,2560,166,0.8723644578313253,0.45032961521412,0.21361941356612094,51.112299465240646,61.29189789123196,3072,0.9638418079096045,55.013020833333336,0.624150276184082,0.729,0.15287958115183245,0.02824858757062147,0.2919020715630885,0.263653483992467,98,0.5764705882352941,100,168,0.9882352941176471,500,169,0.9941176470588236,980
2,hdac8,boba_ucb,10620,170,0.0160075329566855,2560,169,0.853180473372781,0.4505711339112773,0.2161320100929104,62.470588235294116,62.470588235294116,3072,0.9638418079096045,55.338541666666664,0.640555202960968,0.42100000000000004,0.1720554272517321,0.032015065913371,0.288135593220339,0.256120527306968,100,0.5882352941176471,100,170,1.0,454,170,1.0,831
2,hdac8,rabvs_budgeted_reliable,10620,170,0.0160075329566855,2560,169,0.853180473372781,0.4505711339112773,0.2161320100929104,34.074866310160424,59.523862375138734,3072,0.9638418079096045,55.338541666666664,0.6307514905929565,0.6910000000000001,0.1568421052631579,0.032015065913371,0.288135593220339,0.256120527306968,95,0.5588235294117647,100,170,1.0,493,170,1.0,978
2,hdac8,rabvs_budgeted_no_ucb,10620,170,0.0160075329566855,2560,170,0.8661764705882353,0.45027937801495244,0.21408194154116078,28.39572192513369,58.93451720310766,3072,0.9638418079096045,55.338541666666664,0.6301556825637817,0.7110000000000001,0.15569487983281086,0.03389830508474576,0.2862523540489642,0.2523540489642184,94,0.5529411764705883,100,170,1.0,493,170,1.0,980
1,hivint,boba_ucb,6750,100,0.014814814814814815,2560,98,0.8545918367346939,0.45329532715814297,0.21911239436445984,67.5,67.5,2816,0.9478518518518518,35.51136363636364,0.6400639414787292,0.46499999999999997,0.08747044917257683,0.020710059171597635,0.27299703264094954,0.2522869734693519,98,0.98,77,99,0.99,421,100,1.0,835
1,hivint,rabvs_budgeted_reliable,6750,100,0.014814814814814815,2560,98,0.8545918367346939,0.45329532715814297,0.21911239436445984,67.5,61.54411764705882,2816,0.9478518518518518,35.15625,0.6398764848709106,0.773,0.07799145299145299,0.020710059171597635,0.27299703264094954,0.2522869734693519,85,0.85,82,99,0.99,468,99,0.99,952
1,hivint,rabvs_budgeted_no_ucb,6750,100,0.014814814814814815,2560,100,0.861875,0.4525944063487066,0.21801078192022005,67.5,62.536764705882355,2816,0.9478518518518518,35.51136363636364,0.6419401168823242,0.784,0.08078602620087336,0.023668639053254437,0.27299703264094954,0.2493283935876951,78,0.78,87,100,1.0,461,100,1.0,947
2,hivint,boba_ucb,6750,100,0.014814814814814815,2560,99,0.8623737373737373,0.45301113483440514,0.21938848226247468,67.5,67.5,2816,0.9478518518518518,35.51136363636364,0.653184175491333,0.476,0.09685230024213075,0.026627218934911243,0.27002967359050445,0.2434024546555932,98,0.98,77,100,1.0,419,100,1.0,812
2,hivint,rabvs_budgeted_reliable,6750,100,0.014814814814814815,2560,99,0.8623737373737373,0.45301113483440514,0.21938848226247468,67.5,62.536764705882355,2816,0.9478518518518518,35.51136363636364,0.6470070481300354,0.76,0.08592910848549946,0.026627218934911243,0.27002967359050445,0.2434024546555932,79,0.79,84,100,1.0,465,100,1.0,949
2,hivint,rabvs_budgeted_no_ucb,6750,100,0.014814814814814815,2560,99,0.8699494949494949,0.45333809997629754,0.21833191330216142,67.5,62.536764705882355,2816,0.9478518518518518,35.15625,0.6380575299263,0.786,0.08440170940170941,0.023668639053254437,0.27299703264094954,0.2493283935876951,82,0.82,84,99,0.99,471,99,0.99,951
1,hivpr,boba_ucb,36286,536,0.0147715372319903,2560,312,0.858573717948718,0.45696928772322637,0.2242681172921178,67.69776119402985,67.69776119402985,4352,0.9850079920630547,118.10661764705883,0.5077415704727173,0.62,0.5123456790123457,0.06336088154269973,0.2298787210584344,0.16651783951573468,100,0.1865671641791045,100,484,0.9029850746268657,497,514,0.9589552238805971,918
1,hivpr,rabvs_budgeted_reliable,36286,536,0.0147715372319903,2560,312,0.858573717948718,0.45696928772322637,0.2242681172921178,67.69776119402985,67.51126598412894,4352,0.9850079920630547,117.87683823529412,0.5115007758140564,0.794,0.5061099796334012,0.06336088154269973,0.2298787210584344,0.16651783951573468,100,0.1865671641791045,100,480,0.8955223880597015,497,513,0.957089552238806,969
1,hivpr,rabvs_budgeted_no_ucb,36286,536,0.0147715372319903,2560,513,0.8246832358674464,0.4554460391267334,0.22005981853657175,67.69776119402985,67.69776119402985,4352,0.9850079920630547,119.71507352941177,0.5160799026489258,0.789,0.5168884339815762,0.031955922865013774,0.2607497243660419,0.2287938015010281,100,0.1865671641791045,100,474,0.8843283582089553,497,521,0.9720149253731343,975
2,hivpr,boba_ucb,36286,536,0.0147715372319903,2560,338,0.764792899408284,0.4567508710361212,0.22439954475565377,67.69776119402985,67.69776119402985,4352,0.9850079920630547,118.56617647058823,0.4992760121822357,0.593,0.5107692307692308,0.05950413223140496,0.23042998897464168,0.1709258567432367,100,0.1865671641791045,100,491,0.9160447761194029,500,516,0.9626865671641791,917
2,hivpr,rabvs_budgeted_reliable,36286,536,0.0147715372319903,2560,338,0.764792899408284,0.4567508710361212,0.22439954475565377,67.69776119402985,67.32477077422803,4352,0.9850079920630547,118.79595588235294,0.5026479959487915,0.773,0.509683995922528,0.05950413223140496,0.23042998897464168,0.1709258567432367,100,0.1865671641791045,100,470,0.8768656716417911,497,517,0.9645522388059702,967
2,hivpr,rabvs_budgeted_no_ucb,36286,536,0.0147715372319903,2560,512,0.829345703125,0.4555634601577552,0.2198312692464307,67.69776119402985,67.69776119402985,4352,0.9850079920630547,121.09375,0.5180264711380005,0.804,0.5204081632653061,0.027548209366391185,0.2657111356119074,0.23816292624551622,100,0.1865671641791045,100,480,0.8955223880597015,498,527,0.9832089552238806,975
1,hivrt,boba_ucb,19229,338,0.017577617140776953,2560,247,0.5991902834008097,0.449549857451774,0.22292807914040033,56.890532544378694,56.890532544378694,3584,0.9767018565708045,82.58928571428571,0.6117461323738098,0.497,0.30939226519337015,0.07796257796257797,0.24765868886576484,0.16969611090318687,100,0.2958579881656805,100,269,0.7958579881656804,474,296,0.8757396449704142,902
1,hivrt,rabvs_budgeted_reliable,19229,338,0.017577617140776953,2560,247,0.5991902834008097,0.449549857451774,0.22292807914040033,56.890532544378694,37.03810712524654,3584,0.9767018565708045,82.86830357142857,0.6095319986343384,0.5720000000000001,0.302475780409042,0.07796257796257797,0.24765868886576484,0.16969611090318687,100,0.2958579881656805,100,269,0.7958579881656804,496,297,0.878698224852071,936
1,hivrt,rabvs_budgeted_no_ucb,19229,338,0.017577617140776953,2560,290,0.7306034482758621,0.44968712037192854,0.22075476718338846,56.890532544378694,40.59376540927021,3584,0.9767018565708045,83.42633928571429,0.6104873418807983,0.609,0.30267379679144385,0.08212058212058213,0.24349635796045785,0.16137577583987572,100,0.2958579881656805,100,286,0.8461538461538461,496,299,0.8846153846153846,943
2,hivrt,boba_ucb,19229,338,0.017577617140776953,2560,241,0.6683091286307054,0.44928260523133257,0.22412740296576128,56.890532544378694,56.890532544378694,3584,0.9767018565708045,81.47321428571429,0.606451690196991,0.505,0.2916666666666667,0.07692307692307693,0.24765868886576484,0.1707356119426879,100,0.2958579881656805,100,269,0.7958579881656804,485,292,0.863905325443787,926
2,hivrt,rabvs_budgeted_reliable,19229,338,0.017577617140776953,2560,241,0.6683091286307054,0.44928260523133257,0.22412740296576128,56.890532544378694,38.81593626725838,3584,0.9767018565708045,81.47321428571429,0.6041555404663086,0.577,0.2879746835443038,0.07692307692307693,0.24765868886576484,0.1707356119426879,100,0.2958579881656805,100,266,0.7869822485207101,494,292,0.863905325443787,952
2,hivrt,rabvs_budgeted_no_ucb,19229,338,0.017577617140776953,2560,290,0.7155172413793104,0.4496019688883245,0.22165035309932324,56.890532544378694,39.40854598126233,3584,0.9767018565708045,84.82142857142857,0.6142422556877136,0.593,0.30328738069989397,0.08731808731808732,0.24349635796045785,0.15617827064237053,100,0.2958579881656805,100,286,0.8461538461538461,494,304,0.8994082840236687,944
1,hmdh,boba_ucb,8920,170,0.01905829596412556,2560,166,0.875,0.44488231177610693,0.21234845402129587,52.470588235294116,52.470588235294116,3072,0.95695067264574,55.338541666666664,0.5992980003356934,0.528,0.16259298618490967,0.01569506726457399,0.3654708520179372,0.34977578475336324,100,0.5882352941176471,100,170,1.0,454,170,1.0,887
1,hmdh,rabvs_budgeted_reliable,8920,170,0.01905829596412556,2560,166,0.875,0.44488231177610693,0.21234845402129587,52.470588235294116,52.470588235294116,3072,0.95695067264574,55.338541666666664,0.598294734954834,0.841,0.15838509316770186,0.01569506726457399,0.3654708520179372,0.34977578475336324,100,0.5882352941176471,100,170,1.0,490,170,1.0,967
1,hmdh,rabvs_budgeted_no_ucb,8920,170,0.01905829596412556,2560,170,0.8738970588235294,0.4455944751735816,0.20993956728675742,52.470588235294116,52.470588235294116,3072,0.95695067264574,55.338541666666664,0.6058472990989685,0.881,0.1612223393045311,0.013452914798206279,0.36771300448430494,0.3542600896860987,100,0.5882352941176471,100,170,1.0,493,170,1.0,963
2,hmdh,boba_ucb,8920,170,0.01905829596412556,2560,170,0.8580882352941176,0.4463994476980887,0.21446058653443212,52.470588235294116,52.470588235294116,3072,0.95695067264574,55.338541666666664,0.6104191541671753,0.5489999999999999,0.16887417218543047,0.011210762331838564,0.36995515695067266,0.3587443946188341,100,0.5882352941176471,100,170,1.0,445,170,1.0,853
2,hmdh,rabvs_budgeted_reliable,8920,170,0.01905829596412556,2560,170,0.8580882352941176,0.4463994476980887,0.21446058653443212,52.470588235294116,52.470588235294116,3072,0.95695067264574,55.338541666666664,0.601748526096344,0.874,0.15871369294605808,0.011210762331838564,0.36995515695067266,0.3587443946188341,100,0.5882352941176471,100,170,1.0,495,170,1.0,965
2,hmdh,rabvs_budgeted_no_ucb,8920,170,0.01905829596412556,2560,170,0.8746323529411765,0.44562804558585944,0.2100443054016777,52.470588235294116,52.470588235294116,3072,0.95695067264574,55.338541666666664,0.6097252368927002,0.881,0.15904365904365905,0.011210762331838564,0.36995515695067266,0.3587443946188341,100,0.5882352941176471,100,170,1.0,491,170,1.0,960
1,hs90a,boba_ucb,4938,88,0.017820980153908466,2560,88,0.8579545454545454,0.4455791596175544,0.21109128834693827,56.11363636363636,56.11363636363636,2757,0.9302095990279465,31.91875226695684,0.6304160952568054,0.51,0.03411764705882353,0.024291497975708502,0.3319838056680162,0.3076923076923077,88,1.0,42,88,1.0,407,88,1.0,844
1,hs90a,rabvs_budgeted_reliable,4938,88,0.017820980153908466,2560,88,0.8579545454545454,0.4455791596175544,0.21109128834693827,56.11363636363636,53.82328385899814,2757,0.9302095990279465,31.91875226695684,0.6288547515869141,0.718,0.03333333333333333,0.024291497975708502,0.3319838056680162,0.3076923076923077,88,1.0,43,88,1.0,439,88,1.0,906
1,hs90a,rabvs_budgeted_no_ucb,4938,88,0.017820980153908466,2560,88,0.875,0.44530816150064184,0.20924536486414003,56.11363636363636,54.96846011131725,2757,0.9302095990279465,31.91875226695684,0.6303437352180481,0.754,0.0330672748004561,0.024291497975708502,0.3319838056680162,0.3076923076923077,88,1.0,43,88,1.0,437,88,1.0,908
2,hs90a,boba_ucb,4938,88,0.017820980153908466,2560,88,0.8707386363636364,0.44553416218352765,0.2111413677999069,56.11363636363636,56.11363636363636,2757,0.9302095990279465,31.91875226695684,0.6284939646720886,0.485,0.03591470258136925,0.024291497975708502,0.3319838056680162,0.3076923076923077,88,1.0,42,88,1.0,401,88,1.0,845
2,hs90a,rabvs_budgeted_reliable,4938,88,0.017820980153908466,2560,88,0.8707386363636364,0.44553416218352765,0.2111413677999069,56.11363636363636,53.82328385899814,2757,0.9302095990279465,31.91875226695684,0.6296027898788452,0.71,0.03690888119953864,0.024291497975708502,0.3319838056680162,0.3076923076923077,88,1.0,42,88,1.0,437,88,1.0,904
2,hs90a,rabvs_budgeted_no_ucb,4938,88,0.017820980153908466,2560,88,0.875,0.445318875030075,0.2094588304869821,56.11363636363636,54.96846011131725,2757,0.9302095990279465,31.91875226695684,0.63018399477005,0.741,0.03695150115473441,0.024291497975708502,0.3319838056680162,0.3076923076923077,88,1.0,43,88,1.0,435,88,1.0,909
1,hxk4,boba_ucb,4792,92,0.019198664440734557,2560,92,0.8729619565217391,0.44231748601167964,0.20673017509144714,52.08695652173913,52.08695652173913,2751,0.928239774624374,33.44238458742276,0.6074633002281189,0.56,0.05555555555555555,0.016666666666666666,0.36666666666666664,0.35,92,1.0,60,92,1.0,437,92,1.0,894
1,hxk4,rabvs_budgeted_reliable,4792,92,0.019198664440734557,2560,92,0.8729619565217391,0.44231748601167964,0.20673017509144714,52.08695652173913,52.08695652173913,2751,0.928239774624374,33.44238458742276,0.6092824339866638,0.787,0.0562429696287964,0.016666666666666666,0.36666666666666664,0.35,92,1.0,60,92,1.0,460,92,1.0,945
1,hxk4,rabvs_budgeted_no_ucb,4792,92,0.019198664440734557,2560,92,0.875,0.44199731735830056,0.20538207788118487,52.08695652173913,52.08695652173913,2751,0.928239774624374,33.44238458742276,0.6099993586540222,0.812,0.05649717514124294,0.016666666666666666,0.36666666666666664,0.35,92,1.0,60,92,1.0,456,92,1.0,933
2,hxk4,boba_ucb,4792,92,0.019198664440734557,2560,92,0.8675271739130435,0.44248172300773625,0.20746132825602742,52.08695652173913,52.08695652173913,2751,0.928239774624374,33.44238458742276,0.6105194687843323,0.5489999999999999,0.0664488017429194,0.0125,0.37083333333333335,0.35833333333333334,92,1.0,60,92,1.0,439,92,1.0,887
2,hxk4,rabvs_budgeted_reliable,4792,92,0.019198664440734557,2560,92,0.8675271739130435,0.44248172300773625,0.20746132825602742,52.08695652173913,52.08695652173913,2751,0.928239774624374,33.44238458742276,0.610168993473053,0.773,0.06884875846501129,0.0125,0.37083333333333335,0.35833333333333334,92,1.0,60,92,1.0,457,92,1.0,943
2,hxk4,rabvs_budgeted_no_ucb,4792,92,0.019198664440734557,2560,92,0.8743206521739131,0.44201737125427565,0.20523227396124386,52.08695652173913,52.08695652173913,2751,0.928239774624374,33.44238458742276,0.607637882232666,0.827,0.06853932584269663,0.0125,0.37083333333333335,0.35833333333333334,92,1.0,60,92,1.0,457,92,1.0,940
1,igf1r,boba_ucb,9448,148,0.015664690939881456,2560,142,0.8591549295774648,0.4523009304751919,0.22199541752892266,63.83783783783784,63.83783783783784,3072,0.9593564775613886,48.177083333333336,0.6146707534790039,0.486,0.14442013129102846,0.03171247357293869,0.2817796610169492,0.25006718744401046,100,0.6756756756756757,100,145,0.9797297297297297,463,148,1.0,869
1,igf1r,rabvs_budgeted_reliable,9448,148,0.015664690939881456,2560,142,0.8591549295774648,0.4523009304751919,0.22199541752892266,63.83783783783784,63.83783783783784,3072,0.9593564775613886,48.177083333333336,0.6078798174858093,0.788,0.13636363636363635,0.03171247357293869,0.2817796610169492,0.25006718744401046,100,0.6756756756756757,100,146,0.9864864864864865,496,148,1.0,973
1,igf1r,rabvs_budgeted_no_ucb,9448,148,0.015664690939881456,2560,145,0.8629310344827587,0.4517663085434182,0.21730452793557936,63.83783783783784,63.83783783783784,3072,0.9593564775613886,48.177083333333336,0.6085109710693359,0.825,0.13664596273291926,0.035940803382663845,0.2775423728813559,0.24160156949869208,100,0.6756756756756757,100,146,0.9864864864864865,493,148,1.0,979
2,igf1r,boba_ucb,9448,148,0.015664690939881456,2560,137,0.8686131386861314,0.45252428938305056,0.22052109679436896,63.83783783783784,63.83783783783784,3072,0.9593564775613886,47.200520833333336,0.6020532250404358,0.5469999999999999,0.13507853403141362,0.019027484143763214,0.288135593220339,0.2691081090765758,100,0.6756756756756757,100,143,0.9662162162162162,474,145,0.9797297297297297,898
2,igf1r,rabvs_budgeted_reliable,9448,148,0.015664690939881456,2560,137,0.8686131386861314,0.45252428938305056,0.22052109679436896,63.83783783783784,63.83783783783784,3072,0.9593564775613886,46.549479166666664,0.601209819316864,0.833,0.13106295149638802,0.019027484143763214,0.288135593220339,0.2691081090765758,100,0.6756756756756757,100,140,0.9459459459459459,495,143,0.9662162162162162,964
2,igf1r,rabvs_budgeted_no_ucb,9448,148,0.015664690939881456,2560,144,0.8628472222222222,0.4516050344572907,0.21718295084415593,63.83783783783784,63.83783783783784,3072,0.9593564775613886,47.8515625,0.6107298135757446,0.845,0.13547052740434332,0.023255813953488372,0.2902542372881356,0.26699842333464724,100,0.6756756756756757,100,146,0.9864864864864865,498,147,0.9932432432432432,978
1,inha,boba_ucb,2343,43,0.01835253947930004,2343,43,0.8677325581395349,0.43732410365516433,0.20227849589102495,54.48837209302326,54.48837209302326,2653,0.8584613743064448,16.208066339992463,0.6715331673622131,0.5489999999999999,0.024691358024691357,0.0423728813559322,0.3247863247863248,0.2824134434303926,43,1.0,78,43,1.0,381,43,1.0,712
1,inha,rabvs_budgeted_reliable,2343,43,0.01835253947930004,2343,43,0.8677325581395349,0.43732410365516433,0.20227849589102495,54.48837209302326,49.75025278058645,2653,0.8584613743064448,16.208066339992463,0.674619734287262,0.708,0.022950819672131147,0.0423728813559322,0.3247863247863248,0.2824134434303926,43,1.0,80,43,1.0,452,43,1.0,765
1,inha,rabvs_budgeted_no_ucb,2343,43,0.01835253947930004,2343,43,0.872093023255814,0.43732410365516433,0.20227849589102495,54.48837209302326,49.75025278058645,2653,0.8584613743064448,16.208066339992463,0.674619734287262,0.708,0.022950819672131147,0.0423728813559322,0.3247863247863248,0.2824134434303926,43,1.0,80,43,1.0,452,43,1.0,765
2,inha,boba_ucb,2343,43,0.01835253947930004,2343,43,0.8691860465116279,0.43762082498109467,0.20219837089284015,54.48837209302326,54.48837209302326,2653,0.8584613743064448,16.208066339992463,0.6717768311500549,0.5469999999999999,0.02097902097902098,0.05084745762711865,0.3162393162393162,0.2653918586121976,43,1.0,78,43,1.0,388,43,1.0,720
2,inha,rabvs_budgeted_reliable,2343,43,0.01835253947930004,2343,43,0.8691860465116279,0.43762082498109467,0.20219837089284015,54.48837209302326,52.119312436804854,2653,0.8584613743064448,16.208066339992463,0.6742388606071472,0.71,0.019736842105263157,0.05084745762711865,0.3162393162393162,0.2653918586121976,43,1.0,80,43,1.0,453,43,1.0,769
2,inha,rabvs_budgeted_no_ucb,2343,43,0.01835253947930004,2343,43,0.875,0.43762082498109467,0.20219837089284015,54.48837209302326,52.119312436804854,2653,0.8584613743064448,16.208066339992463,0.6742388606071472,0.71,0.019736842105263157,0.05084745762711865,0.3162393162393162,0.2653918586121976,43,1.0,80,43,1.0,453,43,1.0,769
1,ital,boba_ucb,8638,138,0.015975920351933317,2560,133,0.8369360902255639,0.4507463840376987,0.2200974965366045,62.594202898550726,62.594202898550726,3072,0.9555452651076638,44.921875,0.6050635576248169,0.45399999999999996,0.12996777658431793,0.03009259259259259,0.28935185185185186,0.25925925925925924,100,0.7246376811594203,100,138,1.0,446,138,1.0,879
1,ital,rabvs_budgeted_reliable,8638,138,0.015975920351933317,2560,133,0.8369360902255639,0.4507463840376987,0.2200974965366045,62.594202898550726,53.86012807549714,3072,0.9555452651076638,44.921875,0.6044226884841919,0.754,0.12525879917184266,0.03009259259259259,0.28935185185185186,0.25925925925925924,88,0.6376811594202898,100,138,1.0,480,138,1.0,956
1,ital,rabvs_budgeted_no_ucb,8638,138,0.015975920351933317,2560,136,0.8690257352941176,0.4505247263009631,0.21454456713868555,62.594202898550726,56.77148634984833,3072,0.9555452651076638,44.270833333333336,0.6043291687965393,0.796,0.12280701754385964,0.02546296296296296,0.28935185185185186,0.2638888888888889,92,0.6666666666666666,100,136,0.9855072463768116,493,136,0.9855072463768116,978
2,ital,boba_ucb,8638,138,0.015975920351933317,2560,132,0.8484848484848485,0.45114383184427403,0.21879440208988846,62.594202898550726,62.594202898550726,3072,0.9555452651076638,44.270833333333336,0.6001845002174377,0.511,0.12754555198285103,0.02546296296296296,0.28935185185185186,0.2638888888888889,100,0.7246376811594203,100,136,0.9855072463768116,464,136,0.9855072463768116,909
2,ital,rabvs_budgeted_reliable,8638,138,0.015975920351933317,2560,132,0.8484848484848485,0.45114383184427403,0.21879440208988846,62.594202898550726,53.86012807549714,3072,0.9555452651076638,44.270833333333336,0.6009728908538818,0.817,0.12318840579710146,0.02546296296296296,0.28935185185185186,0.2638888888888889,88,0.6376811594202898,100,136,0.9855072463768116,492,136,0.9855072463768116,976
2,ital,rabvs_budgeted_no_ucb,8638,138,0.015975920351933317,2560,136,0.8694852941176471,0.450466545369591,0.21453121493314906,62.594202898550726,56.04364678126054,3072,0.9555452651076638,44.270833333333336,0.6055026054382324,0.81,0.12318840579710146,0.020833333333333332,0.29398148148148145,0.27314814814814814,91,0.6594202898550725,100,136,0.9855072463768116,492,136,0.9855072463768116,981
1,jak2,boba_ucb,6607,107,0.016194944755562282,2560,103,0.8483009708737864,0.4507382614522118,0.21906402990336035,61.74766355140187,61.74766355140187,2816,0.9467231723929166,37.997159090909086,0.6251219511032104,0.5640000000000001,0.09816612729234088,0.045317220543806644,0.27575757575757576,0.2304403552137691,99,0.9252336448598131,100,106,0.9906542056074766,475,107,1.0,919
1,jak2,rabvs_budgeted_reliable,6607,107,0.016194944755562282,2560,103,0.8483009708737864,0.4507382614522118,0.21906402990336035,61.74766355140187,61.74766355140187,2816,0.9467231723929166,36.93181818181819,0.6217207312583923,0.848,0.09263157894736843,0.045317220543806644,0.27575757575757576,0.2304403552137691,86,0.8037383177570093,100,104,0.9719626168224299,497,104,0.9719626168224299,984
1,jak2,rabvs_budgeted_no_ucb,6607,107,0.016194944755562282,2560,106,0.8673349056603774,0.45008015078924596,0.21570153220089328,61.74766355140187,61.74766355140187,2816,0.9467231723929166,37.997159090909086,0.6255683302879333,0.848,0.09568874868559411,0.045317220543806644,0.2787878787878788,0.23347065824407215,90,0.8411214953271028,100,107,1.0,496,107,1.0,983
2,jak2,boba_ucb,6607,107,0.016194944755562282,2560,106,0.8142688679245284,0.45044441414908315,0.2187172843818916,61.74766355140187,61.74766355140187,2816,0.9467231723929166,37.997159090909086,0.6277599334716797,0.5549999999999999,0.09923664122137404,0.05740181268882175,0.2636363636363636,0.20623455094754187,100,0.9345794392523364,100,106,0.9906542056074766,479,107,1.0,925
2,jak2,rabvs_budgeted_reliable,6607,107,0.016194944755562282,2560,106,0.8142688679245284,0.45044441414908315,0.2187172843818916,61.74766355140187,61.74766355140187,2816,0.9467231723929166,37.64204545454545,0.6247946619987488,0.829,0.09453781512605042,0.05740181268882175,0.2636363636363636,0.20623455094754187,86,0.8037383177570093,100,106,0.9906542056074766,496,106,0.9906542056074766,989
2,jak2,rabvs_budgeted_no_ucb,6607,107,0.016194944755562282,2560,105,0.8702380952380953,0.45027953018788275,0.21541964651579174,61.74766355140187,61.74766355140187,2816,0.9467231723929166,37.64204545454545,0.6265413761138916,0.858,0.09453781512605042,0.054380664652567974,0.2696969696969697,0.21531630504440175,90,0.8411214953271028,100,106,0.9906542056074766,499,106,0.9906542056074766,989
1,kif11,boba_ucb,6966,116,0.016652311225954636,2560,113,0.831858407079646,0.44932326393159555,0.2172694555224458,60.05172413793104,60.05172413793104,2816,0.9494688486936549,40.127840909090914,0.6484240293502808,0.506,0.0988095238095238,0.04011461318051576,0.28448275862068967,0.2443681454401739,100,0.8620689655172413,61,113,0.9741379310344828,397,113,0.9741379310344828,795
1,kif11,rabvs_budgeted_reliable,6966,116,0.016652311225954636,2560,113,0.831858407079646,0.44932326393159555,0.2172694555224458,60.05172413793104,48.899261083743845,2816,0.9494688486936549,40.127840909090914,0.6416128277778625,0.813,0.09002169197396963,0.04011461318051576,0.28448275862068967,0.2443681454401739,86,0.7413793103448276,68,113,0.9741379310344828,443,113,0.9741379310344828,923
1,kif11,rabvs_budgeted_no_ucb,6966,116,0.016652311225954636,2560,114,0.8645833333333334,0.4489683547671527,0.21508569521021761,60.05172413793104,51.47290640394088,2816,0.9494688486936549,40.83806818181819,0.6384931802749634,0.8280000000000001,0.0913978494623656,0.04297994269340974,0.29022988505747127,0.24724994236406153,88,0.7586206896551724,67,115,0.9913793103448276,447,115,0.9913793103448276,927
2,kif11,boba_ucb,6966,116,0.016652311225954636,2560,115,0.8538043478260869,0.4491269481453422,0.21742743759035302,60.05172413793104,60.05172413793104,2816,0.9494688486936549,41.19318181818181,0.6451436281204224,0.526,0.1011764705882353,0.045845272206303724,0.28735632183908044,0.24151104963277673,100,0.8620689655172413,64,116,1.0,400,116,1.0,793
2,kif11,rabvs_budgeted_reliable,6966,116,0.016652311225954636,2560,115,0.8538043478260869,0.4491269481453422,0.21742743759035302,60.05172413793104,43.751970443349755,2816,0.9494688486936549,41.19318181818181,0.6359267234802246,0.795,0.09297297297297297,0.045845272206303724,0.28735632183908044,0.24151104963277673,81,0.6982758620689655,68,116,1.0,444,116,1.0,921
2,kif11,rabvs_budgeted_no_ucb,6966,116,0.016652311225954636,2560,116,0.8636853448275862,0.4487378662857717,0.21475623107220626,60.05172413793104,48.04137931034483,2816,0.9494688486936549,41.19318181818181,0.6368398070335388,0.836,0.09247311827956989,0.04297994269340974,0.29022988505747127,0.24724994236406153,85,0.7327586206896551,66,116,1.0,443,116,1.0,925
1,kit,boba_ucb,10616,166,0.01563677467972871,2560,157,0.7965764331210191,0.45244116405413715,0.2212811981126359,63.95180722891567,63.95180722891567,3072,0.9638281838733986,53.059895833333336,0.5938886404037476,0.534,0.15671641791044777,0.035781544256120526,0.2749529190207156,0.2391713747645951,100,0.6024096385542169,100,162,0.9759036144578314,480,163,0.9819277108433735,931
1,kit,rabvs_budgeted_reliable,10616,166,0.01563677467972871,2560,157,0.7965764331210191,0.45244116405413715,0.2212811981126359,63.95180722891567,63.95180722891567,3072,0.9638281838733986,53.7109375,0.5889113545417786,0.854,0.15392561983471073,0.035781544256120526,0.2749529190207156,0.2391713747645951,100,0.6024096385542169,100,163,0.9819277108433735,496,165,0.9939759036144579,989
1,kit,rabvs_budgeted_no_ucb,10616,166,0.01563677467972871,2560,162,0.8483796296296297,0.45188403234855773,0.2178211338890983,63.95180722891567,63.95180722891567,3072,0.9638281838733986,53.7109375,0.594207763671875,0.862,0.15408479834539815,0.03954802259887006,0.2730696798493409,0.23352165725047083,100,0.6024096385542169,100,164,0.9879518072289156,493,165,0.9939759036144579,987
2,kit,boba_ucb,10616,166,0.01563677467972871,2560,153,0.8161764705882353,0.45236696060318937,0.22209183294940874,63.95180722891567,63.95180722891567,3072,0.9638281838733986,53.059895833333336,0.5965008735656738,0.5509999999999999,0.15473684210526314,0.054613935969868174,0.2523540489642185,0.1977401129943503,100,0.6024096385542169,100,162,0.9759036144578314,489,163,0.9819277108433735,935
2,kit,rabvs_budgeted_reliable,10616,166,0.01563677467972871,2560,153,0.8161764705882353,0.45236696060318937,0.22209183294940874,63.95180722891567,63.95180722891567,3072,0.9638281838733986,53.059895833333336,0.5917162299156189,0.837,0.15123456790123457,0.054613935969868174,0.2523540489642185,0.1977401129943503,100,0.6024096385542169,100,161,0.9698795180722891,498,163,0.9819277108433735,990
2,kit,rabvs_budgeted_no_ucb,10616,166,0.01563677467972871,2560,164,0.8517530487804879,0.45185212046250905,0.2181792345570311,63.95180722891567,63.95180722891567,3072,0.9638281838733986,53.7109375,0.5998432636260986,0.843,0.15392561983471073,0.04143126177024482,0.2693032015065913,0.2278719397363465,100,0.6024096385542169,100,164,0.9879518072289156,495,165,0.9939759036144579,989
1,kith,boba_ucb,2907,57,0.0196078431372549,2560,57,0.875,0.4398369545692303,0.20567587851346517,51.0,51.0,2676,0.8849329205366357,21.300448430493272,0.6507610082626343,0.5369999999999999,0.022606382978723406,0.0136986301369863,0.3793103448275862,0.3656117146905999,57,1.0,67,57,1.0,420,57,1.0,827
1,kith,rabvs_budgeted_reliable,2907,57,0.0196078431372549,2560,57,0.875,0.4398369545692303,0.20567587851346517,51.0,51.0,2676,0.8849329205366357,21.300448430493272,0.6532163619995117,0.761,0.021822849807445442,0.0136986301369863,0.3793103448275862,0.3656117146905999,57,1.0,70,57,1.0,457,57,1.0,936
1,kith,rabvs_budgeted_no_ucb,2907,57,0.0196078431372549,2560,57,0.875,0.43943756361460573,0.20441500288584857,51.0,51.0,2676,0.8849329205366357,21.300448430493272,0.6508786678314209,0.771,0.021822849807445442,0.0136986301369863,0.3793103448275862,0.3656117146905999,57,1.0,70,57,1.0,461,57,1.0,936
2,kith,boba_ucb,2907,57,0.0196078431372549,2560,57,0.875,0.43991091304088153,0.20515179845429685,51.0,51.0,2676,0.8849329205366357,21.300448430493272,0.6518216133117676,0.5609999999999999,0.027925531914893616,0.0273972602739726,0.36551724137931035,0.33811998110533775,57,1.0,67,57,1.0,426,57,1.0,821
2,kith,rabvs_budgeted_reliable,2907,57,0.0196078431372549,2560,57,0.875,0.43991091304088153,0.20515179845429685,51.0,51.0,2676,0.8849329205366357,21.300448430493272,0.6540437340736389,0.758,0.02796271637816245,0.0273972602739726,0.36551724137931035,0.33811998110533775,57,1.0,70,57,1.0,461,57,1.0,938
2,kith,rabvs_budgeted_no_ucb,2907,57,0.0196078431372549,2560,57,0.875,0.4392477994277564,0.2050526010333452,51.0,51.0,2676,0.8849329205366357,21.300448430493272,0.6533083915710449,0.773,0.02774108322324967,0.03424657534246575,0.3586206896551724,0.3243741143127067,57,1.0,70,57,1.0,452,57,1.0,929
1,kpcb,boba_ucb,8835,135,0.015280135823429542,2560,127,0.7962598425196851,0.45361523101902557,0.2210097128820067,65.44444444444444,65.44444444444444,3072,0.9565365025466893,43.9453125,0.6373615860939026,0.43500000000000005,0.13553530751708429,0.04751131221719457,0.251131221719457,0.20361990950226244,100,0.7407407407407407,100,131,0.9703703703703703,436,135,1.0,859
1,kpcb,rabvs_budgeted_reliable,8835,135,0.015280135823429542,2560,127,0.7962598425196851,0.45361523101902557,0.2210097128820067,65.44444444444444,58.75126262626262,3072,0.9565365025466893,43.294270833333336,0.6305502653121948,0.726,0.1225130890052356,0.04751131221719457,0.251131221719457,0.20361990950226244,91,0.674074074074074,100,133,0.9851851851851852,487,133,0.9851851851851852,962
1,kpcb,rabvs_budgeted_no_ucb,8835,135,0.015280135823429542,2560,134,0.8334888059701493,0.4531621632349037,0.22012535249699308,65.44444444444444,49.8270202020202,3072,0.9565365025466893,43.9453125,0.6478234529495239,0.738,0.12526315789473685,0.05429864253393665,0.251131221719457,0.19683257918552036,79,0.5851851851851851,99,135,1.0,473,135,1.0,943
2,kpcb,boba_ucb,8835,135,0.015280135823429542,2560,128,0.81787109375,0.45323122198793353,0.22167484547331348,65.44444444444444,65.44444444444444,3072,0.9565365025466893,42.643229166666664,0.6590015292167664,0.42200000000000004,0.12777777777777777,0.03167420814479638,0.2647058823529412,0.2330316742081448,100,0.7407407407407407,100,130,0.9629629629629629,450,131,0.9703703703703703,847
2,kpcb,rabvs_budgeted_reliable,8835,135,0.015280135823429542,2560,128,0.81787109375,0.45323122198793353,0.22167484547331348,65.44444444444444,54.28914141414142,3072,0.9565365025466893,43.294270833333336,0.6471730470657349,0.706,0.1239406779661017,0.03167420814479638,0.2647058823529412,0.2330316742081448,85,0.6296296296296297,100,130,0.9629629629629629,477,133,0.9851851851851852,958
2,kpcb,rabvs_budgeted_no_ucb,8835,135,0.015280135823429542,2560,132,0.8503787878787878,0.45244680272766624,0.2185179550368055,65.44444444444444,49.083333333333336,3072,0.9565365025466893,43.619791666666664,0.6363186836242676,0.75,0.12394957983193278,0.04072398190045249,0.2647058823529412,0.2239819004524887,78,0.5777777777777777,99,134,0.9925925925925926,478,134,0.9925925925925926,963
1,lck,boba_ucb,27820,420,0.01509705248023005,2560,288,0.8203125,0.4550119534856631,0.22344327155857105,66.23809523809524,66.23809523809524,3840,0.98274622573688,105.72916666666667,0.557095468044281,0.65,0.40330920372285417,0.05751258087706686,0.2415528396836808,0.18404025880661395,100,0.23809523809523808,100,392,0.9333333333333333,490,406,0.9666666666666667,941
1,lck,rabvs_budgeted_reliable,27820,420,0.01509705248023005,2560,288,0.8203125,0.4550119534856631,0.22344327155857105,66.23809523809524,66.23809523809524,3840,0.98274622573688,104.6875,0.5548915266990662,0.782,0.39549180327868855,0.05751258087706686,0.2415528396836808,0.18404025880661395,100,0.23809523809523808,100,390,0.9285714285714286,494,402,0.9571428571428572,968
1,lck,rabvs_budgeted_no_ucb,27820,420,0.01509705248023005,2560,401,0.8201371571072319,0.454451056917837,0.22011937009002794,66.23809523809524,66.23809523809524,3840,0.98274622573688,105.46875,0.5602051019668579,0.8220000000000001,0.3965341488277268,0.038820992092020126,0.2616822429906542,0.22286125089863407,100,0.23809523809523808,100,400,0.9523809523809523,491,405,0.9642857142857143,980
2,lck,boba_ucb,27820,420,0.01509705248023005,2560,312,0.8141025641025641,0.4553503063453277,0.22370065090120533,66.23809523809524,66.23809523809524,3840,0.98274622573688,102.60416666666666,0.5438624024391174,0.706,0.391304347826087,0.052480230050323505,0.2372393961179008,0.18475916606757728,100,0.23809523809523808,100,387,0.9214285714285714,489,394,0.9380952380952381,951
2,lck,rabvs_budgeted_reliable,27820,420,0.01509705248023005,2560,312,0.8141025641025641,0.4553503063453277,0.22370065090120533,66.23809523809524,66.23809523809524,3840,0.98274622573688,102.60416666666666,0.5461280941963196,0.866,0.38769230769230767,0.052480230050323505,0.2372393961179008,0.18475916606757728,100,0.23809523809523808,100,388,0.9238095238095239,492,394,0.9380952380952381,977
2,lck,rabvs_budgeted_no_ucb,27820,420,0.01509705248023005,2560,394,0.8399428934010152,0.4543452997643667,0.21924394839579683,66.23809523809524,66.23809523809524,3840,0.98274622573688,103.38541666666666,0.5601413249969482,0.894,0.39117043121149897,0.035201149425287355,0.26024442846872753,0.22504327904344018,100,0.23809523809523808,100,394,0.9380952380952381,491,397,0.9452380952380952,980
1,lkha4,boba_ucb,9621,171,0.01777362020579981,2560,171,0.8486842105263158,0.44832899031131745,0.21434050717549546,56.26315789473685,56.26315789473685,3072,0.9600873090115373,55.6640625,0.6450892090797424,0.596,0.18159509202453988,0.02074688796680498,0.33471933471933474,0.3139724467525298,100,0.5847953216374269,100,171,1.0,443,171,1.0,793
1,lkha4,rabvs_budgeted_reliable,9621,171,0.01777362020579981,2560,171,0.8486842105263158,0.44832899031131745,0.21434050717549546,56.26315789473685,56.26315789473685,3072,0.9600873090115373,55.6640625,0.6378098130226135,0.842,0.15828877005347594,0.02074688796680498,0.33471933471933474,0.3139724467525298,100,0.5847953216374269,100,171,1.0,483,171,1.0,959
1,lkha4,rabvs_budgeted_no_ucb,9621,171,0.01777362020579981,2560,170,0.8724264705882353,0.44819805399969675,0.2123523270112401,56.26315789473685,56.26315789473685,3072,0.9600873090115373,55.338541666666664,0.635166347026825,0.877,0.15789473684210525,0.016597510373443983,0.3388773388773389,0.3222798285038949,100,0.5847953216374269,100,170,0.9941520467836257,486,170,0.9941520467836257,959
2,lkha4,boba_ucb,9621,171,0.01777362020579981,2560,168,0.8649553571428571,0.4483508680468645,0.21405605806990405,56.26315789473685,56.26315789473685,3072,0.9600873090115373,55.6640625,0.6267272233963013,0.659,0.17681498829039813,0.026970954356846474,0.3284823284823285,0.301511374125482,100,0.5847953216374269,100,171,1.0,442,171,1.0,814
2,lkha4,rabvs_budgeted_reliable,9621,171,0.01777362020579981,2560,168,0.8649553571428571,0.4483508680468645,0.21405605806990405,56.26315789473685,56.26315789473685,3072,0.9600873090115373,55.338541666666664,0.6232118606567383,0.886,0.15789473684210525,0.026970954356846474,0.3284823284823285,0.301511374125482,100,0.5847953216374269,100,169,0.9883040935672515,493,170,0.9941520467836257,958
2,lkha4,rabvs_budgeted_no_ucb,9621,171,0.01777362020579981,2560,170,0.8702205882352941,0.4483174628463173,0.21199811411541045,56.26315789473685,56.26315789473685,3072,0.9600873090115373,55.6640625,0.6340762376785278,0.892,0.16132478632478633,0.024896265560165973,0.3305613305613306,0.3056650650011646,100,0.5847953216374269,100,171,1.0,494,171,1.0,964
1,mapk2,boba_ucb,6251,101,0.016157414813629818,2560,97,0.8344072164948454,0.45083745462396985,0.21734767464937524,61.8910891089109,61.8910891089109,2810,0.9438089905615101,35.94306049822064,0.6301354765892029,0.505,0.09152542372881356,0.025559105431309903,0.28753993610223644,0.26198083067092653,97,0.9603960396039604,76,97,0.9603960396039604,435,101,1.0,850
1,mapk2,rabvs_budgeted_reliable,6251,101,0.016157414813629818,2560,97,0.8344072164948454,0.45083745462396985,0.21734767464937524,61.8910891089109,58.943894389438945,2810,0.9438089905615101,34.519572953736656,0.6456770300865173,0.747,0.08217716115261472,0.025559105431309903,0.28753993610223644,0.26198083067092653,85,0.8415841584158416,83,97,0.9603960396039604,469,97,0.9603960396039604,933
1,mapk2,rabvs_budgeted_no_ucb,6251,101,0.016157414813629818,2560,101,0.8545792079207921,0.4497460293533234,0.2144362528221587,61.8910891089109,57.961496149614966,2810,0.9438089905615101,35.94306049822064,0.6513534784317017,0.784,0.08663101604278074,0.02875399361022364,0.2939297124600639,0.26517571884984026,88,0.8712871287128713,83,101,1.0,470,101,1.0,942
2,mapk2,boba_ucb,6251,101,0.016157414813629818,2560,95,0.8690789473684211,0.45117061949777226,0.2175145277707723,61.8910891089109,61.8910891089109,2810,0.9438089905615101,35.23131672597865,0.6318066716194153,0.515,0.08071748878923767,0.038338658146964855,0.2715654952076677,0.23322683706070285,95,0.9405940594059405,76,96,0.9504950495049505,449,99,0.9801980198019802,884
2,mapk2,rabvs_budgeted_reliable,6251,101,0.016157414813629818,2560,95,0.8690789473684211,0.45117061949777226,0.2175145277707723,61.8910891089109,59.92629262926293,2810,0.9438089905615101,34.16370106761566,0.6424456834793091,0.742,0.0750816104461371,0.038338658146964855,0.2715654952076677,0.23322683706070285,86,0.8514851485148515,83,96,0.9504950495049505,472,96,0.9504950495049505,947
2,mapk2,rabvs_budgeted_no_ucb,6251,101,0.016157414813629818,2560,96,0.8723958333333334,0.45060782451742104,0.21551025753776168,61.8910891089109,58.943894389438945,2810,0.9438089905615101,34.16370106761566,0.644729495048523,0.802,0.0755750273822563,0.02875399361022364,0.28115015974440893,0.2523961661341853,90,0.8910891089108911,80,96,0.9504950495049505,466,96,0.9504950495049505,934
1,mcr,boba_ucb,5244,94,0.01792524790236461,2560,94,0.8324468085106383,0.4450604639310381,0.2136683843445334,55.78723404255319,55.78723404255319,2769,0.933995995423341,33.947273383893105,0.652643620967865,0.558,0.08400460299194476,0.053231939163498096,0.3053435114503817,0.2521115722868836,94,1.0,74,94,1.0,434,94,1.0,861
1,mcr,rabvs_budgeted_reliable,5244,94,0.01792524790236461,2560,94,0.8324468085106383,0.4450604639310381,0.2136683843445334,55.78723404255319,42.91325695581015,2769,0.933995995423341,33.947273383893105,0.6331740617752075,0.776,0.07866379310344827,0.053231939163498096,0.3053435114503817,0.2521115722868836,80,0.851063829787234,82,94,1.0,470,94,1.0,952
1,mcr,rabvs_budgeted_no_ucb,5244,94,0.01792524790236461,2560,94,0.8710106382978723,0.4448549582282165,0.21175921210532445,55.78723404255319,42.91325695581015,2769,0.933995995423341,33.947273383893105,0.6395276784896851,0.79,0.07857911733046287,0.053231939163498096,0.3053435114503817,0.2521115722868836,80,0.851063829787234,82,94,1.0,468,94,1.0,953
2,mcr,boba_ucb,5244,94,0.01792524790236461,2560,93,0.8588709677419355,0.445462110526845,0.21381468447133256,55.78723404255319,55.78723404255319,2769,0.933995995423341,33.947273383893105,0.6568253636360168,0.525,0.08175355450236967,0.04182509505703422,0.31679389312977096,0.2749687980727368,93,0.9893617021276596,75,94,1.0,436,94,1.0,849
2,mcr,rabvs_budgeted_reliable,5244,94,0.01792524790236461,2560,93,0.8588709677419355,0.445462110526845,0.21381468447133256,55.78723404255319,45.05891980360065,2769,0.933995995423341,33.947273383893105,0.636963963508606,0.795,0.07549234135667396,0.04182509505703422,0.31679389312977096,0.2749687980727368,79,0.8404255319148937,83,94,1.0,469,94,1.0,954
2,mcr,rabvs_budgeted_no_ucb,5244,94,0.01792524790236461,2560,94,0.8650265957446809,0.4447219886241568,0.2112900317106175,55.78723404255319,42.91325695581015,2769,0.933995995423341,33.947273383893105,0.6349896192550659,0.817,0.0749185667752443,0.060836501901140684,0.29770992366412213,0.23687342176298146,80,0.851063829787234,82,94,1.0,471,94,1.0,958
1,met,boba_ucb,11416,166,0.014540995094604065,2560,149,0.8326342281879194,0.4537363909053038,0.22288399290472752,68.7710843373494,68.7710843373494,3072,0.9663629992992292,53.385416666666664,0.6264980435371399,0.505,0.15546218487394958,0.0542907180385289,0.2329246935201401,0.17863397548161122,100,0.6024096385542169,100,164,0.9879518072289156,480,164,0.9879518072289156,937
1,met,rabvs_budgeted_reliable,11416,166,0.014540995094604065,2560,149,0.8326342281879194,0.4537363909053038,0.22288399290472752,68.7710843373494,59.722257450856056,3072,0.9663629992992292,53.7109375,0.6189109086990356,0.785,0.15376676986584106,0.0542907180385289,0.2329246935201401,0.17863397548161122,96,0.5783132530120482,100,163,0.9819277108433735,492,165,0.9939759036144579,985
1,met,rabvs_budgeted_no_ucb,11416,166,0.014540995094604065,2560,163,0.8565950920245399,0.4535523436880273,0.21864264066654157,68.7710843373494,60.9287677023885,3072,0.9663629992992292,53.385416666666664,0.6088746190071106,0.842,0.1522633744855967,0.040280210157618214,0.2486865148861646,0.2084063047285464,100,0.6024096385542169,100,163,0.9819277108433735,491,164,0.9879518072289156,990
2,met,boba_ucb,11416,166,0.014540995094604065,2560,159,0.782625786163522,0.45432952115808045,0.22221240150251936,68.7710843373494,68.7710843373494,3072,0.9663629992992292,53.385416666666664,0.6173546314239502,0.493,0.1549738219895288,0.03327495621716287,0.2539404553415061,0.22066549912434325,100,0.6024096385542169,100,163,0.9819277108433735,487,164,0.9879518072289156,947
2,met,rabvs_budgeted_reliable,11416,166,0.014540995094604065,2560,159,0.782625786163522,0.45432952115808045,0.22221240150251936,68.7710843373494,60.9287677023885,3072,0.9663629992992292,53.059895833333336,0.606859564781189,0.8009999999999999,0.1518595041322314,0.03327495621716287,0.2539404553415061,0.22066549912434325,100,0.6024096385542169,100,162,0.9759036144578314,497,163,0.9819277108433735,991
2,met,rabvs_budgeted_no_ucb,11416,166,0.014540995094604065,2560,165,0.8488636363636364,0.4531181543208354,0.21864341636570553,68.7710843373494,60.9287677023885,3072,0.9663629992992292,54.036458333333336,0.6155979037284851,0.806,0.15527950310559005,0.050788091068301226,0.23992994746059546,0.18914185639229422,98,0.5903614457831325,100,165,0.9939759036144579,488,166,1.0,986
1,mk01,boba_ucb,4629,79,0.017066321019658673,2560,77,0.8400974025974026,0.44809064080227595,0.21872860074712813,58.594936708860764,58.594936708860764,2745,0.9258749189889826,28.77959927140255,0.6499851942062378,0.484,0.03822441430332922,0.08189655172413793,0.2510822510822511,0.16918569935811315,77,0.9746835443037974,63,77,0.9746835443037974,408,79,1.0,800
1,mk01,rabvs_budgeted_reliable,4629,79,0.017066321019658673,2560,77,0.8400974025974026,0.44809064080227595,0.21872860074712813,58.594936708860764,45.856906989543205,2745,0.9258749189889826,28.051001821493625,0.6481619477272034,0.692,0.03456495828367104,0.08189655172413793,0.2510822510822511,0.16918569935811315,73,0.9240506329113924,66,77,0.9746835443037974,435,77,0.9746835443037974,902
1,mk01,rabvs_budgeted_no_ucb,4629,79,0.017066321019658673,2560,79,0.8496835443037974,0.44715945305844035,0.21667763544332905,58.594936708860764,39.48789212988443,2745,0.9258749189889826,28.77959927140255,0.649882972240448,0.7030000000000001,0.03672985781990521,0.07758620689655173,0.26406926406926406,0.18648305717271235,65,0.8227848101265823,73,79,1.0,446,79,1.0,907
2,mk01,boba_ucb,4629,79,0.017066321019658673,2560,78,0.8084935897435898,0.448172509603995,0.21865515246558348,58.594936708860764,58.594936708860764,2745,0.9258749189889826,28.77959927140255,0.6539596915245056,0.475,0.03850782190132371,0.07327586206896551,0.2683982683982684,0.1951224063293029,78,0.9873417721518988,60,79,1.0,424,79,1.0,813
2,mk01,rabvs_budgeted_reliable,4629,79,0.017066321019658673,2560,78,0.8084935897435898,0.448172509603995,0.21865515246558348,58.594936708860764,38.21408915795267,2745,0.9258749189889826,28.41530054644809,0.6517234444618225,0.69,0.037125748502994015,0.07327586206896551,0.2683982683982684,0.1951224063293029,72,0.9113924050632911,65,78,0.9873417721518988,449,78,0.9873417721518988,904
2,mk01,rabvs_budgeted_no_ucb,4629,79,0.017066321019658673,2560,79,0.8441455696202531,0.447633734506758,0.21671323698576495,58.594936708860764,43.30930104567969,2745,0.9258749189889826,28.77959927140255,0.6498737931251526,0.6930000000000001,0.03804994054696789,0.08620689655172414,0.2554112554112554,0.16920435885953128,73,0.9240506329113924,66,79,1.0,448,79,1.0,896
1,mk10,boba_ucb,6704,104,0.015513126491646777,2560,102,0.7677696078431373,0.44955521207675025,0.22276259486586145,64.46153846153847,64.46153846153847,2816,0.9474940334128878,36.93181818181819,0.6324396729469299,0.554,0.0962800875273523,0.050595238095238096,0.25671641791044775,0.20612117981520967,95,0.9134615384615384,100,103,0.9903846153846154,480,104,1.0,928
1,mk10,rabvs_budgeted_reliable,6704,104,0.015513126491646777,2560,102,0.7677696078431373,0.44955521207675025,0.22276259486586145,64.46153846153847,64.46153846153847,2816,0.9474940334128878,36.57670454545455,0.6260136365890503,0.767,0.09314775160599571,0.050595238095238096,0.25671641791044775,0.20612117981520967,74,0.7115384615384616,100,103,0.9903846153846154,490,103,0.9903846153846154,983
1,mk10,rabvs_budgeted_no_ucb,6704,104,0.015513126491646777,2560,101,0.8155940594059405,0.4503392261603848,0.21907302365566164,64.46153846153847,62.53731343283582,2816,0.9474940334128878,36.57670454545455,0.6215216517448425,0.8200000000000001,0.0919661733615222,0.08035714285714286,0.22686567164179106,0.1465085287846482,74,0.7115384615384616,100,103,0.9903846153846154,493,103,0.9903846153846154,986
2,mk10,boba_ucb,6704,104,0.015513126491646777,2560,96,0.7955729166666666,0.45105064197297673,0.22085737474120376,64.46153846153847,64.46153846153847,2816,0.9474940334128878,36.57670454545455,0.6246747374534607,0.5820000000000001,0.09294871794871795,0.047619047619047616,0.25671641791044775,0.20909737029140013,93,0.8942307692307693,100,101,0.9711538461538461,488,103,0.9903846153846154,943
2,mk10,rabvs_budgeted_reliable,6704,104,0.015513126491646777,2560,96,0.7955729166666666,0.45105064197297673,0.22085737474120376,64.46153846153847,63.49942594718714,2816,0.9474940334128878,36.57670454545455,0.619062066078186,0.836,0.09157894736842105,0.047619047619047616,0.25671641791044775,0.20909737029140013,71,0.6826923076923077,100,101,0.9711538461538461,498,103,0.9903846153846154,994
2,mk10,rabvs_budgeted_no_ucb,6704,104,0.015513126491646777,2560,100,0.843125,0.4503111607126933,0.2186017366380369,64.46153846153847,63.49942594718714,2816,0.9474940334128878,35.86647727272727,0.621232807636261,0.83,0.08985200845665962,0.0625,0.23880597014925373,0.17630597014925373,72,0.6923076923076923,100,101,0.9711538461538461,492,101,0.9711538461538461,987
1,mk14,boba_ucb,36428,578,0.015866915559459755,2560,450,0.7316666666666667,0.45301225238186194,0.22090902759393313,63.024221453287204,63.024221453287204,4352,0.9850664324146261,128.44669117647058,0.5412915945053101,0.741,0.5592173017507724,0.06586169045005488,0.2515101592531576,0.18564846880310273,100,0.17301038062283736,100,480,0.8304498269896193,500,559,0.967128027681661,965
1,mk14,rabvs_budgeted_reliable,36428,578,0.015866915559459755,2560,450,0.7316666666666667,0.45301225238186194,0.22090902759393313,63.024221453287204,63.024221453287204,4352,0.9850664324146261,129.8253676470588,0.5394843220710754,0.786,0.563076923076923,0.06586169045005488,0.2515101592531576,0.18564846880310273,100,0.17301038062283736,100,431,0.745674740484429,500,565,0.9775086505190311,980
1,mk14,rabvs_budgeted_no_ucb,36428,578,0.015866915559459755,2560,564,0.7749335106382979,0.4524272677253042,0.2176273785292197,63.024221453287204,63.024221453287204,4352,0.9850664324146261,132.35294117647058,0.5397435426712036,0.787,0.576725025746653,0.06311745334796927,0.25370675453047775,0.1905893011825085,100,0.17301038062283736,100,452,0.7820069204152249,500,576,0.9965397923875432,980
2,mk14,boba_ucb,36428,578,0.015866915559459755,2560,430,0.7389534883720931,0.45350194043705727,0.22116286403103128,63.024221453287204,63.024221453287204,4352,0.9850664324146261,127.06801470588236,0.5490089058876038,0.752,0.5570539419087137,0.06695938529088913,0.2498627127951675,0.18290332750427837,100,0.17301038062283736,100,480,0.8304498269896193,499,553,0.9567474048442907,956
2,mk14,rabvs_budgeted_reliable,36428,578,0.015866915559459755,2560,430,0.7389534883720931,0.45350194043705727,0.22116286403103128,63.024221453287204,63.024221453287204,4352,0.9850664324146261,128.90625,0.5462367534637451,0.808,0.5618556701030928,0.06695938529088913,0.2498627127951675,0.18290332750427837,100,0.17301038062283736,100,432,0.7474048442906575,500,561,0.9705882352941176,973
2,mk14,rabvs_budgeted_no_ucb,36428,578,0.015866915559459755,2560,556,0.7669739208633094,0.452463553298261,0.21718708087052568,63.024221453287204,63.024221453287204,4352,0.9850664324146261,131.66360294117646,0.5382227301597595,0.792,0.5748194014447885,0.06147091108671789,0.2553542009884679,0.19388328990175,100,0.17301038062283736,100,455,0.78719723183391,500,573,0.9913494809688581,978
1,mmp13,boba_ucb,37772,572,0.015143492534152283,2560,431,0.6767691415313225,0.4556020112047984,0.22366418095081533,66.03496503496503,66.03496503496503,4352,0.9855977973101768,127.75735294117646,0.5178484320640564,0.30900000000000005,0.5610010427528676,0.04340921122286924,0.2583377448385389,0.21492853361566966,100,0.17482517482517482,100,490,0.8566433566433567,499,556,0.972027972027972,944
1,mmp13,rabvs_budgeted_reliable,37772,572,0.015143492534152283,2560,431,0.6767691415313225,0.4556020112047984,0.22366418095081533,66.03496503496503,56.95078995078995,4352,0.9855977973101768,127.52757352941177,0.5141916871070862,0.382,0.5513347022587269,0.04340921122286924,0.2583377448385389,0.21492853361566966,91,0.1590909090909091,100,448,0.7832167832167832,499,555,0.9702797202797203,975
1,mmp13,rabvs_budgeted_no_ucb,37772,572,0.015143492534152283,2560,559,0.755031305903399,0.45496872428631085,0.22079005693389778,66.03496503496503,55.9026159026159,4352,0.9855977973101768,129.36580882352942,0.513709545135498,0.403,0.562564632885212,0.04182106934886183,0.2599258867125463,0.21810481736368448,94,0.16433566433566432,100,442,0.7727272727272727,499,563,0.9842657342657343,972
2,mmp13,boba_ucb,37772,572,0.015143492534152283,2560,414,0.7910628019323671,0.45543363967149186,0.2231286064350138,66.03496503496503,66.03496503496503,4352,0.9855977973101768,128.90625,0.514235258102417,0.32299999999999995,0.5580678314491264,0.05346744309158285,0.24933827421916357,0.19587083112758072,100,0.17482517482517482,100,491,0.8583916083916084,497,561,0.9807692307692307,932
2,mmp13,rabvs_budgeted_reliable,37772,572,0.015143492534152283,2560,414,0.7910628019323671,0.45543363967149186,0.2231286064350138,66.03496503496503,54.5050505050505,4352,0.9855977973101768,128.44669117647058,0.5118406414985657,0.395,0.5531697341513292,0.05346744309158285,0.24933827421916357,0.19587083112758072,93,0.16258741258741258,100,434,0.7587412587412588,496,559,0.9772727272727273,954
2,mmp13,rabvs_budgeted_no_ucb,37772,572,0.015143492534152283,2560,561,0.7834224598930482,0.4549865057033968,0.22004474213000447,66.03496503496503,57.998963998963994,4352,0.9855977973101768,129.8253676470588,0.5155320763587952,0.41500000000000004,0.561025641025641,0.044997353096876656,0.25780836421386977,0.2128110111169931,93,0.16258741258741258,100,454,0.7937062937062938,499,565,0.9877622377622378,962
1,mp2k1,boba_ucb,8271,121,0.014629428122355218,2560,118,0.7960805084745762,0.45378970634062177,0.22613858116990018,68.35537190082644,68.35537190082644,3072,0.9535727239753355,39.388020833333336,0.636031448841095,0.383,0.12295081967213115,0.06280193236714976,0.22946859903381642,0.16666666666666666,100,0.8264462809917356,100,121,1.0,448,121,1.0,845
1,mp2k1,rabvs_budgeted_reliable,8271,121,0.014629428122355218,2560,118,0.7960805084745762,0.45378970634062177,0.22613858116990018,68.35537190082644,50.237080553619435,3072,0.9535727239753355,39.388020833333336,0.6331662535667419,0.648,0.11437908496732026,0.06280193236714976,0.22946859903381642,0.16666666666666666,78,0.6446280991735537,100,121,1.0,476,121,1.0,945
1,mp2k1,rabvs_budgeted_no_ucb,8271,121,0.014629428122355218,2560,120,0.8442708333333333,0.4539199990365709,0.22135213136873202,68.35537190082644,53.531315344020705,3072,0.9535727239753355,39.388020833333336,0.6368560194969177,0.732,0.11290322580645161,0.06038647342995169,0.22946859903381642,0.16908212560386474,82,0.6776859504132231,100,120,0.9917355371900827,489,121,1.0,973
2,mp2k1,boba_ucb,8271,121,0.014629428122355218,2560,101,0.8168316831683168,0.45574059908626946,0.22704085014492187,68.35537190082644,68.35537190082644,3072,0.9535727239753355,38.411458333333336,0.6448199152946472,0.403,0.11551528878822197,0.07246376811594203,0.21256038647342995,0.14009661835748793,100,0.8264462809917356,100,117,0.9669421487603306,437,118,0.9752066115702479,813
2,mp2k1,rabvs_budgeted_reliable,8271,121,0.014629428122355218,2560,101,0.8168316831683168,0.45574059908626946,0.22704085014492187,68.35537190082644,55.17843273922135,3072,0.9535727239753355,37.109375,0.6418914198875427,0.696,0.10304942166140904,0.07246376811594203,0.21256038647342995,0.14009661835748793,84,0.6942148760330579,100,114,0.9421487603305785,483,114,0.9421487603305785,955
2,mp2k1,rabvs_budgeted_no_ucb,8271,121,0.014629428122355218,2560,118,0.8209745762711864,0.45437902275860725,0.2212905076190851,68.35537190082644,55.17843273922135,3072,0.9535727239753355,38.736979166666664,0.6352023482322693,0.754,0.10853530031612224,0.06280193236714976,0.22705314009661837,0.1642512077294686,84,0.6942148760330579,100,118,0.9752066115702479,491,119,0.9834710743801653,980
1,nos1,boba_ucb,8150,100,0.012269938650306749,2560,100,0.750625,0.4570840711495169,0.22478958273535699,81.5,81.5,3072,0.9528834355828221,32.552083333333336,0.7099543809890747,0.654,0.10657894736842105,0.058823529411764705,0.18627450980392157,0.12745098039215685,98,0.98,100,100,1.0,409,100,1.0,698
1,nos1,rabvs_budgeted_reliable,8150,100,0.012269938650306749,2560,100,0.750625,0.4570840711495169,0.22478958273535699,81.5,58.64024390243902,3072,0.9528834355828221,32.552083333333336,0.7127713561058044,0.8,0.09101123595505618,0.058823529411764705,0.18627450980392157,0.12745098039215685,69,0.69,98,100,1.0,464,100,1.0,898
1,nos1,rabvs_budgeted_no_ucb,8150,100,0.012269938650306749,2560,100,0.8475,0.4570306152692219,0.22351668770593527,81.5,58.64024390243902,3072,0.9528834355828221,32.552083333333336,0.7122793793678284,0.8220000000000001,0.08960176991150443,0.058823529411764705,0.18673218673218672,0.127908657320422,73,0.73,98,100,1.0,472,100,1.0,905
2,nos1,boba_ucb,8150,100,0.012269938650306749,2560,97,0.8356958762886598,0.4566556544773287,0.22606171275798942,81.5,81.5,3072,0.9528834355828221,32.552083333333336,0.7162331342697144,0.634,0.10394736842105264,0.0661764705882353,0.17936117936117937,0.11318470877294408,95,0.95,99,100,1.0,414,100,1.0,734
2,nos1,rabvs_budgeted_reliable,8150,100,0.012269938650306749,2560,97,0.8356958762886598,0.4566556544773287,0.22606171275798942,81.5,58.64024390243902,3072,0.9528834355828221,32.2265625,0.7168326377868652,0.792,0.08764044943820225,0.0661764705882353,0.17936117936117937,0.11318470877294408,66,0.66,96,99,0.99,460,99,0.99,896
2,nos1,rabvs_budgeted_no_ucb,8150,100,0.012269938650306749,2560,100,0.859375,0.45678787313440666,0.22432487614666488,81.5,58.64024390243902,3072,0.9528834355828221,32.552083333333336,0.7114948034286499,0.8140000000000001,0.08826815642458101,0.056372549019607844,0.1891891891891892,0.13281664016958136,72,0.72,97,100,1.0,467,100,1.0,913
1,nram,boba_ucb,6298,98,0.015560495395363607,2560,98,0.8679846938775511,0.450825725131032,0.2149645382239235,64.26530612244898,64.26530612244898,2811,0.9442084788821848,34.863038064745645,0.6173655390739441,0.42700000000000005,0.09455587392550144,0.009523809523809525,0.30158730158730157,0.292063492063492,98,1.0,57,98,1.0,323,98,1.0,655
1,nram,rabvs_budgeted_reliable,6298,98,0.015560495395363607,2560,98,0.8679846938775511,0.450825725131032,0.2149645382239235,64.26530612244898,64.26530612244898,2811,0.9442084788821848,34.863038064745645,0.6300427317619324,0.739,0.07951807228915662,0.009523809523809525,0.30158730158730157,0.292063492063492,98,1.0,57,98,1.0,436,98,1.0,854
1,nram,rabvs_budgeted_no_ucb,6298,98,0.015560495395363607,2560,98,0.875,0.45080181908005,0.21448775736171938,64.26530612244898,64.26530612244898,2811,0.9442084788821848,34.863038064745645,0.6333426833152771,0.776,0.08188585607940446,0.009523809523809525,0.30158730158730157,0.292063492063492,98,1.0,57,98,1.0,420,98,1.0,830
2,nram,boba_ucb,6298,98,0.015560495395363607,2560,97,0.8666237113402062,0.4504130189084101,0.21440177121784626,64.26530612244898,64.26530612244898,2811,0.9442084788821848,34.863038064745645,0.6330799460411072,0.46099999999999997,0.09266943291839558,0.006349206349206349,0.3047619047619048,0.29841269841269846,98,1.0,57,98,1.0,333,98,1.0,650
2,nram,rabvs_budgeted_reliable,6298,98,0.015560495395363607,2560,97,0.8666237113402062,0.4504130189084101,0.21440177121784626,64.26530612244898,64.26530612244898,2811,0.9442084788821848,34.863038064745645,0.6392695903778076,0.739,0.07966706302021404,0.006349206349206349,0.3047619047619048,0.29841269841269846,98,1.0,57,98,1.0,422,98,1.0,838
2,nram,rabvs_budgeted_no_ucb,6298,98,0.015560495395363607,2560,98,0.875,0.4506907247014637,0.21395777500915297,64.26530612244898,64.26530612244898,2811,0.9442084788821848,34.863038064745645,0.6365826725959778,0.776,0.08121212121212121,0.009523809523809525,0.30158730158730157,0.292063492063492,98,1.0,57,98,1.0,425,98,1.0,827
1,pa2ga,boba_ucb,5249,99,0.01886073537816727,2560,99,0.8497474747474747,0.44409159868469816,0.2134435895987843,53.02020202020203,53.02020202020203,2769,0.9340588683558773,35.75297941495124,0.6260127425193787,0.386,0.05867665418227216,0.026615969581749048,0.3511450381679389,0.32452906858618985,99,1.0,38,99,1.0,382,99,1.0,770
1,pa2ga,rabvs_budgeted_reliable,5249,99,0.01886073537816727,2560,99,0.8497474747474747,0.44409159868469816,0.2134435895987843,10.604040404040406,29.568958818958823,2769,0.9340588683558773,35.75297941495124,0.6284187436103821,0.596,0.05703883495145631,0.026615969581749048,0.3511450381679389,0.32452906858618985,68,0.6868686868686869,66,99,1.0,419,99,1.0,846
1,pa2ga,rabvs_budgeted_no_ucb,5249,99,0.01886073537816727,2560,99,0.8535353535353535,0.4439513778222935,0.21077018643191442,10.604040404040406,33.6474358974359,2769,0.9340588683558773,35.75297941495124,0.625982403755188,0.632,0.05669481302774427,0.026615969581749048,0.3511450381679389,0.32452906858618985,70,0.7070707070707071,65,99,1.0,419,99,1.0,849
2,pa2ga,boba_ucb,5249,99,0.01886073537816727,2560,95,0.8611842105263158,0.44445512305164525,0.21219944305215124,53.02020202020203,53.02020202020203,2769,0.9340588683558773,35.75297941495124,0.6212179064750671,0.41100000000000003,0.057387057387057384,0.019011406844106463,0.35877862595419846,0.339767219110092,95,0.9595959595959596,38,99,1.0,387,99,1.0,775
2,pa2ga,rabvs_budgeted_reliable,5249,99,0.01886073537816727,2560,95,0.8611842105263158,0.44445512305164525,0.21219944305215124,31.812121212121212,42.82400932400933,2769,0.9340588683558773,35.75297941495124,0.6272253394126892,0.637,0.0562874251497006,0.019011406844106463,0.35877862595419846,0.339767219110092,86,0.8686868686868687,47,99,1.0,426,99,1.0,859
2,pa2ga,rabvs_budgeted_no_ucb,5249,99,0.01886073537816727,2560,99,0.8623737373737373,0.4436075750071479,0.21064583048050106,10.604040404040406,29.568958818958823,2769,0.9340588683558773,35.75297941495124,0.6273084282875061,0.623,0.05562130177514793,0.030418250950570342,0.3473282442748092,0.31690999332423886,61,0.6161616161616161,73,99,1.0,417,99,1.0,848
1,parp1,boba_ucb,30558,508,0.016624124615485306,2560,300,0.8197916666666667,0.45095774107338843,0.21607762193391206,60.153543307086615,60.153543307086615,4096,0.9832449767654952,123.291015625,0.5465838313102722,0.669,0.5046439628482973,0.07918848167539266,0.2532722513089005,0.17408376963350786,100,0.1968503937007874,100,463,0.9114173228346457,499,505,0.9940944881889764,973
1,parp1,rabvs_budgeted_reliable,30558,508,0.016624124615485306,2560,300,0.8197916666666667,0.45095774107338843,0.21607762193391206,60.153543307086615,60.153543307086615,4096,0.9832449767654952,121.58203125,0.5436381101608276,0.781,0.49334698055271237,0.07918848167539266,0.2532722513089005,0.17408376963350786,100,0.1968503937007874,100,443,0.8720472440944882,500,498,0.9803149606299213,992
1,parp1,rabvs_budgeted_no_ucb,30558,508,0.016624124615485306,2560,504,0.8132440476190477,0.44986551365089417,0.2129909024566809,60.153543307086615,60.153543307086615,4096,0.9832449767654952,123.53515625,0.5523426532745361,0.827,0.5030800821355236,0.04319371727748691,0.28861256544502617,0.24541884816753926,100,0.1968503937007874,100,464,0.9133858267716536,500,506,0.9960629921259843,993
2,parp1,boba_ucb,30558,508,0.016624124615485306,2560,296,0.817356418918919,0.4520101012241129,0.2171324831009833,60.153543307086615,60.153543307086615,4096,0.9832449767654952,122.802734375,0.5552226305007935,0.702,0.5062370062370062,0.10602094240837696,0.22578534031413613,0.11976439790575917,100,0.1968503937007874,100,467,0.9192913385826772,498,503,0.9901574803149606,968
2,parp1,rabvs_budgeted_reliable,30558,508,0.016624124615485306,2560,296,0.817356418918919,0.4520101012241129,0.2171324831009833,60.153543307086615,60.153543307086615,4096,0.9832449767654952,122.0703125,0.5514726042747498,0.823,0.49743062692702983,0.10602094240837696,0.22578534031413613,0.11976439790575917,100,0.1968503937007874,100,452,0.889763779527559,500,500,0.984251968503937,994
2,parp1,rabvs_budgeted_no_ucb,30558,508,0.016624124615485306,2560,504,0.8199404761904762,0.44988715196053525,0.21295105715619922,60.153543307086615,60.153543307086615,4096,0.9832449767654952,123.53515625,0.557792603969574,0.838,0.5020491803278688,0.03861256544502618,0.2931937172774869,0.2545811518324607,100,0.1968503937007874,100,462,0.9094488188976378,500,506,0.9960629921259843,994
1,pde5a,boba_ucb,27948,398,0.014240732789466151,2560,316,0.8152689873417721,0.4555864254981751,0.22176716047526207,70.22110552763819,70.22110552763819,3840,0.982825246887076,100.26041666666667,0.5584484934806824,0.611,0.3800205973223481,0.04864091559370529,0.23478883321403007,0.1861479176203248,100,0.25125628140703515,100,365,0.9170854271356784,493,385,0.9673366834170855,956
1,pde5a,rabvs_budgeted_reliable,27948,398,0.014240732789466151,2560,316,0.8152689873417721,0.4555864254981751,0.22176716047526207,70.22110552763819,60.40525206678554,3840,0.982825246887076,99.47916666666666,0.5586336851119995,0.759,0.3757700205338809,0.04864091559370529,0.23478883321403007,0.1861479176203248,100,0.25125628140703515,100,368,0.9246231155778895,496,382,0.9597989949748744,982
1,pde5a,rabvs_budgeted_no_ucb,27948,398,0.014240732789466151,2560,388,0.8134664948453608,0.45467390030723137,0.2187972147622671,70.22110552763819,63.92889177068137,3840,0.982825246887076,102.08333333333333,0.5586148500442505,0.746,0.3868312757201646,0.03648068669527897,0.24838940586972083,0.21190871917444187,100,0.25125628140703515,100,386,0.9698492462311558,498,392,0.9849246231155779,984
2,pde5a,boba_ucb,27948,398,0.014240732789466151,2560,320,0.66796875,0.4554878144842145,0.22222448778538217,70.22110552763819,70.22110552763819,3840,0.982825246887076,102.08333333333333,0.5642144680023193,0.628,0.38485158648925283,0.04792560801144492,0.23693629205440228,0.18901068404295734,100,0.25125628140703515,100,373,0.9371859296482412,494,392,0.9849246231155779,959
2,pde5a,rabvs_budgeted_reliable,27948,398,0.014240732789466151,2560,320,0.66796875,0.4554878144842145,0.22222448778538217,70.22110552763819,60.65694061706382,3840,0.982825246887076,101.5625,0.5628875494003296,0.76,0.3816326530612245,0.04792560801144492,0.23693629205440228,0.18901068404295734,100,0.25125628140703515,100,374,0.9396984924623115,497,390,0.9798994974874372,981
2,pde5a,rabvs_budgeted_no_ucb,27948,398,0.014240732789466151,2560,387,0.8131459948320413,0.45483480138113985,0.21907554011692004,70.22110552763819,63.42551467012482,3840,0.982825246887076,102.86458333333333,0.5650106072425842,0.738,0.3895169578622816,0.04792560801144492,0.23693629205440228,0.18901068404295734,100,0.25125628140703515,100,385,0.9673366834170855,495,395,0.992462311557789,983
1,pgh1,boba_ucb,10995,195,0.017735334242837655,2560,139,0.6357913669064749,0.44919774748802105,0.22850315137664842,56.38461538461538,56.38461538461538,3072,0.965075034106412,57.291666666666664,0.6617763638496399,0.487,0.18772563176895307,0.09818181818181818,0.22363636363636363,0.12545454545454546,100,0.5128205128205128,100,162,0.8307692307692308,439,176,0.9025641025641026,831
1,pgh1,rabvs_budgeted_reliable,10995,195,0.017735334242837655,2560,139,0.6357913669064749,0.44919774748802105,0.22850315137664842,56.38461538461538,42.03216783216783,3072,0.965075034106412,55.989583333333336,0.6613176465034485,0.599,0.17511520737327188,0.09818181818181818,0.22363636363636363,0.12545454545454546,82,0.4205128205128205,100,163,0.8358974358974359,472,172,0.882051282051282,887
1,pgh1,rabvs_budgeted_no_ucb,10995,195,0.017735334242837655,2560,170,0.7470588235294118,0.4492727924214947,0.22501013172924936,56.38461538461538,45.107692307692304,3072,0.965075034106412,56.966145833333336,0.6519327163696289,0.5920000000000001,0.17593643586833144,0.09818181818181818,0.22363636363636363,0.12545454545454546,87,0.4461538461538462,100,169,0.8666666666666667,482,175,0.8974358974358975,901
2,pgh1,boba_ucb,10995,195,0.017735334242837655,2560,164,0.5598323170731707,0.44894839840966183,0.22847529945356135,56.38461538461538,56.38461538461538,3072,0.965075034106412,59.5703125,0.6446807384490967,0.511,0.19086651053864168,0.09818181818181818,0.23636363636363636,0.13818181818181818,100,0.5128205128205128,100,173,0.8871794871794871,459,183,0.9384615384615385,845
2,pgh1,rabvs_budgeted_reliable,10995,195,0.017735334242837655,2560,164,0.5598323170731707,0.44894839840966183,0.22847529945356135,56.38461538461538,42.03216783216783,3072,0.965075034106412,60.221354166666664,0.6450600028038025,0.583,0.1858108108108108,0.09818181818181818,0.23636363636363636,0.13818181818181818,81,0.4153846153846154,100,172,0.882051282051282,486,185,0.9487179487179487,891
2,pgh1,rabvs_budgeted_no_ucb,10995,195,0.017735334242837655,2560,179,0.7461592178770949,0.44829052245986334,0.2235451279932532,56.38461538461538,44.59510489510489,3072,0.965075034106412,59.5703125,0.646294355392456,0.605,0.18480725623582767,0.09818181818181818,0.24181818181818182,0.14363636363636365,84,0.4307692307692308,100,177,0.9076923076923077,481,183,0.9384615384615385,893
1,pgh2,boba_ucb,23585,435,0.018443926224295103,2560,329,0.7173252279635258,0.44899654605029715,0.2225713340095058,54.2183908045977,54.2183908045977,3840,0.9796480814076743,98.95833333333333,0.6242577433586121,0.606,0.3938730853391685,0.0711864406779661,0.2714164546225615,0.2002300139445954,100,0.22988505747126436,100,354,0.8137931034482758,484,380,0.8735632183908046,881
1,pgh2,rabvs_budgeted_reliable,23585,435,0.018443926224295103,2560,329,0.7173252279635258,0.44899654605029715,0.2225713340095058,54.2183908045977,53.29943502824859,3840,0.9796480814076743,99.21875,0.6209773421287537,0.6819999999999999,0.3832271762208068,0.0711864406779661,0.2714164546225615,0.2002300139445954,100,0.22988505747126436,100,340,0.7816091954022989,494,381,0.8758620689655172,924
1,pgh2,rabvs_budgeted_no_ucb,23585,435,0.018443926224295103,2560,373,0.7664209115281502,0.4494915002824983,0.21811085437303174,54.2183908045977,53.98865186051042,3840,0.9796480814076743,101.5625,0.6196892261505127,0.6799999999999999,0.3897058823529412,0.1,0.2502120441051739,0.1502120441051739,100,0.22988505747126436,100,355,0.8160919540229885,493,390,0.896551724137931,946
2,pgh2,boba_ucb,23585,435,0.018443926224295103,2560,326,0.7147239263803681,0.4486945509740963,0.221179936730577,54.2183908045977,54.2183908045977,3840,0.9796480814076743,96.875,0.6327189207077026,0.556,0.37566702241195304,0.07033898305084746,0.2714164546225615,0.20107747157171402,100,0.22988505747126436,100,347,0.7977011494252874,481,372,0.8551724137931035,904
2,pgh2,rabvs_budgeted_reliable,23585,435,0.018443926224295103,2560,326,0.7147239263803681,0.4486945509740963,0.221179936730577,54.2183908045977,53.52917397233587,3840,0.9796480814076743,97.39583333333333,0.6307110786437988,0.637,0.3746031746031746,0.07033898305084746,0.2714164546225615,0.20107747157171402,100,0.22988505747126436,100,339,0.7793103448275862,496,374,0.8597701149425288,937
2,pgh2,rabvs_budgeted_no_ucb,23585,435,0.018443926224295103,2560,377,0.7645888594164456,0.44949097210143174,0.21905175166059335,54.2183908045977,54.2183908045977,3840,0.9796480814076743,103.64583333333334,0.6206873059272766,0.683,0.4030010718113612,0.08728813559322034,0.26864406779661015,0.1813559322033898,100,0.22988505747126436,100,359,0.825287356321839,495,398,0.9149425287356322,940
1,plk1,boba_ucb,6907,107,0.015491530331547706,2560,104,0.8016826923076923,0.4512723778879934,0.22072149944586059,64.55140186915888,64.55140186915888,2816,0.9490372086289272,37.997159090909086,0.6226059794425964,0.51,0.0945054945054945,0.03757225433526012,0.27246376811594203,0.2348915137806819,100,0.9345794392523364,80,107,1.0,450,107,1.0,903
1,plk1,rabvs_budgeted_reliable,6907,107,0.015491530331547706,2560,104,0.8016826923076923,0.4512723778879934,0.22072149944586059,64.55140186915888,54.2605986726263,2816,0.9490372086289272,37.64204545454545,0.6144235730171204,0.8,0.0906183368869936,0.03757225433526012,0.27246376811594203,0.2348915137806819,86,0.8037383177570093,89,106,0.9906542056074766,471,106,0.9906542056074766,957
1,plk1,rabvs_budgeted_no_ucb,6907,107,0.015491530331547706,2560,106,0.8408018867924528,0.45088861006861586,0.21760459278851493,64.55140186915888,56.131653799268584,2816,0.9490372086289272,37.997159090909086,0.6114732623100281,0.831,0.09110169491525423,0.031791907514450865,0.2782608695652174,0.24646896205076652,89,0.8317757009345794,88,107,1.0,473,107,1.0,962
2,plk1,boba_ucb,6907,107,0.015491530331547706,2560,106,0.8077830188679245,0.4510293128249191,0.22135488494388986,64.55140186915888,64.55140186915888,2816,0.9490372086289272,37.997159090909086,0.6241410970687866,0.522,0.09229098805646037,0.046242774566473986,0.263768115942029,0.217525341375555,100,0.9345794392523364,80,107,1.0,454,107,1.0,896
2,plk1,rabvs_budgeted_reliable,6907,107,0.015491530331547706,2560,106,0.8077830188679245,0.4510293128249191,0.22135488494388986,64.55140186915888,56.131653799268584,2816,0.9490372086289272,37.997159090909086,0.6195814609527588,0.786,0.09052183173588925,0.046242774566473986,0.263768115942029,0.217525341375555,82,0.7663551401869159,90,107,1.0,474,107,1.0,959
2,plk1,rabvs_budgeted_no_ucb,6907,107,0.015491530331547706,2560,107,0.8504672897196262,0.45045191197987416,0.21739178427615144,64.55140186915888,57.067181362589736,2816,0.9490372086289272,37.997159090909086,0.6116359829902649,0.83,0.09042553191489362,0.046242774566473986,0.263768115942029,0.217525341375555,80,0.7476635514018691,91,107,1.0,473,107,1.0,962
1,pnph,boba_ucb,7053,103,0.014603714731320005,2560,103,0.875,0.45204073781960497,0.21598669317391256,68.47572815533981,68.47572815533981,2816,0.9500921593648093,36.57670454545455,0.66429603099823,0.42200000000000004,0.11538461538461539,0.0169971671388102,0.2747875354107649,0.2577903682719547,100,0.970873786407767,77,103,1.0,382,103,1.0,657
1,pnph,rabvs_budgeted_reliable,7053,103,0.014603714731320005,2560,103,0.875,0.45204073781960497,0.21598669317391256,68.47572815533981,66.54683440448517,2816,0.9500921593648093,36.57670454545455,0.6798335313796997,0.6719999999999999,0.09540636042402827,0.0169971671388102,0.2747875354107649,0.2577903682719547,97,0.941747572815534,80,103,1.0,448,103,1.0,853
1,pnph,rabvs_budgeted_no_ucb,7053,103,0.014603714731320005,2560,103,0.875,0.4525040211086465,0.21563692243073082,68.47572815533981,66.54683440448517,2816,0.9500921593648093,36.57670454545455,0.6708921790122986,0.7010000000000001,0.09950859950859951,0.0169971671388102,0.2747875354107649,0.2577903682719547,98,0.9514563106796117,79,103,1.0,448,103,1.0,813
2,pnph,boba_ucb,7053,103,0.014603714731320005,2560,103,0.875,0.45212871302334595,0.21684608858255622,68.47572815533981,68.47572815533981,2816,0.9500921593648093,36.57670454545455,0.6624479293823242,0.45599999999999996,0.11671469740634005,0.031161473087818695,0.26062322946175637,0.22946175637393768,100,0.970873786407767,77,103,1.0,372,103,1.0,654
2,pnph,rabvs_budgeted_reliable,7053,103,0.014603714731320005,2560,103,0.875,0.45212871302334595,0.21684608858255622,68.47572815533981,66.54683440448517,2816,0.9500921593648093,36.57670454545455,0.6794333457946777,0.6779999999999999,0.09782608695652174,0.031161473087818695,0.26062322946175637,0.22946175637393768,95,0.9223300970873787,81,103,1.0,445,103,1.0,839
2,pnph,rabvs_budgeted_no_ucb,7053,103,0.014603714731320005,2560,103,0.875,0.4524592881657856,0.21533521994875968,68.47572815533981,66.54683440448517,2816,0.9500921593648093,36.57670454545455,0.6688269376754761,0.7050000000000001,0.09938650306748466,0.031161473087818695,0.26062322946175637,0.22946175637393768,98,0.9514563106796117,79,103,1.0,442,103,1.0,809
1,ppara,boba_ucb,19772,373,0.018865061703418975,2560,323,0.7848297213622291,0.4475511989826973,0.21638934788987824,53.008042895442365,53.008042895442365,3584,0.9773416953267247,103.79464285714286,0.5442313551902771,0.44899999999999995,0.3811074918566775,0.041456016177957536,0.3346814964610718,0.2932254802831143,100,0.2680965147453083,100,369,0.9892761394101877,478,372,0.9973190348525469,858
1,ppara,rabvs_budgeted_reliable,19772,373,0.018865061703418975,2560,323,0.7848297213622291,0.4475511989826973,0.21638934788987824,53.008042895442365,53.008042895442365,3584,0.9773416953267247,104.07366071428571,0.5371172428131104,0.75,0.36438923395445133,0.041456016177957536,0.3346814964610718,0.2932254802831143,100,0.2680965147453083,100,368,0.9865951742627346,493,373,1.0,981
1,ppara,rabvs_budgeted_no_ucb,19772,373,0.018865061703418975,2560,373,0.8495308310991957,0.4471618010183998,0.2128547002975096,53.008042895442365,53.008042895442365,3584,0.9773416953267247,104.07366071428571,0.5412975549697876,0.793,0.36102564102564105,0.025278058645096056,0.3518705763397371,0.32659251769464104,100,0.2680965147453083,100,373,1.0,494,373,1.0,994
2,ppara,boba_ucb,19772,373,0.018865061703418975,2560,310,0.8326612903225806,0.44744815483390277,0.21687710447019146,53.008042895442365,53.008042895442365,3584,0.9773416953267247,103.515625,0.5339206457138062,0.486,0.3740701381509033,0.04044489383215369,0.3356926188068756,0.29524772497472196,100,0.2680965147453083,100,369,0.9892761394101877,482,371,0.9946380697050938,878
2,ppara,rabvs_budgeted_reliable,19772,373,0.018865061703418975,2560,310,0.8326612903225806,0.44744815483390277,0.21687710447019146,53.008042895442365,53.008042895442365,3584,0.9773416953267247,103.23660714285714,0.5311543345451355,0.753,0.3611111111111111,0.04044489383215369,0.3356926188068756,0.29524772497472196,100,0.2680965147453083,100,367,0.9839142091152815,496,370,0.9919571045576407,979
2,ppara,rabvs_budgeted_no_ucb,19772,373,0.018865061703418975,2560,373,0.8505361930294906,0.4472127796369122,0.21317593105201513,53.008042895442365,53.008042895442365,3584,0.9773416953267247,104.07366071428571,0.5423566699028015,0.798,0.36270491803278687,0.03232323232323232,0.3447927199191102,0.3124694875958779,100,0.2680965147453083,100,373,1.0,495,373,1.0,987
1,ppard,boba_ucb,12490,240,0.01921537229783827,2560,230,0.8625,0.4450850936139914,0.21382890230517773,52.04166666666667,52.04166666666667,3072,0.9692554043234588,77.47395833333333,0.5579833388328552,0.48,0.23974082073434125,0.0272,0.3541666666666667,0.3269666666666667,100,0.4166666666666667,100,238,0.9916666666666667,459,238,0.9916666666666667,865
1,ppard,rabvs_budgeted_reliable,12490,240,0.01921537229783827,2560,230,0.8625,0.4450850936139914,0.21382890230517773,52.04166666666667,52.04166666666667,3072,0.9692554043234588,77.79947916666667,0.5557791590690613,0.771,0.22895277207392198,0.0272,0.3541666666666667,0.3269666666666667,100,0.4166666666666667,100,237,0.9875,496,239,0.9958333333333333,973
1,ppard,rabvs_budgeted_no_ucb,12490,240,0.01921537229783827,2560,240,0.8630208333333333,0.44514289495723464,0.2104117328826196,52.04166666666667,52.04166666666667,3072,0.9692554043234588,78.125,0.5681710243225098,0.8009999999999999,0.23069001029866118,0.0288,0.3557692307692308,0.3269692307692308,100,0.4166666666666667,100,240,1.0,495,240,1.0,968
2,ppard,boba_ucb,12490,240,0.01921537229783827,2560,237,0.8433544303797469,0.4451645265648485,0.21339125031749853,52.04166666666667,52.04166666666667,3072,0.9692554043234588,78.125,0.5698034167289734,0.46599999999999997,0.24751381215469614,0.0272,0.3573717948717949,0.3301717948717949,100,0.4166666666666667,100,240,1.0,460,240,1.0,838
2,ppard,rabvs_budgeted_reliable,12490,240,0.01921537229783827,2560,237,0.8433544303797469,0.4451645265648485,0.21339125031749853,52.04166666666667,52.04166666666667,3072,0.9692554043234588,78.125,0.5696088671684265,0.765,0.23309053069719043,0.0272,0.3573717948717949,0.3301717948717949,100,0.4166666666666667,100,240,1.0,491,240,1.0,964
2,ppard,rabvs_budgeted_no_ucb,12490,240,0.01921537229783827,2560,240,0.8658854166666666,0.44518334709371005,0.21056291144791797,52.04166666666667,52.04166666666667,3072,0.9692554043234588,78.125,0.5654049515724182,0.802,0.2318840579710145,0.0272,0.3573717948717949,0.3301717948717949,100,0.4166666666666667,100,240,1.0,498,240,1.0,979
1,pparg,boba_ucb,25784,484,0.01877133105802048,2560,384,0.7669270833333334,0.4492139487970439,0.21868164839787485,53.272727272727266,53.272727272727266,3840,0.9813838039094012,123.69791666666667,0.5098084807395935,0.508,0.47648902821316613,0.07441860465116279,0.2994569433669511,0.22503833871578832,100,0.2066115702479339,100,458,0.9462809917355371,499,475,0.981404958677686,935
1,pparg,rabvs_budgeted_reliable,25784,484,0.01877133105802048,2560,384,0.7669270833333334,0.4492139487970439,0.21868164839787485,53.272727272727266,52.85976039464411,3840,0.9813838039094012,122.65625,0.5120840668678284,0.6659999999999999,0.46839378238341967,0.07441860465116279,0.2994569433669511,0.22503833871578832,100,0.2066115702479339,100,449,0.9276859504132231,500,471,0.9731404958677686,976
1,pparg,rabvs_budgeted_no_ucb,25784,484,0.01877133105802048,2560,478,0.8263598326359832,0.44805388740928703,0.21464808482294764,53.272727272727266,53.272727272727266,3840,0.9813838039094012,125.0,0.5237751603126526,0.675,0.4762396694214876,0.053488372093023255,0.32040341349883633,0.26691504140581307,100,0.2066115702479339,100,467,0.9648760330578512,500,480,0.9917355371900827,987
2,pparg,boba_ucb,25784,484,0.01877133105802048,2560,344,0.7872456395348837,0.44937601302361446,0.21961788214353262,53.272727272727266,53.272727272727266,3840,0.9813838039094012,124.21875,0.5126670598983765,0.506,0.48308668076109934,0.07751937984496124,0.29635376260667184,0.2188343827617106,100,0.2066115702479339,100,458,0.9462809917355371,498,477,0.9855371900826446,935
2,pparg,rabvs_budgeted_reliable,25784,484,0.01877133105802048,2560,344,0.7872456395348837,0.44937601302361446,0.21961788214353262,53.272727272727266,51.62085976039464,3840,0.9813838039094012,123.4375,0.5133767127990723,0.673,0.4714434060228453,0.07751937984496124,0.29635376260667184,0.2188343827617106,100,0.2066115702479339,100,450,0.9297520661157025,500,474,0.9793388429752066,984
2,pparg,rabvs_budgeted_no_ucb,25784,484,0.01877133105802048,2560,478,0.81668410041841,0.448070607716833,0.2146340511601673,53.272727272727266,53.272727272727266,3840,0.9813838039094012,125.0,0.5233734846115112,0.675,0.47668393782383417,0.04806201550387597,0.32583397982932505,0.2777719643254491,100,0.2066115702479339,100,464,0.9586776859504132,500,480,0.9917355371900827,988
1,prgr,boba_ucb,15943,293,0.018377971523552656,2560,255,0.7242647058823529,0.44750911066684634,0.21843830486671387,54.41296928327645,54.41296928327645,3328,0.9739070438436932,84.43509615384616,0.6317281723022461,0.528,0.2824919441460795,0.08521303258145363,0.27352572145545795,0.18831268887400432,100,0.3412969283276451,100,270,0.9215017064846417,473,281,0.9590443686006825,880
1,prgr,rabvs_budgeted_reliable,15943,293,0.018377971523552656,2560,255,0.7242647058823529,0.44750911066684634,0.21843830486671387,54.41296928327645,54.070749350677225,3328,0.9739070438436932,83.83413461538461,0.6281926035881042,0.679,0.27358490566037735,0.08521303258145363,0.27352572145545795,0.18831268887400432,100,0.3412969283276451,100,270,0.9215017064846417,479,279,0.9522184300341296,936
1,prgr,rabvs_budgeted_no_ucb,15943,293,0.018377971523552656,2560,282,0.8031914893617021,0.44738057830077466,0.2152927506861904,54.41296928327645,54.41296928327645,3328,0.9739070438436932,86.53846153846153,0.6317046880722046,0.7070000000000001,0.28125,0.08897243107769423,0.27352572145545795,0.18455329037776372,100,0.3412969283276451,100,283,0.9658703071672355,476,288,0.9829351535836177,943
2,prgr,boba_ucb,15943,293,0.018377971523552656,2560,252,0.7797619047619048,0.4475699410832212,0.21701920413963596,54.41296928327645,54.41296928327645,3328,0.9739070438436932,84.13461538461539,0.6270192265510559,0.5369999999999999,0.28665207877461707,0.08020050125313283,0.27478042659974905,0.19457992534661622,100,0.3412969283276451,100,272,0.9283276450511946,460,280,0.9556313993174061,854
2,prgr,rabvs_budgeted_reliable,15943,293,0.018377971523552656,2560,252,0.7797619047619048,0.4475699410832212,0.21701920413963596,54.41296928327645,54.070749350677225,3328,0.9739070438436932,82.9326923076923,0.6276002526283264,0.723,0.2710084033613445,0.08020050125313283,0.27478042659974905,0.19457992534661622,100,0.3412969283276451,100,271,0.9249146757679181,472,276,0.9419795221843004,920
2,prgr,rabvs_budgeted_no_ucb,15943,293,0.018377971523552656,2560,281,0.8165035587188612,0.4471143825500892,0.21532349539841833,54.41296928327645,54.41296928327645,3328,0.9739070438436932,85.0360576923077,0.6282468438148499,0.712,0.27983104540654696,0.08395989974937343,0.2722710163111669,0.18831111656179347,100,0.3412969283276451,100,281,0.9590443686006825,484,283,0.9658703071672355,943
1,ptn1,boba_ucb,7380,130,0.017615176151761516,2560,129,0.8381782945736435,0.4493441719766451,0.2207652250827755,56.769230769230774,56.769230769230774,2816,0.9523035230352304,45.809659090909086,0.6320769786834717,0.40800000000000003,0.12556053811659193,0.05962059620596206,0.2899728997289973,0.23035230352303526,100,0.7692307692307693,100,129,0.9923076923076923,463,129,0.9923076923076923,878
1,ptn1,rabvs_budgeted_reliable,7380,130,0.017615176151761516,2560,129,0.8381782945736435,0.4493441719766451,0.2207652250827755,56.769230769230774,53.7006237006237,2816,0.9523035230352304,45.809659090909086,0.6274919509887695,0.669,0.12043010752688173,0.05962059620596206,0.2899728997289973,0.23035230352303526,84,0.6461538461538462,100,129,0.9923076923076923,491,129,0.9923076923076923,964
1,ptn1,rabvs_budgeted_no_ucb,7380,130,0.017615176151761516,2560,130,0.85625,0.44867579931027823,0.2165457230063817,56.769230769230774,52.933471933471935,2816,0.9523035230352304,46.16477272727273,0.6231045126914978,0.7070000000000001,0.12242686890574214,0.07046070460704607,0.28184281842818426,0.2113821138211382,85,0.6538461538461539,100,130,1.0,490,130,1.0,952
2,ptn1,boba_ucb,7380,130,0.017615176151761516,2560,122,0.8181352459016393,0.44956935573944995,0.22194291431608265,56.769230769230774,56.769230769230774,2816,0.9523035230352304,46.16477272727273,0.6245962977409363,0.46099999999999997,0.12348401323042998,0.05929919137466307,0.29427792915531337,0.2349787377806503,100,0.7692307692307693,100,130,1.0,467,130,1.0,894
2,ptn1,rabvs_budgeted_reliable,7380,130,0.017615176151761516,2560,122,0.8181352459016393,0.44956935573944995,0.22194291431608265,56.769230769230774,52.933471933471935,2816,0.9523035230352304,45.45454545454545,0.6237727999687195,0.6779999999999999,0.11789924973204716,0.05929919137466307,0.29427792915531337,0.2349787377806503,82,0.6307692307692307,100,128,0.9846153846153847,488,128,0.9846153846153847,959
2,ptn1,rabvs_budgeted_no_ucb,7380,130,0.017615176151761516,2560,130,0.8668269230769231,0.44819045270128943,0.21657236299366145,56.769230769230774,54.46777546777547,2816,0.9523035230352304,46.16477272727273,0.6242628693580627,0.727,0.11978609625668449,0.05962059620596206,0.2926829268292683,0.23306233062330622,78,0.6,100,130,1.0,493,130,1.0,960
1,pur2,boba_ucb,2750,50,0.01818181818181818,2560,50,0.875,0.4394995959903547,0.2031825544244221,55.0,55.0,2670,0.8786363636363637,18.726591760299627,0.6333736777305603,0.396,0.03508771929824561,0.007246376811594203,0.35766423357664234,0.35041785676504816,50,1.0,75,50,1.0,382,50,1.0,733
1,pur2,rabvs_budgeted_reliable,2750,50,0.01818181818181818,2560,50,0.875,0.4394995959903547,0.2031825544244221,55.0,55.0,2670,0.8786363636363637,18.726591760299627,0.6521698236465454,0.5900000000000001,0.03819444444444445,0.007246376811594203,0.35766423357664234,0.35041785676504816,50,1.0,84,50,1.0,434,50,1.0,669
1,pur2,rabvs_budgeted_no_ucb,2750,50,0.01818181818181818,2560,50,0.875,0.4380923360146729,0.2005649943897291,55.0,55.0,2670,0.8786363636363637,18.726591760299627,0.6530243754386902,0.6,0.03873239436619718,0.007246376811594203,0.35766423357664234,0.35041785676504816,50,1.0,84,50,1.0,425,50,1.0,661
2,pur2,boba_ucb,2750,50,0.01818181818181818,2560,50,0.875,0.43909584646791044,0.20307534736326016,55.0,55.0,2670,0.8786363636363637,18.726591760299627,0.6362305879592896,0.399,0.04225352112676056,0.007246376811594203,0.35766423357664234,0.35041785676504816,50,1.0,80,50,1.0,397,50,1.0,738
2,pur2,rabvs_budgeted_reliable,2750,50,0.01818181818181818,2560,50,0.875,0.43909584646791044,0.20307534736326016,55.0,55.0,2670,0.8786363636363637,18.726591760299627,0.6528792381286621,0.594,0.04745166959578207,0.007246376811594203,0.35766423357664234,0.35041785676504816,50,1.0,84,50,1.0,428,50,1.0,658
2,pur2,rabvs_budgeted_no_ucb,2750,50,0.01818181818181818,2560,50,0.875,0.4387695871629507,0.20174830179202846,55.0,55.0,2670,0.8786363636363637,18.726591760299627,0.6507578492164612,0.583,0.04576271186440678,0.007246376811594203,0.35766423357664234,0.35041785676504816,50,1.0,84,50,1.0,430,50,1.0,688
1,pygm,boba_ucb,4027,77,0.019120933697541594,2560,72,0.8663194444444444,0.44534247632263935,0.2143348404315999,52.2987012987013,52.2987012987013,2721,0.9155388626769307,28.298419698640206,0.654211699962616,0.514,0.03418803418803419,0.024752475247524754,0.3582089552238806,0.3334564799763558,75,0.974025974025974,52,77,1.0,401,77,1.0,804
1,pygm,rabvs_budgeted_reliable,4027,77,0.019120933697541594,2560,72,0.8663194444444444,0.44534247632263935,0.2143348404315999,52.2987012987013,52.2987012987013,2721,0.9155388626769307,27.563395810363836,0.6432866454124451,0.789,0.034666666666666665,0.024752475247524754,0.3582089552238806,0.3334564799763558,73,0.948051948051948,52,75,0.974025974025974,430,75,0.974025974025974,873
1,pygm,rabvs_budgeted_no_ucb,4027,77,0.019120933697541594,2560,77,0.859577922077922,0.4445784318571866,0.2103515953003937,52.2987012987013,44.453896103896106,2721,0.9155388626769307,28.298419698640206,0.6488203406333923,0.825,0.03598971722365039,0.0594059405940594,0.32338308457711445,0.26397714398305505,77,1.0,52,77,1.0,414,77,1.0,877
2,pygm,boba_ucb,4027,77,0.019120933697541594,2560,75,0.8741666666666666,0.44507932171141246,0.21510991434244547,52.2987012987013,52.2987012987013,2721,0.9155388626769307,28.298419698640206,0.6615324020385742,0.554,0.027742749054224466,0.0297029702970297,0.35323383084577115,0.3235308605487415,77,1.0,52,77,1.0,395,77,1.0,790
2,pygm,rabvs_budgeted_reliable,4027,77,0.019120933697541594,2560,75,0.8741666666666666,0.44507932171141246,0.21510991434244547,52.2987012987013,45.76136363636364,2721,0.9155388626769307,28.298419698640206,0.6442513465881348,0.787,0.02875816993464052,0.0297029702970297,0.35323383084577115,0.3235308605487415,77,1.0,52,77,1.0,416,77,1.0,872
2,pygm,rabvs_budgeted_no_ucb,4027,77,0.019120933697541594,2560,77,0.8733766233766234,0.44431954717811817,0.21011883773785478,52.2987012987013,40.53149350649351,2721,0.9155388626769307,28.298419698640206,0.6490355134010315,0.825,0.028132992327365727,0.0594059405940594,0.32338308457711445,0.26397714398305505,77,1.0,52,77,1.0,415,77,1.0,880
1,pyrd,boba_ucb,6561,111,0.016918152720621856,2560,111,0.8631756756756757,0.4481029477839723,0.2143516414447951,59.10810810810811,59.10810810810811,2816,0.9463496418228928,39.41761363636364,0.6213560700416565,0.595,0.09495896834701055,0.030395136778115502,0.3079268292682927,0.2775316924901772,100,0.9009009009009009,62,111,1.0,412,111,1.0,805
1,pyrd,rabvs_budgeted_reliable,6561,111,0.016918152720621856,2560,111,0.8631756756756757,0.4481029477839723,0.2143516414447951,59.10810810810811,56.421375921375926,2816,0.9463496418228928,39.41761363636364,0.6178164482116699,0.819,0.08881578947368421,0.030395136778115502,0.3079268292682927,0.2775316924901772,92,0.8288288288288288,73,111,1.0,453,111,1.0,909
1,pyrd,rabvs_budgeted_no_ucb,6561,111,0.016918152720621856,2560,111,0.875,0.4477197727500796,0.21107689703751523,59.10810810810811,55.52579852579853,2816,0.9463496418228928,39.41761363636364,0.6182029247283936,0.869,0.08920704845814978,0.03343465045592705,0.3048780487804878,0.27144339832456077,92,0.8288288288288288,73,111,1.0,445,111,1.0,894
2,pyrd,boba_ucb,6561,111,0.016918152720621856,2560,109,0.8526376146788991,0.448535416414353,0.21455554926315182,59.10810810810811,59.10810810810811,2816,0.9463496418228928,39.41761363636364,0.6140212416648865,0.623,0.09179926560587515,0.02735562310030395,0.31097560975609756,0.28361998665579363,100,0.9009009009009009,60,111,1.0,407,111,1.0,784
2,pyrd,rabvs_budgeted_reliable,6561,111,0.016918152720621856,2560,109,0.8526376146788991,0.448535416414353,0.21455554926315182,59.10810810810811,58.212530712530715,2816,0.9463496418228928,39.41761363636364,0.6117210984230042,0.842,0.08342602892102335,0.02735562310030395,0.31097560975609756,0.28361998665579363,94,0.8468468468468469,71,111,1.0,455,111,1.0,903
2,pyrd,rabvs_budgeted_no_ucb,6561,111,0.016918152720621856,2560,111,0.8733108108108109,0.44802308383313644,0.21162011448245974,59.10810810810811,56.421375921375926,2816,0.9463496418228928,39.41761363636364,0.6192625761032104,0.867,0.08465011286681716,0.02127659574468085,0.3170731707317073,0.2957965749870265,92,0.8288288288288288,73,111,1.0,447,111,1.0,892
1,reni,boba_ucb,7062,104,0.014726706315491363,2560,102,0.8700980392156863,0.4539196387257247,0.22238192374544485,67.90384615384615,67.90384615384615,2816,0.9501557632398754,36.93181818181819,0.5998368859291077,0.41000000000000003,0.09477124183006536,0.02824858757062147,0.26628895184135976,0.2380403642707383,100,0.9615384615384616,100,104,1.0,452,104,1.0,857
1,reni,rabvs_budgeted_reliable,7062,104,0.014726706315491363,2560,102,0.8700980392156863,0.4539196387257247,0.22238192374544485,67.90384615384615,65.99106175514626,2816,0.9501557632398754,36.93181818181819,0.6052083969116211,0.585,0.0925531914893617,0.02824858757062147,0.26628895184135976,0.2380403642707383,98,0.9423076923076923,100,104,1.0,483,104,1.0,930
1,reni,rabvs_budgeted_no_ucb,7062,104,0.014726706315491363,2560,104,0.8659855769230769,0.4531640132276554,0.21814020970079728,67.90384615384615,64.07827735644636,2816,0.9501557632398754,36.93181818181819,0.6093291640281677,0.6659999999999999,0.09186906019007392,0.02824858757062147,0.26628895184135976,0.2380403642707383,96,0.9230769230769231,100,104,1.0,482,104,1.0,932
2,reni,boba_ucb,7062,104,0.014726706315491363,2560,104,0.8623798076923077,0.45384552600705486,0.22276049558610456,67.90384615384615,67.90384615384615,2816,0.9501557632398754,36.93181818181819,0.6015462279319763,0.403,0.09427609427609428,0.031073446327683617,0.26345609065155806,0.23238264432387445,100,0.9615384615384616,100,104,1.0,443,104,1.0,820
2,reni,rabvs_budgeted_reliable,7062,104,0.014726706315491363,2560,104,0.8623798076923077,0.45384552600705486,0.22276049558610456,67.90384615384615,65.03466955579631,2816,0.9501557632398754,36.93181818181819,0.6068307161331177,0.577,0.09190371991247265,0.031073446327683617,0.26345609065155806,0.23238264432387445,97,0.9326923076923077,99,104,1.0,480,104,1.0,917
2,reni,rabvs_budgeted_no_ucb,7062,104,0.014726706315491363,2560,104,0.875,0.45346617977165216,0.21751893228282101,67.90384615384615,66.94745395449621,2816,0.9501557632398754,36.93181818181819,0.612633466720581,0.6619999999999999,0.0911062906724512,0.03389830508474576,0.26062322946175637,0.2267249243770106,99,0.9519230769230769,100,104,1.0,482,104,1.0,925
1,rock1,boba_ucb,6400,100,0.015625,2560,98,0.8424744897959183,0.45115306008759826,0.21944344325828533,64.0,64.0,2816,0.945,35.51136363636364,0.6423299312591553,0.629,0.0915032679738562,0.04375,0.26875,0.22499999999999998,98,0.98,100,100,1.0,473,100,1.0,913
1,rock1,rabvs_budgeted_reliable,6400,100,0.015625,2560,98,0.8424744897959183,0.45115306008759826,0.21944344325828533,64.0,64.0,2816,0.945,35.15625,0.6481684446334839,0.849,0.08783068783068783,0.04375,0.26875,0.22499999999999998,88,0.88,100,99,0.99,490,99,0.99,969
1,rock1,rabvs_budgeted_no_ucb,6400,100,0.015625,2560,100,0.859375,0.45038844531752303,0.2175443545526175,64.0,64.0,2816,0.945,35.51136363636364,0.6480056047439575,0.857,0.08936170212765958,0.053125,0.259375,0.20625000000000002,89,0.89,100,100,1.0,487,100,1.0,967
2,rock1,boba_ucb,6400,100,0.015625,2560,98,0.8227040816326531,0.45116499636456425,0.21955157615712076,64.0,64.0,2816,0.945,35.51136363636364,0.6444814801216125,0.632,0.09502262443438914,0.05625,0.25625,0.19999999999999998,98,0.98,100,99,0.99,474,100,1.0,892
2,rock1,rabvs_budgeted_reliable,6400,100,0.015625,2560,98,0.8227040816326531,0.45116499636456425,0.21955157615712076,64.0,64.0,2816,0.945,35.51136363636364,0.6468825340270996,0.849,0.08955223880597014,0.05625,0.25625,0.19999999999999998,88,0.88,100,100,1.0,490,100,1.0,972
2,rock1,rabvs_budgeted_no_ucb,6400,100,0.015625,2560,99,0.8630050505050505,0.45060228373322897,0.21690568905369886,64.0,64.0,2816,0.945,35.51136363636364,0.655561625957489,0.872,0.08974358974358974,0.05,0.2625,0.21250000000000002,88,0.88,100,100,1.0,492,100,1.0,973
1,rxra,boba_ucb,7081,131,0.018500211834486656,2560,126,0.8616071428571429,0.44602925583458747,0.21312678234610077,54.05343511450381,54.05343511450381,2816,0.9502895071317611,46.51988636363636,0.6162660121917725,0.494,0.1145374449339207,0.022535211267605635,0.3474576271186441,0.3249224158510384,100,0.7633587786259542,71,131,1.0,398,131,1.0,793
1,rxra,rabvs_budgeted_reliable,7081,131,0.018500211834486656,2560,126,0.8616071428571429,0.44602925583458747,0.21312678234610077,54.05343511450381,53.29211912697559,2816,0.9502895071317611,45.45454545454545,0.6117777824401855,0.6890000000000001,0.11147902869757174,0.022535211267605635,0.3474576271186441,0.3249224158510384,99,0.7557251908396947,77,128,0.9770992366412213,446,128,0.9770992366412213,871
1,rxra,rabvs_budgeted_no_ucb,7081,131,0.018500211834486656,2560,131,0.8721374045801527,0.44503105586183295,0.2085364566081383,54.05343511450381,53.29211912697559,2816,0.9502895071317611,46.51988636363636,0.6173574924468994,0.771,0.11646136618141098,0.011267605633802818,0.3587570621468927,0.3474894565130899,98,0.7480916030534351,79,131,1.0,443,131,1.0,871
2,rxra,boba_ucb,7081,131,0.018500211834486656,2560,130,0.8451923076923077,0.44545838615351563,0.2127957273607752,54.05343511450381,54.05343511450381,2816,0.9502895071317611,46.51988636363636,0.6121675372123718,0.501,0.11731207289293849,0.022535211267605635,0.3474576271186441,0.3249224158510384,100,0.7633587786259542,69,131,1.0,407,131,1.0,799
2,rxra,rabvs_budgeted_reliable,7081,131,0.018500211834486656,2560,130,0.8451923076923077,0.44545838615351563,0.2127957273607752,54.05343511450381,53.29211912697559,2816,0.9502895071317611,46.51988636363636,0.6149958968162537,0.6890000000000001,0.11469933184855234,0.022535211267605635,0.3474576271186441,0.3249224158510384,97,0.7404580152671756,79,131,1.0,452,131,1.0,883
2,rxra,rabvs_budgeted_no_ucb,7081,131,0.018500211834486656,2560,131,0.8721374045801527,0.4450596598573934,0.2090044150101969,54.05343511450381,53.29211912697559,2816,0.9502895071317611,46.51988636363636,0.6221392154693604,0.764,0.11318681318681319,0.01971830985915493,0.3492957746478873,0.3295774647887324,99,0.7557251908396947,78,131,1.0,437,131,1.0,879
1,sahh,boba_ucb,3513,63,0.017933390264730998,2560,63,0.875,0.44304739029987794,0.20578090950257907,55.761904761904766,55.761904761904766,2700,0.9039282664389411,23.333333333333336,0.6750970482826233,0.45199999999999996,0.008012820512820512,0.022727272727272728,0.3352272727272727,0.3125,63,1.0,48,63,1.0,355,63,1.0,650
1,sahh,rabvs_budgeted_reliable,3513,63,0.017933390264730998,2560,63,0.875,0.44304739029987794,0.20578090950257907,55.761904761904766,55.761904761904766,2700,0.9039282664389411,23.333333333333336,0.6792057156562805,0.663,0.007194244604316547,0.022727272727272728,0.3352272727272727,0.3125,63,1.0,52,63,1.0,426,63,1.0,820
1,sahh,rabvs_budgeted_no_ucb,3513,63,0.017933390264730998,2560,63,0.875,0.44307311361718704,0.2061458267601068,55.761904761904766,55.761904761904766,2700,0.9039282664389411,23.333333333333336,0.677923858165741,0.663,0.0070921985815602835,0.022727272727272728,0.3352272727272727,0.3125,63,1.0,51,63,1.0,423,63,1.0,821
2,sahh,boba_ucb,3513,63,0.017933390264730998,2560,63,0.875,0.44277426728716074,0.20587613855756534,55.761904761904766,55.761904761904766,2700,0.9039282664389411,23.333333333333336,0.6713674068450928,0.43100000000000005,0.029801324503311258,0.011363636363636364,0.3465909090909091,0.33522727272727276,63,1.0,47,63,1.0,336,63,1.0,658
2,sahh,rabvs_budgeted_reliable,3513,63,0.017933390264730998,2560,63,0.875,0.44277426728716074,0.20587613855756534,55.761904761904766,55.761904761904766,2700,0.9039282664389411,23.333333333333336,0.6806697845458984,0.673,0.02608695652173913,0.011363636363636364,0.3465909090909091,0.33522727272727276,63,1.0,52,63,1.0,423,63,1.0,812
2,sahh,rabvs_budgeted_no_ucb,3513,63,0.017933390264730998,2560,63,0.875,0.4429275200044556,0.20599530671572602,55.761904761904766,55.761904761904766,2700,0.9039282664389411,23.333333333333336,0.6751588582992554,0.6799999999999999,0.025495750708215296,0.011299435028248588,0.3485714285714286,0.33727199354318,63,1.0,51,63,1.0,423,63,1.0,825
1,src,boba_ucb,35024,524,0.014961169483782549,2560,351,0.7936253561253561,0.4567316777096131,0.22382254260455936,66.83969465648855,66.83969465648855,4352,0.9844677935130196,107.07720588235294,0.5537216067314148,0.606,0.4639175257731959,0.05593607305936073,0.22729868646487722,0.1713626134055165,100,0.19083969465648856,100,448,0.8549618320610687,498,466,0.8893129770992366,969
1,src,rabvs_budgeted_reliable,35024,524,0.014961169483782549,2560,351,0.7936253561253561,0.4567316777096131,0.22382254260455936,66.83969465648855,60.53766630316249,4352,0.9844677935130196,106.38786764705883,0.552450954914093,0.747,0.4570552147239264,0.05593607305936073,0.22729868646487722,0.1713626134055165,100,0.19083969465648856,100,448,0.8549618320610687,499,463,0.8835877862595419,991
1,src,rabvs_budgeted_no_ucb,35024,524,0.014961169483782549,2560,458,0.826146288209607,0.45582303146103037,0.22072204810003354,66.83969465648855,60.728636859323885,4352,0.9844677935130196,106.15808823529412,0.5689067244529724,0.758,0.45510204081632655,0.04278379920136908,0.24742857142857144,0.20464477222720237,100,0.19083969465648856,100,458,0.8740458015267175,499,462,0.8816793893129771,987
2,src,boba_ucb,35024,524,0.014961169483782549,2560,344,0.799781976744186,0.45601771538522357,0.2242887985257184,66.83969465648855,66.83969465648855,4352,0.9844677935130196,109.375,0.5533545017242432,0.591,0.4791666666666667,0.057648401826484015,0.2278697886921759,0.17022138686569188,100,0.19083969465648856,100,453,0.8645038167938931,499,476,0.9083969465648855,949
2,src,rabvs_budgeted_reliable,35024,524,0.014961169483782549,2560,344,0.799781976744186,0.45601771538522357,0.2242887985257184,66.83969465648855,54.99952017448201,4352,0.9844677935130196,109.60477941176471,0.5513764023780823,0.6779999999999999,0.47525773195876286,0.057648401826484015,0.2278697886921759,0.17022138686569188,100,0.19083969465648856,100,429,0.8187022900763359,499,477,0.9103053435114504,980
2,src,rabvs_budgeted_no_ucb,35024,524,0.014961169483782549,2560,475,0.8117105263157894,0.45545536387352503,0.2211752464155946,66.83969465648855,56.145343511450385,4352,0.9844677935130196,111.90257352941177,0.5637162327766418,0.671,0.4845679012345679,0.043949771689497714,0.24785836664762992,0.2039085949581322,100,0.19083969465648856,100,442,0.8435114503816794,499,487,0.9293893129770993,989
1,tgfr1,boba_ucb,8633,133,0.015406000231669176,2560,133,0.8656015037593985,0.4508009391708611,0.2147077333350676,64.90977443609023,64.90977443609023,3072,0.9555195181281131,43.294270833333336,0.6269683241844177,0.621,0.11871657754010695,0.020833333333333332,0.28703703703703703,0.2662037037037037,100,0.7518796992481203,73,133,1.0,438,133,1.0,900
1,tgfr1,rabvs_budgeted_reliable,8633,133,0.015406000231669176,2560,133,0.8656015037593985,0.4508009391708611,0.2147077333350676,64.90977443609023,62.64547997901732,3072,0.9555195181281131,43.294270833333336,0.6211645603179932,0.921,0.11550468262226847,0.020833333333333332,0.28703703703703703,0.2662037037037037,97,0.7293233082706767,84,133,1.0,463,133,1.0,956
1,tgfr1,rabvs_budgeted_no_ucb,8633,133,0.015406000231669176,2560,133,0.8740601503759399,0.45062555785680364,0.21282492324572252,64.90977443609023,63.40024479804161,3072,0.9555195181281131,43.294270833333336,0.6240745186805725,0.94,0.115625,0.023148148148148147,0.2847222222222222,0.26157407407407407,98,0.7368421052631579,83,133,1.0,464,133,1.0,958
2,tgfr1,boba_ucb,8633,133,0.015406000231669176,2560,133,0.8402255639097744,0.450664889593226,0.2141544498602047,64.90977443609023,64.90977443609023,3072,0.9555195181281131,43.294270833333336,0.6201017498970032,0.615,0.11713665943600868,0.009259259259259259,0.2986111111111111,0.28935185185185186,100,0.7518796992481203,76,133,1.0,440,133,1.0,893
2,tgfr1,rabvs_budgeted_reliable,8633,133,0.015406000231669176,2560,133,0.8402255639097744,0.450664889593226,0.2141544498602047,64.90977443609023,63.40024479804161,3072,0.9555195181281131,43.294270833333336,0.6173508167266846,0.918,0.11285266457680251,0.009259259259259259,0.2986111111111111,0.28935185185185186,98,0.7368421052631579,83,133,1.0,462,133,1.0,951
2,tgfr1,rabvs_budgeted_no_ucb,8633,133,0.015406000231669176,2560,133,0.8726503759398496,0.4505597500461342,0.2127989161292186,64.90977443609023,64.15500961706591,3072,0.9555195181281131,43.294270833333336,0.6265742778778076,0.94,0.1125,0.009259259259259259,0.2986111111111111,0.28935185185185186,99,0.7443609022556391,82,133,1.0,463,133,1.0,957
1,thb,boba_ucb,7553,103,0.01363696544419436,2560,90,0.7979166666666667,0.4564339080040134,0.22487226281584277,73.33009708737865,73.33009708737865,2816,0.9533960015887727,36.57670454545455,0.6148409247398376,0.55,0.08143322475570032,0.042328042328042326,0.23015873015873015,0.18783068783068782,100,0.970873786407767,58,103,1.0,410,103,1.0,846
1,thb,rabvs_budgeted_reliable,7553,103,0.01363696544419436,2560,90,0.7979166666666667,0.4564339080040134,0.22487226281584277,73.33009708737865,61.75166070516096,2816,0.9533960015887727,36.57670454545455,0.6115036010742188,0.7989999999999999,0.07970244420828905,0.042328042328042326,0.23015873015873015,0.18783068783068782,71,0.6893203883495146,77,103,1.0,447,103,1.0,917
1,thb,rabvs_budgeted_no_ucb,7553,103,0.01363696544419436,2560,97,0.8679123711340206,0.45655954758349226,0.22036704735315177,73.33009708737865,67.5408788962698,2816,0.9533960015887727,34.44602272727273,0.6061993837356567,0.85,0.07309322033898305,0.013227513227513227,0.24603174603174602,0.2328042328042328,94,0.912621359223301,61,97,0.941747572815534,455,97,0.941747572815534,938
2,thb,boba_ucb,7553,103,0.01363696544419436,2560,95,0.8138157894736842,0.4565813757035616,0.22453228545588544,73.33009708737865,73.33009708737865,2816,0.9533960015887727,36.57670454545455,0.6171860694885254,0.558,0.07540983606557378,0.042328042328042326,0.23015873015873015,0.18783068783068782,96,0.9320388349514563,60,103,1.0,425,103,1.0,870
2,thb,rabvs_budgeted_reliable,7553,103,0.01363696544419436,2560,95,0.8138157894736842,0.4565813757035616,0.22453228545588544,73.33009708737865,62.7165304036791,2816,0.9533960015887727,36.57670454545455,0.6078294515609741,0.823,0.07371794871794872,0.042328042328042326,0.23015873015873015,0.18783068783068782,71,0.6893203883495146,77,103,1.0,450,103,1.0,931
2,thb,rabvs_budgeted_no_ucb,7553,103,0.01363696544419436,2560,103,0.8658980582524272,0.45560538752735263,0.21976664947867547,73.33009708737865,64.64626980071539,2816,0.9533960015887727,36.57670454545455,0.6113868951797485,0.83,0.07435344827586207,0.021108179419525065,0.2519893899204244,0.23088121050089935,80,0.7766990291262136,71,103,1.0,447,103,1.0,930
1,thrb,boba_ucb,27465,461,0.01678499908975059,2560,342,0.7777777777777778,0.4520297393937007,0.2208078829667533,59.577006507592195,59.577006507592195,3840,0.9825232113599126,119.01041666666666,0.5226905345916748,0.41500000000000004,0.4641350210970464,0.056768558951965066,0.27822286962855064,0.22145431067658558,100,0.21691973969631237,100,448,0.9718004338394793,497,457,0.9913232104121475,906
1,thrb,rabvs_budgeted_reliable,27465,461,0.01678499908975059,2560,342,0.7777777777777778,0.4520297393937007,0.2208078829667533,59.577006507592195,51.77783474659831,3840,0.9825232113599126,119.01041666666666,0.5218670964241028,0.587,0.4554865424430642,0.056768558951965066,0.27822286962855064,0.22145431067658558,100,0.21691973969631237,100,442,0.9587852494577006,499,457,0.9913232104121475,971
1,thrb,rabvs_budgeted_no_ucb,27465,461,0.01678499908975059,2560,456,0.8171600877192983,0.45116306807259177,0.21741032269146102,59.577006507592195,52.64440938670874,3840,0.9825232113599126,119.01041666666666,0.52663254737854,0.627,0.4540763673890609,0.04294032023289665,0.2920611798980335,0.24912085966513683,100,0.21691973969631237,100,449,0.9739696312364425,498,457,0.9913232104121475,979
2,thrb,boba_ucb,27465,461,0.01678499908975059,2560,346,0.7653540462427746,0.45260811399571876,0.22104131475996663,59.577006507592195,59.577006507592195,3840,0.9825232113599126,117.96875,0.5332914590835571,0.43799999999999994,0.45426195426195426,0.055312954876273655,0.2789512017479971,0.22363824687172343,100,0.21691973969631237,100,443,0.9609544468546638,496,453,0.982646420824295,912
2,thrb,rabvs_budgeted_reliable,27465,461,0.01678499908975059,2560,346,0.7653540462427746,0.45260811399571876,0.22104131475996663,59.577006507592195,53.51098402681917,3840,0.9825232113599126,118.22916666666666,0.5260034203529358,0.617,0.44693877551020406,0.055312954876273655,0.2789512017479971,0.22363824687172343,100,0.21691973969631237,100,440,0.9544468546637744,498,454,0.9848156182212582,971
2,thrb,rabvs_budgeted_no_ucb,27465,461,0.01678499908975059,2560,455,0.8118131868131868,0.45114972001739667,0.21751244840086187,59.577006507592195,52.64440938670874,3840,0.9825232113599126,119.01041666666666,0.5285261869430542,0.622,0.45045965270684374,0.039301310043668124,0.29570284049526585,0.25640153045159775,100,0.21691973969631237,100,449,0.9739696312364425,499,457,0.9913232104121475,978
1,try1,boba_ucb,26429,449,0.01698891369329146,2560,341,0.7864736070381232,0.4524897468923997,0.22197113629079537,58.8619153674833,58.8619153674833,3840,0.9818381323546105,116.14583333333334,0.5418412089347839,0.243,0.4607948442534909,0.06354009077155824,0.27554882664647995,0.2120087358749217,100,0.22271714922049,100,436,0.9710467706013363,490,446,0.9933184855233853,879
1,try1,rabvs_budgeted_reliable,26429,449,0.01698891369329146,2560,341,0.7864736070381232,0.4524897468923997,0.22197113629079537,58.8619153674833,54.40267935479516,3840,0.9818381323546105,115.625,0.5461500883102417,0.481,0.44248704663212435,0.06354009077155824,0.27554882664647995,0.2120087358749217,80,0.17817371937639198,98,432,0.9621380846325167,492,444,0.9888641425389755,964
1,try1,rabvs_budgeted_no_ucb,26429,449,0.01698891369329146,2560,446,0.836042600896861,0.4512508812435454,0.2174145192917017,58.8619153674833,57.301182763042455,3840,0.9818381323546105,116.66666666666667,0.5621317625045776,0.548,0.44069529652351735,0.030257186081694403,0.3096139288417865,0.2793567427600921,93,0.2071269487750557,100,446,0.9933184855233853,495,448,0.9977728285077951,984
2,try1,boba_ucb,26429,449,0.01698891369329146,2560,321,0.8362538940809969,0.45274884390251713,0.22197153159903196,58.8619153674833,58.8619153674833,3840,0.9818381323546105,115.36458333333334,0.5357761979103088,0.28500000000000003,0.4556149732620321,0.05446293494704992,0.2838758516275549,0.22941291668050498,100,0.22271714922049,99,429,0.955456570155902,478,443,0.9866369710467706,881
2,try1,rabvs_budgeted_reliable,26429,449,0.01698891369329146,2560,321,0.8362538940809969,0.45274884390251713,0.22197153159903196,56.597995545657014,56.18637375987042,3840,0.9818381323546105,114.58333333333333,0.545433521270752,0.528,0.4369834710743802,0.05446293494704992,0.2838758516275549,0.22941291668050498,88,0.19599109131403117,99,429,0.955456570155902,488,440,0.9799554565701559,967
2,try1,rabvs_budgeted_no_ucb,26429,449,0.01698891369329146,2560,446,0.8298766816143498,0.4511856691128401,0.21771784250534207,58.8619153674833,55.74045015860161,3840,0.9818381323546105,116.66666666666667,0.5568020343780518,0.5509999999999999,0.4434156378600823,0.030990173847316706,0.30763416477702193,0.2766439909297052,86,0.1915367483296214,97,445,0.9910913140311804,488,448,0.9977728285077951,980
1,tryb1,boba_ucb,7798,148,0.018979225442421133,2560,146,0.875,0.445254631056701,0.21328524650531794,52.68918918918919,52.68918918918919,3072,0.950756604257502,47.8515625,0.6148947477340698,0.46599999999999997,0.14869466515323496,0.028205128205128206,0.3487179487179487,0.3205128205128205,100,0.6756756756756757,100,147,0.9932432432432432,445,147,0.9932432432432432,848
1,tryb1,rabvs_budgeted_reliable,7798,148,0.018979225442421133,2560,146,0.875,0.445254631056701,0.21328524650531794,52.68918918918919,51.33818433818434,3072,0.950756604257502,47.8515625,0.6117751598358154,0.742,0.13760504201680673,0.028205128205128206,0.3487179487179487,0.3205128205128205,98,0.6621621621621622,100,147,0.9932432432432432,494,147,0.9932432432432432,968
1,tryb1,rabvs_budgeted_no_ucb,7798,148,0.018979225442421133,2560,148,0.8703547297297297,0.444805192844259,0.21010567734216598,52.68918918918919,49.98717948717949,3072,0.950756604257502,48.177083333333336,0.6126300096511841,0.784,0.13707165109034267,0.038461538461538464,0.34102564102564104,0.3025641025641026,96,0.6486486486486487,100,148,1.0,497,148,1.0,967
2,tryb1,boba_ucb,7798,148,0.018979225442421133,2560,146,0.8660102739726028,0.4452515252203217,0.21241224973191125,52.68918918918919,52.68918918918919,3072,0.950756604257502,47.8515625,0.6060810685157776,0.477,0.14852607709750568,0.03324808184143223,0.3444730077120823,0.31122492587065004,100,0.6756756756756757,100,147,0.9932432432432432,442,147,0.9932432432432432,859
2,tryb1,rabvs_budgeted_reliable,7798,148,0.018979225442421133,2560,146,0.8660102739726028,0.4452515252203217,0.21241224973191125,52.68918918918919,49.98717948717949,3072,0.950756604257502,47.8515625,0.6087911128997803,0.765,0.13789473684210526,0.03324808184143223,0.3444730077120823,0.31122492587065004,96,0.6486486486486487,100,147,0.9932432432432432,492,147,0.9932432432432432,961
2,tryb1,rabvs_budgeted_no_ucb,7798,148,0.018979225442421133,2560,148,0.8686655405405406,0.44478037836904527,0.2096614238303817,52.68918918918919,50.66268191268191,3072,0.950756604257502,48.177083333333336,0.6176186800003052,0.767,0.1385099685204617,0.010256410256410256,0.36923076923076925,0.358974358974359,97,0.6554054054054054,100,148,1.0,491,148,1.0,965
1,tysy,boba_ucb,6859,109,0.015891529377460273,2560,108,0.8402777777777778,0.4519253896887382,0.22081132505921822,62.92660550458715,62.92660550458715,2816,0.9486805656801283,38.70738636363636,0.644102931022644,0.43799999999999994,0.10426008968609865,0.03206997084548105,0.2857142857142857,0.2536443148688047,100,0.9174311926605505,100,109,1.0,458,109,1.0,878
1,tysy,rabvs_budgeted_reliable,6859,109,0.015891529377460273,2560,108,0.8402777777777778,0.4519253896887382,0.22081132505921822,62.92660550458715,55.63076718521473,2816,0.9486805656801283,38.70738636363636,0.6377832293510437,0.758,0.09904153354632587,0.03206997084548105,0.2857142857142857,0.2536443148688047,92,0.8440366972477065,100,109,1.0,490,109,1.0,975
1,tysy,rabvs_budgeted_no_ucb,6859,109,0.015891529377460273,2560,109,0.8658256880733946,0.45131534534265716,0.21692851089278656,62.92660550458715,56.54274697513628,2816,0.9486805656801283,38.70738636363636,0.6390401124954224,0.786,0.09872611464968153,0.043731778425655975,0.27405247813411077,0.23032069970845478,93,0.8532110091743119,100,109,1.0,493,109,1.0,975
2,tysy,boba_ucb,6859,109,0.015891529377460273,2560,98,0.8616071428571429,0.45280110635611714,0.22250620714290786,62.92660550458715,62.92660550458715,2816,0.9486805656801283,36.93181818181819,0.6380775570869446,0.46199999999999997,0.09887640449438202,0.043731778425655975,0.2536443148688047,0.2099125364431487,98,0.8990825688073395,100,98,0.8990825688073395,458,104,0.9541284403669725,872
2,tysy,rabvs_budgeted_reliable,6859,109,0.015891529377460273,2560,98,0.8616071428571429,0.45280110635611714,0.22250620714290786,62.92660550458715,51.98284802552852,2816,0.9486805656801283,35.51136363636364,0.6368581652641296,0.752,0.08898305084745763,0.043731778425655975,0.2536443148688047,0.2099125364431487,88,0.8073394495412844,100,98,0.8990825688073395,492,100,0.9174311926605505,967
2,tysy,rabvs_budgeted_no_ucb,6859,109,0.015891529377460273,2560,98,0.8743622448979592,0.45281317573582486,0.21881623841699063,62.92660550458715,55.63076718521473,2816,0.9486805656801283,36.57670454545455,0.636883020401001,0.8009999999999999,0.09157894736842105,0.05539358600583091,0.2478134110787172,0.1924198250728863,92,0.8440366972477065,100,98,0.8990825688073395,499,103,0.944954128440367,975
1,urok,boba_ucb,10012,162,0.016180583300039953,2560,158,0.8520569620253164,0.45177377474337727,0.21877167654100016,61.80246913580247,61.80246913580247,3072,0.9616460247702757,52.734375,0.6112959980964661,0.391,0.17365269461077845,0.017964071856287425,0.30538922155688625,0.28742514970059885,100,0.6172839506172839,100,161,0.9938271604938271,432,162,1.0,783
1,urok,rabvs_budgeted_reliable,10012,162,0.016180583300039953,2560,158,0.8520569620253164,0.45177377474337727,0.21877167654100016,37.081481481481475,59.33037037037037,3072,0.9616460247702757,52.408854166666664,0.6292396783828735,0.679,0.15467239527389903,0.017964071856287425,0.30538922155688625,0.28742514970059885,96,0.5925925925925926,100,161,0.9938271604938271,491,161,0.9938271604938271,941
1,urok,rabvs_budgeted_no_ucb,10012,162,0.016180583300039953,2560,161,0.8664596273291926,0.45108831109974,0.21598295483431312,30.901234567901234,56.858271604938274,3072,0.9616460247702757,52.734375,0.6405249238014221,0.714,0.15491452991452992,0.027944111776447105,0.2954091816367265,0.2674650698602794,92,0.5679012345679012,100,162,1.0,491,162,1.0,944
2,urok,boba_ucb,10012,162,0.016180583300039953,2560,160,0.83671875,0.45135280337652894,0.21856609032272467,61.80246913580247,61.80246913580247,3072,0.9616460247702757,52.734375,0.6240425705909729,0.398,0.17200474495848161,0.01996007984031936,0.3033932135728543,0.283433133732535,100,0.6172839506172839,100,162,1.0,422,162,1.0,782
2,urok,rabvs_budgeted_reliable,10012,162,0.016180583300039953,2560,160,0.83671875,0.45135280337652894,0.21856609032272467,24.720987654320986,58.094320987654314,3072,0.9616460247702757,52.734375,0.6340771913528442,0.696,0.15541264737406216,0.01996007984031936,0.3033932135728543,0.283433133732535,94,0.5802469135802469,100,162,1.0,485,162,1.0,922
2,urok,rabvs_budgeted_no_ucb,10012,162,0.016180583300039953,2560,162,0.871141975308642,0.45121842306071736,0.21612399486420567,37.081481481481475,58.71234567901234,3072,0.9616460247702757,52.734375,0.6358011364936829,0.72,0.15491452991452992,0.031936127744510975,0.29141716566866266,0.25948103792415167,95,0.5864197530864198,100,162,1.0,492,162,1.0,943
1,vgfr2,boba_ucb,25358,409,0.016129032258064516,2560,339,0.7275073746312685,0.4515316910906299,0.21886970860738095,62.0,62.0,3840,0.9810710623866236,105.20833333333333,0.5700629949569702,0.5780000000000001,0.39794871794871794,0.04889589905362776,0.27287066246056785,0.22397476340694009,100,0.24449877750611246,100,395,0.9657701711491442,499,404,0.9877750611246944,968
1,vgfr2,rabvs_budgeted_reliable,25358,409,0.016129032258064516,2560,339,0.7275073746312685,0.4515316910906299,0.21886970860738095,62.0,61.75590551181102,3840,0.9810710623866236,105.98958333333333,0.5668233633041382,0.7130000000000001,0.40061475409836067,0.04889589905362776,0.27287066246056785,0.22397476340694009,100,0.24449877750611246,100,395,0.9657701711491442,500,407,0.9951100244498777,985
1,vgfr2,rabvs_budgeted_no_ucb,25358,409,0.016129032258064516,2560,404,0.8244121287128713,0.45124836863467377,0.21593024458217042,62.0,61.75590551181102,3840,0.9810710623866236,105.98958333333333,0.5685242414474487,0.761,0.3985728848114169,0.04889589905362776,0.27287066246056785,0.22397476340694009,100,0.24449877750611246,100,404,0.9877750611246944,500,407,0.9951100244498777,994
2,vgfr2,boba_ucb,25358,409,0.016129032258064516,2560,362,0.7584599447513812,0.45158042637283924,0.2185340021744904,62.0,62.0,3840,0.9810710623866236,105.46875,0.5665908455848694,0.579,0.40061791967044286,0.04968454258675079,0.27129337539432175,0.22160883280757096,100,0.24449877750611246,100,398,0.9731051344743277,498,405,0.9902200488997555,957
2,vgfr2,rabvs_budgeted_reliable,25358,409,0.016129032258064516,2560,362,0.7584599447513812,0.45158042637283924,0.2185340021744904,62.0,61.267716535433074,3840,0.9810710623866236,105.20833333333333,0.5618133544921875,0.732,0.3967280163599182,0.04968454258675079,0.27129337539432175,0.22160883280757096,100,0.24449877750611246,100,398,0.9731051344743277,500,404,0.9877750611246944,983
2,vgfr2,rabvs_budgeted_no_ucb,25358,409,0.016129032258064516,2560,405,0.8212962962962963,0.45111147486712866,0.21607434773975973,62.0,61.75590551181102,3840,0.9810710623866236,105.98958333333333,0.5669927000999451,0.753,0.4002047082906858,0.04968454258675079,0.27208201892744477,0.22239747634069398,100,0.24449877750611246,100,405,0.9902200488997555,500,407,0.9951100244498777,986
1,wee1,boba_ucb,6252,102,0.016314779270633396,2560,102,0.8682598039215687,0.4484885524278323,0.2132479571007143,61.29411764705883,61.29411764705883,2810,0.943817978246961,36.29893238434163,0.6260547637939453,0.43000000000000005,0.07467532467532467,0.003194888178913738,0.3226837060702875,0.3194888178913738,100,0.9803921568627451,56,102,1.0,429,102,1.0,860
1,wee1,rabvs_budgeted_reliable,6252,102,0.016314779270633396,2560,102,0.8682598039215687,0.4484885524278323,0.2132479571007143,61.29411764705883,61.29411764705883,2810,0.943817978246961,36.29893238434163,0.6249983310699463,0.718,0.07395498392282958,0.003194888178913738,0.3226837060702875,0.3194888178913738,100,0.9803921568627451,58,102,1.0,454,102,1.0,939
1,wee1,rabvs_budgeted_no_ucb,6252,102,0.016314779270633396,2560,102,0.875,0.44812219150015425,0.21086137644650085,61.29411764705883,61.29411764705883,2810,0.943817978246961,36.29893238434163,0.6295942664146423,0.756,0.07387580299785867,0.003194888178913738,0.3226837060702875,0.3194888178913738,100,0.9803921568627451,58,102,1.0,453,102,1.0,943
2,wee1,boba_ucb,6252,102,0.016314779270633396,2560,102,0.875,0.4484075174983304,0.21246735955167673,61.29411764705883,61.29411764705883,2810,0.943817978246961,36.29893238434163,0.6283119320869446,0.43300000000000005,0.07272727272727272,0.003194888178913738,0.3226837060702875,0.3194888178913738,100,0.9803921568627451,56,102,1.0,429,102,1.0,864
2,wee1,rabvs_budgeted_reliable,6252,102,0.016314779270633396,2560,102,0.875,0.4484075174983304,0.21246735955167673,61.29411764705883,61.29411764705883,2810,0.943817978246961,36.29893238434163,0.6246374845504761,0.729,0.07327586206896551,0.003194888178913738,0.3226837060702875,0.3194888178913738,100,0.9803921568627451,58,102,1.0,456,102,1.0,936
2,wee1,rabvs_budgeted_no_ucb,6252,102,0.016314779270633396,2560,102,0.875,0.4481716891795164,0.21109597194420857,61.29411764705883,61.29411764705883,2810,0.943817978246961,36.29893238434163,0.6307176947593689,0.755,0.07351351351351351,0.003194888178913738,0.3226837060702875,0.3194888178913738,100,0.9803921568627451,58,102,1.0,453,102,1.0,941
1,xiap,boba_ucb,5250,100,0.01904761904761905,2560,100,0.865,0.4453382767193889,0.21330433150678957,52.49999999999999,52.49999999999999,2770,0.934047619047619,36.101083032490976,0.633586049079895,0.482,0.06135770234986945,0.019011406844106463,0.3612167300380228,0.34220532319391633,100,1.0,49,100,1.0,339,100,1.0,717
1,xiap,rabvs_budgeted_reliable,5250,100,0.01904761904761905,2560,100,0.865,0.4453382767193889,0.21330433150678957,52.49999999999999,52.49999999999999,2770,0.934047619047619,36.101083032490976,0.636160135269165,0.683,0.05875,0.019011406844106463,0.3612167300380228,0.34220532319391633,98,0.98,51,100,1.0,418,100,1.0,819
1,xiap,rabvs_budgeted_no_ucb,5250,100,0.01904761904761905,2560,100,0.875,0.4449145826883493,0.2098245311486824,52.49999999999999,52.49999999999999,2770,0.934047619047619,36.101083032490976,0.6376118063926697,0.738,0.05731707317073171,0.019011406844106463,0.36259541984732824,0.3435840130032218,98,0.98,51,100,1.0,426,100,1.0,838
2,xiap,boba_ucb,5250,100,0.01904761904761905,2560,100,0.858125,0.44482388377032556,0.2114403627273779,52.49999999999999,52.49999999999999,2770,0.934047619047619,36.101083032490976,0.6346657276153564,0.473,0.06521739130434782,0.011406844106463879,0.3702290076335878,0.3588221635271239,100,1.0,49,100,1.0,353,100,1.0,731
2,xiap,rabvs_budgeted_reliable,5250,100,0.01904761904761905,2560,100,0.858125,0.44482388377032556,0.2114403627273779,52.49999999999999,50.480769230769226,2770,0.934047619047619,36.101083032490976,0.6367154717445374,0.7,0.06015037593984962,0.011406844106463879,0.3702290076335878,0.3588221635271239,96,0.96,53,100,1.0,419,100,1.0,830
2,xiap,rabvs_budgeted_no_ucb,5250,100,0.01904761904761905,2560,100,0.835625,0.44477817998287766,0.21063640721875904,52.49999999999999,52.49999999999999,2770,0.934047619047619,36.101083032490976,0.6386858224868774,0.721,0.05970149253731343,0.015209125475285171,0.366412213740458,0.3512030882651728,96,0.96,53,100,1.0,416,100,1.0,832
