seed,target,method,pool_size,active_count,active_ratio_pool,queried_total,queried_hits,AUBC,ECE,Brier,EF_0.1pct,EF_1pct,neural_inferences,inference_saved_ratio,hits_per_1000_inferences,mean_pairwise_cosine_distance_at1000,PAINS_Brenk_free_ratio_at1000,unseen_initial_scaffold_hit_rate_at1000,high_score_high_unc_hit_rate,high_score_low_unc_hit_rate,false_confidence_gap,Hit@100,Recall@100,unique_scaffold_count@100,Hit@500,Recall@500,unique_scaffold_count@500,Hit@1000,Recall@1000,unique_scaffold_count@1000
0,aa2ar,greedy_surrogate,32032,482,0.015047452547452548,2560,470,0.8081117021276596,0.004047456637955729,0.0027525686143562524,66.4564315352697,66.4564315352697,256256,0.0,1.830201048951049,0.5616666674613953,0.6859999999999999,0.4650924024640657,0.054307116104868915,0.2421972534332085,0.1878901373283396,100,0.2074688796680498,100,440,0.9128630705394191,499,469,0.9730290456431535,958
0,aa2ar,boba_ucb,32032,482,0.015047452547452548,2560,397,0.7019836272040302,0.005705594453490197,0.0038415890950287733,66.4564315352697,66.4564315352697,4096,0.984015984015984,111.81640625,0.5561795830726624,0.649,0.4524053224155578,0.048064918851435705,0.24719101123595505,0.19912609238451934,100,0.2074688796680498,100,422,0.8755186721991701,498,458,0.950207468879668,962
0,aa2ar,rabvs_budgeted_reliable,32032,482,0.015047452547452548,2560,397,0.7019836272040302,0.005705594453490197,0.0038415890950287733,66.4564315352697,65.2103734439834,4096,0.984015984015984,111.572265625,0.5551561713218689,0.746,0.4527720739219713,0.048064918851435705,0.24719101123595505,0.19912609238451934,100,0.2074688796680498,100,426,0.8838174273858921,498,457,0.9481327800829875,975
0,aa2ar,rabvs_budgeted_reliable_q50,32032,482,0.015047452547452548,2560,397,0.7019836272040302,0.005705594453490197,0.0038415890950287733,66.4564315352697,65.41804979253112,4096,0.984015984015984,111.083984375,0.5546229481697083,0.755,0.45071868583162217,0.048064918851435705,0.24719101123595505,0.19912609238451934,100,0.2074688796680498,100,428,0.8879668049792531,498,455,0.9439834024896265,975
0,aa2ar,rabvs_budgeted_reliable_q90,32032,482,0.015047452547452548,2560,397,0.7019836272040302,0.005705594453490197,0.0038415890950287733,66.4564315352697,65.2103734439834,4096,0.984015984015984,111.81640625,0.5554311275482178,0.745,0.4533333333333333,0.048064918851435705,0.24719101123595505,0.19912609238451934,100,0.2074688796680498,100,424,0.8796680497925311,498,458,0.950207468879668,975
0,aa2ar,rabvs_budgeted_reliable_no_alert,32032,482,0.015047452547452548,2560,397,0.7019836272040302,0.005705594453490197,0.0038415890950287733,66.4564315352697,66.4564315352697,4096,0.984015984015984,111.81640625,0.5560311675071716,0.6619999999999999,0.45426515930113054,0.048064918851435705,0.24719101123595505,0.19912609238451934,100,0.2074688796680498,100,423,0.8775933609958506,499,458,0.950207468879668,980
0,aa2ar,rabvs_budgeted_reliable_no_novelty,32032,482,0.015047452547452548,2560,397,0.7019836272040302,0.005705594453490197,0.0038415890950287733,66.4564315352697,65.00269709543568,4096,0.984015984015984,111.328125,0.5555784702301025,0.74,0.4512820512820513,0.048064918851435705,0.24719101123595505,0.19912609238451934,100,0.2074688796680498,100,425,0.8817427385892116,498,456,0.946058091286307,965
0,aa2ar,rabvs_budgeted_reliable_no_density,32032,482,0.015047452547452548,2560,397,0.7019836272040302,0.005705594453490197,0.0038415890950287733,66.4564315352697,65.2103734439834,4096,0.984015984015984,111.81640625,0.55557781457901,0.744,0.4533333333333333,0.048064918851435705,0.24719101123595505,0.19912609238451934,100,0.2074688796680498,100,424,0.8796680497925311,498,458,0.950207468879668,975
1,aa2ar,greedy_surrogate,32032,482,0.015047452547452548,2560,471,0.8046709129511678,0.003594428701151385,0.0025191672919299595,66.4564315352697,66.4564315352697,256256,0.0,1.830201048951049,0.5614420175552368,0.673,0.4699170124481328,0.05118601747815231,0.2459425717852684,0.19475655430711608,100,0.2074688796680498,100,441,0.9149377593360996,498,469,0.9730290456431535,956
1,aa2ar,boba_ucb,32032,482,0.015047452547452548,2560,408,0.7306985294117647,0.004157485303942765,0.002829216736250799,66.4564315352697,66.4564315352697,4096,0.984015984015984,112.060546875,0.5588101148605347,0.6679999999999999,0.4604989604989605,0.05056179775280899,0.2459425717852684,0.1953807740324594,100,0.2074688796680498,100,433,0.8983402489626556,495,459,0.9522821576763485,947
1,aa2ar,rabvs_budgeted_reliable,32032,482,0.015047452547452548,2560,408,0.7306985294117647,0.004157485303942765,0.002829216736250799,66.4564315352697,66.4564315352697,4096,0.984015984015984,113.037109375,0.5572795867919922,0.775,0.4622543950361944,0.05056179775280899,0.2459425717852684,0.1953807740324594,100,0.2074688796680498,100,435,0.9024896265560166,499,463,0.9605809128630706,981
1,aa2ar,rabvs_budgeted_reliable_q50,32032,482,0.015047452547452548,2560,408,0.7306985294117647,0.004157485303942765,0.002829216736250799,66.4564315352697,66.4564315352697,4096,0.984015984015984,112.548828125,0.5571627616882324,0.79,0.46018614270941055,0.05056179775280899,0.2459425717852684,0.1953807740324594,100,0.2074688796680498,100,435,0.9024896265560166,496,461,0.9564315352697096,980
1,aa2ar,rabvs_budgeted_reliable_q90,32032,482,0.015047452547452548,2560,408,0.7306985294117647,0.004157485303942765,0.002829216736250799,66.4564315352697,66.4564315352697,4096,0.984015984015984,113.037109375,0.5569792985916138,0.771,0.4622543950361944,0.05056179775280899,0.2459425717852684,0.1953807740324594,100,0.2074688796680498,100,435,0.9024896265560166,499,463,0.9605809128630706,979
1,aa2ar,rabvs_budgeted_reliable_no_alert,32032,482,0.015047452547452548,2560,408,0.7306985294117647,0.004157485303942765,0.002829216736250799,66.4564315352697,66.4564315352697,4096,0.984015984015984,112.79296875,0.557927668094635,0.661,0.4607438016528926,0.05056179775280899,0.2459425717852684,0.1953807740324594,100,0.2074688796680498,100,435,0.9024896265560166,500,462,0.9585062240663901,978
1,aa2ar,rabvs_budgeted_reliable_no_novelty,32032,482,0.015047452547452548,2560,408,0.7306985294117647,0.004157485303942765,0.002829216736250799,66.4564315352697,66.248755186722,4096,0.984015984015984,112.79296875,0.5586484670639038,0.77,0.46409989594172735,0.05056179775280899,0.2459425717852684,0.1953807740324594,100,0.2074688796680498,100,435,0.9024896265560166,496,462,0.9585062240663901,948
1,aa2ar,rabvs_budgeted_reliable_no_density,32032,482,0.015047452547452548,2560,408,0.7306985294117647,0.004157485303942765,0.002829216736250799,66.4564315352697,66.4564315352697,4096,0.984015984015984,113.037109375,0.557279109954834,0.768,0.4622543950361944,0.05056179775280899,0.2459425717852684,0.1953807740324594,100,0.2074688796680498,100,435,0.9024896265560166,498,463,0.9605809128630706,979
2,aa2ar,greedy_surrogate,32032,482,0.015047452547452548,2560,471,0.8049363057324841,0.0038459262760738963,0.002687149609107203,66.4564315352697,66.4564315352697,256256,0.0,1.830201048951049,0.56254643201828,0.687,0.46557040082219936,0.05489706799750468,0.24282147315855182,0.18792440516104714,100,0.2074688796680498,100,435,0.9024896265560166,498,469,0.9730290456431535,955
2,aa2ar,boba_ucb,32032,482,0.015047452547452548,2560,412,0.7099514563106796,0.004600595609868082,0.002969796265561419,66.4564315352697,66.4564315352697,4096,0.984015984015984,112.548828125,0.5618536472320557,0.6659999999999999,0.46018614270941055,0.052434456928838954,0.24344569288389514,0.1910112359550562,100,0.2074688796680498,100,435,0.9024896265560166,499,461,0.9564315352697096,949
2,aa2ar,rabvs_budgeted_reliable,32032,482,0.015047452547452548,2560,412,0.7099514563106796,0.004600595609868082,0.002969796265561419,66.4564315352697,66.04107883817427,4096,0.984015984015984,112.79296875,0.5588973164558411,0.768,0.4607438016528926,0.052434456928838954,0.24344569288389514,0.1910112359550562,100,0.2074688796680498,100,438,0.9087136929460581,499,462,0.9585062240663901,974
2,aa2ar,rabvs_budgeted_reliable_q50,32032,482,0.015047452547452548,2560,412,0.7099514563106796,0.004600595609868082,0.002969796265561419,66.4564315352697,66.248755186722,4096,0.984015984015984,112.79296875,0.5583921074867249,0.773,0.4616977225672878,0.052434456928838954,0.24344569288389514,0.1910112359550562,100,0.2074688796680498,100,437,0.9066390041493776,500,462,0.9585062240663901,977
2,aa2ar,rabvs_budgeted_reliable_q90,32032,482,0.015047452547452548,2560,412,0.7099514563106796,0.004600595609868082,0.002969796265561419,66.4564315352697,66.04107883817427,4096,0.984015984015984,112.79296875,0.5589065551757812,0.767,0.4602683178534572,0.052434456928838954,0.24344569288389514,0.1910112359550562,100,0.2074688796680498,100,438,0.9087136929460581,499,462,0.9585062240663901,974
2,aa2ar,rabvs_budgeted_reliable_no_alert,32032,482,0.015047452547452548,2560,412,0.7099514563106796,0.004600595609868082,0.002969796265561419,66.4564315352697,66.4564315352697,4096,0.984015984015984,112.548828125,0.5601670145988464,0.6739999999999999,0.4587628865979381,0.052434456928838954,0.24344569288389514,0.1910112359550562,100,0.2074688796680498,100,436,0.9045643153526971,499,461,0.9564315352697096,979
2,aa2ar,rabvs_budgeted_reliable_no_novelty,32032,482,0.015047452547452548,2560,412,0.7099514563106796,0.004600595609868082,0.002969796265561419,66.4564315352697,66.04107883817427,4096,0.984015984015984,112.79296875,0.5596387386322021,0.762,0.46313603322949115,0.052434456928838954,0.24344569288389514,0.1910112359550562,100,0.2074688796680498,100,437,0.9066390041493776,499,462,0.9585062240663901,959
2,aa2ar,rabvs_budgeted_reliable_no_density,32032,482,0.015047452547452548,2560,412,0.7099514563106796,0.004600595609868082,0.002969796265561419,66.4564315352697,66.04107883817427,4096,0.984015984015984,112.79296875,0.5594795942306519,0.769,0.4602683178534572,0.052434456928838954,0.24344569288389514,0.1910112359550562,100,0.2074688796680498,100,437,0.9066390041493776,499,462,0.9585062240663901,975
0,abl1,greedy_surrogate,10932,182,0.01664837175265276,2560,178,0.8500702247191011,0.00827998173217733,0.004273089547031721,60.065934065934066,60.065934065934066,87456,0.0,2.023874862788145,0.6180349588394165,0.5449999999999999,0.175,0.07861060329067641,0.2449725776965265,0.1663619744058501,100,0.5494505494505495,100,177,0.9725274725274725,479,177,0.9725274725274725,912
0,abl1,boba_ucb,10932,182,0.01664837175265276,2560,165,0.7924242424242425,0.009319028651832326,0.004729568389988627,60.065934065934066,60.065934065934066,3072,0.964873765093304,57.6171875,0.6155651807785034,0.5589999999999999,0.17770419426048564,0.062157221206581355,0.26142595978062155,0.1992687385740402,100,0.5494505494505495,100,175,0.9615384615384616,472,177,0.9725274725274725,901
0,abl1,rabvs_budgeted_reliable,10932,182,0.01664837175265276,2560,165,0.7924242424242425,0.009319028651832326,0.004729568389988627,60.065934065934066,58.412743220082675,3072,0.964873765093304,57.6171875,0.6043484210968018,0.819,0.17127659574468085,0.062157221206581355,0.26142595978062155,0.1992687385740402,97,0.532967032967033,100,175,0.9615384615384616,489,177,0.9725274725274725,986
0,abl1,rabvs_budgeted_reliable_q50,10932,182,0.01664837175265276,2560,165,0.7924242424242425,0.009319028651832326,0.004729568389988627,60.065934065934066,58.96380683536647,3072,0.964873765093304,56.315104166666664,0.606488049030304,0.83,0.16881720430107527,0.062157221206581355,0.26142595978062155,0.1992687385740402,98,0.5384615384615384,100,172,0.945054945054945,488,173,0.9505494505494505,987
0,abl1,rabvs_budgeted_reliable_q90,10932,182,0.01664837175265276,2560,165,0.7924242424242425,0.009319028651832326,0.004729568389988627,60.065934065934066,58.412743220082675,3072,0.964873765093304,57.6171875,0.6052789092063904,0.819,0.17037037037037037,0.062157221206581355,0.26142595978062155,0.1992687385740402,97,0.532967032967033,100,175,0.9615384615384616,489,177,0.9725274725274725,986
0,abl1,rabvs_budgeted_reliable_no_alert,10932,182,0.01664837175265276,2560,165,0.7924242424242425,0.009319028651832326,0.004729568389988627,60.065934065934066,60.065934065934066,3072,0.964873765093304,57.6171875,0.6076132655143738,0.581,0.17237687366167023,0.062157221206581355,0.26142595978062155,0.1992687385740402,100,0.5494505494505495,100,175,0.9615384615384616,492,177,0.9725274725274725,981
0,abl1,rabvs_budgeted_reliable_no_novelty,10932,182,0.01664837175265276,2560,165,0.7924242424242425,0.009319028651832326,0.004729568389988627,60.065934065934066,58.412743220082675,3072,0.964873765093304,57.6171875,0.6097812652587891,0.8049999999999999,0.17634173055859803,0.062157221206581355,0.26142595978062155,0.1992687385740402,97,0.532967032967033,100,175,0.9615384615384616,478,177,0.9725274725274725,910
0,abl1,rabvs_budgeted_reliable_no_density,10932,182,0.01664837175265276,2560,165,0.7924242424242425,0.009319028651832326,0.004729568389988627,60.065934065934066,58.412743220082675,3072,0.964873765093304,57.6171875,0.6049641966819763,0.819,0.17037037037037037,0.062157221206581355,0.26142595978062155,0.1992687385740402,97,0.532967032967033,100,175,0.9615384615384616,490,177,0.9725274725274725,986
1,abl1,greedy_surrogate,10932,182,0.01664837175265276,2560,177,0.8449858757062146,0.00818751092347444,0.004411091531252867,60.065934065934066,58.96380683536647,87456,0.0,2.023874862788145,0.6155756115913391,0.575,0.17349137931034483,0.07312614259597806,0.25045703839122485,0.1773308957952468,100,0.5494505494505495,100,177,0.9725274725274725,480,177,0.9725274725274725,931
1,abl1,boba_ucb,10932,182,0.01664837175265276,2560,162,0.8503086419753086,0.007121557613205163,0.004443494131439899,60.065934065934066,59.51487045065027,3072,0.964873765093304,55.989583333333336,0.6163377165794373,0.5489999999999999,0.16792249730893433,0.051188299817184646,0.26508226691042047,0.21389396709323583,100,0.5494505494505495,100,168,0.9230769230769231,467,172,0.945054945054945,901
1,abl1,rabvs_budgeted_reliable,10932,182,0.01664837175265276,2560,162,0.8503086419753086,0.007121557613205163,0.004443494131439899,60.065934065934066,59.51487045065027,3072,0.964873765093304,55.6640625,0.606560468673706,0.843,0.164021164021164,0.051188299817184646,0.26508226691042047,0.21389396709323583,99,0.5439560439560439,100,169,0.9285714285714286,486,171,0.9395604395604396,983
1,abl1,rabvs_budgeted_reliable_q50,10932,182,0.01664837175265276,2560,162,0.8503086419753086,0.007121557613205163,0.004443494131439899,60.065934065934066,59.51487045065027,3072,0.964873765093304,55.338541666666664,0.6090180277824402,0.862,0.16382978723404254,0.051188299817184646,0.26508226691042047,0.21389396709323583,99,0.5439560439560439,100,168,0.9230769230769231,489,170,0.9340659340659341,986
1,abl1,rabvs_budgeted_reliable_q90,10932,182,0.01664837175265276,2560,162,0.8503086419753086,0.007121557613205163,0.004443494131439899,60.065934065934066,59.51487045065027,3072,0.964873765093304,55.989583333333336,0.6066692471504211,0.834,0.16421052631578947,0.051188299817184646,0.26508226691042047,0.21389396709323583,99,0.5439560439560439,100,169,0.9285714285714286,485,172,0.945054945054945,980
1,abl1,rabvs_budgeted_reliable_no_alert,10932,182,0.01664837175265276,2560,162,0.8503086419753086,0.007121557613205163,0.004443494131439899,60.065934065934066,59.51487045065027,3072,0.964873765093304,56.315104166666664,0.611805260181427,0.562,0.16561181434599156,0.051188299817184646,0.26508226691042047,0.21389396709323583,100,0.5494505494505495,100,171,0.9395604395604396,488,173,0.9505494505494505,978
1,abl1,rabvs_budgeted_reliable_no_novelty,10932,182,0.01664837175265276,2560,162,0.8503086419753086,0.007121557613205163,0.004443494131439899,60.065934065934066,59.51487045065027,3072,0.964873765093304,55.6640625,0.6105769872665405,0.829,0.16829533116178066,0.051188299817184646,0.26508226691042047,0.21389396709323583,99,0.5439560439560439,100,169,0.9285714285714286,470,171,0.9395604395604396,904
1,abl1,rabvs_budgeted_reliable_no_density,10932,182,0.01664837175265276,2560,162,0.8503086419753086,0.007121557613205163,0.004443494131439899,60.065934065934066,59.51487045065027,3072,0.964873765093304,55.989583333333336,0.6066213846206665,0.834,0.1638655462184874,0.051188299817184646,0.26508226691042047,0.21389396709323583,99,0.5439560439560439,100,169,0.9285714285714286,485,172,0.945054945054945,981
2,abl1,greedy_surrogate,10932,182,0.01664837175265276,2560,176,0.8551136363636364,0.007460935940871263,0.004313805047259249,60.065934065934066,60.065934065934066,87456,0.0,2.012440541529455,0.613611102104187,0.5660000000000001,0.1762114537444934,0.06946983546617916,0.2522851919561243,0.18281535648994515,100,0.5494505494505495,100,176,0.967032967032967,482,176,0.967032967032967,922
2,abl1,boba_ucb,10932,182,0.01664837175265276,2560,159,0.8254716981132075,0.00525326506735261,0.003760241872265714,60.065934065934066,60.065934065934066,3072,0.964873765093304,55.013020833333336,0.6144381165504456,0.5449999999999999,0.17037861915367483,0.056672760511883,0.2522851919561243,0.1956124314442413,100,0.5494505494505495,100,168,0.9230769230769231,470,169,0.9285714285714286,895
2,abl1,rabvs_budgeted_reliable,10932,182,0.01664837175265276,2560,159,0.8254716981132075,0.00525326506735261,0.003760241872265714,60.065934065934066,59.51487045065027,3072,0.964873765093304,55.989583333333336,0.6050649881362915,0.864,0.16613418530351437,0.056672760511883,0.2522851919561243,0.1956124314442413,99,0.5439560439560439,100,169,0.9285714285714286,494,172,0.945054945054945,992
2,abl1,rabvs_budgeted_reliable_q50,10932,182,0.01664837175265276,2560,159,0.8254716981132075,0.00525326506735261,0.003760241872265714,60.065934065934066,59.51487045065027,3072,0.964873765093304,55.338541666666664,0.6072819232940674,0.871,0.16648648648648648,0.056672760511883,0.2522851919561243,0.1956124314442413,99,0.5439560439560439,100,168,0.9230769230769231,495,170,0.9340659340659341,994
2,abl1,rabvs_budgeted_reliable_q90,10932,182,0.01664837175265276,2560,159,0.8254716981132075,0.00525326506735261,0.003760241872265714,60.065934065934066,59.51487045065027,3072,0.964873765093304,55.6640625,0.6053873896598816,0.863,0.1641949152542373,0.056672760511883,0.2522851919561243,0.1956124314442413,99,0.5439560439560439,100,169,0.9285714285714286,491,171,0.9395604395604396,989
2,abl1,rabvs_budgeted_reliable_no_alert,10932,182,0.01664837175265276,2560,159,0.8254716981132075,0.00525326506735261,0.003760241872265714,60.065934065934066,60.065934065934066,3072,0.964873765093304,55.989583333333336,0.6066967844963074,0.56,0.16810344827586207,0.056672760511883,0.2522851919561243,0.1956124314442413,100,0.5494505494505495,100,169,0.9285714285714286,491,172,0.945054945054945,988
2,abl1,rabvs_budgeted_reliable_no_novelty,10932,182,0.01664837175265276,2560,159,0.8254716981132075,0.00525326506735261,0.003760241872265714,60.065934065934066,59.51487045065027,3072,0.964873765093304,55.6640625,0.6121105551719666,0.851,0.17146017699115043,0.056672760511883,0.2522851919561243,0.1956124314442413,99,0.5439560439560439,100,169,0.9285714285714286,465,171,0.9395604395604396,896
2,abl1,rabvs_budgeted_reliable_no_density,10932,182,0.01664837175265276,2560,159,0.8254716981132075,0.00525326506735261,0.003760241872265714,60.065934065934066,59.51487045065027,3072,0.964873765093304,55.6640625,0.6054568886756897,0.862,0.164021164021164,0.056672760511883,0.2522851919561243,0.1956124314442413,99,0.5439560439560439,100,169,0.9285714285714286,491,171,0.9395604395604396,989
0,ace,greedy_surrogate,17182,282,0.016412524735187988,2560,281,0.8709964412811388,0.0013407749980707214,0.0002538703541672637,60.92907801418439,60.92907801418439,137456,0.0,2.044290536608078,0.5751135349273682,0.40800000000000003,0.2846237731733915,0.031395348837209305,0.2956926658905704,0.2642973170533611,100,0.3546099290780142,100,281,0.9964539007092199,470,281,0.9964539007092199,848
0,ace,boba_ucb,17182,282,0.016412524735187988,2560,273,0.8592032967032966,0.0018649728349478326,0.0004906419760253177,60.92907801418439,60.92907801418439,3328,0.9757886159934815,84.43509615384616,0.5677611231803894,0.43200000000000005,0.29292929292929293,0.01744186046511628,0.309662398137369,0.29222053767225276,100,0.3546099290780142,100,279,0.9893617021276596,458,281,0.9964539007092199,825
0,ace,rabvs_budgeted_reliable,17182,282,0.016412524735187988,2560,273,0.8592032967032966,0.0018649728349478326,0.0004906419760253177,60.92907801418439,60.92907801418439,3328,0.9757886159934815,83.53365384615384,0.5700758695602417,0.787,0.2709205020920502,0.01744186046511628,0.309662398137369,0.29222053767225276,100,0.3546099290780142,100,277,0.9822695035460993,496,278,0.9858156028368794,996
0,ace,rabvs_budgeted_reliable_q50,17182,282,0.016412524735187988,2560,273,0.8592032967032966,0.0018649728349478326,0.0004906419760253177,60.92907801418439,60.92907801418439,3328,0.9757886159934815,83.23317307692307,0.5672512054443359,0.79,0.2718651211801897,0.01744186046511628,0.309662398137369,0.29222053767225276,100,0.3546099290780142,100,277,0.9822695035460993,496,277,0.9822695035460993,996
0,ace,rabvs_budgeted_reliable_q90,17182,282,0.016412524735187988,2560,273,0.8592032967032966,0.0018649728349478326,0.0004906419760253177,60.92907801418439,60.92907801418439,3328,0.9757886159934815,83.53365384615384,0.5704097747802734,0.785,0.27063740856844304,0.01744186046511628,0.309662398137369,0.29222053767225276,100,0.3546099290780142,100,277,0.9822695035460993,496,278,0.9858156028368794,996
0,ace,rabvs_budgeted_reliable_no_alert,17182,282,0.016412524735187988,2560,273,0.8592032967032966,0.0018649728349478326,0.0004906419760253177,60.92907801418439,60.92907801418439,3328,0.9757886159934815,84.13461538461539,0.5754089951515198,0.41400000000000003,0.271875,0.01744186046511628,0.309662398137369,0.29222053767225276,100,0.3546099290780142,100,280,0.9929078014184397,493,280,0.9929078014184397,993
0,ace,rabvs_budgeted_reliable_no_novelty,17182,282,0.016412524735187988,2560,273,0.8592032967032966,0.0018649728349478326,0.0004906419760253177,60.92907801418439,60.92907801418439,3328,0.9757886159934815,83.53365384615384,0.5611004829406738,0.782,0.30246189917936694,0.01744186046511628,0.309662398137369,0.29222053767225276,100,0.3546099290780142,100,278,0.9858156028368794,446,278,0.9858156028368794,784
0,ace,rabvs_budgeted_reliable_no_density,17182,282,0.016412524735187988,2560,273,0.8592032967032966,0.0018649728349478326,0.0004906419760253177,60.92907801418439,60.92907801418439,3328,0.9757886159934815,83.53365384615384,0.5697970986366272,0.784,0.27063740856844304,0.01744186046511628,0.309662398137369,0.29222053767225276,100,0.3546099290780142,100,277,0.9822695035460993,496,278,0.9858156028368794,996
1,ace,greedy_surrogate,17182,282,0.016412524735187988,2560,281,0.8707740213523132,0.0014794043008467094,0.00021527468444456388,60.92907801418439,60.92907801418439,137456,0.0,2.044290536608078,0.580476701259613,0.41400000000000003,0.2943820224719101,0.029069767441860465,0.2980209545983702,0.26895118715650973,100,0.3546099290780142,100,281,0.9964539007092199,473,281,0.9964539007092199,848
1,ace,boba_ucb,17182,282,0.016412524735187988,2560,273,0.8704212454212454,0.00300425339592132,0.000621024358168183,60.92907801418439,60.92907801418439,3328,0.9757886159934815,84.73557692307693,0.5752484798431396,0.43300000000000005,0.29717514124293787,0.01627906976744186,0.3119906868451688,0.2957116170777269,100,0.3546099290780142,100,281,0.9964539007092199,475,282,1.0,852
1,ace,rabvs_budgeted_reliable,17182,282,0.016412524735187988,2560,273,0.8704212454212454,0.00300425339592132,0.000621024358168183,60.92907801418439,60.92907801418439,3328,0.9757886159934815,84.43509615384616,0.5770800113677979,0.766,0.2754994742376446,0.01627906976744186,0.3119906868451688,0.2957116170777269,100,0.3546099290780142,100,281,0.9964539007092199,495,281,0.9964539007092199,995
1,ace,rabvs_budgeted_reliable_q50,17182,282,0.016412524735187988,2560,273,0.8704212454212454,0.00300425339592132,0.000621024358168183,60.92907801418439,60.92907801418439,3328,0.9757886159934815,84.13461538461539,0.5750418305397034,0.769,0.27560718057022177,0.01627906976744186,0.3119906868451688,0.2957116170777269,100,0.3546099290780142,100,280,0.9929078014184397,497,280,0.9929078014184397,997
1,ace,rabvs_budgeted_reliable_q90,17182,282,0.016412524735187988,2560,273,0.8704212454212454,0.00300425339592132,0.000621024358168183,60.92907801418439,60.92907801418439,3328,0.9757886159934815,84.43509615384616,0.5761669278144836,0.765,0.27492130115424973,0.01627906976744186,0.3119906868451688,0.2957116170777269,100,0.3546099290780142,100,281,0.9964539007092199,495,281,0.9964539007092199,995
1,ace,rabvs_budgeted_reliable_no_alert,17182,282,0.016412524735187988,2560,273,0.8704212454212454,0.00300425339592132,0.000621024358168183,60.92907801418439,60.92907801418439,3328,0.9757886159934815,84.43509615384616,0.5823063254356384,0.41000000000000003,0.27405857740585776,0.01627906976744186,0.3119906868451688,0.2957116170777269,100,0.3546099290780142,100,281,0.9964539007092199,493,281,0.9964539007092199,993
1,ace,rabvs_budgeted_reliable_no_novelty,17182,282,0.016412524735187988,2560,273,0.8704212454212454,0.00300425339592132,0.000621024358168183,60.92907801418439,60.92907801418439,3328,0.9757886159934815,84.43509615384616,0.5770520567893982,0.763,0.30859835100117783,0.01627906976744186,0.3119906868451688,0.2957116170777269,100,0.3546099290780142,100,281,0.9964539007092199,461,281,0.9964539007092199,809
1,ace,rabvs_budgeted_reliable_no_density,17182,282,0.016412524735187988,2560,273,0.8704212454212454,0.00300425339592132,0.000621024358168183,60.92907801418439,60.92907801418439,3328,0.9757886159934815,84.43509615384616,0.5761502385139465,0.764,0.2746331236897275,0.01627906976744186,0.3119906868451688,0.2957116170777269,100,0.3546099290780142,100,281,0.9964539007092199,495,281,0.9964539007092199,995
2,ace,greedy_surrogate,17182,282,0.016412524735187988,2560,281,0.8716637010676157,0.0013403944141142578,0.00022960055753103785,60.92907801418439,60.92907801418439,137456,0.0,2.044290536608078,0.5774627327919006,0.44099999999999995,0.2884187082405345,0.029069767441860465,0.2980209545983702,0.26895118715650973,100,0.3546099290780142,100,281,0.9964539007092199,470,281,0.9964539007092199,856
2,ace,boba_ucb,17182,282,0.016412524735187988,2560,275,0.8545454545454545,0.0026816037333431734,0.0005119405475365752,60.92907801418439,60.92907801418439,3328,0.9757886159934815,84.43509615384616,0.5710293054580688,0.44199999999999995,0.2890625,0.015116279069767442,0.3119906868451688,0.29687440777540136,100,0.3546099290780142,100,280,0.9929078014184397,468,281,0.9964539007092199,844
2,ace,rabvs_budgeted_reliable,17182,282,0.016412524735187988,2560,275,0.8545454545454545,0.0026816037333431734,0.0005119405475365752,60.92907801418439,60.92907801418439,3328,0.9757886159934815,84.13461538461539,0.5737163424491882,0.776,0.2723449001051525,0.015116279069767442,0.3119906868451688,0.29687440777540136,100,0.3546099290780142,100,280,0.9929078014184397,491,280,0.9929078014184397,990
2,ace,rabvs_budgeted_reliable_q50,17182,282,0.016412524735187988,2560,275,0.8545454545454545,0.0026816037333431734,0.0005119405475365752,60.92907801418439,60.92907801418439,3328,0.9757886159934815,84.13461538461539,0.5700833797454834,0.778,0.2740740740740741,0.015116279069767442,0.3119906868451688,0.29687440777540136,100,0.3546099290780142,100,280,0.9929078014184397,492,280,0.9929078014184397,991
2,ace,rabvs_budgeted_reliable_q90,17182,282,0.016412524735187988,2560,275,0.8545454545454545,0.0026816037333431734,0.0005119405475365752,60.92907801418439,60.92907801418439,3328,0.9757886159934815,84.13461538461539,0.5736343264579773,0.775,0.27177334732423925,0.015116279069767442,0.3119906868451688,0.29687440777540136,100,0.3546099290780142,100,280,0.9929078014184397,491,280,0.9929078014184397,990
2,ace,rabvs_budgeted_reliable_no_alert,17182,282,0.016412524735187988,2560,275,0.8545454545454545,0.0026816037333431734,0.0005119405475365752,60.92907801418439,60.92907801418439,3328,0.9757886159934815,84.13461538461539,0.5758275389671326,0.43899999999999995,0.27063740856844304,0.015116279069767442,0.3119906868451688,0.29687440777540136,100,0.3546099290780142,100,280,0.9929078014184397,492,280,0.9929078014184397,987
2,ace,rabvs_budgeted_reliable_no_novelty,17182,282,0.016412524735187988,2560,275,0.8545454545454545,0.0026816037333431734,0.0005119405475365752,60.92907801418439,60.92907801418439,3328,0.9757886159934815,84.13461538461539,0.5691471099853516,0.774,0.30257009345794394,0.015116279069767442,0.3119906868451688,0.29687440777540136,100,0.3546099290780142,100,280,0.9929078014184397,455,280,0.9929078014184397,808
2,ace,rabvs_budgeted_reliable_no_density,17182,282,0.016412524735187988,2560,275,0.8545454545454545,0.0026816037333431734,0.0005119405475365752,60.92907801418439,60.92907801418439,3328,0.9757886159934815,84.13461538461539,0.5736649036407471,0.775,0.27148846960167716,0.015116279069767442,0.3119906868451688,0.29687440777540136,100,0.3546099290780142,100,280,0.9929078014184397,491,280,0.9929078014184397,990
0,aces,greedy_surrogate,26703,453,0.016964386024042242,2560,429,0.7805944055944056,0.005401925281002296,0.004247721741555235,58.94701986754967,58.7262445122405,213624,0.0,1.9754334718945439,0.5993705987930298,0.32399999999999995,0.4264705882352941,0.0688622754491018,0.25692883895131086,0.18806656350220907,100,0.22075055187637968,100,395,0.8719646799116998,492,422,0.9315673289183223,929
0,aces,boba_ucb,26703,453,0.016964386024042242,2560,351,0.7272079772079773,0.005599112503213626,0.00493560017213244,58.94701986754967,58.94701986754967,3840,0.9820244916301539,104.42708333333334,0.6093010306358337,0.365,0.410010649627263,0.06212574850299401,0.2531835205992509,0.1910577720962569,100,0.22075055187637968,100,376,0.8300220750551877,491,401,0.8852097130242825,933
0,aces,rabvs_budgeted_reliable,26703,453,0.016964386024042242,2560,351,0.7272079772079773,0.005599112503213626,0.00493560017213244,58.94701986754967,58.28469380162215,3840,0.9820244916301539,104.42708333333334,0.6064714193344116,0.517,0.4027196652719665,0.06212574850299401,0.2531835205992509,0.1910577720962569,98,0.2163355408388521,100,374,0.82560706401766,497,401,0.8852097130242825,971
0,aces,rabvs_budgeted_reliable_q50,26703,453,0.016964386024042242,2560,351,0.7272079772079773,0.005599112503213626,0.00493560017213244,58.94701986754967,58.28469380162215,3840,0.9820244916301539,101.82291666666667,0.6078484654426575,0.5389999999999999,0.3910323253388947,0.06212574850299401,0.2531835205992509,0.1910577720962569,98,0.2163355408388521,100,369,0.8145695364238411,497,391,0.8631346578366446,975
0,aces,rabvs_budgeted_reliable_q90,26703,453,0.016964386024042242,2560,351,0.7272079772079773,0.005599112503213626,0.00493560017213244,58.94701986754967,58.28469380162215,3840,0.9820244916301539,104.42708333333334,0.6067712903022766,0.509,0.4027196652719665,0.06212574850299401,0.2531835205992509,0.1910577720962569,98,0.2163355408388521,100,373,0.8233995584988962,498,401,0.8852097130242825,973
0,aces,rabvs_budgeted_reliable_no_alert,26703,453,0.016964386024042242,2560,351,0.7272079772079773,0.005599112503213626,0.00493560017213244,58.94701986754967,58.94701986754967,3840,0.9820244916301539,104.94791666666667,0.6049512028694153,0.386,0.40523560209424087,0.06212574850299401,0.2531835205992509,0.1910577720962569,100,0.22075055187637968,100,380,0.8388520971302428,494,403,0.8896247240618101,970
0,aces,rabvs_budgeted_reliable_no_novelty,26703,453,0.016964386024042242,2560,351,0.7272079772079773,0.005599112503213626,0.00493560017213244,58.94701986754967,58.28469380162215,3840,0.9820244916301539,103.90625,0.6108500361442566,0.502,0.4100642398286938,0.06212574850299401,0.2531835205992509,0.1910577720962569,98,0.2163355408388521,100,374,0.82560706401766,490,399,0.8807947019867549,939
0,aces,rabvs_budgeted_reliable_no_density,26703,453,0.016964386024042242,2560,351,0.7272079772079773,0.005599112503213626,0.00493560017213244,58.94701986754967,58.28469380162215,3840,0.9820244916301539,104.16666666666667,0.6063811779022217,0.507,0.4012539184952978,0.06212574850299401,0.2531835205992509,0.1910577720962569,98,0.2163355408388521,100,373,0.8233995584988962,498,400,0.8830022075055187,974
1,aces,greedy_surrogate,26703,453,0.016964386024042242,2560,429,0.7851107226107226,0.005217702857640813,0.004026859805017716,58.94701986754967,58.94701986754967,213624,0.0,1.9941579597798003,0.5968071818351746,0.32099999999999995,0.4305263157894737,0.06062874251497006,0.2644194756554307,0.20379073314046067,100,0.22075055187637968,100,398,0.8785871964679912,487,426,0.9403973509933775,923
1,aces,boba_ucb,26703,453,0.016964386024042242,2560,331,0.7956948640483383,0.004230088937091841,0.004726690016539316,58.94701986754967,58.94701986754967,3840,0.9820244916301539,104.6875,0.6028662323951721,0.352,0.4052631578947368,0.07709580838323353,0.24344569288389514,0.16634988450066163,100,0.22075055187637968,100,376,0.8300220750551877,486,402,0.8874172185430463,925
1,aces,rabvs_budgeted_reliable,26703,453,0.016964386024042242,2560,331,0.7956948640483383,0.004230088937091841,0.004726690016539316,58.94701986754967,58.94701986754967,3840,0.9820244916301539,104.6875,0.5995069742202759,0.516,0.3973168214654283,0.07709580838323353,0.24344569288389514,0.16634988450066163,100,0.22075055187637968,100,377,0.8322295805739515,490,402,0.8874172185430463,966
1,aces,rabvs_budgeted_reliable_q50,26703,453,0.016964386024042242,2560,331,0.7956948640483383,0.004230088937091841,0.004726690016539316,58.94701986754967,58.94701986754967,3840,0.9820244916301539,103.64583333333334,0.6047818660736084,0.531,0.39359504132231404,0.07709580838323353,0.24344569288389514,0.16634988450066163,100,0.22075055187637968,100,377,0.8322295805739515,492,398,0.8785871964679912,971
1,aces,rabvs_budgeted_reliable_q90,26703,453,0.016964386024042242,2560,331,0.7956948640483383,0.004230088937091841,0.004726690016539316,58.94701986754967,58.94701986754967,3840,0.9820244916301539,104.42708333333334,0.5993991494178772,0.513,0.3958762886597938,0.07709580838323353,0.24344569288389514,0.16634988450066163,100,0.22075055187637968,100,377,0.8322295805739515,491,401,0.8852097130242825,966
1,aces,rabvs_budgeted_reliable_no_alert,26703,453,0.016964386024042242,2560,331,0.7956948640483383,0.004230088937091841,0.004726690016539316,58.94701986754967,58.94701986754967,3840,0.9820244916301539,105.98958333333333,0.6002766489982605,0.357,0.40498442367601245,0.07709580838323353,0.24344569288389514,0.16634988450066163,100,0.22075055187637968,100,380,0.8388520971302428,491,407,0.8984547461368654,956
1,aces,rabvs_budgeted_reliable_no_novelty,26703,453,0.016964386024042242,2560,331,0.7956948640483383,0.004230088937091841,0.004726690016539316,58.94701986754967,58.94701986754967,3840,0.9820244916301539,103.38541666666666,0.6035797595977783,0.495,0.4,0.07709580838323353,0.24344569288389514,0.16634988450066163,100,0.22075055187637968,100,377,0.8322295805739515,488,397,0.8763796909492274,917
1,aces,rabvs_budgeted_reliable_no_density,26703,453,0.016964386024042242,2560,331,0.7956948640483383,0.004230088937091841,0.004726690016539316,58.94701986754967,58.94701986754967,3840,0.9820244916301539,104.42708333333334,0.5999126434326172,0.51,0.39546858908341914,0.07709580838323353,0.24344569288389514,0.16634988450066163,100,0.22075055187637968,100,377,0.8322295805739515,491,401,0.8852097130242825,967
2,aces,greedy_surrogate,26703,453,0.016964386024042242,2560,429,0.7883158508158508,0.005601107887676822,0.004191872241633784,58.94701986754967,58.94701986754967,213624,0.0,1.9754334718945439,0.5997754335403442,0.32399999999999995,0.42962962962962964,0.06212574850299401,0.2636704119850187,0.2015446634820247,100,0.22075055187637968,100,399,0.8807947019867549,491,422,0.9315673289183223,922
2,aces,boba_ucb,26703,453,0.016964386024042242,2560,358,0.7543645251396648,0.008301863431221797,0.0053110726358782945,58.94701986754967,58.7262445122405,3840,0.9820244916301539,107.8125,0.5916157364845276,0.394,0.4154488517745303,0.06811377245508982,0.2591760299625468,0.19106225750745698,100,0.22075055187637968,100,377,0.8322295805739515,489,414,0.9139072847682119,940
2,aces,rabvs_budgeted_reliable,26703,453,0.016964386024042242,2560,358,0.7543645251396648,0.008301863431221797,0.0053110726358782945,58.94701986754967,58.94701986754967,3840,0.9820244916301539,107.29166666666666,0.5918979048728943,0.505,0.4095139607032058,0.06811377245508982,0.2591760299625468,0.19106225750745698,100,0.22075055187637968,100,380,0.8388520971302428,494,412,0.9094922737306843,969
2,aces,rabvs_budgeted_reliable_q50,26703,453,0.016964386024042242,2560,358,0.7543645251396648,0.008301863431221797,0.0053110726358782945,58.94701986754967,58.94701986754967,3840,0.9820244916301539,107.29166666666666,0.5942825675010681,0.52,0.4107883817427386,0.06811377245508982,0.2591760299625468,0.19106225750745698,100,0.22075055187637968,100,380,0.8388520971302428,492,412,0.9094922737306843,964
2,aces,rabvs_budgeted_reliable_q90,26703,453,0.016964386024042242,2560,358,0.7543645251396648,0.008301863431221797,0.0053110726358782945,58.94701986754967,58.7262445122405,3840,0.9820244916301539,107.03125,0.5918360352516174,0.504,0.40847983453981385,0.06811377245508982,0.2591760299625468,0.19106225750745698,99,0.2185430463576159,100,378,0.8344370860927153,493,411,0.9072847682119205,969
2,aces,rabvs_budgeted_reliable_no_alert,26703,453,0.016964386024042242,2560,358,0.7543645251396648,0.008301863431221797,0.0053110726358782945,58.94701986754967,58.94701986754967,3840,0.9820244916301539,108.59375,0.5905611515045166,0.4,0.41511387163561075,0.06811377245508982,0.2591760299625468,0.19106225750745698,100,0.22075055187637968,100,380,0.8388520971302428,492,417,0.9205298013245033,964
2,aces,rabvs_budgeted_reliable_no_novelty,26703,453,0.016964386024042242,2560,358,0.7543645251396648,0.008301863431221797,0.0053110726358782945,58.94701986754967,58.94701986754967,3840,0.9820244916301539,106.51041666666666,0.5944294929504395,0.501,0.41151832460732984,0.06811377245508982,0.2591760299625468,0.19106225750745698,100,0.22075055187637968,100,379,0.8366445916114791,491,409,0.9028697571743929,943
2,aces,rabvs_budgeted_reliable_no_density,26703,453,0.016964386024042242,2560,358,0.7543645251396648,0.008301863431221797,0.0053110726358782945,58.94701986754967,58.7262445122405,3840,0.9820244916301539,107.03125,0.5918331742286682,0.503,0.40847983453981385,0.06811377245508982,0.2591760299625468,0.19106225750745698,99,0.2185430463576159,100,378,0.8344370860927153,493,411,0.9072847682119205,967
0,ada,greedy_surrogate,5543,93,0.016777918094894463,2560,93,0.8676075268817204,0.0021715048318839605,0.0001554467752060549,59.6021505376344,59.6021505376344,44344,0.0,2.097239761861808,0.6557399034500122,0.493,0.07063711911357341,0.01079136690647482,0.3249097472924188,0.314118380385944,93,1.0,50,93,1.0,392,93,1.0,739
0,ada,boba_ucb,5543,93,0.016777918094894463,2560,93,0.8716397849462365,0.0026426672673392298,0.00020684116017747874,59.6021505376344,59.6021505376344,2781,0.9372857658307776,33.441208198489754,0.6536827683448792,0.505,0.07044198895027624,0.007194244604316547,0.3285198555956679,0.3213256109913513,93,1.0,50,93,1.0,384,93,1.0,738
0,ada,rabvs_budgeted_reliable,5543,93,0.016777918094894463,2560,93,0.8716397849462365,0.0026426672673392298,0.00020684116017747874,59.6021505376344,59.6021505376344,2781,0.9372857658307776,33.441208198489754,0.6613718271255493,0.9410000000000001,0.06007067137809187,0.007194244604316547,0.3285198555956679,0.3213256109913513,93,1.0,50,93,1.0,449,93,1.0,949
0,ada,rabvs_budgeted_reliable_q50,5543,93,0.016777918094894463,2560,93,0.8716397849462365,0.0026426672673392298,0.00020684116017747874,59.6021505376344,59.6021505376344,2781,0.9372857658307776,33.441208198489754,0.6688143610954285,0.917,0.06234718826405868,0.007194244604316547,0.3285198555956679,0.3213256109913513,93,1.0,50,93,1.0,449,93,1.0,865
0,ada,rabvs_budgeted_reliable_q90,5543,93,0.016777918094894463,2560,93,0.8716397849462365,0.0026426672673392298,0.00020684116017747874,59.6021505376344,59.6021505376344,2781,0.9372857658307776,33.441208198489754,0.6574653387069702,0.9410000000000001,0.0587557603686636,0.007194244604316547,0.3285198555956679,0.3213256109913513,93,1.0,50,93,1.0,449,93,1.0,949
0,ada,rabvs_budgeted_reliable_no_alert,5543,93,0.016777918094894463,2560,93,0.8716397849462365,0.0026426672673392298,0.00020684116017747874,59.6021505376344,59.6021505376344,2781,0.9372857658307776,33.441208198489754,0.6570013761520386,0.538,0.05957943925233645,0.007194244604316547,0.3285198555956679,0.3213256109913513,93,1.0,50,93,1.0,447,93,1.0,947
0,ada,rabvs_budgeted_reliable_no_novelty,5543,93,0.016777918094894463,2560,93,0.8716397849462365,0.0026426672673392298,0.00020684116017747874,59.6021505376344,59.6021505376344,2781,0.9372857658307776,33.441208198489754,0.6579723358154297,0.9390000000000001,0.07402031930333818,0.007194244604316547,0.3285198555956679,0.3213256109913513,93,1.0,50,93,1.0,382,93,1.0,705
0,ada,rabvs_budgeted_reliable_no_density,5543,93,0.016777918094894463,2560,93,0.8716397849462365,0.0026426672673392298,0.00020684116017747874,59.6021505376344,59.6021505376344,2781,0.9372857658307776,33.441208198489754,0.6551341414451599,0.9410000000000001,0.05828571428571429,0.007194244604316547,0.3285198555956679,0.3213256109913513,93,1.0,50,93,1.0,449,93,1.0,949
1,ada,greedy_surrogate,5543,93,0.016777918094894463,2560,93,0.8676075268817204,0.001949144128795091,0.00013704169948326568,59.6021505376344,59.6021505376344,44344,0.0,2.097239761861808,0.6573049426078796,0.495,0.06155950752393981,0.01079136690647482,0.3249097472924188,0.314118380385944,93,1.0,50,93,1.0,383,93,1.0,737
1,ada,boba_ucb,5543,93,0.016777918094894463,2560,92,0.875,0.0015687092492707104,0.00024464892704311657,59.6021505376344,59.6021505376344,2781,0.9372857658307776,33.081625314635026,0.6551766991615295,0.505,0.061196105702364396,0.0,0.33212996389891697,0.33212996389891697,92,0.989247311827957,50,92,0.989247311827957,372,92,0.989247311827957,719
1,ada,rabvs_budgeted_reliable,5543,93,0.016777918094894463,2560,92,0.875,0.0015687092492707104,0.00024464892704311657,59.6021505376344,59.6021505376344,2781,0.9372857658307776,33.081625314635026,0.6625493764877319,0.945,0.05263157894736842,0.0,0.33212996389891697,0.33212996389891697,92,0.989247311827957,50,92,0.989247311827957,450,92,0.989247311827957,950
1,ada,rabvs_budgeted_reliable_q50,5543,93,0.016777918094894463,2560,92,0.875,0.0015687092492707104,0.00024464892704311657,59.6021505376344,59.6021505376344,2781,0.9372857658307776,33.081625314635026,0.665583610534668,0.924,0.05555555555555555,0.0,0.33212996389891697,0.33212996389891697,92,0.989247311827957,50,92,0.989247311827957,450,92,0.989247311827957,834
1,ada,rabvs_budgeted_reliable_q90,5543,93,0.016777918094894463,2560,92,0.875,0.0015687092492707104,0.00024464892704311657,59.6021505376344,59.6021505376344,2781,0.9372857658307776,33.081625314635026,0.656433641910553,0.945,0.05110336817653891,0.0,0.33212996389891697,0.33212996389891697,92,0.989247311827957,50,92,0.989247311827957,450,92,0.989247311827957,950
1,ada,rabvs_budgeted_reliable_no_alert,5543,93,0.016777918094894463,2560,92,0.875,0.0015687092492707104,0.00024464892704311657,59.6021505376344,59.6021505376344,2781,0.9372857658307776,33.441208198489754,0.6558536887168884,0.534,0.05269320843091335,0.0,0.33212996389891697,0.33212996389891697,92,0.989247311827957,50,92,0.989247311827957,450,93,1.0,950
1,ada,rabvs_budgeted_reliable_no_novelty,5543,93,0.016777918094894463,2560,92,0.875,0.0015687092492707104,0.00024464892704311657,59.6021505376344,59.6021505376344,2781,0.9372857658307776,33.081625314635026,0.6577244997024536,0.945,0.06386066763425254,0.0,0.33212996389891697,0.33212996389891697,92,0.989247311827957,50,92,0.989247311827957,366,92,0.989247311827957,687
1,ada,rabvs_budgeted_reliable_no_density,5543,93,0.016777918094894463,2560,92,0.875,0.0015687092492707104,0.00024464892704311657,59.6021505376344,59.6021505376344,2781,0.9372857658307776,33.081625314635026,0.6555706858634949,0.945,0.05069124423963134,0.0,0.33212996389891697,0.33212996389891697,92,0.989247311827957,50,92,0.989247311827957,450,92,0.989247311827957,950
2,ada,greedy_surrogate,5543,93,0.016777918094894463,2560,93,0.8676075268817204,0.002279265557843608,0.0001784685915514854,59.6021505376344,59.6021505376344,44344,0.0,2.097239761861808,0.6561571955680847,0.483,0.0625,0.01079136690647482,0.3249097472924188,0.314118380385944,93,1.0,50,93,1.0,391,93,1.0,739
2,ada,boba_ucb,5543,93,0.016777918094894463,2560,92,0.875,0.0018638499152258136,0.00027025032522052644,59.6021505376344,59.6021505376344,2781,0.9372857658307776,33.081625314635026,0.6573805809020996,0.512,0.06312769010043041,0.007194244604316547,0.3249097472924188,0.3177155026881022,92,0.989247311827957,50,92,0.989247311827957,358,92,0.989247311827957,714
2,ada,rabvs_budgeted_reliable,5543,93,0.016777918094894463,2560,92,0.875,0.0018638499152258136,0.00027025032522052644,59.6021505376344,59.6021505376344,2781,0.9372857658307776,33.081625314635026,0.6625463366508484,0.945,0.05301204819277108,0.007194244604316547,0.3249097472924188,0.3177155026881022,92,0.989247311827957,50,92,0.989247311827957,450,92,0.989247311827957,950
2,ada,rabvs_budgeted_reliable_q50,5543,93,0.016777918094894463,2560,92,0.875,0.0018638499152258136,0.00027025032522052644,59.6021505376344,59.6021505376344,2781,0.9372857658307776,33.081625314635026,0.6669026613235474,0.937,0.056847545219638244,0.007194244604316547,0.3249097472924188,0.3177155026881022,92,0.989247311827957,50,92,0.989247311827957,450,92,0.989247311827957,838
2,ada,rabvs_budgeted_reliable_q90,5543,93,0.016777918094894463,2560,92,0.875,0.0018638499152258136,0.00027025032522052644,59.6021505376344,59.6021505376344,2781,0.9372857658307776,33.081625314635026,0.6590819954872131,0.945,0.05200945626477541,0.007194244604316547,0.3249097472924188,0.3177155026881022,92,0.989247311827957,50,92,0.989247311827957,450,92,0.989247311827957,950
2,ada,rabvs_budgeted_reliable_no_alert,5543,93,0.016777918094894463,2560,92,0.875,0.0018638499152258136,0.00027025032522052644,59.6021505376344,59.6021505376344,2781,0.9372857658307776,33.441208198489754,0.6583101153373718,0.55,0.052941176470588235,0.007194244604316547,0.3249097472924188,0.3177155026881022,92,0.989247311827957,50,92,0.989247311827957,449,93,1.0,949
2,ada,rabvs_budgeted_reliable_no_novelty,5543,93,0.016777918094894463,2560,92,0.875,0.0018638499152258136,0.00027025032522052644,59.6021505376344,59.6021505376344,2781,0.9372857658307776,33.081625314635026,0.6581677794456482,0.945,0.06576980568011959,0.007194244604316547,0.3249097472924188,0.3177155026881022,92,0.989247311827957,50,92,0.989247311827957,364,92,0.989247311827957,683
2,ada,rabvs_budgeted_reliable_no_density,5543,93,0.016777918094894463,2560,92,0.875,0.0018638499152258136,0.00027025032522052644,59.6021505376344,59.6021505376344,2781,0.9372857658307776,33.081625314635026,0.6576902866363525,0.945,0.05152224824355972,0.007194244604316547,0.3249097472924188,0.3177155026881022,92,0.989247311827957,50,92,0.989247311827957,450,92,0.989247311827957,950
0,akt1,greedy_surrogate,16743,293,0.017499850683867887,2560,281,0.8509786476868327,0.0028449799663563336,0.0016020500682162044,57.143344709897605,57.143344709897605,133944,0.0,2.097891656214537,0.6073747873306274,0.667,0.2849462365591398,0.04295942720763723,0.2927120669056153,0.24975263969797806,100,0.3412969283276451,100,281,0.9590443686006825,481,281,0.9590443686006825,889
0,akt1,boba_ucb,16743,293,0.017499850683867887,2560,274,0.8042883211678832,0.006530052099467467,0.0025455113168562473,57.143344709897605,57.143344709897605,3328,0.9751537956160784,84.43509615384616,0.612908124923706,0.645,0.2858683926645092,0.03341288782816229,0.3034647550776583,0.27005186724949604,100,0.3412969283276451,100,281,0.9590443686006825,487,281,0.9590443686006825,890
0,akt1,rabvs_budgeted_reliable,16743,293,0.017499850683867887,2560,274,0.8042883211678832,0.006530052099467467,0.0025455113168562473,57.143344709897605,57.143344709897605,3328,0.9751537956160784,84.43509615384616,0.6087290048599243,0.868,0.2760416666666667,0.03341288782816229,0.3034647550776583,0.27005186724949604,100,0.3412969283276451,100,281,0.9590443686006825,492,281,0.9590443686006825,986
0,akt1,rabvs_budgeted_reliable_q50,16743,293,0.017499850683867887,2560,274,0.8042883211678832,0.006530052099467467,0.0025455113168562473,57.143344709897605,57.143344709897605,3328,0.9751537956160784,84.13461538461539,0.615307629108429,0.882,0.277602523659306,0.03341288782816229,0.3034647550776583,0.27005186724949604,100,0.3412969283276451,100,280,0.9556313993174061,496,280,0.9556313993174061,991
0,akt1,rabvs_budgeted_reliable_q90,16743,293,0.017499850683867887,2560,274,0.8042883211678832,0.006530052099467467,0.0025455113168562473,57.143344709897605,57.143344709897605,3328,0.9751537956160784,84.43509615384616,0.6082396507263184,0.859,0.2757544224765869,0.03341288782816229,0.3034647550776583,0.27005186724949604,100,0.3412969283276451,100,281,0.9590443686006825,492,281,0.9590443686006825,985
0,akt1,rabvs_budgeted_reliable_no_alert,16743,293,0.017499850683867887,2560,274,0.8042883211678832,0.006530052099467467,0.0025455113168562473,57.143344709897605,57.143344709897605,3328,0.9751537956160784,84.73557692307693,0.6067988872528076,0.642,0.2779519331243469,0.03341288782816229,0.3034647550776583,0.27005186724949604,100,0.3412969283276451,100,281,0.9590443686006825,493,282,0.962457337883959,983
0,akt1,rabvs_budgeted_reliable_no_novelty,16743,293,0.017499850683867887,2560,274,0.8042883211678832,0.006530052099467467,0.0025455113168562473,57.143344709897605,57.143344709897605,3328,0.9751537956160784,84.43509615384616,0.6161616444587708,0.864,0.2843347639484979,0.03341288782816229,0.3034647550776583,0.27005186724949604,100,0.3412969283276451,100,281,0.9590443686006825,483,281,0.9590443686006825,872
0,akt1,rabvs_budgeted_reliable_no_density,16743,293,0.017499850683867887,2560,274,0.8042883211678832,0.006530052099467467,0.0025455113168562473,57.143344709897605,57.143344709897605,3328,0.9751537956160784,84.43509615384616,0.6086627840995789,0.852,0.2760416666666667,0.03341288782816229,0.3034647550776583,0.27005186724949604,100,0.3412969283276451,100,281,0.9590443686006825,492,281,0.9590443686006825,985
1,akt1,greedy_surrogate,16743,293,0.017499850683867887,2560,281,0.8463078291814946,0.0027858770488037084,0.0016622026829799332,57.143344709897605,57.143344709897605,133944,0.0,2.097891656214537,0.6053269505500793,0.644,0.2813163481953291,0.045346062052505964,0.2903225806451613,0.24497651859265535,100,0.3412969283276451,100,281,0.9590443686006825,483,281,0.9590443686006825,888
1,akt1,boba_ucb,16743,293,0.017499850683867887,2560,261,0.8007662835249042,0.0035937352202387862,0.0024264852712303714,57.143344709897605,57.143344709897605,3328,0.9751537956160784,83.23317307692307,0.6065066456794739,0.626,0.279144385026738,0.03699284009546539,0.2951015531660693,0.2581087130706039,100,0.3412969283276451,100,275,0.9385665529010239,472,277,0.9453924914675768,863
1,akt1,rabvs_budgeted_reliable,16743,293,0.017499850683867887,2560,261,0.8007662835249042,0.0035937352202387862,0.0024264852712303714,57.143344709897605,57.143344709897605,3328,0.9751537956160784,82.9326923076923,0.6071222424507141,0.888,0.27139874739039666,0.03699284009546539,0.2951015531660693,0.2581087130706039,100,0.3412969283276451,100,276,0.9419795221843004,492,276,0.9419795221843004,985
1,akt1,rabvs_budgeted_reliable_q50,16743,293,0.017499850683867887,2560,261,0.8007662835249042,0.0035937352202387862,0.0024264852712303714,57.143344709897605,57.143344709897605,3328,0.9751537956160784,82.63221153846153,0.6130762100219727,0.906,0.27205882352941174,0.03699284009546539,0.2951015531660693,0.2581087130706039,100,0.3412969283276451,100,274,0.9351535836177475,490,275,0.9385665529010239,988
1,akt1,rabvs_budgeted_reliable_q90,16743,293,0.017499850683867887,2560,261,0.8007662835249042,0.0035937352202387862,0.0024264852712303714,57.143344709897605,57.143344709897605,3328,0.9751537956160784,82.9326923076923,0.606744110584259,0.882,0.27055150884495316,0.03699284009546539,0.2951015531660693,0.2581087130706039,100,0.3412969283276451,100,276,0.9419795221843004,490,276,0.9419795221843004,983
1,akt1,rabvs_budgeted_reliable_no_alert,16743,293,0.017499850683867887,2560,261,0.8007662835249042,0.0035937352202387862,0.0024264852712303714,57.143344709897605,57.143344709897605,3328,0.9751537956160784,82.9326923076923,0.6037654876708984,0.655,0.27055150884495316,0.03699284009546539,0.2951015531660693,0.2581087130706039,100,0.3412969283276451,100,276,0.9419795221843004,491,276,0.9419795221843004,979
1,akt1,rabvs_budgeted_reliable_no_novelty,16743,293,0.017499850683867887,2560,261,0.8007662835249042,0.0035937352202387862,0.0024264852712303714,57.143344709897605,57.143344709897605,3328,0.9751537956160784,82.9326923076923,0.6112743020057678,0.878,0.2857142857142857,0.03699284009546539,0.2951015531660693,0.2581087130706039,100,0.3412969283276451,100,276,0.9419795221843004,470,276,0.9419795221843004,869
1,akt1,rabvs_budgeted_reliable_no_density,16743,293,0.017499850683867887,2560,261,0.8007662835249042,0.0035937352202387862,0.0024264852712303714,57.143344709897605,57.143344709897605,3328,0.9751537956160784,82.9326923076923,0.6067430973052979,0.878,0.2702702702702703,0.03699284009546539,0.2951015531660693,0.2581087130706039,100,0.3412969283276451,100,276,0.9419795221843004,490,276,0.9419795221843004,983
2,akt1,greedy_surrogate,16743,293,0.017499850683867887,2560,281,0.8576512455516014,0.002260397264798863,0.0016186392721545034,57.143344709897605,57.143344709897605,133944,0.0,2.0904258496087915,0.6068872213363647,0.677,0.28664495114006516,0.041766109785202864,0.2927120669056153,0.25094595712041246,100,0.3412969283276451,100,280,0.9556313993174061,483,280,0.9556313993174061,897
2,akt1,boba_ucb,16743,293,0.017499850683867887,2560,264,0.8354640151515151,0.0031318344177718323,0.0021817450321692826,57.143344709897605,57.143344709897605,3328,0.9751537956160784,84.13461538461539,0.6072117686271667,0.6659999999999999,0.28602383531960995,0.0441527446300716,0.2915173237753883,0.2473645791453167,100,0.3412969283276451,100,275,0.9385665529010239,478,280,0.9556313993174061,890
2,akt1,rabvs_budgeted_reliable,16743,293,0.017499850683867887,2560,264,0.8354640151515151,0.0031318344177718323,0.0021817450321692826,57.143344709897605,57.143344709897605,3328,0.9751537956160784,82.9326923076923,0.6067794561386108,0.896,0.2697095435684647,0.0441527446300716,0.2915173237753883,0.2473645791453167,100,0.3412969283276451,100,276,0.9419795221843004,491,276,0.9419795221843004,989
2,akt1,rabvs_budgeted_reliable_q50,16743,293,0.017499850683867887,2560,264,0.8354640151515151,0.0031318344177718323,0.0021817450321692826,57.143344709897605,57.143344709897605,3328,0.9751537956160784,82.63221153846153,0.6107973456382751,0.903,0.2712041884816754,0.0441527446300716,0.2915173237753883,0.2473645791453167,100,0.3412969283276451,100,274,0.9351535836177475,490,275,0.9385665529010239,989
2,akt1,rabvs_budgeted_reliable_q90,16743,293,0.017499850683867887,2560,264,0.8354640151515151,0.0031318344177718323,0.0021817450321692826,57.143344709897605,57.143344709897605,3328,0.9751537956160784,84.13461538461539,0.6066935062408447,0.893,0.2732919254658385,0.0441527446300716,0.2915173237753883,0.2473645791453167,100,0.3412969283276451,100,276,0.9419795221843004,491,280,0.9556313993174061,988
2,akt1,rabvs_budgeted_reliable_no_alert,16743,293,0.017499850683867887,2560,264,0.8354640151515151,0.0031318344177718323,0.0021817450321692826,57.143344709897605,57.143344709897605,3328,0.9751537956160784,83.23317307692307,0.5997227430343628,0.6679999999999999,0.2715920915712799,0.0441527446300716,0.2915173237753883,0.2473645791453167,100,0.3412969283276451,100,277,0.9453924914675768,488,277,0.9453924914675768,987
2,akt1,rabvs_budgeted_reliable_no_novelty,16743,293,0.017499850683867887,2560,264,0.8354640151515151,0.0031318344177718323,0.0021817450321692826,57.143344709897605,57.143344709897605,3328,0.9751537956160784,82.9326923076923,0.6103541851043701,0.891,0.2835332606324973,0.0441527446300716,0.2915173237753883,0.2473645791453167,100,0.3412969283276451,100,276,0.9419795221843004,470,276,0.9419795221843004,871
2,akt1,rabvs_budgeted_reliable_no_density,16743,293,0.017499850683867887,2560,264,0.8354640151515151,0.0031318344177718323,0.0021817450321692826,57.143344709897605,57.143344709897605,3328,0.9751537956160784,84.13461538461539,0.6063731908798218,0.893,0.2730093071354705,0.0441527446300716,0.2915173237753883,0.2473645791453167,100,0.3412969283276451,100,276,0.9419795221843004,491,280,0.9556313993174061,988
0,akt2,greedy_surrogate,7017,117,0.016673792218896963,2560,117,0.8637820512820513,0.004295666487026545,0.000996898122007182,59.97435897435898,59.97435897435898,56136,0.0,2.066410146786376,0.6460070013999939,0.525,0.12285012285012285,0.042735042735042736,0.28774928774928776,0.245014245014245,100,0.8547008547008547,100,116,0.9914529914529915,439,116,0.9914529914529915,835
0,akt2,boba_ucb,7017,117,0.016673792218896963,2560,116,0.8523706896551724,0.0065619689799401556,0.0015969298875849035,59.97435897435898,59.97435897435898,2816,0.9498361122987031,41.19318181818181,0.6446942090988159,0.524,0.12437810945273632,0.03133903133903134,0.29914529914529914,0.2678062678062678,100,0.8547008547008547,100,116,0.9914529914529915,441,116,0.9914529914529915,840
0,akt2,rabvs_budgeted_reliable,7017,117,0.016673792218896963,2560,116,0.8523706896551724,0.0065619689799401556,0.0015969298875849035,59.97435897435898,59.97435897435898,2816,0.9498361122987031,41.54829545454545,0.6413373947143555,0.9299999999999999,0.11147902869757174,0.03133903133903134,0.29914529914529914,0.2678062678062678,99,0.8461538461538461,100,116,0.9914529914529915,494,117,1.0,992
0,akt2,rabvs_budgeted_reliable_q50,7017,117,0.016673792218896963,2560,116,0.8523706896551724,0.0065619689799401556,0.0015969298875849035,59.97435897435898,59.97435897435898,2816,0.9498361122987031,41.19318181818181,0.6542959213256836,0.9,0.11587485515643106,0.03133903133903134,0.29914529914529914,0.2678062678062678,100,0.8547008547008547,100,116,0.9914529914529915,494,116,0.9914529914529915,978
0,akt2,rabvs_budgeted_reliable_q90,7017,117,0.016673792218896963,2560,116,0.8523706896551724,0.0065619689799401556,0.0015969298875849035,59.97435897435898,59.97435897435898,2816,0.9498361122987031,41.54829545454545,0.6385105848312378,0.929,0.10990206746463548,0.03133903133903134,0.29914529914529914,0.2678062678062678,99,0.8461538461538461,100,116,0.9914529914529915,494,117,1.0,992
0,akt2,rabvs_budgeted_reliable_no_alert,7017,117,0.016673792218896963,2560,116,0.8523706896551724,0.0065619689799401556,0.0015969298875849035,59.97435897435898,59.97435897435898,2816,0.9498361122987031,41.19318181818181,0.6414939165115356,0.55,0.11001100110011001,0.03133903133903134,0.29914529914529914,0.2678062678062678,100,0.8547008547008547,100,116,0.9914529914529915,489,116,0.9914529914529915,986
0,akt2,rabvs_budgeted_reliable_no_novelty,7017,117,0.016673792218896963,2560,116,0.8523706896551724,0.0065619689799401556,0.0015969298875849035,59.97435897435898,59.97435897435898,2816,0.9498361122987031,41.19318181818181,0.652330756187439,0.92,0.129366106080207,0.03133903133903134,0.29914529914529914,0.2678062678062678,99,0.8461538461538461,100,116,0.9914529914529915,442,116,0.9914529914529915,804
0,akt2,rabvs_budgeted_reliable_no_density,7017,117,0.016673792218896963,2560,116,0.8523706896551724,0.0065619689799401556,0.0015969298875849035,59.97435897435898,59.97435897435898,2816,0.9498361122987031,41.54829545454545,0.6370344758033752,0.927,0.10966340933767643,0.03133903133903134,0.29914529914529914,0.2678062678062678,99,0.8461538461538461,100,116,0.9914529914529915,494,117,1.0,992
1,akt2,greedy_surrogate,7017,117,0.016673792218896963,2560,117,0.8712606837606838,0.004006521944020241,0.0007743757045708933,59.97435897435898,59.97435897435898,56136,0.0,2.0842240273621204,0.6450192928314209,0.546,0.12038140643623362,0.045454545454545456,0.28774928774928776,0.2422947422947423,100,0.8547008547008547,100,117,1.0,454,117,1.0,837
1,akt2,boba_ucb,7017,117,0.016673792218896963,2560,116,0.8345905172413793,0.006492397135181506,0.0011968997567758978,59.97435897435898,59.97435897435898,2816,0.9498361122987031,41.54829545454545,0.647847056388855,0.556,0.12052505966587113,0.03418803418803419,0.29914529914529914,0.26495726495726496,100,0.8547008547008547,100,117,1.0,448,117,1.0,824
1,akt2,rabvs_budgeted_reliable,7017,117,0.016673792218896963,2560,116,0.8345905172413793,0.006492397135181506,0.0011968997567758978,59.97435897435898,59.97435897435898,2816,0.9498361122987031,41.54829545454545,0.643404483795166,0.935,0.11310190369540873,0.03418803418803419,0.29914529914529914,0.26495726495726496,100,0.8547008547008547,100,117,1.0,490,117,1.0,990
1,akt2,rabvs_budgeted_reliable_q50,7017,117,0.016673792218896963,2560,116,0.8345905172413793,0.006492397135181506,0.0011968997567758978,59.97435897435898,59.97435897435898,2816,0.9498361122987031,41.19318181818181,0.6514185667037964,0.917,0.1180637544273908,0.03418803418803419,0.29914529914529914,0.26495726495726496,100,0.8547008547008547,100,116,0.9914529914529915,493,116,0.9914529914529915,984
1,akt2,rabvs_budgeted_reliable_q90,7017,117,0.016673792218896963,2560,116,0.8345905172413793,0.006492397135181506,0.0011968997567758978,59.97435897435898,59.97435897435898,2816,0.9498361122987031,41.54829545454545,0.640889048576355,0.9339999999999999,0.11197339246119734,0.03418803418803419,0.29914529914529914,0.26495726495726496,100,0.8547008547008547,100,117,1.0,492,117,1.0,990
1,akt2,rabvs_budgeted_reliable_no_alert,7017,117,0.016673792218896963,2560,116,0.8345905172413793,0.006492397135181506,0.0011968997567758978,59.97435897435898,59.97435897435898,2816,0.9498361122987031,41.54829545454545,0.6413743495941162,0.56,0.11247216035634744,0.03418803418803419,0.29914529914529914,0.26495726495726496,100,0.8547008547008547,100,117,1.0,489,117,1.0,988
1,akt2,rabvs_budgeted_reliable_no_novelty,7017,117,0.016673792218896963,2560,116,0.8345905172413793,0.006492397135181506,0.0011968997567758978,59.97435897435898,59.97435897435898,2816,0.9498361122987031,41.54829545454545,0.6512913703918457,0.9319999999999999,0.12423124231242312,0.03418803418803419,0.29914529914529914,0.26495726495726496,100,0.8547008547008547,100,117,1.0,440,117,1.0,795
1,akt2,rabvs_budgeted_reliable_no_density,7017,117,0.016673792218896963,2560,116,0.8345905172413793,0.006492397135181506,0.0011968997567758978,59.97435897435898,59.97435897435898,2816,0.9498361122987031,41.54829545454545,0.6409345865249634,0.933,0.11098901098901098,0.03418803418803419,0.29914529914529914,0.26495726495726496,100,0.8547008547008547,100,117,1.0,492,117,1.0,988
2,akt2,greedy_surrogate,7017,117,0.016673792218896963,2560,117,0.8659188034188035,0.003878148443736204,0.0009996529836687497,59.97435897435898,59.97435897435898,56136,0.0,2.066410146786376,0.6471713185310364,0.542,0.11933174224343675,0.039886039886039885,0.2905982905982906,0.25071225071225073,100,0.8547008547008547,100,116,0.9914529914529915,443,116,0.9914529914529915,836
2,akt2,boba_ucb,7017,117,0.016673792218896963,2560,115,0.8652173913043478,0.004850770044624543,0.0012312971200561008,59.97435897435898,59.97435897435898,2816,0.9498361122987031,41.19318181818181,0.6449401378631592,0.5409999999999999,0.11976047904191617,0.037037037037037035,0.2934472934472934,0.2564102564102564,100,0.8547008547008547,100,116,0.9914529914529915,433,116,0.9914529914529915,835
2,akt2,rabvs_budgeted_reliable,7017,117,0.016673792218896963,2560,115,0.8652173913043478,0.004850770044624543,0.0012312971200561008,59.97435897435898,59.97435897435898,2816,0.9498361122987031,41.54829545454545,0.6435596942901611,0.949,0.11160220994475138,0.037037037037037035,0.2934472934472934,0.2564102564102564,100,0.8547008547008547,100,116,0.9914529914529915,495,117,1.0,995
2,akt2,rabvs_budgeted_reliable_q50,7017,117,0.016673792218896963,2560,115,0.8652173913043478,0.004850770044624543,0.0012312971200561008,59.97435897435898,59.97435897435898,2816,0.9498361122987031,40.83806818181819,0.651188850402832,0.9390000000000001,0.11458333333333333,0.037037037037037035,0.2934472934472934,0.2564102564102564,100,0.8547008547008547,100,115,0.9829059829059829,498,115,0.9829059829059829,996
2,akt2,rabvs_budgeted_reliable_q90,7017,117,0.016673792218896963,2560,115,0.8652173913043478,0.004850770044624543,0.0012312971200561008,59.97435897435898,59.97435897435898,2816,0.9498361122987031,41.54829545454545,0.6390706300735474,0.943,0.11026200873362445,0.037037037037037035,0.2934472934472934,0.2564102564102564,100,0.8547008547008547,100,116,0.9914529914529915,494,117,1.0,994
2,akt2,rabvs_budgeted_reliable_no_alert,7017,117,0.016673792218896963,2560,115,0.8652173913043478,0.004850770044624543,0.0012312971200561008,59.97435897435898,59.97435897435898,2816,0.9498361122987031,41.19318181818181,0.6438573598861694,0.5609999999999999,0.10989010989010989,0.037037037037037035,0.2934472934472934,0.2564102564102564,100,0.8547008547008547,100,116,0.9914529914529915,494,116,0.9914529914529915,994
2,akt2,rabvs_budgeted_reliable_no_novelty,7017,117,0.016673792218896963,2560,115,0.8652173913043478,0.004850770044624543,0.0012312971200561008,59.97435897435898,59.97435897435898,2816,0.9498361122987031,41.19318181818181,0.6532612442970276,0.947,0.12391573729863693,0.037037037037037035,0.2934472934472934,0.2564102564102564,100,0.8547008547008547,100,116,0.9914529914529915,442,116,0.9914529914529915,806
2,akt2,rabvs_budgeted_reliable_no_density,7017,117,0.016673792218896963,2560,115,0.8652173913043478,0.004850770044624543,0.0012312971200561008,59.97435897435898,59.97435897435898,2816,0.9498361122987031,41.54829545454545,0.6376835107803345,0.942,0.10966340933767643,0.037037037037037035,0.2934472934472934,0.2564102564102564,100,0.8547008547008547,100,116,0.9914529914529915,494,117,1.0,994
0,aldr,greedy_surrogate,9159,159,0.017359973796265967,2560,159,0.8663522012578616,0.007737412837780765,0.0026638122319393573,57.60377358490566,57.60377358490566,73272,0.0,2.169996724533246,0.6408742666244507,0.45899999999999996,0.17067307692307693,0.06768558951965066,0.2794759825327511,0.21179039301310043,100,0.6289308176100629,100,159,1.0,450,159,1.0,843
0,aldr,boba_ucb,9159,159,0.017359973796265967,2560,157,0.830015923566879,0.009742157543268432,0.0031070563254633828,57.60377358490566,57.60377358490566,3072,0.9580740255486406,51.7578125,0.6420580744743347,0.45699999999999996,0.17087845968712395,0.05240174672489083,0.29475982532751094,0.2423580786026201,100,0.6289308176100629,100,159,1.0,454,159,1.0,848
0,aldr,rabvs_budgeted_reliable,9159,159,0.017359973796265967,2560,157,0.830015923566879,0.009742157543268432,0.0031070563254633828,57.60377358490566,56.97764561115669,3072,0.9580740255486406,51.7578125,0.6383407115936279,0.813,0.15384615384615385,0.05240174672489083,0.29475982532751094,0.2423580786026201,99,0.6226415094339622,100,159,1.0,487,159,1.0,985
0,aldr,rabvs_budgeted_reliable_q50,9159,159,0.017359973796265967,2560,157,0.830015923566879,0.009742157543268432,0.0031070563254633828,57.60377358490566,56.97764561115669,3072,0.9580740255486406,51.432291666666664,0.6458423137664795,0.83,0.159682899207248,0.05240174672489083,0.29475982532751094,0.2423580786026201,99,0.6226415094339622,100,158,0.9937106918238994,491,158,0.9937106918238994,989
0,aldr,rabvs_budgeted_reliable_q90,9159,159,0.017359973796265967,2560,157,0.830015923566879,0.009742157543268432,0.0031070563254633828,57.60377358490566,56.97764561115669,3072,0.9580740255486406,51.7578125,0.6341183185577393,0.81,0.1535135135135135,0.05240174672489083,0.29475982532751094,0.2423580786026201,99,0.6226415094339622,100,159,1.0,487,159,1.0,984
0,aldr,rabvs_budgeted_reliable_no_alert,9159,159,0.017359973796265967,2560,157,0.830015923566879,0.009742157543268432,0.0031070563254633828,57.60377358490566,57.60377358490566,3072,0.9580740255486406,51.7578125,0.6407627463340759,0.45499999999999996,0.1565600882028666,0.05240174672489083,0.29475982532751094,0.2423580786026201,100,0.6289308176100629,100,159,1.0,483,159,1.0,974
0,aldr,rabvs_budgeted_reliable_no_novelty,9159,159,0.017359973796265967,2560,157,0.830015923566879,0.009742157543268432,0.0031070563254633828,57.60377358490566,56.97764561115669,3072,0.9580740255486406,51.7578125,0.6424626111984253,0.791,0.17574257425742573,0.05240174672489083,0.29475982532751094,0.2423580786026201,99,0.6226415094339622,100,159,1.0,453,159,1.0,823
0,aldr,rabvs_budgeted_reliable_no_density,9159,159,0.017359973796265967,2560,157,0.830015923566879,0.009742157543268432,0.0031070563254633828,57.60377358490566,56.97764561115669,3072,0.9580740255486406,51.7578125,0.6324165463447571,0.808,0.15301724137931033,0.05240174672489083,0.29475982532751094,0.2423580786026201,99,0.6226415094339622,100,159,1.0,487,159,1.0,984
1,aldr,greedy_surrogate,9159,159,0.017359973796265967,2560,159,0.8647798742138365,0.007646774929526,0.0025164938051720717,57.60377358490566,57.60377358490566,73272,0.0,2.169996724533246,0.6448405385017395,0.43200000000000005,0.16904761904761906,0.07641921397379912,0.27074235807860264,0.1943231441048035,100,0.6289308176100629,100,159,1.0,449,159,1.0,831
1,aldr,boba_ucb,9159,159,0.017359973796265967,2560,157,0.82921974522293,0.01018462917509245,0.003559921426924094,57.60377358490566,57.60377358490566,3072,0.9580740255486406,51.7578125,0.6401540637016296,0.43300000000000005,0.16627634660421545,0.048034934497816595,0.29912663755458513,0.25109170305676853,100,0.6289308176100629,100,159,1.0,447,159,1.0,841
1,aldr,rabvs_budgeted_reliable,9159,159,0.017359973796265967,2560,157,0.82921974522293,0.01018462917509245,0.003559921426924094,57.60377358490566,55.72538966365874,3072,0.9580740255486406,51.432291666666664,0.64254230260849,0.808,0.15494505494505495,0.048034934497816595,0.29912663755458513,0.25109170305676853,97,0.610062893081761,100,158,0.9937106918238994,483,158,0.9937106918238994,977
1,aldr,rabvs_budgeted_reliable_q50,9159,159,0.017359973796265967,2560,157,0.82921974522293,0.01018462917509245,0.003559921426924094,57.60377358490566,55.72538966365874,3072,0.9580740255486406,51.432291666666664,0.6477217078208923,0.819,0.15701559020044542,0.048034934497816595,0.29912663755458513,0.25109170305676853,97,0.610062893081761,100,158,0.9937106918238994,482,158,0.9937106918238994,980
1,aldr,rabvs_budgeted_reliable_q90,9159,159,0.017359973796265967,2560,157,0.82921974522293,0.01018462917509245,0.003559921426924094,57.60377358490566,55.72538966365874,3072,0.9580740255486406,51.7578125,0.6395063996315002,0.8,0.15434782608695652,0.048034934497816595,0.29912663755458513,0.25109170305676853,97,0.610062893081761,100,159,1.0,481,159,1.0,975
1,aldr,rabvs_budgeted_reliable_no_alert,9159,159,0.017359973796265967,2560,157,0.82921974522293,0.01018462917509245,0.003559921426924094,57.60377358490566,57.60377358490566,3072,0.9580740255486406,51.432291666666664,0.6424476504325867,0.473,0.1539301310043668,0.048034934497816595,0.29912663755458513,0.25109170305676853,100,0.6289308176100629,100,158,0.9937106918238994,481,158,0.9937106918238994,969
1,aldr,rabvs_budgeted_reliable_no_novelty,9159,159,0.017359973796265967,2560,157,0.82921974522293,0.01018462917509245,0.003559921426924094,57.60377358490566,55.72538966365874,3072,0.9580740255486406,51.432291666666664,0.6478596329689026,0.792,0.1686602870813397,0.048034934497816595,0.29912663755458513,0.25109170305676853,97,0.610062893081761,100,158,0.9937106918238994,453,158,0.9937106918238994,829
1,aldr,rabvs_budgeted_reliable_no_density,9159,159,0.017359973796265967,2560,157,0.82921974522293,0.01018462917509245,0.003559921426924094,57.60377358490566,55.72538966365874,3072,0.9580740255486406,51.7578125,0.639403760433197,0.792,0.15418023887079263,0.048034934497816595,0.29912663755458513,0.25109170305676853,97,0.610062893081761,100,159,1.0,478,159,1.0,970
2,aldr,greedy_surrogate,9159,159,0.017359973796265967,2560,159,0.8580974842767296,0.007192276562663993,0.002681427456852103,57.60377358490566,57.60377358490566,73272,0.0,2.169996724533246,0.6407181024551392,0.45599999999999996,0.16945107398568018,0.07641921397379912,0.27074235807860264,0.1943231441048035,100,0.6289308176100629,100,159,1.0,451,159,1.0,847
2,aldr,boba_ucb,9159,159,0.017359973796265967,2560,154,0.8380681818181818,0.008594548179425125,0.003071294702458983,57.60377358490566,57.60377358490566,3072,0.9580740255486406,51.7578125,0.6486243605613708,0.44799999999999995,0.17212121212121212,0.0611353711790393,0.28602620087336245,0.22489082969432314,100,0.6289308176100629,100,159,1.0,450,159,1.0,842
2,aldr,rabvs_budgeted_reliable,9159,159,0.017359973796265967,2560,154,0.8380681818181818,0.008594548179425125,0.003071294702458983,57.60377358490566,57.60377358490566,3072,0.9580740255486406,51.106770833333336,0.6450852155685425,0.817,0.15250544662309368,0.0611353711790393,0.28602620087336245,0.22489082969432314,100,0.6289308176100629,100,157,0.9874213836477987,491,157,0.9874213836477987,990
2,aldr,rabvs_budgeted_reliable_q50,9159,159,0.017359973796265967,2560,154,0.8380681818181818,0.008594548179425125,0.003071294702458983,57.60377358490566,57.60377358490566,3072,0.9580740255486406,51.106770833333336,0.6478592157363892,0.825,0.15625,0.0611353711790393,0.28602620087336245,0.22489082969432314,100,0.6289308176100629,100,157,0.9874213836477987,491,157,0.9874213836477987,989
2,aldr,rabvs_budgeted_reliable_q90,9159,159,0.017359973796265967,2560,154,0.8380681818181818,0.008594548179425125,0.003071294702458983,57.60377358490566,57.60377358490566,3072,0.9580740255486406,51.7578125,0.6439624428749084,0.8089999999999999,0.15301724137931033,0.0611353711790393,0.28602620087336245,0.22489082969432314,100,0.6289308176100629,100,159,1.0,490,159,1.0,988
2,aldr,rabvs_budgeted_reliable_no_alert,9159,159,0.017359973796265967,2560,154,0.8380681818181818,0.008594548179425125,0.003071294702458983,57.60377358490566,57.60377358490566,3072,0.9580740255486406,51.106770833333336,0.6449902653694153,0.469,0.15200868621064062,0.0611353711790393,0.28602620087336245,0.22489082969432314,100,0.6289308176100629,100,157,0.9874213836477987,484,157,0.9874213836477987,977
2,aldr,rabvs_budgeted_reliable_no_novelty,9159,159,0.017359973796265967,2560,154,0.8380681818181818,0.008594548179425125,0.003071294702458983,57.60377358490566,57.60377358490566,3072,0.9580740255486406,51.106770833333336,0.6506487727165222,0.795,0.1728395061728395,0.0611353711790393,0.28602620087336245,0.22489082969432314,100,0.6289308176100629,100,157,0.9874213836477987,458,157,0.9874213836477987,836
2,aldr,rabvs_budgeted_reliable_no_density,9159,159,0.017359973796265967,2560,154,0.8380681818181818,0.008594548179425125,0.003071294702458983,57.60377358490566,57.60377358490566,3072,0.9580740255486406,51.7578125,0.6431035399436951,0.8089999999999999,0.15301724137931033,0.0611353711790393,0.28602620087336245,0.22489082969432314,100,0.6289308176100629,100,159,1.0,490,159,1.0,988
0,ampc,greedy_surrogate,2898,48,0.016563146997929608,2560,48,0.8307291666666666,0.020735934442058273,0.0072851450385077576,60.37499999999999,60.37499999999999,23184,0.0,2.0272601794340925,0.6500316858291626,0.526,0.02304964539007092,0.10344827586206896,0.2206896551724138,0.11724137931034483,47,0.9791666666666666,72,47,0.9791666666666666,361,47,0.9791666666666666,649
0,ampc,boba_ucb,2898,48,0.016563146997929608,2560,44,0.8309659090909091,0.017781229713107995,0.00684483761261427,60.37499999999999,60.37499999999999,2675,0.8846187025534852,17.19626168224299,0.6707035899162292,0.5329999999999999,0.021922428330522766,0.07586206896551724,0.23448275862068965,0.1586206896551724,44,0.9166666666666666,72,45,0.9375,362,46,0.9583333333333334,689
0,ampc,rabvs_budgeted_reliable,2898,48,0.016563146997929608,2560,44,0.8309659090909091,0.017781229713107995,0.00684483761261427,60.37499999999999,60.37499999999999,2675,0.8846187025534852,16.44859813084112,0.6602058410644531,0.817,0.015536723163841809,0.07586206896551724,0.23448275862068965,0.1586206896551724,44,0.9166666666666666,75,44,0.9166666666666666,455,44,0.9166666666666666,825
0,ampc,rabvs_budgeted_reliable_q50,2898,48,0.016563146997929608,2560,44,0.8309659090909091,0.017781229713107995,0.00684483761261427,60.37499999999999,60.37499999999999,2675,0.8846187025534852,15.700934579439254,0.6709513068199158,0.7070000000000001,0.014469453376205787,0.07586206896551724,0.23448275862068965,0.1586206896551724,41,0.8541666666666666,76,42,0.875,444,42,0.875,728
0,ampc,rabvs_budgeted_reliable_q90,2898,48,0.016563146997929608,2560,44,0.8309659090909091,0.017781229713107995,0.00684483761261427,60.37499999999999,60.37499999999999,2675,0.8846187025534852,16.822429906542055,0.6582821607589722,0.873,0.016194331983805668,0.07586206896551724,0.23448275862068965,0.1586206896551724,44,0.9166666666666666,75,45,0.9375,454,45,0.9375,874
0,ampc,rabvs_budgeted_reliable_no_alert,2898,48,0.016563146997929608,2560,44,0.8309659090909091,0.017781229713107995,0.00684483761261427,60.37499999999999,60.37499999999999,2675,0.8846187025534852,17.19626168224299,0.6673798561096191,0.552,0.017173051519154558,0.07586206896551724,0.23448275862068965,0.1586206896551724,44,0.9166666666666666,74,44,0.9166666666666666,452,46,0.9583333333333334,948
0,ampc,rabvs_budgeted_reliable_no_novelty,2898,48,0.016563146997929608,2560,44,0.8309659090909091,0.017781229713107995,0.00684483761261427,60.37499999999999,60.37499999999999,2675,0.8846187025534852,16.44859813084112,0.6565749049186707,0.907,0.019784172661870502,0.07586206896551724,0.23448275862068965,0.1586206896551724,44,0.9166666666666666,72,44,0.9166666666666666,362,44,0.9166666666666666,636
0,ampc,rabvs_budgeted_reliable_no_density,2898,48,0.016563146997929608,2560,44,0.8309659090909091,0.017781229713107995,0.00684483761261427,60.37499999999999,60.37499999999999,2675,0.8846187025534852,16.822429906542055,0.6606810092926025,0.878,0.015789473684210527,0.07586206896551724,0.23448275862068965,0.1586206896551724,44,0.9166666666666666,75,45,0.9375,455,45,0.9375,908
1,ampc,greedy_surrogate,2898,48,0.016563146997929608,2560,48,0.859375,0.029832515524894878,0.0104514103690996,60.37499999999999,60.37499999999999,23184,0.0,2.070393374741201,0.6578260064125061,0.542,0.019642857142857142,0.08275862068965517,0.2482758620689655,0.16551724137931034,47,0.9791666666666666,69,48,1.0,367,48,1.0,665
1,ampc,boba_ucb,2898,48,0.016563146997929608,2560,48,0.8372395833333334,0.0289616271891921,0.010080282926187569,60.37499999999999,60.37499999999999,2675,0.8846187025534852,17.94392523364486,0.6582603454589844,0.5489999999999999,0.01981981981981982,0.08275862068965517,0.2482758620689655,0.16551724137931034,47,0.9791666666666666,69,48,1.0,369,48,1.0,663
1,ampc,rabvs_budgeted_reliable,2898,48,0.016563146997929608,2560,48,0.8372395833333334,0.0289616271891921,0.010080282926187569,60.37499999999999,60.37499999999999,2675,0.8846187025534852,17.94392523364486,0.6582918167114258,0.815,0.01634472511144131,0.08275862068965517,0.2482758620689655,0.16551724137931034,47,0.9791666666666666,70,48,1.0,445,48,1.0,828
1,ampc,rabvs_budgeted_reliable_q50,2898,48,0.016563146997929608,2560,48,0.8372395833333334,0.0289616271891921,0.010080282926187569,60.37499999999999,60.37499999999999,2675,0.8846187025534852,17.19626168224299,0.6750653982162476,0.7030000000000001,0.018151815181518153,0.08275862068965517,0.2482758620689655,0.16551724137931034,45,0.9375,68,46,0.9583333333333334,451,46,0.9583333333333334,737
1,ampc,rabvs_budgeted_reliable_q90,2898,48,0.016563146997929608,2560,48,0.8372395833333334,0.0289616271891921,0.010080282926187569,60.37499999999999,60.37499999999999,2675,0.8846187025534852,17.94392523364486,0.6552112698554993,0.851,0.01544943820224719,0.08275862068965517,0.2482758620689655,0.16551724137931034,47,0.9791666666666666,71,48,1.0,446,48,1.0,883
1,ampc,rabvs_budgeted_reliable_no_alert,2898,48,0.016563146997929608,2560,48,0.8372395833333334,0.0289616271891921,0.010080282926187569,60.37499999999999,60.37499999999999,2675,0.8846187025534852,17.94392523364486,0.667145311832428,0.5589999999999999,0.015089163237311385,0.08275862068965517,0.2482758620689655,0.16551724137931034,47,0.9791666666666666,73,48,1.0,440,48,1.0,936
1,ampc,rabvs_budgeted_reliable_no_novelty,2898,48,0.016563146997929608,2560,48,0.8372395833333334,0.0289616271891921,0.010080282926187569,60.37499999999999,60.37499999999999,2675,0.8846187025534852,17.94392523364486,0.6524202227592468,0.882,0.019855595667870037,0.08275862068965517,0.2482758620689655,0.16551724137931034,47,0.9791666666666666,68,48,1.0,361,48,1.0,666
1,ampc,rabvs_budgeted_reliable_no_density,2898,48,0.016563146997929608,2560,48,0.8372395833333334,0.0289616271891921,0.010080282926187569,60.37499999999999,60.37499999999999,2675,0.8846187025534852,17.94392523364486,0.6569339632987976,0.858,0.014945652173913044,0.08275862068965517,0.2482758620689655,0.16551724137931034,47,0.9791666666666666,71,48,1.0,446,48,1.0,916
2,ampc,greedy_surrogate,2898,48,0.016563146997929608,2560,48,0.859375,0.02485437397117726,0.008032025928357186,60.37499999999999,60.37499999999999,23184,0.0,2.070393374741201,0.6595980525016785,0.552,0.025597269624573378,0.10344827586206896,0.22758620689655173,0.12413793103448277,48,1.0,71,48,1.0,377,48,1.0,692
2,ampc,boba_ucb,2898,48,0.016563146997929608,2560,47,0.8643617021276596,0.022304421225264763,0.007171487648568613,60.37499999999999,60.37499999999999,2675,0.8846187025534852,17.570093457943923,0.6491691470146179,0.5489999999999999,0.025925925925925925,0.06896551724137931,0.25517241379310346,0.18620689655172415,47,0.9791666666666666,69,47,0.9791666666666666,351,47,0.9791666666666666,647
2,ampc,rabvs_budgeted_reliable,2898,48,0.016563146997929608,2560,47,0.8643617021276596,0.022304421225264763,0.007171487648568613,60.37499999999999,60.37499999999999,2675,0.8846187025534852,17.570093457943923,0.6544590592384338,0.8200000000000001,0.020588235294117647,0.06896551724137931,0.25517241379310346,0.18620689655172415,45,0.9375,73,47,0.9791666666666666,454,47,0.9791666666666666,815
2,ampc,rabvs_budgeted_reliable_q50,2898,48,0.016563146997929608,2560,47,0.8643617021276596,0.022304421225264763,0.007171487648568613,60.37499999999999,60.37499999999999,2675,0.8846187025534852,17.19626168224299,0.670572817325592,0.7110000000000001,0.02138157894736842,0.06896551724137931,0.25517241379310346,0.18620689655172415,43,0.8958333333333334,70,44,0.9166666666666666,444,46,0.9583333333333334,726
2,ampc,rabvs_budgeted_reliable_q90,2898,48,0.016563146997929608,2560,47,0.8643617021276596,0.022304421225264763,0.007171487648568613,60.37499999999999,60.37499999999999,2675,0.8846187025534852,17.94392523364486,0.6545571088790894,0.859,0.02074688796680498,0.06896551724137931,0.25517241379310346,0.18620689655172415,45,0.9375,73,47,0.9791666666666666,454,48,1.0,878
2,ampc,rabvs_budgeted_reliable_no_alert,2898,48,0.016563146997929608,2560,47,0.8643617021276596,0.022304421225264763,0.007171487648568613,60.37499999999999,60.37499999999999,2675,0.8846187025534852,17.570093457943923,0.6624221205711365,0.5389999999999999,0.018741633199464525,0.06896551724137931,0.25517241379310346,0.18620689655172415,46,0.9583333333333334,74,47,0.9791666666666666,445,47,0.9791666666666666,938
2,ampc,rabvs_budgeted_reliable_no_novelty,2898,48,0.016563146997929608,2560,47,0.8643617021276596,0.022304421225264763,0.007171487648568613,60.37499999999999,60.37499999999999,2675,0.8846187025534852,17.570093457943923,0.6462947130203247,0.893,0.026565464895635674,0.06896551724137931,0.25517241379310346,0.18620689655172415,46,0.9583333333333334,69,47,0.9791666666666666,348,47,0.9791666666666666,638
2,ampc,rabvs_budgeted_reliable_no_density,2898,48,0.016563146997929608,2560,47,0.8643617021276596,0.022304421225264763,0.007171487648568613,60.37499999999999,60.37499999999999,2675,0.8846187025534852,17.94392523364486,0.6551592946052551,0.872,0.020188425302826378,0.06896551724137931,0.25517241379310346,0.18620689655172415,45,0.9375,73,47,0.9791666666666666,454,48,1.0,909
0,andr,greedy_surrogate,14619,269,0.01840071140296874,2560,257,0.8219844357976653,0.009091158185939729,0.005688653096311467,54.3457249070632,53.601262922034934,116952,0.0,2.188932211505575,0.6333019733428955,0.469,0.265993265993266,0.06703146374829001,0.28317373461012313,0.21614227086183313,100,0.37174721189591076,100,256,0.9516728624535316,467,256,0.9516728624535316,871
0,andr,boba_ucb,14619,269,0.01840071140296874,2560,242,0.7071280991735537,0.011512963551255898,0.006625840701884825,54.3457249070632,53.97349391454907,3328,0.9715438812504276,77.2235576923077,0.6420631408691406,0.43600000000000005,0.26298342541436465,0.06976744186046512,0.28454172366621067,0.21477428180574554,100,0.37174721189591076,100,247,0.9182156133828996,472,257,0.9553903345724907,894
0,andr,rabvs_budgeted_reliable,14619,269,0.01840071140296874,2560,242,0.7071280991735537,0.011512963551255898,0.006625840701884825,54.3457249070632,53.22903192952081,3328,0.9715438812504276,76.02163461538461,0.6349688172340393,0.671,0.24867162592986186,0.06976744186046512,0.28454172366621067,0.21477428180574554,99,0.3680297397769517,100,250,0.929368029739777,475,253,0.9405204460966543,959
0,andr,rabvs_budgeted_reliable_q50,14619,269,0.01840071140296874,2560,242,0.7071280991735537,0.011512963551255898,0.006625840701884825,54.3457249070632,53.22903192952081,3328,0.9715438812504276,75.42067307692307,0.6349108815193176,0.6819999999999999,0.24680851063829787,0.06976744186046512,0.28454172366621067,0.21477428180574554,99,0.3680297397769517,100,249,0.9256505576208178,473,251,0.9330855018587361,960
0,andr,rabvs_budgeted_reliable_q90,14619,269,0.01840071140296874,2560,242,0.7071280991735537,0.011512963551255898,0.006625840701884825,54.3457249070632,53.22903192952081,3328,0.9715438812504276,77.2235576923077,0.6351385116577148,0.6619999999999999,0.2526539278131635,0.06976744186046512,0.28454172366621067,0.21477428180574554,99,0.3680297397769517,100,253,0.9405204460966543,480,257,0.9553903345724907,959
0,andr,rabvs_budgeted_reliable_no_alert,14619,269,0.01840071140296874,2560,242,0.7071280991735537,0.011512963551255898,0.006625840701884825,54.3457249070632,54.3457249070632,3328,0.9715438812504276,76.62259615384616,0.6366414427757263,0.45799999999999996,0.251063829787234,0.06976744186046512,0.28454172366621067,0.21477428180574554,100,0.37174721189591076,100,248,0.9219330855018587,474,255,0.9479553903345725,948
0,andr,rabvs_budgeted_reliable_no_novelty,14619,269,0.01840071140296874,2560,242,0.7071280991735537,0.011512963551255898,0.006625840701884825,54.3457249070632,52.856800937006675,3328,0.9715438812504276,75.42067307692307,0.6388538479804993,0.643,0.2552255225522552,0.06976744186046512,0.28454172366621067,0.21477428180574554,99,0.3680297397769517,100,247,0.9182156133828996,466,251,0.9330855018587361,886
0,andr,rabvs_budgeted_reliable_no_density,14619,269,0.01840071140296874,2560,242,0.7071280991735537,0.011512963551255898,0.006625840701884825,54.3457249070632,53.22903192952081,3328,0.9715438812504276,76.92307692307693,0.6359951496124268,0.656,0.2515923566878981,0.06976744186046512,0.28454172366621067,0.21477428180574554,99,0.3680297397769517,100,251,0.9330855018587361,480,256,0.9516728624535316,960
1,andr,greedy_surrogate,14619,269,0.01840071140296874,2560,256,0.816650390625,0.01054969747321133,0.006072990657136272,54.3457249070632,53.22903192952081,116952,0.0,2.171831178603188,0.6453153491020203,0.46099999999999997,0.26727066817667045,0.07934336525307797,0.2708618331053352,0.1915184678522572,100,0.37174721189591076,100,254,0.9442379182156134,458,254,0.9442379182156134,854
1,andr,boba_ucb,14619,269,0.01840071140296874,2560,237,0.7655590717299579,0.011923432198659652,0.006476420771088731,54.3457249070632,53.97349391454907,3328,0.9715438812504276,76.02163461538461,0.6383824348449707,0.45799999999999996,0.2596685082872928,0.07113543091655267,0.2818057455540356,0.21067031463748292,100,0.37174721189591076,100,248,0.9219330855018587,460,253,0.9405204460966543,878
1,andr,rabvs_budgeted_reliable,14619,269,0.01840071140296874,2560,237,0.7655590717299579,0.011923432198659652,0.006476420771088731,54.3457249070632,53.601262922034934,3328,0.9715438812504276,76.92307692307693,0.6324467062950134,0.679,0.2570194384449244,0.07113543091655267,0.2818057455540356,0.21067031463748292,99,0.3680297397769517,100,249,0.9256505576208178,472,256,0.9516728624535316,937
1,andr,rabvs_budgeted_reliable_q50,14619,269,0.01840071140296874,2560,237,0.7655590717299579,0.011923432198659652,0.006476420771088731,54.3457249070632,53.601262922034934,3328,0.9715438812504276,74.51923076923077,0.6353207230567932,0.69,0.250272034820457,0.07113543091655267,0.2818057455540356,0.21067031463748292,99,0.3680297397769517,100,245,0.9107806691449815,471,248,0.9219330855018587,938
1,andr,rabvs_budgeted_reliable_q90,14619,269,0.01840071140296874,2560,237,0.7655590717299579,0.011923432198659652,0.006476420771088731,54.3457249070632,53.601262922034934,3328,0.9715438812504276,76.92307692307693,0.6328460574150085,0.6639999999999999,0.2570194384449244,0.07113543091655267,0.2818057455540356,0.21067031463748292,99,0.3680297397769517,100,248,0.9219330855018587,472,256,0.9516728624535316,937
1,andr,rabvs_budgeted_reliable_no_alert,14619,269,0.01840071140296874,2560,237,0.7655590717299579,0.011923432198659652,0.006476420771088731,54.3457249070632,53.97349391454907,3328,0.9715438812504276,76.92307692307693,0.6344728469848633,0.477,0.25757575757575757,0.07113543091655267,0.2818057455540356,0.21067031463748292,100,0.37174721189591076,100,249,0.9256505576208178,471,256,0.9516728624535316,935
1,andr,rabvs_budgeted_reliable_no_novelty,14619,269,0.01840071140296874,2560,237,0.7655590717299579,0.011923432198659652,0.006476420771088731,54.3457249070632,53.22903192952081,3328,0.9715438812504276,76.62259615384616,0.6363674998283386,0.655,0.2639198218262806,0.07113543091655267,0.2818057455540356,0.21067031463748292,99,0.3680297397769517,100,247,0.9182156133828996,462,255,0.9479553903345725,875
1,andr,rabvs_budgeted_reliable_no_density,14619,269,0.01840071140296874,2560,237,0.7655590717299579,0.011923432198659652,0.006476420771088731,54.3457249070632,53.601262922034934,3328,0.9715438812504276,76.92307692307693,0.632401168346405,0.6619999999999999,0.25674217907227614,0.07113543091655267,0.2818057455540356,0.21067031463748292,99,0.3680297397769517,100,248,0.9219330855018587,472,256,0.9516728624535316,938
2,andr,greedy_surrogate,14619,269,0.01840071140296874,2560,262,0.8165553435114504,0.011582117563630394,0.006494062184687039,54.3457249070632,53.22903192952081,116952,0.0,2.2231342773103493,0.6369442939758301,0.44899999999999995,0.27262443438914025,0.08333333333333333,0.2749658002735978,0.19163246694026448,100,0.37174721189591076,100,253,0.9405204460966543,472,260,0.966542750929368,891
2,andr,boba_ucb,14619,269,0.01840071140296874,2560,238,0.7633928571428571,0.010521490260853377,0.0066558978972935876,54.3457249070632,53.22903192952081,3328,0.9715438812504276,77.2235576923077,0.6355950236320496,0.46699999999999997,0.26733780760626397,0.07660738714090287,0.27906976744186046,0.2024623803009576,100,0.37174721189591076,100,245,0.9107806691449815,468,257,0.9553903345724907,894
2,andr,rabvs_budgeted_reliable,14619,269,0.01840071140296874,2560,238,0.7633928571428571,0.010521490260853377,0.0066558978972935876,54.3457249070632,53.97349391454907,3328,0.9715438812504276,76.32211538461539,0.6325671672821045,0.687,0.25213675213675213,0.07660738714090287,0.27906976744186046,0.2024623803009576,100,0.37174721189591076,100,245,0.9107806691449815,476,254,0.9442379182156134,960
2,andr,rabvs_budgeted_reliable_q50,14619,269,0.01840071140296874,2560,238,0.7633928571428571,0.010521490260853377,0.0066558978972935876,54.3457249070632,53.97349391454907,3328,0.9715438812504276,73.91826923076923,0.6342077851295471,0.6950000000000001,0.24385026737967913,0.07660738714090287,0.27906976744186046,0.2024623803009576,100,0.37174721189591076,100,239,0.8884758364312267,476,246,0.9144981412639405,961
2,andr,rabvs_budgeted_reliable_q90,14619,269,0.01840071140296874,2560,238,0.7633928571428571,0.010521490260853377,0.0066558978972935876,54.3457249070632,53.97349391454907,3328,0.9715438812504276,77.52403846153847,0.6321011185646057,0.677,0.256136606189968,0.07660738714090287,0.27906976744186046,0.2024623803009576,100,0.37174721189591076,100,247,0.9182156133828996,476,258,0.9591078066914498,960
2,andr,rabvs_budgeted_reliable_no_alert,14619,269,0.01840071140296874,2560,238,0.7633928571428571,0.010521490260853377,0.0066558978972935876,54.3457249070632,53.22903192952081,3328,0.9715438812504276,76.32211538461539,0.6325196623802185,0.497,0.2565217391304348,0.07660738714090287,0.27906976744186046,0.2024623803009576,100,0.37174721189591076,100,247,0.9182156133828996,478,254,0.9442379182156134,951
2,andr,rabvs_budgeted_reliable_no_novelty,14619,269,0.01840071140296874,2560,238,0.7633928571428571,0.010521490260853377,0.0066558978972935876,54.3457249070632,53.601262922034934,3328,0.9715438812504276,75.72115384615384,0.6363868117332458,0.6619999999999999,0.2597114317425083,0.07660738714090287,0.27906976744186046,0.2024623803009576,100,0.37174721189591076,100,244,0.9070631970260223,469,252,0.9368029739776952,905
2,andr,rabvs_budgeted_reliable_no_density,14619,269,0.01840071140296874,2560,238,0.7633928571428571,0.010521490260853377,0.0066558978972935876,54.3457249070632,53.97349391454907,3328,0.9715438812504276,77.52403846153847,0.6316642165184021,0.6739999999999999,0.255863539445629,0.07660738714090287,0.27906976744186046,0.2024623803009576,100,0.37174721189591076,100,247,0.9182156133828996,478,258,0.9591078066914498,960
0,aofb,greedy_surrogate,7022,122,0.017373967530618057,2560,119,0.8130252100840336,0.027342180193435935,0.014670420986763855,57.55737704918033,46.868149882903985,56176,0.0,2.118342352606095,0.6529412865638733,0.523,0.11899038461538461,0.07954545454545454,0.25925925925925924,0.17971380471380471,73,0.5983606557377049,99,118,0.9672131147540983,470,119,0.9754098360655737,879
0,aofb,boba_ucb,7022,122,0.017373967530618057,2560,112,0.7332589285714286,0.025815220133614557,0.01372408965932964,57.55737704918033,50.15714285714286,2816,0.9498718313870692,41.19318181818181,0.6671441197395325,0.509,0.11608222490931076,0.07670454545454546,0.25071225071225073,0.17400770525770526,77,0.6311475409836066,100,114,0.9344262295081968,466,116,0.9508196721311475,860
0,aofb,rabvs_budgeted_reliable,7022,122,0.017373967530618057,2560,112,0.7332589285714286,0.025815220133614557,0.01372408965932964,57.55737704918033,49.33489461358314,2816,0.9498718313870692,40.83806818181819,0.6702674627304077,0.728,0.10770975056689343,0.07670454545454546,0.25071225071225073,0.17400770525770526,74,0.6065573770491803,100,111,0.9098360655737705,482,115,0.9426229508196722,964
0,aofb,rabvs_budgeted_reliable_q50,7022,122,0.017373967530618057,2560,112,0.7332589285714286,0.025815220133614557,0.01372408965932964,57.55737704918033,49.33489461358314,2816,0.9498718313870692,38.70738636363636,0.6870214939117432,0.76,0.10459770114942529,0.07670454545454546,0.25071225071225073,0.17400770525770526,75,0.6147540983606558,100,107,0.8770491803278688,479,109,0.8934426229508197,969
0,aofb,rabvs_budgeted_reliable_q90,7022,122,0.017373967530618057,2560,112,0.7332589285714286,0.025815220133614557,0.01372408965932964,57.55737704918033,49.33489461358314,2816,0.9498718313870692,41.19318181818181,0.6648014783859253,0.725,0.10847457627118644,0.07670454545454546,0.25071225071225073,0.17400770525770526,74,0.6065573770491803,100,112,0.9180327868852459,484,116,0.9508196721311475,964
0,aofb,rabvs_budgeted_reliable_no_alert,7022,122,0.017373967530618057,2560,112,0.7332589285714286,0.025815220133614557,0.01372408965932964,57.55737704918033,50.97939110070258,2816,0.9498718313870692,41.54829545454545,0.6668761968612671,0.517,0.11060433295324971,0.07670454545454546,0.25071225071225073,0.17400770525770526,76,0.6229508196721312,100,112,0.9180327868852459,483,117,0.9590163934426229,954
0,aofb,rabvs_budgeted_reliable_no_novelty,7022,122,0.017373967530618057,2560,112,0.7332589285714286,0.025815220133614557,0.01372408965932964,57.55737704918033,48.51264637002342,2816,0.9498718313870692,40.127840909090914,0.6734766364097595,0.7130000000000001,0.1124546553808948,0.07670454545454546,0.25071225071225073,0.17400770525770526,75,0.6147540983606558,100,113,0.9262295081967213,469,113,0.9262295081967213,874
0,aofb,rabvs_budgeted_reliable_no_density,7022,122,0.017373967530618057,2560,112,0.7332589285714286,0.025815220133614557,0.01372408965932964,57.55737704918033,49.33489461358314,2816,0.9498718313870692,41.19318181818181,0.6633328199386597,0.725,0.10798650168728909,0.07670454545454546,0.25071225071225073,0.17400770525770526,74,0.6065573770491803,100,112,0.9180327868852459,484,116,0.9508196721311475,964
1,aofb,greedy_surrogate,7022,122,0.017373967530618057,2560,122,0.7909836065573771,0.029667013113957728,0.01536496445847451,57.55737704918033,45.223653395784545,56176,0.0,2.1361435488464826,0.6598633527755737,0.489,0.1192214111922141,0.09090909090909091,0.25071225071225073,0.15980315980315982,68,0.5573770491803278,99,120,0.9836065573770492,464,120,0.9836065573770492,870
1,aofb,boba_ucb,7022,122,0.017373967530618057,2560,106,0.7729952830188679,0.027796599423682136,0.01474792341155572,57.55737704918033,48.51264637002342,2816,0.9498718313870692,42.25852272727273,0.6607275009155273,0.497,0.11700844390832328,0.09090909090909091,0.245014245014245,0.1541051541051541,76,0.6229508196721312,100,116,0.9508196721311475,463,119,0.9754098360655737,873
1,aofb,rabvs_budgeted_reliable,7022,122,0.017373967530618057,2560,106,0.7729952830188679,0.027796599423682136,0.01474792341155572,57.55737704918033,47.690398126463705,2816,0.9498718313870692,41.19318181818181,0.6634134650230408,0.702,0.10982658959537572,0.09090909090909091,0.245014245014245,0.1541051541051541,74,0.6065573770491803,100,116,0.9508196721311475,475,116,0.9508196721311475,952
1,aofb,rabvs_budgeted_reliable_q50,7022,122,0.017373967530618057,2560,106,0.7729952830188679,0.027796599423682136,0.01474792341155572,57.55737704918033,47.690398126463705,2816,0.9498718313870692,40.127840909090914,0.6844912767410278,0.733,0.10685249709639953,0.09090909090909091,0.245014245014245,0.1541051541051541,72,0.5901639344262295,100,113,0.9262295081967213,475,113,0.9262295081967213,956
1,aofb,rabvs_budgeted_reliable_q90,7022,122,0.017373967530618057,2560,106,0.7729952830188679,0.027796599423682136,0.01474792341155572,57.55737704918033,47.690398126463705,2816,0.9498718313870692,41.19318181818181,0.6580460667610168,0.6890000000000001,0.10894495412844037,0.09090909090909091,0.245014245014245,0.1541051541051541,74,0.6065573770491803,100,116,0.9508196721311475,476,116,0.9508196721311475,949
1,aofb,rabvs_budgeted_reliable_no_alert,7022,122,0.017373967530618057,2560,106,0.7729952830188679,0.027796599423682136,0.01474792341155572,57.55737704918033,48.51264637002342,2816,0.9498718313870692,42.25852272727273,0.6621655821800232,0.501,0.11213872832369942,0.09090909090909091,0.245014245014245,0.1541051541051541,75,0.6147540983606558,100,116,0.9508196721311475,471,119,0.9754098360655737,946
1,aofb,rabvs_budgeted_reliable_no_novelty,7022,122,0.017373967530618057,2560,106,0.7729952830188679,0.027796599423682136,0.01474792341155572,57.55737704918033,47.690398126463705,2816,0.9498718313870692,41.903409090909086,0.6646865010261536,0.685,0.11808118081180811,0.09090909090909091,0.245014245014245,0.1541051541051541,75,0.6147540983606558,100,116,0.9508196721311475,462,118,0.9672131147540983,860
1,aofb,rabvs_budgeted_reliable_no_density,7022,122,0.017373967530618057,2560,106,0.7729952830188679,0.027796599423682136,0.01474792341155572,57.55737704918033,47.690398126463705,2816,0.9498718313870692,41.19318181818181,0.6559875011444092,0.681,0.10832383124287344,0.09090909090909091,0.245014245014245,0.1541051541051541,74,0.6065573770491803,100,116,0.9508196721311475,478,116,0.9508196721311475,949
2,aofb,greedy_surrogate,7022,122,0.017373967530618057,2560,121,0.8078512396694215,0.03124512134736752,0.015922961415876537,57.55737704918033,46.045901639344265,56176,0.0,2.15394474508687,0.6668840646743774,0.476,0.12085308056872038,0.09659090909090909,0.24786324786324787,0.15127233877233878,74,0.6065573770491803,100,119,0.9754098360655737,464,121,0.9918032786885246,891
2,aofb,boba_ucb,7022,122,0.017373967530618057,2560,110,0.7357954545454546,0.027024659618967283,0.015001732184937465,57.55737704918033,47.690398126463705,2816,0.9498718313870692,41.19318181818181,0.6543301343917847,0.515,0.11506524317912219,0.07102272727272728,0.2535612535612536,0.1825385262885263,74,0.6065573770491803,100,114,0.9344262295081968,472,116,0.9508196721311475,894
2,aofb,rabvs_budgeted_reliable,7022,122,0.017373967530618057,2560,110,0.7357954545454546,0.027024659618967283,0.015001732184937465,57.55737704918033,44.401405152224825,2816,0.9498718313870692,41.19318181818181,0.6548573970794678,0.714,0.10850111856823266,0.07102272727272728,0.2535612535612536,0.1825385262885263,73,0.5983606557377049,100,114,0.9344262295081968,480,116,0.9508196721311475,968
2,aofb,rabvs_budgeted_reliable_q50,7022,122,0.017373967530618057,2560,110,0.7357954545454546,0.027024659618967283,0.015001732184937465,57.55737704918033,45.223653395784545,2816,0.9498718313870692,38.70738636363636,0.6730239391326904,0.742,0.104,0.07102272727272728,0.2535612535612536,0.1825385262885263,72,0.5901639344262295,100,109,0.8934426229508197,478,109,0.8934426229508197,968
2,aofb,rabvs_budgeted_reliable_q90,7022,122,0.017373967530618057,2560,110,0.7357954545454546,0.027024659618967283,0.015001732184937465,57.55737704918033,44.401405152224825,2816,0.9498718313870692,41.19318181818181,0.6519521474838257,0.71,0.10777777777777778,0.07102272727272728,0.2535612535612536,0.1825385262885263,73,0.5983606557377049,100,114,0.9344262295081968,480,116,0.9508196721311475,968
2,aofb,rabvs_budgeted_reliable_no_alert,7022,122,0.017373967530618057,2560,110,0.7357954545454546,0.027024659618967283,0.015001732184937465,57.55737704918033,46.868149882903985,2816,0.9498718313870692,41.54829545454545,0.6537825465202332,0.53,0.1101123595505618,0.07102272727272728,0.2535612535612536,0.1825385262885263,72,0.5901639344262295,100,114,0.9344262295081968,479,117,0.9590163934426229,962
2,aofb,rabvs_budgeted_reliable_no_novelty,7022,122,0.017373967530618057,2560,110,0.7357954545454546,0.027024659618967283,0.015001732184937465,57.55737704918033,44.401405152224825,2816,0.9498718313870692,41.19318181818181,0.6544923186302185,0.6990000000000001,0.11547619047619048,0.07102272727272728,0.2535612535612536,0.1825385262885263,75,0.6147540983606558,100,114,0.9344262295081968,470,116,0.9508196721311475,892
2,aofb,rabvs_budgeted_reliable_no_density,7022,122,0.017373967530618057,2560,110,0.7357954545454546,0.027024659618967283,0.015001732184937465,57.55737704918033,44.401405152224825,2816,0.9498718313870692,41.19318181818181,0.6505597233772278,0.71,0.10777777777777778,0.07102272727272728,0.2535612535612536,0.1825385262885263,73,0.5983606557377049,100,114,0.9344262295081968,480,116,0.9508196721311475,967
0,bace1,greedy_surrogate,18383,283,0.015394658108034597,2560,278,0.8489208633093526,0.0043792059034300146,0.002081673238545965,64.95759717314488,64.95759717314488,147064,0.0,1.8835336996137735,0.5931664705276489,0.624,0.2893569844789357,0.05326086956521739,0.24918389553862894,0.19592302597341155,100,0.35335689045936397,100,276,0.9752650176678446,463,277,0.9787985865724381,842
0,bace1,boba_ucb,18383,283,0.015394658108034597,2560,257,0.8214980544747081,0.01013780880874803,0.003914585604681166,64.95759717314488,64.95759717314488,3584,0.9756296578360442,76.72991071428571,0.6062670946121216,0.5640000000000001,0.2943181818181818,0.030434782608695653,0.26985854189336234,0.2394237592846667,100,0.35335689045936397,100,273,0.9646643109540636,460,275,0.9717314487632509,838
0,bace1,rabvs_budgeted_reliable,18383,283,0.015394658108034597,2560,257,0.8214980544747081,0.01013780880874803,0.003914585604681166,64.95759717314488,64.6045667537256,3584,0.9756296578360442,77.00892857142857,0.6009625196456909,0.752,0.28077753779697623,0.030434782608695653,0.26985854189336234,0.2394237592846667,100,0.35335689045936397,100,273,0.9646643109540636,475,276,0.9752650176678446,933
0,bace1,rabvs_budgeted_reliable_q50,18383,283,0.015394658108034597,2560,257,0.8214980544747081,0.01013780880874803,0.003914585604681166,64.95759717314488,64.6045667537256,3584,0.9756296578360442,77.28794642857143,0.5999417304992676,0.781,0.2815533980582524,0.030434782608695653,0.26985854189336234,0.2394237592846667,100,0.35335689045936397,100,273,0.9646643109540636,475,277,0.9787985865724381,947
0,bace1,rabvs_budgeted_reliable_q90,18383,283,0.015394658108034597,2560,257,0.8214980544747081,0.01013780880874803,0.003914585604681166,64.95759717314488,64.6045667537256,3584,0.9756296578360442,76.45089285714286,0.6008791923522949,0.74,0.2786177105831533,0.030434782608695653,0.26985854189336234,0.2394237592846667,100,0.35335689045936397,100,273,0.9646643109540636,474,274,0.9681978798586572,930
0,bace1,rabvs_budgeted_reliable_no_alert,18383,283,0.015394658108034597,2560,257,0.8214980544747081,0.01013780880874803,0.003914585604681166,64.95759717314488,64.95759717314488,3584,0.9756296578360442,77.00892857142857,0.6011186838150024,0.575,0.28415300546448086,0.030434782608695653,0.26985854189336234,0.2394237592846667,100,0.35335689045936397,100,273,0.9646643109540636,472,276,0.9752650176678446,914
0,bace1,rabvs_budgeted_reliable_no_novelty,18383,283,0.015394658108034597,2560,257,0.8214980544747081,0.01013780880874803,0.003914585604681166,64.95759717314488,63.89850591488708,3584,0.9756296578360442,76.45089285714286,0.6043992638587952,0.739,0.29152542372881357,0.030434782608695653,0.26985854189336234,0.2394237592846667,100,0.35335689045936397,100,273,0.9646643109540636,458,274,0.9681978798586572,827
0,bace1,rabvs_budgeted_reliable_no_density,18383,283,0.015394658108034597,2560,257,0.8214980544747081,0.01013780880874803,0.003914585604681166,64.95759717314488,64.6045667537256,3584,0.9756296578360442,76.45089285714286,0.6012309193611145,0.738,0.2786177105831533,0.030434782608695653,0.26985854189336234,0.2394237592846667,100,0.35335689045936397,100,273,0.9646643109540636,475,274,0.9681978798586572,928
1,bace1,greedy_surrogate,18383,283,0.015394658108034597,2560,280,0.8439732142857143,0.0058548476790431245,0.0020801131785959897,64.95759717314488,64.95759717314488,147064,0.0,1.903932981559049,0.5957698822021484,0.598,0.2814178302900107,0.04782608695652174,0.25680087051142547,0.20897478355490373,100,0.35335689045936397,100,279,0.9858657243816255,469,280,0.9893992932862191,843
1,bace1,boba_ucb,18383,283,0.015394658108034597,2560,258,0.6971899224806202,0.00645348434519587,0.002532584483835666,64.95759717314488,64.95759717314488,3584,0.9756296578360442,77.00892857142857,0.5960614085197449,0.569,0.28043478260869564,0.05326086956521739,0.2513601741022851,0.19809930453706773,100,0.35335689045936397,100,271,0.9575971731448764,464,276,0.9752650176678446,843
1,bace1,rabvs_budgeted_reliable,18383,283,0.015394658108034597,2560,258,0.6971899224806202,0.00645348434519587,0.002532584483835666,64.95759717314488,64.95759717314488,3584,0.9756296578360442,77.00892857142857,0.5919577479362488,0.823,0.26931106471816285,0.05326086956521739,0.2513601741022851,0.19809930453706773,100,0.35335689045936397,100,272,0.9611307420494699,481,276,0.9752650176678446,964
1,bace1,rabvs_budgeted_reliable_q50,18383,283,0.015394658108034597,2560,258,0.6971899224806202,0.00645348434519587,0.002532584483835666,64.95759717314488,64.95759717314488,3584,0.9756296578360442,76.72991071428571,0.594303548336029,0.854,0.2688284518828452,0.05326086956521739,0.2513601741022851,0.19809930453706773,100,0.35335689045936397,100,272,0.9611307420494699,486,275,0.9717314487632509,972
1,bace1,rabvs_budgeted_reliable_q90,18383,283,0.015394658108034597,2560,258,0.6971899224806202,0.00645348434519587,0.002532584483835666,64.95759717314488,64.95759717314488,3584,0.9756296578360442,77.00892857142857,0.5919891595840454,0.8200000000000001,0.26931106471816285,0.05326086956521739,0.2513601741022851,0.19809930453706773,100,0.35335689045936397,100,272,0.9611307420494699,481,276,0.9752650176678446,960
1,bace1,rabvs_budgeted_reliable_no_alert,18383,283,0.015394658108034597,2560,258,0.6971899224806202,0.00645348434519587,0.002532584483835666,64.95759717314488,64.95759717314488,3584,0.9756296578360442,77.56696428571429,0.590396523475647,0.5760000000000001,0.2742616033755274,0.05326086956521739,0.2513601741022851,0.19809930453706773,100,0.35335689045936397,100,273,0.9646643109540636,481,278,0.9823321554770318,947
1,bace1,rabvs_budgeted_reliable_no_novelty,18383,283,0.015394658108034597,2560,258,0.6971899224806202,0.00645348434519587,0.002532584483835666,64.95759717314488,64.95759717314488,3584,0.9756296578360442,76.72991071428571,0.595003604888916,0.7989999999999999,0.27783783783783783,0.05326086956521739,0.2513601741022851,0.19809930453706773,100,0.35335689045936397,100,271,0.9575971731448764,463,275,0.9717314487632509,828
1,bace1,rabvs_budgeted_reliable_no_density,18383,283,0.015394658108034597,2560,258,0.6971899224806202,0.00645348434519587,0.002532584483835666,64.95759717314488,64.95759717314488,3584,0.9756296578360442,77.00892857142857,0.5923587083816528,0.8200000000000001,0.26931106471816285,0.05326086956521739,0.2513601741022851,0.19809930453706773,100,0.35335689045936397,100,272,0.9611307420494699,481,276,0.9752650176678446,960
2,bace1,greedy_surrogate,18383,283,0.015394658108034597,2560,277,0.8296480144404332,0.004602314142251107,0.0023025329530114544,64.95759717314488,64.95759717314488,147064,0.0,1.8835336996137735,0.5920076966285706,0.625,0.2748414376321353,0.05326086956521739,0.24809575625680086,0.19483488669158347,100,0.35335689045936397,100,276,0.9752650176678446,466,277,0.9787985865724381,849
2,bace1,boba_ucb,18383,283,0.015394658108034597,2560,266,0.8014567669172933,0.008179946110587904,0.0033710009678310743,64.95759717314488,64.95759717314488,3584,0.9756296578360442,76.72991071428571,0.5996177196502686,0.558,0.27505330490405117,0.034782608695652174,0.26659412404787813,0.23181151535222597,100,0.35335689045936397,100,274,0.9681978798586572,464,275,0.9717314487632509,846
2,bace1,rabvs_budgeted_reliable,18383,283,0.015394658108034597,2560,266,0.8014567669172933,0.008179946110587904,0.0033710009678310743,64.95759717314488,64.6045667537256,3584,0.9756296578360442,77.56696428571429,0.5941020846366882,0.781,0.2730125523012552,0.034782608695652174,0.26659412404787813,0.23181151535222597,100,0.35335689045936397,100,274,0.9681978798586572,482,278,0.9823321554770318,950
2,bace1,rabvs_budgeted_reliable_q50,18383,283,0.015394658108034597,2560,266,0.8014567669172933,0.008179946110587904,0.0033710009678310743,64.95759717314488,64.6045667537256,3584,0.9756296578360442,77.00892857142857,0.5949762463569641,0.802,0.27263157894736845,0.034782608695652174,0.26659412404787813,0.23181151535222597,100,0.35335689045936397,100,273,0.9646643109540636,480,276,0.9752650176678446,955
2,bace1,rabvs_budgeted_reliable_q90,18383,283,0.015394658108034597,2560,266,0.8014567669172933,0.008179946110587904,0.0033710009678310743,64.95759717314488,64.6045667537256,3584,0.9756296578360442,77.28794642857143,0.5938558578491211,0.768,0.27055150884495316,0.034782608695652174,0.26659412404787813,0.23181151535222597,100,0.35335689045936397,100,274,0.9681978798586572,482,277,0.9787985865724381,945
2,bace1,rabvs_budgeted_reliable_no_alert,18383,283,0.015394658108034597,2560,266,0.8014567669172933,0.008179946110587904,0.0033710009678310743,64.95759717314488,64.95759717314488,3584,0.9756296578360442,77.00892857142857,0.5950658321380615,0.5780000000000001,0.27148846960167716,0.034782608695652174,0.26659412404787813,0.23181151535222597,100,0.35335689045936397,100,275,0.9717314487632509,483,276,0.9752650176678446,938
2,bace1,rabvs_budgeted_reliable_no_novelty,18383,283,0.015394658108034597,2560,266,0.8014567669172933,0.008179946110587904,0.0033710009678310743,64.95759717314488,64.6045667537256,3584,0.9756296578360442,76.72991071428571,0.5985127687454224,0.77,0.279826464208243,0.034782608695652174,0.26659412404787813,0.23181151535222597,100,0.35335689045936397,100,274,0.9681978798586572,468,275,0.9717314487632509,836
2,bace1,rabvs_budgeted_reliable_no_density,18383,283,0.015394658108034597,2560,266,0.8014567669172933,0.008179946110587904,0.0033710009678310743,64.95759717314488,64.6045667537256,3584,0.9756296578360442,77.28794642857143,0.5948131680488586,0.763,0.2702702702702703,0.034782608695652174,0.26659412404787813,0.23181151535222597,100,0.35335689045936397,100,274,0.9681978798586572,481,277,0.9787985865724381,944
0,braf,greedy_surrogate,10102,152,0.01504652544050683,2560,149,0.8733221476510067,0.0017664118228833169,0.0005849246188356338,66.46052631578948,66.46052631578948,80816,0.0,1.8436943179568401,0.6171254515647888,0.5680000000000001,0.14631463146314633,0.02766798418972332,0.26732673267326734,0.23965874848354402,100,0.6578947368421053,100,149,0.9802631578947368,480,149,0.9802631578947368,918
0,braf,boba_ucb,10102,152,0.01504652544050683,2560,146,0.8497431506849316,0.0023719867707960494,0.0010299671862449861,66.46052631578948,66.46052631578948,3072,0.9619877252029301,48.502604166666664,0.6204814314842224,0.628,0.14696132596685083,0.02766798418972332,0.26732673267326734,0.23965874848354402,100,0.6578947368421053,100,149,0.9802631578947368,480,149,0.9802631578947368,929
0,braf,rabvs_budgeted_reliable,10102,152,0.01504652544050683,2560,146,0.8497431506849316,0.0023719867707960494,0.0010299671862449861,66.46052631578948,66.46052631578948,3072,0.9619877252029301,47.8515625,0.6110045313835144,0.9359999999999999,0.14010695187165775,0.02766798418972332,0.26732673267326734,0.23965874848354402,100,0.6578947368421053,100,147,0.9671052631578947,500,147,0.9671052631578947,1000
0,braf,rabvs_budgeted_reliable_q50,10102,152,0.01504652544050683,2560,146,0.8497431506849316,0.0023719867707960494,0.0010299671862449861,66.46052631578948,66.46052631578948,3072,0.9619877252029301,47.200520833333336,0.6166509985923767,0.9410000000000001,0.13976164680390032,0.02766798418972332,0.26732673267326734,0.23965874848354402,100,0.6578947368421053,100,145,0.9539473684210527,500,145,0.9539473684210527,1000
0,braf,rabvs_budgeted_reliable_q90,10102,152,0.01504652544050683,2560,146,0.8497431506849316,0.0023719867707960494,0.0010299671862449861,66.46052631578948,66.46052631578948,3072,0.9619877252029301,47.8515625,0.6093056201934814,0.935,0.1392136025504782,0.02766798418972332,0.26732673267326734,0.23965874848354402,100,0.6578947368421053,100,147,0.9671052631578947,500,147,0.9671052631578947,1000
0,braf,rabvs_budgeted_reliable_no_alert,10102,152,0.01504652544050683,2560,146,0.8497431506849316,0.0023719867707960494,0.0010299671862449861,66.46052631578948,66.46052631578948,3072,0.9619877252029301,48.177083333333336,0.61439448595047,0.632,0.14087513340448238,0.02766798418972332,0.26732673267326734,0.23965874848354402,100,0.6578947368421053,100,148,0.9736842105263158,500,148,0.9736842105263158,1000
0,braf,rabvs_budgeted_reliable_no_novelty,10102,152,0.01504652544050683,2560,146,0.8497431506849316,0.0023719867707960494,0.0010299671862449861,66.46052631578948,66.46052631578948,3072,0.9619877252029301,47.8515625,0.6158244609832764,0.933,0.14491150442477876,0.02766798418972332,0.26732673267326734,0.23965874848354402,100,0.6578947368421053,100,147,0.9671052631578947,481,147,0.9671052631578947,921
0,braf,rabvs_budgeted_reliable_no_density,10102,152,0.01504652544050683,2560,146,0.8497431506849316,0.0023719867707960494,0.0010299671862449861,66.46052631578948,66.46052631578948,3072,0.9619877252029301,47.8515625,0.6093021035194397,0.9339999999999999,0.13847780126849896,0.02766798418972332,0.26732673267326734,0.23965874848354402,100,0.6578947368421053,100,147,0.9671052631578947,500,147,0.9671052631578947,1000
1,braf,greedy_surrogate,10102,152,0.01504652544050683,2560,149,0.8737416107382551,0.001839715415589779,0.0005906071166952784,66.46052631578948,66.46052631578948,80816,0.0,1.8436943179568401,0.6166679859161377,0.579,0.14615384615384616,0.029644268774703556,0.26534653465346536,0.2357022658787618,100,0.6578947368421053,100,149,0.9802631578947368,474,149,0.9802631578947368,913
1,braf,boba_ucb,10102,152,0.01504652544050683,2560,147,0.8720238095238095,0.002890449392208078,0.0008844420999509284,66.46052631578948,66.46052631578948,3072,0.9619877252029301,48.502604166666664,0.614518404006958,0.598,0.14615384615384616,0.017786561264822136,0.27722772277227725,0.2594411615074551,100,0.6578947368421053,100,149,0.9802631578947368,478,149,0.9802631578947368,929
1,braf,rabvs_budgeted_reliable,10102,152,0.01504652544050683,2560,147,0.8720238095238095,0.002890449392208078,0.0008844420999509284,66.46052631578948,66.46052631578948,3072,0.9619877252029301,48.177083333333336,0.6061605215072632,0.9339999999999999,0.1411764705882353,0.017786561264822136,0.27722772277227725,0.2594411615074551,100,0.6578947368421053,100,148,0.9736842105263158,500,148,0.9736842105263158,1000
1,braf,rabvs_budgeted_reliable_q50,10102,152,0.01504652544050683,2560,147,0.8720238095238095,0.002890449392208078,0.0008844420999509284,66.46052631578948,66.46052631578948,3072,0.9619877252029301,48.177083333333336,0.6087350845336914,0.9359999999999999,0.14410480349344978,0.017786561264822136,0.27722772277227725,0.2594411615074551,100,0.6578947368421053,100,148,0.9736842105263158,500,148,0.9736842105263158,1000
1,braf,rabvs_budgeted_reliable_q90,10102,152,0.01504652544050683,2560,147,0.8720238095238095,0.002890449392208078,0.0008844420999509284,66.46052631578948,66.46052631578948,3072,0.9619877252029301,48.177083333333336,0.6060197353363037,0.9339999999999999,0.13997879109225875,0.017786561264822136,0.27722772277227725,0.2594411615074551,100,0.6578947368421053,100,148,0.9736842105263158,500,148,0.9736842105263158,1000
1,braf,rabvs_budgeted_reliable_no_alert,10102,152,0.01504652544050683,2560,147,0.8720238095238095,0.002890449392208078,0.0008844420999509284,66.46052631578948,66.46052631578948,3072,0.9619877252029301,48.502604166666664,0.6098273992538452,0.602,0.1417910447761194,0.017786561264822136,0.27722772277227725,0.2594411615074551,100,0.6578947368421053,100,149,0.9802631578947368,500,149,0.9802631578947368,999
1,braf,rabvs_budgeted_reliable_no_novelty,10102,152,0.01504652544050683,2560,147,0.8720238095238095,0.002890449392208078,0.0008844420999509284,66.46052631578948,66.46052631578948,3072,0.9619877252029301,48.177083333333336,0.6114475727081299,0.933,0.14553472987872107,0.017786561264822136,0.27722772277227725,0.2594411615074551,100,0.6578947368421053,100,148,0.9736842105263158,484,148,0.9736842105263158,926
1,braf,rabvs_budgeted_reliable_no_density,10102,152,0.01504652544050683,2560,147,0.8720238095238095,0.002890449392208078,0.0008844420999509284,66.46052631578948,66.46052631578948,3072,0.9619877252029301,48.177083333333336,0.6060140132904053,0.933,0.13968253968253969,0.017786561264822136,0.27722772277227725,0.2594411615074551,100,0.6578947368421053,100,148,0.9736842105263158,500,148,0.9736842105263158,999
2,braf,greedy_surrogate,10102,152,0.01504652544050683,2560,151,0.8716887417218543,0.0026900080371934044,0.0005466241733559778,66.46052631578948,66.46052631578948,80816,0.0,1.8684418926945159,0.6137004494667053,0.5720000000000001,0.14516129032258066,0.02766798418972332,0.2712871287128713,0.24361914452314798,100,0.6578947368421053,100,151,0.993421052631579,482,151,0.993421052631579,911
2,braf,boba_ucb,10102,152,0.01504652544050683,2560,150,0.8679166666666667,0.004232917796563233,0.0008575316524402736,66.46052631578948,66.46052631578948,3072,0.9619877252029301,49.153645833333336,0.6143656373023987,0.597,0.14547413793103448,0.021739130434782608,0.27722772277227725,0.25548859233749466,100,0.6578947368421053,100,151,0.993421052631579,478,151,0.993421052631579,913
2,braf,rabvs_budgeted_reliable,10102,152,0.01504652544050683,2560,150,0.8679166666666667,0.004232917796563233,0.0008575316524402736,66.46052631578948,66.46052631578948,3072,0.9619877252029301,49.153645833333336,0.6093538403511047,0.917,0.14376996805111822,0.021739130434782608,0.27722772277227725,0.25548859233749466,100,0.6578947368421053,100,151,0.993421052631579,498,151,0.993421052631579,996
2,braf,rabvs_budgeted_reliable_q50,10102,152,0.01504652544050683,2560,150,0.8679166666666667,0.004232917796563233,0.0008575316524402736,66.46052631578948,66.46052631578948,3072,0.9619877252029301,49.153645833333336,0.6151803135871887,0.926,0.14689880304678998,0.021739130434782608,0.27722772277227725,0.25548859233749466,100,0.6578947368421053,100,151,0.993421052631579,498,151,0.993421052631579,996
2,braf,rabvs_budgeted_reliable_q90,10102,152,0.01504652544050683,2560,150,0.8679166666666667,0.004232917796563233,0.0008575316524402736,66.46052631578948,66.46052631578948,3072,0.9619877252029301,49.153645833333336,0.6096516251564026,0.917,0.14316012725344646,0.021739130434782608,0.27722772277227725,0.25548859233749466,100,0.6578947368421053,100,151,0.993421052631579,498,151,0.993421052631579,998
2,braf,rabvs_budgeted_reliable_no_alert,10102,152,0.01504652544050683,2560,150,0.8679166666666667,0.004232917796563233,0.0008575316524402736,66.46052631578948,66.46052631578948,3072,0.9619877252029301,49.153645833333336,0.611099362373352,0.597,0.14331210191082802,0.021739130434782608,0.27722772277227725,0.25548859233749466,100,0.6578947368421053,100,151,0.993421052631579,498,151,0.993421052631579,998
2,braf,rabvs_budgeted_reliable_no_novelty,10102,152,0.01504652544050683,2560,150,0.8679166666666667,0.004232917796563233,0.0008575316524402736,66.46052631578948,66.46052631578948,3072,0.9619877252029301,49.153645833333336,0.6159296631813049,0.914,0.14547413793103448,0.021739130434782608,0.27722772277227725,0.25548859233749466,100,0.6578947368421053,100,151,0.993421052631579,471,151,0.993421052631579,905
2,braf,rabvs_budgeted_reliable_no_density,10102,152,0.01504652544050683,2560,150,0.8679166666666667,0.004232917796563233,0.0008575316524402736,66.46052631578948,66.46052631578948,3072,0.9619877252029301,49.153645833333336,0.6100139021873474,0.915,0.14255543822597677,0.021739130434782608,0.27722772277227725,0.25548859233749466,100,0.6578947368421053,100,151,0.993421052631579,498,151,0.993421052631579,998
0,cah2,greedy_surrogate,31664,492,0.015538150581101567,2560,489,0.836017382413088,0.0013636638740683064,0.0004769529915585282,64.35772357723577,64.35772357723577,253312,0.0,1.926478019201617,0.5314232707023621,0.366,0.5189309576837416,0.03156565656565657,0.2779532533164877,0.2463875967508311,100,0.2032520325203252,100,486,0.9878048780487805,498,488,0.991869918699187,838
0,cah2,boba_ucb,31664,492,0.015538150581101567,2560,328,0.8288871951219512,0.00242647083415486,0.000888333876774296,64.35772357723577,64.35772357723577,4096,0.9838302172814553,119.140625,0.5427118539810181,0.368,0.5154867256637168,0.05555555555555555,0.2539481996209728,0.19839264406541726,100,0.2032520325203252,100,480,0.975609756097561,496,488,0.991869918699187,858
0,cah2,rabvs_budgeted_reliable,31664,492,0.015538150581101567,2560,328,0.8288871951219512,0.00242647083415486,0.000888333876774296,64.35772357723577,64.35772357723577,4096,0.9838302172814553,118.896484375,0.5606309771537781,0.639,0.48640167364016734,0.05555555555555555,0.2539481996209728,0.19839264406541726,100,0.2032520325203252,100,481,0.9776422764227642,498,487,0.9898373983739838,970
0,cah2,rabvs_budgeted_reliable_q50,31664,492,0.015538150581101567,2560,328,0.8288871951219512,0.00242647083415486,0.000888333876774296,64.35772357723577,64.35772357723577,4096,0.9838302172814553,118.408203125,0.5632743239402771,0.643,0.4848167539267016,0.05555555555555555,0.2539481996209728,0.19839264406541726,100,0.2032520325203252,100,480,0.975609756097561,497,485,0.9857723577235772,970
0,cah2,rabvs_budgeted_reliable_q90,31664,492,0.015538150581101567,2560,328,0.8288871951219512,0.00242647083415486,0.000888333876774296,64.35772357723577,64.35772357723577,4096,0.9838302172814553,119.140625,0.5599928498268127,0.638,0.4874476987447699,0.05555555555555555,0.2539481996209728,0.19839264406541726,100,0.2032520325203252,100,481,0.9776422764227642,498,488,0.991869918699187,970
0,cah2,rabvs_budgeted_reliable_no_alert,31664,492,0.015538150581101567,2560,328,0.8288871951219512,0.00242647083415486,0.000888333876774296,64.35772357723577,64.35772357723577,4096,0.9838302172814553,119.140625,0.5511539578437805,0.41800000000000004,0.4905263157894737,0.05555555555555555,0.2539481996209728,0.19839264406541726,100,0.2032520325203252,100,479,0.9735772357723578,497,488,0.991869918699187,954
0,cah2,rabvs_budgeted_reliable_no_novelty,31664,492,0.015538150581101567,2560,328,0.8288871951219512,0.00242647083415486,0.000888333876774296,64.35772357723577,64.35772357723577,4096,0.9838302172814553,118.896484375,0.5511748790740967,0.609,0.504885993485342,0.05555555555555555,0.2539481996209728,0.19839264406541726,100,0.2032520325203252,100,478,0.9715447154471545,496,487,0.9898373983739838,875
0,cah2,rabvs_budgeted_reliable_no_density,31664,492,0.015538150581101567,2560,328,0.8288871951219512,0.00242647083415486,0.000888333876774296,64.35772357723577,64.35772357723577,4096,0.9838302172814553,119.140625,0.5597603917121887,0.638,0.4874476987447699,0.05555555555555555,0.2539481996209728,0.19839264406541726,100,0.2032520325203252,100,481,0.9776422764227642,498,488,0.991869918699187,970
1,cah2,greedy_surrogate,31664,492,0.015538150581101567,2560,489,0.841002044989775,0.0013973558777478328,0.0005259125758615321,64.35772357723577,64.35772357723577,253312,0.0,1.926478019201617,0.5413586497306824,0.383,0.5212527964205816,0.029671717171717172,0.2798483891345546,0.25017667196283744,100,0.2032520325203252,100,486,0.9878048780487805,498,488,0.991869918699187,847
1,cah2,boba_ucb,31664,492,0.015538150581101567,2560,353,0.7935552407932012,0.0019943866756960095,0.0007834472679831576,64.35772357723577,64.35772357723577,4096,0.9838302172814553,118.896484375,0.5350838899612427,0.393,0.510989010989011,0.04292929292929293,0.26595072646873025,0.22302143353943732,100,0.2032520325203252,100,482,0.9796747967479674,499,487,0.9898373983739838,854
1,cah2,rabvs_budgeted_reliable,31664,492,0.015538150581101567,2560,353,0.7935552407932012,0.0019943866756960095,0.0007834472679831576,64.35772357723577,64.35772357723577,4096,0.9838302172814553,118.1640625,0.5602036118507385,0.655,0.48125,0.04292929292929293,0.26595072646873025,0.22302143353943732,100,0.2032520325203252,100,480,0.975609756097561,500,484,0.983739837398374,984
1,cah2,rabvs_budgeted_reliable_q50,31664,492,0.015538150581101567,2560,353,0.7935552407932012,0.0019943866756960095,0.0007834472679831576,64.35772357723577,64.35772357723577,4096,0.9838302172814553,117.67578125,0.5606346130371094,0.656,0.4796663190823775,0.04292929292929293,0.26595072646873025,0.22302143353943732,100,0.2032520325203252,100,479,0.9735772357723578,500,482,0.9796747967479674,986
1,cah2,rabvs_budgeted_reliable_q90,31664,492,0.015538150581101567,2560,353,0.7935552407932012,0.0019943866756960095,0.0007834472679831576,64.35772357723577,64.35772357723577,4096,0.9838302172814553,118.408203125,0.5605140328407288,0.652,0.4822916666666667,0.04292929292929293,0.26595072646873025,0.22302143353943732,100,0.2032520325203252,100,481,0.9776422764227642,500,485,0.9857723577235772,984
1,cah2,rabvs_budgeted_reliable_no_alert,31664,492,0.015538150581101567,2560,353,0.7935552407932012,0.0019943866756960095,0.0007834472679831576,64.35772357723577,64.35772357723577,4096,0.9838302172814553,118.65234375,0.5444087386131287,0.41800000000000004,0.48484848484848486,0.04292929292929293,0.26595072646873025,0.22302143353943732,100,0.2032520325203252,100,480,0.975609756097561,500,486,0.9878048780487805,968
1,cah2,rabvs_budgeted_reliable_no_novelty,31664,492,0.015538150581101567,2560,353,0.7935552407932012,0.0019943866756960095,0.0007834472679831576,64.35772357723577,64.35772357723577,4096,0.9838302172814553,117.919921875,0.5472447872161865,0.616,0.5077092511013216,0.04292929292929293,0.26595072646873025,0.22302143353943732,100,0.2032520325203252,100,481,0.9776422764227642,499,483,0.9817073170731707,877
1,cah2,rabvs_budgeted_reliable_no_density,31664,492,0.015538150581101567,2560,353,0.7935552407932012,0.0019943866756960095,0.0007834472679831576,64.35772357723577,64.35772357723577,4096,0.9838302172814553,118.408203125,0.5607555508613586,0.652,0.4822916666666667,0.04292929292929293,0.26595072646873025,0.22302143353943732,100,0.2032520325203252,100,481,0.9776422764227642,500,485,0.9857723577235772,983
2,cah2,greedy_surrogate,31664,492,0.015538150581101567,2560,490,0.8366071428571429,0.0014934136039514497,0.0005124109901699161,64.35772357723577,64.35772357723577,253312,0.0,1.9304257200606367,0.5456809997558594,0.391,0.5155210643015521,0.03156565656565657,0.2779532533164877,0.2463875967508311,100,0.2032520325203252,100,486,0.9878048780487805,496,489,0.9939024390243902,843
2,cah2,boba_ucb,31664,492,0.015538150581101567,2560,308,0.867288961038961,0.0027476643292516398,0.0010929195756850588,64.35772357723577,64.35772357723577,4096,0.9838302172814553,119.384765625,0.5476909875869751,0.393,0.5115511551155115,0.056818181818181816,0.2526847757422615,0.19586659392407968,100,0.2032520325203252,100,474,0.9634146341463414,495,489,0.9939024390243902,862
2,cah2,rabvs_budgeted_reliable,31664,492,0.015538150581101567,2560,308,0.867288961038961,0.0027476643292516398,0.0010929195756850588,64.35772357723577,64.35772357723577,4096,0.9838302172814553,118.896484375,0.5640183091163635,0.625,0.48329853862212946,0.056818181818181816,0.2526847757422615,0.19586659392407968,100,0.2032520325203252,100,477,0.9695121951219512,499,487,0.9898373983739838,978
2,cah2,rabvs_budgeted_reliable_q50,31664,492,0.015538150581101567,2560,308,0.867288961038961,0.0027476643292516398,0.0010929195756850588,64.35772357723577,64.35772357723577,4096,0.9838302172814553,117.67578125,0.5649263262748718,0.631,0.47958115183246075,0.056818181818181816,0.2526847757422615,0.19586659392407968,100,0.2032520325203252,100,474,0.9634146341463414,498,482,0.9796747967479674,977
2,cah2,rabvs_budgeted_reliable_q90,31664,492,0.015538150581101567,2560,308,0.867288961038961,0.0027476643292516398,0.0010929195756850588,64.35772357723577,64.35772357723577,4096,0.9838302172814553,118.896484375,0.5646069645881653,0.625,0.48279457768508866,0.056818181818181816,0.2526847757422615,0.19586659392407968,100,0.2032520325203252,100,477,0.9695121951219512,499,487,0.9898373983739838,978
2,cah2,rabvs_budgeted_reliable_no_alert,31664,492,0.015538150581101567,2560,308,0.867288961038961,0.0027476643292516398,0.0010929195756850588,64.35772357723577,64.35772357723577,4096,0.9838302172814553,119.140625,0.5572705268859863,0.41600000000000004,0.4884210526315789,0.056818181818181816,0.2526847757422615,0.19586659392407968,100,0.2032520325203252,100,475,0.9654471544715447,498,488,0.991869918699187,965
2,cah2,rabvs_budgeted_reliable_no_novelty,31664,492,0.015538150581101567,2560,308,0.867288961038961,0.0027476643292516398,0.0010929195756850588,64.35772357723577,64.15470236721295,4096,0.9838302172814553,118.65234375,0.5565891861915588,0.596,0.49892008639308855,0.056818181818181816,0.2526847757422615,0.19586659392407968,100,0.2032520325203252,100,475,0.9654471544715447,496,486,0.9878048780487805,888
2,cah2,rabvs_budgeted_reliable_no_density,31664,492,0.015538150581101567,2560,308,0.867288961038961,0.0027476643292516398,0.0010929195756850588,64.35772357723577,64.35772357723577,4096,0.9838302172814553,119.140625,0.5644260048866272,0.625,0.48383733055265904,0.056818181818181816,0.2526847757422615,0.19586659392407968,100,0.2032520325203252,100,478,0.9715447154471545,499,488,0.991869918699187,978
0,casp3,greedy_surrogate,10899,199,0.018258555830810166,2560,197,0.8661167512690355,0.004426994661369203,0.0012948965953001558,54.768844221105525,54.768844221105525,87192,0.0,2.2593815946417104,0.6199179887771606,0.508,0.2054794520547945,0.05504587155963303,0.30642201834862387,0.25137614678899084,100,0.5025125628140703,100,197,0.9899497487437185,479,197,0.9899497487437185,899
0,casp3,boba_ucb,10899,199,0.018258555830810166,2560,186,0.8313172043010753,0.00606586688165514,0.0018408545344923575,54.768844221105525,54.768844221105525,3072,0.964767409854115,64.12760416666667,0.6170370578765869,0.5489999999999999,0.20408163265306123,0.04220183486238532,0.3192660550458716,0.27706422018348625,100,0.5025125628140703,100,197,0.9899497487437185,475,197,0.9899497487437185,914
0,casp3,rabvs_budgeted_reliable,10899,199,0.018258555830810166,2560,186,0.8313172043010753,0.00606586688165514,0.0018408545344923575,54.768844221105525,54.768844221105525,3072,0.964767409854115,63.80208333333333,0.608489990234375,0.863,0.19268030139935413,0.04220183486238532,0.3192660550458716,0.27706422018348625,100,0.5025125628140703,100,196,0.9849246231155779,497,196,0.9849246231155779,993
0,casp3,rabvs_budgeted_reliable_q50,10899,199,0.018258555830810166,2560,186,0.8313172043010753,0.00606586688165514,0.0018408545344923575,54.768844221105525,54.768844221105525,3072,0.964767409854115,63.15104166666667,0.6156801581382751,0.872,0.193020719738277,0.04220183486238532,0.3192660550458716,0.27706422018348625,100,0.5025125628140703,100,194,0.9748743718592965,495,194,0.9748743718592965,993
0,casp3,rabvs_budgeted_reliable_q90,10899,199,0.018258555830810166,2560,186,0.8313172043010753,0.00606586688165514,0.0018408545344923575,54.768844221105525,54.768844221105525,3072,0.964767409854115,63.80208333333333,0.609977662563324,0.854,0.19144385026737967,0.04220183486238532,0.3192660550458716,0.27706422018348625,100,0.5025125628140703,100,196,0.9849246231155779,496,196,0.9849246231155779,993
0,casp3,rabvs_budgeted_reliable_no_alert,10899,199,0.018258555830810166,2560,186,0.8313172043010753,0.00606586688165514,0.0018408545344923575,54.768844221105525,54.768844221105525,3072,0.964767409854115,64.12760416666667,0.612671971321106,0.596,0.193756727664155,0.04220183486238532,0.3192660550458716,0.27706422018348625,100,0.5025125628140703,100,197,0.9899497487437185,493,197,0.9899497487437185,988
0,casp3,rabvs_budgeted_reliable_no_novelty,10899,199,0.018258555830810166,2560,186,0.8313172043010753,0.00606586688165514,0.0018408545344923575,54.768844221105525,54.768844221105525,3072,0.964767409854115,63.80208333333333,0.6146005988121033,0.855,0.1984478935698448,0.04220183486238532,0.3192660550458716,0.27706422018348625,100,0.5025125628140703,100,195,0.9798994974874372,483,196,0.9849246231155779,930
0,casp3,rabvs_budgeted_reliable_no_density,10899,199,0.018258555830810166,2560,186,0.8313172043010753,0.00606586688165514,0.0018408545344923575,54.768844221105525,54.768844221105525,3072,0.964767409854115,63.80208333333333,0.610598623752594,0.85,0.19144385026737967,0.04220183486238532,0.3192660550458716,0.27706422018348625,100,0.5025125628140703,100,196,0.9849246231155779,495,196,0.9849246231155779,992
1,casp3,greedy_surrogate,10899,199,0.018258555830810166,2560,197,0.8553299492385786,0.004281164410634826,0.0011055381197247614,54.768844221105525,54.768844221105525,87192,0.0,2.2593815946417104,0.6163269877433777,0.5469999999999999,0.1967032967032967,0.04220183486238532,0.3192660550458716,0.27706422018348625,100,0.5025125628140703,100,197,0.9899497487437185,482,197,0.9899497487437185,922
1,casp3,boba_ucb,10899,199,0.018258555830810166,2560,187,0.8168449197860963,0.006045300309124164,0.0016521892115850486,54.768844221105525,54.768844221105525,3072,0.964767409854115,64.12760416666667,0.6206046938896179,0.52,0.1964873765093304,0.045871559633027525,0.3155963302752294,0.26972477064220185,100,0.5025125628140703,100,197,0.9899497487437185,474,197,0.9899497487437185,900
1,casp3,rabvs_budgeted_reliable,10899,199,0.018258555830810166,2560,187,0.8168449197860963,0.006045300309124164,0.0016521892115850486,54.768844221105525,54.768844221105525,3072,0.964767409854115,64.12760416666667,0.6148472428321838,0.854,0.18921775898520085,0.045871559633027525,0.3155963302752294,0.26972477064220185,100,0.5025125628140703,100,196,0.9849246231155779,494,197,0.9899497487437185,993
1,casp3,rabvs_budgeted_reliable_q50,10899,199,0.018258555830810166,2560,187,0.8168449197860963,0.006045300309124164,0.0016521892115850486,54.768844221105525,54.768844221105525,3072,0.964767409854115,63.80208333333333,0.6144238114356995,0.864,0.1891604675876727,0.045871559633027525,0.3155963302752294,0.26972477064220185,100,0.5025125628140703,100,195,0.9798994974874372,497,196,0.9849246231155779,996
1,casp3,rabvs_budgeted_reliable_q90,10899,199,0.018258555830810166,2560,187,0.8168449197860963,0.006045300309124164,0.0016521892115850486,54.768844221105525,54.768844221105525,3072,0.964767409854115,64.12760416666667,0.6147804856300354,0.848,0.18921775898520085,0.045871559633027525,0.3155963302752294,0.26972477064220185,100,0.5025125628140703,100,196,0.9849246231155779,493,197,0.9899497487437185,992
1,casp3,rabvs_budgeted_reliable_no_alert,10899,199,0.018258555830810166,2560,187,0.8168449197860963,0.006045300309124164,0.0016521892115850486,54.768844221105525,54.768844221105525,3072,0.964767409854115,64.453125,0.6147109866142273,0.5529999999999999,0.1910828025477707,0.045871559633027525,0.3155963302752294,0.26972477064220185,100,0.5025125628140703,100,197,0.9899497487437185,492,198,0.9949748743718593,988
1,casp3,rabvs_budgeted_reliable_no_novelty,10899,199,0.018258555830810166,2560,187,0.8168449197860963,0.006045300309124164,0.0016521892115850486,54.768844221105525,54.768844221105525,3072,0.964767409854115,64.453125,0.6202935576438904,0.845,0.19607843137254902,0.045871559633027525,0.3155963302752294,0.26972477064220185,100,0.5025125628140703,100,196,0.9849246231155779,476,198,0.9949748743718593,929
1,casp3,rabvs_budgeted_reliable_no_density,10899,199,0.018258555830810166,2560,187,0.8168449197860963,0.006045300309124164,0.0016521892115850486,54.768844221105525,54.768844221105525,3072,0.964767409854115,64.12760416666667,0.6156132817268372,0.847,0.18921775898520085,0.045871559633027525,0.3155963302752294,0.26972477064220185,100,0.5025125628140703,100,196,0.9849246231155779,493,197,0.9899497487437185,992
2,casp3,greedy_surrogate,10899,199,0.018258555830810166,2560,197,0.8638959390862944,0.004222742447384069,0.0013107424707079732,54.768844221105525,54.768844221105525,87192,0.0,2.2593815946417104,0.6229186654090881,0.534,0.19801980198019803,0.05137614678899083,0.3100917431192661,0.25871559633027524,100,0.5025125628140703,100,197,0.9899497487437185,478,197,0.9899497487437185,906
2,casp3,boba_ucb,10899,199,0.018258555830810166,2560,185,0.8523648648648648,0.0033020530984682324,0.001703737895115835,54.768844221105525,54.768844221105525,3072,0.964767409854115,62.82552083333333,0.604442834854126,0.497,0.1940463065049614,0.045871559633027525,0.3100917431192661,0.26422018348623855,100,0.5025125628140703,100,192,0.964824120603015,472,193,0.9698492462311558,917
2,casp3,rabvs_budgeted_reliable,10899,199,0.018258555830810166,2560,185,0.8523648648648648,0.0033020530984682324,0.001703737895115835,54.768844221105525,54.768844221105525,3072,0.964767409854115,62.174479166666664,0.5977397561073303,0.874,0.1858974358974359,0.045871559633027525,0.3100917431192661,0.26422018348623855,100,0.5025125628140703,100,190,0.9547738693467337,497,191,0.9597989949748744,997
2,casp3,rabvs_budgeted_reliable_q50,10899,199,0.018258555830810166,2560,185,0.8523648648648648,0.0033020530984682324,0.001703737895115835,54.768844221105525,54.768844221105525,3072,0.964767409854115,62.174479166666664,0.6006897687911987,0.883,0.18851570964247022,0.045871559633027525,0.3100917431192661,0.26422018348623855,100,0.5025125628140703,100,190,0.9547738693467337,497,191,0.9597989949748744,997
2,casp3,rabvs_budgeted_reliable_q90,10899,199,0.018258555830810166,2560,185,0.8523648648648648,0.0033020530984682324,0.001703737895115835,54.768844221105525,54.768844221105525,3072,0.964767409854115,62.5,0.5993337631225586,0.871,0.18676627534685167,0.045871559633027525,0.3100917431192661,0.26422018348623855,100,0.5025125628140703,100,190,0.9547738693467337,497,192,0.964824120603015,997
2,casp3,rabvs_budgeted_reliable_no_alert,10899,199,0.018258555830810166,2560,185,0.8523648648648648,0.0033020530984682324,0.001703737895115835,54.768844221105525,54.768844221105525,3072,0.964767409854115,62.82552083333333,0.5959030389785767,0.525,0.18783351120597652,0.045871559633027525,0.3100917431192661,0.26422018348623855,100,0.5025125628140703,100,192,0.964824120603015,494,193,0.9698492462311558,990
2,casp3,rabvs_budgeted_reliable_no_novelty,10899,199,0.018258555830810166,2560,185,0.8523648648648648,0.0033020530984682324,0.001703737895115835,54.768844221105525,54.768844221105525,3072,0.964767409854115,62.174479166666664,0.6020503044128418,0.862,0.19141914191419143,0.045871559633027525,0.3100917431192661,0.26422018348623855,100,0.5025125628140703,100,190,0.9547738693467337,478,191,0.9597989949748744,927
2,casp3,rabvs_budgeted_reliable_no_density,10899,199,0.018258555830810166,2560,185,0.8523648648648648,0.0033020530984682324,0.001703737895115835,54.768844221105525,54.768844221105525,3072,0.964767409854115,62.5,0.6003615260124207,0.869,0.18636847710330137,0.045871559633027525,0.3100917431192661,0.26422018348623855,100,0.5025125628140703,100,190,0.9547738693467337,497,192,0.964824120603015,997
0,cdk2,greedy_surrogate,28324,474,0.01673492444569976,2560,415,0.7293674698795181,0.01217757695448563,0.00933624205232409,57.62115732368897,52.153896617017786,226592,0.0,1.7299816410111568,0.5811141133308411,0.542,0.39215686274509803,0.06916019760056458,0.2323446327683616,0.16318443516779702,97,0.20464135021097046,100,335,0.7067510548523207,485,392,0.8270042194092827,940
0,cdk2,boba_ucb,28324,474,0.01673492444569976,2560,335,0.6944029850746268,0.012593001794913832,0.009816910918904933,55.48704038577456,54.054241028164185,4096,0.9819234571388222,93.017578125,0.5770513415336609,0.594,0.38477580813347234,0.07268877911079746,0.22245762711864406,0.1497688480078466,96,0.20253164556962025,100,339,0.7151898734177216,493,381,0.8037974683544303,945
0,cdk2,rabvs_budgeted_reliable,28324,474,0.01673492444569976,2560,335,0.6944029850746268,0.012593001794913832,0.009816910918904933,57.62115732368897,54.68768916521298,4096,0.9819234571388222,93.26171875,0.5751906633377075,0.6659999999999999,0.381198347107438,0.07268877911079746,0.22245762711864406,0.1497688480078466,98,0.20675105485232068,100,340,0.7172995780590717,493,382,0.8059071729957806,963
0,cdk2,rabvs_budgeted_reliable_q50,28324,474,0.01673492444569976,2560,335,0.6944029850746268,0.012593001794913832,0.009816910918904933,57.62115732368897,54.68768916521298,4096,0.9819234571388222,93.017578125,0.5751784443855286,0.6699999999999999,0.38134715025906735,0.07268877911079746,0.22245762711864406,0.1497688480078466,98,0.20675105485232068,100,343,0.7236286919831224,493,381,0.8037974683544303,962
0,cdk2,rabvs_budgeted_reliable_q90,28324,474,0.01673492444569976,2560,335,0.6944029850746268,0.012593001794913832,0.009816910918904933,57.62115732368897,54.68768916521298,4096,0.9819234571388222,93.26171875,0.5757967829704285,0.667,0.38183694530443757,0.07268877911079746,0.22245762711864406,0.1497688480078466,98,0.20675105485232068,100,340,0.7172995780590717,493,382,0.8059071729957806,964
0,cdk2,rabvs_budgeted_reliable_no_alert,28324,474,0.01673492444569976,2560,335,0.6944029850746268,0.012593001794913832,0.009816910918904933,55.48704038577456,54.47653978619672,4096,0.9819234571388222,93.017578125,0.5756643414497375,0.597,0.38134715025906735,0.07268877911079746,0.22245762711864406,0.1497688480078466,96,0.20253164556962025,100,341,0.7194092827004219,494,381,0.8037974683544303,956
0,cdk2,rabvs_budgeted_reliable_no_novelty,28324,474,0.01673492444569976,2560,335,0.6944029850746268,0.012593001794913832,0.009816910918904933,57.62115732368897,54.47653978619672,4096,0.9819234571388222,92.28515625,0.5773120522499084,0.663,0.38006230529595014,0.07268877911079746,0.22245762711864406,0.1497688480078466,98,0.20675105485232068,100,339,0.7151898734177216,491,378,0.7974683544303798,944
0,cdk2,rabvs_budgeted_reliable_no_density,28324,474,0.01673492444569976,2560,335,0.6944029850746268,0.012593001794913832,0.009816910918904933,57.62115732368897,54.68768916521298,4096,0.9819234571388222,92.7734375,0.5762325525283813,0.6679999999999999,0.37899073120494337,0.07268877911079746,0.22245762711864406,0.1497688480078466,98,0.20675105485232068,100,340,0.7172995780590717,493,380,0.8016877637130801,965
1,cdk2,greedy_surrogate,28324,474,0.01673492444569976,2560,412,0.6758191747572816,0.011742456387242087,0.00914333009827416,57.62115732368897,51.942747238001516,226592,0.0,1.7299816410111568,0.5826226472854614,0.558,0.39334027055150883,0.07410021171489062,0.2330508474576271,0.1589506357427365,96,0.20253164556962025,100,331,0.6983122362869199,490,392,0.8270042194092827,950
1,cdk2,boba_ucb,28324,474,0.01673492444569976,2560,316,0.6026503164556962,0.008659379988413434,0.009006091528640592,59.755274261603375,53.42079289111538,4096,0.9819234571388222,90.33203125,0.5806310772895813,0.5549999999999999,0.3704474505723205,0.07692307692307693,0.21398305084745764,0.1370599739243807,96,0.20253164556962025,100,326,0.6877637130801688,494,370,0.7805907172995781,955
1,cdk2,rabvs_budgeted_reliable,28324,474,0.01673492444569976,2560,316,0.6026503164556962,0.008659379988413434,0.009006091528640592,59.755274261603375,53.42079289111538,4096,0.9819234571388222,92.529296875,0.5774176716804504,0.654,0.37681159420289856,0.07692307692307693,0.21398305084745764,0.1370599739243807,96,0.20253164556962025,100,328,0.6919831223628692,495,379,0.79957805907173,973
1,cdk2,rabvs_budgeted_reliable_q50,28324,474,0.01673492444569976,2560,316,0.6026503164556962,0.008659379988413434,0.009006091528640592,59.755274261603375,53.63194227013165,4096,0.9819234571388222,92.28515625,0.5772894024848938,0.6579999999999999,0.37694704049844235,0.07692307692307693,0.21398305084745764,0.1370599739243807,96,0.20253164556962025,100,332,0.70042194092827,494,378,0.7974683544303798,974
1,cdk2,rabvs_budgeted_reliable_q90,28324,474,0.01673492444569976,2560,316,0.6026503164556962,0.008659379988413434,0.009006091528640592,59.755274261603375,53.42079289111538,4096,0.9819234571388222,92.7734375,0.5780503749847412,0.652,0.3778467908902691,0.07692307692307693,0.21398305084745764,0.1370599739243807,96,0.20253164556962025,100,327,0.689873417721519,494,380,0.8016877637130801,972
1,cdk2,rabvs_budgeted_reliable_no_alert,28324,474,0.01673492444569976,2560,316,0.6026503164556962,0.008659379988413434,0.009006091528640592,59.755274261603375,53.843091649147915,4096,0.9819234571388222,92.529296875,0.5786175727844238,0.581,0.3778467908902691,0.07692307692307693,0.21398305084745764,0.1370599739243807,97,0.20464135021097046,100,327,0.689873417721519,495,379,0.79957805907173,971
1,cdk2,rabvs_budgeted_reliable_no_novelty,28324,474,0.01673492444569976,2560,316,0.6026503164556962,0.008659379988413434,0.009006091528640592,59.755274261603375,53.20964351209912,4096,0.9819234571388222,91.30859375,0.5793924927711487,0.647,0.37656903765690375,0.07692307692307693,0.21398305084745764,0.1370599739243807,96,0.20253164556962025,100,324,0.6835443037974683,490,374,0.7890295358649789,958
1,cdk2,rabvs_budgeted_reliable_no_density,28324,474,0.01673492444569976,2560,316,0.6026503164556962,0.008659379988413434,0.009006091528640592,59.755274261603375,53.42079289111538,4096,0.9819234571388222,92.28515625,0.5782483220100403,0.649,0.3764219234746639,0.07692307692307693,0.21398305084745764,0.1370599739243807,96,0.20253164556962025,100,327,0.689873417721519,494,378,0.7974683544303798,971
2,cdk2,greedy_surrogate,28324,474,0.01673492444569976,2560,388,0.7607925257731959,0.006793544012269148,0.00821305959207965,59.755274261603375,55.10998792324551,226592,0.0,1.6726098008755825,0.5730240941047668,0.61,0.3831578947368421,0.06492589978828511,0.21680790960451976,0.15188200981623465,96,0.20253164556962025,100,343,0.7236286919831224,486,379,0.79957805907173,924
2,cdk2,boba_ucb,28324,474,0.01673492444569976,2560,328,0.7219893292682927,0.006689752835107314,0.00853887055178433,59.755274261603375,54.47653978619672,4096,0.9819234571388222,90.8203125,0.5754126906394958,0.594,0.3746065057712487,0.07127734650670431,0.21045197740112995,0.13917463089442564,97,0.20464135021097046,100,329,0.6940928270042194,491,372,0.7848101265822784,941
2,cdk2,rabvs_budgeted_reliable,28324,474,0.01673492444569976,2560,328,0.7219893292682927,0.006689752835107314,0.00853887055178433,59.755274261603375,55.32113730226178,4096,0.9819234571388222,91.552734375,0.5741217136383057,0.69,0.37228541882109617,0.07127734650670431,0.21045197740112995,0.13917463089442564,97,0.20464135021097046,100,333,0.7025316455696202,494,375,0.7911392405063291,969
2,cdk2,rabvs_budgeted_reliable_q50,28324,474,0.01673492444569976,2560,328,0.7219893292682927,0.006689752835107314,0.00853887055178433,59.755274261603375,55.10998792324551,4096,0.9819234571388222,91.064453125,0.5741490125656128,0.6970000000000001,0.3703319502074689,0.07127734650670431,0.21045197740112995,0.13917463089442564,97,0.20464135021097046,100,332,0.70042194092827,492,373,0.7869198312236287,969
2,cdk2,rabvs_budgeted_reliable_q90,28324,474,0.01673492444569976,2560,328,0.7219893292682927,0.006689752835107314,0.00853887055178433,59.755274261603375,55.10998792324551,4096,0.9819234571388222,91.30859375,0.5739659070968628,0.692,0.37125129265770423,0.07127734650670431,0.21045197740112995,0.13917463089442564,97,0.20464135021097046,100,334,0.7046413502109705,494,374,0.7890295358649789,970
2,cdk2,rabvs_budgeted_reliable_no_alert,28324,474,0.01673492444569976,2560,328,0.7219893292682927,0.006689752835107314,0.00853887055178433,59.755274261603375,55.10998792324551,4096,0.9819234571388222,91.064453125,0.5751879811286926,0.598,0.37175493250259606,0.07127734650670431,0.21045197740112995,0.13917463089442564,97,0.20464135021097046,100,328,0.6919831223628692,494,373,0.7869198312236287,967
2,cdk2,rabvs_budgeted_reliable_no_novelty,28324,474,0.01673492444569976,2560,328,0.7219893292682927,0.006689752835107314,0.00853887055178433,59.755274261603375,55.10998792324551,4096,0.9819234571388222,90.576171875,0.5760982632637024,0.69,0.37160751565762007,0.07127734650670431,0.21045197740112995,0.13917463089442564,97,0.20464135021097046,100,330,0.6962025316455697,491,371,0.7827004219409283,939
2,cdk2,rabvs_budgeted_reliable_no_density,28324,474,0.01673492444569976,2560,328,0.7219893292682927,0.006689752835107314,0.00853887055178433,59.755274261603375,55.10998792324551,4096,0.9819234571388222,91.30859375,0.5740382671356201,0.6930000000000001,0.37125129265770423,0.07127734650670431,0.21045197740112995,0.13917463089442564,97,0.20464135021097046,100,334,0.7046413502109705,494,374,0.7890295358649789,970
0,comt,greedy_surrogate,3891,41,0.010537136982780776,2560,41,0.875,0.0018874940067838577,0.00013768431285362818,94.90243902439025,94.90243902439025,31128,0.0,1.317142122847597,0.6865965127944946,0.385,0.012012012012012012,0.005128205128205128,0.20512820512820512,0.19999999999999998,41,1.0,58,41,1.0,375,41,1.0,712
0,comt,boba_ucb,3891,41,0.010537136982780776,2560,41,0.875,0.0022250724531724824,0.00015165760413933987,94.90243902439025,94.90243902439025,2715,0.9127794911333847,15.101289134438307,0.6905020475387573,0.395,0.012195121951219513,0.005128205128205128,0.20512820512820512,0.19999999999999998,41,1.0,56,41,1.0,372,41,1.0,705
0,comt,rabvs_budgeted_reliable,3891,41,0.010537136982780776,2560,41,0.875,0.0022250724531724824,0.00015165760413933987,94.90243902439025,94.90243902439025,2715,0.9127794911333847,15.101289134438307,0.6802667379379272,0.95,0.01015228426395939,0.005128205128205128,0.20512820512820512,0.19999999999999998,41,1.0,71,41,1.0,471,41,1.0,948
0,comt,rabvs_budgeted_reliable_q50,3891,41,0.010537136982780776,2560,41,0.875,0.0022250724531724824,0.00015165760413933987,94.90243902439025,94.90243902439025,2715,0.9127794911333847,15.101289134438307,0.6893523335456848,0.771,0.010899182561307902,0.005128205128205128,0.20512820512820512,0.19999999999999998,41,1.0,71,41,1.0,471,41,1.0,845
0,comt,rabvs_budgeted_reliable_q90,3891,41,0.010537136982780776,2560,41,0.875,0.0022250724531724824,0.00015165760413933987,94.90243902439025,94.90243902439025,2715,0.9127794911333847,15.101289134438307,0.6758504509925842,0.952,0.009708737864077669,0.005128205128205128,0.20512820512820512,0.19999999999999998,41,1.0,71,41,1.0,471,41,1.0,971
0,comt,rabvs_budgeted_reliable_no_alert,3891,41,0.010537136982780776,2560,41,0.875,0.0022250724531724824,0.00015165760413933987,94.90243902439025,94.90243902439025,2715,0.9127794911333847,15.101289134438307,0.6826521158218384,0.46099999999999997,0.009696969696969697,0.005128205128205128,0.20512820512820512,0.19999999999999998,41,1.0,70,41,1.0,470,41,1.0,970
0,comt,rabvs_budgeted_reliable_no_novelty,3891,41,0.010537136982780776,2560,41,0.875,0.0022250724531724824,0.00015165760413933987,94.90243902439025,94.90243902439025,2715,0.9127794911333847,15.101289134438307,0.6850584149360657,0.951,0.012718600953895072,0.005128205128205128,0.20512820512820512,0.19999999999999998,41,1.0,63,41,1.0,352,41,1.0,685
0,comt,rabvs_budgeted_reliable_no_density,3891,41,0.010537136982780776,2560,41,0.875,0.0022250724531724824,0.00015165760413933987,94.90243902439025,94.90243902439025,2715,0.9127794911333847,15.101289134438307,0.6753835082054138,0.952,0.009626955475330927,0.005128205128205128,0.20512820512820512,0.19999999999999998,41,1.0,71,41,1.0,471,41,1.0,971
1,comt,greedy_surrogate,3891,41,0.010537136982780776,2560,41,0.875,0.0017678927371342474,0.000135318742638216,94.90243902439025,94.90243902439025,31128,0.0,1.317142122847597,0.6820715665817261,0.387,0.01361573373676248,0.015384615384615385,0.19487179487179487,0.1794871794871795,41,1.0,60,41,1.0,372,41,1.0,707
1,comt,boba_ucb,3891,41,0.010537136982780776,2560,41,0.8689024390243902,0.002059613685197262,0.00013570710930648928,94.90243902439025,94.90243902439025,2715,0.9127794911333847,15.101289134438307,0.6862176060676575,0.395,0.013975155279503106,0.015384615384615385,0.19487179487179487,0.1794871794871795,41,1.0,55,41,1.0,362,41,1.0,698
1,comt,rabvs_budgeted_reliable,3891,41,0.010537136982780776,2560,41,0.8689024390243902,0.002059613685197262,0.00013570710930648928,94.90243902439025,94.90243902439025,2715,0.9127794911333847,15.101289134438307,0.6799331903457642,0.95,0.011421319796954314,0.015384615384615385,0.19487179487179487,0.1794871794871795,41,1.0,71,41,1.0,471,41,1.0,944
1,comt,rabvs_budgeted_reliable_q50,3891,41,0.010537136982780776,2560,41,0.8689024390243902,0.002059613685197262,0.00013570710930648928,94.90243902439025,94.90243902439025,2715,0.9127794911333847,15.101289134438307,0.689983069896698,0.755,0.011968085106382979,0.015384615384615385,0.19487179487179487,0.1794871794871795,41,1.0,71,41,1.0,471,41,1.0,856
1,comt,rabvs_budgeted_reliable_q90,3891,41,0.010537136982780776,2560,41,0.8689024390243902,0.002059613685197262,0.00013570710930648928,94.90243902439025,94.90243902439025,2715,0.9127794911333847,15.101289134438307,0.6752621531486511,0.955,0.010727056019070322,0.015384615384615385,0.19487179487179487,0.1794871794871795,41,1.0,71,41,1.0,471,41,1.0,971
1,comt,rabvs_budgeted_reliable_no_alert,3891,41,0.010537136982780776,2560,41,0.8689024390243902,0.002059613685197262,0.00013570710930648928,94.90243902439025,94.90243902439025,2715,0.9127794911333847,15.101289134438307,0.6826093792915344,0.45999999999999996,0.010804321728691477,0.015384615384615385,0.19487179487179487,0.1794871794871795,41,1.0,71,41,1.0,471,41,1.0,971
1,comt,rabvs_budgeted_reliable_no_novelty,3891,41,0.010537136982780776,2560,41,0.8689024390243902,0.002059613685197262,0.00013570710930648928,94.90243902439025,94.90243902439025,2715,0.9127794911333847,15.101289134438307,0.6854540109634399,0.954,0.014285714285714285,0.015384615384615385,0.19487179487179487,0.1794871794871795,41,1.0,61,41,1.0,346,41,1.0,680
1,comt,rabvs_budgeted_reliable_no_density,3891,41,0.010537136982780776,2560,41,0.8689024390243902,0.002059613685197262,0.00013570710930648928,94.90243902439025,94.90243902439025,2715,0.9127794911333847,15.101289134438307,0.6748024821281433,0.955,0.010575793184488837,0.015384615384615385,0.19487179487179487,0.1794871794871795,41,1.0,71,41,1.0,471,41,1.0,971
2,comt,greedy_surrogate,3891,41,0.010537136982780776,2560,41,0.875,0.0017732556909400635,0.00011815460456858876,94.90243902439025,94.90243902439025,31128,0.0,1.317142122847597,0.6895937919616699,0.405,0.010542168674698794,0.005128205128205128,0.20512820512820512,0.19999999999999998,41,1.0,57,41,1.0,378,41,1.0,724
2,comt,boba_ucb,3891,41,0.010537136982780776,2560,41,0.875,0.0021666770619584155,0.00016959129290589693,94.90243902439025,94.90243902439025,2715,0.9127794911333847,15.101289134438307,0.6955322027206421,0.41700000000000004,0.01046337817638266,0.005128205128205128,0.20512820512820512,0.19999999999999998,41,1.0,57,41,1.0,386,41,1.0,722
2,comt,rabvs_budgeted_reliable,3891,41,0.010537136982780776,2560,41,0.875,0.0021666770619584155,0.00016959129290589693,94.90243902439025,94.90243902439025,2715,0.9127794911333847,15.101289134438307,0.6803881525993347,0.948,0.008974358974358974,0.005128205128205128,0.20512820512820512,0.19999999999999998,41,1.0,71,41,1.0,471,41,1.0,948
2,comt,rabvs_budgeted_reliable_q50,3891,41,0.010537136982780776,2560,41,0.875,0.0021666770619584155,0.00016959129290589693,94.90243902439025,94.90243902439025,2715,0.9127794911333847,15.101289134438307,0.6891295313835144,0.768,0.009668508287292817,0.005128205128205128,0.20512820512820512,0.19999999999999998,41,1.0,71,41,1.0,471,41,1.0,841
2,comt,rabvs_budgeted_reliable_q90,3891,41,0.010537136982780776,2560,41,0.875,0.0021666770619584155,0.00016959129290589693,94.90243902439025,94.90243902439025,2715,0.9127794911333847,15.101289134438307,0.676746129989624,0.952,0.00851581508515815,0.005128205128205128,0.20512820512820512,0.19999999999999998,41,1.0,71,41,1.0,471,41,1.0,971
2,comt,rabvs_budgeted_reliable_no_alert,3891,41,0.010537136982780776,2560,41,0.875,0.0021666770619584155,0.00016959129290589693,94.90243902439025,94.90243902439025,2715,0.9127794911333847,15.101289134438307,0.6839752793312073,0.472,0.008373205741626795,0.005128205128205128,0.20512820512820512,0.19999999999999998,41,1.0,71,41,1.0,471,41,1.0,971
2,comt,rabvs_budgeted_reliable_no_novelty,3891,41,0.010537136982780776,2560,41,0.875,0.0021666770619584155,0.00016959129290589693,94.90243902439025,94.90243902439025,2715,0.9127794911333847,15.101289134438307,0.6879098415374756,0.95,0.01129032258064516,0.005128205128205128,0.20512820512820512,0.19999999999999998,41,1.0,66,41,1.0,364,41,1.0,692
2,comt,rabvs_budgeted_reliable_no_density,3891,41,0.010537136982780776,2560,41,0.875,0.0021666770619584155,0.00016959129290589693,94.90243902439025,94.90243902439025,2715,0.9127794911333847,15.101289134438307,0.6762363910675049,0.952,0.008413461538461538,0.005128205128205128,0.20512820512820512,0.19999999999999998,41,1.0,71,41,1.0,471,41,1.0,971
0,cp2c9,greedy_surrogate,7570,120,0.015852047556142668,2560,116,0.7661637931034483,0.030178372115938563,0.01595387860156015,55.19791666666667,52.29276315789474,60560,0.0,1.915455746367239,0.6141663789749146,0.53,0.11934673366834171,0.08443271767810026,0.2222222222222222,0.13778950454412195,74,0.6166666666666667,88,116,0.9666666666666667,426,116,0.9666666666666667,818
0,cp2c9,boba_ucb,7570,120,0.015852047556142668,2560,102,0.7634803921568627,0.02369618992916533,0.013137819081298685,63.083333333333336,52.29276315789474,2816,0.9535006605019815,39.77272727272727,0.6203706860542297,0.5349999999999999,0.10963855421686747,0.09234828496042216,0.20105820105820105,0.10870991609777889,76,0.6333333333333333,88,109,0.9083333333333333,430,112,0.9333333333333333,854
0,cp2c9,rabvs_budgeted_reliable,7570,120,0.015852047556142668,2560,102,0.7634803921568627,0.02369618992916533,0.013137819081298685,55.19791666666667,52.29276315789474,2816,0.9535006605019815,40.127840909090914,0.6183687448501587,0.793,0.10478359908883828,0.09234828496042216,0.20105820105820105,0.10870991609777889,74,0.6166666666666667,91,110,0.9166666666666666,451,113,0.9416666666666667,940
0,cp2c9,rabvs_budgeted_reliable_q50,7570,120,0.015852047556142668,2560,102,0.7634803921568627,0.02369618992916533,0.013137819081298685,55.19791666666667,52.29276315789474,2816,0.9535006605019815,39.0625,0.6228575706481934,0.813,0.10360884749708964,0.09234828496042216,0.20105820105820105,0.10870991609777889,74,0.6166666666666667,91,108,0.9,455,110,0.9166666666666666,946
0,cp2c9,rabvs_budgeted_reliable_q90,7570,120,0.015852047556142668,2560,102,0.7634803921568627,0.02369618992916533,0.013137819081298685,55.19791666666667,52.29276315789474,2816,0.9535006605019815,40.127840909090914,0.615705132484436,0.783,0.103954802259887,0.09234828496042216,0.20105820105820105,0.10870991609777889,73,0.6083333333333333,91,111,0.925,454,113,0.9416666666666667,940
0,cp2c9,rabvs_budgeted_reliable_no_alert,7570,120,0.015852047556142668,2560,102,0.7634803921568627,0.02369618992916533,0.013137819081298685,55.19791666666667,49.80263157894737,2816,0.9535006605019815,39.41761363636364,0.6166077256202698,0.5569999999999999,0.10273972602739725,0.09234828496042216,0.20105820105820105,0.10870991609777889,77,0.6416666666666667,88,110,0.9166666666666666,454,111,0.925,929
0,cp2c9,rabvs_budgeted_reliable_no_novelty,7570,120,0.015852047556142668,2560,102,0.7634803921568627,0.02369618992916533,0.013137819081298685,63.083333333333336,53.952850877192986,2816,0.9535006605019815,39.41761363636364,0.6213122606277466,0.773,0.10962241169305725,0.09234828496042216,0.20105820105820105,0.10870991609777889,77,0.6416666666666667,88,110,0.9166666666666666,437,111,0.925,847
0,cp2c9,rabvs_budgeted_reliable_no_density,7570,120,0.015852047556142668,2560,102,0.7634803921568627,0.02369618992916533,0.013137819081298685,55.19791666666667,52.29276315789474,2816,0.9535006605019815,40.48295454545455,0.6152536869049072,0.776,0.10496613995485328,0.09234828496042216,0.20105820105820105,0.10870991609777889,73,0.6083333333333333,91,111,0.925,455,114,0.95,939
1,cp2c9,greedy_surrogate,7570,120,0.015852047556142668,2560,115,0.7945652173913044,0.023874918267781764,0.012745169641096848,63.083333333333336,53.122807017543856,60560,0.0,1.8659180977542933,0.6218671202659607,0.5409999999999999,0.11193111931119311,0.079155672823219,0.21957671957671956,0.14042104675350056,81,0.675,85,113,0.9416666666666667,420,113,0.9416666666666667,814
1,cp2c9,boba_ucb,7570,120,0.015852047556142668,2560,97,0.779639175257732,0.01592089385487149,0.010298360635036722,63.083333333333336,53.952850877192986,2816,0.9535006605019815,38.70738636363636,0.6155262589454651,0.5609999999999999,0.10640870616686819,0.10817941952506596,0.1746031746031746,0.06642375507810863,77,0.6416666666666667,87,106,0.8833333333333333,440,109,0.9083333333333333,825
1,cp2c9,rabvs_budgeted_reliable,7570,120,0.015852047556142668,2560,97,0.779639175257732,0.01592089385487149,0.010298360635036722,63.083333333333336,53.952850877192986,2816,0.9535006605019815,38.35227272727273,0.612896203994751,0.848,0.09698996655518395,0.10817941952506596,0.1746031746031746,0.06642375507810863,76,0.6333333333333333,88,105,0.875,465,108,0.9,958
1,cp2c9,rabvs_budgeted_reliable_q50,7570,120,0.015852047556142668,2560,97,0.779639175257732,0.01592089385487149,0.010298360635036722,63.083333333333336,53.952850877192986,2816,0.9535006605019815,36.221590909090914,0.6182262897491455,0.863,0.09194097616345062,0.10817941952506596,0.1746031746031746,0.06642375507810863,76,0.6333333333333333,88,101,0.8416666666666667,465,102,0.85,960
1,cp2c9,rabvs_budgeted_reliable_q90,7570,120,0.015852047556142668,2560,97,0.779639175257732,0.01592089385487149,0.010298360635036722,63.083333333333336,53.952850877192986,2816,0.9535006605019815,39.0625,0.6107396483421326,0.845,0.09899888765294772,0.10817941952506596,0.1746031746031746,0.06642375507810863,76,0.6333333333333333,88,106,0.8833333333333333,464,110,0.9166666666666666,956
1,cp2c9,rabvs_budgeted_reliable_no_alert,7570,120,0.015852047556142668,2560,97,0.779639175257732,0.01592089385487149,0.010298360635036722,63.083333333333336,53.122807017543856,2816,0.9535006605019815,37.997159090909086,0.609352171421051,0.602,0.09764309764309764,0.10817941952506596,0.1746031746031746,0.06642375507810863,74,0.6166666666666667,87,104,0.8666666666666667,464,107,0.8916666666666667,948
1,cp2c9,rabvs_budgeted_reliable_no_novelty,7570,120,0.015852047556142668,2560,97,0.779639175257732,0.01592089385487149,0.010298360635036722,63.083333333333336,54.78289473684211,2816,0.9535006605019815,37.997159090909086,0.6157146692276001,0.829,0.10475030450669914,0.10817941952506596,0.1746031746031746,0.06642375507810863,78,0.65,85,106,0.8833333333333333,434,107,0.8916666666666667,844
1,cp2c9,rabvs_budgeted_reliable_no_density,7570,120,0.015852047556142668,2560,97,0.779639175257732,0.01592089385487149,0.010298360635036722,63.083333333333336,53.952850877192986,2816,0.9535006605019815,39.0625,0.6112465858459473,0.844,0.09899888765294772,0.10817941952506596,0.1746031746031746,0.06642375507810863,76,0.6333333333333333,88,106,0.8833333333333333,464,110,0.9166666666666666,956
2,cp2c9,greedy_surrogate,7570,120,0.015852047556142668,2560,117,0.7419871794871795,0.02631133817034421,0.013560935950469878,63.083333333333336,53.122807017543856,60560,0.0,1.8989431968295905,0.6170077919960022,0.569,0.11151515151515151,0.07651715039577836,0.2275132275132275,0.15099607711744914,78,0.65,85,115,0.9583333333333334,423,115,0.9583333333333334,816
2,cp2c9,boba_ucb,7570,120,0.015852047556142668,2560,101,0.7530940594059405,0.02331325956982784,0.012495935906438793,63.083333333333336,52.29276315789474,2816,0.9535006605019815,40.127840909090914,0.6188325881958008,0.56,0.11290322580645161,0.0870712401055409,0.2037037037037037,0.11663246359816279,75,0.625,86,108,0.9,421,113,0.9416666666666667,824
2,cp2c9,rabvs_budgeted_reliable,7570,120,0.015852047556142668,2560,101,0.7530940594059405,0.02331325956982784,0.012495935906438793,55.19791666666667,50.6326754385965,2816,0.9535006605019815,39.0625,0.6141613125801086,0.798,0.1004566210045662,0.0870712401055409,0.2037037037037037,0.11663246359816279,71,0.5916666666666667,89,107,0.8916666666666667,454,110,0.9166666666666666,932
2,cp2c9,rabvs_budgeted_reliable_q50,7570,120,0.015852047556142668,2560,101,0.7530940594059405,0.02331325956982784,0.012495935906438793,55.19791666666667,51.46271929824562,2816,0.9535006605019815,36.93181818181819,0.6179584860801697,0.823,0.09534883720930233,0.0870712401055409,0.2037037037037037,0.11663246359816279,71,0.5916666666666667,89,102,0.85,452,104,0.8666666666666667,934
2,cp2c9,rabvs_budgeted_reliable_q90,7570,120,0.015852047556142668,2560,101,0.7530940594059405,0.02331325956982784,0.012495935906438793,55.19791666666667,50.6326754385965,2816,0.9535006605019815,40.127840909090914,0.6117925643920898,0.793,0.10352673492605233,0.0870712401055409,0.2037037037037037,0.11663246359816279,71,0.5916666666666667,89,109,0.9083333333333333,453,113,0.9416666666666667,929
2,cp2c9,rabvs_budgeted_reliable_no_alert,7570,120,0.015852047556142668,2560,101,0.7530940594059405,0.02331325956982784,0.012495935906438793,55.19791666666667,50.6326754385965,2816,0.9535006605019815,39.41761363636364,0.6142526865005493,0.583,0.10336817653890824,0.0870712401055409,0.2037037037037037,0.11663246359816279,73,0.6083333333333333,88,107,0.8916666666666667,451,111,0.925,914
2,cp2c9,rabvs_budgeted_reliable_no_novelty,7570,120,0.015852047556142668,2560,101,0.7530940594059405,0.02331325956982784,0.012495935906438793,63.083333333333336,52.29276315789474,2816,0.9535006605019815,39.0625,0.6167551279067993,0.764,0.10918114143920596,0.0870712401055409,0.2037037037037037,0.11663246359816279,75,0.625,85,107,0.8916666666666667,428,110,0.9166666666666666,832
2,cp2c9,rabvs_budgeted_reliable_no_density,7570,120,0.015852047556142668,2560,101,0.7530940594059405,0.02331325956982784,0.012495935906438793,55.19791666666667,50.6326754385965,2816,0.9535006605019815,40.127840909090914,0.612410306930542,0.793,0.10329171396140749,0.0870712401055409,0.2037037037037037,0.11663246359816279,71,0.5916666666666667,89,109,0.9083333333333333,454,113,0.9416666666666667,929
0,cp3a4,greedy_surrogate,11970,170,0.014202172096908938,2560,156,0.7504006410256411,0.02260457058247554,0.01314484949003946,70.41176470588236,53.39558823529412,95760,0.0,1.5873015873015872,0.6102375388145447,0.637,0.14945054945054945,0.08681135225375626,0.1688963210702341,0.08208496881647785,79,0.4647058823529412,99,150,0.8823529411764706,472,152,0.8941176470588236,897
0,cp3a4,boba_ucb,11970,170,0.014202172096908938,2560,135,0.6976851851851852,0.019296140564588157,0.012510943141606137,70.41176470588236,53.39558823529412,3072,0.9679197994987468,46.549479166666664,0.6046164631843567,0.657,0.13879781420765028,0.06176961602671119,0.17892976588628762,0.11716014985957643,84,0.49411764705882355,99,137,0.8058823529411765,476,143,0.8411764705882353,897
0,cp3a4,rabvs_budgeted_reliable,11970,170,0.014202172096908938,2560,135,0.6976851851851852,0.019296140564588157,0.012510943141606137,70.41176470588236,55.74264705882353,3072,0.9679197994987468,46.875,0.5988683700561523,0.793,0.13617021276595745,0.06176961602671119,0.17892976588628762,0.11716014985957643,86,0.5058823529411764,99,137,0.8058823529411765,488,144,0.8470588235294118,962
0,cp3a4,rabvs_budgeted_reliable_q50,11970,170,0.014202172096908938,2560,135,0.6976851851851852,0.019296140564588157,0.012510943141606137,70.41176470588236,56.32941176470589,3072,0.9679197994987468,45.572916666666664,0.6017526388168335,0.802,0.13333333333333333,0.06176961602671119,0.17892976588628762,0.11716014985957643,86,0.5058823529411764,99,135,0.7941176470588235,486,140,0.8235294117647058,961
0,cp3a4,rabvs_budgeted_reliable_q90,11970,170,0.014202172096908938,2560,135,0.6976851851851852,0.019296140564588157,0.012510943141606137,70.41176470588236,55.74264705882353,3072,0.9679197994987468,47.200520833333336,0.5982598066329956,0.787,0.1372340425531915,0.06176961602671119,0.17892976588628762,0.11716014985957643,86,0.5058823529411764,99,135,0.7941176470588235,488,145,0.8529411764705882,959
0,cp3a4,rabvs_budgeted_reliable_no_alert,11970,170,0.014202172096908938,2560,135,0.6976851851851852,0.019296140564588157,0.012510943141606137,70.41176470588236,54.569117647058825,3072,0.9679197994987468,46.549479166666664,0.5980710983276367,0.6719999999999999,0.13626609442060086,0.06176961602671119,0.17892976588628762,0.11716014985957643,84,0.49411764705882355,99,136,0.8,489,143,0.8411764705882353,954
0,cp3a4,rabvs_budgeted_reliable_no_novelty,11970,170,0.014202172096908938,2560,135,0.6976851851851852,0.019296140564588157,0.012510943141606137,70.41176470588236,55.15588235294118,3072,0.9679197994987468,45.572916666666664,0.602809727191925,0.782,0.13656387665198239,0.06176961602671119,0.17892976588628762,0.11716014985957643,85,0.5,99,135,0.7941176470588235,476,140,0.8235294117647058,908
0,cp3a4,rabvs_budgeted_reliable_no_density,11970,170,0.014202172096908938,2560,135,0.6976851851851852,0.019296140564588157,0.012510943141606137,70.41176470588236,55.74264705882353,3072,0.9679197994987468,47.200520833333336,0.5981080532073975,0.788,0.13708820403825717,0.06176961602671119,0.17892976588628762,0.11716014985957643,86,0.5058823529411764,99,135,0.7941176470588235,488,145,0.8529411764705882,959
1,cp3a4,greedy_surrogate,11970,170,0.014202172096908938,2560,156,0.7379807692307693,0.023257154258152064,0.01241122306079628,70.41176470588236,52.80882352941177,95760,0.0,1.5977443609022557,0.6127809882164001,0.654,0.15384615384615385,0.08013355592654424,0.17558528428093645,0.09545172835439221,77,0.45294117647058824,98,149,0.8764705882352941,475,153,0.9,900
1,cp3a4,boba_ucb,11970,170,0.014202172096908938,2560,133,0.6259398496240601,0.024506780285875485,0.01300032473359277,70.41176470588236,53.39558823529412,3072,0.9679197994987468,48.502604166666664,0.6091148257255554,0.6599999999999999,0.14631463146314633,0.08848080133555926,0.16220735785953178,0.07372655652397252,82,0.4823529411764706,99,139,0.8176470588235294,465,149,0.8764705882352941,901
1,cp3a4,rabvs_budgeted_reliable,11970,170,0.014202172096908938,2560,133,0.6259398496240601,0.024506780285875485,0.01300032473359277,70.41176470588236,54.569117647058825,3072,0.9679197994987468,48.177083333333336,0.6062015295028687,0.789,0.14193548387096774,0.08848080133555926,0.16220735785953178,0.07372655652397252,84,0.49411764705882355,100,135,0.7941176470588235,480,148,0.8705882352941177,943
1,cp3a4,rabvs_budgeted_reliable_q50,11970,170,0.014202172096908938,2560,133,0.6259398496240601,0.024506780285875485,0.01300032473359277,70.41176470588236,54.569117647058825,3072,0.9679197994987468,47.200520833333336,0.6098842620849609,0.789,0.14021739130434782,0.08848080133555926,0.16220735785953178,0.07372655652397252,84,0.49411764705882355,100,135,0.7941176470588235,482,145,0.8529411764705882,944
1,cp3a4,rabvs_budgeted_reliable_q90,11970,170,0.014202172096908938,2560,133,0.6259398496240601,0.024506780285875485,0.01300032473359277,70.41176470588236,53.98235294117648,3072,0.9679197994987468,49.153645833333336,0.6058984398841858,0.786,0.14453961456102785,0.08848080133555926,0.16220735785953178,0.07372655652397252,84,0.49411764705882355,100,137,0.8058823529411765,479,151,0.888235294117647,943
1,cp3a4,rabvs_budgeted_reliable_no_alert,11970,170,0.014202172096908938,2560,133,0.6259398496240601,0.024506780285875485,0.01300032473359277,70.41176470588236,54.569117647058825,3072,0.9679197994987468,47.8515625,0.6068862080574036,0.6659999999999999,0.1420824295010846,0.08848080133555926,0.16220735785953178,0.07372655652397252,84,0.49411764705882355,100,138,0.8117647058823529,477,147,0.8647058823529412,937
1,cp3a4,rabvs_budgeted_reliable_no_novelty,11970,170,0.014202172096908938,2560,133,0.6259398496240601,0.024506780285875485,0.01300032473359277,70.41176470588236,52.80882352941177,3072,0.9679197994987468,48.177083333333336,0.6104670166969299,0.769,0.14489571899012074,0.08848080133555926,0.16220735785953178,0.07372655652397252,82,0.4823529411764706,100,135,0.7941176470588235,472,148,0.8705882352941177,901
1,cp3a4,rabvs_budgeted_reliable_no_density,11970,170,0.014202172096908938,2560,133,0.6259398496240601,0.024506780285875485,0.01300032473359277,70.41176470588236,53.98235294117648,3072,0.9679197994987468,49.153645833333336,0.6061838865280151,0.786,0.1443850267379679,0.08848080133555926,0.16220735785953178,0.07372655652397252,84,0.49411764705882355,100,137,0.8058823529411765,478,151,0.888235294117647,942
2,cp3a4,greedy_surrogate,11970,170,0.014202172096908938,2560,154,0.7548701298701299,0.020418309214379586,0.01221798904732073,70.41176470588236,54.569117647058825,95760,0.0,1.5664160401002505,0.6099549531936646,0.64,0.14773980154355015,0.07512520868113523,0.17558528428093645,0.10046007559980122,81,0.4764705882352941,98,147,0.8647058823529412,474,150,0.8823529411764706,891
2,cp3a4,boba_ucb,11970,170,0.014202172096908938,2560,132,0.6245265151515151,0.0175796295135718,0.011783008349986804,64.54411764705883,54.569117647058825,3072,0.9679197994987468,45.8984375,0.5978877544403076,0.671,0.1358695652173913,0.07178631051752922,0.16722408026755853,0.09543776975002931,85,0.5,99,133,0.7823529411764706,475,141,0.8294117647058824,921
2,cp3a4,rabvs_budgeted_reliable,11970,170,0.014202172096908938,2560,132,0.6245265151515151,0.0175796295135718,0.011783008349986804,70.41176470588236,53.98235294117648,3072,0.9679197994987468,46.223958333333336,0.5899176001548767,0.8180000000000001,0.134185303514377,0.07178631051752922,0.16722408026755853,0.09543776975002931,84,0.49411764705882355,99,134,0.788235294117647,483,142,0.8352941176470589,971
2,cp3a4,rabvs_budgeted_reliable_q50,11970,170,0.014202172096908938,2560,132,0.6245265151515151,0.0175796295135718,0.011783008349986804,70.41176470588236,54.569117647058825,3072,0.9679197994987468,44.596354166666664,0.5929404497146606,0.841,0.12899786780383796,0.07178631051752922,0.16722408026755853,0.09543776975002931,84,0.49411764705882355,99,134,0.788235294117647,484,137,0.8058823529411765,971
2,cp3a4,rabvs_budgeted_reliable_q90,11970,170,0.014202172096908938,2560,132,0.6245265151515151,0.0175796295135718,0.011783008349986804,70.41176470588236,53.98235294117648,3072,0.9679197994987468,46.875,0.5907221436500549,0.8109999999999999,0.13660618996798293,0.07178631051752922,0.16722408026755853,0.09543776975002931,84,0.49411764705882355,99,133,0.7823529411764706,483,144,0.8470588235294118,967
2,cp3a4,rabvs_budgeted_reliable_no_alert,11970,170,0.014202172096908938,2560,132,0.6245265151515151,0.0175796295135718,0.011783008349986804,64.54411764705883,54.569117647058825,3072,0.9679197994987468,45.8984375,0.5923416018486023,0.685,0.13340448239060831,0.07178631051752922,0.16722408026755853,0.09543776975002931,86,0.5058823529411764,99,133,0.7823529411764706,483,141,0.8294117647058824,969
2,cp3a4,rabvs_budgeted_reliable_no_novelty,11970,170,0.014202172096908938,2560,132,0.6245265151515151,0.0175796295135718,0.011783008349986804,70.41176470588236,53.98235294117648,3072,0.9679197994987468,45.8984375,0.5951789617538452,0.81,0.1358695652173913,0.07178631051752922,0.16722408026755853,0.09543776975002931,84,0.49411764705882355,99,133,0.7823529411764706,478,141,0.8294117647058824,919
2,cp3a4,rabvs_budgeted_reliable_no_density,11970,170,0.014202172096908938,2560,132,0.6245265151515151,0.0175796295135718,0.011783008349986804,70.41176470588236,53.98235294117648,3072,0.9679197994987468,46.875,0.5914934277534485,0.804,0.13646055437100213,0.07178631051752922,0.16722408026755853,0.09543776975002931,84,0.49411764705882355,99,133,0.7823529411764706,483,144,0.8470588235294118,967
0,csf1r,greedy_surrogate,12315,166,0.013479496548924077,2560,163,0.8581288343558282,0.006434050789936251,0.0028826386167177757,74.1867469879518,73.58360270349691,98520,0.0,1.6544863987007714,0.608673095703125,0.61,0.16369710467706014,0.05357142857142857,0.21103896103896103,0.15746753246753245,100,0.6024096385542169,100,162,0.9759036144578314,478,163,0.9819277108433735,931
0,csf1r,boba_ucb,12315,166,0.013479496548924077,2560,157,0.8073248407643312,0.0066474038575493905,0.003133853867295994,74.1867469879518,74.1867469879518,3072,0.9688185140073081,52.734375,0.6079644560813904,0.598,0.16459977452085683,0.040584415584415584,0.2224025974025974,0.18181818181818182,100,0.6024096385542169,100,159,0.9578313253012049,475,162,0.9759036144578314,918
0,csf1r,rabvs_budgeted_reliable,12315,166,0.013479496548924077,2560,157,0.8073248407643312,0.0066474038575493905,0.003133853867295994,74.1867469879518,74.1867469879518,3072,0.9688185140073081,52.408854166666664,0.5976663827896118,0.881,0.15524625267665954,0.040584415584415584,0.2224025974025974,0.18181818181818182,100,0.6024096385542169,100,160,0.963855421686747,493,161,0.9698795180722891,992
0,csf1r,rabvs_budgeted_reliable_q50,12315,166,0.013479496548924077,2560,157,0.8073248407643312,0.0066474038575493905,0.003133853867295994,74.1867469879518,74.1867469879518,3072,0.9688185140073081,52.083333333333336,0.598543107509613,0.891,0.1553398058252427,0.040584415584415584,0.2224025974025974,0.18181818181818182,100,0.6024096385542169,100,159,0.9578313253012049,494,160,0.963855421686747,993
0,csf1r,rabvs_budgeted_reliable_q90,12315,166,0.013479496548924077,2560,157,0.8073248407643312,0.0066474038575493905,0.003133853867295994,74.1867469879518,74.1867469879518,3072,0.9688185140073081,52.408854166666664,0.5994548201560974,0.872,0.15524625267665954,0.040584415584415584,0.2224025974025974,0.18181818181818182,100,0.6024096385542169,100,160,0.963855421686747,491,161,0.9698795180722891,990
0,csf1r,rabvs_budgeted_reliable_no_alert,12315,166,0.013479496548924077,2560,157,0.8073248407643312,0.0066474038575493905,0.003133853867295994,74.1867469879518,74.1867469879518,3072,0.9688185140073081,52.734375,0.5997543334960938,0.599,0.15614973262032086,0.040584415584415584,0.2224025974025974,0.18181818181818182,100,0.6024096385542169,100,159,0.9578313253012049,493,162,0.9759036144578314,988
0,csf1r,rabvs_budgeted_reliable_no_novelty,12315,166,0.013479496548924077,2560,157,0.8073248407643312,0.0066474038575493905,0.003133853867295994,74.1867469879518,74.1867469879518,3072,0.9688185140073081,52.408854166666664,0.6039794087409973,0.88,0.15986769570011025,0.040584415584415584,0.2224025974025974,0.18181818181818182,100,0.6024096385542169,100,159,0.9578313253012049,477,161,0.9698795180722891,919
0,csf1r,rabvs_budgeted_reliable_no_density,12315,166,0.013479496548924077,2560,157,0.8073248407643312,0.0066474038575493905,0.003133853867295994,74.1867469879518,74.1867469879518,3072,0.9688185140073081,52.408854166666664,0.5993438363075256,0.872,0.15491452991452992,0.040584415584415584,0.2224025974025974,0.18181818181818182,100,0.6024096385542169,100,159,0.9578313253012049,491,161,0.9698795180722891,990
1,csf1r,greedy_surrogate,12315,166,0.013479496548924077,2560,163,0.8569785276073619,0.007483043117167069,0.003248709559137974,74.1867469879518,73.58360270349691,98520,0.0,1.6544863987007714,0.6134313941001892,0.5780000000000001,0.16048034934497818,0.05032467532467533,0.21428571428571427,0.16396103896103895,99,0.5963855421686747,100,163,0.9819277108433735,479,163,0.9819277108433735,936
1,csf1r,boba_ucb,12315,166,0.013479496548924077,2560,147,0.8316326530612245,0.008219914767693199,0.003931866191873642,74.1867469879518,72.98045841904202,3072,0.9688185140073081,52.734375,0.6127002239227295,0.5920000000000001,0.1609702315325248,0.05032467532467533,0.21428571428571427,0.16396103896103895,100,0.6024096385542169,100,159,0.9578313253012049,475,162,0.9759036144578314,920
1,csf1r,rabvs_budgeted_reliable,12315,166,0.013479496548924077,2560,147,0.8316326530612245,0.008219914767693199,0.003931866191873642,74.1867469879518,74.1867469879518,3072,0.9688185140073081,53.059895833333336,0.6034446954727173,0.84,0.15995647442872687,0.05032467532467533,0.21428571428571427,0.16396103896103895,100,0.6024096385542169,100,160,0.963855421686747,490,163,0.9819277108433735,986
1,csf1r,rabvs_budgeted_reliable_q50,12315,166,0.013479496548924077,2560,147,0.8316326530612245,0.008219914767693199,0.003931866191873642,74.1867469879518,74.1867469879518,3072,0.9688185140073081,52.408854166666664,0.6079956889152527,0.849,0.16057585825027684,0.05032467532467533,0.21428571428571427,0.16396103896103895,100,0.6024096385542169,100,160,0.963855421686747,490,161,0.9698795180722891,986
1,csf1r,rabvs_budgeted_reliable_q90,12315,166,0.013479496548924077,2560,147,0.8316326530612245,0.008219914767693199,0.003931866191873642,74.1867469879518,74.1867469879518,3072,0.9688185140073081,53.059895833333336,0.6020426154136658,0.836,0.15926327193932827,0.05032467532467533,0.21428571428571427,0.16396103896103895,100,0.6024096385542169,100,160,0.963855421686747,490,163,0.9819277108433735,986
1,csf1r,rabvs_budgeted_reliable_no_alert,12315,166,0.013479496548924077,2560,147,0.8316326530612245,0.008219914767693199,0.003931866191873642,74.1867469879518,72.98045841904202,3072,0.9688185140073081,52.734375,0.6058722734451294,0.5780000000000001,0.1588683351468988,0.05032467532467533,0.21428571428571427,0.16396103896103895,100,0.6024096385542169,100,160,0.963855421686747,490,162,0.9759036144578314,982
1,csf1r,rabvs_budgeted_reliable_no_novelty,12315,166,0.013479496548924077,2560,147,0.8316326530612245,0.008219914767693199,0.003931866191873642,74.1867469879518,74.1867469879518,3072,0.9688185140073081,53.059895833333336,0.6121735572814941,0.833,0.16424581005586592,0.05032467532467533,0.21428571428571427,0.16396103896103895,100,0.6024096385542169,100,160,0.963855421686747,475,163,0.9819277108433735,918
1,csf1r,rabvs_budgeted_reliable_no_density,12315,166,0.013479496548924077,2560,147,0.8316326530612245,0.008219914767693199,0.003931866191873642,74.1867469879518,74.1867469879518,3072,0.9688185140073081,53.385416666666664,0.6024495363235474,0.834,0.16017316017316016,0.05032467532467533,0.21428571428571427,0.16396103896103895,100,0.6024096385542169,100,161,0.9698795180722891,489,164,0.9879518072289156,985
2,csf1r,greedy_surrogate,12315,166,0.013479496548924077,2560,163,0.8554447852760736,0.006114088169332075,0.0027983128496124597,74.1867469879518,74.1867469879518,98520,0.0,1.6544863987007714,0.6110349893569946,0.612,0.15823466092572658,0.060064935064935064,0.20454545454545456,0.1444805194805195,100,0.6024096385542169,100,163,0.9819277108433735,477,163,0.9819277108433735,930
2,csf1r,boba_ucb,12315,166,0.013479496548924077,2560,159,0.8081761006289309,0.009104202310679765,0.00370758777649397,74.1867469879518,73.58360270349691,3072,0.9688185140073081,52.734375,0.6024888753890991,0.5800000000000001,0.15835140997830802,0.04383116883116883,0.21915584415584416,0.17532467532467533,100,0.6024096385542169,100,160,0.963855421686747,481,162,0.9759036144578314,937
2,csf1r,rabvs_budgeted_reliable,12315,166,0.013479496548924077,2560,159,0.8081761006289309,0.009104202310679765,0.00370758777649397,74.1867469879518,73.58360270349691,3072,0.9688185140073081,53.059895833333336,0.5971270203590393,0.842,0.15738758029978586,0.04383116883116883,0.21915584415584416,0.17532467532467533,100,0.6024096385542169,100,162,0.9759036144578314,493,163,0.9819277108433735,986
2,csf1r,rabvs_budgeted_reliable_q50,12315,166,0.013479496548924077,2560,159,0.8081761006289309,0.009104202310679765,0.00370758777649397,74.1867469879518,73.58360270349691,3072,0.9688185140073081,53.059895833333336,0.5993461012840271,0.864,0.15995647442872687,0.04383116883116883,0.21915584415584416,0.17532467532467533,100,0.6024096385542169,100,162,0.9759036144578314,491,163,0.9819277108433735,988
2,csf1r,rabvs_budgeted_reliable_q90,12315,166,0.013479496548924077,2560,159,0.8081761006289309,0.009104202310679765,0.00370758777649397,74.1867469879518,73.58360270349691,3072,0.9688185140073081,52.734375,0.5977382659912109,0.839,0.1564844587352626,0.04383116883116883,0.21915584415584416,0.17532467532467533,100,0.6024096385542169,100,162,0.9759036144578314,493,162,0.9759036144578314,985
2,csf1r,rabvs_budgeted_reliable_no_alert,12315,166,0.013479496548924077,2560,159,0.8081761006289309,0.009104202310679765,0.00370758777649397,74.1867469879518,73.58360270349691,3072,0.9688185140073081,52.734375,0.5980867147445679,0.575,0.15682062298603652,0.04383116883116883,0.21915584415584416,0.17532467532467533,100,0.6024096385542169,100,160,0.963855421686747,492,162,0.9759036144578314,982
2,csf1r,rabvs_budgeted_reliable_no_novelty,12315,166,0.013479496548924077,2560,159,0.8081761006289309,0.009104202310679765,0.00370758777649397,74.1867469879518,73.58360270349691,3072,0.9688185140073081,52.734375,0.6036757230758667,0.834,0.1588683351468988,0.04383116883116883,0.21915584415584416,0.17532467532467533,100,0.6024096385542169,100,162,0.9759036144578314,484,162,0.9759036144578314,925
2,csf1r,rabvs_budgeted_reliable_no_density,12315,166,0.013479496548924077,2560,159,0.8081761006289309,0.009104202310679765,0.00370758777649397,74.1867469879518,73.58360270349691,3072,0.9688185140073081,52.734375,0.5996890068054199,0.834,0.15581643543223053,0.04383116883116883,0.21915584415584416,0.17532467532467533,100,0.6024096385542169,100,162,0.9759036144578314,493,162,0.9759036144578314,985
