target,method,AUBC,Hit@100,Hit@500,Hit@1000,Recall@1000,EF_0.1pct,EF_1pct,ECE,Brier,neural_inferences,inference_saved_ratio,hits_per_1000_inferences,unique_scaffold_count@1000,mean_pairwise_cosine_distance_at1000,PAINS_Brenk_free_ratio_at1000,unseen_initial_scaffold_hit_rate_at1000,high_score_high_unc_hit_rate,high_score_low_unc_hit_rate,false_confidence_gap
aa2ar,boba_ucb,0.7502523648193393,100.0,406.3333333333333,438.0,0.9087136929460581,66.4564315352697,66.04107883817427,0.0018627660014326334,0.003476721227218833,2560.0,0.9866799866799868,171.09375,947.6666666666666,0.5582902232805887,0.6793333333333335,0.43818617071371807,0.09508947149396584,0.19413233458177273,0.09904286308780685
aa2ar,rabvs_budgeted_no_ucb,0.658417452598487,100.0,420.0,446.0,0.925311203319502,66.4564315352697,66.4564315352697,0.0045314663592751665,0.0030082750388895664,2560.0,0.9866799866799868,174.21875,978.0,0.5535174409548441,0.8089999999999998,0.4435119966502441,0.045143456310719865,0.24391317536402415,0.1987697190533042
aa2ar,rabvs_budgeted_random_parts,0.5682388373121131,100.0,371.6666666666667,429.0,0.8900414937759337,66.4564315352697,63.82586445366528,0.003018199769861767,0.004681832836014266,2560.0,0.9866799866799868,167.578125,969.6666666666666,0.5681110223134359,0.8103333333333333,0.4271404690634457,0.11131918435289216,0.17769454848106528,0.06637536412817306
aa2ar,rabvs_budgeted_reliable,0.7502523648193393,100.0,409.0,443.3333333333333,0.9197786998616874,66.4564315352697,65.97185338865836,0.0018627660014326334,0.003476721227218833,2560.0,0.9866799866799868,173.17708333333334,984.0,0.5569403568903605,0.8243333333333333,0.4418146981379041,0.09508947149396584,0.19413233458177273,0.09904286308780685
abl1,boba_ucb,0.7933766082376478,100.0,167.33333333333334,173.0,0.9505494505494506,60.06593406593407,60.06593406593407,0.004575705576091633,0.003877366696009433,1536.0,0.9765825100622028,112.63020833333333,898.6666666666666,0.6122280756632487,0.523,0.1742967725914966,0.0767824497257769,0.2400975015234613,0.1633150517976843
abl1,rabvs_budgeted_no_ucb,0.758153690326033,99.66666666666667,170.0,171.33333333333334,0.9413919413919415,60.06593406593407,59.88224619417281,0.0053446748857197334,0.003290774107243967,1536.0,0.9765825100622028,111.5451388888889,990.0,0.6066303650538126,0.8813333333333334,0.16791975629218636,0.06398537477148077,0.25350396099939054,0.18951858622790976
abl1,rabvs_budgeted_random_parts,0.47655082571749235,96.33333333333333,152.0,155.33333333333334,0.8534798534798534,60.06593406593407,56.57586450247001,0.006736297220983199,0.0060958705454218,1536.0,0.9765825100622028,101.12847222222223,984.3333333333334,0.601997991402944,0.8416666666666667,0.1515123542337148,0.16270566727605115,0.15295551492992074,-0.0097501523461304
abl1,rabvs_budgeted_reliable,0.7933766082376478,100.0,168.66666666666666,171.0,0.9395604395604397,60.06593406593407,60.06593406593407,0.004575705576091633,0.003877366696009433,1536.0,0.9765825100622028,111.328125,990.6666666666666,0.6021540562311808,0.866,0.16763343192013255,0.0767824497257769,0.2400975015234613,0.1633150517976843
ace,boba_ucb,0.8176426454609348,100.0,280.0,280.6666666666667,0.9952718676122932,60.92907801418439,60.92907801418439,0.0021931442135100666,0.0005107188147562334,1792.0,0.982617467892756,156.62202380952382,814.0,0.5694432655970255,0.4469999999999999,0.2882041290567969,0.048017551896664734,0.2789558241670565,0.23093827227039174
ace,rabvs_budgeted_no_ucb,0.7763888888888889,100.0,280.0,280.6666666666667,0.9952718676122932,60.92907801418439,60.92907801418439,0.0017038278962855334,0.0003029490550468,1792.0,0.982617467892756,156.62202380952382,997.0,0.5696841875712076,0.8019999999999999,0.274557337937354,0.020542635658914666,0.306558013193636,0.2860153775347212
ace,rabvs_budgeted_random_parts,0.7362156460257726,100.0,277.0,277.0,0.9822695035460992,60.92907801418439,60.92907801418439,0.0030714947745245,0.0009833569599729333,1792.0,0.982617467892756,154.57589285714286,987.0,0.5669877727826437,0.7883333333333334,0.27211301738391125,0.10189431794650167,0.22476307808088947,0.12286876013438774
ace,rabvs_budgeted_reliable,0.8176426454609348,100.0,278.6666666666667,279.0,0.9893617021276596,60.92907801418439,60.92907801418439,0.0021931442135100666,0.0005107188147562334,1792.0,0.982617467892756,155.6919642857143,997.3333333333334,0.5672476490338644,0.801,0.2729443875810303,0.048017551896664734,0.2789558241670565,0.23093827227039174
aces,boba_ucb,0.7299542493434297,100.0,364.6666666666667,394.3333333333333,0.8704930095658572,58.94701986754967,58.873428082446615,0.006506564151618367,0.005290039256563267,2304.0,0.9856195933041233,171.15162037037035,913.3333333333334,0.598018229007721,0.3196666666666666,0.3981874602840573,0.08308383233532933,0.23196004993757802,0.14887621760224867
aces,rabvs_budgeted_no_ucb,0.6737490034859057,99.66666666666667,374.3333333333333,398.6666666666667,0.8800588668138337,58.94701986754967,58.7262445122405,0.007590702179964701,0.004754804703255199,2304.0,0.9856195933041233,173.0324074074074,977.6666666666666,0.5870548089345297,0.5396666666666666,0.39716150255293264,0.047904191616766435,0.26766541822721596,0.21976122661044947
aces,rabvs_budgeted_random_parts,0.5299772314586021,99.66666666666667,329.3333333333333,357.3333333333333,0.7888153053715968,58.94701986754967,56.960041669767094,0.006260193585820699,0.006618989375929501,2304.0,0.9856195933041233,155.09259259259258,966.6666666666666,0.5936783750851949,0.578,0.35427215117464855,0.12100798403193606,0.18252184769038696,0.061513863658450886
aces,rabvs_budgeted_reliable,0.7299542493434297,100.0,365.3333333333333,393.3333333333333,0.8682855040470935,58.94701986754967,58.873428082446615,0.006506564151618367,0.005290039256563267,2304.0,0.9856195933041233,170.7175925925926,969.3333333333334,0.5959358016649882,0.5263333333333334,0.3909411970634569,0.08308383233532933,0.23196004993757802,0.14887621760224867
ada,boba_ucb,0.8333333333333334,92.0,92.0,92.0,0.989247311827957,59.6021505376344,59.6021505376344,0.0026402020679095,0.0002740691968976,1245.0,0.9625653977990258,73.89558232931726,696.3333333333334,0.6556417544682821,0.5299999999999999,0.08670785232260274,0.009592326139088699,0.32250300842358604,0.3129106822844973
ada,rabvs_budgeted_no_ucb,0.8324275362318841,92.0,92.0,92.0,0.989247311827957,59.6021505376344,59.6021505376344,0.0020370350678594667,0.00022291032077676669,1245.0,0.9625653977990258,73.89558232931726,950.0,0.6605084737141927,0.9460000000000001,0.0741064483360943,0.019184652278177398,0.3128760529482551,0.29369140067007765
ada,rabvs_budgeted_random_parts,0.621766838241934,62.0,62.333333333333336,62.666666666666664,0.6738351254480287,59.6021505376344,58.15724991854023,0.0034158695639012666,0.0020310636699977665,1245.0,0.9625653977990258,50.33467202141901,960.6666666666666,0.659419318040212,0.9563333333333333,0.0448332481536588,0.13309352517985606,0.1985559566787003,0.06546243149884427
ada,rabvs_budgeted_reliable,0.8333333333333334,92.0,92.0,92.0,0.989247311827957,59.6021505376344,59.6021505376344,0.0026402020679095,0.0002740691968976,1245.0,0.9625653977990258,73.89558232931726,950.0,0.6601390639940897,0.9453333333333332,0.0740797913092483,0.009592326139088699,0.32250300842358604,0.3129106822844973
ada17,boba_ucb,0.7584249907014536,100.0,461.0,494.0,0.9285714285714287,68.4812030075188,68.4812030075188,0.0020320014172293334,0.002402806487399567,2816.0,0.9871175523349436,175.42613636363635,922.6666666666666,0.5105779568354288,0.255,0.4960225330413131,0.05577862512116363,0.2282220158180641,0.1724433906969004
ada17,rabvs_budgeted_no_ucb,0.6319510081390597,100.0,472.3333333333333,497.3333333333333,0.9348370927318296,68.4812030075188,68.4812030075188,0.005170812235356866,0.0022710399539333,2816.0,0.9871175523349436,176.6098484848485,967.3333333333334,0.509266217549642,0.4203333333333333,0.4957574730490982,0.03000365898280273,0.2546652030735455,0.22466154409074268
ada17,rabvs_budgeted_random_parts,0.5158772554605888,100.0,433.3333333333333,477.0,0.8966165413533834,68.4812030075188,67.72866231512847,0.0075280588026445,0.004120557551027534,2816.0,0.9871175523349436,169.38920454545453,958.3333333333334,0.520282248655955,0.38999999999999996,0.47499813197366997,0.09769484083424806,0.18349798755945843,0.08580314672521037
ada17,rabvs_budgeted_reliable,0.7584249907014536,100.0,459.6666666666667,488.6666666666667,0.918546365914787,68.4812030075188,68.41849128315295,0.0020320014172293334,0.002402806487399567,2816.0,0.9871175523349436,173.532196969697,982.6666666666666,0.5073530475298563,0.4496666666666666,0.4862658232121622,0.05577862512116363,0.2282220158180641,0.1724433906969004
adrb1,boba_ucb,0.8228394551434035,100.0,230.0,232.33333333333334,0.9406207827260459,65.17004048582996,65.17004048582996,0.0024286243482275,0.0021199374767345,1792.0,0.9814458180613364,129.65029761904762,785.6666666666666,0.6006639202435812,0.38366666666666666,0.2538828101150796,0.09358178053830224,0.1962732919254658,0.1026915113871635
adrb1,rabvs_budgeted_no_ucb,0.783342134784923,100.0,231.0,233.66666666666666,0.9460188933873145,65.17004048582996,65.17004048582996,0.0020764873498331335,0.0014842621595526002,1792.0,0.9814458180613364,130.39434523809524,996.6666666666666,0.6024907430013021,0.8116666666666666,0.22927604061097293,0.027743271221532032,0.26501035196687367,0.2372670807453416
adrb1,rabvs_budgeted_random_parts,0.6502335697946385,100.0,218.0,221.33333333333334,0.8960863697705803,65.17004048582996,65.17004048582996,0.006035140280165367,0.0030732063503459664,1792.0,0.9814458180613364,123.51190476190476,976.3333333333334,0.6046431660652161,0.778,0.21709401709401707,0.09192546583850926,0.1975155279503105,0.10559006211180126
adrb1,rabvs_budgeted_reliable,0.8228394551434035,100.0,229.66666666666666,231.66666666666666,0.9379217273954117,65.17004048582996,65.17004048582996,0.0024286243482275,0.0021199374767345,1792.0,0.9814458180613364,129.27827380952382,997.6666666666666,0.6024909814198812,0.8153333333333332,0.2277648085685211,0.09358178053830224,0.1962732919254658,0.1026915113871635
adrb2,boba_ucb,0.8246875783292155,100.0,207.33333333333334,210.33333333333334,0.9105339105339105,65.93506493506494,65.93506493506494,0.00241241116411,0.0027049783533631667,1792.0,0.9803908694986104,117.37351190476191,785.6666666666666,0.6031798322995504,0.4146666666666666,0.23024160510015565,0.08617672790901133,0.1937882764654418,0.1076115485564304
adrb2,rabvs_budgeted_no_ucb,0.7881221086602702,100.0,214.66666666666666,216.33333333333334,0.9365079365079364,65.93506493506494,65.93506493506494,0.0030789018427771334,0.0017904866668191999,1792.0,0.9803908694986104,120.72172619047619,988.3333333333334,0.5936115781466166,0.809,0.2134240793500052,0.0310437112792093,0.25721784776902884,0.22617413648981952
adrb2,rabvs_budgeted_random_parts,0.6946969696969697,100.0,207.33333333333334,208.66666666666666,0.9033189033189033,65.93506493506494,65.0674982911825,0.006900080941099133,0.0038898836596861,1792.0,0.9803908694986104,116.44345238095237,968.0,0.6022487282752991,0.7903333333333333,0.20848031781289045,0.0975503062117235,0.1916010498687664,0.09405074365704291
adrb2,rabvs_budgeted_reliable,0.8246875783292155,100.0,206.33333333333334,209.66666666666666,0.9076479076479077,65.93506493506494,65.93506493506494,0.00241241116411,0.0027049783533631667,1792.0,0.9803908694986104,117.00148809523809,993.0,0.5932900110880533,0.8323333333333333,0.20601443183410392,0.08617672790901133,0.1937882764654418,0.1076115485564304
akt1,boba_ucb,0.7951183138030727,100.0,260.6666666666667,268.3333333333333,0.9158134243458474,57.143344709897605,57.143344709897605,0.0021359342605625333,0.0036223918163904335,1792.0,0.9821616994166716,149.73958333333334,883.0,0.6056942741076151,0.6403333333333333,0.26963227508708815,0.06563245823389018,0.26005575467941056,0.19442329644552037
akt1,rabvs_budgeted_no_ucb,0.7347966716143249,100.0,272.3333333333333,275.3333333333333,0.9397042093287827,57.143344709897605,57.143344709897605,0.005210677730767566,0.0026103485920613667,1792.0,0.9821616994166716,153.64583333333334,980.3333333333334,0.6147769689559937,0.8976666666666667,0.2734117865032731,0.0385839299920445,0.2923138191955396,0.25372988920349504
akt1,rabvs_budgeted_random_parts,0.6793966276888478,100.0,223.66666666666666,233.0,0.7952218430034129,57.143344709897605,56.45899327624613,0.005599701532469334,0.005457066668640033,1792.0,0.9821616994166716,130.02232142857142,980.3333333333334,0.619341512521108,0.8943333333333333,0.23037628651692468,0.12251392203659502,0.1919553962564715,0.06944147421987644
akt1,rabvs_budgeted_reliable,0.7951183138030727,100.0,258.6666666666667,266.0,0.9078498293515359,57.143344709897605,57.143344709897605,0.0021359342605625333,0.0036223918163904335,1792.0,0.9821616994166716,148.4375,992.6666666666666,0.6082517306009928,0.9233333333333333,0.2633459563892895,0.06563245823389018,0.26005575467941056,0.19442329644552037
akt2,boba_ucb,0.8156219944248776,100.0,115.0,115.33333333333333,0.9857549857549857,59.97435897435898,59.97435897435898,0.005249077891137267,0.0014247397611926334,1280.0,0.969597643817396,90.10416666666667,840.3333333333334,0.6454302469889323,0.541,0.118473331839712,0.03323836657169984,0.295346628679962,0.26210826210826205
akt2,rabvs_budgeted_no_ucb,0.8004818131869738,100.0,115.66666666666667,116.33333333333333,0.9943019943019943,59.97435897435898,59.97435897435898,0.004976462117264167,0.0009871889410993,1280.0,0.969597643817396,90.88541666666667,996.0,0.6369907855987549,0.947,0.11356812124692771,0.041742208408875,0.2877492877492877,0.24600707934041263
akt2,rabvs_budgeted_random_parts,0.5568770410875673,92.0,102.66666666666667,103.66666666666667,0.8860398860398861,59.97435897435898,59.68876678876679,0.007038660774266366,0.003940258071652234,1280.0,0.969597643817396,80.98958333333333,991.6666666666666,0.6381654739379883,0.9306666666666666,0.10054185542064283,0.1614434947768281,0.16334283000949668,0.001899335232668568
akt2,rabvs_budgeted_reliable,0.8156219944248776,100.0,115.0,116.33333333333333,0.9943019943019943,59.97435897435898,59.97435897435898,0.005249077891137267,0.0014247397611926334,1280.0,0.969597643817396,90.88541666666667,995.3333333333334,0.6381595929463705,0.9419999999999998,0.11344578525331306,0.03323836657169984,0.295346628679962,0.26210826210826205
aldr,boba_ucb,0.7838427157796222,100.0,157.0,158.33333333333334,0.9958071278825996,57.60377358490566,57.60377358490566,0.007798447973587867,0.0030869678524540665,1536.0,0.9720493503657602,103.08159722222221,847.0,0.6397399306297302,0.4326666666666666,0.16780166841313723,0.0786026200873362,0.26710334788937407,0.18850072780203778
aldr,rabvs_budgeted_no_ucb,0.7736589885801731,99.66666666666667,158.0,158.0,0.9937106918238993,57.60377358490566,57.60377358490566,0.009001636587392834,0.0024886861787002334,1536.0,0.9720493503657602,102.86458333333333,986.3333333333334,0.6374586423238119,0.8256666666666667,0.1553682629100166,0.06186317321688497,0.2852983988355167,0.2234352256186317
aldr,rabvs_budgeted_random_parts,0.5872710508127175,97.33333333333333,143.33333333333334,145.33333333333334,0.9140461215932915,57.60377358490566,57.39506426032267,0.0062386132438297,0.005573419041497833,1536.0,0.9720493503657602,94.61805555555554,996.0,0.6301494439442953,0.8450000000000001,0.14243856329411989,0.11935953420669572,0.21615720524017465,0.09679767103347882
aldr,rabvs_budgeted_reliable,0.7838427157796222,99.66666666666667,156.66666666666666,157.33333333333334,0.9895178197064989,57.60377358490566,57.39506426032267,0.007798447973587867,0.0030869678524540665,1536.0,0.9720493503657602,102.43055555555554,985.6666666666666,0.6357864538828532,0.832,0.1551056167722076,0.0786026200873362,0.26710334788937407,0.18850072780203778
ampc,boba_ucb,0.706795598259013,42.0,44.333333333333336,46.0,0.9583333333333334,60.37499999999999,60.37499999999999,0.017958604699646635,0.006307716308134,1139.0,0.9344950540602714,40.38630377524144,694.3333333333334,0.6572892467180887,0.5133333333333333,0.03439022914982826,0.06666666666666664,0.22528735632183905,0.15862068965517237
ampc,rabvs_budgeted_no_ucb,0.7753247606084486,44.0,44.333333333333336,45.666666666666664,0.9513888888888888,60.37499999999999,60.37499999999999,0.015487629462713634,0.0051024461562735,1139.0,0.9344950540602714,40.09364940005853,863.0,0.6573514342308044,0.8453333333333334,0.0290084124639348,0.08045977011494247,0.22528735632183908,0.1448275862068965
ampc,rabvs_budgeted_random_parts,0.7168168168168169,41.0,43.333333333333336,44.333333333333336,0.9236111111111112,60.37499999999999,58.98706896551724,0.024082661768727864,0.008785281521890268,1139.0,0.9344950540602714,38.923031899326894,860.6666666666666,0.6575825214385986,0.8246666666666668,0.028044469528724067,0.096551724137931,0.20919540229885056,0.11264367816091951
ampc,rabvs_budgeted_reliable,0.706795598259013,42.0,42.333333333333336,45.333333333333336,0.9444444444444445,60.37499999999999,59.68103448275861,0.017958604699646635,0.006307716308134,1139.0,0.9344950540602714,39.80099502487562,862.3333333333334,0.6585366527239481,0.8326666666666666,0.028639630582758497,0.06666666666666664,0.22528735632183905,0.15862068965517237
andr,boba_ucb,0.7122676045571774,100.0,236.33333333333334,246.33333333333334,0.9157372986369269,54.34572490706321,53.97349391454907,0.008140511741684267,0.006057709775096068,1792.0,0.9795699660259481,137.46279761904762,851.3333333333334,0.6396580139795939,0.47700000000000004,0.25580457986706645,0.100736571156611,0.24350205198358413,0.14276548082697307
andr,rabvs_budgeted_no_ucb,0.736397365081863,100.0,230.0,239.66666666666666,0.8909541511771996,54.34572490706321,54.34572490706321,0.005179464672727701,0.0052871960208901335,1792.0,0.9795699660259481,133.74255952380952,974.0,0.6228326956431071,0.7856666666666667,0.23640381758680518,0.06566347469220243,0.2699498404012768,0.2042863657090743
andr,rabvs_budgeted_random_parts,0.5146530625016914,97.66666666666667,217.66666666666666,229.0,0.8513011152416357,54.34572490706321,49.38264500687478,0.0137762062031499,0.009370484230091835,1792.0,0.9795699660259481,127.79017857142857,942.3333333333334,0.6345527768135071,0.6876666666666665,0.22795234023159403,0.18004131376785049,0.16051071591427266,-0.019530597853577834
andr,rabvs_budgeted_reliable,0.7122676045571774,99.33333333333333,238.0,244.0,0.9070631970260224,54.34572490706321,53.97349391454907,0.008140511741684267,0.006057709775096068,1792.0,0.9795699660259481,136.1607142857143,956.3333333333334,0.6329009532928467,0.742,0.24141334525952382,0.100736571156611,0.24350205198358413,0.14276548082697307
aofb,boba_ucb,0.7128946848942354,72.66666666666667,101.33333333333333,108.33333333333333,0.8879781420765026,57.55737704918033,49.60897736143638,0.0163123366771993,0.011032327256046632,1280.0,0.9696192917497388,84.63541666666667,863.3333333333334,0.6728478074073792,0.5076666666666667,0.11088755839532856,0.11647727272727271,0.1823361823361823,0.06585890960890957
aofb,rabvs_budgeted_no_ucb,0.6985306429874938,76.33333333333333,104.66666666666667,106.0,0.8688524590163934,57.55737704918033,48.78672911787666,0.0193836551130248,0.011081130070288367,1280.0,0.9696192917497388,82.8125,974.6666666666666,0.6837930083274841,0.7773333333333333,0.1024253913648489,0.09943181818181814,0.20892687559354226,0.10949505741172401
aofb,rabvs_budgeted_random_parts,0.5829978529253892,61.666666666666664,90.33333333333333,94.0,0.7704918032786886,49.33489461358314,41.11241217798595,0.030842494219172734,0.0184897089968997,1280.0,0.9696192917497388,73.4375,957.6666666666666,0.6719234585762024,0.7426666666666667,0.09133368601674118,0.12026515151515145,0.1699905033238366,0.04972535180868513
aofb,rabvs_budgeted_reliable,0.7128946848942354,73.0,100.66666666666667,104.66666666666667,0.8579234972677595,57.55737704918033,49.88306010928962,0.0163123366771993,0.011032327256046632,1280.0,0.9696192917497388,81.77083333333333,968.3333333333334,0.6818377574284872,0.7796666666666666,0.10182545009300091,0.11647727272727271,0.1823361823361823,0.06585890960890957
bace1,boba_ucb,0.7547639466495396,100.0,259.6666666666667,265.6666666666667,0.9387514723203769,64.95759717314488,64.95759717314488,0.005361615522485467,0.0029811873740876334,2048.0,0.9814321202560335,129.72005208333334,866.3333333333334,0.5890597502390543,0.619,0.26541192884090736,0.08079710144927534,0.21536326504865086,0.13456616359937548
bace1,rabvs_budgeted_no_ucb,0.7135914442369441,100.0,265.0,270.0,0.9540636042402827,64.95759717314488,64.95759717314488,0.006049455292629766,0.002467113411266933,2048.0,0.9814321202560335,131.8359375,969.3333333333334,0.5850470662117004,0.8516666666666666,0.26742364341475994,0.0373188405797101,0.2589771490750816,0.22165830849537146
bace1,rabvs_budgeted_random_parts,0.5492258347402887,100.0,258.3333333333333,265.0,0.9363957597173145,64.95759717314488,64.95759717314488,0.0093974576952495,0.004302352054929767,2048.0,0.9814321202560335,129.39453125,957.3333333333334,0.5833021998405457,0.8213333333333334,0.2620417878398418,0.08115942028985502,0.2140007254261879,0.13284130513633277
bace1,rabvs_budgeted_reliable,0.7547639466495396,100.0,259.6666666666667,265.6666666666667,0.9387514723203769,64.95759717314488,64.95759717314488,0.005361615522485467,0.0029811873740876334,2048.0,0.9814321202560335,129.72005208333334,971.0,0.5815766056378683,0.8686666666666666,0.26297952687804765,0.08079710144927534,0.21536326504865086,0.13456616359937548
braf,boba_ucb,0.8283436213991769,100.0,149.0,149.0,0.9802631578947368,66.46052631578948,66.46052631578948,0.002650699420986133,0.0008644158237404,1536.0,0.97465848346862,97.00520833333331,904.0,0.6202045281728109,0.592,0.1508156554771623,0.027009222661396503,0.26798679867986797,0.24097757601847145
braf,rabvs_budgeted_no_ucb,0.8187919463087248,100.0,148.66666666666666,148.66666666666666,0.9780701754385964,66.46052631578948,66.46052631578948,0.0024151848945734,0.0006275272121294,1536.0,0.97465848346862,96.78819444444444,1000.0,0.6078362862269083,0.9406666666666667,0.14552582272259643,0.022397891963109266,0.2726072607260726,0.25020936876296324
braf,rabvs_budgeted_random_parts,0.6204824992668495,100.0,139.0,139.0,0.9144736842105262,66.46052631578948,66.46052631578948,0.0048550570586881,0.0015239636219470333,1536.0,0.97465848346862,90.49479166666667,1000.0,0.6072927117347717,0.9346666666666668,0.13590933470777442,0.15415019762845847,0.14059405940594058,-0.013556138222517894
braf,rabvs_budgeted_reliable,0.8283436213991769,100.0,148.33333333333334,148.33333333333334,0.9758771929824562,66.46052631578948,66.46052631578948,0.002650699420986133,0.0008644158237404,1536.0,0.97465848346862,96.57118055555556,999.0,0.6092750827471415,0.9393333333333334,0.1454303655577743,0.027009222661396503,0.26798679867986797,0.24097757601847145
cah2,boba_ucb,0.7500670695959449,100.0,478.6666666666667,487.3333333333333,0.9905149051490515,64.35772357723577,64.35772357723577,0.0032719819858992335,0.0010193231180707335,2560.0,0.9865251810678796,190.36458333333334,837.0,0.5289994279543558,0.37666666666666665,0.5052237372717313,0.05239898989898987,0.2566856180248473,0.20428662812585738
cah2,rabvs_budgeted_no_ucb,0.6475690751358053,100.0,483.0,486.6666666666667,0.9891598915989159,64.35772357723577,64.35772357723577,0.0037441764253464,0.0008143592681832333,2560.0,0.9865251810678796,190.10416666666666,976.3333333333334,0.5566323002179464,0.657,0.4880123995120327,0.024621212121212068,0.2844809433564961,0.25985973123528394
cah2,rabvs_budgeted_random_parts,0.7078297014009003,100.0,474.6666666666667,485.6666666666667,0.9871273712737128,64.35772357723577,64.2900498405615,0.0035827389580297335,0.0014110362275311667,2560.0,0.9865251810678796,189.71354166666666,962.6666666666666,0.5361333886782328,0.6216666666666667,0.4874599725859759,0.098063973063973,0.21099178774478833,0.1129278146808153
cah2,rabvs_budgeted_reliable,0.7500670695959449,100.0,479.6666666666667,486.3333333333333,0.9884823848238482,64.35772357723577,64.35772357723577,0.0032719819858992335,0.0010193231180707335,2560.0,0.9865251810678796,189.97395833333334,961.3333333333334,0.5478296081225077,0.6216666666666667,0.48747064344472896,0.05239898989898987,0.2566856180248473,0.20428662812585738
casp3,boba_ucb,0.8112258319357784,100.0,193.0,194.33333333333334,0.9765494137353433,54.768844221105525,54.768844221105525,0.0052616522227538,0.0018536016917412,1536.0,0.97651160656941,126.51909722222221,893.0,0.6089470783869425,0.5003333333333333,0.19808472327658325,0.05866630820759256,0.2980268483540205,0.23936054014642785
casp3,rabvs_budgeted_no_ucb,0.785173456574849,100.0,193.66666666666666,195.0,0.9798994974874372,54.768844221105525,54.768844221105525,0.005560726309018867,0.0014647752888604666,1536.0,0.97651160656941,126.953125,996.0,0.6050376296043396,0.8656666666666667,0.19124750275838243,0.033639143730886834,0.3229357798165138,0.2892966360856269
casp3,rabvs_budgeted_random_parts,0.45733383039007736,100.0,157.66666666666666,159.33333333333334,0.8006700167504187,54.768844221105525,54.768844221105525,0.005848993729725767,0.0035180879685432,1536.0,0.97651160656941,103.7326388888889,993.3333333333334,0.5990787148475647,0.8853333333333334,0.154948934670057,0.23241590214067276,0.12048929663608555,-0.11192660550458712
casp3,rabvs_budgeted_reliable,0.8112258319357784,100.0,191.33333333333334,192.66666666666666,0.9681742043551088,54.768844221105525,54.768844221105525,0.0052616522227538,0.0018536016917412,1536.0,0.97651160656941,125.43402777777779,995.0,0.6019280155499777,0.8653333333333334,0.18922966814101091,0.05866630820759256,0.2980268483540205,0.23936054014642785
cdk2,boba_ucb,0.6266007081964529,97.0,291.0,337.3333333333333,0.7116736990154712,59.755274261603375,50.605467837565165,0.005152280041465567,0.0092477038144088,2560.0,0.9849362142823518,131.77083333333334,928.0,0.580634077390035,0.5650000000000001,0.33825934447337835,0.09785932721712537,0.17467043314500938,0.07681110592788397
cdk2,rabvs_budgeted_no_ucb,0.6240539771266942,99.33333333333333,319.0,353.3333333333333,0.7454289732770745,59.755274261603375,55.25075417592303,0.0066133585457364,0.008688184995003,2560.0,0.9849362142823518,138.02083333333334,961.0,0.571378211180369,0.7193333333333333,0.35271675807041086,0.0491649023759115,0.22104519774011297,0.17188029536420138
cdk2,rabvs_budgeted_random_parts,0.5503018350347045,88.66666666666667,270.6666666666667,330.0,0.6962025316455697,56.909785011050836,43.14485644565709,0.015478335060585999,0.014333900360284367,2560.0,0.9849362142823518,128.90625,941.6666666666666,0.5901780128479004,0.6326666666666667,0.32899228850820994,0.10844507174782402,0.1586629001883239,0.05021782844049987
cdk2,rabvs_budgeted_reliable,0.6266007081964529,97.66666666666667,298.3333333333333,346.3333333333333,0.7306610407876231,58.3325296363271,51.379682227291475,0.005152280041465567,0.0092477038144088,2560.0,0.9849362142823518,135.28645833333334,963.6666666666666,0.576938251654307,0.7050000000000001,0.34476340549922346,0.09785932721712537,0.17467043314500938,0.07681110592788397
comt,boba_ucb,0.8333333333333334,41.0,41.0,41.0,1.0,94.90243902439023,94.90243902439023,0.0033036167087637336,0.00023387132288636668,1179.0,0.9494988434849652,34.77523324851569,709.3333333333334,0.6824508706728617,0.3983333333333334,0.012602925436437366,0.018803418803418768,0.19145299145299144,0.1726495726495726
comt,rabvs_budgeted_no_ucb,0.8333333333333334,41.0,41.0,41.0,1.0,94.90243902439023,94.90243902439023,0.002440593061692867,0.0001223631236187,1179.0,0.9494988434849652,34.77523324851569,970.3333333333334,0.6761472026507059,0.952,0.010566211135189634,0.013675213675213634,0.19658119658119655,0.18290598290598284
comt,rabvs_budgeted_random_parts,0.6098690153568201,41.0,41.0,41.0,1.0,94.90243902439023,94.90243902439023,0.0037136604875262,0.0003569655211150666,1179.0,0.9494988434849652,34.77523324851569,969.0,0.6775712172190348,0.943,0.010626021326332467,0.025641025641025595,0.1846153846153846,0.158974358974359
comt,rabvs_budgeted_reliable,0.8333333333333334,41.0,41.0,41.0,1.0,94.90243902439023,94.90243902439023,0.0033036167087637336,0.00023387132288636668,1179.0,0.9494988434849652,34.77523324851569,967.0,0.6788684527079264,0.9446666666666665,0.010642480160593932,0.018803418803418768,0.19145299145299144,0.1726495726495726
cp2c9,boba_ucb,0.7230980980980982,72.0,95.33333333333333,101.0,0.8416666666666667,63.083333333333336,51.186038011695906,0.012671428185511402,0.010111190638330334,1280.0,0.9718185821224129,78.90625,808.6666666666666,0.6170264283816019,0.541,0.10193106416838464,0.10993843447669298,0.1525573192239858,0.04261888474729277
cp2c9,rabvs_budgeted_no_ucb,0.7230432491522983,78.33333333333333,93.0,98.33333333333333,0.8194444444444443,63.083333333333336,57.27302631578948,0.011451761107797567,0.008849998954700867,1280.0,0.9718185821224129,76.82291666666667,966.0,0.615820030371348,0.8656666666666667,0.09264668970900543,0.08267370272647313,0.17107583774250437,0.08840213501603117
cp2c9,rabvs_budgeted_random_parts,0.4697053304443499,60.333333333333336,82.66666666666667,86.33333333333333,0.7194444444444444,60.454861111111114,44.54568713450292,0.0181982967825512,0.013617523753392034,1280.0,0.9718185821224129,67.44791666666667,959.6666666666666,0.6127766966819763,0.828,0.08047399223869807,0.11257695690413362,0.12786596119929447,0.015289004295160903
cp2c9,rabvs_budgeted_reliable,0.7230980980980982,71.0,95.66666666666667,103.0,0.8583333333333334,63.083333333333336,52.56944444444445,0.012671428185511402,0.010111190638330334,1280.0,0.9718185821224129,80.46875,958.6666666666666,0.6137335697809855,0.8426666666666667,0.09800427825586217,0.10993843447669298,0.1525573192239858,0.04261888474729277
cp3a4,boba_ucb,0.6476565804097449,80.66666666666667,118.0,131.66666666666666,0.7745098039215687,70.41176470588236,51.43970588235294,0.0092424610081655,0.009673344302341265,1536.0,0.9786131996658312,85.7204861111111,904.6666666666666,0.6100988785425822,0.6416666666666667,0.13073758749196282,0.08792431830829156,0.1365663322185061,0.0486420139102145
cp3a4,rabvs_budgeted_no_ucb,0.6255474076253561,87.0,122.0,137.0,0.8058823529411766,70.41176470588236,56.32941176470589,0.011573383994370731,0.009450090226865033,1536.0,0.9786131996658312,89.19270833333333,972.0,0.5978562831878662,0.862,0.13422729198109254,0.0695603784084585,0.15273132664437009,0.08317094823591153
cp3a4,rabvs_budgeted_random_parts,0.555535392944094,66.66666666666667,114.0,130.0,0.7647058823529411,66.5,42.247058823529414,0.025563522089276133,0.016740834984060267,1536.0,0.9786131996658312,84.63541666666667,955.0,0.6119982004165649,0.7919999999999999,0.12808351290638,0.08792431830829157,0.1293199554069119,0.04139563709862027
cp3a4,rabvs_budgeted_reliable,0.6476565804097449,82.33333333333333,121.33333333333333,134.33333333333334,0.7901960784313725,70.41176470588236,52.61323529411765,0.0092424610081655,0.009673344302341265,1536.0,0.9786131996658312,87.45659722222223,978.0,0.601325273513794,0.8546666666666667,0.13128784991166267,0.08792431830829156,0.1365663322185061,0.0486420139102145
csf1r,boba_ucb,0.7922387511874299,100.0,154.0,156.33333333333334,0.9417670682730924,74.1867469879518,73.98569889313352,0.004031177311499967,0.0029192179538428,1536.0,0.9792123426715388,101.77951388888887,906.6666666666666,0.6079109112421671,0.6003333333333333,0.15788439966064047,0.057900432900432834,0.19588744588744586,0.137987012987013
csf1r,rabvs_budgeted_no_ucb,0.7688821956495614,100.0,159.66666666666666,161.66666666666666,0.9738955823293174,74.1867469879518,73.98569889313352,0.0057752881633488335,0.0023842916086926,1536.0,0.9792123426715388,105.2517361111111,994.6666666666666,0.5941806435585022,0.8956666666666667,0.1580456765887139,0.04761904761904757,0.21266233766233764,0.16504329004329
csf1r,rabvs_budgeted_random_parts,0.723015118923508,95.33333333333333,140.0,143.0,0.8614457831325302,74.1867469879518,65.1395827211284,0.007783017802237567,0.004656316086842333,1536.0,0.9792123426715388,93.09895833333333,984.3333333333334,0.5999737779299418,0.8823333333333334,0.1400634667926402,0.12770562770562766,0.13149350649350644,0.0037878787878787706
csf1r,rabvs_budgeted_reliable,0.7922387511874299,100.0,155.33333333333334,157.33333333333334,0.9477911646586344,74.1867469879518,73.98569889313352,0.004031177311499967,0.0029192179538428,1536.0,0.9792123426715388,102.43055555555556,991.3333333333334,0.5975336233774821,0.9066666666666667,0.1542888698246174,0.057900432900432834,0.19588744588744586,0.137987012987013
cxcr4,boba_ucb,0.7909722222222223,40.0,40.0,40.0,1.0,86.15000000000002,86.15000000000002,0.0069634628152968,0.0008723765777757,1161.0,0.9438479396401626,34.45305770887167,776.0,0.6985862255096436,0.6413333333333333,0.023446619774290262,0.0134874759152215,0.21899224806201548,0.20550477214679388
cxcr4,rabvs_budgeted_no_ucb,0.8305555555555556,40.0,40.0,40.0,1.0,86.15000000000002,86.15000000000002,0.005244407469522966,0.0004890517010292334,1161.0,0.9438479396401626,34.45305770887167,959.3333333333334,0.6730655034383138,0.9473333333333332,0.021597616425202568,0.0134874759152215,0.21899224806201548,0.20550477214679388
cxcr4,rabvs_budgeted_random_parts,0.7397353406630018,39.666666666666664,40.0,40.0,1.0,86.15000000000002,86.15000000000002,0.006162721122602434,0.0011698418668418334,1161.0,0.9438479396401626,34.45305770887167,946.3333333333334,0.6739182670911154,0.947,0.021659438367928035,0.04624277456647393,0.18604651162790695,0.13980373706143298
cxcr4,rabvs_budgeted_reliable,0.7909722222222223,40.0,40.0,40.0,1.0,86.15000000000002,86.15000000000002,0.0069634628152968,0.0008723765777757,1161.0,0.9438479396401626,34.45305770887167,938.3333333333334,0.6795888344446818,0.941,0.021781551177787396,0.0134874759152215,0.21899224806201548,0.20550477214679388
def,boba_ucb,0.8289402185678781,99.0,102.0,102.0,1.0,56.88235294117647,56.88235294117647,0.004710112448666434,0.0009545006514297335,1256.0,0.963920487188326,81.21019108280254,800.6666666666666,0.635637104511261,0.44833333333333325,0.09735420190660297,0.05154639175257727,0.29999999999999993,0.2484536082474226
def,rabvs_budgeted_no_ucb,0.8197167755991286,99.66666666666667,102.0,102.0,1.0,56.88235294117647,56.88235294117647,0.0042240886186333,0.0004035631422256,1256.0,0.963920487188326,81.21019108280254,965.3333333333334,0.6261414090792338,0.8863333333333333,0.08897104106489406,0.0412371134020618,0.3103448275862069,0.269107714184145
def,rabvs_budgeted_random_parts,0.5744495647721454,80.33333333333333,84.0,84.0,0.823529411764706,56.88235294117647,56.88235294117647,0.006681860385024767,0.0022396970929755666,1256.0,0.963920487188326,66.87898089171973,969.0,0.6263156334559122,0.895,0.0716370829303148,0.1878579610538373,0.15977011494252868,-0.028087846111308573
def,rabvs_budgeted_reliable,0.8289402185678781,98.0,100.0,100.0,0.9803921568627452,56.88235294117647,56.88235294117647,0.004710112448666434,0.0009545006514297335,1256.0,0.963920487188326,79.61783439490445,967.3333333333334,0.6268349687258402,0.8846666666666666,0.0875683007257343,0.05154639175257727,0.29999999999999993,0.2484536082474226
dhi1,boba_ucb,0.6785864301889942,99.66666666666667,265.3333333333333,290.0,0.8787878787878788,59.63636363636363,55.60006152899553,0.0083138019369575,0.0072352582078699665,2048.0,0.9826558265582656,141.6015625,908.0,0.59798663854599,0.684,0.29331172141756995,0.11144986449864493,0.20088075880758804,0.08943089430894303
dhi1,rabvs_budgeted_no_ucb,0.6390558314980985,100.0,282.0,301.0,0.9121212121212121,59.63636363636363,58.122750346100595,0.011085185812398299,0.0065761353930741005,2048.0,0.9826558265582656,146.97265625,966.3333333333334,0.5937403241793314,0.843,0.3002913970652833,0.06334688346883467,0.24728997289972895,0.1839430894308943
dhi1,rabvs_budgeted_random_parts,0.48565323565323565,98.0,258.6666666666667,291.3333333333333,0.8828282828282829,59.63636363636363,51.76557452699584,0.014178979265827932,0.009719516614711368,2048.0,0.9826558265582656,142.25260416666666,954.6666666666666,0.587718645731608,0.7966666666666667,0.29119605032648505,0.13448509485094848,0.1724254742547425,0.037940379403794
dhi1,rabvs_budgeted_reliable,0.6785864301889942,99.66666666666667,271.6666666666667,297.0,0.8999999999999999,59.63636363636363,56.003691739732346,0.0083138019369575,0.0072352582078699665,2048.0,0.9826558265582656,145.01953125,956.6666666666666,0.589540938536326,0.8330000000000001,0.29614404894487706,0.11144986449864493,0.20088075880758804,0.08943089430894303
dpp4,boba_ucb,0.7599807131679642,100.0,443.0,492.0,0.923076923076923,77.82739212007505,75.20188973530144,0.0027731059270740665,0.0028807402579598003,3072.0,0.9876572971409286,160.15625,927.0,0.5397119124730428,0.6423333333333333,0.49528520315647206,0.08562248995983934,0.16280938604950176,0.07718689608966234
dpp4,rabvs_budgeted_no_ucb,0.6523338171251533,100.0,454.0,488.0,0.9155722326454034,77.82739212007505,77.0772485815683,0.005952777314673499,0.0029798933361961,3072.0,0.9876572971409286,158.85416666666666,972.0,0.5365757942199707,0.7616666666666667,0.48683696744629573,0.029397590361445767,0.21375763420122143,0.18436004383977564
dpp4,rabvs_budgeted_random_parts,0.6167680725450221,99.0,394.3333333333333,440.0,0.825515947467167,75.92916304397566,68.01301415794511,0.005695191406744467,0.004909642573890167,3072.0,0.9876572971409286,143.22916666666666,948.0,0.5378473599751791,0.7223333333333333,0.44158921966082465,0.08529284769134338,0.14982068048843378,0.0645278327970904
dpp4,rabvs_budgeted_reliable,0.7599807131679642,100.0,448.0,492.0,0.923076923076923,77.82739212007505,75.63947346609704,0.0027731059270740665,0.0028807402579598003,3072.0,0.9876572971409286,160.15625,977.0,0.5339550773302714,0.7743333333333333,0.4912604831063169,0.08562248995983934,0.16280938604950176,0.07718689608966234
drd3,boba_ucb,0.7326594349897965,100.0,400.3333333333333,431.6666666666667,0.8993055555555555,71.9375,70.26938405797102,0.004451975942693167,0.0035391576154459336,2816.0,0.9864079544357564,153.2907196969697,905.3333333333334,0.5677813688913981,0.5426666666666666,0.4354232806968372,0.07257286238177953,0.1960216299729625,0.1234487675911829
drd3,rabvs_budgeted_no_ucb,0.6601017908624017,99.66666666666667,424.3333333333333,449.6666666666667,0.9368055555555556,71.9375,71.38146135265701,0.0059807768579449,0.003100820460971167,2816.0,0.9864079544357564,159.68276515151516,971.0,0.5514557758967081,0.6626666666666666,0.44824579452868973,0.034350493612701635,0.2344992470933324,0.20014875348063074
drd3,rabvs_budgeted_random_parts,0.5537793462116528,98.0,386.3333333333333,424.0,0.8833333333333333,71.9375,69.43532608695652,0.0063245174036514655,0.0047777194858692,2816.0,0.9864079544357564,150.56818181818184,938.3333333333334,0.5705414215723673,0.6266666666666666,0.42271184665051126,0.1181239143022582,0.1475473155658555,0.0294234012635973
drd3,rabvs_budgeted_reliable,0.7326594349897965,99.66666666666667,405.0,439.3333333333333,0.9152777777777777,71.9375,70.68641304347827,0.004451975942693167,0.0035391576154459336,2816.0,0.9864079544357564,156.0132575757576,972.0,0.5603543718655905,0.685,0.43819066108932964,0.07257286238177953,0.1960216299729625,0.1234487675911829
dyr,boba_ucb,0.812952441077441,100.0,226.33333333333334,227.0,0.9826839826839828,75.45887445887446,75.45887445887446,0.0031025024652367333,0.0010084267973126332,1792.0,0.9828657755340103,126.67410714285715,814.3333333333334,0.6069170236587524,0.4739999999999999,0.23258057895434073,0.04241761860223977,0.2187408932753311,0.1763232746730913
dyr,rabvs_budgeted_no_ucb,0.7756513469184464,100.0,227.33333333333334,228.0,0.987012987012987,75.45887445887446,75.45887445887446,0.003156097949455667,0.000778613206846,1792.0,0.9828657755340103,127.23214285714285,994.3333333333334,0.6107731461524963,0.918,0.22479631773862865,0.029051987767584036,0.23241590214067276,0.20336391437308868
dyr,rabvs_budgeted_random_parts,0.6112462827791295,100.0,219.0,220.33333333333334,0.9538239538239539,75.45887445887446,75.45887445887446,0.0045278583161957,0.0017639255725106998,1792.0,0.9828657755340103,122.95386904761905,979.0,0.6153865853945414,0.903,0.21714144580762387,0.10503395099737493,0.15609511757882524,0.0510611665814503
dyr,rabvs_budgeted_reliable,0.812952441077441,100.0,226.0,226.66666666666666,0.9812409812409814,75.45887445887446,75.45887445887446,0.0031025024652367333,0.0010084267973126332,1792.0,0.9828657755340103,126.48809523809526,992.0,0.6160413026809692,0.914,0.22358792877052702,0.04241761860223977,0.2187408932753311,0.1763232746730913
egfr,boba_ucb,0.7725671387281334,100.0,484.6666666666667,508.3333333333333,0.9378843788437886,65.6678966789668,65.6678966789668,0.0017247569823490335,0.0019201091790493668,2816.0,0.9868135161459503,180.5160984848485,933.6666666666666,0.5508773724238077,0.49566666666666664,0.5109324967252432,0.05524344569288387,0.2383895131086142,0.18314606741573025
egfr,rabvs_budgeted_no_ucb,0.6440538604201972,100.0,489.6666666666667,509.3333333333333,0.939729397293973,65.6678966789668,65.6678966789668,0.004653998591614867,0.0019285827717940667,2816.0,0.9868135161459503,180.87121212121212,991.0,0.5464487274487814,0.6756666666666667,0.5057303717785976,0.0275280898876404,0.2674157303370786,0.2398876404494382
egfr,rabvs_budgeted_random_parts,0.685528971227896,100.0,461.6666666666667,485.0,0.8948339483394833,65.6678966789668,65.6678966789668,0.0029090297819950005,0.0022830866835741,2816.0,0.9868135161459503,172.23011363636365,988.6666666666666,0.549220601717631,0.7096666666666667,0.48406514290065245,0.09250936329588007,0.20093632958801497,0.10842696629213479
egfr,rabvs_budgeted_reliable,0.7725671387281334,100.0,485.0,503.6666666666667,0.9292742927429275,65.6678966789668,65.6678966789668,0.0017247569823490335,0.0019201091790493668,2816.0,0.9868135161459503,178.8589015151515,993.6666666666666,0.5468990405400594,0.703,0.5017122269661624,0.05524344569288387,0.2383895131086142,0.18314606741573025
esr1,boba_ucb,0.7777658364087253,100.0,366.3333333333333,372.6666666666667,0.9730200174064404,55.007832898172325,55.007832898172325,0.0039162129145921,0.0016925404211433667,2048.0,0.9837984937662171,181.96614583333334,851.3333333333334,0.6199868321418762,0.4833333333333332,0.39389298489937463,0.06477942597675683,0.29468819246597017,0.22990876648921332
esr1,rabvs_budgeted_no_ucb,0.7135984619929153,100.0,370.6666666666667,375.3333333333333,0.9799825935596171,55.007832898172325,55.007832898172325,0.0050181201669367665,0.0014457978488203668,2048.0,0.9837984937662171,183.26822916666666,988.0,0.6056185762087504,0.8256666666666667,0.3753946105090493,0.0338285505304399,0.32710602936627436,0.2932774788358344
esr1,rabvs_budgeted_random_parts,0.6287398605017592,100.0,357.0,364.6666666666667,0.9521322889469105,55.007832898172325,54.9209326882226,0.008093424786247999,0.0030094233986256665,2048.0,0.9837984937662171,178.05989583333334,966.6666666666666,0.6116333603858948,0.7773333333333333,0.3669636727793664,0.09930423782416187,0.260428774027762,0.1611245362036
esr1,rabvs_budgeted_reliable,0.7777658364087253,100.0,368.3333333333333,372.6666666666667,0.9730200174064404,55.007832898172325,55.007832898172325,0.0039162129145921,0.0016925404211433667,2048.0,0.9837984937662171,181.96614583333334,987.0,0.6164587338765463,0.8353333333333334,0.3711598694443657,0.06477942597675683,0.29468819246597017,0.22990876648921332
esr2,boba_ucb,0.7982642196397197,100.0,347.3333333333333,353.6666666666667,0.963669391462307,56.038147138964575,56.038147138964575,0.0031135538131134336,0.0018128235000515666,2048.0,0.9834030276508153,172.68880208333334,824.0,0.6257160305976868,0.5066666666666667,0.37564041575931956,0.0851959831551668,0.2626459143968871,0.1774499312417203
esr2,rabvs_budgeted_no_ucb,0.718364435818792,100.0,352.6666666666667,360.0,0.9809264305177111,56.038147138964575,56.038147138964575,0.004543453370588701,0.0014179442497984334,2048.0,0.9834030276508153,175.78125,988.6666666666666,0.6201897859573364,0.8396666666666667,0.3594284169694459,0.031098153547133103,0.32068741893644614,0.289589265389313
esr2,rabvs_budgeted_random_parts,0.539089602537417,100.0,331.6666666666667,339.3333333333333,0.924613987284287,56.038147138964575,56.038147138964575,0.0039003463552981666,0.0030241284782982665,2048.0,0.9834030276508153,165.69010416666666,984.0,0.620910664399465,0.8536666666666667,0.337745283608434,0.1341107871720116,0.21044098573281453,0.07633019856080284
esr2,rabvs_budgeted_reliable,0.7982642196397197,100.0,347.6666666666667,351.6666666666667,0.9582198001816531,56.038147138964575,56.038147138964575,0.0031135538131134336,0.0018128235000515666,2048.0,0.9834030276508153,171.71223958333334,995.3333333333334,0.6204233368237814,0.8690000000000001,0.34984554120662253,0.0851959831551668,0.2626459143968871,0.1774499312417203
fa10,boba_ucb,0.7023090291958217,100.0,453.6666666666667,505.6666666666667,0.9416511483550588,53.74674115456239,53.74674115456239,0.0022004309572481334,0.003646673227359367,2560.0,0.985217009678239,197.52604166666666,924.3333333333334,0.5433523853619894,0.5576666666666666,0.5102620529805179,0.09741458910433974,0.2674982674982675,0.17008367839392768
fa10,rabvs_budgeted_no_ucb,0.620897568385884,100.0,473.3333333333333,509.6666666666667,0.9490999379267536,53.74674115456239,53.74674115456239,0.0079962574451834,0.0035966688661117335,2560.0,0.985217009678239,199.08854166666666,949.6666666666666,0.5373802781105042,0.652,0.5117606728483044,0.029540204545236634,0.3368758708564534,0.30733566631121667
fa10,rabvs_budgeted_random_parts,0.5536106138946232,100.0,411.0,456.3333333333333,0.8497827436374923,53.74674115456239,52.75487511249434,0.004329913752400833,0.005995403138949167,2560.0,0.985217009678239,178.25520833333334,952.3333333333334,0.5373226404190063,0.6733333333333333,0.45665244137336325,0.1412338212130216,0.20562785125891916,0.0643940300458976
fa10,rabvs_budgeted_reliable,0.7023090291958217,100.0,454.6666666666667,504.6666666666667,0.9397889509621354,53.74674115456239,53.622757899303885,0.0022004309572481334,0.003646673227359367,2560.0,0.985217009678239,197.13541666666666,978.6666666666666,0.534823497136434,0.6983333333333333,0.5040698571835674,0.09741458910433974,0.2674982674982675,0.17008367839392768
fa7,boba_ucb,0.8333333333333334,100.0,113.66666666666667,114.0,1.0,55.82456140350877,55.82456140350877,0.0030109547016093662,0.00037996883419243334,1278.0,0.9665304839723444,89.2018779342723,743.6666666666666,0.6263130307197571,0.4043333333333334,0.11548436890753323,0.028213166144200597,0.3291404612159329,0.30092729507173227
fa7,rabvs_budgeted_no_ucb,0.8296783625730995,100.0,114.0,114.0,1.0,55.82456140350877,55.82456140350877,0.002802030638083,0.00018638116706209997,1278.0,0.9665304839723444,89.2018779342723,971.0,0.6378305951754252,0.8986666666666667,0.10763711374336414,0.021943573667711533,0.33647798742138363,0.314534413753672
fa7,rabvs_budgeted_random_parts,0.5426728147878493,92.0,95.66666666666667,95.66666666666667,0.8391812865497076,55.82456140350877,55.82456140350877,0.004251140562597833,0.0010684426197865333,1278.0,0.9665304839723444,74.8565466875326,973.6666666666666,0.6411619385083517,0.9056666666666667,0.0881251880988374,0.15882967607105536,0.19811320754716977,0.03928353147611443
fa7,rabvs_budgeted_reliable,0.8333333333333334,100.0,113.0,113.0,0.9912280701754387,55.82456140350877,55.82456140350877,0.0030109547016093662,0.00037996883419243334,1278.0,0.9665304839723444,88.41940532081377,971.0,0.6397955814997355,0.8986666666666667,0.10634373756294883,0.028213166144200597,0.3291404612159329,0.30092729507173227
fabp4,boba_ucb,0.7792553877919731,44.333333333333336,45.333333333333336,46.0,0.9787234042553191,59.51063829787233,59.51063829787233,0.004570853924700467,0.0021866541422628665,1135.0,0.9323680133476344,40.52863436123348,659.0,0.6589223345120748,0.486,0.0329108374105673,0.04761904761904757,0.2738095238095238,0.22619047619047616
fabp4,rabvs_budgeted_no_ucb,0.8254294149221685,45.666666666666664,46.666666666666664,47.0,1.0,59.51063829787233,59.51063829787233,0.005701180909440467,0.0010619222670408,1135.0,0.9323680133476344,41.40969162995594,819.6666666666666,0.6543377041816711,0.6523333333333333,0.02847700705324027,0.023809523809523767,0.30238095238095236,0.2785714285714285
fabp4,rabvs_budgeted_random_parts,0.6365660532327199,44.333333333333336,46.333333333333336,46.666666666666664,0.9929078014184398,59.51063829787233,59.51063829787233,0.006203191632792867,0.0022961322747481667,1135.0,0.9323680133476344,41.11600587371512,814.6666666666666,0.6581949392954508,0.6443333333333333,0.0284946349672639,0.11666666666666664,0.2119047619047619,0.09523809523809523
fabp4,rabvs_budgeted_reliable,0.7792553877919731,44.333333333333336,44.666666666666664,46.0,0.9787234042553191,59.51063829787233,59.51063829787233,0.004570853924700467,0.0021866541422628665,1135.0,0.9323680133476344,40.52863436123348,817.3333333333334,0.6578851540883383,0.6193333333333334,0.02748857924060033,0.04761904761904757,0.2738095238095238,0.22619047619047616
fak1,boba_ucb,0.8285088949669216,95.0,98.66666666666667,99.0,0.9899999999999999,54.5,54.5,0.003048648316799967,0.0011477336750721,1242.0,0.9620183486238533,79.71014492753623,832.3333333333334,0.6419643561045328,0.511,0.060779061236328834,0.03293138329634677,0.3292483660130719,0.2963169827167251
fak1,rabvs_budgeted_no_ucb,0.8192726585583728,98.0,98.66666666666667,98.66666666666667,0.9866666666666667,54.5,54.5,0.003487819085259167,0.0007531178550020333,1242.0,0.9620183486238533,79.44176060118089,943.6666666666666,0.622039794921875,0.9883333333333333,0.05883022110615407,0.035409035409035367,0.3272058823529412,0.2917968469439058
fak1,rabvs_budgeted_random_parts,0.4847248853671204,93.0,97.0,97.0,0.9700000000000001,54.5,54.5,0.0029621198379935995,0.0015671608925266333,1242.0,0.9620183486238533,78.09983896940419,943.6666666666666,0.6238295435905457,0.985,0.05711282853020447,0.04029304029304027,0.3174019607843137,0.2771089204912734
fak1,rabvs_budgeted_reliable,0.8285088949669216,95.33333333333333,98.0,98.0,0.98,54.5,54.5,0.003048648316799967,0.0011477336750721,1242.0,0.9620183486238533,78.90499194847021,944.0,0.6241082747777303,0.9863333333333334,0.0580271318828095,0.03293138329634677,0.3292483660130719,0.2963169827167251
fgfr1,boba_ucb,0.8143419319048609,100.0,127.33333333333333,129.0,0.9280575539568345,63.58992805755397,63.58992805755397,0.004509333657740433,0.0030999772489105,1536.0,0.9710374476750764,83.984375,883.6666666666666,0.6207197705904642,0.504,0.13069804707680682,0.07541478129713418,0.21644042232277524,0.14102564102564097
fgfr1,rabvs_budgeted_no_ucb,0.7692234057365637,100.0,129.66666666666666,130.66666666666666,0.9400479616306954,63.58992805755397,63.58992805755397,0.005028652070736334,0.0024942692528714,1536.0,0.9710374476750764,85.06944444444444,997.3333333333334,0.613572339216868,0.8906666666666667,0.12730307796693804,0.0633484162895927,0.23001508295625941,0.16666666666666663
fgfr1,rabvs_budgeted_random_parts,0.6655377732155449,98.66666666666667,123.66666666666667,125.66666666666667,0.9040767386091128,63.58992805755397,63.58992805755397,0.008577716173742566,0.0041756703877501335,1536.0,0.9710374476750764,81.8142361111111,989.6666666666666,0.6175987521807352,0.867,0.12308228730822869,0.10400600594465947,0.18778280542986417,0.08377679948520471
fgfr1,rabvs_budgeted_reliable,0.8143419319048609,99.66666666666667,127.66666666666667,128.66666666666666,0.9256594724220624,63.58992805755397,63.58992805755397,0.004509333657740433,0.0030999772489105,1536.0,0.9710374476750764,83.7673611111111,997.0,0.6121605436007181,0.9033333333333333,0.12571196249357164,0.07541478129713418,0.21644042232277524,0.14102564102564097
fkb1a,boba_ucb,0.8330830830830832,100.0,111.0,111.0,1.0,53.252252252252255,53.252252252252255,0.002485123582117267,0.0001915355834413,1260.0,0.9644730164100827,88.09523809523812,833.3333333333334,0.630094031492869,0.4536666666666666,0.11273759076919958,0.0191441441441441,0.35585585585585583,0.3367117117117117
fkb1a,rabvs_budgeted_no_ucb,0.8328328328328328,100.0,111.0,111.0,1.0,53.252252252252255,53.252252252252255,0.0019966725401556,9.274522290057592e-05,1260.0,0.9644730164100827,88.09523809523812,979.0,0.6136217514673868,0.906,0.10649216975422422,0.014639639639639601,0.3603603603603604,0.34572072072072074
fkb1a,rabvs_budgeted_random_parts,0.5411629886578412,100.0,109.0,109.0,0.981981981981982,53.252252252252255,53.252252252252255,0.0035102699790546337,0.0005084936507307,1260.0,0.9644730164100827,86.5079365079365,978.0,0.6120644807815552,0.903,0.1044770135541299,0.11261261261261261,0.26238738738738737,0.14977477477477477
fkb1a,rabvs_budgeted_reliable,0.8330830830830832,100.0,111.0,111.0,1.0,53.252252252252255,53.252252252252255,0.002485123582117267,0.0001915355834413,1260.0,0.9644730164100827,88.09523809523812,979.0,0.6126049558321635,0.9056666666666667,0.10656385372376624,0.0191441441441441,0.35585585585585583,0.3367117117117117
fnta,boba_ucb,0.7011766212853169,100.0,491.6666666666667,552.6666666666666,0.9335585585585585,85.45945945945944,83.82683473987821,0.0024265957170982334,0.0019208254651304666,3584.0,0.9881931267130509,154.20386904761904,945.6666666666666,0.5252781907717387,0.7053333333333334,0.5546167607943789,0.05981554677206847,0.16956521739130426,0.1097496706192358
fnta,rabvs_budgeted_no_ucb,0.6177623574052113,100.0,495.0,552.0,0.9324324324324325,85.45945945945944,84.44610618523662,0.010024227489086133,0.002867939124846033,3584.0,0.9881931267130509,154.01785714285714,977.6666666666666,0.5203976631164551,0.819,0.5494949494949495,0.0097496706192358,0.2180500658761528,0.208300395256917
fnta,rabvs_budgeted_random_parts,0.4785801583506031,100.0,458.0,535.6666666666666,0.9048423423423424,85.45945945945944,77.69041769041769,0.005663849251949766,0.003537728865813,3584.0,0.9881931267130509,149.46056547619048,965.0,0.5268358588218689,0.8063333333333333,0.5347875482844808,0.09563759839127876,0.1309769519424478,0.035339353551168996
fnta,rabvs_budgeted_reliable,0.7011766212853169,100.0,491.6666666666667,548.0,0.9256756756756755,85.45945945945944,83.77053733575472,0.0024265957170982334,0.0019208254651304666,3584.0,0.9881931267130509,152.9017857142857,989.3333333333334,0.5216840704282125,0.8426666666666667,0.5455196729382991,0.05981554677206847,0.16956521739130426,0.1097496706192358
fpps,boba_ucb,0.8333333333333334,85.0,85.0,85.0,1.0,105.11764705882352,100.39325842696628,0.0025382733921106666,5.603437670187464e-05,1536.0,0.9713486289871293,55.33854166666666,607.6666666666666,0.6763058304786682,0.33899999999999997,0.07822632460746913,0.002982848620432467,0.18745862973296798,0.1844757811125355
fpps,rabvs_budgeted_no_ucb,0.8333333333333334,85.0,85.0,85.0,1.0,105.11764705882352,100.39325842696628,0.0017728547113224334,2.3429689343981845e-05,1536.0,0.9713486289871293,55.33854166666666,968.0,0.6196377078692118,0.9133333333333334,0.05806110102843313,0.0059590539254519665,0.1843296783405731,0.178370624415121
fpps,rabvs_budgeted_random_parts,0.689068100358423,85.0,85.0,85.0,1.0,105.11764705882352,100.39325842696628,0.0034045816100664664,0.00013174758634456983,1536.0,0.9713486289871293,55.33854166666666,967.3333333333334,0.6176908413569132,0.9049999999999999,0.05811785696729573,0.0596569724086502,0.1304996271439224,0.07084265473527214
fpps,rabvs_budgeted_reliable,0.8333333333333334,85.0,85.0,85.0,1.0,105.11764705882352,100.39325842696628,0.0025382733921106666,5.603437670187464e-05,1536.0,0.9713486289871293,55.33854166666666,968.0,0.619541068871816,0.9116666666666667,0.05804215530753687,0.002982848620432467,0.18745862973296798,0.1844757811125355
gcr,boba_ucb,0.7643049007466889,100.0,231.0,240.0,0.9302325581395348,59.13565891472869,59.13565891472869,0.0043503955729881,0.003987157921741867,1792.0,0.9804242861200324,133.92857142857142,855.0,0.6279933651288351,0.5539999999999999,0.24840135864581916,0.07339449541284397,0.2477064220183486,0.17431192660550454
gcr,rabvs_budgeted_no_ucb,0.7195134537405167,100.0,245.0,252.33333333333334,0.9780361757105943,59.13565891472869,59.13565891472869,0.007601681321880699,0.003573147269826967,1792.0,0.9804242861200324,140.8110119047619,974.0,0.6161824663480123,0.8396666666666667,0.2551300231195752,0.05198776758409784,0.27872433377020533,0.22673656618610738
gcr,rabvs_budgeted_random_parts,0.6009913954358398,96.33333333333333,187.33333333333334,204.0,0.7906976744186046,59.13565891472869,49.98831298238503,0.010138720494521834,0.008704236660490734,1792.0,0.9804242861200324,113.83928571428571,940.0,0.6084277232487997,0.777,0.20368104694123504,0.17065362332496706,0.1372926221447602,-0.0333610011802069
gcr,rabvs_budgeted_reliable,0.7643049007466889,100.0,236.66666666666666,248.33333333333334,0.9625322997416021,59.13565891472869,59.13565891472869,0.0043503955729881,0.003987157921741867,1792.0,0.9804242861200324,138.57886904761904,977.3333333333334,0.6145932078361511,0.8533333333333334,0.2481154193766927,0.07339449541284397,0.2477064220183486,0.17431192660550454
glcm,boba_ucb,0.7958476734762612,53.666666666666664,54.0,54.0,1.0,71.37037037037038,71.37037037037038,0.011722331344691935,0.0023373034041224,1178.0,0.9490572565300122,45.84040747028863,746.0,0.6901247104008993,0.4963333333333333,0.04080697979848174,0.05354058721934366,0.2262521588946459,0.17271157167530224
glcm,rabvs_budgeted_no_ucb,0.7859439300411523,52.0,52.0,52.0,0.9629629629629629,71.37037037037038,71.37037037037038,0.006189125527554334,0.0014001385323381334,1178.0,0.9490572565300122,44.142614601018686,917.0,0.6830124258995056,0.927,0.0329031262854792,0.06735751295336782,0.20552677029360958,0.13816925734024177
glcm,rabvs_budgeted_random_parts,0.560699096225412,49.666666666666664,50.333333333333336,50.666666666666664,0.9382716049382717,71.37037037037038,68.93035770813549,0.010863088124983633,0.0045904052376414,1178.0,0.9490572565300122,43.01075268817204,912.6666666666666,0.6840214530626932,0.9013333333333334,0.031881451562281234,0.11053540587219339,0.15716753022452498,0.046632124352331605
glcm,rabvs_budgeted_reliable,0.7958476734762612,52.333333333333336,52.666666666666664,52.666666666666664,0.9753086419753086,71.37037037037038,71.37037037037038,0.011722331344691935,0.0023373034041224,1178.0,0.9490572565300122,44.708545557441994,911.0,0.6863463521003723,0.8813333333333334,0.0341601345980416,0.05354058721934366,0.2262521588946459,0.17271157167530224
gria2,boba_ucb,0.7176301917681228,99.33333333333333,143.0,148.66666666666666,0.940928270042194,75.96835443037975,73.22505274261603,0.0075727352580151,0.004041966110882833,1536.0,0.978671998667,96.78819444444444,832.3333333333334,0.6404726107915243,0.4253333333333333,0.1518881594943791,0.0604547975596228,0.1888888888888888,0.128434091329266
gria2,rabvs_budgeted_no_ucb,0.7488918877080198,99.33333333333333,143.66666666666666,144.33333333333334,0.9135021097046415,75.96835443037975,74.49119198312236,0.007218715482696633,0.003266381682773033,1536.0,0.978671998667,93.9670138888889,983.0,0.6384334166844686,0.8113333333333334,0.13898459914066907,0.044925124792013264,0.19722222222222216,0.15229709743020892
gria2,rabvs_budgeted_random_parts,0.649836453912192,94.66666666666667,130.33333333333334,134.0,0.8481012658227848,75.96835443037975,67.7384493670886,0.012389586575300933,0.0066008449684483,1536.0,0.978671998667,87.23958333333333,950.3333333333334,0.6462215781211853,0.7520000000000001,0.13005420772617787,0.10260676650027727,0.13937881308929556,0.0367720465890183
gria2,rabvs_budgeted_reliable,0.7176301917681228,99.0,143.33333333333334,145.33333333333334,0.919831223628692,75.96835443037975,72.59198312236286,0.0075727352580151,0.004041966110882833,1536.0,0.978671998667,94.61805555555556,975.6666666666666,0.6361782550811768,0.8013333333333333,0.14137460546370692,0.0604547975596228,0.1888888888888888,0.128434091329266
grik1,boba_ucb,0.8166481069706876,95.33333333333333,101.0,101.0,1.0,65.85148514851485,65.85148514851485,0.0051904757725375,0.0013320188197704999,1280.0,0.9679246228637296,78.90625,674.6666666666666,0.6718349854151408,0.47733333333333333,0.09427097569690686,0.044044044044043995,0.25925925925925924,0.21521521521521522
grik1,rabvs_budgeted_no_ucb,0.8102310231023102,99.33333333333333,101.0,101.0,1.0,65.85148514851485,65.85148514851485,0.005830084444766667,0.0006816604138010334,1280.0,0.9679246228637296,78.90625,949.0,0.6645292441050211,0.9346666666666668,0.07570742632883883,0.03799907692123256,0.2652652652652652,0.22726618834403264
grik1,rabvs_budgeted_random_parts,0.5084500150557061,76.0,77.66666666666667,77.66666666666667,0.768976897689769,65.85148514851485,62.57529185754397,0.006664696419937134,0.0031648433390522,1280.0,0.9679246228637296,60.677083333333336,961.3333333333334,0.6607959270477295,0.96,0.05177920477449007,0.1251251251251251,0.16316316316316312,0.038038038038038
grik1,rabvs_budgeted_reliable,0.8166481069706876,94.66666666666667,99.0,99.0,0.9801980198019802,65.85148514851485,65.85148514851485,0.0051904757725375,0.0013320188197704999,1280.0,0.9679246228637296,77.34375,949.0,0.6662794550259908,0.9366666666666666,0.0745971773938358,0.044044044044043995,0.25925925925925924,0.21521521521521522
hdac2,boba_ucb,0.8182860898614323,100.0,179.66666666666666,180.0,0.9729729729729731,56.67567567567568,56.67567567567568,0.0037540268446388334,0.0015685347748551667,1536.0,0.975584167858846,117.1875,845.6666666666666,0.6021793683369955,0.3419999999999999,0.18730271390307004,0.06730158730158724,0.27608142493638677,0.20877983763479943
hdac2,rabvs_budgeted_no_ucb,0.796927374301676,100.0,179.33333333333334,179.33333333333334,0.9693693693693693,56.67567567567568,56.67567567567568,0.0045845130005005,0.0011709563008156668,1536.0,0.975584167858846,116.75347222222221,997.0,0.5964011947313944,0.777,0.17215466666877322,0.031111111111111034,0.3123409669211195,0.2812298558100084
hdac2,rabvs_budgeted_random_parts,0.5683289241622574,97.66666666666667,159.33333333333334,159.66666666666666,0.8630630630630631,56.67567567567568,55.23629343629344,0.005501847413741066,0.0038751004471697333,1536.0,0.975584167858846,103.94965277777777,992.3333333333334,0.5859520634015402,0.7760000000000001,0.15269658573125536,0.16126984126984123,0.1819338422391857,0.020664000969344468
hdac2,rabvs_budgeted_reliable,0.8182860898614323,100.0,176.66666666666666,176.66666666666666,0.954954954954955,56.67567567567568,56.67567567567568,0.0037540268446388334,0.0015685347748551667,1536.0,0.975584167858846,115.01736111111113,997.6666666666666,0.5959967970848083,0.7926666666666667,0.16914497725303854,0.06730158730158724,0.27608142493638677,0.20877983763479943
hdac8,boba_ucb,0.8198763900376803,100.0,166.0,167.0,0.9823529411764705,62.47058823529412,62.47058823529412,0.0036059056965859,0.0010257180049481334,1536.0,0.975894538606403,108.72395833333333,866.6666666666666,0.602016548315684,0.37799999999999995,0.17111579332803362,0.0451977401129943,0.2693032015065913,0.22410546139359697
hdac8,rabvs_budgeted_no_ucb,0.8109103078982597,100.0,166.0,166.0,0.9764705882352939,62.47058823529412,62.47058823529412,0.0031270455379149666,0.0007695467904299001,1536.0,0.975894538606403,108.07291666666669,999.0,0.5978465477625529,0.8119999999999999,0.1592633221632761,0.03515379786566223,0.2793471437539234,0.2441933458882611
hdac8,rabvs_budgeted_random_parts,0.5457359739535553,98.66666666666667,150.33333333333334,150.66666666666666,0.8862745098039215,60.57754010695188,61.684794672586015,0.006592199257453767,0.0018658715429576665,1536.0,0.975894538606403,98.09027777777777,991.6666666666666,0.6044915517171224,0.7919999999999999,0.1438209892865049,0.1274325172630257,0.18832391713747643,0.060891399874450726
hdac8,rabvs_budgeted_reliable,0.8198763900376803,99.66666666666667,166.0,166.0,0.9764705882352939,60.57754010695188,62.2741398446171,0.0036059056965859,0.0010257180049481334,1536.0,0.975894538606403,108.07291666666669,998.6666666666666,0.5966658592224121,0.8116666666666666,0.15915307269611698,0.0451977401129943,0.2693032015065913,0.22410546139359697
hivint,boba_ucb,0.8123222175986234,96.66666666666667,98.33333333333333,99.33333333333333,0.9933333333333333,67.5,67.5,0.006525949742032833,0.0012722872115496669,1280.0,0.9683950617283953,77.60416666666667,824.3333333333334,0.6484903693199158,0.4653333333333333,0.0978702966632814,0.029585798816568004,0.2631058358061325,0.23352003698956447
hivint,rabvs_budgeted_no_ucb,0.8231292517006802,97.66666666666667,98.33333333333333,99.0,0.9899999999999999,67.5,67.5,0.0051018364226588,0.0009850191535468,1280.0,0.9683950617283953,77.34375,974.3333333333334,0.6295620401700338,0.9083333333333333,0.08985356775479901,0.0355029585798816,0.2551928783382789,0.21968991975839722
hivint,rabvs_budgeted_random_parts,0.5509671759671759,85.33333333333333,87.66666666666667,87.66666666666667,0.8766666666666666,67.5,66.83823529411765,0.009629635771940367,0.002638741783802667,1280.0,0.9683950617283953,68.48958333333333,968.6666666666666,0.6422384977340698,0.883,0.07862620385599305,0.11143984220907294,0.18199802176063298,0.07055817955156003
hivint,rabvs_budgeted_reliable,0.8123222175986234,96.33333333333333,99.0,99.33333333333333,0.9933333333333333,67.5,67.5,0.006525949742032833,0.0012722872115496669,1280.0,0.9683950617283953,77.60416666666667,971.6666666666666,0.6333574652671814,0.8986666666666667,0.09064914614630983,0.029585798816568004,0.2631058358061325,0.23352003698956447
hivpr,boba_ucb,0.7451269055509337,100.0,457.6666666666667,504.6666666666667,0.9415422885572139,67.69776119402985,67.51126598412894,0.002293758112824,0.002858268325578833,2816.0,0.9870657186426354,179.21401515151516,866.6666666666666,0.5055294632911682,0.5893333333333334,0.5128221875880299,0.08466483011937549,0.20066152149944871,0.11599669138007314
hivpr,rabvs_budgeted_no_ucb,0.6225893791023432,100.0,489.3333333333333,511.6666666666667,0.9546019900497512,67.69776119402985,67.69776119402985,0.006237867879018867,0.0023543090510670336,2816.0,0.9870657186426354,181.69981060606062,934.6666666666666,0.5060152411460876,0.742,0.5137808939711048,0.013587719404699732,0.2701705372992189,0.25658281789451914
hivpr,rabvs_budgeted_random_parts,0.5937595006885205,100.0,428.6666666666667,495.0,0.9235074626865671,67.69776119402985,66.08146937488864,0.003782723040250667,0.0045572421209615,2816.0,0.9870657186426354,175.78125,924.6666666666666,0.5156372586886088,0.7463333333333333,0.4963961385291625,0.11717171717171714,0.16409408305769932,0.04692236588598216
hivpr,rabvs_budgeted_reliable,0.7451269055509337,100.0,460.3333333333333,502.3333333333333,0.937189054726368,67.69776119402985,67.44910091416197,0.002293758112824,0.002858268325578833,2816.0,0.9870657186426354,178.38541666666666,951.0,0.5083392262458801,0.7786666666666666,0.5031063233103512,0.08466483011937549,0.20066152149944871,0.11599669138007314
hivrt,boba_ucb,0.741078908157745,99.66666666666667,199.0,222.66666666666666,0.6587771203155818,56.89053254437869,47.408777120315584,0.0062430710778063996,0.0105872310572108,2048.0,0.9822490335777557,108.72395833333333,904.6666666666666,0.6115085482597351,0.5193333333333333,0.22427674557646302,0.07657657657657653,0.17898022892819976,0.10240365235162313
hivrt,rabvs_budgeted_no_ucb,0.6776437687603253,98.33333333333333,226.33333333333334,245.66666666666666,0.7268244575936883,56.89053254437869,51.65581340401051,0.013011830958803665,0.010473728858539033,2048.0,0.9822490335777557,119.95442708333333,965.6666666666666,0.6156214872996012,0.6976666666666667,0.24412503141126085,0.05128205128205123,0.21990981616371832,0.16862776488166706
hivrt,rabvs_budgeted_random_parts,0.5441500306453025,90.66666666666667,177.66666666666666,203.66666666666666,0.6025641025641025,56.89053254437869,39.50731426692965,0.008531523740761432,0.0128575765047801,2048.0,0.9822490335777557,99.44661458333333,948.3333333333334,0.6145195563634237,0.6943333333333334,0.20318938115254917,0.132016632016632,0.1130766562608394,-0.018939975755792666
hivrt,rabvs_budgeted_reliable,0.741078908157745,99.33333333333333,199.66666666666666,219.33333333333334,0.6489151873767258,56.89053254437869,47.21124054898093,0.0062430710778063996,0.0105872310572108,2048.0,0.9822490335777557,107.09635416666667,975.3333333333334,0.6085536877314249,0.7333333333333334,0.21771388357077318,0.07657657657657653,0.17898022892819976,0.10240365235162313
hmdh,boba_ucb,0.8211167163532527,100.0,170.0,170.0,1.0,52.47058823529412,52.47058823529412,0.0025839529861437,0.0003347607658861667,1536.0,0.9713004484304933,110.67708333333331,766.3333333333334,0.6193156043688456,0.5046666666666667,0.19014830987554307,0.029861926211280632,0.35152248030768707,0.3216605540964064
hmdh,rabvs_budgeted_no_ucb,0.8160130718954249,100.0,170.0,170.0,1.0,52.47058823529412,52.47058823529412,0.0022152479416552,0.00015372070916049998,1536.0,0.9713004484304933,110.67708333333331,1000.0,0.6033634344736735,0.9780000000000001,0.16638083345690416,0.015695067264573936,0.3654708520179372,0.3497757847533632
hmdh,rabvs_budgeted_random_parts,0.5389061421670117,100.0,168.0,168.0,0.9882352941176471,52.47058823529412,52.47058823529412,0.0033672357051678,0.0005716182286291667,1536.0,0.9713004484304933,109.375,998.0,0.6038111448287964,0.977,0.16448017377989063,0.1434977578475336,0.23692077727952165,0.09342301943198804
hmdh,rabvs_budgeted_reliable,0.8211167163532527,100.0,169.66666666666666,170.0,1.0,52.47058823529412,52.47058823529412,0.0025839529861437,0.0003347607658861667,1536.0,0.9713004484304933,110.67708333333331,998.6666666666666,0.5997307499249777,0.9783333333333334,0.16666714294967777,0.029861926211280632,0.35152248030768707,0.3216605540964064
hs90a,boba_ucb,0.8292748917748917,86.66666666666667,88.0,88.0,1.0,56.11363636363635,56.11363636363635,0.0045945851914521,0.0007643527371823666,1221.0,0.9587889833940868,72.07207207207207,797.6666666666666,0.6587670842806498,0.48666666666666664,0.049268215507107936,0.03373819163292843,0.3225371120107962,0.28879892037786775
hs90a,rabvs_budgeted_no_ucb,0.8169191919191919,88.0,88.0,88.0,1.0,56.11363636363635,56.11363636363635,0.003830916709722233,0.00037924336663706665,1221.0,0.9587889833940868,72.07207207207207,942.0,0.6336922446886698,0.9533333333333333,0.04758406721861863,0.0283400809716599,0.3279352226720648,0.29959514170040485
hs90a,rabvs_budgeted_random_parts,0.6030993292339145,79.33333333333333,80.33333333333333,80.33333333333333,0.9128787878787877,56.11363636363635,56.11363636363635,0.006673376980079266,0.0018735507250312998,1221.0,0.9587889833940868,65.7930657930658,946.0,0.6319226225217184,0.9536666666666666,0.043460254976734426,0.12135954028993075,0.23520182570246753,0.11384228541253677
hs90a,rabvs_budgeted_reliable,0.8292748917748917,86.66666666666667,86.66666666666667,86.66666666666667,0.9848484848484848,56.11363636363635,56.11363636363635,0.0045945851914521,0.0007643527371823666,1221.0,0.9587889833940868,70.98007098007098,941.3333333333334,0.6357393066088358,0.9500000000000001,0.0461525939530923,0.03373819163292843,0.3225371120107962,0.28879892037786775
hxk4,boba_ucb,0.82997557997558,92.0,92.0,92.0,1.0,52.08695652173913,52.08695652173913,0.0041415057596317,0.00022230953328946667,1215.0,0.9577420701168614,75.7201646090535,801.0,0.6331823269526163,0.5276666666666667,0.08548036326993963,0.026388888888888868,0.35694444444444445,0.33055555555555555
hxk4,rabvs_budgeted_no_ucb,0.8294082125603864,92.0,92.0,92.0,1.0,52.08695652173913,52.08695652173913,0.002800288752425833,8.178711330746222e-05,1215.0,0.9577420701168614,75.7201646090535,960.0,0.6157807310422262,0.9813333333333333,0.07924237037840746,0.024999999999999967,0.35833333333333334,0.3333333333333333
hxk4,rabvs_budgeted_random_parts,0.570680898810051,71.0,71.0,71.0,0.7717391304347826,52.08695652173913,51.72524154589372,0.0047432220837308,0.0030715436906313,1215.0,0.9577420701168614,58.43621399176954,966.6666666666666,0.615360697110494,0.984,0.05762081710381353,0.1791666666666666,0.20138888888888884,0.0222222222222222
hxk4,rabvs_budgeted_reliable,0.82997557997558,92.0,92.0,92.0,1.0,52.08695652173913,52.08695652173913,0.0041415057596317,0.00022230953328946667,1215.0,0.9577420701168614,75.7201646090535,960.0,0.6162941853205363,0.979,0.07933008687244207,0.026388888888888868,0.35694444444444445,0.33055555555555555
igf1r,boba_ucb,0.8162348254382152,100.0,140.0,142.33333333333334,0.9617117117117117,63.83783783783784,63.83783783783784,0.005170791160603133,0.0018472528382089664,1536.0,0.9729043183742592,92.66493055555556,843.3333333333334,0.6189890702565511,0.527,0.14481367809731818,0.041578576462297366,0.2577683615819209,0.2161897851196235
igf1r,rabvs_budgeted_no_ucb,0.8107913669064749,100.0,138.33333333333334,138.33333333333334,0.9346846846846847,63.83783783783784,63.83783783783784,0.0025705814935634667,0.0013678133455680332,1536.0,0.9729043183742592,90.0607638888889,999.3333333333334,0.601838489373525,0.9659999999999999,0.1351720725537426,0.026074700493305136,0.2718926553672316,0.24581795487392644
igf1r,rabvs_budgeted_random_parts,0.5810271539918238,91.0,108.66666666666667,109.0,0.7364864864864865,63.83783783783784,59.763082231167346,0.005740847696297467,0.004169373213585834,1536.0,0.9729043183742592,70.96354166666667,993.3333333333334,0.6102628509203593,0.9436666666666667,0.1048732670494328,0.15785764622973922,0.13488700564971748,-0.02297064058002173
igf1r,rabvs_budgeted_reliable,0.8162348254382152,100.0,139.33333333333334,139.33333333333334,0.9414414414414415,63.83783783783784,63.83783783783784,0.005170791160603133,0.0018472528382089664,1536.0,0.9729043183742592,90.71180555555554,997.0,0.6040903329849243,0.9446666666666667,0.13605503439955677,0.041578576462297366,0.2577683615819209,0.2161897851196235
inha,boba_ucb,0.8052404361252915,43.0,43.0,43.0,1.0,54.48837209302326,54.48837209302326,0.0062614940569567,0.0005782070102645333,1117.0,0.9205434627969838,38.49597135183527,727.3333333333334,0.684440533320109,0.516,0.027863954431051868,0.03954802259887,0.3276353276353276,0.2880873050364575
inha,rabvs_budgeted_no_ucb,0.8255813953488372,43.0,43.0,43.0,1.0,54.48837209302326,54.48837209302326,0.005620477280562033,0.0004109608905690333,1117.0,0.9205434627969838,38.49597135183527,854.3333333333334,0.6782774726549784,0.7753333333333333,0.024679807957872568,0.03672316384180787,0.3304843304843305,0.29376116664252255
inha,rabvs_budgeted_random_parts,0.5998049807699861,41.666666666666664,41.666666666666664,41.666666666666664,0.9689922480620154,54.48837209302326,54.48837209302326,0.0060695214014731,0.0010064863813873668,1117.0,0.9205434627969838,37.30229782154581,866.0,0.6793216665585836,0.7256666666666667,0.023014441991087597,0.09887005649717513,0.26780626780626776,0.16893621130909264
inha,rabvs_budgeted_reliable,0.8052404361252915,43.0,43.0,43.0,1.0,54.48837209302326,54.48837209302326,0.0062614940569567,0.0005782070102645333,1117.0,0.9205434627969838,38.49597135183527,855.3333333333334,0.6799015402793884,0.7373333333333334,0.02469680996275267,0.03954802259887,0.3276353276353276,0.2880873050364575
ital,boba_ucb,0.8102111030415515,100.0,133.66666666666666,135.33333333333334,0.9806763285024154,62.594202898550726,62.594202898550726,0.005915727943673034,0.0016376376066808667,1536.0,0.9703635100717761,88.10763888888887,832.3333333333334,0.6229087511698405,0.4856666666666667,0.1395056609425831,0.026234567901234535,0.287037037037037,0.2608024691358024
ital,rabvs_budgeted_no_ucb,0.7748471919632051,100.0,135.66666666666666,135.66666666666666,0.9830917874396136,62.594202898550726,62.594202898550726,0.005027907088975,0.0010370254426852667,1536.0,0.9703635100717761,88.32465277777779,993.6666666666666,0.6080238223075867,0.8883333333333333,0.13180779239173399,0.027006172839506137,0.28703703703703703,0.2600308641975308
ital,rabvs_budgeted_random_parts,0.649785052910053,99.66666666666667,126.0,127.33333333333333,0.9227053140096618,62.594202898550726,62.594202898550726,0.009576949538406833,0.0041813239282938,1536.0,0.9703635100717761,82.89930555555556,973.6666666666666,0.6088509360949198,0.8556666666666667,0.12367708933283629,0.08796296296296291,0.22299382716049373,0.13503086419753083
ital,rabvs_budgeted_reliable,0.8102111030415515,100.0,134.66666666666666,135.33333333333334,0.9806763285024154,62.594202898550726,62.594202898550726,0.005915727943673034,0.0016376376066808667,1536.0,0.9703635100717761,88.10763888888887,988.6666666666666,0.6060607632001241,0.8746666666666667,0.13259103405406672,0.026234567901234535,0.287037037037037,0.2608024691358024
jak2,boba_ucb,0.8138115935976306,95.33333333333333,105.33333333333333,105.33333333333333,0.9844236760124611,61.74766355140187,61.74766355140187,0.006325987108952766,0.0024762505289592997,1280.0,0.9677110135714647,82.29166666666667,908.6666666666666,0.6402338544527689,0.605,0.10507521060933239,0.06344410876132926,0.25555555555555554,0.19211144679422623
jak2,rabvs_budgeted_no_ucb,0.7999975042427873,97.0,105.66666666666667,106.0,0.9906542056074766,61.74766355140187,61.74766355140187,0.006716134385028733,0.0018541749252581668,1280.0,0.9677110135714647,82.8125,997.6666666666666,0.624390184879303,0.9400000000000001,0.1028334603851796,0.0614300100704934,0.25858585858585853,0.19715584851536505
jak2,rabvs_budgeted_random_parts,0.7226890922543096,80.0,87.0,87.33333333333333,0.8161993769470405,61.74766355140187,57.381667138676484,0.008593782948387432,0.0041345265400018335,1280.0,0.9677110135714647,68.22916666666667,997.6666666666666,0.6199724475542704,0.9400000000000001,0.0837307362894432,0.18126888217522652,0.13528334706582437,-0.04598553510940217
jak2,rabvs_budgeted_reliable,0.8138115935976306,96.0,104.0,105.0,0.9813084112149534,61.74766355140187,61.74766355140187,0.006325987108952766,0.0024762505289592997,1280.0,0.9677110135714647,82.03125,997.0,0.6252769827842712,0.9416666666666665,0.1021814646382803,0.06344410876132926,0.25555555555555554,0.19211144679422623
kif11,boba_ucb,0.8050371606483413,96.33333333333333,108.66666666666667,112.0,0.9655172413793104,60.05172413793104,60.05172413793104,0.005788638486687067,0.0032816873929787664,1280.0,0.9693750598143364,87.5,781.0,0.6454926133155823,0.56,0.11132830799629613,0.07927411652340013,0.23754789272030644,0.1582737761969063
kif11,rabvs_budgeted_no_ucb,0.7838053832707225,100.0,108.33333333333333,108.66666666666667,0.9367816091954023,60.05172413793104,60.05172413793104,0.0079149693373964,0.0027054387600819,1280.0,0.9693750598143364,84.89583333333333,953.3333333333334,0.6387529571851095,0.926,0.09880145049281974,0.04584527220630367,0.26628352490421453,0.2204382526979108
kif11,rabvs_budgeted_random_parts,0.6823018193632229,86.66666666666667,97.66666666666667,99.0,0.853448275862069,60.05172413793104,59.193842364532024,0.009065003255140433,0.005192910344353233,1280.0,0.9693750598143364,77.34375,953.6666666666666,0.6267732381820679,0.9380000000000001,0.0893795491661634,0.12416427889207256,0.1829501915708812,0.05878591267880857
kif11,rabvs_budgeted_reliable,0.8050371606483413,96.0,105.66666666666667,105.66666666666667,0.9109195402298852,60.05172413793104,59.765763546798034,0.005788638486687067,0.0032816873929787664,1280.0,0.9693750598143364,82.55208333333333,956.6666666666666,0.6350195606549581,0.941,0.09619606394325414,0.07927411652340013,0.23754789272030644,0.1582737761969063
kit,boba_ucb,0.8132421038391353,100.0,158.66666666666666,160.33333333333334,0.9658634538152611,63.95180722891567,63.95180722891567,0.0038934699028015003,0.0026762626711712666,1536.0,0.975885455915599,104.38368055555556,898.0,0.6076435645421346,0.56,0.1603627746667744,0.07407407407407403,0.22787193973634653,0.15379786566227244
kit,rabvs_budgeted_no_ucb,0.7740989336361005,100.0,159.66666666666666,161.66666666666666,0.9738955823293174,63.95180722891567,63.95180722891567,0.0050749927781067,0.0019056189105773336,1536.0,0.975885455915599,105.25173611111113,993.0,0.5990477601687113,0.8953333333333333,0.15902179978568975,0.04268675455116127,0.26051475204017577,0.2178279974890144
kit,rabvs_budgeted_random_parts,0.5105468621426068,99.0,151.33333333333334,154.0,0.927710843373494,63.95180722891567,63.348488292793824,0.009210105930853066,0.004504677538875234,1536.0,0.975885455915599,100.26041666666664,987.0,0.6006958882013956,0.8786666666666667,0.15090604333946925,0.10477228853678451,0.19397363465160075,0.08920134611481623
kit,rabvs_budgeted_reliable,0.8132421038391353,100.0,158.33333333333334,160.33333333333334,0.9658634538152611,63.95180722891567,63.95180722891567,0.0038934699028015003,0.0026762626711712666,1536.0,0.975885455915599,104.38368055555556,993.3333333333334,0.5979001720746359,0.9146666666666667,0.1577549930255572,0.07407407407407403,0.22787193973634653,0.15379786566227244
kith,boba_ucb,0.8133093149540519,57.0,57.0,57.0,1.0,51.0,51.0,0.0038060500123699667,0.0002420556647438,1140.0,0.9346405228758169,50.0,865.6666666666666,0.6676076054573059,0.54,0.03850595204491957,0.02739726027397257,0.36551724137931035,0.33811998110533775
kith,rabvs_budgeted_no_ucb,0.8333333333333334,57.0,57.0,57.0,1.0,51.0,51.0,0.0025164457323971997,6.014375655148907e-05,1140.0,0.9346405228758169,50.0,958.3333333333334,0.6467386484146118,0.9686666666666666,0.03784920866245057,0.05022831050228307,0.34252873563218394,0.2923004251299008
kith,rabvs_budgeted_random_parts,0.7198855151816824,53.666666666666664,54.0,54.333333333333336,0.9532163742690059,51.0,51.0,0.004084471008901734,0.0008557294331102334,1140.0,0.9346405228758169,47.66081871345029,961.3333333333334,0.6468986868858337,0.9723333333333333,0.03465513011731497,0.11187214611872143,0.2804597701149425,0.16858762399622104
kith,rabvs_budgeted_reliable,0.8133093149540519,57.0,57.0,57.0,1.0,51.0,51.0,0.0038060500123699667,0.0002420556647438,1140.0,0.9346405228758169,50.0,953.3333333333334,0.6495493650436401,0.963,0.0380388446635317,0.02739726027397257,0.36551724137931035,0.33811998110533775
kpcb,boba_ucb,0.8136819522660231,99.0,118.66666666666667,120.66666666666667,0.8938271604938272,65.44444444444444,65.44444444444444,0.0037553703578951,0.0034793816853735,1536.0,0.9710243350311262,78.55902777777779,829.0,0.6488736470540365,0.4223333333333333,0.12271949810119957,0.04671290290729937,0.2249070568398299,0.17819415393253055
kpcb,rabvs_budgeted_no_ucb,0.7926638066638066,99.33333333333333,117.0,122.66666666666667,0.908641975308642,65.44444444444444,65.44444444444444,0.004178419484538434,0.0032611004743363,1536.0,0.9710243350311262,79.8611111111111,994.3333333333334,0.6337386767069498,0.8653333333333334,0.11910229928347937,0.0399698340874811,0.2239819004524887,0.18401206636500747
kpcb,rabvs_budgeted_random_parts,0.4875088674108281,97.33333333333333,112.33333333333333,117.66666666666667,0.8716049382716049,65.44444444444444,64.70075757575758,0.009057816692600633,0.0059964254936858,1536.0,0.9710243350311262,76.60590277777777,967.0,0.6348550120989481,0.8119999999999999,0.11508041368280637,0.0490196078431372,0.20965309200603313,0.16063348416289588
kpcb,rabvs_budgeted_reliable,0.8136819522660231,98.66666666666667,118.0,122.66666666666667,0.908641975308642,65.44444444444444,65.19654882154883,0.0037553703578951,0.0034793816853735,1536.0,0.9710243350311262,79.86111111111111,990.0,0.6343515912691752,0.8786666666666667,0.11919435358475071,0.04671290290729937,0.2249070568398299,0.17819415393253055
lck,boba_ucb,0.767302074547865,100.0,368.3333333333333,384.6666666666667,0.9158730158730158,66.23809523809524,66.07925088500629,0.0019320589537135998,0.0032055902199398995,2304.0,0.986196980589504,166.9560185185185,915.3333333333334,0.5492910544077555,0.7086666666666667,0.38458165691374263,0.07764198418404024,0.20393002635993288,0.12628804217589262
lck,rabvs_budgeted_no_ucb,0.7009874739664901,100.0,382.6666666666667,390.3333333333333,0.9293650793650793,66.23809523809524,66.15867306155076,0.0027839143308375333,0.0024414745941174,2304.0,0.986196980589504,169.41550925925927,979.6666666666666,0.5451586246490479,0.8886666666666666,0.38863295852292,0.032111190989695636,0.2511382698298586,0.21902707884016293
lck,rabvs_budgeted_random_parts,0.3313426930728884,100.0,360.0,386.3333333333333,0.9198412698412698,66.23809523809524,63.85542994176088,0.0057673990862727,0.0047387922312571,2304.0,0.986196980589504,167.67939814814815,964.6666666666666,0.5496158202489217,0.8333333333333334,0.38422647297538964,0.14569853822190268,0.1373112868439971,-0.008387251377905533
lck,rabvs_budgeted_reliable,0.767302074547865,100.0,372.3333333333333,386.0,0.919047619047619,66.23809523809524,65.9998287084618,0.0019320589537135998,0.0032055902199398995,2304.0,0.986196980589504,167.53472222222223,979.6666666666666,0.547665556271871,0.8923333333333333,0.3843599496999959,0.07764198418404024,0.20393002635993288,0.12628804217589262
lkha4,boba_ucb,0.8164887619661149,100.0,169.0,169.33333333333334,0.9902534113060429,56.26315789473685,56.26315789473685,0.0038810563504981,0.0006742361577145333,1536.0,0.973391539341025,110.24305555555556,818.0,0.645116945107778,0.6253333333333333,0.18059284831436728,0.0394190871369294,0.3125433125433125,0.2731242254063831
lkha4,rabvs_budgeted_no_ucb,0.8058398112696755,100.0,168.66666666666666,168.66666666666666,0.9863547758284601,56.26315789473685,56.26315789473685,0.0030532351027443,0.0004993227365378,1536.0,0.973391539341025,109.80902777777779,997.6666666666666,0.626643975575765,0.9536666666666666,0.16142291250428578,0.029045643153526896,0.32432432432432434,0.2952786811707973
lkha4,rabvs_budgeted_random_parts,0.5654067828725363,100.0,167.0,167.0,0.9766081871345028,56.26315789473685,56.26315789473685,0.006177409491023834,0.0011306739633805333,1536.0,0.973391539341025,108.72395833333333,993.0,0.6271933714548746,0.9369999999999999,0.1605196439462503,0.08982156817264153,0.2628104065604065,0.17298883838776494
lkha4,rabvs_budgeted_reliable,0.8164887619661149,100.0,168.66666666666666,168.66666666666666,0.9863547758284601,56.26315789473685,56.26315789473685,0.0038810563504981,0.0006742361577145333,1536.0,0.973391539341025,109.80902777777779,995.3333333333334,0.6323786775271097,0.9473333333333332,0.16198672995990362,0.0394190871369294,0.3125433125433125,0.2731242254063831
mapk2,boba_ucb,0.8022034900916889,97.33333333333333,100.66666666666667,101.0,1.0,61.8910891089109,61.8910891089109,0.0080326055881607,0.0015986149028762667,1274.0,0.966032101530422,79.27786499215071,857.0,0.6596022049585978,0.5313333333333333,0.09751240977551873,0.04785888226396146,0.27504027743644355,0.227181395172482
mapk2,rabvs_budgeted_no_ucb,0.809148102310231,97.66666666666667,99.33333333333333,99.66666666666667,0.9867986798679867,61.8910891089109,61.8910891089109,0.006632645669772799,0.0011085053675676,1274.0,0.966032101530422,78.2312925170068,973.6666666666666,0.6496480703353882,0.956,0.09279666022475304,0.05111821086261973,0.26624068157614483,0.21512247071352497
mapk2,rabvs_budgeted_random_parts,0.6028308774724546,72.33333333333333,74.33333333333333,74.33333333333333,0.735973597359736,61.8910891089109,58.28896222955629,0.0053237023803692,0.0026034054285203,1274.0,0.966032101530422,58.34641548927263,979.6666666666666,0.6505363980929056,0.959,0.06687306008392267,0.1533546325878594,0.15654952076677311,0.0031948881789137656
mapk2,rabvs_budgeted_reliable,0.8022034900916889,96.0,99.0,99.0,0.9801980198019802,61.8910891089109,61.8910891089109,0.0080326055881607,0.0015986149028762667,1274.0,0.966032101530422,77.70800627943485,973.6666666666666,0.6534488995869955,0.9526666666666666,0.0924171848514177,0.04785888226396146,0.27504027743644355,0.227181395172482
mcr,boba_ucb,0.802863587864679,88.66666666666667,91.33333333333333,92.33333333333333,0.9822695035460994,55.78723404255319,55.78723404255319,0.008617724364838167,0.0028077211666116333,1233.0,0.960812356979405,74.88510408218438,816.3333333333334,0.6699281136194865,0.4516666666666666,0.0947633340665495,0.06717363751584281,0.2811704834605598,0.21399684594471693
mcr,rabvs_budgeted_no_ucb,0.7853343465045594,90.0,91.33333333333333,91.66666666666667,0.975177304964539,55.78723404255319,55.78723404255319,0.006677478454513633,0.0019985520378214,1233.0,0.960812356979405,74.34441741011085,973.6666666666666,0.6304582953453064,0.944,0.08657400221783877,0.06210392902408104,0.28880407124681934,0.22670014222273815
mcr,rabvs_budgeted_random_parts,0.5490430907097573,61.333333333333336,68.66666666666667,69.0,0.7340425531914893,55.78723404255319,51.85351882160393,0.009328683962559934,0.006131625277959934,1233.0,0.960812356979405,55.961070559610704,975.0,0.6259584824244181,0.9253333333333332,0.062451055812794136,0.191381495564005,0.15776081424936383,-0.033620681314641195
mcr,rabvs_budgeted_reliable,0.802863587864679,88.66666666666667,91.66666666666667,91.66666666666667,0.975177304964539,55.78723404255319,55.78723404255319,0.008617724364838167,0.0028077211666116333,1233.0,0.960812356979405,74.34441741011085,973.6666666666666,0.6319483319918314,0.9329999999999999,0.08654342574671674,0.06717363751584281,0.2811704834605598,0.21399684594471693
met,boba_ucb,0.819541266025641,100.0,155.33333333333334,157.33333333333334,0.9477911646586344,68.7710843373494,68.7710843373494,0.0033893934950322002,0.0022811480149164667,1536.0,0.9775753328661528,102.43055555555556,919.3333333333334,0.6168903708457947,0.5683333333333334,0.15524068322981363,0.0612959719789842,0.21541155866900175,0.1541155866900175
met,rabvs_budgeted_no_ucb,0.7911627563223952,100.0,157.33333333333334,158.0,0.9518072289156626,68.7710843373494,68.7710843373494,0.0033095670661262336,0.0015117047253428333,1536.0,0.9775753328661528,102.86458333333331,998.3333333333334,0.6099302570025126,0.9056666666666667,0.1546928089833928,0.04086398131932276,0.23642732049036777,0.19556333917104493
met,rabvs_budgeted_random_parts,0.670144824311491,100.0,150.33333333333334,153.33333333333334,0.9236947791164659,68.7710843373494,67.76565912773903,0.0054285832774999656,0.0036809553797582995,1536.0,0.9775753328661528,99.8263888888889,994.6666666666666,0.61717555920283,0.8826666666666667,0.15015582061348123,0.081144191476941,0.18914185639229417,0.10799766491535312
met,rabvs_budgeted_reliable,0.819541266025641,100.0,155.33333333333334,156.33333333333334,0.9417670682730924,68.7710843373494,68.7710843373494,0.0033893934950322002,0.0022811480149164667,1536.0,0.9775753328661528,101.7795138888889,998.0,0.6081494092941284,0.9133333333333334,0.1527631701468033,0.0612959719789842,0.21541155866900175,0.1541155866900175
mk01,boba_ucb,0.8145183756562734,66.33333333333333,70.0,73.0,0.9240506329113923,58.59493670886078,58.59493670886078,0.006465531987209033,0.0041502825149702,1209.0,0.9564700799308706,60.38047973531845,816.6666666666666,0.6510998606681824,0.5276666666666666,0.04831840396077414,0.07183908045977007,0.22943722943722936,0.1575981489774593
mk01,rabvs_budgeted_no_ucb,0.7766061844107988,73.66666666666667,76.0,76.0,0.9620253164556961,58.59493670886078,58.59493670886078,0.010100815310312332,0.0030387677915678334,1209.0,0.9564700799308706,62.861869313482224,955.6666666666666,0.6457645495732626,0.94,0.049798999454370364,0.0704022988505747,0.25685425685425683,0.18645195800368208
mk01,rabvs_budgeted_random_parts,0.66449864498645,45.333333333333336,47.666666666666664,50.333333333333336,0.6371308016877637,58.59493670886078,49.25371491469455,0.006139206458800766,0.0055925882497719,1209.0,0.9564700799308706,41.6322029225255,960.3333333333334,0.6444930632909139,0.9630000000000001,0.024318258713394533,0.15086206896551715,0.1385281385281385,-0.01233393043737867
mk01,rabvs_budgeted_reliable,0.8145183756562734,65.33333333333333,69.33333333333333,70.0,0.8860759493670886,58.59493670886078,58.59493670886078,0.006465531987209033,0.0041502825149702,1209.0,0.9564700799308706,57.89909015715468,960.0,0.649492879708608,0.9563333333333333,0.04324117027371684,0.07183908045977007,0.22943722943722936,0.1575981489774593
mk10,boba_ucb,0.7837705761316872,84.33333333333333,93.0,95.66666666666667,0.9198717948717948,64.46153846153847,62.85801760428626,0.011116125362656966,0.005567054010903066,1280.0,0.9681782020684168,74.73958333333333,911.3333333333334,0.6335335572560629,0.5619999999999999,0.09438703067264059,0.06448412698412696,0.21691542288557208,0.1524312959014451
mk10,rabvs_budgeted_no_ucb,0.7923940177923021,86.33333333333333,91.0,93.33333333333333,0.8974358974358975,64.46153846153847,63.820130118637586,0.0100716757183258,0.005038033678831266,1280.0,0.9681782020684168,72.91666666666667,995.3333333333334,0.6221024394035339,0.906,0.0897838234203205,0.0535714285714285,0.22089552238805968,0.16732409381663108
mk10,rabvs_budgeted_random_parts,0.51994851994852,70.0,84.33333333333333,87.66666666666667,0.842948717948718,64.46153846153847,55.48182166092614,0.0177264121630929,0.0088386346324492,1280.0,0.9681782020684168,68.48958333333333,988.6666666666666,0.6230740348498026,0.8826666666666667,0.08410514264222137,0.11507936507936507,0.17114427860696513,0.056064913527600034
mk10,rabvs_budgeted_reliable,0.7837705761316872,85.33333333333333,94.0,95.33333333333333,0.9166666666666666,64.46153846153847,62.85801760428626,0.011116125362656966,0.005567054010903066,1280.0,0.9681782020684168,74.47916666666667,992.6666666666666,0.6202467878659567,0.9003333333333333,0.09166694802867249,0.06448412698412696,0.21691542288557208,0.1524312959014451
mk14,boba_ucb,0.713484632122943,100.0,427.6666666666667,509.3333333333333,0.881199538638985,63.0242214532872,59.67678111968771,0.003381249049006833,0.005112720381287566,2816.0,0.9871161377694814,180.87121212121212,952.3333333333334,0.5419225891431173,0.745,0.5115646258503402,0.09641419685327474,0.21233754347428146,0.11592334662100667
mk14,rabvs_budgeted_no_ucb,0.6340589153916968,100.0,448.6666666666667,512.0,0.8858131487889273,63.0242214532872,61.98536066010115,0.0080088298642094,0.0052904320642501,2816.0,0.9871161377694814,181.81818181818184,979.6666666666666,0.5464225014050802,0.8029999999999999,0.5144785449294526,0.037687522868642465,0.2656049789492953,0.22791745608065272
mk14,rabvs_budgeted_random_parts,0.662671733567256,100.0,400.0,482.6666666666667,0.8350634371395618,63.0242214532872,56.56019874012954,0.0042048963678991665,0.0068025464223245005,2816.0,0.9871161377694814,171.40151515151513,962.0,0.5494440992673238,0.783,0.4871691781899042,0.14324917672886933,0.15431081823174078,0.011061641502871401
mk14,rabvs_budgeted_reliable,0.713484632122943,100.0,430.6666666666667,517.0,0.8944636678200691,63.0242214532872,60.25392600479106,0.003381249049006833,0.005112720381287566,2816.0,0.9871161377694814,183.59375,971.3333333333334,0.5389994780222574,0.8113333333333332,0.5174495217653265,0.09641419685327474,0.21233754347428146,0.11592334662100667
mmp13,boba_ucb,0.7433020563606462,100.0,467.3333333333333,511.6666666666667,0.8945221445221446,66.03496503496503,66.03496503496503,0.0038428678131520004,0.0034150801659842667,2816.0,0.987574570228388,181.6998106060606,923.0,0.5160776178042094,0.36433333333333334,0.5145010407961569,0.06173979687199783,0.22665719934738707,0.16491740247538922
mmp13,rabvs_budgeted_no_ucb,0.6313748948412458,100.0,468.6666666666667,508.3333333333333,0.8886946386946386,66.03496503496503,65.97673314339981,0.006182837766109134,0.003640157350069,2816.0,0.987574570228388,180.5160984848485,967.3333333333334,0.5108906129995981,0.4573333333333333,0.5070019738443646,0.030174695606140767,0.25869066525498496,0.22851596964884413
mmp13,rabvs_budgeted_random_parts,0.6133836839530332,99.33333333333333,451.0,505.6666666666667,0.884032634032634,65.45571095571096,65.510878010878,0.007987509393629367,0.0047805608566610334,2816.0,0.987574570228388,179.56912878787875,942.6666666666666,0.5171228845914205,0.383,0.5085683750603031,0.06476089641785773,0.22533968590082934,0.16057878948297155
mmp13,rabvs_budgeted_reliable,0.7433020563606462,99.66666666666667,467.3333333333333,506.6666666666667,0.8857808857808859,66.03496503496503,65.86026936026936,0.0038428678131520004,0.0034150801659842667,2816.0,0.987574570228388,179.9242424242424,965.6666666666666,0.5127641558647156,0.4903333333333333,0.5050999572731968,0.06173979687199783,0.22665719934738707,0.16491740247538922
mp2k1,boba_ucb,0.8022159653844095,98.33333333333333,111.33333333333333,114.33333333333333,0.9449035812672175,68.35537190082644,68.35537190082644,0.007371787377821133,0.0028809056197330665,1536.0,0.9690484826502236,74.43576388888889,829.6666666666666,0.6401780843734741,0.4506666666666666,0.1166398846664501,0.06119162640901767,0.21256038647342992,0.15136876006441222
mp2k1,rabvs_budgeted_no_ucb,0.7717020559579543,100.0,113.66666666666667,114.66666666666667,0.9476584022038567,68.35537190082644,68.35537190082644,0.008843018723890832,0.002421151094657567,1536.0,0.9690484826502236,74.65277777777777,992.3333333333334,0.6395973165829977,0.8556666666666667,0.11095646795020482,0.0475040257648953,0.23107890499194841,0.1835748792270531
mp2k1,rabvs_budgeted_random_parts,0.4814498897160188,75.0,87.33333333333333,90.0,0.7438016528925621,68.35537190082644,59.84526535895648,0.009936759768655266,0.0063278151331006005,1536.0,0.9690484826502236,58.59375,976.3333333333334,0.632473905881246,0.851,0.08567796700672743,0.16103059581320447,0.10064412238325277,-0.06038647342995166
mp2k1,rabvs_budgeted_reliable,0.8022159653844095,98.33333333333333,111.33333333333333,112.66666666666667,0.931129476584022,68.35537190082644,68.35537190082644,0.007371787377821133,0.0028809056197330665,1536.0,0.9690484826502236,73.35069444444444,994.6666666666666,0.6344834168752035,0.8776666666666667,0.10879824805734593,0.06119162640901767,0.21256038647342992,0.15136876006441222
nos1,boba_ucb,0.7669352516391991,81.33333333333333,98.0,99.33333333333333,0.9933333333333333,81.5,73.880081300813,0.0080083046997996,0.004083009120321067,1536.0,0.9685889570552147,64.6701388888889,802.6666666666666,0.6919166445732117,0.6053333333333334,0.1022591159605223,0.08986928104575159,0.1539721539721539,0.06410287292640227
nos1,rabvs_budgeted_no_ucb,0.7482639294740424,86.33333333333333,92.66666666666667,93.33333333333333,0.9333333333333332,81.5,77.52439024390243,0.007885396820268233,0.0033723168198867997,1536.0,0.9685889570552147,60.76388888888889,983.0,0.7001023093859354,0.895,0.08586887517539073,0.06944444444444436,0.1662571662571662,0.09681272181272177
nos1,rabvs_budgeted_random_parts,0.5205740528812913,67.66666666666667,83.0,83.0,0.8300000000000001,81.5,62.28455284552845,0.014186262011213766,0.007359659878166767,1536.0,0.9685889570552147,54.03645833333332,972.0,0.6881457964579264,0.8726666666666666,0.0759490144704943,0.09313725490196073,0.13841113841113836,0.04527388350917757
nos1,rabvs_budgeted_reliable,0.7669352516391991,81.33333333333333,92.66666666666667,93.66666666666667,0.9366666666666666,81.5,74.54268292682927,0.0080083046997996,0.004083009120321067,1536.0,0.9685889570552147,60.98090277777777,982.6666666666666,0.6898370981216431,0.8969999999999999,0.08751360930931516,0.08986928104575159,0.1539721539721539,0.06410287292640227
nram,boba_ucb,0.8327635177782454,97.66666666666667,98.0,98.0,1.0,64.26530612244898,64.26530612244898,0.002749731714927,0.0001806110193979,1275.0,0.9662591298825024,76.86274509803921,597.3333333333334,0.6485006411870321,0.4653333333333333,0.10213883868484637,0.010582010582010533,0.3005291005291005,0.2899470899470899
nram,rabvs_budgeted_no_ucb,0.8324829931972789,98.0,98.0,98.0,1.0,64.26530612244898,64.26530612244898,0.0028342766278835,0.00010994689563003611,1275.0,0.9662591298825024,76.86274509803921,956.6666666666666,0.6420655647913615,0.955,0.08044021056149653,0.009503717098653766,0.301269171522336,0.29176545442368224
nram,rabvs_budgeted_random_parts,0.6893983019564415,91.66666666666667,91.66666666666667,93.0,0.9489795918367346,64.26530612244898,64.26530612244898,0.0035605609990891998,0.0004877936451687666,1275.0,0.9662591298825024,72.94117647058823,956.3333333333334,0.643922766049703,0.959,0.07555606871132443,0.10052910052910047,0.21058201058201056,0.11005291005291
nram,rabvs_budgeted_reliable,0.8327635177782454,97.33333333333333,97.33333333333333,97.33333333333333,0.9931972789115647,64.26530612244898,64.26530612244898,0.002749731714927,0.0001806110193979,1275.0,0.9662591298825024,76.33986928104575,957.0,0.6425963044166565,0.9563333333333333,0.07977346720691607,0.010582010582010533,0.3005291005291005,0.2899470899470899
pa2ga,boba_ucb,0.8179404598510956,93.0,95.66666666666667,97.0,0.9797979797979798,53.02020202020203,53.02020202020203,0.008878369840272467,0.0027900460771862336,1233.0,0.9608496856544105,78.6699107866991,741.6666666666666,0.6460413535435995,0.35433333333333333,0.07496101366382903,0.03675538656527247,0.3282442748091603,0.29148888824388774
pa2ga,rabvs_budgeted_no_ucb,0.8189615452773348,95.66666666666667,96.33333333333333,96.33333333333333,0.9730639730639731,53.02020202020203,53.02020202020203,0.0047460495959145,0.0012345456288122667,1233.0,0.9608496856544105,78.12922411462557,933.6666666666666,0.626123050848643,0.8813333333333334,0.06801654464561784,0.04435994930291507,0.3231552162849872,0.2787952669820722
pa2ga,rabvs_budgeted_random_parts,0.5576199337371135,80.66666666666667,82.0,82.0,0.8282828282828283,53.02020202020203,53.02020202020203,0.008769127083152568,0.0034735299115749,1233.0,0.9608496856544105,66.50446066504462,939.3333333333334,0.6290950377782186,0.8756666666666666,0.05837229907131653,0.1368821292775665,0.22733869329231124,0.09045656401474474
pa2ga,rabvs_budgeted_reliable,0.8179404598510956,93.66666666666667,95.33333333333333,96.0,0.9696969696969697,53.02020202020203,52.68032893032893,0.008878369840272467,0.0027900460771862336,1233.0,0.9608496856544105,77.85888077858881,928.3333333333334,0.629145622253418,0.8553333333333333,0.06768581165952813,0.03675538656527247,0.3282442748091603,0.29148888824388774
parp1,boba_ucb,0.781934538448926,100.0,446.6666666666667,491.0,0.9665354330708661,60.153543307086615,59.76038289331481,0.0031898131376830664,0.0030288454210355997,2560.0,0.9860374806379126,191.796875,964.6666666666666,0.549451470375061,0.7046666666666667,0.4913539662869498,0.11561954624781846,0.21378708551483416,0.0981675392670157
parp1,rabvs_budgeted_no_ucb,0.6403337918069939,100.0,460.6666666666667,494.6666666666667,0.9737532808398951,60.153543307086615,59.95696310020071,0.007525411876420167,0.0029624337617641335,2560.0,0.9860374806379126,193.22916666666666,985.3333333333334,0.5432813366254171,0.805,0.49406504867975043,0.03467331667978416,0.2946335650356016,0.25996024835581744
parp1,rabvs_budgeted_random_parts,0.44389135750223346,99.0,389.0,420.6666666666667,0.8280839895013123,59.50673101346203,57.729054088827134,0.005488522811955734,0.004876492331904867,2560.0,0.9860374806379126,164.32291666666666,983.3333333333334,0.5555791258811951,0.8176666666666667,0.4186181532575947,0.2037016745480341,0.12214393168948894,-0.08155774285854517
parp1,rabvs_budgeted_reliable,0.781934538448926,100.0,448.3333333333333,486.3333333333333,0.9573490813648293,60.153543307086615,59.82590962894344,0.0031898131376830664,0.0030288454210355997,2560.0,0.9860374806379126,189.97395833333334,991.0,0.5473907391230265,0.8376666666666667,0.4849342262419585,0.11561954624781846,0.21378708551483416,0.0981675392670157
pde5a,boba_ucb,0.7359419270903444,100.0,340.3333333333333,362.3333333333333,0.9103852596314908,70.22110552763819,68.54318185911637,0.0016290392826535667,0.003603645210154067,2304.0,0.9862601975096608,157.26273148148147,935.6666666666666,0.5620370308558146,0.617,0.36156556791911026,0.07892226990939434,0.1927940825578621,0.11387181264846767
pde5a,rabvs_budgeted_no_ucb,0.6848146050792291,100.0,362.0,374.3333333333333,0.9405360134003352,70.22110552763819,69.71772842708165,0.006642340652145567,0.0031935956843123663,2304.0,0.9862601975096608,162.4710648148148,976.3333333333334,0.5669074058532715,0.7290000000000001,0.37191754152925016,0.020982355746304197,0.25220711047482697,0.23122475472852275
pde5a,rabvs_budgeted_random_parts,0.4254254966497036,99.0,298.6666666666667,336.6666666666667,0.8458961474036851,70.22110552763819,60.15356351650726,0.003398564079683433,0.006275919979886767,2304.0,0.9862601975096608,146.1226851851852,975.0,0.559106707572937,0.7476666666666666,0.3341956984814128,0.12660944206008581,0.13934621808637554,0.0127367760262897
pde5a,rabvs_budgeted_reliable,0.7359419270903444,99.66666666666667,344.3333333333333,365.3333333333333,0.9179229480737018,70.22110552763819,68.62707804254246,0.0016290392826535667,0.003603645210154067,2304.0,0.9862601975096608,158.5648148148148,989.6666666666666,0.5603668292363485,0.819,0.3631494545189231,0.07892226990939434,0.1927940825578621,0.11387181264846767
pgh1,boba_ucb,0.5413775357663762,82.0,134.33333333333334,145.33333333333334,0.7452991452991453,54.67599067599067,43.91165501165501,0.012861011064733233,0.012637837106717667,1536.0,0.9767166894042748,94.61805555555554,828.0,0.6712421973546346,0.48266666666666663,0.15267870601224567,0.1333333333333333,0.13393939393939386,0.0006060606060605984
pgh1,rabvs_budgeted_no_ucb,0.6521752348958231,92.66666666666667,142.66666666666666,152.0,0.7794871794871795,56.38461538461538,51.087878787878786,0.012637658992524134,0.010814388170042634,1536.0,0.9767166894042748,98.95833333333333,942.6666666666666,0.659016489982605,0.7516666666666666,0.15275919012694475,0.08060606060606057,0.19636363636363632,0.11575757575757568
pgh1,rabvs_budgeted_random_parts,0.5227431881843646,65.66666666666667,121.66666666666667,144.33333333333334,0.7401709401709402,51.25874125874125,35.53939393939394,0.017776552952371568,0.0163366246227949,1536.0,0.9767166894042748,93.96701388888887,911.3333333333334,0.6506861050923666,0.6970000000000001,0.14699038608690865,0.13080239784414008,0.13215543412264721,0.001353036278507136
pgh1,rabvs_budgeted_reliable,0.5413775357663762,82.33333333333333,135.33333333333334,147.66666666666666,0.7572649572649572,54.67599067599067,45.10769230769231,0.012861011064733233,0.012637837106717667,1536.0,0.9767166894042748,96.13715277777779,945.0,0.6651979684829712,0.739,0.14786426653823695,0.1333333333333333,0.13393939393939386,0.0006060606060605984
pgh2,boba_ucb,0.7713496378290827,100.0,290.3333333333333,302.3333333333333,0.6950191570881227,54.2183908045977,54.06523150853951,0.004863172283663767,0.007629247060921299,2304.0,0.9837184651261396,131.2210648148148,840.6666666666666,0.609714945157369,0.598,0.31469863266340736,0.069774011299435,0.20350124351288792,0.1337272322134529
pgh2,rabvs_budgeted_no_ucb,0.7301260384589231,100.0,299.3333333333333,306.6666666666667,0.7049808429118775,54.2183908045977,54.2183908045977,0.004440787761203367,0.0072845453395243,2304.0,0.9837184651261396,133.10185185185185,974.3333333333334,0.6020829478899637,0.8423333333333334,0.3047080550495851,0.0375706214689265,0.2357930449533503,0.19822242348442368
pgh2,rabvs_budgeted_random_parts,0.5287257495590829,99.66666666666667,285.0,296.6666666666667,0.6819923371647509,54.2183908045977,52.68679784401585,0.009119136456068001,0.010138045955361899,2304.0,0.9837184651261396,128.76157407407408,938.0,0.6021408836046854,0.7709999999999999,0.294556226755,0.08389830508474573,0.18716426350014134,0.10326595841539556
pgh2,rabvs_budgeted_reliable,0.7713496378290827,100.0,292.6666666666667,306.3333333333333,0.7042145593869732,54.2183908045977,53.98865186051042,0.004863172283663767,0.007629247060921299,2304.0,0.9837184651261396,132.95717592592595,964.6666666666666,0.6022777160008749,0.8383333333333334,0.30595970776275233,0.069774011299435,0.20350124351288792,0.1337272322134529
plk1,boba_ucb,0.8090804982738481,91.66666666666667,98.0,100.33333333333333,0.9376947040498442,64.55140186915888,64.55140186915888,0.0037135276969515,0.0029560513730797003,1280.0,0.9691134597751074,78.38541666666667,878.3333333333334,0.6244323054949442,0.5513333333333333,0.09806898382758296,0.05105973025048163,0.23574879227053136,0.18468906202004964
plk1,rabvs_budgeted_no_ucb,0.7867478177850518,95.66666666666667,101.0,103.0,0.9626168224299064,64.55140186915888,64.55140186915888,0.005213168231183167,0.0022855547523538,1280.0,0.9691134597751074,80.46875,977.6666666666666,0.6170715689659119,0.9476666666666667,0.09632721952176741,0.03949903660886317,0.2492753623188405,0.20977632570997737
plk1,rabvs_budgeted_random_parts,0.6373574621419449,91.0,101.66666666666667,103.0,0.9626168224299065,64.55140186915888,63.92771682694479,0.010195481089336234,0.004065347581304633,1280.0,0.9691134597751074,80.46875,976.6666666666666,0.6145019928614298,0.9243333333333332,0.0966069823626881,0.12620423892100188,0.17294685990338157,0.046742620982379725
plk1,rabvs_budgeted_reliable,0.8090804982738481,91.66666666666667,98.66666666666667,101.33333333333333,0.9470404984423676,64.55140186915888,64.55140186915888,0.0037135276969515,0.0029560513730797003,1280.0,0.9691134597751074,79.16666666666667,979.0,0.6112550298372904,0.9659999999999999,0.09447297635267182,0.05105973025048163,0.23574879227053136,0.18468906202004964
pnph,boba_ucb,0.8333333333333334,99.66666666666667,103.0,103.0,1.0,68.47572815533981,68.47572815533981,0.003589114377657467,0.00047004431867880007,1280.0,0.9697528238574602,80.46875,658.3333333333334,0.6718615094820658,0.4529999999999999,0.1155119040039033,0.018885741265344567,0.27289896128423036,0.25401322001888565
pnph,rabvs_budgeted_no_ucb,0.8319848975188782,100.0,103.0,103.0,1.0,68.47572815533981,68.47572815533981,0.0025453560484986334,0.0001788464628173,1280.0,0.9697528238574602,80.46875,959.6666666666666,0.667985220750173,0.9666666666666667,0.09713757615916313,0.023607176581680735,0.2681775259678942,0.24457034938621333
pnph,rabvs_budgeted_random_parts,0.5048552754435107,98.33333333333333,100.66666666666667,101.33333333333333,0.9838187702265372,68.47572815533981,68.47572815533981,0.0035697684698919666,0.0009045090861546333,1280.0,0.9697528238574602,79.16666666666667,954.3333333333334,0.6712434490521749,0.965,0.09562785141585088,0.14636449480642114,0.14542020774315387,-0.0009442870632672684
pnph,rabvs_budgeted_reliable,0.8333333333333334,99.66666666666667,103.0,103.0,1.0,68.47572815533981,68.47572815533981,0.003589114377657467,0.00047004431867880007,1280.0,0.9697528238574602,80.46875,961.0,0.6723042925198873,0.9553333333333333,0.09724419938063807,0.018885741265344567,0.27289896128423036,0.25401322001888565
ppara,boba_ucb,0.8048941910181503,100.0,365.6666666666667,369.6666666666667,0.9910634495084897,53.008042895442365,53.008042895442365,0.004331836521758233,0.0015322155081277666,2048.0,0.9827365297727426,180.50130208333334,833.3333333333334,0.5427558024724325,0.47966666666666663,0.38616723919504725,0.10073302118799556,0.2741410136459003,0.17340799245790472
ppara,rabvs_budgeted_no_ucb,0.71766742846608,100.0,368.3333333333333,370.0,0.9919571045576406,53.008042895442365,53.008042895442365,0.004340499422759034,0.0009606422781525,2048.0,0.9827365297727426,180.6640625,989.3333333333334,0.539355993270874,0.8033333333333333,0.368078839870668,0.0316166161757954,0.34402658886669074,0.3124099726908953
ppara,rabvs_budgeted_random_parts,0.5735071806500377,100.0,347.3333333333333,352.6666666666667,0.9454870420017872,53.008042895442365,53.008042895442365,0.006390661746378333,0.0033776023540630002,2048.0,0.9827365297727426,172.20052083333334,969.0,0.5465149084726969,0.7816666666666666,0.3527590128252542,0.19541181957764364,0.1773363271287809,-0.018075492448862696
ppara,rabvs_budgeted_reliable,0.8048941910181503,100.0,365.3333333333333,369.0,0.9892761394101877,53.008042895442365,53.008042895442365,0.004331836521758233,0.0015322155081277666,2048.0,0.9827365297727426,180.17578125,986.0,0.5385550856590271,0.8016666666666666,0.36727121712009697,0.10073302118799556,0.2741410136459003,0.17340799245790472
ppard,boba_ucb,0.7913449968575187,100.0,236.0,237.66666666666666,0.9902777777777779,52.041666666666664,52.041666666666664,0.0036356410743510668,0.0010721521927118667,1536.0,0.979503602882306,154.73090277777777,770.3333333333334,0.5870485901832581,0.44599999999999995,0.2618616014201843,0.054933333333333334,0.3258547008547008,0.2709213675213675
ppard,rabvs_budgeted_no_ucb,0.7895663187919331,100.0,237.0,239.33333333333334,0.9972222222222221,52.041666666666664,52.041666666666664,0.0038021573751535667,0.0006370944935444666,1536.0,0.979503602882306,155.81597222222223,998.0,0.5748310883839926,0.8776666666666667,0.23677969801831222,0.03253333333333333,0.3475692307692307,0.3150358974358974
ppard,rabvs_budgeted_random_parts,0.5513818349223322,100.0,223.0,225.0,0.9375,52.041666666666664,52.041666666666664,0.0041163515540892665,0.0021277529360393664,1536.0,0.979503602882306,146.484375,995.6666666666666,0.574530303478241,0.8729999999999999,0.22255548708051479,0.1658666666666667,0.21296153846153842,0.04709487179487178
ppard,rabvs_budgeted_reliable,0.7913449968575187,100.0,235.66666666666666,238.0,0.9916666666666667,52.041666666666664,52.041666666666664,0.0036356410743510668,0.0010721521927118667,1536.0,0.979503602882306,154.94791666666666,997.6666666666666,0.572799821694692,0.8770000000000001,0.2358213638082994,0.054933333333333334,0.3258547008547008,0.2709213675213675
pparg,boba_ucb,0.7592011385946233,100.0,436.3333333333333,463.3333333333333,0.9573002754820937,53.27272727272727,53.27272727272727,0.0056798349081469334,0.003401566524383733,2304.0,0.985107043127521,201.09953703703707,895.6666666666666,0.5238828063011169,0.49700000000000005,0.47604753785209625,0.11111111111111106,0.2567882079131109,0.14567709680199978
pparg,rabvs_budgeted_no_ucb,0.6663005846774781,100.0,441.3333333333333,467.0,0.9648760330578513,53.27272727272727,53.27272727272727,0.008018054768875666,0.003143719374787467,2304.0,0.985107043127521,202.69097222222226,966.6666666666666,0.5122734705607096,0.662,0.46569735954304287,0.0390180878552971,0.3289371605896043,0.2899190727343072
pparg,rabvs_budgeted_random_parts,0.5217876922567407,100.0,430.3333333333333,460.6666666666667,0.9517906336088156,53.27272727272727,53.06624383368569,0.008735298294859533,0.0044098206374261996,2304.0,0.985107043127521,199.94212962962965,933.0,0.5209218859672546,0.6213333333333333,0.4653835514416427,0.11472868217054259,0.2516162399793121,0.13688755780876946
pparg,rabvs_budgeted_reliable,0.7592011385946233,100.0,436.6666666666667,462.0,0.9545454545454545,53.27272727272727,53.27272727272727,0.0056798349081469334,0.003401566524383733,2304.0,0.985107043127521,200.52083333333334,973.6666666666666,0.5201960802078247,0.6836666666666668,0.460881257585582,0.11111111111111106,0.2567882079131109,0.14567709680199978
prgr,boba_ucb,0.7603539140714336,100.0,241.66666666666666,259.0,0.8839590443686007,54.41296928327645,54.18482266154363,0.0026878533027485667,0.0059574822780777,1792.0,0.9812665955800876,144.53125,833.3333333333334,0.6418515841166178,0.5579999999999999,0.2762512003920375,0.12322472848788633,0.21246340443329145,0.08923867594540509
prgr,rabvs_budgeted_no_ucb,0.7092406476349901,100.0,251.66666666666666,265.0,0.9044368600682593,54.41296928327645,54.41296928327645,0.005399411826711633,0.005386475871074433,1792.0,0.9812665955800876,147.8794642857143,968.0,0.6255510648091634,0.8130000000000001,0.2618340155411121,0.06725146198830406,0.26934337097448763,0.20209190898618354
prgr,rabvs_budgeted_random_parts,0.6015685703185704,98.66666666666667,218.66666666666666,233.66666666666666,0.7974971558589306,54.41296928327645,51.90335644421548,0.0077643051451934675,0.008696843751015667,1792.0,0.9812665955800876,130.3943452380952,939.3333333333334,0.6258226037025452,0.7943333333333333,0.23466407587438468,0.1654135338345864,0.15892931827687157,-0.006484215557714862
prgr,rabvs_budgeted_reliable,0.7603539140714336,99.66666666666667,247.66666666666666,259.3333333333333,0.8850967007963595,54.41296928327645,54.070749350677225,0.0026878533027485667,0.0059574822780777,1792.0,0.9812665955800876,144.7172619047619,974.6666666666666,0.6286173264185587,0.8396666666666667,0.2565376270412241,0.12322472848788633,0.21246340443329145,0.08923867594540509
ptn1,boba_ucb,0.8175534051789377,99.0,127.0,127.33333333333333,0.9794871794871794,56.76923076923077,56.76923076923077,0.007143071053530833,0.0037273523714753333,1280.0,0.971093044263776,99.47916666666667,819.3333333333334,0.6453010241190592,0.4126666666666667,0.13650135612832884,0.10027100271002705,0.24480578139114725,0.14453477868112014
ptn1,rabvs_budgeted_no_ucb,0.7764654418197726,99.66666666666667,127.0,127.0,0.9769230769230767,56.76923076923077,56.76923076923077,0.007415511789705999,0.0023207965753233336,1280.0,0.971093044263776,99.21875,995.0,0.6200244625409445,0.8773333333333334,0.12369565043072793,0.0758148392294733,0.2694414987628137,0.19362665953334032
ptn1,rabvs_budgeted_random_parts,0.6300411092530659,92.0,120.33333333333333,120.33333333333333,0.9256410256410256,56.76923076923077,54.979209979209976,0.015329974313317868,0.0072918060886792,1280.0,0.971093044263776,94.01041666666667,975.0,0.6308110157648722,0.7993333333333332,0.11802680731599009,0.1418247515808491,0.20234869015356818,0.060523938572719004
ptn1,rabvs_budgeted_reliable,0.8175534051789377,98.0,126.0,126.0,0.9692307692307693,56.76923076923077,56.76923076923077,0.007143071053530833,0.0037273523714753333,1280.0,0.971093044263776,98.4375,986.6666666666666,0.6238478024800619,0.8683333333333333,0.12329508877560874,0.10027100271002705,0.24480578139114725,0.14453477868112014
pur2,boba_ucb,0.8333333333333334,50.0,50.0,50.0,1.0,55.0,55.0,0.001243528590726,1.0145223037351207e-05,1134.0,0.9312727272727273,44.091710758377424,664.3333333333334,0.6712613105773926,0.38466666666666666,0.04685301159870153,0.0072463768115942,0.3576642335766423,0.35041785676504816
pur2,rabvs_budgeted_no_ucb,0.8333333333333334,50.0,50.0,50.0,1.0,55.0,55.0,0.0012003334659989667,1.0173882910560869e-05,1134.0,0.9312727272727273,44.091710758377424,866.6666666666666,0.6437250177065531,0.5433333333333333,0.0398437881743588,0.0072463768115942,0.3576642335766423,0.35041785676504816
pur2,rabvs_budgeted_random_parts,0.7018518518518518,50.0,50.0,50.0,1.0,55.0,55.0,0.0011203512916829,7.137557310577873e-06,1134.0,0.9312727272727273,44.091710758377424,838.6666666666666,0.6514452497164408,0.529,0.04112211490983077,0.026570048309178734,0.33819951338199505,0.31162946507281636
pur2,rabvs_budgeted_reliable,0.8333333333333334,50.0,50.0,50.0,1.0,55.0,55.0,0.001243528590726,1.0145223037351207e-05,1134.0,0.9312727272727273,44.091710758377424,803.3333333333334,0.6589516599973043,0.5493333333333333,0.0431485909116742,0.0072463768115942,0.3576642335766423,0.35041785676504816
pygm,boba_ucb,0.8333333333333334,73.66666666666667,75.0,75.66666666666667,0.9826839826839827,52.2987012987013,52.2987012987013,0.008069161959864667,0.0020573985770108,1185.0,0.9509560466848773,63.85372714486638,806.3333333333334,0.641974151134491,0.568,0.05069237557201137,0.026402640264026365,0.3449419568822554,0.31853931661822893
pygm,rabvs_budgeted_no_ucb,0.8174603174603176,77.0,77.0,77.0,1.0,52.2987012987013,52.2987012987013,0.005918632422896867,0.0006159749254861,1185.0,0.9509560466848773,64.9789029535865,950.3333333333334,0.6456128358840942,0.9743333333333334,0.04784807122757634,0.0379537953795379,0.34494195688225543,0.30698816150271746
pygm,rabvs_budgeted_random_parts,0.5573376102646351,40.666666666666664,42.0,42.666666666666664,0.5541125541125541,52.2987012987013,43.14642857142857,0.0097249690194594,0.0033233878830076662,1185.0,0.9509560466848773,36.005625879043606,942.0,0.64327073097229,0.956,0.024231981806484833,0.24709392121478155,0.13286898839137642,-0.11422493282340511
pygm,rabvs_budgeted_reliable,0.8333333333333334,74.0,75.66666666666667,76.0,0.987012987012987,52.2987012987013,52.2987012987013,0.008069161959864667,0.0020573985770108,1185.0,0.9509560466848773,64.13502109704642,921.6666666666666,0.64687180519104,0.9403333333333332,0.047461413948251235,0.026402640264026365,0.3449419568822554,0.31853931661822893
pyrd,boba_ucb,0.8256874298540966,100.0,111.0,111.0,1.0,59.108108108108105,59.108108108108105,0.004671602763050333,0.0006107749087277334,1280.0,0.9674846314078138,86.71875,767.6666666666666,0.6290156642595927,0.5636666666666666,0.11121933855179662,0.031408308004052664,0.30691056910569103,0.2755022611016384
pyrd,rabvs_budgeted_no_ucb,0.825075075075075,100.0,111.0,111.0,1.0,59.108108108108105,59.108108108108105,0.0037549548333186,0.0004530220063300333,1280.0,0.9674846314078138,86.71875,958.6666666666666,0.6206188201904297,0.9613333333333333,0.09973226533054837,0.04457953394123604,0.29369918699186986,0.2491196530506338
pyrd,rabvs_budgeted_random_parts,0.6075676431367488,86.66666666666667,87.66666666666667,88.0,0.7927927927927928,59.108108108108105,59.108108108108105,0.0045271364581126,0.0021972068646296666,1280.0,0.9674846314078138,68.75,970.0,0.6222728490829468,0.9703333333333334,0.0773356372075689,0.1671732522796352,0.16361788617886172,-0.0035553661007734633
pyrd,rabvs_budgeted_reliable,0.8256874298540966,100.0,110.66666666666667,110.66666666666667,0.9969969969969971,59.108108108108105,59.108108108108105,0.004671602763050333,0.0006107749087277334,1280.0,0.9674846314078138,86.45833333333333,955.3333333333334,0.6215233008066813,0.9540000000000001,0.1000497512748799,0.031408308004052664,0.30691056910569103,0.2755022611016384
reni,boba_ucb,0.8273972362514029,98.0,101.66666666666667,102.0,0.9807692307692307,67.90384615384615,67.90384615384615,0.004791057571811966,0.0011587392257887,1280.0,0.9697913716605303,79.6875,796.0,0.6236584981282552,0.4163333333333333,0.1060712323459486,0.026346781252486632,0.2615675165250236,0.23522073527253692
reni,rabvs_budgeted_no_ucb,0.8249145299145298,100.0,101.33333333333333,103.0,0.9903846153846154,67.90384615384615,67.90384615384615,0.003957524213311,0.0008016761879353667,1280.0,0.9697913716605303,80.46875,994.6666666666666,0.6163886586825053,0.918,0.0979772327048591,0.0301318267419962,0.25684608120868746,0.22671425446669116
reni,rabvs_budgeted_random_parts,0.7158119658119658,86.33333333333333,88.33333333333333,90.33333333333333,0.8685897435897436,67.90384615384615,67.90384615384615,0.005359259542094899,0.0024385754445537,1280.0,0.9697913716605303,70.57291666666667,994.0,0.6178519527117411,0.9253333333333332,0.08552438610574133,0.13182674199623348,0.15374007031470896,0.021913328318475467
reni,rabvs_budgeted_reliable,0.8273972362514029,97.66666666666667,101.66666666666667,103.33333333333333,0.9935897435897436,67.90384615384615,67.90384615384615,0.004791057571811966,0.0011587392257887,1280.0,0.9697913716605303,80.72916666666667,990.6666666666666,0.6173310279846191,0.907,0.0985665920924983,0.026346781252486632,0.2615675165250236,0.23522073527253692
rock1,boba_ucb,0.8124271763365138,91.33333333333333,96.66666666666667,97.33333333333333,0.9733333333333333,64.0,64.0,0.006124522825428,0.002412197234551367,1280.0,0.9666666666666668,76.04166666666667,892.6666666666666,0.6390764713287354,0.6556666666666667,0.09598765679327648,0.06041666666666667,0.24270833333333333,0.18229166666666666
rock1,rabvs_budgeted_no_ucb,0.7830086580086579,94.66666666666667,98.33333333333333,98.33333333333333,0.9833333333333334,64.0,64.0,0.0071609247282112655,0.0020095019618652666,1280.0,0.9666666666666668,76.82291666666667,994.3333333333334,0.6435624162356058,0.9556666666666667,0.09485530503190524,0.0541115005192108,0.253125,0.19901349948078914
rock1,rabvs_budgeted_random_parts,0.6030324040286089,65.0,71.0,72.0,0.7200000000000001,64.0,58.0,0.0094225960956943,0.0043427170073235665,1280.0,0.9666666666666668,56.25,991.3333333333334,0.6440841754277548,0.9543333333333334,0.0678866005463,0.16979166666666667,0.13541666666666666,-0.03437500000000004
rock1,rabvs_budgeted_reliable,0.8124271763365138,91.66666666666667,96.33333333333333,97.0,0.9700000000000001,64.0,64.0,0.006124522825428,0.002412197234551367,1280.0,0.9666666666666668,75.78125,994.3333333333334,0.6422881881395975,0.96,0.09342263868072208,0.06041666666666667,0.24270833333333333,0.18229166666666666
rxra,boba_ucb,0.8241959558057119,100.0,130.66666666666666,131.0,1.0,54.053435114503806,54.053435114503806,0.004108025744003233,0.0006400615440448333,1280.0,0.9698724285647037,102.34375,704.3333333333334,0.6551326711972555,0.4053333333333333,0.14080484824357134,0.029107981220657234,0.3408662900188324,0.31175830879817507
rxra,rabvs_budgeted_no_ucb,0.820186598812553,100.0,131.0,131.0,1.0,54.053435114503806,54.053435114503806,0.0032925010931772664,0.0002146265836151333,1280.0,0.9698724285647037,102.34375,959.6666666666666,0.6181225776672363,0.9173333333333334,0.12319998938478206,0.0366197183098591,0.3333333333333333,0.2967136150234741
rxra,rabvs_budgeted_random_parts,0.7859888942026675,99.66666666666667,119.0,119.0,0.9083969465648855,54.053435114503806,54.053435114503806,0.0044905072672981996,0.0016564157421940333,1280.0,0.9698724285647037,92.96875,960.3333333333334,0.6210022966066996,0.9223333333333333,0.1131373949111076,0.10610328638497646,0.2589453860640301,0.15284209967905357
rxra,rabvs_budgeted_reliable,0.8241959558057119,100.0,130.66666666666666,130.66666666666666,0.9974554707379135,54.053435114503806,54.053435114503806,0.004108025744003233,0.0006400615440448333,1280.0,0.9698724285647037,102.08333333333333,956.6666666666666,0.618315319220225,0.9103333333333333,0.12289505727866894,0.029107981220657234,0.3408662900188324,0.31175830879817507
sahh,boba_ucb,0.8333333333333334,63.0,63.0,63.0,1.0,55.761904761904766,55.761904761904766,0.0018077960342167668,1.3341015896686116e-05,1164.0,0.9447765442641615,54.12371134020619,652.0,0.6817009250322977,0.4246666666666667,0.02876817017425797,0.022727272727272665,0.3352272727272727,0.31249999999999994
sahh,rabvs_budgeted_no_ucb,0.8333333333333334,63.0,63.0,63.0,1.0,55.761904761904766,55.761904761904766,0.0016516603796214334,9.315619056079064e-06,1164.0,0.9447765442641615,54.12371134020619,826.3333333333334,0.681404173374176,0.793,0.022814145383242935,0.020833333333333263,0.3371212121212121,0.31628787878787873
sahh,rabvs_budgeted_random_parts,0.6794532627865961,63.0,63.0,63.0,1.0,55.761904761904766,55.761904761904766,0.0016861996639005335,9.899053354705947e-05,1164.0,0.9447765442641615,54.12371134020619,812.6666666666666,0.6853598356246948,0.7840000000000001,0.022781851842229067,0.06439393939393936,0.293560606060606,0.22916666666666663
sahh,rabvs_budgeted_reliable,0.8333333333333334,63.0,63.0,63.0,1.0,55.761904761904766,55.761904761904766,0.0018077960342167668,1.3341015896686116e-05,1164.0,0.9447765442641615,54.12371134020619,821.0,0.6870110432306925,0.7559999999999999,0.022893383217060203,0.022727272727272665,0.3352272727272727,0.31249999999999994
src,boba_ucb,0.7329855871178962,100.0,436.6666666666667,454.3333333333333,0.8670483460559796,66.83969465648855,66.64872410032716,0.0027978835170120665,0.0035026750691546002,2816.0,0.9865996649916248,161.33996212121212,938.6666666666666,0.5564429958661398,0.5953333333333334,0.4548300471047913,0.056697108066971036,0.2101656196459166,0.1534685115789455
src,rabvs_budgeted_no_ucb,0.6595505218004042,100.0,440.3333333333333,452.3333333333333,0.8632315521628499,66.83969465648855,66.83969465648855,0.0037104695755051666,0.0033283646142116333,2816.0,0.9865996649916248,160.62973484848484,986.6666666666666,0.5490798552831014,0.754,0.4516227247292715,0.025494672754946667,0.23891109841995048,0.21341642566500374
src,rabvs_budgeted_random_parts,0.5500061324034129,99.0,394.0,433.0,0.8263358778625954,66.83969465648855,62.25640130861505,0.0047003163476716,0.005755404435146434,2816.0,0.9865996649916248,153.76420454545453,976.3333333333334,0.5635261535644531,0.7200000000000001,0.4305601700084449,0.10787671232876711,0.1576242147344374,0.04974750240567034
src,rabvs_budgeted_reliable,0.7329855871178962,100.0,438.0,452.6666666666667,0.8638676844783716,66.83969465648855,66.58506724827336,0.0027978835170120665,0.0035026750691546002,2816.0,0.9865996649916248,160.74810606060606,985.3333333333334,0.553459902604421,0.7423333333333333,0.4505557365028377,0.056697108066971036,0.2101656196459166,0.1534685115789455
tgfr1,boba_ucb,0.8315972222222223,100.0,132.33333333333334,132.66666666666666,0.9974937343358397,64.90977443609023,64.90977443609023,0.0025586298143793667,0.0004036963195395,1536.0,0.9703463454187421,86.37152777777779,877.3333333333334,0.6290748119354248,0.6883333333333334,0.12831510718251352,0.030864197530864168,0.2762345679012345,0.24537037037037035
tgfr1,rabvs_budgeted_no_ucb,0.8214285714285715,100.0,132.66666666666666,132.66666666666666,0.9974937343358397,64.90977443609023,64.90977443609023,0.002309732258796933,0.00024152455104426665,1536.0,0.9703463454187421,86.37152777777779,964.0,0.6232348283131918,0.991,0.12605386151000006,0.0192901234567901,0.2885802469135802,0.2692901234567901
tgfr1,rabvs_budgeted_random_parts,0.44537037037037036,98.0,106.33333333333333,106.33333333333333,0.7994987468671679,64.90977443609023,64.90977443609023,0.003890273166377,0.0011422798462096,1536.0,0.9703463454187421,69.22743055555556,969.0,0.6235211292902628,0.9916666666666667,0.0986323842891562,0.20138888888888887,0.10570987654320983,-0.09567901234567895
tgfr1,rabvs_budgeted_reliable,0.8315972222222223,100.0,132.0,132.33333333333334,0.9949874686716793,64.90977443609023,64.90977443609023,0.0025586298143793667,0.0004036963195395,1536.0,0.9703463454187421,86.1545138888889,963.6666666666666,0.6229223410288492,0.9906666666666667,0.12530912111903655,0.030864197530864168,0.2762345679012345,0.24537037037037035
thb,boba_ucb,0.8249828001375988,95.66666666666667,100.66666666666667,101.0,0.9805825242718447,73.33009708737865,73.33009708737865,0.0050483627375238664,0.0014968675814213,1280.0,0.971755152478044,78.90625,780.6666666666666,0.6359466115633646,0.49299999999999994,0.09344136425458584,0.036129608688975405,0.23104056437389764,0.19491095568492223
thb,rabvs_budgeted_no_ucb,0.8218439351407553,97.33333333333333,100.33333333333333,100.33333333333333,0.9741100323624595,73.33009708737865,73.33009708737865,0.0048303620387563665,0.0009910194478929331,1280.0,0.971755152478044,78.38541666666667,954.0,0.6162457863489786,0.9289999999999999,0.0861530162675906,0.032627865961199265,0.23456790123456786,0.20194003527336857
thb,rabvs_budgeted_random_parts,0.6738351254480287,88.0,94.0,94.33333333333333,0.9158576051779935,73.33009708737865,71.40035769034236,0.0073445457111924,0.0029316461114567336,1280.0,0.971755152478044,73.69791666666667,955.3333333333334,0.6150908470153809,0.9173333333333334,0.08052336263798747,0.13580246913580243,0.13315696649029976,-0.0026455026455026683
thb,rabvs_budgeted_reliable,0.8249828001375988,95.33333333333333,98.33333333333333,98.33333333333333,0.9546925566343042,73.33009708737865,73.33009708737865,0.0050483627375238664,0.0014968675814213,1280.0,0.971755152478044,76.82291666666667,954.3333333333334,0.6159475247065226,0.9273333333333333,0.08468952937477299,0.036129608688975405,0.23104056437389764,0.19491095568492223
thrb,boba_ucb,0.7824379164504545,100.0,410.6666666666667,436.0,0.945770065075922,59.577006507592195,59.577006507592195,0.003398684976140667,0.0032102555029515,2304.0,0.9860185690879298,189.2361111111111,896.6666666666666,0.5296233892440796,0.4323333333333333,0.440802258734278,0.1052602884742622,0.22364980744144494,0.1183895189671827
thrb,rabvs_budgeted_no_ucb,0.6699329760696943,100.0,422.0,435.3333333333333,0.9443239334779466,59.577006507592195,59.577006507592195,0.007738373243157,0.0027253332543389,2304.0,0.9860185690879298,188.94675925925927,961.6666666666666,0.524217943350474,0.5936666666666667,0.43442731547816704,0.020863658418243503,0.30565671279436757,0.28479305437612396
thrb,rabvs_budgeted_random_parts,0.4453370793508562,100.0,394.0,419.3333333333333,0.9096167751265365,59.577006507592195,59.36036284756458,0.006759212601822634,0.004388460387851734,2304.0,0.9860185690879298,182.0023148148148,940.3333333333334,0.5269489288330078,0.5726666666666667,0.4191655599226764,0.10213488597768074,0.22062296603272435,0.11848808005504363
thrb,rabvs_budgeted_reliable,0.7824379164504545,100.0,409.0,426.0,0.9240780911062907,59.577006507592195,59.577006507592195,0.003398684976140667,0.0032102555029515,2304.0,0.9860185690879298,184.89583333333334,981.6666666666666,0.5235254367192587,0.6776666666666666,0.42483697863522973,0.1052602884742622,0.22364980744144494,0.1183895189671827
try1,boba_ucb,0.7877503491678866,100.0,424.3333333333333,436.0,0.9710467706013363,58.8619153674833,58.8619153674833,0.003979790875556899,0.0018089553248483664,2304.0,0.9854705058836885,189.23611111111111,838.3333333333334,0.5428857207298279,0.293,0.44546390804838215,0.07032985211790767,0.2662795632326291,0.19594971111472134
try1,rabvs_budgeted_no_ucb,0.6830591257196762,100.0,433.3333333333333,442.3333333333333,0.9851521900519673,58.8619153674833,58.8619153674833,0.0057735958151439665,0.0015027168181355667,2304.0,0.9854705058836885,191.9849537037037,962.3333333333334,0.5337444742520651,0.5383333333333333,0.4447450361309417,0.023674080361808365,0.3130097824179847,0.28933570205617637
try1,rabvs_budgeted_random_parts,0.5137817406474122,99.33333333333333,396.0,423.0,0.9420935412026726,57.352635486265775,57.59846516388833,0.009093576673262401,0.004161221380796733,2304.0,0.9854705058836885,183.59375,924.0,0.5400190154711405,0.5063333333333333,0.43226140350071435,0.12102874432677761,0.21221296997224326,0.09118422564546563
try1,rabvs_budgeted_reliable,0.7877503491678866,99.66666666666667,428.3333333333333,441.0,0.9821826280623608,58.10727542687454,58.78759476727183,0.003979790875556899,0.0018089553248483664,2304.0,0.9854705058836885,191.40625,977.0,0.5319452285766602,0.5516666666666666,0.43991712910654596,0.07032985211790767,0.2662795632326291,0.19594971111472134
tryb1,boba_ucb,0.8297137199955268,100.0,147.0,147.0,0.9932432432432433,52.68918918918919,52.68918918918919,0.004345525445543233,0.0012766015185195002,1536.0,0.9671710695050012,95.703125,852.3333333333334,0.6219402750333151,0.4476666666666666,0.1537746487352435,0.05897435897435893,0.31794871794871793,0.25897435897435894
tryb1,rabvs_budgeted_no_ucb,0.8180272108843537,100.0,147.0,147.0,0.9932432432432433,52.68918918918919,52.68918918918919,0.004021567241881133,0.0004983127377489667,1536.0,0.9671710695050012,95.703125,996.3333333333334,0.6077524224917094,0.907,0.1445416994429676,0.0315977003956543,0.34529914529914524,0.31370144490349094
tryb1,rabvs_budgeted_random_parts,0.5614683670239226,100.0,127.66666666666667,128.0,0.8648648648648648,52.68918918918919,52.68918918918919,0.0054390105685744,0.0028322582246102664,1536.0,0.9671710695050012,83.33333333333333,997.3333333333334,0.6110618909200033,0.923,0.12502619226510156,0.14188034188034185,0.22905982905982905,0.08717948717948716
tryb1,rabvs_budgeted_reliable,0.8297137199955268,100.0,145.66666666666666,145.66666666666666,0.9842342342342342,52.68918918918919,52.68918918918919,0.004345525445543233,0.0012766015185195002,1536.0,0.9671710695050012,94.83506944444444,995.6666666666666,0.6107301712036133,0.9023333333333333,0.14310515873015867,0.05897435897435893,0.31794871794871793,0.25897435897435894
tysy,boba_ucb,0.8020348183277711,99.33333333333333,108.0,109.0,1.0,62.92660550458715,62.92660550458715,0.006787823816263034,0.0015677976948948334,1280.0,0.9688973125334112,85.15625,869.0,0.643450657526652,0.4286666666666667,0.10995749050752786,0.053449951409135034,0.26239067055393583,0.20894071914480072
tysy,rabvs_budgeted_no_ucb,0.7680937818552497,99.66666666666667,109.0,109.0,1.0,62.92660550458715,62.92660550458715,0.006310241339378333,0.0013781316209898,1280.0,0.9688973125334112,85.15625,995.6666666666666,0.6397594610850016,0.9090000000000001,0.1061671226694652,0.053449951409135034,0.26433430515063167,0.21088435374149653
tysy,rabvs_budgeted_random_parts,0.5440759386837818,85.0,92.0,92.0,0.8440366972477066,62.92660550458715,62.62261224127997,0.004887008596841367,0.0036587280195569,1280.0,0.9688973125334112,71.875,995.6666666666666,0.6322117249170939,0.9163333333333333,0.08856806869773833,0.14674441205053443,0.15354713313896984,0.0068027210884354
tysy,rabvs_budgeted_reliable,0.8020348183277711,99.33333333333333,108.66666666666667,108.66666666666667,0.9969418960244649,62.92660550458715,62.92660550458715,0.006787823816263034,0.0015677976948948334,1280.0,0.9688973125334112,84.89583333333333,997.3333333333334,0.633747378985087,0.9016666666666667,0.10589069630944749,0.053449951409135034,0.26239067055393583,0.20894071914480072
urok,boba_ucb,0.8227124183006537,100.0,158.66666666666666,160.0,0.9876543209876544,61.80246913580246,61.80246913580246,0.0034852787577870667,0.0010807684261448334,1536.0,0.9744306831801838,104.16666666666669,777.3333333333334,0.6126092274983724,0.35266666666666663,0.17451786686824308,0.03988702541795557,0.27944111776447106,0.2395540923465154
urok,rabvs_budgeted_no_ucb,0.8098313563145184,100.0,159.66666666666666,160.33333333333334,0.9897119341563787,61.80246913580246,61.80246913580246,0.0035380396733831997,0.0008584643512334333,1536.0,0.9744306831801838,104.38368055555556,997.6666666666666,0.6308920780817667,0.8293333333333334,0.15696549041390373,0.03127079174983363,0.2880904856952761,0.25681969394544235
urok,rabvs_budgeted_random_parts,0.6070750237416904,99.66666666666667,137.66666666666666,138.33333333333334,0.8539094650205761,61.80246913580246,61.596460905349794,0.004970819250443033,0.0027072630481082,1536.0,0.9744306831801838,90.0607638888889,995.3333333333334,0.6352663437525431,0.8410000000000001,0.13464328130627315,0.14216497422649724,0.1765193727441576,0.03435439851766033
urok,rabvs_budgeted_reliable,0.8227124183006537,100.0,158.0,159.0,0.9814814814814815,61.80246913580246,61.80246913580246,0.0034852787577870667,0.0010807684261448334,1536.0,0.9744306831801838,103.515625,997.3333333333334,0.6316002806027731,0.8306666666666667,0.15595948437689702,0.03988702541795557,0.27944111776447106,0.2395540923465154
vgfr2,boba_ucb,0.7497044832718659,100.0,382.0,396.6666666666667,0.9698451507742462,62.0,61.83727034120735,0.005102606017028433,0.0029075766287462,2304.0,0.9848568499092988,172.16435185185185,945.0,0.5730534791946411,0.5813333333333334,0.396597350902985,0.09490010515247099,0.22266035751840166,0.12776025236593058
vgfr2,rabvs_budgeted_no_ucb,0.6750876934152247,100.0,385.0,398.0,0.9731051344743276,62.0,61.83727034120735,0.0058523491802453,0.0027235110113235667,2304.0,0.9848568499092988,172.74305555555557,983.3333333333334,0.5619965593020121,0.7559999999999999,0.3966872027886827,0.041230133937777406,0.27631813623913165,0.23508800230135427
vgfr2,rabvs_budgeted_random_parts,0.5298042258758103,100.0,353.6666666666667,378.6666666666667,0.925835370823146,62.0,59.721784776902894,0.006474527323612834,0.0049733754645597,2304.0,0.9848568499092988,164.35185185185185,980.6666666666666,0.5629009207089742,0.7343333333333334,0.37761486964361346,0.1482649842271293,0.1669295478443743,0.018664563617244966
vgfr2,rabvs_budgeted_reliable,0.7497044832718659,100.0,382.6666666666667,397.6666666666667,0.9722901385493072,62.0,61.75590551181102,0.005102606017028433,0.0029075766287462,2304.0,0.9848568499092988,172.59837962962965,984.0,0.5647469957669576,0.745,0.39559970507251513,0.09490010515247099,0.22266035751840166,0.12776025236593058
wee1,boba_ucb,0.8333333333333334,100.0,102.0,102.0,1.0,61.29411764705883,61.29411764705883,0.0016833775170979335,7.713563759825826e-05,1274.0,0.9660375346555768,80.06279434850863,832.3333333333334,0.6456366181373596,0.4246666666666666,0.0922684674751929,0.011714589989350334,0.31416400425985086,0.30244941427050054
wee1,rabvs_budgeted_no_ucb,0.8333333333333334,100.0,102.0,102.0,1.0,61.29411764705883,61.29411764705883,0.0015678562422096998,3.2051282524997783e-05,1274.0,0.9660375346555768,80.06279434850863,956.0,0.633184810479482,0.904,0.08945245544487397,0.0031948881789137,0.3226837060702875,0.3194888178913738
wee1,rabvs_budgeted_random_parts,0.6346460096460097,100.0,101.66666666666667,101.66666666666667,0.9967320261437909,61.29411764705883,61.29411764705883,0.0024342382403083336,0.00041084080584829997,1274.0,0.9660375346555768,79.80115122972266,956.0,0.6315613587697347,0.9033333333333333,0.08941188507997377,0.04153354632587853,0.28434504792332266,0.24281150159744402
wee1,rabvs_budgeted_reliable,0.8333333333333334,100.0,101.66666666666667,101.66666666666667,0.9967320261437909,61.29411764705883,61.29411764705883,0.0016833775170979335,7.713563759825826e-05,1274.0,0.9660375346555768,79.80115122972266,956.0,0.6346172293027242,0.904,0.0890999686529851,0.011714589989350334,0.31416400425985086,0.30244941427050054
xiap,boba_ucb,0.8313078703703703,98.33333333333333,100.0,100.0,1.0,52.49999999999999,52.49999999999999,0.0047760942425563,0.0005971141632688334,1234.0,0.9608253968253968,81.03727714748784,675.6666666666666,0.6527004639307658,0.4649999999999999,0.08641381465554154,0.024081115335868136,0.3575063613231551,0.333425245987287
xiap,rabvs_budgeted_no_ucb,0.821010101010101,98.33333333333333,98.33333333333333,98.33333333333333,0.9833333333333334,52.49999999999999,52.49999999999999,0.002672020588372634,0.0004809991836173667,1234.0,0.9608253968253968,79.68665586169638,949.6666666666666,0.6336959997812907,0.9883333333333333,0.07407085851167167,0.017743979721165964,0.35877862595419846,0.3410346462330324
xiap,rabvs_budgeted_random_parts,0.5602380952380952,97.0,97.33333333333333,97.33333333333333,0.9733333333333333,52.49999999999999,52.49999999999999,0.0046667365000535,0.0008813713020829001,1234.0,0.9608253968253968,78.8762830902215,947.6666666666666,0.6372707287470499,0.981,0.07357079830729543,0.08365019011406839,0.2913486005089059,0.20769841039483738
xiap,rabvs_budgeted_reliable,0.8313078703703703,98.33333333333333,99.66666666666667,99.66666666666667,0.9966666666666667,52.49999999999999,52.49999999999999,0.0047760942425563,0.0005971141632688334,1234.0,0.9608253968253968,80.76715289032956,948.6666666666666,0.6373531023661295,0.9823333333333334,0.07585779453433193,0.024081115335868136,0.3575063613231551,0.333425245987287
