target,seed,method,nominal_budget_fraction,realized_budget_fraction,pool_size,scored_unique,Hit@1000,Hit@1000_retention,BEDROC_alpha20,hits_per_1000_scores,topK_overlap,alert_free_ratio_at1000,unique_scaffolds_at1000,full_reference_Hit@1000
aa2ar,0,rabvs,0.01,0.03121878121878122,32032,1000,200,0.42735042735042733,0.7844315314717603,200.0,0.211,0.626,829,468
aa2ar,0,random_partition,0.01,0.03121878121878122,32032,1000,8,0.017094017094017096,0.5471239857933664,8.0,0.025,0.519,745,468
aa2ar,0,greedy_partition,0.01,0.03121878121878122,32032,1000,236,0.5042735042735043,0.8200005022868685,236.0,0.268,0.599,898,468
aa2ar,0,boba_ucb,0.01,0.03121878121878122,32032,1000,21,0.04487179487179487,0.5654440534332811,21.0,0.066,0.633,845,468
aa2ar,0,uncertainty_partition,0.01,0.03121878121878122,32032,1000,4,0.008547008547008548,0.5413795827619423,4.0,0.035,0.657,822,468
aa2ar,0,rabvs,0.025,0.03121878121878122,32032,1000,200,0.42735042735042733,0.7844315314717603,200.0,0.211,0.626,829,468
aa2ar,0,random_partition,0.025,0.03121878121878122,32032,1000,8,0.017094017094017096,0.5471239857933664,8.0,0.025,0.519,745,468
aa2ar,0,greedy_partition,0.025,0.03121878121878122,32032,1000,236,0.5042735042735043,0.8200005022868685,236.0,0.268,0.599,898,468
aa2ar,0,boba_ucb,0.025,0.03121878121878122,32032,1000,21,0.04487179487179487,0.5654440534332811,21.0,0.066,0.633,845,468
aa2ar,0,uncertainty_partition,0.025,0.03121878121878122,32032,1000,4,0.008547008547008548,0.5413795827619423,4.0,0.035,0.657,822,468
aa2ar,0,rabvs,0.05,0.05001248751248751,32032,1602,227,0.48504273504273504,0.716685714223603,141.69787765293384,0.305,0.6799999999999999,923,468
aa2ar,0,random_partition,0.05,0.05001248751248751,32032,1602,10,0.021367521367521368,0.3849232668639101,6.242197253433208,0.029,0.5640000000000001,822,468
aa2ar,0,greedy_partition,0.05,0.05001248751248751,32032,1602,271,0.5790598290598291,0.770851763559742,169.16354556803995,0.364,0.6739999999999999,930,468
aa2ar,0,boba_ucb,0.05,0.05001248751248751,32032,1602,49,0.1047008547008547,0.44962993582035016,30.58676654182272,0.197,0.6779999999999999,888,468
aa2ar,0,uncertainty_partition,0.05,0.05001248751248751,32032,1602,15,0.03205128205128205,0.39304012576723923,9.363295880149813,0.072,0.685,840,468
aa2ar,0,rabvs,0.1,0.10002497502497502,32032,3204,285,0.6089743589743589,0.6834390715291766,88.95131086142321,0.482,0.7090000000000001,928,468
aa2ar,0,random_partition,0.1,0.10002497502497502,32032,3204,34,0.07264957264957266,0.20647049933478387,10.611735330836455,0.051,0.5860000000000001,900,468
aa2ar,0,greedy_partition,0.1,0.10002497502497502,32032,3204,297,0.6346153846153846,0.7041215758742259,92.69662921348315,0.525,0.726,936,468
aa2ar,0,boba_ucb,0.1,0.10002497502497502,32032,3204,295,0.6303418803418803,0.6997667965452268,92.07240948813983,0.514,0.737,936,468
aa2ar,0,uncertainty_partition,0.1,0.10002497502497502,32032,3204,68,0.1452991452991453,0.274327413147298,21.22347066167291,0.222,0.6859999999999999,902,468
aa2ar,0,rabvs,0.2,0.20001873126873126,32032,6407,366,0.782051282051282,0.785007710693991,57.125019509911034,0.671,0.716,933,468
aa2ar,0,random_partition,0.2,0.20001873126873126,32032,6407,36,0.07692307692307693,0.10015929340604672,5.618854378024036,0.13,0.5589999999999999,880,468
aa2ar,0,greedy_partition,0.2,0.20001873126873126,32032,6407,327,0.6987179487179487,0.7094218166433985,51.037927267051664,0.625,0.6970000000000001,929,468
aa2ar,0,boba_ucb,0.2,0.20001873126873126,32032,6407,308,0.6581196581196581,0.6753771876208491,48.072420789761196,0.599,0.734,925,468
aa2ar,0,uncertainty_partition,0.2,0.20001873126873126,32032,6407,94,0.20085470085470086,0.22722201199746708,14.671453098173872,0.312,0.6950000000000001,898,468
aa2ar,0,rabvs,0.5,0.5,32032,16016,445,0.9508547008547008,0.928668882972811,27.784715284715283,0.905,0.6639999999999999,920,468
aa2ar,0,random_partition,0.5,0.5,32032,16016,321,0.6858974358974359,0.6903915010531673,20.042457542457544,0.67,0.634,902,468
aa2ar,0,greedy_partition,0.5,0.5,32032,16016,457,0.9764957264957265,0.9492081557423245,28.53396603396603,0.948,0.657,921,468
aa2ar,0,boba_ucb,0.5,0.5,32032,16016,430,0.9188034188034188,0.9021360788643908,26.848151848151847,0.895,0.656,919,468
aa2ar,0,uncertainty_partition,0.5,0.5,32032,16016,147,0.3141025641025641,0.3172434750834571,9.178321678321678,0.522,0.698,905,468
aa2ar,1,rabvs,0.01,0.03121878121878122,32032,1000,242,0.5260869565217391,0.826301553116201,242.0,0.334,0.622,961,460
aa2ar,1,random_partition,0.01,0.03121878121878122,32032,1000,56,0.12173913043478261,0.6127393904780414,56.0,0.117,0.604,900,460
aa2ar,1,greedy_partition,0.01,0.03121878121878122,32032,1000,242,0.5260869565217391,0.826301553116201,242.0,0.334,0.622,961,460
aa2ar,1,boba_ucb,0.01,0.03121878121878122,32032,1000,12,0.02608695652173913,0.5526798706339673,12.0,0.035,0.5389999999999999,807,460
aa2ar,1,uncertainty_partition,0.01,0.03121878121878122,32032,1000,18,0.0391304347826087,0.5607184275262072,18.0,0.051,0.683,892,460
aa2ar,1,rabvs,0.025,0.03121878121878122,32032,1000,242,0.5260869565217391,0.826301553116201,242.0,0.334,0.622,961,460
aa2ar,1,random_partition,0.025,0.03121878121878122,32032,1000,56,0.12173913043478261,0.6127393904780414,56.0,0.117,0.604,900,460
aa2ar,1,greedy_partition,0.025,0.03121878121878122,32032,1000,242,0.5260869565217391,0.826301553116201,242.0,0.334,0.622,961,460
aa2ar,1,boba_ucb,0.025,0.03121878121878122,32032,1000,12,0.02608695652173913,0.5526798706339673,12.0,0.035,0.5389999999999999,807,460
aa2ar,1,uncertainty_partition,0.025,0.03121878121878122,32032,1000,18,0.0391304347826087,0.5607184275262072,18.0,0.051,0.683,892,460
aa2ar,1,rabvs,0.05,0.05001248751248751,32032,1602,262,0.5695652173913044,0.7617136225350635,163.54556803995007,0.413,0.743,972,460
aa2ar,1,random_partition,0.05,0.05001248751248751,32032,1602,62,0.13478260869565217,0.4716081962107565,38.70162297128589,0.125,0.626,917,460
aa2ar,1,greedy_partition,0.05,0.05001248751248751,32032,1602,261,0.5673913043478261,0.7606010246790886,162.92134831460675,0.416,0.734,970,460
aa2ar,1,boba_ucb,0.05,0.05001248751248751,32032,1602,12,0.02608695652173913,0.3884385198455729,7.49063670411985,0.038,0.654,828,460
aa2ar,1,uncertainty_partition,0.05,0.05001248751248751,32032,1602,39,0.08478260869565217,0.43348836569501137,24.344569288389515,0.121,0.739,920,460
aa2ar,1,rabvs,0.1,0.10002497502497502,32032,3204,279,0.6065217391304348,0.6754141493894301,87.07865168539327,0.502,0.768,957,460
aa2ar,1,random_partition,0.1,0.10002497502497502,32032,3204,70,0.15217391304347827,0.2811108920891863,21.847690387016232,0.133,0.688,933,460
aa2ar,1,greedy_partition,0.1,0.10002497502497502,32032,3204,280,0.6086956521739131,0.6771571941592509,87.39076154806493,0.514,0.767,961,460
aa2ar,1,boba_ucb,0.1,0.10002497502497502,32032,3204,254,0.5521739130434783,0.6322494928514398,79.27590511860174,0.349,0.778,923,460
aa2ar,1,uncertainty_partition,0.1,0.10002497502497502,32032,3204,81,0.17608695652173914,0.302969546771642,25.280898876404493,0.262,0.75,942,460
aa2ar,1,rabvs,0.2,0.20001873126873126,32032,6407,347,0.7543478260869565,0.7517837770227573,54.15951303262057,0.705,0.771,965,460
aa2ar,1,random_partition,0.2,0.20001873126873126,32032,6407,81,0.17608695652173914,0.20246566062694124,12.642422350554082,0.196,0.704,929,460
aa2ar,1,greedy_partition,0.2,0.20001873126873126,32032,6407,357,0.7760869565217391,0.7693380376637446,55.72030591540503,0.737,0.773,961,460
aa2ar,1,boba_ucb,0.2,0.20001873126873126,32032,6407,340,0.7391304347826086,0.7393766583854329,53.06695801467146,0.659,0.78,957,460
aa2ar,1,uncertainty_partition,0.2,0.20001873126873126,32032,6407,94,0.20434782608695654,0.2314758623489726,14.671453098173872,0.352,0.746,930,460
aa2ar,1,rabvs,0.5,0.5,32032,16016,378,0.8217391304347826,0.8035835989598717,23.6013986013986,0.859,0.767,957,460
aa2ar,1,random_partition,0.5,0.5,32032,16016,308,0.6695652173913044,0.6713080065150003,19.230769230769234,0.512,0.751,942,460
aa2ar,1,greedy_partition,0.5,0.5,32032,16016,379,0.8239130434782609,0.8054583116136206,23.663836163836162,0.87,0.762,957,460
aa2ar,1,boba_ucb,0.5,0.5,32032,16016,372,0.808695652173913,0.7917531611323905,23.22677322677323,0.841,0.769,956,460
aa2ar,1,uncertainty_partition,0.5,0.5,32032,16016,299,0.65,0.6545890662461002,18.66883116883117,0.643,0.76,953,460
aa2ar,2,rabvs,0.01,0.03121878121878122,32032,1000,204,0.4322033898305085,0.7885813184426715,204.0,0.215,0.62,837,472
aa2ar,2,random_partition,0.01,0.03121878121878122,32032,1000,7,0.014830508474576272,0.5456466979756269,7.0,0.016,0.383,830,472
aa2ar,2,greedy_partition,0.01,0.03121878121878122,32032,1000,223,0.4724576271186441,0.8078453758680051,223.0,0.302,0.657,892,472
aa2ar,2,boba_ucb,0.01,0.03121878121878122,32032,1000,185,0.3919491525423729,0.7685849451043534,185.0,0.264,0.821,639,472
aa2ar,2,uncertainty_partition,0.01,0.03121878121878122,32032,1000,185,0.3919491525423729,0.7685849451043534,185.0,0.264,0.821,639,472
aa2ar,2,rabvs,0.025,0.03121878121878122,32032,1000,204,0.4322033898305085,0.7885813184426715,204.0,0.215,0.62,837,472
aa2ar,2,random_partition,0.025,0.03121878121878122,32032,1000,7,0.014830508474576272,0.5456466979756269,7.0,0.016,0.383,830,472
aa2ar,2,greedy_partition,0.025,0.03121878121878122,32032,1000,223,0.4724576271186441,0.8078453758680051,223.0,0.302,0.657,892,472
aa2ar,2,boba_ucb,0.025,0.03121878121878122,32032,1000,185,0.3919491525423729,0.7685849451043534,185.0,0.264,0.821,639,472
aa2ar,2,uncertainty_partition,0.025,0.03121878121878122,32032,1000,185,0.3919491525423729,0.7685849451043534,185.0,0.264,0.821,639,472
aa2ar,2,rabvs,0.05,0.05001248751248751,32032,1602,210,0.4449152542372881,0.6938558428593138,131.08614232209737,0.235,0.706,848,472
aa2ar,2,random_partition,0.05,0.05001248751248751,32032,1602,9,0.019067796610169493,0.3833779490689917,5.617977528089887,0.022,0.45799999999999996,863,472
aa2ar,2,greedy_partition,0.05,0.05001248751248751,32032,1602,256,0.5423728813559322,0.7542575245267882,159.80024968789013,0.412,0.733,908,472
aa2ar,2,boba_ucb,0.05,0.05001248751248751,32032,1602,204,0.4322033898305085,0.685619717816538,127.34082397003746,0.31,0.843,762,472
aa2ar,2,uncertainty_partition,0.05,0.05001248751248751,32032,1602,204,0.4322033898305085,0.6856825347630898,127.34082397003746,0.291,0.8140000000000001,780,472
aa2ar,2,rabvs,0.1,0.10002497502497502,32032,3204,266,0.5635593220338984,0.6535592286561512,83.02122347066167,0.477,0.753,894,472
aa2ar,2,random_partition,0.1,0.10002497502497502,32032,3204,15,0.03177966101694915,0.1672871149552048,4.681647940074907,0.061,0.623,855,472
aa2ar,2,greedy_partition,0.1,0.10002497502497502,32032,3204,270,0.5720338983050848,0.659169727592357,84.26966292134831,0.464,0.762,902,472
aa2ar,2,boba_ucb,0.1,0.10002497502497502,32032,3204,286,0.6059322033898306,0.6891650487678724,89.26342072409487,0.407,0.792,828,472
aa2ar,2,uncertainty_partition,0.1,0.10002497502497502,32032,3204,263,0.5572033898305084,0.6485328309582171,82.0848938826467,0.475,0.776,879,472
aa2ar,2,rabvs,0.2,0.20001873126873126,32032,6407,292,0.6186440677966102,0.6461035712092397,45.57515217730607,0.573,0.762,892,472
aa2ar,2,random_partition,0.2,0.20001873126873126,32032,6407,74,0.15677966101694915,0.1883064230317725,11.549867332604963,0.265,0.7010000000000001,899,472
aa2ar,2,greedy_partition,0.2,0.20001873126873126,32032,6407,308,0.652542372881356,0.6766464468784684,48.072420789761196,0.595,0.736,910,472
aa2ar,2,boba_ucb,0.2,0.20001873126873126,32032,6407,348,0.7372881355932204,0.7563287999469732,54.31559232089902,0.601,0.736,894,472
aa2ar,2,uncertainty_partition,0.2,0.20001873126873126,32032,6407,265,0.5614406779661016,0.5944836147392943,41.36101139378805,0.524,0.761,896,472
aa2ar,2,rabvs,0.5,0.5,32032,16016,436,0.923728813559322,0.9103369985295587,27.222777222777225,0.867,0.729,930,472
aa2ar,2,random_partition,0.5,0.5,32032,16016,310,0.6567796610169492,0.6726554245971269,19.355644355644355,0.632,0.757,898,472
aa2ar,2,greedy_partition,0.5,0.5,32032,16016,447,0.9470338983050848,0.932623347192308,27.909590409590407,0.895,0.726,922,472
aa2ar,2,boba_ucb,0.5,0.5,32032,16016,393,0.8326271186440678,0.8354654315558955,24.537962037962036,0.726,0.708,913,472
aa2ar,2,uncertainty_partition,0.5,0.5,32032,16016,291,0.6165254237288136,0.6363071930957803,18.16933066933067,0.638,0.734,903,472
abl1,0,rabvs,0.01,0.09147457006952067,10932,1000,135,0.7417582417582418,0.8158552441465216,135.0,0.269,0.6,863,182
abl1,0,random_partition,0.01,0.09147457006952067,10932,1000,10,0.054945054945054944,0.21629051337700964,10.0,0.102,0.596,798,182
abl1,0,greedy_partition,0.01,0.09147457006952067,10932,1000,146,0.8021978021978022,0.8573516247167423,146.0,0.328,0.567,894,182
abl1,0,boba_ucb,0.01,0.09147457006952067,10932,1000,65,0.35714285714285715,0.5049115078017532,65.0,0.145,0.5569999999999999,732,182
abl1,0,uncertainty_partition,0.01,0.09147457006952067,10932,1000,89,0.489010989010989,0.6135401120059912,89.0,0.205,0.5800000000000001,752,182
abl1,0,rabvs,0.025,0.09147457006952067,10932,1000,135,0.7417582417582418,0.8158552441465216,135.0,0.269,0.6,863,182
abl1,0,random_partition,0.025,0.09147457006952067,10932,1000,10,0.054945054945054944,0.21629051337700964,10.0,0.102,0.596,798,182
abl1,0,greedy_partition,0.025,0.09147457006952067,10932,1000,146,0.8021978021978022,0.8573516247167423,146.0,0.328,0.567,894,182
abl1,0,boba_ucb,0.025,0.09147457006952067,10932,1000,65,0.35714285714285715,0.5049115078017532,65.0,0.145,0.5569999999999999,732,182
abl1,0,uncertainty_partition,0.025,0.09147457006952067,10932,1000,89,0.489010989010989,0.6135401120059912,89.0,0.205,0.5800000000000001,752,182
abl1,0,rabvs,0.05,0.09147457006952067,10932,1000,135,0.7417582417582418,0.8158552441465216,135.0,0.269,0.6,863,182
abl1,0,random_partition,0.05,0.09147457006952067,10932,1000,10,0.054945054945054944,0.21629051337700964,10.0,0.102,0.596,798,182
abl1,0,greedy_partition,0.05,0.09147457006952067,10932,1000,146,0.8021978021978022,0.8573516247167423,146.0,0.328,0.567,894,182
abl1,0,boba_ucb,0.05,0.09147457006952067,10932,1000,65,0.35714285714285715,0.5049115078017532,65.0,0.145,0.5569999999999999,732,182
abl1,0,uncertainty_partition,0.05,0.09147457006952067,10932,1000,89,0.489010989010989,0.6135401120059912,89.0,0.205,0.5800000000000001,752,182
abl1,0,rabvs,0.1,0.10007317965605561,10932,1094,138,0.7582417582417582,0.8207252847712122,126.14259597806216,0.279,0.624,878,182
abl1,0,random_partition,0.1,0.10007317965605561,10932,1094,10,0.054945054945054944,0.19209575382753377,9.140767824497258,0.104,0.627,836,182
abl1,0,greedy_partition,0.1,0.10007317965605561,10932,1094,149,0.8186813186813187,0.8630999867487795,136.19744058500913,0.352,0.595,912,182
abl1,0,boba_ucb,0.1,0.10007317965605561,10932,1094,65,0.35714285714285715,0.48752251095543775,59.41499085923217,0.166,0.599,781,182
abl1,0,uncertainty_partition,0.1,0.10007317965605561,10932,1094,89,0.489010989010989,0.5996085054826475,81.35283363802559,0.205,0.598,761,182
abl1,0,rabvs,0.2,0.20005488474204172,10932,2187,154,0.8461538461538461,0.8598878956876705,70.41609510745313,0.474,0.602,923,182
abl1,0,random_partition,0.2,0.20005488474204172,10932,2187,21,0.11538461538461539,0.14591529495570837,9.602194787379974,0.203,0.616,912,182
abl1,0,greedy_partition,0.2,0.20005488474204172,10932,2187,163,0.8956043956043956,0.8921312844823464,74.53132144490169,0.518,0.579,940,182
abl1,0,boba_ucb,0.2,0.20005488474204172,10932,2187,151,0.8296703296703297,0.8461333317866675,69.04435299497028,0.472,0.601,899,182
abl1,0,uncertainty_partition,0.2,0.20005488474204172,10932,2187,90,0.4945054945054945,0.5406217543279818,41.1522633744856,0.233,0.652,853,182
abl1,0,rabvs,0.5,0.5,10932,5466,174,0.9560439560439561,0.9326078193954281,31.833150384193196,0.799,0.5900000000000001,917,182
abl1,0,random_partition,0.5,0.5,10932,5466,88,0.4835164835164835,0.5150134977838031,16.09952433223564,0.42,0.5700000000000001,920,182
abl1,0,greedy_partition,0.5,0.5,10932,5466,175,0.9615384615384616,0.9365733195522519,32.01609952433223,0.808,0.569,917,182
abl1,0,boba_ucb,0.5,0.5,10932,5466,167,0.9175824175824175,0.9072540103506995,30.552506403219905,0.692,0.594,911,182
abl1,0,uncertainty_partition,0.5,0.5,10932,5466,153,0.8406593406593407,0.8480880352996094,27.991218441273325,0.483,0.583,897,182
abl1,1,rabvs,0.01,0.09147457006952067,10932,1000,118,0.6483516483516484,0.7440041772056433,118.0,0.273,0.492,847,182
abl1,1,random_partition,0.01,0.09147457006952067,10932,1000,14,0.07692307692307693,0.23644725162477703,14.0,0.088,0.529,823,182
abl1,1,greedy_partition,0.01,0.09147457006952067,10932,1000,115,0.6318681318681318,0.7330798604928946,115.0,0.278,0.524,872,182
abl1,1,boba_ucb,0.01,0.09147457006952067,10932,1000,92,0.5054945054945055,0.632059604400934,92.0,0.165,0.527,817,182
abl1,1,uncertainty_partition,0.01,0.09147457006952067,10932,1000,7,0.038461538461538464,0.19921171337567764,7.0,0.063,0.514,694,182
abl1,1,rabvs,0.025,0.09147457006952067,10932,1000,118,0.6483516483516484,0.7440041772056433,118.0,0.273,0.492,847,182
abl1,1,random_partition,0.025,0.09147457006952067,10932,1000,14,0.07692307692307693,0.23644725162477703,14.0,0.088,0.529,823,182
abl1,1,greedy_partition,0.025,0.09147457006952067,10932,1000,115,0.6318681318681318,0.7330798604928946,115.0,0.278,0.524,872,182
abl1,1,boba_ucb,0.025,0.09147457006952067,10932,1000,92,0.5054945054945055,0.632059604400934,92.0,0.165,0.527,817,182
abl1,1,uncertainty_partition,0.025,0.09147457006952067,10932,1000,7,0.038461538461538464,0.19921171337567764,7.0,0.063,0.514,694,182
abl1,1,rabvs,0.05,0.09147457006952067,10932,1000,118,0.6483516483516484,0.7440041772056433,118.0,0.273,0.492,847,182
abl1,1,random_partition,0.05,0.09147457006952067,10932,1000,14,0.07692307692307693,0.23644725162477703,14.0,0.088,0.529,823,182
abl1,1,greedy_partition,0.05,0.09147457006952067,10932,1000,115,0.6318681318681318,0.7330798604928946,115.0,0.278,0.524,872,182
abl1,1,boba_ucb,0.05,0.09147457006952067,10932,1000,92,0.5054945054945055,0.632059604400934,92.0,0.165,0.527,817,182
abl1,1,uncertainty_partition,0.05,0.09147457006952067,10932,1000,7,0.038461538461538464,0.19921171337567764,7.0,0.063,0.514,694,182
abl1,1,rabvs,0.1,0.10007317965605561,10932,1094,125,0.6868131868131868,0.7640271690756374,114.25959780621572,0.314,0.5329999999999999,893,182
abl1,1,random_partition,0.1,0.10007317965605561,10932,1094,14,0.07692307692307693,0.2127356813167041,12.79707495429616,0.09,0.5549999999999999,850,182
abl1,1,greedy_partition,0.1,0.10007317965605561,10932,1094,121,0.6648351648351648,0.7467921731230914,110.60329067641682,0.318,0.5660000000000001,911,182
abl1,1,boba_ucb,0.1,0.10007317965605561,10932,1094,92,0.5054945054945055,0.6184582951956499,84.09506398537476,0.166,0.5489999999999999,831,182
abl1,1,uncertainty_partition,0.1,0.10007317965605561,10932,1094,7,0.038461538461538464,0.1746613607380436,6.39853747714808,0.064,0.558,727,182
abl1,1,rabvs,0.2,0.20005488474204172,10932,2187,131,0.7197802197802198,0.7486187507132644,59.89940557841793,0.43,0.563,936,182
abl1,1,random_partition,0.2,0.20005488474204172,10932,2187,18,0.0989010989010989,0.12349003153349689,8.23045267489712,0.162,0.608,939,182
abl1,1,greedy_partition,0.2,0.20005488474204172,10932,2187,133,0.7307692307692307,0.7580853363083757,60.81390032007316,0.462,0.617,939,182
abl1,1,boba_ucb,0.2,0.20005488474204172,10932,2187,129,0.7087912087912088,0.738688383999848,58.98491083676269,0.428,0.619,933,182
abl1,1,uncertainty_partition,0.2,0.20005488474204172,10932,2187,93,0.510989010989011,0.5609026476976235,42.52400548696845,0.21,0.493,846,182
abl1,1,rabvs,0.5,0.5,10932,5466,149,0.8186813186813187,0.8107624595479154,27.259421880717163,0.754,0.565,937,182
abl1,1,random_partition,0.5,0.5,10932,5466,44,0.24175824175824176,0.2520806044883711,8.04976216611782,0.484,0.595,948,182
abl1,1,greedy_partition,0.5,0.5,10932,5466,157,0.8626373626373627,0.8493228363661539,28.72301500182949,0.77,0.5640000000000001,934,182
abl1,1,boba_ucb,0.5,0.5,10932,5466,167,0.9175824175824175,0.9103102961898755,30.552506403219905,0.669,0.591,946,182
abl1,1,uncertainty_partition,0.5,0.5,10932,5466,142,0.7802197802197802,0.7961639000195222,25.97877789974387,0.508,0.583,931,182
abl1,2,rabvs,0.01,0.09147457006952067,10932,1000,112,0.6187845303867403,0.7196489642477344,112.0,0.367,0.5740000000000001,855,181
abl1,2,random_partition,0.01,0.09147457006952067,10932,1000,18,0.09944751381215469,0.2596722652468301,18.0,0.127,0.5700000000000001,752,181
abl1,2,greedy_partition,0.01,0.09147457006952067,10932,1000,102,0.56353591160221,0.6755272326954137,102.0,0.412,0.501,846,181
abl1,2,boba_ucb,0.01,0.09147457006952067,10932,1000,83,0.4585635359116022,0.5906698438267948,83.0,0.213,0.577,762,181
abl1,2,uncertainty_partition,0.01,0.09147457006952067,10932,1000,25,0.13812154696132597,0.29934515667384953,25.0,0.073,0.526,589,181
abl1,2,rabvs,0.025,0.09147457006952067,10932,1000,112,0.6187845303867403,0.7196489642477344,112.0,0.367,0.5740000000000001,855,181
abl1,2,random_partition,0.025,0.09147457006952067,10932,1000,18,0.09944751381215469,0.2596722652468301,18.0,0.127,0.5700000000000001,752,181
abl1,2,greedy_partition,0.025,0.09147457006952067,10932,1000,102,0.56353591160221,0.6755272326954137,102.0,0.412,0.501,846,181
abl1,2,boba_ucb,0.025,0.09147457006952067,10932,1000,83,0.4585635359116022,0.5906698438267948,83.0,0.213,0.577,762,181
abl1,2,uncertainty_partition,0.025,0.09147457006952067,10932,1000,25,0.13812154696132597,0.29934515667384953,25.0,0.073,0.526,589,181
abl1,2,rabvs,0.05,0.09147457006952067,10932,1000,112,0.6187845303867403,0.7196489642477344,112.0,0.367,0.5740000000000001,855,181
abl1,2,random_partition,0.05,0.09147457006952067,10932,1000,18,0.09944751381215469,0.2596722652468301,18.0,0.127,0.5700000000000001,752,181
abl1,2,greedy_partition,0.05,0.09147457006952067,10932,1000,102,0.56353591160221,0.6755272326954137,102.0,0.412,0.501,846,181
abl1,2,boba_ucb,0.05,0.09147457006952067,10932,1000,83,0.4585635359116022,0.5906698438267948,83.0,0.213,0.577,762,181
abl1,2,uncertainty_partition,0.05,0.09147457006952067,10932,1000,25,0.13812154696132597,0.29934515667384953,25.0,0.073,0.526,589,181
abl1,2,rabvs,0.1,0.10007317965605561,10932,1094,112,0.6187845303867403,0.708326583188138,102.37659963436928,0.39,0.602,879,181
abl1,2,random_partition,0.1,0.10007317965605561,10932,1094,18,0.09944751381215469,0.23648612090595234,16.453382084095065,0.127,0.5740000000000001,791,181
abl1,2,greedy_partition,0.1,0.10007317965605561,10932,1094,105,0.580110497237569,0.6763192978201882,95.97806215722122,0.439,0.528,877,181
abl1,2,boba_ucb,0.1,0.10007317965605561,10932,1094,83,0.4585635359116022,0.5758060837504938,75.86837294332724,0.239,0.618,804,181
abl1,2,uncertainty_partition,0.1,0.10007317965605561,10932,1094,25,0.13812154696132597,0.2769909393954618,22.851919561243143,0.074,0.571,624,181
abl1,2,rabvs,0.2,0.20005488474204172,10932,2187,130,0.7182320441988951,0.7419933450927878,59.44215820759031,0.611,0.623,897,181
abl1,2,random_partition,0.2,0.20005488474204172,10932,2187,41,0.2265193370165746,0.2668517525112946,18.747142203932327,0.198,0.605,889,181
abl1,2,greedy_partition,0.2,0.20005488474204172,10932,2187,136,0.7513812154696132,0.7698383394095115,62.18564243255601,0.659,0.608,904,181
abl1,2,boba_ucb,0.2,0.20005488474204172,10932,2187,122,0.6740331491712708,0.7079337707924878,55.784179240969365,0.541,0.598,886,181
abl1,2,uncertainty_partition,0.2,0.20005488474204172,10932,2187,36,0.19889502762430938,0.23707782085416135,16.46090534979424,0.252,0.629,879,181
abl1,2,rabvs,0.5,0.5,10932,5466,167,0.9226519337016574,0.8933719430788205,30.552506403219905,0.847,0.594,891,181
abl1,2,random_partition,0.5,0.5,10932,5466,52,0.287292817679558,0.3075260052311009,9.51335528723015,0.431,0.613,888,181
abl1,2,greedy_partition,0.5,0.5,10932,5466,170,0.9392265193370166,0.9077016073080753,31.101353823637027,0.829,0.5820000000000001,908,181
abl1,2,boba_ucb,0.5,0.5,10932,5466,158,0.8729281767955801,0.861089814445805,28.905964141968532,0.785,0.591,904,181
abl1,2,uncertainty_partition,0.5,0.5,10932,5466,146,0.8066298342541437,0.8049822487504686,26.710574460300034,0.779,0.617,892,181
ace,0,rabvs,0.01,0.058200442323361655,17182,1000,256,0.9110320284697508,0.9540174060002519,256.0,0.366,0.46399999999999997,737,281
ace,0,random_partition,0.01,0.058200442323361655,17182,1000,15,0.05338078291814947,0.3599343560186081,15.0,0.124,0.512,575,281
ace,0,greedy_partition,0.01,0.058200442323361655,17182,1000,256,0.9110320284697508,0.9540174060002519,256.0,0.366,0.46399999999999997,737,281
ace,0,boba_ucb,0.01,0.058200442323361655,17182,1000,221,0.7864768683274022,0.886893985872246,221.0,0.243,0.5369999999999999,641,281
ace,0,uncertainty_partition,0.01,0.058200442323361655,17182,1000,200,0.7117437722419929,0.8437276469091641,200.0,0.214,0.46699999999999997,530,281
ace,0,rabvs,0.025,0.058200442323361655,17182,1000,256,0.9110320284697508,0.9540174060002519,256.0,0.366,0.46399999999999997,737,281
ace,0,random_partition,0.025,0.058200442323361655,17182,1000,15,0.05338078291814947,0.3599343560186081,15.0,0.124,0.512,575,281
ace,0,greedy_partition,0.025,0.058200442323361655,17182,1000,256,0.9110320284697508,0.9540174060002519,256.0,0.366,0.46399999999999997,737,281
ace,0,boba_ucb,0.025,0.058200442323361655,17182,1000,221,0.7864768683274022,0.886893985872246,221.0,0.243,0.5369999999999999,641,281
ace,0,uncertainty_partition,0.025,0.058200442323361655,17182,1000,200,0.7117437722419929,0.8437276469091641,200.0,0.214,0.46699999999999997,530,281
ace,0,rabvs,0.05,0.058200442323361655,17182,1000,256,0.9110320284697508,0.9540174060002519,256.0,0.366,0.46399999999999997,737,281
ace,0,random_partition,0.05,0.058200442323361655,17182,1000,15,0.05338078291814947,0.3599343560186081,15.0,0.124,0.512,575,281
ace,0,greedy_partition,0.05,0.058200442323361655,17182,1000,256,0.9110320284697508,0.9540174060002519,256.0,0.366,0.46399999999999997,737,281
ace,0,boba_ucb,0.05,0.058200442323361655,17182,1000,221,0.7864768683274022,0.886893985872246,221.0,0.243,0.5369999999999999,641,281
ace,0,uncertainty_partition,0.05,0.058200442323361655,17182,1000,200,0.7117437722419929,0.8437276469091641,200.0,0.214,0.46699999999999997,530,281
ace,0,rabvs,0.1,0.10004656035385869,17182,1719,262,0.9323843416370107,0.950219542758091,152.41419429901103,0.441,0.536,780,281
ace,0,random_partition,0.1,0.10004656035385869,17182,1719,18,0.06405693950177936,0.2019401145001379,10.471204188481677,0.154,0.563,720,281
ace,0,greedy_partition,0.1,0.10004656035385869,17182,1719,262,0.9323843416370107,0.9502715196664535,152.41419429901103,0.445,0.475,796,281
ace,0,boba_ucb,0.1,0.10004656035385869,17182,1719,260,0.9252669039145908,0.9452189243922471,151.25072716695755,0.42,0.516,752,281
ace,0,uncertainty_partition,0.1,0.10004656035385869,17182,1719,247,0.8790035587188612,0.9121530644850526,143.68819080860965,0.276,0.43100000000000005,695,281
ace,0,rabvs,0.2,0.20003492026539402,17182,3437,275,0.9786476868327402,0.9793900661540517,80.01163805644457,0.61,0.5760000000000001,791,281
ace,0,random_partition,0.2,0.20003492026539402,17182,3437,18,0.06405693950177936,0.09140443276594958,5.23712540005819,0.186,0.617,706,281
ace,0,greedy_partition,0.2,0.20003492026539402,17182,3437,277,0.9857651245551602,0.9852517633185645,80.59354087867327,0.668,0.563,806,281
ace,0,boba_ucb,0.2,0.20003492026539402,17182,3437,265,0.9430604982206405,0.950069171584732,77.10212394530114,0.493,0.528,775,281
ace,0,uncertainty_partition,0.2,0.20003492026539402,17182,3437,260,0.9252669039145908,0.9347545069359295,75.64736688972941,0.416,0.489,753,281
ace,0,rabvs,0.5,0.5,17182,8591,280,0.99644128113879,0.9938251031983367,32.59224770108253,0.85,0.546,805,281
ace,0,random_partition,0.5,0.5,17182,8591,32,0.11387900355871886,0.13070867271359332,3.7248283086951464,0.429,0.542,735,281
ace,0,greedy_partition,0.5,0.5,17182,8591,281,1.0,0.9967952726077989,32.70864858572925,0.879,0.5449999999999999,814,281
ace,0,boba_ucb,0.5,0.5,17182,8591,278,0.9893238434163701,0.9879014354469311,32.35944593178908,0.804,0.5469999999999999,793,281
ace,0,uncertainty_partition,0.5,0.5,17182,8591,260,0.9252669039145908,0.9334686740625353,30.26423000814806,0.505,0.49,817,281
ace,1,rabvs,0.01,0.058200442323361655,17182,1000,246,0.8754448398576512,0.9355214577245006,246.0,0.353,0.43100000000000005,869,281
ace,1,random_partition,0.01,0.058200442323361655,17182,1000,4,0.014234875444839857,0.3250824881249232,4.0,0.032,0.621,631,281
ace,1,greedy_partition,0.01,0.058200442323361655,17182,1000,250,0.8896797153024911,0.9430901155780186,250.0,0.339,0.385,867,281
ace,1,boba_ucb,0.01,0.058200442323361655,17182,1000,246,0.8754448398576512,0.9355250941887605,246.0,0.366,0.44499999999999995,841,281
ace,1,uncertainty_partition,0.01,0.058200442323361655,17182,1000,4,0.014234875444839857,0.3250824881249232,4.0,0.021,0.279,402,281
ace,1,rabvs,0.025,0.058200442323361655,17182,1000,246,0.8754448398576512,0.9355214577245006,246.0,0.353,0.43100000000000005,869,281
ace,1,random_partition,0.025,0.058200442323361655,17182,1000,4,0.014234875444839857,0.3250824881249232,4.0,0.032,0.621,631,281
ace,1,greedy_partition,0.025,0.058200442323361655,17182,1000,250,0.8896797153024911,0.9430901155780186,250.0,0.339,0.385,867,281
ace,1,boba_ucb,0.025,0.058200442323361655,17182,1000,246,0.8754448398576512,0.9355250941887605,246.0,0.366,0.44499999999999995,841,281
ace,1,uncertainty_partition,0.025,0.058200442323361655,17182,1000,4,0.014234875444839857,0.3250824881249232,4.0,0.021,0.279,402,281
ace,1,rabvs,0.05,0.058200442323361655,17182,1000,246,0.8754448398576512,0.9355214577245006,246.0,0.353,0.43100000000000005,869,281
ace,1,random_partition,0.05,0.058200442323361655,17182,1000,4,0.014234875444839857,0.3250824881249232,4.0,0.032,0.621,631,281
ace,1,greedy_partition,0.05,0.058200442323361655,17182,1000,250,0.8896797153024911,0.9430901155780186,250.0,0.339,0.385,867,281
ace,1,boba_ucb,0.05,0.058200442323361655,17182,1000,246,0.8754448398576512,0.9355250941887605,246.0,0.366,0.44499999999999995,841,281
ace,1,uncertainty_partition,0.05,0.058200442323361655,17182,1000,4,0.014234875444839857,0.3250824881249232,4.0,0.021,0.279,402,281
ace,1,rabvs,0.1,0.10004656035385869,17182,1719,247,0.8790035587188612,0.912134490848275,143.68819080860965,0.389,0.528,886,281
ace,1,random_partition,0.1,0.10004656035385869,17182,1719,20,0.0711743772241993,0.20922600809714983,11.634671320535194,0.087,0.56,740,281
ace,1,greedy_partition,0.1,0.10004656035385869,17182,1719,251,0.8932384341637011,0.9223478293042884,146.0151250727167,0.455,0.472,906,281
ace,1,boba_ucb,0.1,0.10004656035385869,17182,1719,247,0.8790035587188612,0.9121707585992495,143.68819080860965,0.397,0.529,844,281
ace,1,uncertainty_partition,0.1,0.10004656035385869,17182,1719,4,0.014234875444839857,0.1501861254804941,2.326934264107039,0.047,0.516,623,281
ace,1,rabvs,0.2,0.20003492026539402,17182,3437,255,0.9074733096085409,0.9197201722754175,74.1926098341577,0.557,0.528,904,281
ace,1,random_partition,0.2,0.20003492026539402,17182,3437,22,0.07829181494661921,0.1069390085833486,6.400931044515566,0.146,0.488,779,281
ace,1,greedy_partition,0.2,0.20003492026539402,17182,3437,256,0.9110320284697508,0.9214145242764019,74.48356124527204,0.574,0.532,903,281
ace,1,boba_ucb,0.2,0.20003492026539402,17182,3437,247,0.8790035587188612,0.8955137707551423,71.86499854524294,0.482,0.5329999999999999,854,281
ace,1,uncertainty_partition,0.2,0.20003492026539402,17182,3437,4,0.014234875444839857,0.034683876749590864,1.1638056444573757,0.107,0.473,760,281
ace,1,rabvs,0.5,0.5,17182,8591,265,0.9430604982206405,0.9485533751391101,30.846234431381678,0.832,0.499,891,281
ace,1,random_partition,0.5,0.5,17182,8591,28,0.099644128113879,0.11398661533220358,3.259224770108253,0.437,0.546,836,281
ace,1,greedy_partition,0.5,0.5,17182,8591,281,1.0,0.9967493447889845,32.70864858572925,0.848,0.509,899,281
ace,1,boba_ucb,0.5,0.5,17182,8591,258,0.9181494661921709,0.9272549611480745,30.031428238854616,0.781,0.506,900,281
ace,1,uncertainty_partition,0.5,0.5,17182,8591,10,0.03558718861209965,0.0426206050153385,1.1640088464672331,0.316,0.503,858,281
ace,2,rabvs,0.01,0.058200442323361655,17182,1000,255,0.9074733096085409,0.9521137460651998,255.0,0.352,0.42000000000000004,783,281
ace,2,random_partition,0.01,0.058200442323361655,17182,1000,6,0.021352313167259787,0.33123854945217956,6.0,0.028,0.389,543,281
ace,2,greedy_partition,0.01,0.058200442323361655,17182,1000,262,0.9323843416370107,0.9647156024006688,262.0,0.394,0.41800000000000004,772,281
ace,2,boba_ucb,0.01,0.058200442323361655,17182,1000,244,0.8683274021352313,0.9316916431686048,244.0,0.281,0.44999999999999996,813,281
ace,2,uncertainty_partition,0.01,0.058200442323361655,17182,1000,4,0.014234875444839857,0.3250824881249232,4.0,0.018,0.41300000000000003,459,281
ace,2,rabvs,0.025,0.058200442323361655,17182,1000,255,0.9074733096085409,0.9521137460651998,255.0,0.352,0.42000000000000004,783,281
ace,2,random_partition,0.025,0.058200442323361655,17182,1000,6,0.021352313167259787,0.33123854945217956,6.0,0.028,0.389,543,281
ace,2,greedy_partition,0.025,0.058200442323361655,17182,1000,262,0.9323843416370107,0.9647156024006688,262.0,0.394,0.41800000000000004,772,281
ace,2,boba_ucb,0.025,0.058200442323361655,17182,1000,244,0.8683274021352313,0.9316916431686048,244.0,0.281,0.44999999999999996,813,281
ace,2,uncertainty_partition,0.025,0.058200442323361655,17182,1000,4,0.014234875444839857,0.3250824881249232,4.0,0.018,0.41300000000000003,459,281
ace,2,rabvs,0.05,0.058200442323361655,17182,1000,255,0.9074733096085409,0.9521137460651998,255.0,0.352,0.42000000000000004,783,281
ace,2,random_partition,0.05,0.058200442323361655,17182,1000,6,0.021352313167259787,0.33123854945217956,6.0,0.028,0.389,543,281
ace,2,greedy_partition,0.05,0.058200442323361655,17182,1000,262,0.9323843416370107,0.9647156024006688,262.0,0.394,0.41800000000000004,772,281
ace,2,boba_ucb,0.05,0.058200442323361655,17182,1000,244,0.8683274021352313,0.9316916431686048,244.0,0.281,0.44999999999999996,813,281
ace,2,uncertainty_partition,0.05,0.058200442323361655,17182,1000,4,0.014234875444839857,0.3250824881249232,4.0,0.018,0.41300000000000003,459,281
ace,2,rabvs,0.1,0.10004656035385869,17182,1719,263,0.9359430604982206,0.9525353059537695,152.99592786503783,0.458,0.508,846,281
ace,2,random_partition,0.1,0.10004656035385869,17182,1719,6,0.021352313167259787,0.1573864247765112,3.4904013961605584,0.032,0.532,619,281
ace,2,greedy_partition,0.1,0.10004656035385869,17182,1719,270,0.9608540925266904,0.9701142303792868,157.06806282722513,0.536,0.513,820,281
ace,2,boba_ucb,0.1,0.10004656035385869,17182,1719,244,0.8683274021352313,0.9044759568884092,141.9429901105294,0.3,0.603,838,281
ace,2,uncertainty_partition,0.1,0.10004656035385869,17182,1719,4,0.014234875444839857,0.1501861254804941,2.326934264107039,0.028,0.627,599,281
ace,2,rabvs,0.2,0.20003492026539402,17182,3437,276,0.9822064056939501,0.9819974362003052,80.30258946755892,0.699,0.531,824,281
ace,2,random_partition,0.2,0.20003492026539402,17182,3437,7,0.02491103202846975,0.04541011714404481,2.0366598778004072,0.065,0.612,763,281
ace,2,greedy_partition,0.2,0.20003492026539402,17182,3437,277,0.9857651245551602,0.9849301606711843,80.59354087867327,0.709,0.52,814,281
ace,2,boba_ucb,0.2,0.20003492026539402,17182,3437,250,0.8896797153024911,0.9047156458008407,72.73785277858597,0.403,0.5920000000000001,856,281
ace,2,uncertainty_partition,0.2,0.20003492026539402,17182,3437,5,0.017793594306049824,0.03860170876266635,1.4547570555717195,0.082,0.524,764,281
ace,2,rabvs,0.5,0.5,17182,8591,280,0.99644128113879,0.9936604009819834,32.59224770108253,0.904,0.518,833,281
ace,2,random_partition,0.5,0.5,17182,8591,26,0.09252669039145907,0.1069093835984917,3.026423000814806,0.377,0.508,822,281
ace,2,greedy_partition,0.5,0.5,17182,8591,281,1.0,0.9967012182793408,32.70864858572925,0.908,0.52,835,281
ace,2,boba_ucb,0.5,0.5,17182,8591,280,0.99644128113879,0.9936953215322071,32.59224770108253,0.88,0.51,830,281
ace,2,uncertainty_partition,0.5,0.5,17182,8591,9,0.03202846975088968,0.03704581041570113,1.0476079618205099,0.217,0.52,844,281
aces,0,rabvs,0.01,0.03744897577051268,26703,1000,179,0.4172494172494173,0.7401211595712144,179.0,0.232,0.43400000000000005,927,429
aces,0,random_partition,0.01,0.03744897577051268,26703,1000,16,0.037296037296037296,0.4994776902086179,16.0,0.024,0.626,752,429
aces,0,greedy_partition,0.01,0.03744897577051268,26703,1000,179,0.4172494172494173,0.7401211595712144,179.0,0.232,0.43400000000000005,927,429
aces,0,boba_ucb,0.01,0.03744897577051268,26703,1000,138,0.32167832167832167,0.6866128290933338,138.0,0.148,0.401,626,429
aces,0,uncertainty_partition,0.01,0.03744897577051268,26703,1000,168,0.3916083916083916,0.7262192801229653,168.0,0.206,0.476,867,429
aces,0,rabvs,0.025,0.03744897577051268,26703,1000,179,0.4172494172494173,0.7401211595712144,179.0,0.232,0.43400000000000005,927,429
aces,0,random_partition,0.025,0.03744897577051268,26703,1000,16,0.037296037296037296,0.4994776902086179,16.0,0.024,0.626,752,429
aces,0,greedy_partition,0.025,0.03744897577051268,26703,1000,179,0.4172494172494173,0.7401211595712144,179.0,0.232,0.43400000000000005,927,429
aces,0,boba_ucb,0.025,0.03744897577051268,26703,1000,138,0.32167832167832167,0.6866128290933338,138.0,0.148,0.401,626,429
aces,0,uncertainty_partition,0.025,0.03744897577051268,26703,1000,168,0.3916083916083916,0.7262192801229653,168.0,0.206,0.476,867,429
aces,0,rabvs,0.05,0.05003183162940494,26703,1336,205,0.47785547785547783,0.7087228496447383,153.4431137724551,0.281,0.494,949,429
aces,0,random_partition,0.05,0.05003183162940494,26703,1336,16,0.037296037296037296,0.39747222378864894,11.976047904191617,0.024,0.669,783,429
aces,0,greedy_partition,0.05,0.05003183162940494,26703,1336,205,0.47785547785547783,0.7087228496447383,153.4431137724551,0.281,0.494,949,429
aces,0,boba_ucb,0.05,0.05003183162940494,26703,1336,141,0.32867132867132864,0.614515834823694,105.53892215568862,0.166,0.515,687,429
aces,0,uncertainty_partition,0.05,0.05003183162940494,26703,1336,182,0.42424242424242425,0.6764622770554027,136.22754491017963,0.249,0.491,878,429
aces,0,rabvs,0.1,0.10002621428303936,26703,2671,257,0.5990675990675991,0.6660747450328507,96.21864470235866,0.408,0.492,901,429
aces,0,random_partition,0.1,0.10002621428303936,26703,2671,28,0.06526806526806526,0.19836997172794144,10.482965181579932,0.069,0.6619999999999999,812,429
aces,0,greedy_partition,0.1,0.10002621428303936,26703,2671,281,0.655011655011655,0.7080096279832505,105.20404342942719,0.463,0.51,915,429
aces,0,boba_ucb,0.1,0.10002621428303936,26703,2671,219,0.5104895104895105,0.5974329637694809,81.99176338450019,0.346,0.482,899,429
aces,0,uncertainty_partition,0.1,0.10002621428303936,26703,2671,209,0.48717948717948717,0.5785824252452106,78.24784724822163,0.345,0.491,880,429
aces,0,rabvs,0.2,0.2000149795903082,26703,5341,271,0.6317016317016317,0.6366503161697783,50.73956187979779,0.47,0.501,891,429
aces,0,random_partition,0.2,0.2000149795903082,26703,5341,43,0.10023310023310024,0.12255344599782031,8.050926792735444,0.094,0.6659999999999999,833,429
aces,0,greedy_partition,0.2,0.2000149795903082,26703,5341,331,0.7715617715617715,0.7617676774573375,61.973413218498415,0.607,0.519,911,429
aces,0,boba_ucb,0.2,0.2000149795903082,26703,5341,257,0.5990675990675991,0.6099289196175443,48.11832990076765,0.47,0.508,877,429
aces,0,uncertainty_partition,0.2,0.2000149795903082,26703,5341,272,0.634032634032634,0.6406459375085606,50.9267927354428,0.491,0.498,887,429
aces,0,rabvs,0.5,0.5000187244878852,26703,13352,376,0.8764568764568764,0.844065933021174,28.16057519472738,0.791,0.477,911,429
aces,0,random_partition,0.5,0.5000187244878852,26703,13352,92,0.21445221445221446,0.21713219920893798,6.890353505092871,0.309,0.5840000000000001,862,429
aces,0,greedy_partition,0.5,0.5000187244878852,26703,13352,384,0.8951048951048951,0.8578273965841402,28.75973636908328,0.807,0.47,916,429
aces,0,boba_ucb,0.5,0.5000187244878852,26703,13352,355,0.8275058275058275,0.802335899788796,26.58777711204314,0.759,0.492,900,429
aces,0,uncertainty_partition,0.5,0.5000187244878852,26703,13352,315,0.7342657342657343,0.723167221874072,23.591971240263632,0.646,0.45499999999999996,888,429
aces,1,rabvs,0.01,0.03744897577051268,26703,1000,137,0.3333333333333333,0.6852787346708313,137.0,0.167,0.5720000000000001,895,411
aces,1,random_partition,0.01,0.03744897577051268,26703,1000,37,0.09002433090024331,0.5335110213910792,37.0,0.036,0.486,796,411
aces,1,greedy_partition,0.01,0.03744897577051268,26703,1000,161,0.39172749391727496,0.715898761671982,161.0,0.251,0.391,902,411
aces,1,boba_ucb,0.01,0.03744897577051268,26703,1000,137,0.3333333333333333,0.6852787346708313,137.0,0.167,0.5720000000000001,895,411
aces,1,uncertainty_partition,0.01,0.03744897577051268,26703,1000,4,0.009732360097323601,0.4797335908900982,4.0,0.075,0.525,676,411
aces,1,rabvs,0.025,0.03744897577051268,26703,1000,137,0.3333333333333333,0.6852787346708313,137.0,0.167,0.5720000000000001,895,411
aces,1,random_partition,0.025,0.03744897577051268,26703,1000,37,0.09002433090024331,0.5335110213910792,37.0,0.036,0.486,796,411
aces,1,greedy_partition,0.025,0.03744897577051268,26703,1000,161,0.39172749391727496,0.715898761671982,161.0,0.251,0.391,902,411
aces,1,boba_ucb,0.025,0.03744897577051268,26703,1000,137,0.3333333333333333,0.6852787346708313,137.0,0.167,0.5720000000000001,895,411
aces,1,uncertainty_partition,0.025,0.03744897577051268,26703,1000,4,0.009732360097323601,0.4797335908900982,4.0,0.075,0.525,676,411
aces,1,rabvs,0.05,0.05003183162940494,26703,1336,137,0.3333333333333333,0.6082055837043818,102.54491017964072,0.171,0.5900000000000001,900,411
aces,1,random_partition,0.05,0.05003183162940494,26703,1336,37,0.09002433090024331,0.4353351413436161,27.694610778443113,0.036,0.558,782,411
aces,1,greedy_partition,0.05,0.05003183162940494,26703,1336,163,0.39659367396593675,0.6461714380536355,122.0059880239521,0.297,0.44799999999999995,906,411
aces,1,boba_ucb,0.05,0.05003183162940494,26703,1336,137,0.3333333333333333,0.6082055837043818,102.54491017964072,0.171,0.5900000000000001,900,411
aces,1,uncertainty_partition,0.05,0.05003183162940494,26703,1336,4,0.009732360097323601,0.3753114839258311,2.9940119760479043,0.084,0.587,723,411
aces,1,rabvs,0.1,0.10002621428303936,26703,2671,163,0.39659367396593675,0.48804447996033673,61.02583302134032,0.367,0.48,900,411
aces,1,random_partition,0.1,0.10002621428303936,26703,2671,37,0.09002433090024331,0.21887094341470792,13.852489704230626,0.039,0.591,764,411
aces,1,greedy_partition,0.1,0.10002621428303936,26703,2671,166,0.40389294403892945,0.49261754076758213,62.14900786222389,0.428,0.479,892,411
aces,1,boba_ucb,0.1,0.10002621428303936,26703,2671,139,0.3381995133819951,0.4418271157483639,52.04043429427181,0.254,0.529,856,411
aces,1,uncertainty_partition,0.1,0.10002621428303936,26703,2671,4,0.009732360097323601,0.14465658175676824,1.4975664545114191,0.106,0.598,776,411
aces,1,rabvs,0.2,0.2000149795903082,26703,5341,241,0.5863746958637469,0.5740306178721964,45.12263621044748,0.613,0.46599999999999997,929,411
aces,1,random_partition,0.2,0.2000149795903082,26703,5341,38,0.09245742092457421,0.10986219436972161,7.114772514510391,0.086,0.604,820,411
aces,1,greedy_partition,0.2,0.2000149795903082,26703,5341,269,0.6545012165450121,0.6305736497975201,50.36510016850777,0.654,0.45299999999999996,931,411
aces,1,boba_ucb,0.2,0.2000149795903082,26703,5341,169,0.41119221411192214,0.4203781679863702,31.642014604006743,0.455,0.45899999999999996,894,411
aces,1,uncertainty_partition,0.2,0.2000149795903082,26703,5341,20,0.04866180048661801,0.0669495791915409,3.744617112900206,0.249,0.534,865,411
aces,1,rabvs,0.5,0.5000187244878852,26703,13352,376,0.9148418491484185,0.8367626640192606,28.16057519472738,0.87,0.41300000000000003,947,411
aces,1,random_partition,0.5,0.5000187244878852,26703,13352,296,0.7201946472019465,0.6777326829183759,22.168963451168363,0.444,0.42000000000000004,898,411
aces,1,greedy_partition,0.5,0.5000187244878852,26703,13352,394,0.9586374695863747,0.8794689774165564,29.508687837028162,0.888,0.41200000000000003,946,411
aces,1,boba_ucb,0.5,0.5000187244878852,26703,13352,331,0.805352798053528,0.7515176050094554,24.790293588975437,0.789,0.41200000000000003,939,411
aces,1,uncertainty_partition,0.5,0.5000187244878852,26703,13352,279,0.6788321167883211,0.6433833028943575,20.895745955662075,0.681,0.405,925,411
aces,2,rabvs,0.01,0.03744897577051268,26703,1000,213,0.49882903981264637,0.7825930833450191,213.0,0.248,0.5509999999999999,911,427
aces,2,random_partition,0.01,0.03744897577051268,26703,1000,13,0.03044496487119438,0.49468968382529716,13.0,0.028,0.696,790,427
aces,2,greedy_partition,0.01,0.03744897577051268,26703,1000,182,0.4262295081967213,0.7431772847408601,182.0,0.283,0.45199999999999996,872,427
aces,2,boba_ucb,0.01,0.03744897577051268,26703,1000,150,0.351288056206089,0.7017636161913186,150.0,0.161,0.17800000000000005,807,427
aces,2,uncertainty_partition,0.01,0.03744897577051268,26703,1000,31,0.07259953161592506,0.5234538002727537,31.0,0.072,0.237,798,427
aces,2,rabvs,0.025,0.03744897577051268,26703,1000,213,0.49882903981264637,0.7825930833450191,213.0,0.248,0.5509999999999999,911,427
aces,2,random_partition,0.025,0.03744897577051268,26703,1000,13,0.03044496487119438,0.49468968382529716,13.0,0.028,0.696,790,427
aces,2,greedy_partition,0.025,0.03744897577051268,26703,1000,182,0.4262295081967213,0.7431772847408601,182.0,0.283,0.45199999999999996,872,427
aces,2,boba_ucb,0.025,0.03744897577051268,26703,1000,150,0.351288056206089,0.7017636161913186,150.0,0.161,0.17800000000000005,807,427
aces,2,uncertainty_partition,0.025,0.03744897577051268,26703,1000,31,0.07259953161592506,0.5234538002727537,31.0,0.072,0.237,798,427
aces,2,rabvs,0.05,0.05003183162940494,26703,1336,259,0.6065573770491803,0.78352954785956,193.8622754491018,0.351,0.5609999999999999,940,427
aces,2,random_partition,0.05,0.05003183162940494,26703,1336,13,0.03044496487119438,0.3920251766288809,9.73053892215569,0.028,0.71,850,427
aces,2,greedy_partition,0.05,0.05003183162940494,26703,1336,189,0.4426229508196721,0.6851390298652146,141.46706586826346,0.296,0.40800000000000003,908,427
aces,2,boba_ucb,0.05,0.05003183162940494,26703,1336,150,0.351288056206089,0.6269582731277323,112.2754491017964,0.165,0.353,817,427
aces,2,uncertainty_partition,0.05,0.05003183162940494,26703,1336,56,0.13114754098360656,0.468333794925219,41.91616766467065,0.146,0.375,889,427
aces,2,rabvs,0.1,0.10002621428303936,26703,2671,317,0.7423887587822015,0.7739765939688646,118.68214152002996,0.461,0.485,931,427
aces,2,random_partition,0.1,0.10002621428303936,26703,2671,14,0.03278688524590164,0.16744116799663408,5.241482590789966,0.048,0.629,861,427
aces,2,greedy_partition,0.1,0.10002621428303936,26703,2671,317,0.7423887587822015,0.7739765939688646,118.68214152002996,0.461,0.485,931,427
aces,2,boba_ucb,0.1,0.10002621428303936,26703,2671,214,0.5011709601873536,0.5861870285656384,80.11980531636091,0.308,0.45999999999999996,861,427
aces,2,uncertainty_partition,0.1,0.10002621428303936,26703,2671,85,0.1990632318501171,0.3214097677226766,31.823287158367652,0.24,0.477,872,427
aces,2,rabvs,0.2,0.2000149795903082,26703,5341,338,0.7915690866510539,0.7795701802218676,63.284029208013486,0.56,0.46699999999999997,938,427
aces,2,random_partition,0.2,0.2000149795903082,26703,5341,158,0.3700234192037471,0.3922598525800976,29.582475191911627,0.304,0.52,927,427
aces,2,greedy_partition,0.2,0.2000149795903082,26703,5341,340,0.7962529274004684,0.7793581970910343,63.6584909193035,0.596,0.46099999999999997,938,427
aces,2,boba_ucb,0.2,0.2000149795903082,26703,5341,328,0.7681498829039812,0.758502922955282,61.41172065156338,0.535,0.43600000000000005,922,427
aces,2,uncertainty_partition,0.2,0.2000149795903082,26703,5341,101,0.23653395784543327,0.25967926434898936,18.91031642014604,0.298,0.485,865,427
aces,2,rabvs,0.5,0.5000187244878852,26703,13352,404,0.9461358313817331,0.8998322116128646,30.25763930497304,0.881,0.41000000000000003,944,427
aces,2,random_partition,0.5,0.5000187244878852,26703,13352,182,0.4262295081967213,0.42508136521180767,13.630916716596765,0.467,0.5,912,427
aces,2,greedy_partition,0.5,0.5000187244878852,26703,13352,405,0.9484777517564403,0.9041872666434478,30.332534451767525,0.875,0.405,943,427
aces,2,boba_ucb,0.5,0.5000187244878852,26703,13352,393,0.9203747072599532,0.8803265972804257,29.433792690233673,0.812,0.42200000000000004,934,427
aces,2,uncertainty_partition,0.5,0.5000187244878852,26703,13352,254,0.594847775175644,0.5936671892596483,19.02336728579988,0.576,0.43700000000000006,897,427
ada,0,rabvs,0.01,0.1804077214504781,5543,1000,90,0.967741935483871,0.9674136075186428,90.0,0.416,0.505,672,93
ada,0,random_partition,0.01,0.1804077214504781,5543,1000,12,0.12903225806451613,0.17256661279583638,12.0,0.148,0.45999999999999996,626,93
ada,0,greedy_partition,0.01,0.1804077214504781,5543,1000,93,1.0,0.9936736283366534,93.0,0.486,0.491,715,93
ada,0,boba_ucb,0.01,0.1804077214504781,5543,1000,89,0.956989247311828,0.9616931278445499,89.0,0.352,0.511,674,93
ada,0,uncertainty_partition,0.01,0.1804077214504781,5543,1000,48,0.5161290322580645,0.5703493641549325,48.0,0.135,0.45399999999999996,714,93
ada,0,rabvs,0.025,0.1804077214504781,5543,1000,90,0.967741935483871,0.9674136075186428,90.0,0.416,0.505,672,93
ada,0,random_partition,0.025,0.1804077214504781,5543,1000,12,0.12903225806451613,0.17256661279583638,12.0,0.148,0.45999999999999996,626,93
ada,0,greedy_partition,0.025,0.1804077214504781,5543,1000,93,1.0,0.9936736283366534,93.0,0.486,0.491,715,93
ada,0,boba_ucb,0.025,0.1804077214504781,5543,1000,89,0.956989247311828,0.9616931278445499,89.0,0.352,0.511,674,93
ada,0,uncertainty_partition,0.025,0.1804077214504781,5543,1000,48,0.5161290322580645,0.5703493641549325,48.0,0.135,0.45399999999999996,714,93
ada,0,rabvs,0.05,0.1804077214504781,5543,1000,90,0.967741935483871,0.9674136075186428,90.0,0.416,0.505,672,93
ada,0,random_partition,0.05,0.1804077214504781,5543,1000,12,0.12903225806451613,0.17256661279583638,12.0,0.148,0.45999999999999996,626,93
ada,0,greedy_partition,0.05,0.1804077214504781,5543,1000,93,1.0,0.9936736283366534,93.0,0.486,0.491,715,93
ada,0,boba_ucb,0.05,0.1804077214504781,5543,1000,89,0.956989247311828,0.9616931278445499,89.0,0.352,0.511,674,93
ada,0,uncertainty_partition,0.05,0.1804077214504781,5543,1000,48,0.5161290322580645,0.5703493641549325,48.0,0.135,0.45399999999999996,714,93
ada,0,rabvs,0.1,0.1804077214504781,5543,1000,90,0.967741935483871,0.9674136075186428,90.0,0.416,0.505,672,93
ada,0,random_partition,0.1,0.1804077214504781,5543,1000,12,0.12903225806451613,0.17256661279583638,12.0,0.148,0.45999999999999996,626,93
ada,0,greedy_partition,0.1,0.1804077214504781,5543,1000,93,1.0,0.9936736283366534,93.0,0.486,0.491,715,93
ada,0,boba_ucb,0.1,0.1804077214504781,5543,1000,89,0.956989247311828,0.9616931278445499,89.0,0.352,0.511,674,93
ada,0,uncertainty_partition,0.1,0.1804077214504781,5543,1000,48,0.5161290322580645,0.5703493641549325,48.0,0.135,0.45399999999999996,714,93
ada,0,rabvs,0.2,0.2000721630885802,5543,1109,90,0.967741935483871,0.967201477518176,81.1541929666366,0.459,0.54,678,93
ada,0,random_partition,0.2,0.2000721630885802,5543,1109,13,0.13978494623655913,0.17324038792911592,11.722272317403066,0.164,0.516,667,93
ada,0,greedy_partition,0.2,0.2000721630885802,5543,1109,93,1.0,0.9936049182149184,83.85933273219116,0.498,0.527,697,93
ada,0,boba_ucb,0.2,0.2000721630885802,5543,1109,90,0.967741935483871,0.9672576239638556,81.1541929666366,0.374,0.53,708,93
ada,0,uncertainty_partition,0.2,0.2000721630885802,5543,1109,48,0.5161290322580645,0.5650439249987455,43.28223624887286,0.139,0.496,737,93
ada,0,rabvs,0.5,0.5000902038607252,5543,2772,93,1.0,0.9939145048060111,33.549783549783555,0.79,0.575,689,93
ada,0,random_partition,0.5,0.5000902038607252,5543,2772,16,0.17204301075268819,0.1908457758098583,5.772005772005772,0.483,0.5880000000000001,664,93
ada,0,greedy_partition,0.5,0.5000902038607252,5543,2772,93,1.0,0.9940685958879241,33.549783549783555,0.817,0.5900000000000001,682,93
ada,0,boba_ucb,0.5,0.5000902038607252,5543,2772,93,1.0,0.993899403443704,33.549783549783555,0.775,0.581,696,93
ada,0,uncertainty_partition,0.5,0.5000902038607252,5543,2772,48,0.5161290322580645,0.55649984396235,17.316017316017316,0.311,0.514,678,93
ada,1,rabvs,0.01,0.1804077214504781,5543,1000,93,1.0108695652173914,0.9537617773910934,93.0,0.418,0.512,664,92
ada,1,random_partition,0.01,0.1804077214504781,5543,1000,23,0.25,0.2734637381319617,23.0,0.12,0.5780000000000001,667,92
ada,1,greedy_partition,0.01,0.1804077214504781,5543,1000,93,1.0108695652173914,0.949569279691968,93.0,0.473,0.538,684,92
ada,1,boba_ucb,0.01,0.1804077214504781,5543,1000,84,0.9130434782608695,0.877130135051569,84.0,0.358,0.48,691,92
ada,1,uncertainty_partition,0.01,0.1804077214504781,5543,1000,65,0.7065217391304348,0.7206126005938093,65.0,0.149,0.45299999999999996,698,92
ada,1,rabvs,0.025,0.1804077214504781,5543,1000,93,1.0108695652173914,0.9537617773910934,93.0,0.418,0.512,664,92
ada,1,random_partition,0.025,0.1804077214504781,5543,1000,23,0.25,0.2734637381319617,23.0,0.12,0.5780000000000001,667,92
ada,1,greedy_partition,0.025,0.1804077214504781,5543,1000,93,1.0108695652173914,0.949569279691968,93.0,0.473,0.538,684,92
ada,1,boba_ucb,0.025,0.1804077214504781,5543,1000,84,0.9130434782608695,0.877130135051569,84.0,0.358,0.48,691,92
ada,1,uncertainty_partition,0.025,0.1804077214504781,5543,1000,65,0.7065217391304348,0.7206126005938093,65.0,0.149,0.45299999999999996,698,92
ada,1,rabvs,0.05,0.1804077214504781,5543,1000,93,1.0108695652173914,0.9537617773910934,93.0,0.418,0.512,664,92
ada,1,random_partition,0.05,0.1804077214504781,5543,1000,23,0.25,0.2734637381319617,23.0,0.12,0.5780000000000001,667,92
ada,1,greedy_partition,0.05,0.1804077214504781,5543,1000,93,1.0108695652173914,0.949569279691968,93.0,0.473,0.538,684,92
ada,1,boba_ucb,0.05,0.1804077214504781,5543,1000,84,0.9130434782608695,0.877130135051569,84.0,0.358,0.48,691,92
ada,1,uncertainty_partition,0.05,0.1804077214504781,5543,1000,65,0.7065217391304348,0.7206126005938093,65.0,0.149,0.45299999999999996,698,92
ada,1,rabvs,0.1,0.1804077214504781,5543,1000,93,1.0108695652173914,0.9537617773910934,93.0,0.418,0.512,664,92
ada,1,random_partition,0.1,0.1804077214504781,5543,1000,23,0.25,0.2734637381319617,23.0,0.12,0.5780000000000001,667,92
ada,1,greedy_partition,0.1,0.1804077214504781,5543,1000,93,1.0108695652173914,0.949569279691968,93.0,0.473,0.538,684,92
ada,1,boba_ucb,0.1,0.1804077214504781,5543,1000,84,0.9130434782608695,0.877130135051569,84.0,0.358,0.48,691,92
ada,1,uncertainty_partition,0.1,0.1804077214504781,5543,1000,65,0.7065217391304348,0.7206126005938093,65.0,0.149,0.45299999999999996,698,92
ada,1,rabvs,0.2,0.2000721630885802,5543,1109,93,1.0108695652173914,0.9500475351167673,83.85933273219116,0.477,0.5469999999999999,687,92
ada,1,random_partition,0.2,0.2000721630885802,5543,1109,23,0.25,0.2653653905772218,20.739404869251576,0.131,0.5900000000000001,672,92
ada,1,greedy_partition,0.2,0.2000721630885802,5543,1109,93,1.0108695652173914,0.9483747067427597,83.85933273219116,0.505,0.554,702,92
ada,1,boba_ucb,0.2,0.2000721630885802,5543,1109,84,0.9130434782608695,0.8746594375757245,75.7439134355275,0.386,0.497,711,92
ada,1,uncertainty_partition,0.2,0.2000721630885802,5543,1109,65,0.7065217391304348,0.7175008399857438,58.611361587015324,0.15,0.44499999999999995,713,92
ada,1,rabvs,0.5,0.5000902038607252,5543,2772,92,1.0,0.9442987305894649,33.18903318903319,0.792,0.569,697,92
ada,1,random_partition,0.5,0.5000902038607252,5543,2772,23,0.25,0.22592660151277463,8.297258297258297,0.45,0.5860000000000001,733,92
ada,1,greedy_partition,0.5,0.5000902038607252,5543,2772,92,1.0,0.9430205084135533,33.18903318903319,0.779,0.604,671,92
ada,1,boba_ucb,0.5,0.5000902038607252,5543,2772,83,0.9021739130434783,0.8666234001267464,29.942279942279942,0.651,0.5660000000000001,716,92
ada,1,uncertainty_partition,0.5,0.5000902038607252,5543,2772,68,0.7391304347826086,0.719296197809996,24.53102453102453,0.414,0.52,733,92
ada,2,rabvs,0.01,0.1804077214504781,5543,1000,92,0.989247311827957,0.9856902921965915,92.0,0.436,0.5509999999999999,719,93
ada,2,random_partition,0.01,0.1804077214504781,5543,1000,18,0.1935483870967742,0.2429640253982563,18.0,0.214,0.476,722,93
ada,2,greedy_partition,0.01,0.1804077214504781,5543,1000,84,0.9032258064516129,0.9144355224188743,84.0,0.448,0.542,677,93
ada,2,boba_ucb,0.01,0.1804077214504781,5543,1000,75,0.8064516129032258,0.8352818490771998,75.0,0.258,0.43500000000000005,683,93
ada,2,uncertainty_partition,0.01,0.1804077214504781,5543,1000,75,0.8064516129032258,0.8355702047386759,75.0,0.173,0.38,716,93
ada,2,rabvs,0.025,0.1804077214504781,5543,1000,92,0.989247311827957,0.9856902921965915,92.0,0.436,0.5509999999999999,719,93
ada,2,random_partition,0.025,0.1804077214504781,5543,1000,18,0.1935483870967742,0.2429640253982563,18.0,0.214,0.476,722,93
ada,2,greedy_partition,0.025,0.1804077214504781,5543,1000,84,0.9032258064516129,0.9144355224188743,84.0,0.448,0.542,677,93
ada,2,boba_ucb,0.025,0.1804077214504781,5543,1000,75,0.8064516129032258,0.8352818490771998,75.0,0.258,0.43500000000000005,683,93
ada,2,uncertainty_partition,0.025,0.1804077214504781,5543,1000,75,0.8064516129032258,0.8355702047386759,75.0,0.173,0.38,716,93
ada,2,rabvs,0.05,0.1804077214504781,5543,1000,92,0.989247311827957,0.9856902921965915,92.0,0.436,0.5509999999999999,719,93
ada,2,random_partition,0.05,0.1804077214504781,5543,1000,18,0.1935483870967742,0.2429640253982563,18.0,0.214,0.476,722,93
ada,2,greedy_partition,0.05,0.1804077214504781,5543,1000,84,0.9032258064516129,0.9144355224188743,84.0,0.448,0.542,677,93
ada,2,boba_ucb,0.05,0.1804077214504781,5543,1000,75,0.8064516129032258,0.8352818490771998,75.0,0.258,0.43500000000000005,683,93
ada,2,uncertainty_partition,0.05,0.1804077214504781,5543,1000,75,0.8064516129032258,0.8355702047386759,75.0,0.173,0.38,716,93
ada,2,rabvs,0.1,0.1804077214504781,5543,1000,92,0.989247311827957,0.9856902921965915,92.0,0.436,0.5509999999999999,719,93
ada,2,random_partition,0.1,0.1804077214504781,5543,1000,18,0.1935483870967742,0.2429640253982563,18.0,0.214,0.476,722,93
ada,2,greedy_partition,0.1,0.1804077214504781,5543,1000,84,0.9032258064516129,0.9144355224188743,84.0,0.448,0.542,677,93
ada,2,boba_ucb,0.1,0.1804077214504781,5543,1000,75,0.8064516129032258,0.8352818490771998,75.0,0.258,0.43500000000000005,683,93
ada,2,uncertainty_partition,0.1,0.1804077214504781,5543,1000,75,0.8064516129032258,0.8355702047386759,75.0,0.173,0.38,716,93
ada,2,rabvs,0.2,0.2000721630885802,5543,1109,92,0.989247311827957,0.9857184960183731,82.9576194770063,0.45,0.542,723,93
ada,2,random_partition,0.2,0.2000721630885802,5543,1109,18,0.1935483870967742,0.2356768711997473,16.230838593327324,0.232,0.5389999999999999,741,93
ada,2,greedy_partition,0.2,0.2000721630885802,5543,1109,84,0.9032258064516129,0.9133384986311309,75.7439134355275,0.48,0.606,719,93
ada,2,boba_ucb,0.2,0.2000721630885802,5543,1109,75,0.8064516129032258,0.8336478460282246,67.62849413886383,0.27,0.483,722,93
ada,2,uncertainty_partition,0.2,0.2000721630885802,5543,1109,75,0.8064516129032258,0.8338324400245013,67.62849413886383,0.185,0.42200000000000004,754,93
ada,2,rabvs,0.5,0.5000902038607252,5543,2772,93,1.0,0.994920931544886,33.549783549783555,0.798,0.615,789,93
ada,2,random_partition,0.5,0.5000902038607252,5543,2772,61,0.6559139784946236,0.6884961065888878,22.005772005772005,0.622,0.636,817,93
ada,2,greedy_partition,0.5,0.5000902038607252,5543,2772,92,0.989247311827957,0.9857451742654457,33.18903318903319,0.795,0.627,778,93
ada,2,boba_ucb,0.5,0.5000902038607252,5543,2772,85,0.9139784946236559,0.9248425685969917,30.663780663780663,0.672,0.621,778,93
ada,2,uncertainty_partition,0.5,0.5000902038607252,5543,2772,76,0.8172043010752689,0.8402009269885304,27.417027417027416,0.394,0.569,763,93
akt1,0,rabvs,0.01,0.05972645284596548,16743,1000,136,0.4689655172413793,0.6825224953490949,136.0,0.262,0.5920000000000001,779,290
akt1,0,random_partition,0.01,0.05972645284596548,16743,1000,5,0.017241379310344827,0.318682082394776,5.0,0.034,0.619,725,290
akt1,0,greedy_partition,0.01,0.05972645284596548,16743,1000,154,0.5310344827586206,0.7252626875359058,154.0,0.291,0.65,868,290
akt1,0,boba_ucb,0.01,0.05972645284596548,16743,1000,157,0.5413793103448276,0.7318578058496299,157.0,0.214,0.681,809,290
akt1,0,uncertainty_partition,0.01,0.05972645284596548,16743,1000,9,0.03103448275862069,0.3307106318088405,9.0,0.152,0.621,739,290
akt1,0,rabvs,0.025,0.05972645284596548,16743,1000,136,0.4689655172413793,0.6825224953490949,136.0,0.262,0.5920000000000001,779,290
akt1,0,random_partition,0.025,0.05972645284596548,16743,1000,5,0.017241379310344827,0.318682082394776,5.0,0.034,0.619,725,290
akt1,0,greedy_partition,0.025,0.05972645284596548,16743,1000,154,0.5310344827586206,0.7252626875359058,154.0,0.291,0.65,868,290
akt1,0,boba_ucb,0.025,0.05972645284596548,16743,1000,157,0.5413793103448276,0.7318578058496299,157.0,0.214,0.681,809,290
akt1,0,uncertainty_partition,0.025,0.05972645284596548,16743,1000,9,0.03103448275862069,0.3307106318088405,9.0,0.152,0.621,739,290
akt1,0,rabvs,0.05,0.05972645284596548,16743,1000,136,0.4689655172413793,0.6825224953490949,136.0,0.262,0.5920000000000001,779,290
akt1,0,random_partition,0.05,0.05972645284596548,16743,1000,5,0.017241379310344827,0.318682082394776,5.0,0.034,0.619,725,290
akt1,0,greedy_partition,0.05,0.05972645284596548,16743,1000,154,0.5310344827586206,0.7252626875359058,154.0,0.291,0.65,868,290
akt1,0,boba_ucb,0.05,0.05972645284596548,16743,1000,157,0.5413793103448276,0.7318578058496299,157.0,0.214,0.681,809,290
akt1,0,uncertainty_partition,0.05,0.05972645284596548,16743,1000,9,0.03103448275862069,0.3307106318088405,9.0,0.152,0.621,739,290
akt1,0,rabvs,0.1,0.10004180851699218,16743,1675,162,0.5586206896551724,0.6584644388543234,96.71641791044776,0.341,0.6990000000000001,890,290
akt1,0,random_partition,0.1,0.10004180851699218,16743,1675,5,0.017241379310344827,0.15345389830294062,2.985074626865672,0.046,0.529,815,290
akt1,0,greedy_partition,0.1,0.10004180851699218,16743,1675,228,0.7862068965517242,0.8397937937587678,136.11940298507463,0.497,0.665,901,290
akt1,0,boba_ucb,0.1,0.10004180851699218,16743,1675,169,0.5827586206896552,0.6767013920289149,100.8955223880597,0.258,0.6930000000000001,875,290
akt1,0,uncertainty_partition,0.1,0.10004180851699218,16743,1675,29,0.1,0.23850352487683377,17.313432835820894,0.244,0.7070000000000001,853,290
akt1,0,rabvs,0.2,0.2000238905811384,16743,3349,212,0.7310344827586207,0.7510125051243738,63.30247835174679,0.567,0.732,913,290
akt1,0,random_partition,0.2,0.2000238905811384,16743,3349,12,0.041379310344827586,0.06502380527177205,3.5831591519856674,0.098,0.648,858,290
akt1,0,greedy_partition,0.2,0.2000238905811384,16743,3349,253,0.8724137931034482,0.8725998500643389,75.54493878769782,0.668,0.7130000000000001,922,290
akt1,0,boba_ucb,0.2,0.2000238905811384,16743,3349,186,0.6413793103448275,0.6695884345912634,55.53896685577784,0.524,0.733,907,290
akt1,0,uncertainty_partition,0.2,0.2000238905811384,16743,3349,49,0.16896551724137931,0.19551914694655886,14.631233203941475,0.345,0.6950000000000001,876,290
akt1,0,rabvs,0.5,0.500029863226423,16743,8372,280,0.9655172413793104,0.9429403187296923,33.4448160535117,0.826,0.7110000000000001,917,290
akt1,0,random_partition,0.5,0.500029863226423,16743,8372,171,0.5896551724137931,0.6139010129584114,20.425226946966077,0.371,0.677,892,290
akt1,0,greedy_partition,0.5,0.500029863226423,16743,8372,285,0.9827586206896551,0.9576057084808312,34.04204491161013,0.839,0.712,923,290
akt1,0,boba_ucb,0.5,0.500029863226423,16743,8372,276,0.9517241379310345,0.9322772413532804,32.96703296703297,0.812,0.71,912,290
akt1,0,uncertainty_partition,0.5,0.500029863226423,16743,8372,65,0.22413793103448276,0.23637045241554347,7.763975155279503,0.491,0.6859999999999999,899,290
akt1,1,rabvs,0.01,0.05972645284596548,16743,1000,153,0.5275862068965518,0.7217605108607674,153.0,0.243,0.569,875,290
akt1,1,random_partition,0.01,0.05972645284596548,16743,1000,141,0.4862068965517241,0.6946669505179859,141.0,0.164,0.653,680,290
akt1,1,greedy_partition,0.01,0.05972645284596548,16743,1000,205,0.7068965517241379,0.8343194812404021,205.0,0.288,0.589,890,290
akt1,1,boba_ucb,0.01,0.05972645284596548,16743,1000,67,0.23103448275862068,0.499566775896179,67.0,0.128,0.5429999999999999,746,290
akt1,1,uncertainty_partition,0.01,0.05972645284596548,16743,1000,26,0.0896551724137931,0.38162307772590764,26.0,0.125,0.519,856,290
akt1,1,rabvs,0.025,0.05972645284596548,16743,1000,153,0.5275862068965518,0.7217605108607674,153.0,0.243,0.569,875,290
akt1,1,random_partition,0.025,0.05972645284596548,16743,1000,141,0.4862068965517241,0.6946669505179859,141.0,0.164,0.653,680,290
akt1,1,greedy_partition,0.025,0.05972645284596548,16743,1000,205,0.7068965517241379,0.8343194812404021,205.0,0.288,0.589,890,290
akt1,1,boba_ucb,0.025,0.05972645284596548,16743,1000,67,0.23103448275862068,0.499566775896179,67.0,0.128,0.5429999999999999,746,290
akt1,1,uncertainty_partition,0.025,0.05972645284596548,16743,1000,26,0.0896551724137931,0.38162307772590764,26.0,0.125,0.519,856,290
akt1,1,rabvs,0.05,0.05972645284596548,16743,1000,153,0.5275862068965518,0.7217605108607674,153.0,0.243,0.569,875,290
akt1,1,random_partition,0.05,0.05972645284596548,16743,1000,141,0.4862068965517241,0.6946669505179859,141.0,0.164,0.653,680,290
akt1,1,greedy_partition,0.05,0.05972645284596548,16743,1000,205,0.7068965517241379,0.8343194812404021,205.0,0.288,0.589,890,290
akt1,1,boba_ucb,0.05,0.05972645284596548,16743,1000,67,0.23103448275862068,0.499566775896179,67.0,0.128,0.5429999999999999,746,290
akt1,1,uncertainty_partition,0.05,0.05972645284596548,16743,1000,26,0.0896551724137931,0.38162307772590764,26.0,0.125,0.519,856,290
akt1,1,rabvs,0.1,0.10004180851699218,16743,1675,210,0.7241379310344828,0.7892720998050694,125.3731343283582,0.339,0.612,911,290
akt1,1,random_partition,0.1,0.10004180851699218,16743,1675,153,0.5275862068965518,0.6343125066349382,91.34328358208955,0.255,0.642,875,290
akt1,1,greedy_partition,0.1,0.10004180851699218,16743,1675,208,0.7172413793103448,0.782820404041245,124.17910447761193,0.405,0.644,918,290
akt1,1,boba_ucb,0.1,0.10004180851699218,16743,1675,195,0.6724137931034483,0.750400346782486,116.41791044776119,0.316,0.673,873,290
akt1,1,uncertainty_partition,0.1,0.10004180851699218,16743,1675,80,0.27586206896551724,0.4044401890251835,47.76119402985075,0.247,0.5880000000000001,909,290
akt1,1,rabvs,0.2,0.2000238905811384,16743,3349,215,0.7413793103448276,0.7610303362549109,64.1982681397432,0.537,0.7050000000000001,890,290
akt1,1,random_partition,0.2,0.2000238905811384,16743,3349,164,0.5655172413793104,0.6053207004258403,48.969841743804125,0.385,0.6639999999999999,884,290
akt1,1,greedy_partition,0.2,0.2000238905811384,16743,3349,215,0.7413793103448276,0.7610303362549109,64.1982681397432,0.537,0.7050000000000001,890,290
akt1,1,boba_ucb,0.2,0.2000238905811384,16743,3349,213,0.7344827586206897,0.7562941858878216,63.601074947745595,0.487,0.683,889,290
akt1,1,uncertainty_partition,0.2,0.2000238905811384,16743,3349,207,0.7137931034482758,0.7416960428361209,61.80949537175276,0.41,0.605,907,290
akt1,1,rabvs,0.5,0.500029863226423,16743,8372,267,0.9206896551724137,0.8904553992611166,31.892021022455808,0.889,0.663,898,290
akt1,1,random_partition,0.5,0.500029863226423,16743,8372,172,0.593103448275862,0.6148434166826674,20.544672718585765,0.508,0.6799999999999999,872,290
akt1,1,greedy_partition,0.5,0.500029863226423,16743,8372,271,0.9344827586206896,0.9007199489237563,32.369804108934545,0.89,0.6739999999999999,896,290
akt1,1,boba_ucb,0.5,0.500029863226423,16743,8372,232,0.8,0.8028604354353566,27.71141901576684,0.674,0.6699999999999999,905,290
akt1,1,uncertainty_partition,0.5,0.500029863226423,16743,8372,244,0.8413793103448276,0.8366810558867851,29.144768275203056,0.697,0.667,911,290
akt1,2,rabvs,0.01,0.05972645284596548,16743,1000,189,0.65625,0.8037790084606539,189.0,0.244,0.642,781,288
akt1,2,random_partition,0.01,0.05972645284596548,16743,1000,139,0.4826388888888889,0.6903698763393972,139.0,0.216,0.611,782,288
akt1,2,greedy_partition,0.01,0.05972645284596548,16743,1000,235,0.8159722222222222,0.8941389964086132,235.0,0.352,0.629,792,288
akt1,2,boba_ucb,0.01,0.05972645284596548,16743,1000,189,0.65625,0.8039522157685454,189.0,0.227,0.647,767,288
akt1,2,uncertainty_partition,0.01,0.05972645284596548,16743,1000,62,0.2152777777777778,0.4887564580562238,62.0,0.086,0.616,549,288
akt1,2,rabvs,0.025,0.05972645284596548,16743,1000,189,0.65625,0.8037790084606539,189.0,0.244,0.642,781,288
akt1,2,random_partition,0.025,0.05972645284596548,16743,1000,139,0.4826388888888889,0.6903698763393972,139.0,0.216,0.611,782,288
akt1,2,greedy_partition,0.025,0.05972645284596548,16743,1000,235,0.8159722222222222,0.8941389964086132,235.0,0.352,0.629,792,288
akt1,2,boba_ucb,0.025,0.05972645284596548,16743,1000,189,0.65625,0.8039522157685454,189.0,0.227,0.647,767,288
akt1,2,uncertainty_partition,0.025,0.05972645284596548,16743,1000,62,0.2152777777777778,0.4887564580562238,62.0,0.086,0.616,549,288
akt1,2,rabvs,0.05,0.05972645284596548,16743,1000,189,0.65625,0.8037790084606539,189.0,0.244,0.642,781,288
akt1,2,random_partition,0.05,0.05972645284596548,16743,1000,139,0.4826388888888889,0.6903698763393972,139.0,0.216,0.611,782,288
akt1,2,greedy_partition,0.05,0.05972645284596548,16743,1000,235,0.8159722222222222,0.8941389964086132,235.0,0.352,0.629,792,288
akt1,2,boba_ucb,0.05,0.05972645284596548,16743,1000,189,0.65625,0.8039522157685454,189.0,0.227,0.647,767,288
akt1,2,uncertainty_partition,0.05,0.05972645284596548,16743,1000,62,0.2152777777777778,0.4887564580562238,62.0,0.086,0.616,549,288
akt1,2,rabvs,0.1,0.10004180851699218,16743,1675,235,0.8159722222222222,0.8540626938540318,140.2985074626866,0.415,0.6739999999999999,864,288
akt1,2,random_partition,0.1,0.10004180851699218,16743,1675,180,0.625,0.7083044075638364,107.46268656716418,0.352,0.645,850,288
akt1,2,greedy_partition,0.1,0.10004180851699218,16743,1675,237,0.8229166666666666,0.8585456692714387,141.49253731343285,0.402,0.653,840,288
akt1,2,boba_ucb,0.1,0.10004180851699218,16743,1675,189,0.65625,0.7372964034363196,112.83582089552239,0.255,0.6699999999999999,798,288
akt1,2,uncertainty_partition,0.1,0.10004180851699218,16743,1675,62,0.2152777777777778,0.35153446927820786,37.014925373134325,0.123,0.7010000000000001,739,288
akt1,2,rabvs,0.2,0.2000238905811384,16743,3349,246,0.8541666666666666,0.8582737995575958,73.45476261570619,0.515,0.6699999999999999,888,288
akt1,2,random_partition,0.2,0.2000238905811384,16743,3349,181,0.6284722222222222,0.6603908226645606,54.04598387578382,0.413,0.643,875,288
akt1,2,greedy_partition,0.2,0.2000238905811384,16743,3349,260,0.9027777777777778,0.8870176787165841,77.63511495968946,0.542,0.637,903,288
akt1,2,boba_ucb,0.2,0.2000238905811384,16743,3349,189,0.65625,0.6905581990516994,56.43475664377426,0.335,0.675,848,288
akt1,2,uncertainty_partition,0.2,0.2000238905811384,16743,3349,66,0.22916666666666666,0.2691587465419646,19.70737533592117,0.171,0.6659999999999999,872,288
akt1,2,rabvs,0.5,0.500029863226423,16743,8372,282,0.9791666666666666,0.940812980551087,33.68370759675107,0.859,0.624,899,288
akt1,2,random_partition,0.5,0.500029863226423,16743,8372,200,0.6944444444444444,0.709522334161166,23.889154323936932,0.556,0.654,885,288
akt1,2,greedy_partition,0.5,0.500029863226423,16743,8372,285,0.9895833333333334,0.9493164093071743,34.04204491161013,0.796,0.646,897,288
akt1,2,boba_ucb,0.5,0.500029863226423,16743,8372,259,0.8993055555555556,0.8869247604093285,30.93645484949833,0.713,0.636,899,288
akt1,2,uncertainty_partition,0.5,0.500029863226423,16743,8372,92,0.3194444444444444,0.34318961834892237,10.989010989010989,0.491,0.598,883,288
akt2,0,rabvs,0.01,0.14251104460595695,7017,1000,92,0.7863247863247863,0.8258427589849402,92.0,0.343,0.44299999999999995,832,117
akt2,0,random_partition,0.01,0.14251104460595695,7017,1000,44,0.37606837606837606,0.45343801053323085,44.0,0.165,0.546,732,117
akt2,0,greedy_partition,0.01,0.14251104460595695,7017,1000,96,0.8205128205128205,0.8539516411296385,96.0,0.402,0.544,869,117
akt2,0,boba_ucb,0.01,0.14251104460595695,7017,1000,89,0.7606837606837606,0.8047513611870446,89.0,0.3,0.45099999999999996,785,117
akt2,0,uncertainty_partition,0.01,0.14251104460595695,7017,1000,89,0.7606837606837606,0.8048536374878063,89.0,0.268,0.43899999999999995,746,117
akt2,0,rabvs,0.025,0.14251104460595695,7017,1000,92,0.7863247863247863,0.8258427589849402,92.0,0.343,0.44299999999999995,832,117
akt2,0,random_partition,0.025,0.14251104460595695,7017,1000,44,0.37606837606837606,0.45343801053323085,44.0,0.165,0.546,732,117
akt2,0,greedy_partition,0.025,0.14251104460595695,7017,1000,96,0.8205128205128205,0.8539516411296385,96.0,0.402,0.544,869,117
akt2,0,boba_ucb,0.025,0.14251104460595695,7017,1000,89,0.7606837606837606,0.8047513611870446,89.0,0.3,0.45099999999999996,785,117
akt2,0,uncertainty_partition,0.025,0.14251104460595695,7017,1000,89,0.7606837606837606,0.8048536374878063,89.0,0.268,0.43899999999999995,746,117
akt2,0,rabvs,0.05,0.14251104460595695,7017,1000,92,0.7863247863247863,0.8258427589849402,92.0,0.343,0.44299999999999995,832,117
akt2,0,random_partition,0.05,0.14251104460595695,7017,1000,44,0.37606837606837606,0.45343801053323085,44.0,0.165,0.546,732,117
akt2,0,greedy_partition,0.05,0.14251104460595695,7017,1000,96,0.8205128205128205,0.8539516411296385,96.0,0.402,0.544,869,117
akt2,0,boba_ucb,0.05,0.14251104460595695,7017,1000,89,0.7606837606837606,0.8047513611870446,89.0,0.3,0.45099999999999996,785,117
akt2,0,uncertainty_partition,0.05,0.14251104460595695,7017,1000,89,0.7606837606837606,0.8048536374878063,89.0,0.268,0.43899999999999995,746,117
akt2,0,rabvs,0.1,0.14251104460595695,7017,1000,92,0.7863247863247863,0.8258427589849402,92.0,0.343,0.44299999999999995,832,117
akt2,0,random_partition,0.1,0.14251104460595695,7017,1000,44,0.37606837606837606,0.45343801053323085,44.0,0.165,0.546,732,117
akt2,0,greedy_partition,0.1,0.14251104460595695,7017,1000,96,0.8205128205128205,0.8539516411296385,96.0,0.402,0.544,869,117
akt2,0,boba_ucb,0.1,0.14251104460595695,7017,1000,89,0.7606837606837606,0.8047513611870446,89.0,0.3,0.45099999999999996,785,117
akt2,0,uncertainty_partition,0.1,0.14251104460595695,7017,1000,89,0.7606837606837606,0.8048536374878063,89.0,0.268,0.43899999999999995,746,117
akt2,0,rabvs,0.2,0.20008550662676358,7017,1404,101,0.8632478632478633,0.8829263802774205,71.93732193732194,0.467,0.579,912,117
akt2,0,random_partition,0.2,0.20008550662676358,7017,1404,58,0.49572649572649574,0.5409724398230602,41.31054131054131,0.207,0.61,842,117
akt2,0,greedy_partition,0.2,0.20008550662676358,7017,1404,101,0.8632478632478633,0.8828847417520671,71.93732193732194,0.476,0.594,885,117
akt2,0,boba_ucb,0.2,0.20008550662676358,7017,1404,92,0.7863247863247863,0.8165303051486426,65.52706552706553,0.369,0.5449999999999999,865,117
akt2,0,uncertainty_partition,0.2,0.20008550662676358,7017,1404,89,0.7606837606837606,0.794305445762789,63.390313390313395,0.293,0.548,835,117
akt2,0,rabvs,0.5,0.500071255522303,7017,3509,116,0.9914529914529915,0.9733455863314063,33.057851239669425,0.766,0.601,913,117
akt2,0,random_partition,0.5,0.500071255522303,7017,3509,70,0.5982905982905983,0.6223775708106981,19.948703334283273,0.501,0.629,923,117
akt2,0,greedy_partition,0.5,0.500071255522303,7017,3509,116,0.9914529914529915,0.9720770256506177,33.057851239669425,0.781,0.606,902,117
akt2,0,boba_ucb,0.5,0.500071255522303,7017,3509,115,0.9829059829059829,0.9693046163340956,32.77286976346538,0.702,0.598,916,117
akt2,0,uncertainty_partition,0.5,0.500071255522303,7017,3509,93,0.7948717948717948,0.8192801052826911,26.50327728697635,0.553,0.605,916,117
akt2,1,rabvs,0.01,0.14251104460595695,7017,1000,68,0.5811965811965812,0.6467427525385744,68.0,0.278,0.552,796,117
akt2,1,random_partition,0.01,0.14251104460595695,7017,1000,20,0.17094017094017094,0.22750214228646382,20.0,0.152,0.5780000000000001,744,117
akt2,1,greedy_partition,0.01,0.14251104460595695,7017,1000,68,0.5811965811965812,0.6461801805119555,68.0,0.335,0.5369999999999999,782,117
akt2,1,boba_ucb,0.01,0.14251104460595695,7017,1000,66,0.5641025641025641,0.6304587966631295,66.0,0.332,0.5840000000000001,806,117
akt2,1,uncertainty_partition,0.01,0.14251104460595695,7017,1000,26,0.2222222222222222,0.2959255670413959,26.0,0.221,0.5660000000000001,748,117
akt2,1,rabvs,0.025,0.14251104460595695,7017,1000,68,0.5811965811965812,0.6467427525385744,68.0,0.278,0.552,796,117
akt2,1,random_partition,0.025,0.14251104460595695,7017,1000,20,0.17094017094017094,0.22750214228646382,20.0,0.152,0.5780000000000001,744,117
akt2,1,greedy_partition,0.025,0.14251104460595695,7017,1000,68,0.5811965811965812,0.6461801805119555,68.0,0.335,0.5369999999999999,782,117
akt2,1,boba_ucb,0.025,0.14251104460595695,7017,1000,66,0.5641025641025641,0.6304587966631295,66.0,0.332,0.5840000000000001,806,117
akt2,1,uncertainty_partition,0.025,0.14251104460595695,7017,1000,26,0.2222222222222222,0.2959255670413959,26.0,0.221,0.5660000000000001,748,117
akt2,1,rabvs,0.05,0.14251104460595695,7017,1000,68,0.5811965811965812,0.6467427525385744,68.0,0.278,0.552,796,117
akt2,1,random_partition,0.05,0.14251104460595695,7017,1000,20,0.17094017094017094,0.22750214228646382,20.0,0.152,0.5780000000000001,744,117
akt2,1,greedy_partition,0.05,0.14251104460595695,7017,1000,68,0.5811965811965812,0.6461801805119555,68.0,0.335,0.5369999999999999,782,117
akt2,1,boba_ucb,0.05,0.14251104460595695,7017,1000,66,0.5641025641025641,0.6304587966631295,66.0,0.332,0.5840000000000001,806,117
akt2,1,uncertainty_partition,0.05,0.14251104460595695,7017,1000,26,0.2222222222222222,0.2959255670413959,26.0,0.221,0.5660000000000001,748,117
akt2,1,rabvs,0.1,0.14251104460595695,7017,1000,68,0.5811965811965812,0.6467427525385744,68.0,0.278,0.552,796,117
akt2,1,random_partition,0.1,0.14251104460595695,7017,1000,20,0.17094017094017094,0.22750214228646382,20.0,0.152,0.5780000000000001,744,117
akt2,1,greedy_partition,0.1,0.14251104460595695,7017,1000,68,0.5811965811965812,0.6461801805119555,68.0,0.335,0.5369999999999999,782,117
akt2,1,boba_ucb,0.1,0.14251104460595695,7017,1000,66,0.5641025641025641,0.6304587966631295,66.0,0.332,0.5840000000000001,806,117
akt2,1,uncertainty_partition,0.1,0.14251104460595695,7017,1000,26,0.2222222222222222,0.2959255670413959,26.0,0.221,0.5660000000000001,748,117
akt2,1,rabvs,0.2,0.20008550662676358,7017,1404,76,0.6495726495726496,0.6806022505896387,54.13105413105413,0.402,0.623,827,117
akt2,1,random_partition,0.2,0.20008550662676358,7017,1404,22,0.18803418803418803,0.20834232713460168,15.66951566951567,0.185,0.623,803,117
akt2,1,greedy_partition,0.2,0.20008550662676358,7017,1404,73,0.6239316239316239,0.6677326880189854,51.99430199430199,0.481,0.604,830,117
akt2,1,boba_ucb,0.2,0.20008550662676358,7017,1404,70,0.5982905982905983,0.6437951828593877,49.857549857549856,0.406,0.619,843,117
akt2,1,uncertainty_partition,0.2,0.20008550662676358,7017,1404,26,0.2222222222222222,0.2640869734163813,18.51851851851852,0.229,0.604,803,117
akt2,1,rabvs,0.5,0.500071255522303,7017,3509,114,0.9743589743589743,0.9498948213873688,32.48788828726133,0.807,0.5880000000000001,895,117
akt2,1,random_partition,0.5,0.500071255522303,7017,3509,90,0.7692307692307693,0.7748740860239588,25.648332858364206,0.571,0.624,859,117
akt2,1,greedy_partition,0.5,0.500071255522303,7017,3509,116,0.9914529914529915,0.9624846992298023,33.057851239669425,0.829,0.5860000000000001,899,117
akt2,1,boba_ucb,0.5,0.500071255522303,7017,3509,110,0.9401709401709402,0.9242118105612428,31.34796238244514,0.722,0.598,898,117
akt2,1,uncertainty_partition,0.5,0.500071255522303,7017,3509,41,0.3504273504273504,0.35443373275970763,11.684240524365915,0.407,0.554,894,117
akt2,2,rabvs,0.01,0.14251104460595695,7017,1000,85,0.7264957264957265,0.7702505080470347,85.0,0.329,0.5469999999999999,851,117
akt2,2,random_partition,0.01,0.14251104460595695,7017,1000,46,0.39316239316239315,0.4706895658750136,46.0,0.111,0.525,688,117
akt2,2,greedy_partition,0.01,0.14251104460595695,7017,1000,85,0.7264957264957265,0.7689479685282125,85.0,0.359,0.483,840,117
akt2,2,boba_ucb,0.01,0.14251104460595695,7017,1000,75,0.6410256410256411,0.700844863282626,75.0,0.235,0.517,793,117
akt2,2,uncertainty_partition,0.01,0.14251104460595695,7017,1000,37,0.3162393162393162,0.3916169356596908,37.0,0.2,0.477,628,117
akt2,2,rabvs,0.025,0.14251104460595695,7017,1000,85,0.7264957264957265,0.7702505080470347,85.0,0.329,0.5469999999999999,851,117
akt2,2,random_partition,0.025,0.14251104460595695,7017,1000,46,0.39316239316239315,0.4706895658750136,46.0,0.111,0.525,688,117
akt2,2,greedy_partition,0.025,0.14251104460595695,7017,1000,85,0.7264957264957265,0.7689479685282125,85.0,0.359,0.483,840,117
akt2,2,boba_ucb,0.025,0.14251104460595695,7017,1000,75,0.6410256410256411,0.700844863282626,75.0,0.235,0.517,793,117
akt2,2,uncertainty_partition,0.025,0.14251104460595695,7017,1000,37,0.3162393162393162,0.3916169356596908,37.0,0.2,0.477,628,117
akt2,2,rabvs,0.05,0.14251104460595695,7017,1000,85,0.7264957264957265,0.7702505080470347,85.0,0.329,0.5469999999999999,851,117
akt2,2,random_partition,0.05,0.14251104460595695,7017,1000,46,0.39316239316239315,0.4706895658750136,46.0,0.111,0.525,688,117
akt2,2,greedy_partition,0.05,0.14251104460595695,7017,1000,85,0.7264957264957265,0.7689479685282125,85.0,0.359,0.483,840,117
akt2,2,boba_ucb,0.05,0.14251104460595695,7017,1000,75,0.6410256410256411,0.700844863282626,75.0,0.235,0.517,793,117
akt2,2,uncertainty_partition,0.05,0.14251104460595695,7017,1000,37,0.3162393162393162,0.3916169356596908,37.0,0.2,0.477,628,117
akt2,2,rabvs,0.1,0.14251104460595695,7017,1000,85,0.7264957264957265,0.7702505080470347,85.0,0.329,0.5469999999999999,851,117
akt2,2,random_partition,0.1,0.14251104460595695,7017,1000,46,0.39316239316239315,0.4706895658750136,46.0,0.111,0.525,688,117
akt2,2,greedy_partition,0.1,0.14251104460595695,7017,1000,85,0.7264957264957265,0.7689479685282125,85.0,0.359,0.483,840,117
akt2,2,boba_ucb,0.1,0.14251104460595695,7017,1000,75,0.6410256410256411,0.700844863282626,75.0,0.235,0.517,793,117
akt2,2,uncertainty_partition,0.1,0.14251104460595695,7017,1000,37,0.3162393162393162,0.3916169356596908,37.0,0.2,0.477,628,117
akt2,2,rabvs,0.2,0.20008550662676358,7017,1404,85,0.7264957264957265,0.7561500776548645,60.54131054131054,0.414,0.567,880,117
akt2,2,random_partition,0.2,0.20008550662676358,7017,1404,47,0.4017094017094017,0.45266725458489143,33.47578347578348,0.148,0.623,799,117
akt2,2,greedy_partition,0.2,0.20008550662676358,7017,1404,86,0.7350427350427351,0.7641663871324785,61.25356125356125,0.417,0.56,883,117
akt2,2,boba_ucb,0.2,0.20008550662676358,7017,1404,80,0.6837606837606838,0.7224615414221373,56.98005698005698,0.324,0.5589999999999999,879,117
akt2,2,uncertainty_partition,0.2,0.20008550662676358,7017,1404,37,0.3162393162393162,0.3632389484449311,26.353276353276353,0.223,0.5880000000000001,770,117
akt2,2,rabvs,0.5,0.500071255522303,7017,3509,108,0.9230769230769231,0.922215042994072,30.77799943003705,0.683,0.617,907,117
akt2,2,random_partition,0.5,0.500071255522303,7017,3509,58,0.49572649572649574,0.5345980532764902,16.528925619834713,0.383,0.602,872,117
akt2,2,greedy_partition,0.5,0.500071255522303,7017,3509,112,0.9572649572649573,0.9491613398588507,31.917925334853233,0.794,0.5900000000000001,913,117
akt2,2,boba_ucb,0.5,0.500071255522303,7017,3509,105,0.8974358974358975,0.8985394343306445,29.923055001424906,0.661,0.581,908,117
akt2,2,uncertainty_partition,0.5,0.500071255522303,7017,3509,41,0.3504273504273504,0.3851696055941712,11.684240524365915,0.427,0.617,892,117
aldr,0,rabvs,0.01,0.10918222513374823,9159,1000,83,0.5220125786163522,0.6236773632713847,83.0,0.259,0.497,796,159
aldr,0,random_partition,0.01,0.10918222513374823,9159,1000,17,0.1069182389937107,0.22568741608429305,17.0,0.116,0.633,811,159
aldr,0,greedy_partition,0.01,0.10918222513374823,9159,1000,92,0.5786163522012578,0.6699997729026548,92.0,0.311,0.44699999999999995,852,159
aldr,0,boba_ucb,0.01,0.10918222513374823,9159,1000,94,0.5911949685534591,0.6828904962486771,94.0,0.18,0.587,678,159
aldr,0,uncertainty_partition,0.01,0.10918222513374823,9159,1000,83,0.5220125786163522,0.6238249162234911,83.0,0.164,0.556,694,159
aldr,0,rabvs,0.025,0.10918222513374823,9159,1000,83,0.5220125786163522,0.6236773632713847,83.0,0.259,0.497,796,159
aldr,0,random_partition,0.025,0.10918222513374823,9159,1000,17,0.1069182389937107,0.22568741608429305,17.0,0.116,0.633,811,159
aldr,0,greedy_partition,0.025,0.10918222513374823,9159,1000,92,0.5786163522012578,0.6699997729026548,92.0,0.311,0.44699999999999995,852,159
aldr,0,boba_ucb,0.025,0.10918222513374823,9159,1000,94,0.5911949685534591,0.6828904962486771,94.0,0.18,0.587,678,159
aldr,0,uncertainty_partition,0.025,0.10918222513374823,9159,1000,83,0.5220125786163522,0.6238249162234911,83.0,0.164,0.556,694,159
aldr,0,rabvs,0.05,0.10918222513374823,9159,1000,83,0.5220125786163522,0.6236773632713847,83.0,0.259,0.497,796,159
aldr,0,random_partition,0.05,0.10918222513374823,9159,1000,17,0.1069182389937107,0.22568741608429305,17.0,0.116,0.633,811,159
aldr,0,greedy_partition,0.05,0.10918222513374823,9159,1000,92,0.5786163522012578,0.6699997729026548,92.0,0.311,0.44699999999999995,852,159
aldr,0,boba_ucb,0.05,0.10918222513374823,9159,1000,94,0.5911949685534591,0.6828904962486771,94.0,0.18,0.587,678,159
aldr,0,uncertainty_partition,0.05,0.10918222513374823,9159,1000,83,0.5220125786163522,0.6238249162234911,83.0,0.164,0.556,694,159
aldr,0,rabvs,0.1,0.10918222513374823,9159,1000,83,0.5220125786163522,0.6236773632713847,83.0,0.259,0.497,796,159
aldr,0,random_partition,0.1,0.10918222513374823,9159,1000,17,0.1069182389937107,0.22568741608429305,17.0,0.116,0.633,811,159
aldr,0,greedy_partition,0.1,0.10918222513374823,9159,1000,92,0.5786163522012578,0.6699997729026548,92.0,0.311,0.44699999999999995,852,159
aldr,0,boba_ucb,0.1,0.10918222513374823,9159,1000,94,0.5911949685534591,0.6828904962486771,94.0,0.18,0.587,678,159
aldr,0,uncertainty_partition,0.1,0.10918222513374823,9159,1000,83,0.5220125786163522,0.6238249162234911,83.0,0.164,0.556,694,159
aldr,0,rabvs,0.2,0.20002183644502675,9159,1832,96,0.6037735849056604,0.6507644459052457,52.40174672489083,0.376,0.567,868,159
aldr,0,random_partition,0.2,0.20002183644502675,9159,1832,19,0.11949685534591195,0.1531325153874578,10.37117903930131,0.177,0.63,875,159
aldr,0,greedy_partition,0.2,0.20002183644502675,9159,1832,116,0.7295597484276729,0.7565253563663084,63.318777292576414,0.483,0.46499999999999997,882,159
aldr,0,boba_ucb,0.2,0.20002183644502675,9159,1832,100,0.6289308176100629,0.6735938058424336,54.58515283842795,0.258,0.562,857,159
aldr,0,uncertainty_partition,0.2,0.20002183644502675,9159,1832,100,0.6289308176100629,0.6752749605586214,54.58515283842795,0.23,0.5569999999999999,850,159
aldr,0,rabvs,0.5,0.5000545911125669,9159,4580,157,0.9874213836477987,0.9578735490703499,34.27947598253275,0.812,0.5,907,159
aldr,0,random_partition,0.5,0.5000545911125669,9159,4580,72,0.4528301886792453,0.4704267458797931,15.72052401746725,0.506,0.49,866,159
aldr,0,greedy_partition,0.5,0.5000545911125669,9159,4580,157,0.9874213836477987,0.9577663754609645,34.27947598253275,0.815,0.5,908,159
aldr,0,boba_ucb,0.5,0.5000545911125669,9159,4580,157,0.9874213836477987,0.9580311902967783,34.27947598253275,0.788,0.507,900,159
aldr,0,uncertainty_partition,0.5,0.5000545911125669,9159,4580,119,0.7484276729559748,0.771436441722242,25.982532751091703,0.472,0.569,878,159
aldr,1,rabvs,0.01,0.10918222513374823,9159,1000,94,0.5911949685534591,0.6817669471771137,94.0,0.263,0.499,843,159
aldr,1,random_partition,0.01,0.10918222513374823,9159,1000,101,0.6352201257861635,0.7167496159135502,101.0,0.211,0.358,838,159
aldr,1,greedy_partition,0.01,0.10918222513374823,9159,1000,105,0.660377358490566,0.7336013695252573,105.0,0.303,0.5720000000000001,917,159
aldr,1,boba_ucb,0.01,0.10918222513374823,9159,1000,95,0.5974842767295597,0.6869992632085201,95.0,0.277,0.525,815,159
aldr,1,uncertainty_partition,0.01,0.10918222513374823,9159,1000,11,0.06918238993710692,0.18441630170996637,11.0,0.175,0.514,771,159
aldr,1,rabvs,0.025,0.10918222513374823,9159,1000,94,0.5911949685534591,0.6817669471771137,94.0,0.263,0.499,843,159
aldr,1,random_partition,0.025,0.10918222513374823,9159,1000,101,0.6352201257861635,0.7167496159135502,101.0,0.211,0.358,838,159
aldr,1,greedy_partition,0.025,0.10918222513374823,9159,1000,105,0.660377358490566,0.7336013695252573,105.0,0.303,0.5720000000000001,917,159
aldr,1,boba_ucb,0.025,0.10918222513374823,9159,1000,95,0.5974842767295597,0.6869992632085201,95.0,0.277,0.525,815,159
aldr,1,uncertainty_partition,0.025,0.10918222513374823,9159,1000,11,0.06918238993710692,0.18441630170996637,11.0,0.175,0.514,771,159
aldr,1,rabvs,0.05,0.10918222513374823,9159,1000,94,0.5911949685534591,0.6817669471771137,94.0,0.263,0.499,843,159
aldr,1,random_partition,0.05,0.10918222513374823,9159,1000,101,0.6352201257861635,0.7167496159135502,101.0,0.211,0.358,838,159
aldr,1,greedy_partition,0.05,0.10918222513374823,9159,1000,105,0.660377358490566,0.7336013695252573,105.0,0.303,0.5720000000000001,917,159
aldr,1,boba_ucb,0.05,0.10918222513374823,9159,1000,95,0.5974842767295597,0.6869992632085201,95.0,0.277,0.525,815,159
aldr,1,uncertainty_partition,0.05,0.10918222513374823,9159,1000,11,0.06918238993710692,0.18441630170996637,11.0,0.175,0.514,771,159
aldr,1,rabvs,0.1,0.10918222513374823,9159,1000,94,0.5911949685534591,0.6817669471771137,94.0,0.263,0.499,843,159
aldr,1,random_partition,0.1,0.10918222513374823,9159,1000,101,0.6352201257861635,0.7167496159135502,101.0,0.211,0.358,838,159
aldr,1,greedy_partition,0.1,0.10918222513374823,9159,1000,105,0.660377358490566,0.7336013695252573,105.0,0.303,0.5720000000000001,917,159
aldr,1,boba_ucb,0.1,0.10918222513374823,9159,1000,95,0.5974842767295597,0.6869992632085201,95.0,0.277,0.525,815,159
aldr,1,uncertainty_partition,0.1,0.10918222513374823,9159,1000,11,0.06918238993710692,0.18441630170996637,11.0,0.175,0.514,771,159
aldr,1,rabvs,0.2,0.20002183644502675,9159,1832,108,0.6792452830188679,0.7145426125554287,58.95196506550218,0.447,0.571,911,159
aldr,1,random_partition,0.2,0.20002183644502675,9159,1832,117,0.7358490566037735,0.7619494557426081,63.8646288209607,0.388,0.525,925,159
aldr,1,greedy_partition,0.2,0.20002183644502675,9159,1832,129,0.8113207547169812,0.8185006549145606,70.41484716157206,0.483,0.569,907,159
aldr,1,boba_ucb,0.2,0.20002183644502675,9159,1832,121,0.7610062893081762,0.7818348907259004,66.04803493449782,0.384,0.604,865,159
aldr,1,uncertainty_partition,0.2,0.20002183644502675,9159,1832,35,0.22012578616352202,0.24924964712300238,19.104803493449783,0.302,0.5900000000000001,910,159
aldr,1,rabvs,0.5,0.5000545911125669,9159,4580,140,0.8805031446540881,0.8648966074939611,30.567685589519648,0.776,0.5640000000000001,907,159
aldr,1,random_partition,0.5,0.5000545911125669,9159,4580,152,0.9559748427672956,0.928164648790279,33.18777292576419,0.755,0.531,928,159
aldr,1,greedy_partition,0.5,0.5000545911125669,9159,4580,140,0.8805031446540881,0.8646129355413579,30.567685589519648,0.79,0.5720000000000001,918,159
aldr,1,boba_ucb,0.5,0.5000545911125669,9159,4580,144,0.9056603773584906,0.8854321928640977,31.4410480349345,0.747,0.5660000000000001,901,159
aldr,1,uncertainty_partition,0.5,0.5000545911125669,9159,4580,47,0.29559748427672955,0.31000383661237985,10.262008733624453,0.513,0.5389999999999999,863,159
aldr,2,rabvs,0.01,0.10918222513374823,9159,1000,84,0.5283018867924528,0.6281159888960849,84.0,0.209,0.638,896,159
aldr,2,random_partition,0.01,0.10918222513374823,9159,1000,35,0.22012578616352202,0.3350463266979274,35.0,0.098,0.494,790,159
aldr,2,greedy_partition,0.01,0.10918222513374823,9159,1000,89,0.559748427672956,0.6528302643089946,89.0,0.246,0.5900000000000001,891,159
aldr,2,boba_ucb,0.01,0.10918222513374823,9159,1000,102,0.6415094339622641,0.7207510427691743,102.0,0.199,0.5449999999999999,843,159
aldr,2,uncertainty_partition,0.01,0.10918222513374823,9159,1000,6,0.03773584905660377,0.15342570940154263,6.0,0.071,0.348,728,159
aldr,2,rabvs,0.025,0.10918222513374823,9159,1000,84,0.5283018867924528,0.6281159888960849,84.0,0.209,0.638,896,159
aldr,2,random_partition,0.025,0.10918222513374823,9159,1000,35,0.22012578616352202,0.3350463266979274,35.0,0.098,0.494,790,159
aldr,2,greedy_partition,0.025,0.10918222513374823,9159,1000,89,0.559748427672956,0.6528302643089946,89.0,0.246,0.5900000000000001,891,159
aldr,2,boba_ucb,0.025,0.10918222513374823,9159,1000,102,0.6415094339622641,0.7207510427691743,102.0,0.199,0.5449999999999999,843,159
aldr,2,uncertainty_partition,0.025,0.10918222513374823,9159,1000,6,0.03773584905660377,0.15342570940154263,6.0,0.071,0.348,728,159
aldr,2,rabvs,0.05,0.10918222513374823,9159,1000,84,0.5283018867924528,0.6281159888960849,84.0,0.209,0.638,896,159
aldr,2,random_partition,0.05,0.10918222513374823,9159,1000,35,0.22012578616352202,0.3350463266979274,35.0,0.098,0.494,790,159
aldr,2,greedy_partition,0.05,0.10918222513374823,9159,1000,89,0.559748427672956,0.6528302643089946,89.0,0.246,0.5900000000000001,891,159
aldr,2,boba_ucb,0.05,0.10918222513374823,9159,1000,102,0.6415094339622641,0.7207510427691743,102.0,0.199,0.5449999999999999,843,159
aldr,2,uncertainty_partition,0.05,0.10918222513374823,9159,1000,6,0.03773584905660377,0.15342570940154263,6.0,0.071,0.348,728,159
aldr,2,rabvs,0.1,0.10918222513374823,9159,1000,84,0.5283018867924528,0.6281159888960849,84.0,0.209,0.638,896,159
aldr,2,random_partition,0.1,0.10918222513374823,9159,1000,35,0.22012578616352202,0.3350463266979274,35.0,0.098,0.494,790,159
aldr,2,greedy_partition,0.1,0.10918222513374823,9159,1000,89,0.559748427672956,0.6528302643089946,89.0,0.246,0.5900000000000001,891,159
aldr,2,boba_ucb,0.1,0.10918222513374823,9159,1000,102,0.6415094339622641,0.7207510427691743,102.0,0.199,0.5449999999999999,843,159
aldr,2,uncertainty_partition,0.1,0.10918222513374823,9159,1000,6,0.03773584905660377,0.15342570940154263,6.0,0.071,0.348,728,159
aldr,2,rabvs,0.2,0.20002183644502675,9159,1832,134,0.8427672955974843,0.8546429101299535,73.14410480349345,0.405,0.624,948,159
aldr,2,random_partition,0.2,0.20002183644502675,9159,1832,35,0.22012578616352202,0.25535364548831746,19.104803493449783,0.166,0.622,834,159
aldr,2,greedy_partition,0.2,0.20002183644502675,9159,1832,134,0.8427672955974843,0.8479281771800501,73.14410480349345,0.498,0.613,957,159
aldr,2,boba_ucb,0.2,0.20002183644502675,9159,1832,123,0.7735849056603774,0.7962576808253736,67.13973799126637,0.352,0.622,930,159
aldr,2,uncertainty_partition,0.2,0.20002183644502675,9159,1832,28,0.1761006289308176,0.2150994042844304,15.283842794759824,0.278,0.573,924,159
aldr,2,rabvs,0.5,0.5000545911125669,9159,4580,143,0.89937106918239,0.8864595156083996,31.222707423580786,0.742,0.619,951,159
aldr,2,random_partition,0.5,0.5000545911125669,9159,4580,40,0.25157232704402516,0.2658951325499019,8.73362445414847,0.405,0.626,921,159
aldr,2,greedy_partition,0.5,0.5000545911125669,9159,4580,150,0.9433962264150944,0.9252972958156974,32.751091703056765,0.709,0.598,953,159
aldr,2,boba_ucb,0.5,0.5000545911125669,9159,4580,152,0.9559748427672956,0.9340585141551596,33.18777292576419,0.737,0.583,949,159
aldr,2,uncertainty_partition,0.5,0.5000545911125669,9159,4580,54,0.33962264150943394,0.3614911754243336,11.790393013100438,0.641,0.593,939,159
ampc,0,rabvs,0.01,0.3450655624568668,2898,1000,39,0.8125,0.7688053806723573,39.0,0.526,0.489,727,48
ampc,0,random_partition,0.01,0.3450655624568668,2898,1000,9,0.1875,0.20626246840076898,9.0,0.314,0.472,662,48
ampc,0,greedy_partition,0.01,0.3450655624568668,2898,1000,39,0.8125,0.7787046216434528,39.0,0.549,0.52,750,48
ampc,0,boba_ucb,0.01,0.3450655624568668,2898,1000,30,0.625,0.6344359132670687,30.0,0.458,0.43500000000000005,710,48
ampc,0,uncertainty_partition,0.01,0.3450655624568668,2898,1000,4,0.08333333333333333,0.08698226107548461,4.0,0.327,0.395,633,48
ampc,0,rabvs,0.025,0.3450655624568668,2898,1000,39,0.8125,0.7688053806723573,39.0,0.526,0.489,727,48
ampc,0,random_partition,0.025,0.3450655624568668,2898,1000,9,0.1875,0.20626246840076898,9.0,0.314,0.472,662,48
ampc,0,greedy_partition,0.025,0.3450655624568668,2898,1000,39,0.8125,0.7787046216434528,39.0,0.549,0.52,750,48
ampc,0,boba_ucb,0.025,0.3450655624568668,2898,1000,30,0.625,0.6344359132670687,30.0,0.458,0.43500000000000005,710,48
ampc,0,uncertainty_partition,0.025,0.3450655624568668,2898,1000,4,0.08333333333333333,0.08698226107548461,4.0,0.327,0.395,633,48
ampc,0,rabvs,0.05,0.3450655624568668,2898,1000,39,0.8125,0.7688053806723573,39.0,0.526,0.489,727,48
ampc,0,random_partition,0.05,0.3450655624568668,2898,1000,9,0.1875,0.20626246840076898,9.0,0.314,0.472,662,48
ampc,0,greedy_partition,0.05,0.3450655624568668,2898,1000,39,0.8125,0.7787046216434528,39.0,0.549,0.52,750,48
ampc,0,boba_ucb,0.05,0.3450655624568668,2898,1000,30,0.625,0.6344359132670687,30.0,0.458,0.43500000000000005,710,48
ampc,0,uncertainty_partition,0.05,0.3450655624568668,2898,1000,4,0.08333333333333333,0.08698226107548461,4.0,0.327,0.395,633,48
ampc,0,rabvs,0.1,0.3450655624568668,2898,1000,39,0.8125,0.7688053806723573,39.0,0.526,0.489,727,48
ampc,0,random_partition,0.1,0.3450655624568668,2898,1000,9,0.1875,0.20626246840076898,9.0,0.314,0.472,662,48
ampc,0,greedy_partition,0.1,0.3450655624568668,2898,1000,39,0.8125,0.7787046216434528,39.0,0.549,0.52,750,48
ampc,0,boba_ucb,0.1,0.3450655624568668,2898,1000,30,0.625,0.6344359132670687,30.0,0.458,0.43500000000000005,710,48
ampc,0,uncertainty_partition,0.1,0.3450655624568668,2898,1000,4,0.08333333333333333,0.08698226107548461,4.0,0.327,0.395,633,48
ampc,0,rabvs,0.2,0.3450655624568668,2898,1000,39,0.8125,0.7688053806723573,39.0,0.526,0.489,727,48
ampc,0,random_partition,0.2,0.3450655624568668,2898,1000,9,0.1875,0.20626246840076898,9.0,0.314,0.472,662,48
ampc,0,greedy_partition,0.2,0.3450655624568668,2898,1000,39,0.8125,0.7787046216434528,39.0,0.549,0.52,750,48
ampc,0,boba_ucb,0.2,0.3450655624568668,2898,1000,30,0.625,0.6344359132670687,30.0,0.458,0.43500000000000005,710,48
ampc,0,uncertainty_partition,0.2,0.3450655624568668,2898,1000,4,0.08333333333333333,0.08698226107548461,4.0,0.327,0.395,633,48
ampc,0,rabvs,0.5,0.5,2898,1449,40,0.8333333333333334,0.7733100153256585,27.605244996549345,0.705,0.571,811,48
ampc,0,random_partition,0.5,0.5,2898,1449,10,0.20833333333333334,0.22655039114891867,6.901311249137336,0.472,0.585,753,48
ampc,0,greedy_partition,0.5,0.5,2898,1449,40,0.8333333333333334,0.7738400762806005,27.605244996549345,0.707,0.5900000000000001,808,48
ampc,0,boba_ucb,0.5,0.5,2898,1449,40,0.8333333333333334,0.7753492816024689,27.605244996549345,0.671,0.5469999999999999,792,48
ampc,0,uncertainty_partition,0.5,0.5,2898,1449,8,0.16666666666666666,0.16965199962286256,5.521048999309869,0.437,0.484,770,48
ampc,1,rabvs,0.01,0.3450655624568668,2898,1000,38,0.7916666666666666,0.7503745833081494,38.0,0.5,0.518,719,48
ampc,1,random_partition,0.01,0.3450655624568668,2898,1000,18,0.375,0.39451752313578675,18.0,0.338,0.498,670,48
ampc,1,greedy_partition,0.01,0.3450655624568668,2898,1000,40,0.8333333333333334,0.7714127407839014,40.0,0.523,0.521,733,48
ampc,1,boba_ucb,0.01,0.3450655624568668,2898,1000,37,0.7708333333333334,0.734164021757984,37.0,0.47,0.5660000000000001,724,48
ampc,1,uncertainty_partition,0.01,0.3450655624568668,2898,1000,29,0.6041666666666666,0.6022841159854831,29.0,0.384,0.476,686,48
ampc,1,rabvs,0.025,0.3450655624568668,2898,1000,38,0.7916666666666666,0.7503745833081494,38.0,0.5,0.518,719,48
ampc,1,random_partition,0.025,0.3450655624568668,2898,1000,18,0.375,0.39451752313578675,18.0,0.338,0.498,670,48
ampc,1,greedy_partition,0.025,0.3450655624568668,2898,1000,40,0.8333333333333334,0.7714127407839014,40.0,0.523,0.521,733,48
ampc,1,boba_ucb,0.025,0.3450655624568668,2898,1000,37,0.7708333333333334,0.734164021757984,37.0,0.47,0.5660000000000001,724,48
ampc,1,uncertainty_partition,0.025,0.3450655624568668,2898,1000,29,0.6041666666666666,0.6022841159854831,29.0,0.384,0.476,686,48
ampc,1,rabvs,0.05,0.3450655624568668,2898,1000,38,0.7916666666666666,0.7503745833081494,38.0,0.5,0.518,719,48
ampc,1,random_partition,0.05,0.3450655624568668,2898,1000,18,0.375,0.39451752313578675,18.0,0.338,0.498,670,48
ampc,1,greedy_partition,0.05,0.3450655624568668,2898,1000,40,0.8333333333333334,0.7714127407839014,40.0,0.523,0.521,733,48
ampc,1,boba_ucb,0.05,0.3450655624568668,2898,1000,37,0.7708333333333334,0.734164021757984,37.0,0.47,0.5660000000000001,724,48
ampc,1,uncertainty_partition,0.05,0.3450655624568668,2898,1000,29,0.6041666666666666,0.6022841159854831,29.0,0.384,0.476,686,48
ampc,1,rabvs,0.1,0.3450655624568668,2898,1000,38,0.7916666666666666,0.7503745833081494,38.0,0.5,0.518,719,48
ampc,1,random_partition,0.1,0.3450655624568668,2898,1000,18,0.375,0.39451752313578675,18.0,0.338,0.498,670,48
ampc,1,greedy_partition,0.1,0.3450655624568668,2898,1000,40,0.8333333333333334,0.7714127407839014,40.0,0.523,0.521,733,48
ampc,1,boba_ucb,0.1,0.3450655624568668,2898,1000,37,0.7708333333333334,0.734164021757984,37.0,0.47,0.5660000000000001,724,48
ampc,1,uncertainty_partition,0.1,0.3450655624568668,2898,1000,29,0.6041666666666666,0.6022841159854831,29.0,0.384,0.476,686,48
ampc,1,rabvs,0.2,0.3450655624568668,2898,1000,38,0.7916666666666666,0.7503745833081494,38.0,0.5,0.518,719,48
ampc,1,random_partition,0.2,0.3450655624568668,2898,1000,18,0.375,0.39451752313578675,18.0,0.338,0.498,670,48
ampc,1,greedy_partition,0.2,0.3450655624568668,2898,1000,40,0.8333333333333334,0.7714127407839014,40.0,0.523,0.521,733,48
ampc,1,boba_ucb,0.2,0.3450655624568668,2898,1000,37,0.7708333333333334,0.734164021757984,37.0,0.47,0.5660000000000001,724,48
ampc,1,uncertainty_partition,0.2,0.3450655624568668,2898,1000,29,0.6041666666666666,0.6022841159854831,29.0,0.384,0.476,686,48
ampc,1,rabvs,0.5,0.5,2898,1449,40,0.8333333333333334,0.7677371662071574,27.605244996549345,0.703,0.632,817,48
ampc,1,random_partition,0.5,0.5,2898,1449,33,0.6875,0.6435908024179243,22.77432712215321,0.485,0.569,789,48
ampc,1,greedy_partition,0.5,0.5,2898,1449,48,1.0,0.8646497894317493,33.126293995859214,0.722,0.606,814,48
ampc,1,boba_ucb,0.5,0.5,2898,1449,40,0.8333333333333334,0.7696685378538701,27.605244996549345,0.66,0.618,806,48
ampc,1,uncertainty_partition,0.5,0.5,2898,1449,29,0.6041666666666666,0.5926047505771616,20.013802622498275,0.509,0.577,789,48
ampc,2,rabvs,0.01,0.3450655624568668,2898,1000,41,0.8541666666666666,0.8333261957483918,41.0,0.543,0.5449999999999999,711,48
ampc,2,random_partition,0.01,0.3450655624568668,2898,1000,10,0.20833333333333334,0.22442635497909103,10.0,0.286,0.508,703,48
ampc,2,greedy_partition,0.01,0.3450655624568668,2898,1000,39,0.8125,0.7958883228604791,39.0,0.527,0.55,699,48
ampc,2,boba_ucb,0.01,0.3450655624568668,2898,1000,39,0.8125,0.8001990556136398,39.0,0.453,0.488,682,48
ampc,2,uncertainty_partition,0.01,0.3450655624568668,2898,1000,11,0.22916666666666666,0.25631604539171216,11.0,0.311,0.377,668,48
ampc,2,rabvs,0.025,0.3450655624568668,2898,1000,41,0.8541666666666666,0.8333261957483918,41.0,0.543,0.5449999999999999,711,48
ampc,2,random_partition,0.025,0.3450655624568668,2898,1000,10,0.20833333333333334,0.22442635497909103,10.0,0.286,0.508,703,48
ampc,2,greedy_partition,0.025,0.3450655624568668,2898,1000,39,0.8125,0.7958883228604791,39.0,0.527,0.55,699,48
ampc,2,boba_ucb,0.025,0.3450655624568668,2898,1000,39,0.8125,0.8001990556136398,39.0,0.453,0.488,682,48
ampc,2,uncertainty_partition,0.025,0.3450655624568668,2898,1000,11,0.22916666666666666,0.25631604539171216,11.0,0.311,0.377,668,48
ampc,2,rabvs,0.05,0.3450655624568668,2898,1000,41,0.8541666666666666,0.8333261957483918,41.0,0.543,0.5449999999999999,711,48
ampc,2,random_partition,0.05,0.3450655624568668,2898,1000,10,0.20833333333333334,0.22442635497909103,10.0,0.286,0.508,703,48
ampc,2,greedy_partition,0.05,0.3450655624568668,2898,1000,39,0.8125,0.7958883228604791,39.0,0.527,0.55,699,48
ampc,2,boba_ucb,0.05,0.3450655624568668,2898,1000,39,0.8125,0.8001990556136398,39.0,0.453,0.488,682,48
ampc,2,uncertainty_partition,0.05,0.3450655624568668,2898,1000,11,0.22916666666666666,0.25631604539171216,11.0,0.311,0.377,668,48
ampc,2,rabvs,0.1,0.3450655624568668,2898,1000,41,0.8541666666666666,0.8333261957483918,41.0,0.543,0.5449999999999999,711,48
ampc,2,random_partition,0.1,0.3450655624568668,2898,1000,10,0.20833333333333334,0.22442635497909103,10.0,0.286,0.508,703,48
ampc,2,greedy_partition,0.1,0.3450655624568668,2898,1000,39,0.8125,0.7958883228604791,39.0,0.527,0.55,699,48
ampc,2,boba_ucb,0.1,0.3450655624568668,2898,1000,39,0.8125,0.8001990556136398,39.0,0.453,0.488,682,48
ampc,2,uncertainty_partition,0.1,0.3450655624568668,2898,1000,11,0.22916666666666666,0.25631604539171216,11.0,0.311,0.377,668,48
ampc,2,rabvs,0.2,0.3450655624568668,2898,1000,41,0.8541666666666666,0.8333261957483918,41.0,0.543,0.5449999999999999,711,48
ampc,2,random_partition,0.2,0.3450655624568668,2898,1000,10,0.20833333333333334,0.22442635497909103,10.0,0.286,0.508,703,48
ampc,2,greedy_partition,0.2,0.3450655624568668,2898,1000,39,0.8125,0.7958883228604791,39.0,0.527,0.55,699,48
ampc,2,boba_ucb,0.2,0.3450655624568668,2898,1000,39,0.8125,0.8001990556136398,39.0,0.453,0.488,682,48
ampc,2,uncertainty_partition,0.2,0.3450655624568668,2898,1000,11,0.22916666666666666,0.25631604539171216,11.0,0.311,0.377,668,48
ampc,2,rabvs,0.5,0.5,2898,1449,45,0.9375,0.8778161839822298,31.055900621118013,0.681,0.5449999999999999,765,48
ampc,2,random_partition,0.5,0.5,2898,1449,11,0.22916666666666666,0.24266338815730798,7.59144237405107,0.426,0.562,772,48
ampc,2,greedy_partition,0.5,0.5,2898,1449,44,0.9166666666666666,0.8688800373279728,30.36576949620428,0.698,0.595,756,48
ampc,2,boba_ucb,0.5,0.5,2898,1449,45,0.9375,0.8948594776690809,31.055900621118013,0.686,0.5640000000000001,774,48
ampc,2,uncertainty_partition,0.5,0.5,2898,1449,17,0.3541666666666667,0.36002252702621734,11.732229123533472,0.478,0.514,751,48
andr,0,rabvs,0.01,0.06840413160954922,14619,1000,184,0.7076923076923077,0.8091432413519575,184.0,0.419,0.481,783,260
andr,0,random_partition,0.01,0.06840413160954922,14619,1000,9,0.03461538461538462,0.2861306515442329,9.0,0.043,0.41500000000000004,841,260
andr,0,greedy_partition,0.01,0.06840413160954922,14619,1000,184,0.7076923076923077,0.8083255810298027,184.0,0.452,0.46699999999999997,762,260
andr,0,boba_ucb,0.01,0.06840413160954922,14619,1000,132,0.5076923076923077,0.6755744434479682,132.0,0.238,0.61,917,260
andr,0,uncertainty_partition,0.01,0.06840413160954922,14619,1000,18,0.06923076923076923,0.317367540342252,18.0,0.106,0.622,861,260
andr,0,rabvs,0.025,0.06840413160954922,14619,1000,184,0.7076923076923077,0.8091432413519575,184.0,0.419,0.481,783,260
andr,0,random_partition,0.025,0.06840413160954922,14619,1000,9,0.03461538461538462,0.2861306515442329,9.0,0.043,0.41500000000000004,841,260
andr,0,greedy_partition,0.025,0.06840413160954922,14619,1000,184,0.7076923076923077,0.8083255810298027,184.0,0.452,0.46699999999999997,762,260
andr,0,boba_ucb,0.025,0.06840413160954922,14619,1000,132,0.5076923076923077,0.6755744434479682,132.0,0.238,0.61,917,260
andr,0,uncertainty_partition,0.025,0.06840413160954922,14619,1000,18,0.06923076923076923,0.317367540342252,18.0,0.106,0.622,861,260
andr,0,rabvs,0.05,0.06840413160954922,14619,1000,184,0.7076923076923077,0.8091432413519575,184.0,0.419,0.481,783,260
andr,0,random_partition,0.05,0.06840413160954922,14619,1000,9,0.03461538461538462,0.2861306515442329,9.0,0.043,0.41500000000000004,841,260
andr,0,greedy_partition,0.05,0.06840413160954922,14619,1000,184,0.7076923076923077,0.8083255810298027,184.0,0.452,0.46699999999999997,762,260
andr,0,boba_ucb,0.05,0.06840413160954922,14619,1000,132,0.5076923076923077,0.6755744434479682,132.0,0.238,0.61,917,260
andr,0,uncertainty_partition,0.05,0.06840413160954922,14619,1000,18,0.06923076923076923,0.317367540342252,18.0,0.106,0.622,861,260
andr,0,rabvs,0.1,0.10000684041316095,14619,1462,191,0.7346153846153847,0.7853216090889266,130.64295485636114,0.47,0.548,795,260
andr,0,random_partition,0.1,0.10000684041316095,14619,1462,9,0.03461538461538462,0.16977903978089623,6.155950752393981,0.065,0.485,903,260
andr,0,greedy_partition,0.1,0.10000684041316095,14619,1462,189,0.7269230769230769,0.777421567597962,129.27496580027358,0.532,0.546,808,260
andr,0,boba_ucb,0.1,0.10000684041316095,14619,1462,144,0.5538461538461539,0.6451935584847515,98.49521203830369,0.317,0.615,902,260
andr,0,uncertainty_partition,0.1,0.10000684041316095,14619,1462,68,0.26153846153846155,0.39066209994181034,46.51162790697674,0.343,0.5529999999999999,802,260
andr,0,rabvs,0.2,0.2000136808263219,14619,2924,210,0.8076923076923077,0.8030861291380584,71.81942544459645,0.699,0.5700000000000001,833,260
andr,0,random_partition,0.2,0.2000136808263219,14619,2924,22,0.08461538461538462,0.10973137602325303,7.523939808481532,0.124,0.5700000000000001,929,260
andr,0,greedy_partition,0.2,0.2000136808263219,14619,2924,201,0.7730769230769231,0.7767335239955874,68.74145006839944,0.698,0.5720000000000001,832,260
andr,0,boba_ucb,0.2,0.2000136808263219,14619,2924,210,0.8076923076923077,0.8038416065068877,71.81942544459645,0.628,0.563,831,260
andr,0,uncertainty_partition,0.2,0.2000136808263219,14619,2924,225,0.8653846153846154,0.8311780761096798,76.94938440492476,0.566,0.524,829,260
andr,0,rabvs,0.5,0.5000342020658047,14619,7310,249,0.9576923076923077,0.905586719447932,34.06292749658002,0.884,0.5429999999999999,835,260
andr,0,random_partition,0.5,0.5000342020658047,14619,7310,182,0.7,0.6761789312586811,24.897400820793433,0.497,0.562,903,260
andr,0,greedy_partition,0.5,0.5000342020658047,14619,7310,247,0.95,0.899506013759376,33.78932968536252,0.881,0.544,832,260
andr,0,boba_ucb,0.5,0.5000342020658047,14619,7310,252,0.9692307692307692,0.9136919199310314,34.47332421340629,0.88,0.5409999999999999,836,260
andr,0,uncertainty_partition,0.5,0.5000342020658047,14619,7310,234,0.9,0.8585479826184744,32.0109439124487,0.686,0.511,820,260
andr,1,rabvs,0.01,0.06840413160954922,14619,1000,194,0.7348484848484849,0.8267308537238837,194.0,0.443,0.405,854,264
andr,1,random_partition,0.01,0.06840413160954922,14619,1000,6,0.022727272727272728,0.27628043623841086,6.0,0.025,0.493,700,264
andr,1,greedy_partition,0.01,0.06840413160954922,14619,1000,199,0.7537878787878788,0.8367131665407007,199.0,0.467,0.383,890,264
andr,1,boba_ucb,0.01,0.06840413160954922,14619,1000,21,0.07954545454545454,0.32702189277075333,21.0,0.132,0.5740000000000001,894,264
andr,1,uncertainty_partition,0.01,0.06840413160954922,14619,1000,139,0.5265151515151515,0.6915511371821633,139.0,0.285,0.47,888,264
andr,1,rabvs,0.025,0.06840413160954922,14619,1000,194,0.7348484848484849,0.8267308537238837,194.0,0.443,0.405,854,264
andr,1,random_partition,0.025,0.06840413160954922,14619,1000,6,0.022727272727272728,0.27628043623841086,6.0,0.025,0.493,700,264
andr,1,greedy_partition,0.025,0.06840413160954922,14619,1000,199,0.7537878787878788,0.8367131665407007,199.0,0.467,0.383,890,264
andr,1,boba_ucb,0.025,0.06840413160954922,14619,1000,21,0.07954545454545454,0.32702189277075333,21.0,0.132,0.5740000000000001,894,264
andr,1,uncertainty_partition,0.025,0.06840413160954922,14619,1000,139,0.5265151515151515,0.6915511371821633,139.0,0.285,0.47,888,264
andr,1,rabvs,0.05,0.06840413160954922,14619,1000,194,0.7348484848484849,0.8267308537238837,194.0,0.443,0.405,854,264
andr,1,random_partition,0.05,0.06840413160954922,14619,1000,6,0.022727272727272728,0.27628043623841086,6.0,0.025,0.493,700,264
andr,1,greedy_partition,0.05,0.06840413160954922,14619,1000,199,0.7537878787878788,0.8367131665407007,199.0,0.467,0.383,890,264
andr,1,boba_ucb,0.05,0.06840413160954922,14619,1000,21,0.07954545454545454,0.32702189277075333,21.0,0.132,0.5740000000000001,894,264
andr,1,uncertainty_partition,0.05,0.06840413160954922,14619,1000,139,0.5265151515151515,0.6915511371821633,139.0,0.285,0.47,888,264
andr,1,rabvs,0.1,0.10000684041316095,14619,1462,199,0.7537878787878788,0.8030492893467785,136.11491108071135,0.501,0.46199999999999997,905,264
andr,1,random_partition,0.1,0.10000684041316095,14619,1462,18,0.06818181818181818,0.20491952034431385,12.311901504787961,0.081,0.493,848,264
andr,1,greedy_partition,0.1,0.10000684041316095,14619,1462,213,0.8068181818181818,0.835971199284976,145.6908344733242,0.56,0.476,922,264
andr,1,boba_ucb,0.1,0.10000684041316095,14619,1462,132,0.5,0.6057948811605438,90.28727770177838,0.272,0.609,918,264
andr,1,uncertainty_partition,0.1,0.10000684041316095,14619,1462,139,0.5265151515151515,0.6276396318791944,95.07523939808482,0.31,0.532,899,264
andr,1,rabvs,0.2,0.2000136808263219,14619,2924,217,0.821969696969697,0.8185740092284861,74.21340629274965,0.635,0.529,923,264
andr,1,random_partition,0.2,0.2000136808263219,14619,2924,32,0.12121212121212122,0.1495601104225621,10.94391244870041,0.141,0.531,929,264
andr,1,greedy_partition,0.2,0.2000136808263219,14619,2924,226,0.8560606060606061,0.8420175995540922,77.29138166894666,0.709,0.554,926,264
andr,1,boba_ucb,0.2,0.2000136808263219,14619,2924,217,0.821969696969697,0.8184859756179859,74.21340629274965,0.64,0.526,925,264
andr,1,uncertainty_partition,0.2,0.2000136808263219,14619,2924,141,0.5340909090909091,0.5723848901908721,48.221614227086185,0.361,0.524,932,264
andr,1,rabvs,0.5,0.5000342020658047,14619,7310,245,0.928030303030303,0.8951704418875318,33.515731874145004,0.854,0.55,913,264
andr,1,random_partition,0.5,0.5000342020658047,14619,7310,71,0.2689393939393939,0.27708625202639153,9.712722298221614,0.459,0.511,911,264
andr,1,greedy_partition,0.5,0.5000342020658047,14619,7310,242,0.9166666666666666,0.8862522985721951,33.10533515731874,0.87,0.5549999999999999,910,264
andr,1,boba_ucb,0.5,0.5000342020658047,14619,7310,243,0.9204545454545454,0.8878104495910676,33.2421340629275,0.861,0.5529999999999999,912,264
andr,1,uncertainty_partition,0.5,0.5000342020658047,14619,7310,154,0.5833333333333334,0.6027030857732945,21.06703146374829,0.511,0.501,904,264
andr,2,rabvs,0.01,0.06840413160954922,14619,1000,80,0.3065134099616858,0.5216014058112547,80.0,0.232,0.49,739,261
andr,2,random_partition,0.01,0.06840413160954922,14619,1000,9,0.034482758620689655,0.2862781207256719,9.0,0.062,0.6579999999999999,887,261
andr,2,greedy_partition,0.01,0.06840413160954922,14619,1000,80,0.3065134099616858,0.5216014058112547,80.0,0.232,0.49,739,261
andr,2,boba_ucb,0.01,0.06840413160954922,14619,1000,17,0.06513409961685823,0.31465637540299213,17.0,0.115,0.515,850,261
andr,2,uncertainty_partition,0.01,0.06840413160954922,14619,1000,49,0.18773946360153257,0.42466961792435554,49.0,0.182,0.23399999999999999,547,261
andr,2,rabvs,0.025,0.06840413160954922,14619,1000,80,0.3065134099616858,0.5216014058112547,80.0,0.232,0.49,739,261
andr,2,random_partition,0.025,0.06840413160954922,14619,1000,9,0.034482758620689655,0.2862781207256719,9.0,0.062,0.6579999999999999,887,261
andr,2,greedy_partition,0.025,0.06840413160954922,14619,1000,80,0.3065134099616858,0.5216014058112547,80.0,0.232,0.49,739,261
andr,2,boba_ucb,0.025,0.06840413160954922,14619,1000,17,0.06513409961685823,0.31465637540299213,17.0,0.115,0.515,850,261
andr,2,uncertainty_partition,0.025,0.06840413160954922,14619,1000,49,0.18773946360153257,0.42466961792435554,49.0,0.182,0.23399999999999999,547,261
andr,2,rabvs,0.05,0.06840413160954922,14619,1000,80,0.3065134099616858,0.5216014058112547,80.0,0.232,0.49,739,261
andr,2,random_partition,0.05,0.06840413160954922,14619,1000,9,0.034482758620689655,0.2862781207256719,9.0,0.062,0.6579999999999999,887,261
andr,2,greedy_partition,0.05,0.06840413160954922,14619,1000,80,0.3065134099616858,0.5216014058112547,80.0,0.232,0.49,739,261
andr,2,boba_ucb,0.05,0.06840413160954922,14619,1000,17,0.06513409961685823,0.31465637540299213,17.0,0.115,0.515,850,261
andr,2,uncertainty_partition,0.05,0.06840413160954922,14619,1000,49,0.18773946360153257,0.42466961792435554,49.0,0.182,0.23399999999999999,547,261
andr,2,rabvs,0.1,0.10000684041316095,14619,1462,138,0.5287356321839081,0.6240936846682679,94.39124487004104,0.373,0.524,800,261
andr,2,random_partition,0.1,0.10000684041316095,14619,1462,10,0.038314176245210725,0.17364802730825282,6.839945280437757,0.086,0.7090000000000001,918,261
andr,2,greedy_partition,0.1,0.10000684041316095,14619,1462,138,0.5287356321839081,0.6240303529480193,94.39124487004104,0.376,0.525,801,261
andr,2,boba_ucb,0.1,0.10000684041316095,14619,1462,78,0.2988505747126437,0.42640278049290303,53.3515731874145,0.306,0.498,812,261
andr,2,uncertainty_partition,0.1,0.10000684041316095,14619,1462,51,0.19540229885057472,0.33131131926460355,34.883720930232556,0.19,0.44999999999999996,748,261
andr,2,rabvs,0.2,0.2000136808263219,14619,2924,154,0.5900383141762452,0.6193844520335202,52.667578659370726,0.511,0.517,861,261
andr,2,random_partition,0.2,0.2000136808263219,14619,2924,14,0.05363984674329502,0.0773983611134153,4.7879616963064295,0.113,0.634,912,261
andr,2,greedy_partition,0.2,0.2000136808263219,14619,2924,153,0.5862068965517241,0.6158122535134258,52.32558139534884,0.513,0.508,859,261
andr,2,boba_ucb,0.2,0.2000136808263219,14619,2924,152,0.5823754789272031,0.6131975108704256,51.98358413132695,0.47,0.5449999999999999,851,261
andr,2,uncertainty_partition,0.2,0.2000136808263219,14619,2924,119,0.4559386973180077,0.49369396799098697,40.697674418604656,0.373,0.498,820,261
andr,2,rabvs,0.5,0.5000342020658047,14619,7310,196,0.7509578544061303,0.7515758735342177,26.812585499316004,0.788,0.569,889,261
andr,2,random_partition,0.5,0.5000342020658047,14619,7310,98,0.37547892720306514,0.3759562539986607,13.406292749658002,0.373,0.589,926,261
andr,2,greedy_partition,0.5,0.5000342020658047,14619,7310,200,0.7662835249042146,0.764279670605137,27.359781121751027,0.804,0.571,888,261
andr,2,boba_ucb,0.5,0.5000342020658047,14619,7310,198,0.7586206896551724,0.7553656793235995,27.086183310533514,0.743,0.5429999999999999,885,261
andr,2,uncertainty_partition,0.5,0.5000342020658047,14619,7310,181,0.6934865900383141,0.6736669076586242,24.76060191518468,0.638,0.519,878,261
aofb,0,rabvs,0.01,0.14240956992309883,7022,1000,81,0.675,0.7068023327712949,81.0,0.33,0.577,793,120
aofb,0,random_partition,0.01,0.14240956992309883,7022,1000,28,0.23333333333333334,0.29656329831883954,28.0,0.165,0.5369999999999999,804,120
aofb,0,greedy_partition,0.01,0.14240956992309883,7022,1000,84,0.7,0.7232460379395166,84.0,0.379,0.591,870,120
aofb,0,boba_ucb,0.01,0.14240956992309883,7022,1000,54,0.45,0.5140131080417413,54.0,0.234,0.651,798,120
aofb,0,uncertainty_partition,0.01,0.14240956992309883,7022,1000,75,0.625,0.6700631002282182,75.0,0.312,0.626,834,120
aofb,0,rabvs,0.025,0.14240956992309883,7022,1000,81,0.675,0.7068023327712949,81.0,0.33,0.577,793,120
aofb,0,random_partition,0.025,0.14240956992309883,7022,1000,28,0.23333333333333334,0.29656329831883954,28.0,0.165,0.5369999999999999,804,120
aofb,0,greedy_partition,0.025,0.14240956992309883,7022,1000,84,0.7,0.7232460379395166,84.0,0.379,0.591,870,120
aofb,0,boba_ucb,0.025,0.14240956992309883,7022,1000,54,0.45,0.5140131080417413,54.0,0.234,0.651,798,120
aofb,0,uncertainty_partition,0.025,0.14240956992309883,7022,1000,75,0.625,0.6700631002282182,75.0,0.312,0.626,834,120
aofb,0,rabvs,0.05,0.14240956992309883,7022,1000,81,0.675,0.7068023327712949,81.0,0.33,0.577,793,120
aofb,0,random_partition,0.05,0.14240956992309883,7022,1000,28,0.23333333333333334,0.29656329831883954,28.0,0.165,0.5369999999999999,804,120
aofb,0,greedy_partition,0.05,0.14240956992309883,7022,1000,84,0.7,0.7232460379395166,84.0,0.379,0.591,870,120
aofb,0,boba_ucb,0.05,0.14240956992309883,7022,1000,54,0.45,0.5140131080417413,54.0,0.234,0.651,798,120
aofb,0,uncertainty_partition,0.05,0.14240956992309883,7022,1000,75,0.625,0.6700631002282182,75.0,0.312,0.626,834,120
aofb,0,rabvs,0.1,0.14240956992309883,7022,1000,81,0.675,0.7068023327712949,81.0,0.33,0.577,793,120
aofb,0,random_partition,0.1,0.14240956992309883,7022,1000,28,0.23333333333333334,0.29656329831883954,28.0,0.165,0.5369999999999999,804,120
aofb,0,greedy_partition,0.1,0.14240956992309883,7022,1000,84,0.7,0.7232460379395166,84.0,0.379,0.591,870,120
aofb,0,boba_ucb,0.1,0.14240956992309883,7022,1000,54,0.45,0.5140131080417413,54.0,0.234,0.651,798,120
aofb,0,uncertainty_partition,0.1,0.14240956992309883,7022,1000,75,0.625,0.6700631002282182,75.0,0.312,0.626,834,120
aofb,0,rabvs,0.2,0.20008544574195386,7022,1405,85,0.7083333333333334,0.7117970833425219,60.49822064056939,0.444,0.639,872,120
aofb,0,random_partition,0.2,0.20008544574195386,7022,1405,35,0.2916666666666667,0.31030238200363774,24.91103202846975,0.262,0.617,886,120
aofb,0,greedy_partition,0.2,0.20008544574195386,7022,1405,86,0.7166666666666667,0.717706966888276,61.20996441281139,0.461,0.633,882,120
aofb,0,boba_ucb,0.2,0.20008544574195386,7022,1405,77,0.6416666666666667,0.6629127573030584,54.804270462633454,0.357,0.648,842,120
aofb,0,uncertainty_partition,0.2,0.20008544574195386,7022,1405,76,0.6333333333333333,0.6570342997714523,54.09252669039146,0.364,0.6679999999999999,851,120
aofb,0,rabvs,0.5,0.5,7022,3511,100,0.8333333333333334,0.7870441699308962,28.481913984619766,0.726,0.645,893,120
aofb,0,random_partition,0.5,0.5,7022,3511,89,0.7416666666666667,0.7063446125707237,25.348903446311592,0.551,0.633,911,120
aofb,0,greedy_partition,0.5,0.5,7022,3511,106,0.8833333333333333,0.8279967703997249,30.190828823696954,0.742,0.65,888,120
aofb,0,boba_ucb,0.5,0.5,7022,3511,102,0.85,0.797337584304653,29.05155226431216,0.729,0.644,903,120
aofb,0,uncertainty_partition,0.5,0.5,7022,3511,101,0.8416666666666667,0.7901794076304621,28.766733124465965,0.713,0.634,902,120
aofb,1,rabvs,0.01,0.14240956992309883,7022,1000,34,0.2857142857142857,0.34742926281327186,34.0,0.274,0.649,853,119
aofb,1,random_partition,0.01,0.14240956992309883,7022,1000,46,0.3865546218487395,0.4396623373256737,46.0,0.25,0.61,811,119
aofb,1,greedy_partition,0.01,0.14240956992309883,7022,1000,65,0.5462184873949579,0.5764489123504507,65.0,0.339,0.625,865,119
aofb,1,boba_ucb,0.01,0.14240956992309883,7022,1000,34,0.2857142857142857,0.34218210589441844,34.0,0.214,0.651,800,119
aofb,1,uncertainty_partition,0.01,0.14240956992309883,7022,1000,57,0.4789915966386555,0.5268135866605211,57.0,0.28,0.663,828,119
aofb,1,rabvs,0.025,0.14240956992309883,7022,1000,34,0.2857142857142857,0.34742926281327186,34.0,0.274,0.649,853,119
aofb,1,random_partition,0.025,0.14240956992309883,7022,1000,46,0.3865546218487395,0.4396623373256737,46.0,0.25,0.61,811,119
aofb,1,greedy_partition,0.025,0.14240956992309883,7022,1000,65,0.5462184873949579,0.5764489123504507,65.0,0.339,0.625,865,119
aofb,1,boba_ucb,0.025,0.14240956992309883,7022,1000,34,0.2857142857142857,0.34218210589441844,34.0,0.214,0.651,800,119
aofb,1,uncertainty_partition,0.025,0.14240956992309883,7022,1000,57,0.4789915966386555,0.5268135866605211,57.0,0.28,0.663,828,119
aofb,1,rabvs,0.05,0.14240956992309883,7022,1000,34,0.2857142857142857,0.34742926281327186,34.0,0.274,0.649,853,119
aofb,1,random_partition,0.05,0.14240956992309883,7022,1000,46,0.3865546218487395,0.4396623373256737,46.0,0.25,0.61,811,119
aofb,1,greedy_partition,0.05,0.14240956992309883,7022,1000,65,0.5462184873949579,0.5764489123504507,65.0,0.339,0.625,865,119
aofb,1,boba_ucb,0.05,0.14240956992309883,7022,1000,34,0.2857142857142857,0.34218210589441844,34.0,0.214,0.651,800,119
aofb,1,uncertainty_partition,0.05,0.14240956992309883,7022,1000,57,0.4789915966386555,0.5268135866605211,57.0,0.28,0.663,828,119
aofb,1,rabvs,0.1,0.14240956992309883,7022,1000,34,0.2857142857142857,0.34742926281327186,34.0,0.274,0.649,853,119
aofb,1,random_partition,0.1,0.14240956992309883,7022,1000,46,0.3865546218487395,0.4396623373256737,46.0,0.25,0.61,811,119
aofb,1,greedy_partition,0.1,0.14240956992309883,7022,1000,65,0.5462184873949579,0.5764489123504507,65.0,0.339,0.625,865,119
aofb,1,boba_ucb,0.1,0.14240956992309883,7022,1000,34,0.2857142857142857,0.34218210589441844,34.0,0.214,0.651,800,119
aofb,1,uncertainty_partition,0.1,0.14240956992309883,7022,1000,57,0.4789915966386555,0.5268135866605211,57.0,0.28,0.663,828,119
aofb,1,rabvs,0.2,0.20008544574195386,7022,1405,50,0.42016806722689076,0.4320455715608734,35.587188612099645,0.382,0.633,877,119
aofb,1,random_partition,0.2,0.20008544574195386,7022,1405,47,0.3949579831932773,0.41681816226390234,33.45195729537367,0.288,0.637,848,119
aofb,1,greedy_partition,0.2,0.20008544574195386,7022,1405,67,0.5630252100840336,0.563707308449799,47.68683274021352,0.422,0.652,901,119
aofb,1,boba_ucb,0.2,0.20008544574195386,7022,1405,40,0.33613445378151263,0.3532027765063304,28.469750889679712,0.293,0.652,846,119
aofb,1,uncertainty_partition,0.2,0.20008544574195386,7022,1405,62,0.5210084033613446,0.5351764289131806,44.128113879003564,0.364,0.635,882,119
aofb,1,rabvs,0.5,0.5,7022,3511,96,0.8067226890756303,0.7397930876599277,27.342637425234976,0.723,0.608,895,119
aofb,1,random_partition,0.5,0.5,7022,3511,68,0.5714285714285714,0.5306775856439747,19.36770150954144,0.463,0.587,887,119
aofb,1,greedy_partition,0.5,0.5,7022,3511,101,0.8487394957983193,0.7566740173950113,28.766733124465965,0.744,0.598,900,119
aofb,1,boba_ucb,0.5,0.5,7022,3511,90,0.7563025210084033,0.7027000644591505,25.63372258615779,0.727,0.612,891,119
aofb,1,uncertainty_partition,0.5,0.5,7022,3511,78,0.6554621848739496,0.6224965294600312,22.215892908003415,0.639,0.609,904,119
aofb,2,rabvs,0.01,0.14240956992309883,7022,1000,68,0.5666666666666667,0.6032889009075233,68.0,0.297,0.6799999999999999,868,120
aofb,2,random_partition,0.01,0.14240956992309883,7022,1000,27,0.225,0.2866699236874692,27.0,0.19,0.607,818,120
aofb,2,greedy_partition,0.01,0.14240956992309883,7022,1000,65,0.5416666666666666,0.5832026787473957,65.0,0.309,0.656,873,120
aofb,2,boba_ucb,0.01,0.14240956992309883,7022,1000,75,0.625,0.6455222439124638,75.0,0.342,0.5740000000000001,896,120
aofb,2,uncertainty_partition,0.01,0.14240956992309883,7022,1000,65,0.5416666666666666,0.5851702830529243,65.0,0.307,0.648,858,120
aofb,2,rabvs,0.025,0.14240956992309883,7022,1000,68,0.5666666666666667,0.6032889009075233,68.0,0.297,0.6799999999999999,868,120
aofb,2,random_partition,0.025,0.14240956992309883,7022,1000,27,0.225,0.2866699236874692,27.0,0.19,0.607,818,120
aofb,2,greedy_partition,0.025,0.14240956992309883,7022,1000,65,0.5416666666666666,0.5832026787473957,65.0,0.309,0.656,873,120
aofb,2,boba_ucb,0.025,0.14240956992309883,7022,1000,75,0.625,0.6455222439124638,75.0,0.342,0.5740000000000001,896,120
aofb,2,uncertainty_partition,0.025,0.14240956992309883,7022,1000,65,0.5416666666666666,0.5851702830529243,65.0,0.307,0.648,858,120
aofb,2,rabvs,0.05,0.14240956992309883,7022,1000,68,0.5666666666666667,0.6032889009075233,68.0,0.297,0.6799999999999999,868,120
aofb,2,random_partition,0.05,0.14240956992309883,7022,1000,27,0.225,0.2866699236874692,27.0,0.19,0.607,818,120
aofb,2,greedy_partition,0.05,0.14240956992309883,7022,1000,65,0.5416666666666666,0.5832026787473957,65.0,0.309,0.656,873,120
aofb,2,boba_ucb,0.05,0.14240956992309883,7022,1000,75,0.625,0.6455222439124638,75.0,0.342,0.5740000000000001,896,120
aofb,2,uncertainty_partition,0.05,0.14240956992309883,7022,1000,65,0.5416666666666666,0.5851702830529243,65.0,0.307,0.648,858,120
aofb,2,rabvs,0.1,0.14240956992309883,7022,1000,68,0.5666666666666667,0.6032889009075233,68.0,0.297,0.6799999999999999,868,120
aofb,2,random_partition,0.1,0.14240956992309883,7022,1000,27,0.225,0.2866699236874692,27.0,0.19,0.607,818,120
aofb,2,greedy_partition,0.1,0.14240956992309883,7022,1000,65,0.5416666666666666,0.5832026787473957,65.0,0.309,0.656,873,120
aofb,2,boba_ucb,0.1,0.14240956992309883,7022,1000,75,0.625,0.6455222439124638,75.0,0.342,0.5740000000000001,896,120
aofb,2,uncertainty_partition,0.1,0.14240956992309883,7022,1000,65,0.5416666666666666,0.5851702830529243,65.0,0.307,0.648,858,120
aofb,2,rabvs,0.2,0.20008544574195386,7022,1405,70,0.5833333333333334,0.5930486050861616,49.8220640569395,0.373,0.7070000000000001,874,120
aofb,2,random_partition,0.2,0.20008544574195386,7022,1405,33,0.275,0.2999555697043599,23.487544483985765,0.249,0.625,836,120
aofb,2,greedy_partition,0.2,0.20008544574195386,7022,1405,75,0.625,0.6248069471128896,53.38078291814947,0.407,0.6779999999999999,874,120
aofb,2,boba_ucb,0.2,0.20008544574195386,7022,1405,79,0.6583333333333333,0.6519153746373708,56.22775800711744,0.392,0.665,912,120
aofb,2,uncertainty_partition,0.2,0.20008544574195386,7022,1405,65,0.5416666666666666,0.5650833655204989,46.263345195729535,0.356,0.6970000000000001,878,120
aofb,2,rabvs,0.5,0.5,7022,3511,93,0.775,0.7173128846964425,26.488180005696385,0.722,0.69,871,120
aofb,2,random_partition,0.5,0.5,7022,3511,39,0.325,0.32831397111342997,11.107946454001707,0.473,0.718,852,120
aofb,2,greedy_partition,0.5,0.5,7022,3511,96,0.8,0.7360623955445521,27.342637425234976,0.71,0.6910000000000001,875,120
aofb,2,boba_ucb,0.5,0.5,7022,3511,96,0.8,0.7384902099030397,27.342637425234976,0.709,0.6950000000000001,877,120
aofb,2,uncertainty_partition,0.5,0.5,7022,3511,94,0.7833333333333333,0.7289917464669535,26.77299914554258,0.64,0.7,896,120
bace1,0,rabvs,0.01,0.054398085187401406,18383,1000,180,0.6382978723404256,0.8057749709049782,180.0,0.278,0.6819999999999999,769,282
bace1,0,random_partition,0.01,0.054398085187401406,18383,1000,12,0.0425531914893617,0.3731602369957259,12.0,0.067,0.519,698,282
bace1,0,greedy_partition,0.01,0.054398085187401406,18383,1000,184,0.6524822695035462,0.8141966400169859,184.0,0.305,0.655,818,282
bace1,0,boba_ucb,0.01,0.054398085187401406,18383,1000,36,0.1276595744680851,0.4444916747809673,36.0,0.094,0.635,530,282
bace1,0,uncertainty_partition,0.01,0.054398085187401406,18383,1000,154,0.5460992907801419,0.7485544966201555,154.0,0.235,0.607,672,282
bace1,0,rabvs,0.025,0.054398085187401406,18383,1000,180,0.6382978723404256,0.8057749709049782,180.0,0.278,0.6819999999999999,769,282
bace1,0,random_partition,0.025,0.054398085187401406,18383,1000,12,0.0425531914893617,0.3731602369957259,12.0,0.067,0.519,698,282
bace1,0,greedy_partition,0.025,0.054398085187401406,18383,1000,184,0.6524822695035462,0.8141966400169859,184.0,0.305,0.655,818,282
bace1,0,boba_ucb,0.025,0.054398085187401406,18383,1000,36,0.1276595744680851,0.4444916747809673,36.0,0.094,0.635,530,282
bace1,0,uncertainty_partition,0.025,0.054398085187401406,18383,1000,154,0.5460992907801419,0.7485544966201555,154.0,0.235,0.607,672,282
bace1,0,rabvs,0.05,0.054398085187401406,18383,1000,180,0.6382978723404256,0.8057749709049782,180.0,0.278,0.6819999999999999,769,282
bace1,0,random_partition,0.05,0.054398085187401406,18383,1000,12,0.0425531914893617,0.3731602369957259,12.0,0.067,0.519,698,282
bace1,0,greedy_partition,0.05,0.054398085187401406,18383,1000,184,0.6524822695035462,0.8141966400169859,184.0,0.305,0.655,818,282
bace1,0,boba_ucb,0.05,0.054398085187401406,18383,1000,36,0.1276595744680851,0.4444916747809673,36.0,0.094,0.635,530,282
bace1,0,uncertainty_partition,0.05,0.054398085187401406,18383,1000,154,0.5460992907801419,0.7485544966201555,154.0,0.235,0.607,672,282
bace1,0,rabvs,0.1,0.10003807865963119,18383,1839,187,0.6631205673758865,0.7445723595724207,101.68569874932028,0.363,0.725,849,282
bace1,0,random_partition,0.1,0.10003807865963119,18383,1839,14,0.04964539007092199,0.18596424220564306,7.612833061446438,0.101,0.5820000000000001,802,282
bace1,0,greedy_partition,0.1,0.10003807865963119,18383,1839,203,0.7198581560283688,0.7893928728035379,110.38607939097335,0.433,0.641,894,282
bace1,0,boba_ucb,0.1,0.10003807865963119,18383,1839,180,0.6382978723404256,0.7250145717229364,97.87928221859707,0.309,0.7130000000000001,847,282
bace1,0,uncertainty_partition,0.1,0.10003807865963119,18383,1839,180,0.6382978723404256,0.7249103252823966,97.87928221859707,0.334,0.671,813,282
bace1,0,rabvs,0.2,0.20002175923407495,18383,3677,236,0.8368794326241135,0.8539331456196105,64.18275768289367,0.578,0.687,901,282
bace1,0,random_partition,0.2,0.20002175923407495,18383,3677,19,0.0673758865248227,0.09352986191262075,5.1672559151482185,0.14,0.606,859,282
bace1,0,greedy_partition,0.2,0.20002175923407495,18383,3677,236,0.8368794326241135,0.8540958868764192,64.18275768289367,0.579,0.6779999999999999,910,282
bace1,0,boba_ucb,0.2,0.20002175923407495,18383,3677,217,0.7695035460992907,0.7953473199997112,59.01550176774544,0.5,0.692,891,282
bace1,0,uncertainty_partition,0.2,0.20002175923407495,18383,3677,186,0.6595744680851063,0.6943395891654415,50.58471580092467,0.393,0.726,825,282
bace1,0,rabvs,0.5,0.5000271990425937,18383,9192,274,0.9716312056737588,0.9631185846121458,29.80852915578764,0.874,0.667,924,282
bace1,0,random_partition,0.5,0.5000271990425937,18383,9192,213,0.7553191489361702,0.776774025185549,23.172323759791123,0.523,0.614,909,282
bace1,0,greedy_partition,0.5,0.5000271990425937,18383,9192,276,0.9787234042553191,0.9678649763792064,30.026109660574413,0.892,0.6719999999999999,922,282
bace1,0,boba_ucb,0.5,0.5000271990425937,18383,9192,252,0.8936170212765957,0.8985865918717849,27.41514360313316,0.821,0.6639999999999999,925,282
bace1,0,uncertainty_partition,0.5,0.5000271990425937,18383,9192,215,0.7624113475177305,0.7813237580240461,23.389904264577893,0.537,0.692,887,282
bace1,1,rabvs,0.01,0.054398085187401406,18383,1000,169,0.6101083032490975,0.7575752708426282,169.0,0.202,0.615,866,277
bace1,1,random_partition,0.01,0.054398085187401406,18383,1000,6,0.021660649819494584,0.3551247585622327,6.0,0.078,0.5589999999999999,627,277
bace1,1,greedy_partition,0.01,0.054398085187401406,18383,1000,163,0.5884476534296029,0.7371247049104042,163.0,0.223,0.5469999999999999,811,277
bace1,1,boba_ucb,0.01,0.054398085187401406,18383,1000,151,0.5451263537906137,0.7260068789447792,151.0,0.177,0.5820000000000001,811,277
bace1,1,uncertainty_partition,0.01,0.054398085187401406,18383,1000,170,0.6137184115523465,0.7544378480859081,170.0,0.224,0.565,864,277
bace1,1,rabvs,0.025,0.054398085187401406,18383,1000,169,0.6101083032490975,0.7575752708426282,169.0,0.202,0.615,866,277
bace1,1,random_partition,0.025,0.054398085187401406,18383,1000,6,0.021660649819494584,0.3551247585622327,6.0,0.078,0.5589999999999999,627,277
bace1,1,greedy_partition,0.025,0.054398085187401406,18383,1000,163,0.5884476534296029,0.7371247049104042,163.0,0.223,0.5469999999999999,811,277
bace1,1,boba_ucb,0.025,0.054398085187401406,18383,1000,151,0.5451263537906137,0.7260068789447792,151.0,0.177,0.5820000000000001,811,277
bace1,1,uncertainty_partition,0.025,0.054398085187401406,18383,1000,170,0.6137184115523465,0.7544378480859081,170.0,0.224,0.565,864,277
bace1,1,rabvs,0.05,0.054398085187401406,18383,1000,169,0.6101083032490975,0.7575752708426282,169.0,0.202,0.615,866,277
bace1,1,random_partition,0.05,0.054398085187401406,18383,1000,6,0.021660649819494584,0.3551247585622327,6.0,0.078,0.5589999999999999,627,277
bace1,1,greedy_partition,0.05,0.054398085187401406,18383,1000,163,0.5884476534296029,0.7371247049104042,163.0,0.223,0.5469999999999999,811,277
bace1,1,boba_ucb,0.05,0.054398085187401406,18383,1000,151,0.5451263537906137,0.7260068789447792,151.0,0.177,0.5820000000000001,811,277
bace1,1,uncertainty_partition,0.05,0.054398085187401406,18383,1000,170,0.6137184115523465,0.7544378480859081,170.0,0.224,0.565,864,277
bace1,1,rabvs,0.1,0.10003807865963119,18383,1839,184,0.6642599277978339,0.689352742007385,100.05437737901033,0.272,0.726,914,277
bace1,1,random_partition,0.1,0.10003807865963119,18383,1839,151,0.5451263537906137,0.5919808783937057,82.10984230560086,0.287,0.599,834,277
bace1,1,greedy_partition,0.1,0.10003807865963119,18383,1839,174,0.628158844765343,0.6452340142642675,94.61663947797716,0.338,0.627,864,277
bace1,1,boba_ucb,0.1,0.10003807865963119,18383,1839,160,0.5776173285198556,0.6311375149694575,87.00380641653074,0.24,0.625,869,277
bace1,1,uncertainty_partition,0.1,0.10003807865963119,18383,1839,180,0.6498194945848376,0.6748608246022713,97.87928221859707,0.302,0.63,906,277
bace1,1,rabvs,0.2,0.20002175923407495,18383,3677,235,0.8483754512635379,0.7695434265277176,63.91079684525429,0.574,0.6839999999999999,903,277
bace1,1,random_partition,0.2,0.20002175923407495,18383,3677,152,0.5487364620938628,0.5283088628766097,41.33804732118575,0.338,0.611,865,277
bace1,1,greedy_partition,0.2,0.20002175923407495,18383,3677,221,0.7978339350180506,0.7299917660609817,60.10334511830297,0.551,0.677,892,277
bace1,1,boba_ucb,0.2,0.20002175923407495,18383,3677,198,0.7148014440433214,0.6607636315559884,53.84824585259722,0.431,0.6599999999999999,902,277
bace1,1,uncertainty_partition,0.2,0.20002175923407495,18383,3677,201,0.7256317689530686,0.6587275129378973,54.66412836551537,0.478,0.6739999999999999,887,277
bace1,1,rabvs,0.5,0.5000271990425937,18383,9192,258,0.9314079422382672,0.8261809189818836,28.067885117493475,0.854,0.654,891,277
bace1,1,random_partition,0.5,0.5000271990425937,18383,9192,195,0.703971119133574,0.6508197095367845,21.21409921671018,0.548,0.65,852,277
bace1,1,greedy_partition,0.5,0.5000271990425937,18383,9192,255,0.9205776173285198,0.8173540437899753,27.741514360313317,0.861,0.649,892,277
bace1,1,boba_ucb,0.5,0.5000271990425937,18383,9192,264,0.9530685920577617,0.8403772839335704,28.720626631853786,0.864,0.6599999999999999,891,277
bace1,1,uncertainty_partition,0.5,0.5000271990425937,18383,9192,211,0.7617328519855595,0.6726644765820708,22.954743255004352,0.67,0.64,874,277
bace1,2,rabvs,0.01,0.054398085187401406,18383,1000,156,0.5756457564575646,0.7518517336586366,156.0,0.219,0.614,815,271
bace1,2,random_partition,0.01,0.054398085187401406,18383,1000,14,0.05166051660516605,0.37811490178538476,14.0,0.04,0.647,678,271
bace1,2,greedy_partition,0.01,0.054398085187401406,18383,1000,188,0.6937269372693727,0.8184327464302507,188.0,0.275,0.619,921,271
bace1,2,boba_ucb,0.01,0.054398085187401406,18383,1000,162,0.5977859778597786,0.7654773033313139,162.0,0.216,0.623,748,271
bace1,2,uncertainty_partition,0.01,0.054398085187401406,18383,1000,7,0.025830258302583026,0.3573823990645586,7.0,0.06,0.528,535,271
bace1,2,rabvs,0.025,0.054398085187401406,18383,1000,156,0.5756457564575646,0.7518517336586366,156.0,0.219,0.614,815,271
bace1,2,random_partition,0.025,0.054398085187401406,18383,1000,14,0.05166051660516605,0.37811490178538476,14.0,0.04,0.647,678,271
bace1,2,greedy_partition,0.025,0.054398085187401406,18383,1000,188,0.6937269372693727,0.8184327464302507,188.0,0.275,0.619,921,271
bace1,2,boba_ucb,0.025,0.054398085187401406,18383,1000,162,0.5977859778597786,0.7654773033313139,162.0,0.216,0.623,748,271
bace1,2,uncertainty_partition,0.025,0.054398085187401406,18383,1000,7,0.025830258302583026,0.3573823990645586,7.0,0.06,0.528,535,271
bace1,2,rabvs,0.05,0.054398085187401406,18383,1000,156,0.5756457564575646,0.7518517336586366,156.0,0.219,0.614,815,271
bace1,2,random_partition,0.05,0.054398085187401406,18383,1000,14,0.05166051660516605,0.37811490178538476,14.0,0.04,0.647,678,271
bace1,2,greedy_partition,0.05,0.054398085187401406,18383,1000,188,0.6937269372693727,0.8184327464302507,188.0,0.275,0.619,921,271
bace1,2,boba_ucb,0.05,0.054398085187401406,18383,1000,162,0.5977859778597786,0.7654773033313139,162.0,0.216,0.623,748,271
bace1,2,uncertainty_partition,0.05,0.054398085187401406,18383,1000,7,0.025830258302583026,0.3573823990645586,7.0,0.06,0.528,535,271
bace1,2,rabvs,0.1,0.10003807865963119,18383,1839,194,0.7158671586715867,0.7576127365796459,105.4921152800435,0.355,0.6930000000000001,901,271
bace1,2,random_partition,0.1,0.10003807865963119,18383,1839,17,0.06273062730627306,0.1949250084058371,9.244154431756389,0.076,0.69,898,271
bace1,2,greedy_partition,0.1,0.10003807865963119,18383,1839,204,0.7527675276752768,0.7831307772018556,110.92985318107668,0.374,0.735,938,271
bace1,2,boba_ucb,0.1,0.10003807865963119,18383,1839,162,0.5977859778597786,0.6712150015397614,88.09135399673735,0.248,0.657,790,271
bace1,2,uncertainty_partition,0.1,0.10003807865963119,18383,1839,14,0.05166051660516605,0.18521040909623535,7.612833061446438,0.095,0.696,706,271
bace1,2,rabvs,0.2,0.20002175923407495,18383,3677,214,0.7896678966789668,0.7710254221452838,58.199619254827304,0.471,0.7170000000000001,906,271
bace1,2,random_partition,0.2,0.20002175923407495,18383,3677,25,0.09225092250922509,0.11108442272734588,6.799020940984498,0.164,0.6859999999999999,864,271
bace1,2,greedy_partition,0.2,0.20002175923407495,18383,3677,228,0.8413284132841329,0.8165835710102644,62.00707098177862,0.572,0.748,888,271
bace1,2,boba_ucb,0.2,0.20002175923407495,18383,3677,196,0.7232472324723247,0.7220939909747515,53.30432417731846,0.41,0.6930000000000001,904,271
bace1,2,uncertainty_partition,0.2,0.20002175923407495,18383,3677,15,0.055350553505535055,0.07653825824698714,4.079412564590699,0.12,0.614,791,271
bace1,2,rabvs,0.5,0.5000271990425937,18383,9192,261,0.9630996309963099,0.9059758815725122,28.39425587467363,0.851,0.747,877,271
bace1,2,random_partition,0.5,0.5000271990425937,18383,9192,27,0.0996309963099631,0.09944400135697797,2.93733681462141,0.277,0.6759999999999999,846,271
bace1,2,greedy_partition,0.5,0.5000271990425937,18383,9192,270,0.996309963099631,0.9382528387460219,29.3733681462141,0.903,0.737,879,271
bace1,2,boba_ucb,0.5,0.5000271990425937,18383,9192,246,0.9077490774907749,0.8578607415996488,26.762402088772845,0.754,0.745,878,271
bace1,2,uncertainty_partition,0.5,0.5000271990425937,18383,9192,34,0.12546125461254612,0.12938190432956248,3.698868581375109,0.357,0.641,832,271
braf,0,rabvs,0.01,0.09899029895070283,10102,1000,133,0.875,0.9104207143869543,133.0,0.295,0.653,862,152
braf,0,random_partition,0.01,0.09899029895070283,10102,1000,6,0.039473684210526314,0.17717137880296868,6.0,0.089,0.5589999999999999,773,152
braf,0,greedy_partition,0.01,0.09899029895070283,10102,1000,133,0.875,0.9104207143869543,133.0,0.295,0.653,861,152
braf,0,boba_ucb,0.01,0.09899029895070283,10102,1000,133,0.875,0.9104438740547438,133.0,0.291,0.619,890,152
braf,0,uncertainty_partition,0.01,0.09899029895070283,10102,1000,85,0.5592105263157895,0.6620247050991409,85.0,0.18,0.702,830,152
braf,0,rabvs,0.025,0.09899029895070283,10102,1000,133,0.875,0.9104207143869543,133.0,0.295,0.653,862,152
braf,0,random_partition,0.025,0.09899029895070283,10102,1000,6,0.039473684210526314,0.17717137880296868,6.0,0.089,0.5589999999999999,773,152
braf,0,greedy_partition,0.025,0.09899029895070283,10102,1000,133,0.875,0.9104207143869543,133.0,0.295,0.653,861,152
braf,0,boba_ucb,0.025,0.09899029895070283,10102,1000,133,0.875,0.9104438740547438,133.0,0.291,0.619,890,152
braf,0,uncertainty_partition,0.025,0.09899029895070283,10102,1000,85,0.5592105263157895,0.6620247050991409,85.0,0.18,0.702,830,152
braf,0,rabvs,0.05,0.09899029895070283,10102,1000,133,0.875,0.9104207143869543,133.0,0.295,0.653,862,152
braf,0,random_partition,0.05,0.09899029895070283,10102,1000,6,0.039473684210526314,0.17717137880296868,6.0,0.089,0.5589999999999999,773,152
braf,0,greedy_partition,0.05,0.09899029895070283,10102,1000,133,0.875,0.9104207143869543,133.0,0.295,0.653,861,152
braf,0,boba_ucb,0.05,0.09899029895070283,10102,1000,133,0.875,0.9104438740547438,133.0,0.291,0.619,890,152
braf,0,uncertainty_partition,0.05,0.09899029895070283,10102,1000,85,0.5592105263157895,0.6620247050991409,85.0,0.18,0.702,830,152
braf,0,rabvs,0.1,0.10007919223916056,10102,1011,133,0.875,0.9099980923240855,131.5529179030663,0.296,0.655,866,152
braf,0,random_partition,0.1,0.10007919223916056,10102,1011,6,0.039473684210526314,0.17430945339437218,5.934718100890208,0.087,0.565,779,152
braf,0,greedy_partition,0.1,0.10007919223916056,10102,1011,133,0.875,0.9099980923240855,131.5529179030663,0.297,0.6579999999999999,865,152
braf,0,boba_ucb,0.1,0.10007919223916056,10102,1011,133,0.875,0.9100212519918749,131.5529179030663,0.291,0.628,891,152
braf,0,uncertainty_partition,0.1,0.10007919223916056,10102,1011,88,0.5789473684210527,0.677148032661957,87.04253214638972,0.194,0.7030000000000001,838,152
braf,0,rabvs,0.2,0.2000593941793704,10102,2021,141,0.9276315789473685,0.9342561828664216,69.76744186046511,0.511,0.669,943,152
braf,0,random_partition,0.2,0.2000593941793704,10102,2021,7,0.046052631578947366,0.06858419567542538,3.463631865413162,0.125,0.554,897,152
braf,0,greedy_partition,0.2,0.2000593941793704,10102,2021,141,0.9276315789473685,0.9342829399493323,69.76744186046511,0.5,0.661,941,152
braf,0,boba_ucb,0.2,0.2000593941793704,10102,2021,136,0.8947368421052632,0.9075348117994382,67.29341909945572,0.4,0.692,913,152
braf,0,uncertainty_partition,0.2,0.2000593941793704,10102,2021,132,0.868421052631579,0.8876981466657438,65.3142008906482,0.316,0.712,926,152
braf,0,rabvs,0.5,0.5,10102,5051,150,0.9868421052631579,0.9796067240135855,29.697089685210848,0.782,0.651,943,152
braf,0,random_partition,0.5,0.5,10102,5051,139,0.9144736842105263,0.9211297217557194,27.51930310829539,0.605,0.645,946,152
braf,0,greedy_partition,0.5,0.5,10102,5051,150,0.9868421052631579,0.9793756612262339,29.697089685210848,0.802,0.643,943,152
braf,0,boba_ucb,0.5,0.5,10102,5051,146,0.9605263157894737,0.9574810625742354,28.905167293605224,0.728,0.65,946,152
braf,0,uncertainty_partition,0.5,0.5,10102,5051,137,0.9013157894736842,0.9084149756862075,27.123341912492577,0.486,0.629,950,152
braf,1,rabvs,0.01,0.09899029895070283,10102,1000,143,0.9407894736842105,0.9572793338532356,143.0,0.319,0.6679999999999999,923,152
braf,1,random_partition,0.01,0.09899029895070283,10102,1000,8,0.05263157894736842,0.19228434252748222,8.0,0.072,0.629,805,152
braf,1,greedy_partition,0.01,0.09899029895070283,10102,1000,143,0.9407894736842105,0.9572697108848709,143.0,0.321,0.667,927,152
braf,1,boba_ucb,0.01,0.09899029895070283,10102,1000,139,0.9144736842105263,0.9392375167169598,139.0,0.263,0.688,891,152
braf,1,uncertainty_partition,0.01,0.09899029895070283,10102,1000,12,0.07894736842105263,0.21811051190914676,12.0,0.167,0.6819999999999999,853,152
braf,1,rabvs,0.025,0.09899029895070283,10102,1000,143,0.9407894736842105,0.9572793338532356,143.0,0.319,0.6679999999999999,923,152
braf,1,random_partition,0.025,0.09899029895070283,10102,1000,8,0.05263157894736842,0.19228434252748222,8.0,0.072,0.629,805,152
braf,1,greedy_partition,0.025,0.09899029895070283,10102,1000,143,0.9407894736842105,0.9572697108848709,143.0,0.321,0.667,927,152
braf,1,boba_ucb,0.025,0.09899029895070283,10102,1000,139,0.9144736842105263,0.9392375167169598,139.0,0.263,0.688,891,152
braf,1,uncertainty_partition,0.025,0.09899029895070283,10102,1000,12,0.07894736842105263,0.21811051190914676,12.0,0.167,0.6819999999999999,853,152
braf,1,rabvs,0.05,0.09899029895070283,10102,1000,143,0.9407894736842105,0.9572793338532356,143.0,0.319,0.6679999999999999,923,152
braf,1,random_partition,0.05,0.09899029895070283,10102,1000,8,0.05263157894736842,0.19228434252748222,8.0,0.072,0.629,805,152
braf,1,greedy_partition,0.05,0.09899029895070283,10102,1000,143,0.9407894736842105,0.9572697108848709,143.0,0.321,0.667,927,152
braf,1,boba_ucb,0.05,0.09899029895070283,10102,1000,139,0.9144736842105263,0.9392375167169598,139.0,0.263,0.688,891,152
braf,1,uncertainty_partition,0.05,0.09899029895070283,10102,1000,12,0.07894736842105263,0.21811051190914676,12.0,0.167,0.6819999999999999,853,152
braf,1,rabvs,0.1,0.10007919223916056,10102,1011,143,0.9407894736842105,0.9570292372883316,141.4441147378833,0.323,0.6779999999999999,929,152
braf,1,random_partition,0.1,0.10007919223916056,10102,1011,10,0.06578947368421052,0.20258524803200928,9.891196834817013,0.075,0.636,814,152
braf,1,greedy_partition,0.1,0.10007919223916056,10102,1011,143,0.9407894736842105,0.9570483503341397,141.4441147378833,0.322,0.677,930,152
braf,1,boba_ucb,0.1,0.10007919223916056,10102,1011,139,0.9144736842105263,0.9389466408067031,137.48763600395648,0.263,0.6930000000000001,898,152
braf,1,uncertainty_partition,0.1,0.10007919223916056,10102,1011,12,0.07894736842105263,0.21533929028467916,11.869436201780417,0.169,0.6799999999999999,857,152
braf,1,rabvs,0.2,0.2000593941793704,10102,2021,144,0.9473684210526315,0.9544249977824204,71.25185551707075,0.413,0.692,964,152
braf,1,random_partition,0.2,0.2000593941793704,10102,2021,12,0.07894736842105263,0.10670980675423272,5.937654626422563,0.167,0.677,909,152
braf,1,greedy_partition,0.2,0.2000593941793704,10102,2021,144,0.9473684210526315,0.9543508269491016,71.25185551707075,0.443,0.6779999999999999,939,152
braf,1,boba_ucb,0.2,0.2000593941793704,10102,2021,144,0.9473684210526315,0.9544887265582092,71.25185551707075,0.407,0.698,958,152
braf,1,uncertainty_partition,0.2,0.2000593941793704,10102,2021,12,0.07894736842105263,0.1064469078254314,5.937654626422563,0.217,0.7090000000000001,920,152
braf,1,rabvs,0.5,0.5,10102,5051,148,0.9736842105263158,0.9724923464582451,29.301128489408036,0.731,0.6699999999999999,944,152
braf,1,random_partition,0.5,0.5,10102,5051,90,0.5921052631578947,0.6242115719049658,17.81825381112651,0.526,0.644,931,152
braf,1,greedy_partition,0.5,0.5,10102,5051,150,0.9868421052631579,0.9808612337555209,29.697089685210848,0.755,0.6739999999999999,943,152
braf,1,boba_ucb,0.5,0.5,10102,5051,147,0.9671052631578947,0.9671018573742024,29.10314789150663,0.667,0.655,942,152
braf,1,uncertainty_partition,0.5,0.5,10102,5051,14,0.09210526315789473,0.1013971096740263,2.7717283706196794,0.413,0.6599999999999999,936,152
braf,2,rabvs,0.01,0.09899029895070283,10102,1000,139,0.9144736842105263,0.9368983235939886,139.0,0.303,0.589,919,152
braf,2,random_partition,0.01,0.09899029895070283,10102,1000,8,0.05263157894736842,0.19228434252748222,8.0,0.128,0.649,855,152
braf,2,greedy_partition,0.01,0.09899029895070283,10102,1000,140,0.9210526315789473,0.9415662700135669,140.0,0.307,0.591,921,152
braf,2,boba_ucb,0.01,0.09899029895070283,10102,1000,139,0.9144736842105263,0.936900497355416,139.0,0.299,0.598,919,152
braf,2,uncertainty_partition,0.01,0.09899029895070283,10102,1000,83,0.5460526315789473,0.6509358462496617,83.0,0.113,0.585,713,152
braf,2,rabvs,0.025,0.09899029895070283,10102,1000,139,0.9144736842105263,0.9368983235939886,139.0,0.303,0.589,919,152
braf,2,random_partition,0.025,0.09899029895070283,10102,1000,8,0.05263157894736842,0.19228434252748222,8.0,0.128,0.649,855,152
braf,2,greedy_partition,0.025,0.09899029895070283,10102,1000,140,0.9210526315789473,0.9415662700135669,140.0,0.307,0.591,921,152
braf,2,boba_ucb,0.025,0.09899029895070283,10102,1000,139,0.9144736842105263,0.936900497355416,139.0,0.299,0.598,919,152
braf,2,uncertainty_partition,0.025,0.09899029895070283,10102,1000,83,0.5460526315789473,0.6509358462496617,83.0,0.113,0.585,713,152
braf,2,rabvs,0.05,0.09899029895070283,10102,1000,139,0.9144736842105263,0.9368983235939886,139.0,0.303,0.589,919,152
braf,2,random_partition,0.05,0.09899029895070283,10102,1000,8,0.05263157894736842,0.19228434252748222,8.0,0.128,0.649,855,152
braf,2,greedy_partition,0.05,0.09899029895070283,10102,1000,140,0.9210526315789473,0.9415662700135669,140.0,0.307,0.591,921,152
braf,2,boba_ucb,0.05,0.09899029895070283,10102,1000,139,0.9144736842105263,0.936900497355416,139.0,0.299,0.598,919,152
braf,2,uncertainty_partition,0.05,0.09899029895070283,10102,1000,83,0.5460526315789473,0.6509358462496617,83.0,0.113,0.585,713,152
braf,2,rabvs,0.1,0.10007919223916056,10102,1011,139,0.9144736842105263,0.9365938507473667,137.48763600395648,0.307,0.604,928,152
braf,2,random_partition,0.1,0.10007919223916056,10102,1011,8,0.05263157894736842,0.18944468120360466,7.91295746785361,0.129,0.655,858,152
braf,2,greedy_partition,0.1,0.10007919223916056,10102,1011,140,0.9210526315789473,0.9412709488735634,138.47675568743816,0.306,0.599,927,152
braf,2,boba_ucb,0.1,0.10007919223916056,10102,1011,139,0.9144736842105263,0.9366164671823493,137.48763600395648,0.298,0.605,924,152
braf,2,uncertainty_partition,0.1,0.10007919223916056,10102,1011,83,0.5460526315789473,0.6494741261580338,82.0969337289812,0.112,0.597,723,152
braf,2,rabvs,0.2,0.2000593941793704,10102,2021,140,0.9210526315789473,0.9299257320448296,69.27263730826323,0.454,0.714,954,152
braf,2,random_partition,0.2,0.2000593941793704,10102,2021,8,0.05263157894736842,0.0779293804110774,3.9584364176150424,0.146,0.6779999999999999,890,152
braf,2,greedy_partition,0.2,0.2000593941793704,10102,2021,145,0.9539473684210527,0.9572853309090902,71.74666006927264,0.444,0.6839999999999999,936,152
braf,2,boba_ucb,0.2,0.2000593941793704,10102,2021,141,0.9276315789473685,0.9339882179511898,69.76744186046511,0.385,0.6779999999999999,957,152
braf,2,uncertainty_partition,0.2,0.2000593941793704,10102,2021,83,0.5460526315789473,0.592097020856823,41.06877783275606,0.221,0.7070000000000001,924,152
braf,2,rabvs,0.5,0.5,10102,5051,150,0.9868421052631579,0.9774614912082586,29.697089685210848,0.763,0.687,950,152
braf,2,random_partition,0.5,0.5,10102,5051,145,0.9539473684210527,0.9558835532875855,28.70718669570382,0.586,0.694,954,152
braf,2,greedy_partition,0.5,0.5,10102,5051,149,0.9802631578947368,0.9687707654031272,29.499109087309442,0.753,0.6779999999999999,955,152
braf,2,boba_ucb,0.5,0.5,10102,5051,149,0.9802631578947368,0.9754711246384753,29.499109087309442,0.671,0.694,952,152
braf,2,uncertainty_partition,0.5,0.5,10102,5051,90,0.5921052631578947,0.622035412679814,17.81825381112651,0.423,0.665,958,152
cah2,0,rabvs,0.01,0.03158160687215766,31664,1000,408,0.8309572301425662,0.9533051538540823,408.0,0.495,0.471,920,491
cah2,0,random_partition,0.01,0.03158160687215766,31664,1000,7,0.014256619144602852,0.5415980760870837,7.0,0.018,0.5780000000000001,850,491
cah2,0,greedy_partition,0.01,0.03158160687215766,31664,1000,382,0.7780040733197556,0.93619101072931,382.0,0.429,0.346,903,491
cah2,0,boba_ucb,0.01,0.03158160687215766,31664,1000,217,0.4419551934826884,0.7969200060974475,217.0,0.261,0.31799999999999995,844,491
cah2,0,uncertainty_partition,0.01,0.03158160687215766,31664,1000,5,0.010183299389002037,0.5389131735181881,5.0,0.024,0.29000000000000004,746,491
cah2,0,rabvs,0.025,0.03158160687215766,31664,1000,408,0.8309572301425662,0.9533051538540823,408.0,0.495,0.471,920,491
cah2,0,random_partition,0.025,0.03158160687215766,31664,1000,7,0.014256619144602852,0.5415980760870837,7.0,0.018,0.5780000000000001,850,491
cah2,0,greedy_partition,0.025,0.03158160687215766,31664,1000,382,0.7780040733197556,0.93619101072931,382.0,0.429,0.346,903,491
cah2,0,boba_ucb,0.025,0.03158160687215766,31664,1000,217,0.4419551934826884,0.7969200060974475,217.0,0.261,0.31799999999999995,844,491
cah2,0,uncertainty_partition,0.025,0.03158160687215766,31664,1000,5,0.010183299389002037,0.5389131735181881,5.0,0.024,0.29000000000000004,746,491
cah2,0,rabvs,0.05,0.05002526528549773,31664,1584,438,0.8920570264765784,0.9508798328981889,276.5151515151515,0.587,0.514,876,491
cah2,0,random_partition,0.05,0.05002526528549773,31664,1584,7,0.014256619144602852,0.3795326991694283,4.419191919191919,0.023,0.63,879,491
cah2,0,greedy_partition,0.05,0.05002526528549773,31664,1584,413,0.8411405295315683,0.9265851584247177,260.73232323232327,0.526,0.486,904,491
cah2,0,boba_ucb,0.05,0.05002526528549773,31664,1584,413,0.8411405295315683,0.9265851584247177,260.73232323232327,0.526,0.486,904,491
cah2,0,uncertainty_partition,0.05,0.05002526528549773,31664,1584,5,0.010183299389002037,0.37630711529696215,3.1565656565656566,0.031,0.45899999999999996,762,491
cah2,0,rabvs,0.1,0.10001894896412329,31664,3167,439,0.8940936863543788,0.9230141766158271,138.61698768550679,0.618,0.483,889,491
cah2,0,random_partition,0.1,0.10001894896412329,31664,3167,9,0.018329938900203666,0.1541661819352913,2.841806125670982,0.041,0.605,869,491
cah2,0,greedy_partition,0.1,0.10001894896412329,31664,3167,450,0.9164969450101833,0.9391152827125661,142.0903062835491,0.672,0.479,869,491
cah2,0,boba_ucb,0.1,0.10001894896412329,31664,3167,439,0.8940936863543788,0.9230781151561962,138.61698768550679,0.618,0.496,895,491
cah2,0,uncertainty_partition,0.1,0.10001894896412329,31664,3167,7,0.014256619144602852,0.15002238896953152,2.2102936532996527,0.049,0.472,814,491
cah2,0,rabvs,0.2,0.20000631632137444,31664,6333,443,0.9022403258655805,0.9155624864656355,69.95105005526607,0.673,0.481,898,491
cah2,0,random_partition,0.2,0.20000631632137444,31664,6333,19,0.038696537678207736,0.06212533227340357,3.000157903047529,0.09,0.5740000000000001,893,491
cah2,0,greedy_partition,0.2,0.20000631632137444,31664,6333,452,0.9205702647657841,0.9309113461822713,71.37217748302542,0.71,0.46699999999999997,871,491
cah2,0,boba_ucb,0.2,0.20000631632137444,31664,6333,459,0.9348268839103869,0.9434608472336495,72.47749881572715,0.661,0.48,896,491
cah2,0,uncertainty_partition,0.2,0.20000631632137444,31664,6333,12,0.024439918533604887,0.04602840668973407,1.8948365703458077,0.078,0.46399999999999997,838,491
cah2,0,rabvs,0.5,0.5,31664,15832,476,0.9694501018329938,0.9721906075622427,30.065689742294087,0.873,0.469,882,491
cah2,0,random_partition,0.5,0.5,31664,15832,402,0.8187372708757638,0.8389491984838083,25.391611925214754,0.628,0.46699999999999997,901,491
cah2,0,greedy_partition,0.5,0.5,31664,15832,477,0.9714867617107943,0.9738669867109201,30.1288529560384,0.894,0.45999999999999996,875,491
cah2,0,boba_ucb,0.5,0.5,31664,15832,477,0.9714867617107943,0.9740818622013225,30.1288529560384,0.849,0.46199999999999997,878,491
cah2,0,uncertainty_partition,0.5,0.5,31664,15832,332,0.6761710794297352,0.707739510338939,20.97018696311268,0.48,0.43799999999999994,891,491
cah2,1,rabvs,0.01,0.03158160687215766,31664,1000,418,0.8495934959349594,0.9593421777150223,418.0,0.491,0.42300000000000004,925,492
cah2,1,random_partition,0.01,0.03158160687215766,31664,1000,4,0.008130081300813009,0.5374793357926333,4.0,0.012,0.653,834,492
cah2,1,greedy_partition,0.01,0.03158160687215766,31664,1000,418,0.8495934959349594,0.9593421777150223,418.0,0.491,0.42300000000000004,925,492
cah2,1,boba_ucb,0.01,0.03158160687215766,31664,1000,4,0.008130081300813009,0.5374659526781034,4.0,0.052,0.5489999999999999,781,492
cah2,1,uncertainty_partition,0.01,0.03158160687215766,31664,1000,417,0.8475609756097561,0.9587727911295261,417.0,0.49,0.382,895,492
cah2,1,rabvs,0.025,0.03158160687215766,31664,1000,418,0.8495934959349594,0.9593421777150223,418.0,0.491,0.42300000000000004,925,492
cah2,1,random_partition,0.025,0.03158160687215766,31664,1000,4,0.008130081300813009,0.5374793357926333,4.0,0.012,0.653,834,492
cah2,1,greedy_partition,0.025,0.03158160687215766,31664,1000,418,0.8495934959349594,0.9593421777150223,418.0,0.491,0.42300000000000004,925,492
cah2,1,boba_ucb,0.025,0.03158160687215766,31664,1000,4,0.008130081300813009,0.5374659526781034,4.0,0.052,0.5489999999999999,781,492
cah2,1,uncertainty_partition,0.025,0.03158160687215766,31664,1000,417,0.8475609756097561,0.9587727911295261,417.0,0.49,0.382,895,492
cah2,1,rabvs,0.05,0.05002526528549773,31664,1584,419,0.8516260162601627,0.9322205626025175,264.520202020202,0.526,0.477,879,492
cah2,1,random_partition,0.05,0.05002526528549773,31664,1584,4,0.008130081300813009,0.37458819924874404,2.5252525252525255,0.013,0.591,870,492
cah2,1,greedy_partition,0.05,0.05002526528549773,31664,1584,419,0.8516260162601627,0.9322482290510368,264.520202020202,0.522,0.44299999999999995,888,492
cah2,1,boba_ucb,0.05,0.05002526528549773,31664,1584,9,0.018292682926829267,0.38311799530758484,5.681818181818182,0.095,0.45099999999999996,773,492
cah2,1,uncertainty_partition,0.05,0.05002526528549773,31664,1584,419,0.8516260162601627,0.9321112584359816,264.520202020202,0.517,0.43799999999999994,862,492
cah2,1,rabvs,0.1,0.10001894896412329,31664,3167,420,0.8536585365853658,0.8943517044789657,132.61761919797917,0.577,0.42800000000000005,863,492
cah2,1,random_partition,0.1,0.10001894896412329,31664,3167,4,0.008130081300813009,0.14379173882040097,1.2630249447426587,0.019,0.616,842,492
cah2,1,greedy_partition,0.1,0.10001894896412329,31664,3167,419,0.8516260162601627,0.8929529965243961,132.3018629617935,0.575,0.41900000000000004,864,492
cah2,1,boba_ucb,0.1,0.10001894896412329,31664,3167,275,0.5589430894308943,0.6612100152433534,86.83296495105779,0.428,0.44599999999999995,806,492
cah2,1,uncertainty_partition,0.1,0.10001894896412329,31664,3167,423,0.8597560975609756,0.8987736611465954,133.56488790653614,0.56,0.402,862,492
cah2,1,rabvs,0.2,0.20000631632137444,31664,6333,427,0.8678861788617886,0.8867697046653,67.42460129480499,0.677,0.42400000000000004,835,492
cah2,1,random_partition,0.2,0.20000631632137444,31664,6333,10,0.02032520325203252,0.04153161265569881,1.5790304752881732,0.063,0.56,819,492
cah2,1,greedy_partition,0.2,0.20000631632137444,31664,6333,425,0.8638211382113821,0.8831215006577063,67.10879519974736,0.698,0.43000000000000005,832,492
cah2,1,boba_ucb,0.2,0.20000631632137444,31664,6333,437,0.8882113821138211,0.9043439420681261,69.00363177009316,0.691,0.40800000000000003,828,492
cah2,1,uncertainty_partition,0.2,0.20000631632137444,31664,6333,426,0.8658536585365854,0.884794921980681,67.26669824727617,0.66,0.394,819,492
cah2,1,rabvs,0.5,0.5,31664,15832,453,0.9207317073170732,0.9294695324317972,28.612935826174837,0.831,0.405,821,492
cah2,1,random_partition,0.5,0.5,31664,15832,44,0.08943089430894309,0.10007733684595664,2.7791814047498735,0.27,0.503,773,492
cah2,1,greedy_partition,0.5,0.5,31664,15832,456,0.926829268292683,0.9347789240096847,28.802425467407783,0.834,0.40800000000000003,824,492
cah2,1,boba_ucb,0.5,0.5,31664,15832,449,0.9126016260162602,0.9223239519371589,28.360282971197574,0.816,0.40700000000000003,820,492
cah2,1,uncertainty_partition,0.5,0.5,31664,15832,435,0.8841463414634146,0.8976707360635579,27.47599797877716,0.775,0.376,815,492
cah2,2,rabvs,0.01,0.03158160687215766,31664,1000,224,0.45807770961145194,0.8032348428922119,224.0,0.385,0.43500000000000005,792,489
cah2,2,random_partition,0.01,0.03158160687215766,31664,1000,6,0.012269938650306749,0.5403006783119897,6.0,0.027,0.29600000000000004,830,489
cah2,2,greedy_partition,0.01,0.03158160687215766,31664,1000,224,0.45807770961145194,0.8032348428922119,224.0,0.385,0.43500000000000005,792,489
cah2,2,boba_ucb,0.01,0.03158160687215766,31664,1000,120,0.24539877300613497,0.6899144974626417,120.0,0.212,0.46199999999999997,852,489
cah2,2,uncertainty_partition,0.01,0.03158160687215766,31664,1000,143,0.29243353783231085,0.7171407340790921,143.0,0.194,0.371,813,489
cah2,2,rabvs,0.025,0.03158160687215766,31664,1000,224,0.45807770961145194,0.8032348428922119,224.0,0.385,0.43500000000000005,792,489
cah2,2,random_partition,0.025,0.03158160687215766,31664,1000,6,0.012269938650306749,0.5403006783119897,6.0,0.027,0.29600000000000004,830,489
cah2,2,greedy_partition,0.025,0.03158160687215766,31664,1000,224,0.45807770961145194,0.8032348428922119,224.0,0.385,0.43500000000000005,792,489
cah2,2,boba_ucb,0.025,0.03158160687215766,31664,1000,120,0.24539877300613497,0.6899144974626417,120.0,0.212,0.46199999999999997,852,489
cah2,2,uncertainty_partition,0.025,0.03158160687215766,31664,1000,143,0.29243353783231085,0.7171407340790921,143.0,0.194,0.371,813,489
cah2,2,rabvs,0.05,0.05002526528549773,31664,1584,373,0.7627811860940695,0.884204871502548,235.47979797979798,0.613,0.45699999999999996,838,489
cah2,2,random_partition,0.05,0.05002526528549773,31664,1584,8,0.016359918200409,0.38138511320533985,5.050505050505051,0.04,0.37,867,489
cah2,2,greedy_partition,0.05,0.05002526528549773,31664,1584,373,0.7627811860940695,0.884204871502548,235.47979797979798,0.613,0.45699999999999996,838,489
cah2,2,boba_ucb,0.05,0.05002526528549773,31664,1584,288,0.588957055214724,0.7879891037137959,181.8181818181818,0.501,0.485,811,489
cah2,2,uncertainty_partition,0.05,0.05002526528549773,31664,1584,143,0.29243353783231085,0.5956539650999759,90.27777777777777,0.195,0.46099999999999997,803,489
cah2,2,rabvs,0.1,0.10001894896412329,31664,3167,438,0.8957055214723927,0.9215088705326616,138.30123144932114,0.726,0.44599999999999995,851,489
cah2,2,random_partition,0.1,0.10001894896412329,31664,3167,12,0.024539877300613498,0.16061154469232772,3.7890748342279763,0.063,0.475,847,489
cah2,2,greedy_partition,0.1,0.10001894896412329,31664,3167,441,0.901840490797546,0.9259330289713986,139.2485001578781,0.737,0.45499999999999996,857,489
cah2,2,boba_ucb,0.1,0.10001894896412329,31664,3167,438,0.8957055214723927,0.9216906691439803,138.30123144932114,0.706,0.45899999999999996,873,489
cah2,2,uncertainty_partition,0.1,0.10001894896412329,31664,3167,264,0.5398773006134969,0.6426561186490667,83.35964635301548,0.413,0.44799999999999995,861,489
cah2,2,rabvs,0.2,0.20000631632137444,31664,6333,444,0.9079754601226994,0.91736531853348,70.10895310279489,0.764,0.43899999999999995,863,489
cah2,2,random_partition,0.2,0.20000631632137444,31664,6333,33,0.06748466257668712,0.09400632171616578,5.210800568450971,0.11,0.515,879,489
cah2,2,greedy_partition,0.2,0.20000631632137444,31664,6333,444,0.9079754601226994,0.9173999443701273,70.10895310279489,0.763,0.43999999999999995,866,489
cah2,2,boba_ucb,0.2,0.20000631632137444,31664,6333,440,0.8997955010224948,0.9107062952744903,69.47734091267961,0.728,0.43500000000000005,870,489
cah2,2,uncertainty_partition,0.2,0.20000631632137444,31664,6333,439,0.8977505112474438,0.9078482143652625,69.31943786515079,0.705,0.42900000000000005,866,489
cah2,2,rabvs,0.5,0.5,31664,15832,450,0.9202453987730062,0.9267010168164582,28.42344618494189,0.86,0.43200000000000005,871,489
cah2,2,random_partition,0.5,0.5,31664,15832,191,0.39059304703476483,0.42427695567810253,12.064173825164225,0.374,0.488,869,489
cah2,2,greedy_partition,0.5,0.5,31664,15832,449,0.918200408997955,0.9248600940259932,28.360282971197574,0.869,0.43700000000000006,873,489
cah2,2,boba_ucb,0.5,0.5,31664,15832,469,0.9591002044989775,0.9604472348635731,29.62354724608388,0.858,0.42900000000000005,876,489
cah2,2,uncertainty_partition,0.5,0.5,31664,15832,483,0.9877300613496932,0.9849991913783981,30.507832238504296,0.856,0.41900000000000004,878,489
casp3,0,rabvs,0.01,0.09175153683824204,10899,1000,154,0.7738693467336684,0.8451263893594122,154.0,0.337,0.482,851,199
casp3,0,random_partition,0.01,0.09175153683824204,10899,1000,95,0.47738693467336685,0.6135831512614823,95.0,0.157,0.5860000000000001,901,199
casp3,0,greedy_partition,0.01,0.09175153683824204,10899,1000,155,0.7788944723618091,0.8489383738544929,155.0,0.34,0.476,837,199
casp3,0,boba_ucb,0.01,0.09175153683824204,10899,1000,138,0.6934673366834171,0.7865197753611208,138.0,0.238,0.43300000000000005,808,199
casp3,0,uncertainty_partition,0.01,0.09175153683824204,10899,1000,140,0.7035175879396985,0.7940664958849559,140.0,0.237,0.42500000000000004,797,199
casp3,0,rabvs,0.025,0.09175153683824204,10899,1000,154,0.7738693467336684,0.8451263893594122,154.0,0.337,0.482,851,199
casp3,0,random_partition,0.025,0.09175153683824204,10899,1000,95,0.47738693467336685,0.6135831512614823,95.0,0.157,0.5860000000000001,901,199
casp3,0,greedy_partition,0.025,0.09175153683824204,10899,1000,155,0.7788944723618091,0.8489383738544929,155.0,0.34,0.476,837,199
casp3,0,boba_ucb,0.025,0.09175153683824204,10899,1000,138,0.6934673366834171,0.7865197753611208,138.0,0.238,0.43300000000000005,808,199
casp3,0,uncertainty_partition,0.025,0.09175153683824204,10899,1000,140,0.7035175879396985,0.7940664958849559,140.0,0.237,0.42500000000000004,797,199
casp3,0,rabvs,0.05,0.09175153683824204,10899,1000,154,0.7738693467336684,0.8451263893594122,154.0,0.337,0.482,851,199
casp3,0,random_partition,0.05,0.09175153683824204,10899,1000,95,0.47738693467336685,0.6135831512614823,95.0,0.157,0.5860000000000001,901,199
casp3,0,greedy_partition,0.05,0.09175153683824204,10899,1000,155,0.7788944723618091,0.8489383738544929,155.0,0.34,0.476,837,199
casp3,0,boba_ucb,0.05,0.09175153683824204,10899,1000,138,0.6934673366834171,0.7865197753611208,138.0,0.238,0.43300000000000005,808,199
casp3,0,uncertainty_partition,0.05,0.09175153683824204,10899,1000,140,0.7035175879396985,0.7940664958849559,140.0,0.237,0.42500000000000004,797,199
casp3,0,rabvs,0.1,0.10000917515368382,10899,1090,160,0.8040201005025126,0.8612027542984054,146.78899082568807,0.375,0.504,863,199
casp3,0,random_partition,0.1,0.10000917515368382,10899,1090,95,0.47738693467336685,0.5997838626908214,87.1559633027523,0.161,0.615,909,199
casp3,0,greedy_partition,0.1,0.10000917515368382,10899,1090,157,0.7889447236180904,0.8502077505661773,144.03669724770643,0.358,0.5,845,199
casp3,0,boba_ucb,0.1,0.10000917515368382,10899,1090,140,0.7035175879396985,0.7859080030265136,128.44036697247708,0.268,0.49,856,199
casp3,0,uncertainty_partition,0.1,0.10000917515368382,10899,1090,140,0.7035175879396985,0.7859080030265136,128.44036697247708,0.24,0.42500000000000004,808,199
casp3,0,rabvs,0.2,0.20001835030736764,10899,2180,177,0.8894472361809045,0.9051675105814418,81.19266055045873,0.571,0.583,919,199
casp3,0,random_partition,0.2,0.20001835030736764,10899,2180,96,0.4824120603015075,0.538280203407294,44.03669724770643,0.238,0.608,933,199
casp3,0,greedy_partition,0.2,0.20001835030736764,10899,2180,177,0.8894472361809045,0.9051682879630832,81.19266055045873,0.573,0.5840000000000001,922,199
casp3,0,boba_ucb,0.2,0.20001835030736764,10899,2180,165,0.8291457286432161,0.8564238543985552,75.68807339449542,0.509,0.5469999999999999,905,199
casp3,0,uncertainty_partition,0.2,0.20001835030736764,10899,2180,160,0.8040201005025126,0.8348337208175632,73.39449541284404,0.425,0.526,893,199
casp3,0,rabvs,0.5,0.5000458757684191,10899,5450,188,0.9447236180904522,0.9438388214992459,34.4954128440367,0.868,0.587,934,199
casp3,0,random_partition,0.5,0.5000458757684191,10899,5450,163,0.8190954773869347,0.842634212128905,29.908256880733944,0.518,0.5660000000000001,925,199
casp3,0,greedy_partition,0.5,0.5000458757684191,10899,5450,188,0.9447236180904522,0.9436536445851672,34.4954128440367,0.883,0.594,937,199
casp3,0,boba_ucb,0.5,0.5000458757684191,10899,5450,188,0.9447236180904522,0.9467775429732413,34.4954128440367,0.832,0.581,934,199
casp3,0,uncertainty_partition,0.5,0.5000458757684191,10899,5450,173,0.8693467336683417,0.8880062329054017,31.743119266055047,0.615,0.56,900,199
casp3,1,rabvs,0.01,0.09175153683824204,10899,1000,159,0.7989949748743719,0.8630224698011105,159.0,0.263,0.505,925,199
casp3,1,random_partition,0.01,0.09175153683824204,10899,1000,54,0.271356783919598,0.43023759800442085,54.0,0.102,0.5,733,199
casp3,1,greedy_partition,0.01,0.09175153683824204,10899,1000,160,0.8040201005025126,0.8667733175049641,160.0,0.293,0.54,957,199
casp3,1,boba_ucb,0.01,0.09175153683824204,10899,1000,150,0.7537688442211056,0.8314005750633849,150.0,0.215,0.565,883,199
casp3,1,uncertainty_partition,0.01,0.09175153683824204,10899,1000,150,0.7537688442211056,0.8314089336791156,150.0,0.192,0.46799999999999997,753,199
casp3,1,rabvs,0.025,0.09175153683824204,10899,1000,159,0.7989949748743719,0.8630224698011105,159.0,0.263,0.505,925,199
casp3,1,random_partition,0.025,0.09175153683824204,10899,1000,54,0.271356783919598,0.43023759800442085,54.0,0.102,0.5,733,199
casp3,1,greedy_partition,0.025,0.09175153683824204,10899,1000,160,0.8040201005025126,0.8667733175049641,160.0,0.293,0.54,957,199
casp3,1,boba_ucb,0.025,0.09175153683824204,10899,1000,150,0.7537688442211056,0.8314005750633849,150.0,0.215,0.565,883,199
casp3,1,uncertainty_partition,0.025,0.09175153683824204,10899,1000,150,0.7537688442211056,0.8314089336791156,150.0,0.192,0.46799999999999997,753,199
casp3,1,rabvs,0.05,0.09175153683824204,10899,1000,159,0.7989949748743719,0.8630224698011105,159.0,0.263,0.505,925,199
casp3,1,random_partition,0.05,0.09175153683824204,10899,1000,54,0.271356783919598,0.43023759800442085,54.0,0.102,0.5,733,199
casp3,1,greedy_partition,0.05,0.09175153683824204,10899,1000,160,0.8040201005025126,0.8667733175049641,160.0,0.293,0.54,957,199
casp3,1,boba_ucb,0.05,0.09175153683824204,10899,1000,150,0.7537688442211056,0.8314005750633849,150.0,0.215,0.565,883,199
casp3,1,uncertainty_partition,0.05,0.09175153683824204,10899,1000,150,0.7537688442211056,0.8314089336791156,150.0,0.192,0.46799999999999997,753,199
casp3,1,rabvs,0.1,0.10000917515368382,10899,1090,159,0.7989949748743719,0.8574173264891451,145.87155963302754,0.263,0.5509999999999999,942,199
casp3,1,random_partition,0.1,0.10000917515368382,10899,1090,54,0.271356783919598,0.4116819752913834,49.54128440366973,0.106,0.542,788,199
casp3,1,greedy_partition,0.1,0.10000917515368382,10899,1090,160,0.8040201005025126,0.8612253729933116,146.78899082568807,0.304,0.5900000000000001,976,199
casp3,1,boba_ucb,0.1,0.10000917515368382,10899,1090,150,0.7537688442211056,0.8245705417776877,137.61467889908258,0.215,0.622,911,199
casp3,1,uncertainty_partition,0.1,0.10000917515368382,10899,1090,150,0.7537688442211056,0.8245789003934185,137.61467889908258,0.201,0.527,812,199
casp3,1,rabvs,0.2,0.20001835030736764,10899,2180,168,0.8442211055276382,0.8681166510656653,77.06422018348624,0.406,0.636,979,199
casp3,1,random_partition,0.2,0.20001835030736764,10899,2180,60,0.3015075376884422,0.3498614454173056,27.522935779816514,0.241,0.5489999999999999,933,199
casp3,1,greedy_partition,0.2,0.20001835030736764,10899,2180,165,0.8291457286432161,0.8537764169116081,75.68807339449542,0.468,0.681,973,199
casp3,1,boba_ucb,0.2,0.20001835030736764,10899,2180,151,0.7587939698492462,0.7954398302332004,69.26605504587157,0.244,0.671,941,199
casp3,1,uncertainty_partition,0.2,0.20001835030736764,10899,2180,151,0.7587939698492462,0.7961326478599737,69.26605504587157,0.262,0.604,907,199
casp3,1,rabvs,0.5,0.5000458757684191,10899,5450,195,0.9798994974874372,0.9662866028939814,35.77981651376147,0.822,0.641,939,199
casp3,1,random_partition,0.5,0.5000458757684191,10899,5450,166,0.8341708542713567,0.8430866164337347,30.458715596330276,0.575,0.6699999999999999,934,199
casp3,1,greedy_partition,0.5,0.5000458757684191,10899,5450,194,0.9748743718592965,0.9632512143109372,35.596330275229356,0.851,0.649,938,199
casp3,1,boba_ucb,0.5,0.5000458757684191,10899,5450,172,0.864321608040201,0.8760339894289298,31.55963302752294,0.706,0.645,944,199
casp3,1,uncertainty_partition,0.5,0.5000458757684191,10899,5450,157,0.7889447236180904,0.8166372408740629,28.807339449541285,0.426,0.6910000000000001,963,199
casp3,2,rabvs,0.01,0.09175153683824204,10899,1000,123,0.6180904522613065,0.7276778232128428,123.0,0.222,0.5529999999999999,816,199
casp3,2,random_partition,0.01,0.09175153683824204,10899,1000,23,0.11557788944723618,0.2756062684933402,23.0,0.103,0.528,669,199
casp3,2,greedy_partition,0.01,0.09175153683824204,10899,1000,123,0.6180904522613065,0.7277245379693715,123.0,0.217,0.45199999999999996,821,199
casp3,2,boba_ucb,0.01,0.09175153683824204,10899,1000,144,0.7236180904522613,0.8086230730515628,144.0,0.235,0.505,797,199
casp3,2,uncertainty_partition,0.01,0.09175153683824204,10899,1000,55,0.27638190954773867,0.4348123027568751,55.0,0.083,0.43999999999999995,549,199
casp3,2,rabvs,0.025,0.09175153683824204,10899,1000,123,0.6180904522613065,0.7276778232128428,123.0,0.222,0.5529999999999999,816,199
casp3,2,random_partition,0.025,0.09175153683824204,10899,1000,23,0.11557788944723618,0.2756062684933402,23.0,0.103,0.528,669,199
casp3,2,greedy_partition,0.025,0.09175153683824204,10899,1000,123,0.6180904522613065,0.7277245379693715,123.0,0.217,0.45199999999999996,821,199
casp3,2,boba_ucb,0.025,0.09175153683824204,10899,1000,144,0.7236180904522613,0.8086230730515628,144.0,0.235,0.505,797,199
casp3,2,uncertainty_partition,0.025,0.09175153683824204,10899,1000,55,0.27638190954773867,0.4348123027568751,55.0,0.083,0.43999999999999995,549,199
casp3,2,rabvs,0.05,0.09175153683824204,10899,1000,123,0.6180904522613065,0.7276778232128428,123.0,0.222,0.5529999999999999,816,199
casp3,2,random_partition,0.05,0.09175153683824204,10899,1000,23,0.11557788944723618,0.2756062684933402,23.0,0.103,0.528,669,199
casp3,2,greedy_partition,0.05,0.09175153683824204,10899,1000,123,0.6180904522613065,0.7277245379693715,123.0,0.217,0.45199999999999996,821,199
casp3,2,boba_ucb,0.05,0.09175153683824204,10899,1000,144,0.7236180904522613,0.8086230730515628,144.0,0.235,0.505,797,199
casp3,2,uncertainty_partition,0.05,0.09175153683824204,10899,1000,55,0.27638190954773867,0.4348123027568751,55.0,0.083,0.43999999999999995,549,199
casp3,2,rabvs,0.1,0.10000917515368382,10899,1090,124,0.6231155778894473,0.7213091410350387,113.76146788990826,0.232,0.5740000000000001,867,199
casp3,2,random_partition,0.1,0.10000917515368382,10899,1090,23,0.11557788944723618,0.2534427578101632,21.100917431192663,0.109,0.5920000000000001,730,199
casp3,2,greedy_partition,0.1,0.10000917515368382,10899,1090,124,0.6231155778894473,0.7214149317332326,113.76146788990826,0.232,0.507,880,199
casp3,2,boba_ucb,0.1,0.10000917515368382,10899,1090,145,0.7286432160804021,0.8047654370961406,133.0275229357798,0.258,0.5780000000000001,848,199
casp3,2,uncertainty_partition,0.1,0.10000917515368382,10899,1090,55,0.27638190954773867,0.4163401089122866,50.45871559633028,0.089,0.475,616,199
casp3,2,rabvs,0.2,0.20001835030736764,10899,2180,149,0.7487437185929648,0.7855390052067258,68.34862385321101,0.441,0.603,954,199
casp3,2,random_partition,0.2,0.20001835030736764,10899,2180,31,0.15577889447236182,0.18488024518523696,14.220183486238533,0.157,0.622,920,199
casp3,2,greedy_partition,0.2,0.20001835030736764,10899,2180,138,0.6934673366834171,0.7349422064769601,63.30275229357799,0.417,0.6,961,199
casp3,2,boba_ucb,0.2,0.20001835030736764,10899,2180,147,0.7386934673366834,0.7766458163583381,67.43119266055047,0.414,0.612,948,199
casp3,2,uncertainty_partition,0.2,0.20001835030736764,10899,2180,78,0.39195979899497485,0.44718306733168184,35.77981651376147,0.19,0.6,894,199
casp3,2,rabvs,0.5,0.5000458757684191,10899,5450,183,0.9195979899497487,0.915818634053547,33.57798165137615,0.769,0.616,944,199
casp3,2,random_partition,0.5,0.5000458757684191,10899,5450,132,0.6633165829145728,0.680026950670773,24.220183486238533,0.496,0.5880000000000001,926,199
casp3,2,greedy_partition,0.5,0.5000458757684191,10899,5450,188,0.9447236180904522,0.9359473833322832,34.4954128440367,0.814,0.63,943,199
casp3,2,boba_ucb,0.5,0.5000458757684191,10899,5450,165,0.8291457286432161,0.8469365590588199,30.275229357798167,0.655,0.629,953,199
casp3,2,uncertainty_partition,0.5,0.5000458757684191,10899,5450,95,0.47738693467336685,0.5156511082765951,17.431192660550458,0.394,0.5429999999999999,895,199
cdk2,0,rabvs,0.01,0.03530574777573789,28324,1000,33,0.07819905213270142,0.5421941752621786,33.0,0.069,0.5509999999999999,885,422
cdk2,0,random_partition,0.01,0.03530574777573789,28324,1000,23,0.054502369668246446,0.5287192874544361,23.0,0.064,0.5720000000000001,834,422
cdk2,0,greedy_partition,0.01,0.03530574777573789,28324,1000,86,0.2037914691943128,0.6206575507650962,86.0,0.201,0.515,857,422
cdk2,0,boba_ucb,0.01,0.03530574777573789,28324,1000,33,0.07819905213270142,0.5436220853339162,33.0,0.061,0.41400000000000003,754,422
cdk2,0,uncertainty_partition,0.01,0.03530574777573789,28324,1000,33,0.07819905213270142,0.5447683897556873,33.0,0.083,0.44699999999999995,699,422
cdk2,0,rabvs,0.025,0.03530574777573789,28324,1000,33,0.07819905213270142,0.5421941752621786,33.0,0.069,0.5509999999999999,885,422
cdk2,0,random_partition,0.025,0.03530574777573789,28324,1000,23,0.054502369668246446,0.5287192874544361,23.0,0.064,0.5720000000000001,834,422
cdk2,0,greedy_partition,0.025,0.03530574777573789,28324,1000,86,0.2037914691943128,0.6206575507650962,86.0,0.201,0.515,857,422
cdk2,0,boba_ucb,0.025,0.03530574777573789,28324,1000,33,0.07819905213270142,0.5436220853339162,33.0,0.061,0.41400000000000003,754,422
cdk2,0,uncertainty_partition,0.025,0.03530574777573789,28324,1000,33,0.07819905213270142,0.5447683897556873,33.0,0.083,0.44699999999999995,699,422
cdk2,0,rabvs,0.05,0.05002824459822059,28324,1417,74,0.17535545023696683,0.49249216687726877,52.22300635144672,0.122,0.565,889,422
cdk2,0,random_partition,0.05,0.05002824459822059,28324,1417,32,0.07582938388625593,0.42288818532232353,22.582921665490474,0.079,0.62,878,422
cdk2,0,greedy_partition,0.05,0.05002824459822059,28324,1417,101,0.23933649289099526,0.5376716134679073,71.2773465067043,0.252,0.5640000000000001,909,422
cdk2,0,boba_ucb,0.05,0.05002824459822059,28324,1417,41,0.0971563981042654,0.4383209553828975,28.93436838390967,0.079,0.5389999999999999,765,422
cdk2,0,uncertainty_partition,0.05,0.05002824459822059,28324,1417,67,0.15876777251184834,0.4843683586702141,47.28299223712068,0.131,0.515,807,422
cdk2,0,rabvs,0.1,0.10002118344866544,28324,2833,104,0.24644549763033174,0.34941029256948336,36.71020120014119,0.228,0.651,907,422
cdk2,0,random_partition,0.1,0.10002118344866544,28324,2833,46,0.10900473933649289,0.2321939566211883,16.237204376985527,0.091,0.6819999999999999,893,422
cdk2,0,greedy_partition,0.1,0.10002118344866544,28324,2833,129,0.3056872037914692,0.40286323112219813,45.534768796328976,0.344,0.648,921,422
cdk2,0,boba_ucb,0.1,0.10002118344866544,28324,2833,49,0.11611374407582939,0.23833487805746764,17.29615248852806,0.17,0.65,887,422
cdk2,0,uncertainty_partition,0.1,0.10002118344866544,28324,2833,93,0.22037914691943128,0.3341265482243681,32.827391457818564,0.185,0.5700000000000001,883,422
cdk2,0,rabvs,0.2,0.20000706114955516,28324,5665,155,0.36729857819905215,0.3591315834846114,27.360988526037072,0.422,0.637,919,422
cdk2,0,random_partition,0.2,0.20000706114955516,28324,5665,117,0.2772511848341232,0.2777834390015961,20.6531332744925,0.211,0.696,917,422
cdk2,0,greedy_partition,0.2,0.20000706114955516,28324,5665,203,0.48104265402843605,0.465661593989396,35.83406884377758,0.516,0.6639999999999999,932,422
cdk2,0,boba_ucb,0.2,0.20000706114955516,28324,5665,119,0.28199052132701424,0.2837885922623103,21.006178287731686,0.374,0.642,892,422
cdk2,0,uncertainty_partition,0.2,0.20000706114955516,28324,5665,114,0.27014218009478674,0.2803105858432386,20.123565754633717,0.288,0.5860000000000001,905,422
cdk2,0,rabvs,0.5,0.5,28324,14162,326,0.7725118483412322,0.6992285098206417,23.019347549781106,0.766,0.647,925,422
cdk2,0,random_partition,0.5,0.5,28324,14162,220,0.5213270142180095,0.478144178175631,15.534529021324671,0.436,0.652,910,422
cdk2,0,greedy_partition,0.5,0.5,28324,14162,346,0.8199052132701422,0.7359838086977778,24.43157746081062,0.8,0.659,930,422
cdk2,0,boba_ucb,0.5,0.5,28324,14162,309,0.7322274881516587,0.6665877877688456,21.818952125406014,0.728,0.654,923,422
cdk2,0,uncertainty_partition,0.5,0.5,28324,14162,217,0.514218009478673,0.4788847948556163,15.322694534670244,0.571,0.607,918,422
cdk2,1,rabvs,0.01,0.03530574777573789,28324,1000,55,0.13784461152882205,0.5746494153811886,55.0,0.124,0.476,897,399
cdk2,1,random_partition,0.01,0.03530574777573789,28324,1000,3,0.007518796992481203,0.49817663389522776,3.0,0.012,0.41600000000000004,666,399
cdk2,1,greedy_partition,0.01,0.03530574777573789,28324,1000,56,0.14035087719298245,0.575373193960319,56.0,0.11,0.56,900,399
cdk2,1,boba_ucb,0.01,0.03530574777573789,28324,1000,1,0.002506265664160401,0.49514503458701453,1.0,0.013,0.6639999999999999,782,399
cdk2,1,uncertainty_partition,0.01,0.03530574777573789,28324,1000,37,0.09273182957393483,0.549902770783125,37.0,0.062,0.35,773,399
cdk2,1,rabvs,0.025,0.03530574777573789,28324,1000,55,0.13784461152882205,0.5746494153811886,55.0,0.124,0.476,897,399
cdk2,1,random_partition,0.025,0.03530574777573789,28324,1000,3,0.007518796992481203,0.49817663389522776,3.0,0.012,0.41600000000000004,666,399
cdk2,1,greedy_partition,0.025,0.03530574777573789,28324,1000,56,0.14035087719298245,0.575373193960319,56.0,0.11,0.56,900,399
cdk2,1,boba_ucb,0.025,0.03530574777573789,28324,1000,1,0.002506265664160401,0.49514503458701453,1.0,0.013,0.6639999999999999,782,399
cdk2,1,uncertainty_partition,0.025,0.03530574777573789,28324,1000,37,0.09273182957393483,0.549902770783125,37.0,0.062,0.35,773,399
cdk2,1,rabvs,0.05,0.05002824459822059,28324,1417,69,0.17293233082706766,0.4826011814656431,48.69442484121384,0.178,0.599,868,399
cdk2,1,random_partition,0.05,0.05002824459822059,28324,1417,5,0.012531328320802004,0.376364955521717,3.5285815102328866,0.019,0.33799999999999997,813,399
cdk2,1,greedy_partition,0.05,0.05002824459822059,28324,1417,79,0.19799498746867167,0.4970122754810554,55.75158786167961,0.174,0.594,916,399
cdk2,1,boba_ucb,0.05,0.05002824459822059,28324,1417,3,0.007518796992481203,0.3730509974117869,2.117148906139732,0.033,0.6639999999999999,811,399
cdk2,1,uncertainty_partition,0.05,0.05002824459822059,28324,1417,37,0.09273182957393483,0.4322194998841592,26.11150317572336,0.065,0.33199999999999996,826,399
cdk2,1,rabvs,0.1,0.10002118344866544,28324,2833,81,0.20300751879699247,0.30026338589111695,28.591599011648427,0.23,0.624,884,399
cdk2,1,random_partition,0.1,0.10002118344866544,28324,2833,17,0.042606516290726815,0.17105425451411674,6.000705965407695,0.054,0.363,894,399
cdk2,1,greedy_partition,0.1,0.10002118344866544,28324,2833,111,0.2781954887218045,0.355419025263873,39.18108012707378,0.292,0.6799999999999999,887,399
cdk2,1,boba_ucb,0.1,0.10002118344866544,28324,2833,16,0.040100250626566414,0.16774450543597788,5.647723261560183,0.064,0.643,834,399
cdk2,1,uncertainty_partition,0.1,0.10002118344866544,28324,2833,76,0.19047619047619047,0.2905669650841751,26.82668549241087,0.187,0.581,868,399
cdk2,1,rabvs,0.2,0.20000706114955516,28324,5665,136,0.3408521303258145,0.30866733843654676,24.007060900264783,0.38,0.632,890,399
cdk2,1,random_partition,0.2,0.20000706114955516,28324,5665,57,0.14285714285714285,0.14563060502459138,10.061782877316858,0.166,0.529,902,399
cdk2,1,greedy_partition,0.2,0.20000706114955516,28324,5665,141,0.3533834586466165,0.3196198014963933,24.889673433362752,0.385,0.637,883,399
cdk2,1,boba_ucb,0.2,0.20000706114955516,28324,5665,98,0.24561403508771928,0.23097800268476068,17.29920564872021,0.239,0.637,896,399
cdk2,1,uncertainty_partition,0.2,0.20000706114955516,28324,5665,101,0.2531328320802005,0.23979582315299902,17.828773168578994,0.28,0.657,886,399
cdk2,1,rabvs,0.5,0.5,28324,14162,299,0.7493734335839599,0.6374569020503844,21.11283716989126,0.686,0.628,903,399
cdk2,1,random_partition,0.5,0.5,28324,14162,167,0.41854636591478694,0.34912114906057296,11.792119757096454,0.466,0.617,905,399
cdk2,1,greedy_partition,0.5,0.5,28324,14162,324,0.8120300751879699,0.6848314128693667,22.878124558678152,0.756,0.6619999999999999,916,399
cdk2,1,boba_ucb,0.5,0.5,28324,14162,257,0.6441102756892231,0.5467898607145274,18.147154356729278,0.639,0.641,901,399
cdk2,1,uncertainty_partition,0.5,0.5,28324,14162,190,0.47619047619047616,0.41022740260162166,13.416184154780398,0.524,0.638,882,399
cdk2,2,rabvs,0.01,0.03530574777573789,28324,1000,73,0.1806930693069307,0.6036064904866106,73.0,0.121,0.529,933,404
cdk2,2,random_partition,0.01,0.03530574777573789,28324,1000,14,0.034653465346534656,0.5153832293340317,14.0,0.036,0.607,856,404
cdk2,2,greedy_partition,0.01,0.03530574777573789,28324,1000,5,0.012376237623762377,0.5012503623860822,5.0,0.123,0.122,717,404
cdk2,2,boba_ucb,0.01,0.03530574777573789,28324,1000,7,0.017326732673267328,0.5043703871407683,7.0,0.064,0.122,721,404
cdk2,2,uncertainty_partition,0.01,0.03530574777573789,28324,1000,69,0.1707920792079208,0.5982298372012318,69.0,0.109,0.5900000000000001,864,404
cdk2,2,rabvs,0.025,0.03530574777573789,28324,1000,73,0.1806930693069307,0.6036064904866106,73.0,0.121,0.529,933,404
cdk2,2,random_partition,0.025,0.03530574777573789,28324,1000,14,0.034653465346534656,0.5153832293340317,14.0,0.036,0.607,856,404
cdk2,2,greedy_partition,0.025,0.03530574777573789,28324,1000,5,0.012376237623762377,0.5012503623860822,5.0,0.123,0.122,717,404
cdk2,2,boba_ucb,0.025,0.03530574777573789,28324,1000,7,0.017326732673267328,0.5043703871407683,7.0,0.064,0.122,721,404
cdk2,2,uncertainty_partition,0.025,0.03530574777573789,28324,1000,69,0.1707920792079208,0.5982298372012318,69.0,0.109,0.5900000000000001,864,404
cdk2,2,rabvs,0.05,0.05002824459822059,28324,1417,80,0.19801980198019803,0.5048254766898177,56.457304163726185,0.137,0.573,946,404
cdk2,2,random_partition,0.05,0.05002824459822059,28324,1417,20,0.04950495049504951,0.4026716306167617,14.114326040931546,0.059,0.618,900,404
cdk2,2,greedy_partition,0.05,0.05002824459822059,28324,1417,58,0.14356435643564355,0.4685926487794165,40.93154551870148,0.201,0.271,849,404
cdk2,2,boba_ucb,0.05,0.05002824459822059,28324,1417,7,0.017326732673267328,0.379939166304149,4.940014114326042,0.106,0.122,769,404
cdk2,2,uncertainty_partition,0.05,0.05002824459822059,28324,1417,70,0.17326732673267325,0.48932365856004195,49.40014114326041,0.163,0.472,867,404
cdk2,2,rabvs,0.1,0.10002118344866544,28324,2833,148,0.36633663366336633,0.4346001209820305,52.2414401694317,0.246,0.544,950,404
cdk2,2,random_partition,0.1,0.10002118344866544,28324,2833,23,0.05693069306930693,0.18398031804607692,8.118602188492764,0.077,0.605,928,404
cdk2,2,greedy_partition,0.1,0.10002118344866544,28324,2833,93,0.2301980198019802,0.330560065846041,32.827391457818564,0.283,0.402,879,404
cdk2,2,boba_ucb,0.1,0.10002118344866544,28324,2833,70,0.17326732673267325,0.2857428056093451,24.708789269325802,0.261,0.361,879,404
cdk2,2,uncertainty_partition,0.1,0.10002118344866544,28324,2833,130,0.3217821782178218,0.40558931149926486,45.887751500176485,0.288,0.45499999999999996,862,404
cdk2,2,rabvs,0.2,0.20000706114955516,28324,5665,197,0.4876237623762376,0.4427198281518139,34.77493380406002,0.476,0.42000000000000004,888,404
cdk2,2,random_partition,0.2,0.20000706114955516,28324,5665,112,0.27722772277227725,0.26810138758073293,19.770520741394527,0.201,0.625,928,404
cdk2,2,greedy_partition,0.2,0.20000706114955516,28324,5665,211,0.5222772277227723,0.4769676873991682,37.246248896734336,0.48,0.472,901,404
cdk2,2,boba_ucb,0.2,0.20000706114955516,28324,5665,209,0.5173267326732673,0.47257493980729226,36.89320388349515,0.466,0.42900000000000005,895,404
cdk2,2,uncertainty_partition,0.2,0.20000706114955516,28324,5665,163,0.4034653465346535,0.3813850845009919,28.773168578993822,0.398,0.42300000000000004,865,404
cdk2,2,rabvs,0.5,0.5,28324,14162,354,0.8762376237623762,0.743240881119258,24.996469425222426,0.8,0.495,908,404
cdk2,2,random_partition,0.5,0.5,28324,14162,327,0.8094059405940595,0.6930049023469181,23.08995904533258,0.684,0.502,921,404
cdk2,2,greedy_partition,0.5,0.5,28324,14162,346,0.8564356435643564,0.7300036948037996,24.43157746081062,0.793,0.488,899,404
cdk2,2,boba_ucb,0.5,0.5,28324,14162,270,0.6683168316831684,0.582854231243597,19.065103798898463,0.704,0.46299999999999997,894,404
cdk2,2,uncertainty_partition,0.5,0.5,28324,14162,257,0.6361386138613861,0.5629479824298279,18.147154356729278,0.602,0.44099999999999995,896,404
comt,0,rabvs,0.01,0.2570033410434336,3891,1000,37,0.9024390243902439,0.9110366440690184,37.0,0.467,0.396,746,41
comt,0,random_partition,0.01,0.2570033410434336,3891,1000,15,0.36585365853658536,0.39318284814349835,15.0,0.204,0.6679999999999999,729,41
comt,0,greedy_partition,0.01,0.2570033410434336,3891,1000,40,0.975609756097561,0.9753582811312542,40.0,0.521,0.374,748,41
comt,0,boba_ucb,0.01,0.2570033410434336,3891,1000,37,0.9024390243902439,0.9103456614324277,37.0,0.469,0.41900000000000004,734,41
comt,0,uncertainty_partition,0.01,0.2570033410434336,3891,1000,29,0.7073170731707317,0.7291977817564638,29.0,0.367,0.518,762,41
comt,0,rabvs,0.025,0.2570033410434336,3891,1000,37,0.9024390243902439,0.9110366440690184,37.0,0.467,0.396,746,41
comt,0,random_partition,0.025,0.2570033410434336,3891,1000,15,0.36585365853658536,0.39318284814349835,15.0,0.204,0.6679999999999999,729,41
comt,0,greedy_partition,0.025,0.2570033410434336,3891,1000,40,0.975609756097561,0.9753582811312542,40.0,0.521,0.374,748,41
comt,0,boba_ucb,0.025,0.2570033410434336,3891,1000,37,0.9024390243902439,0.9103456614324277,37.0,0.469,0.41900000000000004,734,41
comt,0,uncertainty_partition,0.025,0.2570033410434336,3891,1000,29,0.7073170731707317,0.7291977817564638,29.0,0.367,0.518,762,41
comt,0,rabvs,0.05,0.2570033410434336,3891,1000,37,0.9024390243902439,0.9110366440690184,37.0,0.467,0.396,746,41
comt,0,random_partition,0.05,0.2570033410434336,3891,1000,15,0.36585365853658536,0.39318284814349835,15.0,0.204,0.6679999999999999,729,41
comt,0,greedy_partition,0.05,0.2570033410434336,3891,1000,40,0.975609756097561,0.9753582811312542,40.0,0.521,0.374,748,41
comt,0,boba_ucb,0.05,0.2570033410434336,3891,1000,37,0.9024390243902439,0.9103456614324277,37.0,0.469,0.41900000000000004,734,41
comt,0,uncertainty_partition,0.05,0.2570033410434336,3891,1000,29,0.7073170731707317,0.7291977817564638,29.0,0.367,0.518,762,41
comt,0,rabvs,0.1,0.2570033410434336,3891,1000,37,0.9024390243902439,0.9110366440690184,37.0,0.467,0.396,746,41
comt,0,random_partition,0.1,0.2570033410434336,3891,1000,15,0.36585365853658536,0.39318284814349835,15.0,0.204,0.6679999999999999,729,41
comt,0,greedy_partition,0.1,0.2570033410434336,3891,1000,40,0.975609756097561,0.9753582811312542,40.0,0.521,0.374,748,41
comt,0,boba_ucb,0.1,0.2570033410434336,3891,1000,37,0.9024390243902439,0.9103456614324277,37.0,0.469,0.41900000000000004,734,41
comt,0,uncertainty_partition,0.1,0.2570033410434336,3891,1000,29,0.7073170731707317,0.7291977817564638,29.0,0.367,0.518,762,41
comt,0,rabvs,0.2,0.2570033410434336,3891,1000,37,0.9024390243902439,0.9110366440690184,37.0,0.467,0.396,746,41
comt,0,random_partition,0.2,0.2570033410434336,3891,1000,15,0.36585365853658536,0.39318284814349835,15.0,0.204,0.6679999999999999,729,41
comt,0,greedy_partition,0.2,0.2570033410434336,3891,1000,40,0.975609756097561,0.9753582811312542,40.0,0.521,0.374,748,41
comt,0,boba_ucb,0.2,0.2570033410434336,3891,1000,37,0.9024390243902439,0.9103456614324277,37.0,0.469,0.41900000000000004,734,41
comt,0,uncertainty_partition,0.2,0.2570033410434336,3891,1000,29,0.7073170731707317,0.7291977817564638,29.0,0.367,0.518,762,41
comt,0,rabvs,0.5,0.5001285016705217,3891,1946,41,1.0,0.9983173378429483,21.0688591983556,0.757,0.405,803,41
comt,0,random_partition,0.5,0.5001285016705217,3891,1946,36,0.8780487804878049,0.8869232064693201,18.499486125385406,0.443,0.567,796,41
comt,0,greedy_partition,0.5,0.5001285016705217,3891,1946,41,1.0,0.9980972098892279,21.0688591983556,0.767,0.41700000000000004,790,41
comt,0,boba_ucb,0.5,0.5001285016705217,3891,1946,41,1.0,0.9983173378429483,21.0688591983556,0.661,0.406,785,41
comt,0,uncertainty_partition,0.5,0.5001285016705217,3891,1946,29,0.7073170731707317,0.7282092315666421,14.902363823227132,0.588,0.41600000000000004,812,41
comt,1,rabvs,0.01,0.2570033410434336,3891,1000,38,0.926829268292683,0.9332063401429145,38.0,0.383,0.43999999999999995,791,41
comt,1,random_partition,0.01,0.2570033410434336,3891,1000,28,0.6829268292682927,0.7063338897549701,28.0,0.254,0.53,748,41
comt,1,greedy_partition,0.01,0.2570033410434336,3891,1000,40,0.975609756097561,0.9754302631032886,40.0,0.421,0.5449999999999999,728,41
comt,1,boba_ucb,0.01,0.2570033410434336,3891,1000,38,0.926829268292683,0.9319165023796108,38.0,0.364,0.43799999999999994,787,41
comt,1,uncertainty_partition,0.01,0.2570033410434336,3891,1000,30,0.7317073170731707,0.7525332473808831,30.0,0.321,0.496,775,41
comt,1,rabvs,0.025,0.2570033410434336,3891,1000,38,0.926829268292683,0.9332063401429145,38.0,0.383,0.43999999999999995,791,41
comt,1,random_partition,0.025,0.2570033410434336,3891,1000,28,0.6829268292682927,0.7063338897549701,28.0,0.254,0.53,748,41
comt,1,greedy_partition,0.025,0.2570033410434336,3891,1000,40,0.975609756097561,0.9754302631032886,40.0,0.421,0.5449999999999999,728,41
comt,1,boba_ucb,0.025,0.2570033410434336,3891,1000,38,0.926829268292683,0.9319165023796108,38.0,0.364,0.43799999999999994,787,41
comt,1,uncertainty_partition,0.025,0.2570033410434336,3891,1000,30,0.7317073170731707,0.7525332473808831,30.0,0.321,0.496,775,41
comt,1,rabvs,0.05,0.2570033410434336,3891,1000,38,0.926829268292683,0.9332063401429145,38.0,0.383,0.43999999999999995,791,41
comt,1,random_partition,0.05,0.2570033410434336,3891,1000,28,0.6829268292682927,0.7063338897549701,28.0,0.254,0.53,748,41
comt,1,greedy_partition,0.05,0.2570033410434336,3891,1000,40,0.975609756097561,0.9754302631032886,40.0,0.421,0.5449999999999999,728,41
comt,1,boba_ucb,0.05,0.2570033410434336,3891,1000,38,0.926829268292683,0.9319165023796108,38.0,0.364,0.43799999999999994,787,41
comt,1,uncertainty_partition,0.05,0.2570033410434336,3891,1000,30,0.7317073170731707,0.7525332473808831,30.0,0.321,0.496,775,41
comt,1,rabvs,0.1,0.2570033410434336,3891,1000,38,0.926829268292683,0.9332063401429145,38.0,0.383,0.43999999999999995,791,41
comt,1,random_partition,0.1,0.2570033410434336,3891,1000,28,0.6829268292682927,0.7063338897549701,28.0,0.254,0.53,748,41
comt,1,greedy_partition,0.1,0.2570033410434336,3891,1000,40,0.975609756097561,0.9754302631032886,40.0,0.421,0.5449999999999999,728,41
comt,1,boba_ucb,0.1,0.2570033410434336,3891,1000,38,0.926829268292683,0.9319165023796108,38.0,0.364,0.43799999999999994,787,41
comt,1,uncertainty_partition,0.1,0.2570033410434336,3891,1000,30,0.7317073170731707,0.7525332473808831,30.0,0.321,0.496,775,41
comt,1,rabvs,0.2,0.2570033410434336,3891,1000,38,0.926829268292683,0.9332063401429145,38.0,0.383,0.43999999999999995,791,41
comt,1,random_partition,0.2,0.2570033410434336,3891,1000,28,0.6829268292682927,0.7063338897549701,28.0,0.254,0.53,748,41
comt,1,greedy_partition,0.2,0.2570033410434336,3891,1000,40,0.975609756097561,0.9754302631032886,40.0,0.421,0.5449999999999999,728,41
comt,1,boba_ucb,0.2,0.2570033410434336,3891,1000,38,0.926829268292683,0.9319165023796108,38.0,0.364,0.43799999999999994,787,41
comt,1,uncertainty_partition,0.2,0.2570033410434336,3891,1000,30,0.7317073170731707,0.7525332473808831,30.0,0.321,0.496,775,41
comt,1,rabvs,0.5,0.5001285016705217,3891,1946,41,1.0,0.9990931934459403,21.0688591983556,0.688,0.507,780,41
comt,1,random_partition,0.5,0.5001285016705217,3891,1946,29,0.7073170731707317,0.728571076191378,14.902363823227132,0.457,0.523,819,41
comt,1,greedy_partition,0.5,0.5001285016705217,3891,1946,41,1.0,0.9989776402928736,21.0688591983556,0.7,0.521,782,41
comt,1,boba_ucb,0.5,0.5001285016705217,3891,1946,40,0.975609756097561,0.9758586520240167,20.554984583761563,0.62,0.514,803,41
comt,1,uncertainty_partition,0.5,0.5001285016705217,3891,1946,30,0.7317073170731707,0.7519355634593186,15.416238437821173,0.499,0.513,830,41
comt,2,rabvs,0.01,0.2570033410434336,3891,1000,41,1.0,0.9991993583415834,41.0,0.477,0.379,715,41
comt,2,random_partition,0.01,0.2570033410434336,3891,1000,4,0.0975609756097561,0.11243581272707384,4.0,0.32,0.43700000000000006,804,41
comt,2,greedy_partition,0.01,0.2570033410434336,3891,1000,41,1.0,0.998974693266192,41.0,0.482,0.41000000000000003,701,41
comt,2,boba_ucb,0.01,0.2570033410434336,3891,1000,35,0.8536585365853658,0.8667195568694096,35.0,0.432,0.43400000000000005,738,41
comt,2,uncertainty_partition,0.01,0.2570033410434336,3891,1000,4,0.0975609756097561,0.11243581272707384,4.0,0.295,0.532,748,41
comt,2,rabvs,0.025,0.2570033410434336,3891,1000,41,1.0,0.9991993583415834,41.0,0.477,0.379,715,41
comt,2,random_partition,0.025,0.2570033410434336,3891,1000,4,0.0975609756097561,0.11243581272707384,4.0,0.32,0.43700000000000006,804,41
comt,2,greedy_partition,0.025,0.2570033410434336,3891,1000,41,1.0,0.998974693266192,41.0,0.482,0.41000000000000003,701,41
comt,2,boba_ucb,0.025,0.2570033410434336,3891,1000,35,0.8536585365853658,0.8667195568694096,35.0,0.432,0.43400000000000005,738,41
comt,2,uncertainty_partition,0.025,0.2570033410434336,3891,1000,4,0.0975609756097561,0.11243581272707384,4.0,0.295,0.532,748,41
comt,2,rabvs,0.05,0.2570033410434336,3891,1000,41,1.0,0.9991993583415834,41.0,0.477,0.379,715,41
comt,2,random_partition,0.05,0.2570033410434336,3891,1000,4,0.0975609756097561,0.11243581272707384,4.0,0.32,0.43700000000000006,804,41
comt,2,greedy_partition,0.05,0.2570033410434336,3891,1000,41,1.0,0.998974693266192,41.0,0.482,0.41000000000000003,701,41
comt,2,boba_ucb,0.05,0.2570033410434336,3891,1000,35,0.8536585365853658,0.8667195568694096,35.0,0.432,0.43400000000000005,738,41
comt,2,uncertainty_partition,0.05,0.2570033410434336,3891,1000,4,0.0975609756097561,0.11243581272707384,4.0,0.295,0.532,748,41
comt,2,rabvs,0.1,0.2570033410434336,3891,1000,41,1.0,0.9991993583415834,41.0,0.477,0.379,715,41
comt,2,random_partition,0.1,0.2570033410434336,3891,1000,4,0.0975609756097561,0.11243581272707384,4.0,0.32,0.43700000000000006,804,41
comt,2,greedy_partition,0.1,0.2570033410434336,3891,1000,41,1.0,0.998974693266192,41.0,0.482,0.41000000000000003,701,41
comt,2,boba_ucb,0.1,0.2570033410434336,3891,1000,35,0.8536585365853658,0.8667195568694096,35.0,0.432,0.43400000000000005,738,41
comt,2,uncertainty_partition,0.1,0.2570033410434336,3891,1000,4,0.0975609756097561,0.11243581272707384,4.0,0.295,0.532,748,41
comt,2,rabvs,0.2,0.2570033410434336,3891,1000,41,1.0,0.9991993583415834,41.0,0.477,0.379,715,41
comt,2,random_partition,0.2,0.2570033410434336,3891,1000,4,0.0975609756097561,0.11243581272707384,4.0,0.32,0.43700000000000006,804,41
comt,2,greedy_partition,0.2,0.2570033410434336,3891,1000,41,1.0,0.998974693266192,41.0,0.482,0.41000000000000003,701,41
comt,2,boba_ucb,0.2,0.2570033410434336,3891,1000,35,0.8536585365853658,0.8667195568694096,35.0,0.432,0.43400000000000005,738,41
comt,2,uncertainty_partition,0.2,0.2570033410434336,3891,1000,4,0.0975609756097561,0.11243581272707384,4.0,0.295,0.532,748,41
comt,2,rabvs,0.5,0.5001285016705217,3891,1946,41,1.0,0.9993213557783462,21.0688591983556,0.742,0.43200000000000005,779,41
comt,2,random_partition,0.5,0.5001285016705217,3891,1946,10,0.24390243902439024,0.2631771291904151,5.138746145940391,0.56,0.486,841,41
comt,2,greedy_partition,0.5,0.5001285016705217,3891,1946,41,1.0,0.9993213557783462,21.0688591983556,0.754,0.44899999999999995,775,41
comt,2,boba_ucb,0.5,0.5001285016705217,3891,1946,41,1.0,0.9993213557783462,21.0688591983556,0.621,0.44399999999999995,800,41
comt,2,uncertainty_partition,0.5,0.5001285016705217,3891,1946,4,0.0975609756097561,0.10713844490447136,2.055498458376156,0.56,0.45699999999999996,817,41
cp2c9,0,rabvs,0.01,0.13210039630118892,7570,1000,33,0.2894736842105263,0.32217754740821075,33.0,0.246,0.49,897,114
cp2c9,0,random_partition,0.01,0.13210039630118892,7570,1000,7,0.06140350877192982,0.1350467844747226,7.0,0.089,0.525,836,114
cp2c9,0,greedy_partition,0.01,0.13210039630118892,7570,1000,41,0.35964912280701755,0.37607881103173124,41.0,0.256,0.512,874,114
cp2c9,0,boba_ucb,0.01,0.13210039630118892,7570,1000,23,0.20175438596491227,0.24275199956166288,23.0,0.178,0.46599999999999997,861,114
cp2c9,0,uncertainty_partition,0.01,0.13210039630118892,7570,1000,33,0.2894736842105263,0.32217754740821075,33.0,0.246,0.49,897,114
cp2c9,0,rabvs,0.025,0.13210039630118892,7570,1000,33,0.2894736842105263,0.32217754740821075,33.0,0.246,0.49,897,114
cp2c9,0,random_partition,0.025,0.13210039630118892,7570,1000,7,0.06140350877192982,0.1350467844747226,7.0,0.089,0.525,836,114
cp2c9,0,greedy_partition,0.025,0.13210039630118892,7570,1000,41,0.35964912280701755,0.37607881103173124,41.0,0.256,0.512,874,114
cp2c9,0,boba_ucb,0.025,0.13210039630118892,7570,1000,23,0.20175438596491227,0.24275199956166288,23.0,0.178,0.46599999999999997,861,114
cp2c9,0,uncertainty_partition,0.025,0.13210039630118892,7570,1000,33,0.2894736842105263,0.32217754740821075,33.0,0.246,0.49,897,114
cp2c9,0,rabvs,0.05,0.13210039630118892,7570,1000,33,0.2894736842105263,0.32217754740821075,33.0,0.246,0.49,897,114
cp2c9,0,random_partition,0.05,0.13210039630118892,7570,1000,7,0.06140350877192982,0.1350467844747226,7.0,0.089,0.525,836,114
cp2c9,0,greedy_partition,0.05,0.13210039630118892,7570,1000,41,0.35964912280701755,0.37607881103173124,41.0,0.256,0.512,874,114
cp2c9,0,boba_ucb,0.05,0.13210039630118892,7570,1000,23,0.20175438596491227,0.24275199956166288,23.0,0.178,0.46599999999999997,861,114
cp2c9,0,uncertainty_partition,0.05,0.13210039630118892,7570,1000,33,0.2894736842105263,0.32217754740821075,33.0,0.246,0.49,897,114
cp2c9,0,rabvs,0.1,0.13210039630118892,7570,1000,33,0.2894736842105263,0.32217754740821075,33.0,0.246,0.49,897,114
cp2c9,0,random_partition,0.1,0.13210039630118892,7570,1000,7,0.06140350877192982,0.1350467844747226,7.0,0.089,0.525,836,114
cp2c9,0,greedy_partition,0.1,0.13210039630118892,7570,1000,41,0.35964912280701755,0.37607881103173124,41.0,0.256,0.512,874,114
cp2c9,0,boba_ucb,0.1,0.13210039630118892,7570,1000,23,0.20175438596491227,0.24275199956166288,23.0,0.178,0.46599999999999997,861,114
cp2c9,0,uncertainty_partition,0.1,0.13210039630118892,7570,1000,33,0.2894736842105263,0.32217754740821075,33.0,0.246,0.49,897,114
cp2c9,0,rabvs,0.2,0.2,7570,1514,48,0.42105263157894735,0.37829784479069883,31.704095112285337,0.315,0.567,912,114
cp2c9,0,random_partition,0.2,0.2,7570,1514,13,0.11403508771929824,0.13612449863895074,8.58652575957728,0.158,0.617,915,114
cp2c9,0,greedy_partition,0.2,0.2,7570,1514,61,0.5350877192982456,0.4992877725923295,40.290620871862615,0.38,0.5780000000000001,899,114
cp2c9,0,boba_ucb,0.2,0.2,7570,1514,47,0.41228070175438597,0.38834977897785333,31.043593130779392,0.335,0.5509999999999999,922,114
cp2c9,0,uncertainty_partition,0.2,0.2,7570,1514,42,0.3684210526315789,0.35297519958279766,27.741083223249667,0.303,0.532,915,114
cp2c9,0,rabvs,0.5,0.5,7570,3785,104,0.9122807017543859,0.7380112826160354,27.476882430647294,0.736,0.624,895,114
cp2c9,0,random_partition,0.5,0.5,7570,3785,45,0.39473684210526316,0.3526247238838668,11.889035667107,0.447,0.633,863,114
cp2c9,0,greedy_partition,0.5,0.5,7570,3785,104,0.9122807017543859,0.7397494833349606,27.476882430647294,0.717,0.618,900,114
cp2c9,0,boba_ucb,0.5,0.5,7570,3785,98,0.8596491228070176,0.7201045845578079,25.891677675033023,0.73,0.621,899,114
cp2c9,0,uncertainty_partition,0.5,0.5,7570,3785,66,0.5789473684210527,0.506092181187164,17.437252311756936,0.514,0.5720000000000001,928,114
cp2c9,1,rabvs,0.01,0.13210039630118892,7570,1000,24,0.21238938053097345,0.24754122518918645,24.0,0.17,0.534,786,113
cp2c9,1,random_partition,0.01,0.13210039630118892,7570,1000,9,0.07964601769911504,0.14486053438487953,9.0,0.137,0.515,848,113
cp2c9,1,greedy_partition,0.01,0.13210039630118892,7570,1000,43,0.3805309734513274,0.39527920915646153,43.0,0.261,0.5329999999999999,829,113
cp2c9,1,boba_ucb,0.01,0.13210039630118892,7570,1000,22,0.19469026548672566,0.22911251298883667,22.0,0.193,0.484,765,113
cp2c9,1,uncertainty_partition,0.01,0.13210039630118892,7570,1000,32,0.2831858407079646,0.3292452949040077,32.0,0.226,0.5469999999999999,808,113
cp2c9,1,rabvs,0.025,0.13210039630118892,7570,1000,24,0.21238938053097345,0.24754122518918645,24.0,0.17,0.534,786,113
cp2c9,1,random_partition,0.025,0.13210039630118892,7570,1000,9,0.07964601769911504,0.14486053438487953,9.0,0.137,0.515,848,113
cp2c9,1,greedy_partition,0.025,0.13210039630118892,7570,1000,43,0.3805309734513274,0.39527920915646153,43.0,0.261,0.5329999999999999,829,113
cp2c9,1,boba_ucb,0.025,0.13210039630118892,7570,1000,22,0.19469026548672566,0.22911251298883667,22.0,0.193,0.484,765,113
cp2c9,1,uncertainty_partition,0.025,0.13210039630118892,7570,1000,32,0.2831858407079646,0.3292452949040077,32.0,0.226,0.5469999999999999,808,113
cp2c9,1,rabvs,0.05,0.13210039630118892,7570,1000,24,0.21238938053097345,0.24754122518918645,24.0,0.17,0.534,786,113
cp2c9,1,random_partition,0.05,0.13210039630118892,7570,1000,9,0.07964601769911504,0.14486053438487953,9.0,0.137,0.515,848,113
cp2c9,1,greedy_partition,0.05,0.13210039630118892,7570,1000,43,0.3805309734513274,0.39527920915646153,43.0,0.261,0.5329999999999999,829,113
cp2c9,1,boba_ucb,0.05,0.13210039630118892,7570,1000,22,0.19469026548672566,0.22911251298883667,22.0,0.193,0.484,765,113
cp2c9,1,uncertainty_partition,0.05,0.13210039630118892,7570,1000,32,0.2831858407079646,0.3292452949040077,32.0,0.226,0.5469999999999999,808,113
cp2c9,1,rabvs,0.1,0.13210039630118892,7570,1000,24,0.21238938053097345,0.24754122518918645,24.0,0.17,0.534,786,113
cp2c9,1,random_partition,0.1,0.13210039630118892,7570,1000,9,0.07964601769911504,0.14486053438487953,9.0,0.137,0.515,848,113
cp2c9,1,greedy_partition,0.1,0.13210039630118892,7570,1000,43,0.3805309734513274,0.39527920915646153,43.0,0.261,0.5329999999999999,829,113
cp2c9,1,boba_ucb,0.1,0.13210039630118892,7570,1000,22,0.19469026548672566,0.22911251298883667,22.0,0.193,0.484,765,113
cp2c9,1,uncertainty_partition,0.1,0.13210039630118892,7570,1000,32,0.2831858407079646,0.3292452949040077,32.0,0.226,0.5469999999999999,808,113
cp2c9,1,rabvs,0.2,0.2,7570,1514,42,0.37168141592920356,0.35149095873737085,27.741083223249667,0.354,0.5740000000000001,849,113
cp2c9,1,random_partition,0.2,0.2,7570,1514,40,0.35398230088495575,0.34259252596970197,26.42007926023778,0.226,0.571,896,113
cp2c9,1,greedy_partition,0.2,0.2,7570,1514,47,0.415929203539823,0.3938818125075675,31.043593130779392,0.359,0.5429999999999999,857,113
cp2c9,1,boba_ucb,0.2,0.2,7570,1514,40,0.35398230088495575,0.3274524257373178,26.42007926023778,0.332,0.518,837,113
cp2c9,1,uncertainty_partition,0.2,0.2,7570,1514,32,0.2831858407079646,0.2878278280238738,21.136063408190225,0.259,0.591,860,113
cp2c9,1,rabvs,0.5,0.5,7570,3785,84,0.7433628318584071,0.6118489026215842,22.192866578599737,0.717,0.602,875,113
cp2c9,1,random_partition,0.5,0.5,7570,3785,83,0.7345132743362832,0.6060221362003446,21.928665785997357,0.568,0.606,889,113
cp2c9,1,greedy_partition,0.5,0.5,7570,3785,103,0.911504424778761,0.7340889595996547,27.212681638044913,0.768,0.606,871,113
cp2c9,1,boba_ucb,0.5,0.5,7570,3785,63,0.5575221238938053,0.48544310903410637,16.6446499339498,0.648,0.6,876,113
cp2c9,1,uncertainty_partition,0.5,0.5,7570,3785,45,0.39823008849557523,0.3537119212221788,11.889035667107,0.5,0.5720000000000001,887,113
cp2c9,2,rabvs,0.01,0.13210039630118892,7570,1000,33,0.28205128205128205,0.3350216714685026,33.0,0.296,0.527,771,117
cp2c9,2,random_partition,0.01,0.13210039630118892,7570,1000,18,0.15384615384615385,0.22201204105527877,18.0,0.126,0.6,910,117
cp2c9,2,greedy_partition,0.01,0.13210039630118892,7570,1000,35,0.29914529914529914,0.3504584514119068,35.0,0.296,0.528,758,117
cp2c9,2,boba_ucb,0.01,0.13210039630118892,7570,1000,10,0.08547008547008547,0.15147948953898824,10.0,0.208,0.45999999999999996,797,117
cp2c9,2,uncertainty_partition,0.01,0.13210039630118892,7570,1000,7,0.05982905982905983,0.13311491854031463,7.0,0.153,0.43999999999999995,801,117
cp2c9,2,rabvs,0.025,0.13210039630118892,7570,1000,33,0.28205128205128205,0.3350216714685026,33.0,0.296,0.527,771,117
cp2c9,2,random_partition,0.025,0.13210039630118892,7570,1000,18,0.15384615384615385,0.22201204105527877,18.0,0.126,0.6,910,117
cp2c9,2,greedy_partition,0.025,0.13210039630118892,7570,1000,35,0.29914529914529914,0.3504584514119068,35.0,0.296,0.528,758,117
cp2c9,2,boba_ucb,0.025,0.13210039630118892,7570,1000,10,0.08547008547008547,0.15147948953898824,10.0,0.208,0.45999999999999996,797,117
cp2c9,2,uncertainty_partition,0.025,0.13210039630118892,7570,1000,7,0.05982905982905983,0.13311491854031463,7.0,0.153,0.43999999999999995,801,117
cp2c9,2,rabvs,0.05,0.13210039630118892,7570,1000,33,0.28205128205128205,0.3350216714685026,33.0,0.296,0.527,771,117
cp2c9,2,random_partition,0.05,0.13210039630118892,7570,1000,18,0.15384615384615385,0.22201204105527877,18.0,0.126,0.6,910,117
cp2c9,2,greedy_partition,0.05,0.13210039630118892,7570,1000,35,0.29914529914529914,0.3504584514119068,35.0,0.296,0.528,758,117
cp2c9,2,boba_ucb,0.05,0.13210039630118892,7570,1000,10,0.08547008547008547,0.15147948953898824,10.0,0.208,0.45999999999999996,797,117
cp2c9,2,uncertainty_partition,0.05,0.13210039630118892,7570,1000,7,0.05982905982905983,0.13311491854031463,7.0,0.153,0.43999999999999995,801,117
cp2c9,2,rabvs,0.1,0.13210039630118892,7570,1000,33,0.28205128205128205,0.3350216714685026,33.0,0.296,0.527,771,117
cp2c9,2,random_partition,0.1,0.13210039630118892,7570,1000,18,0.15384615384615385,0.22201204105527877,18.0,0.126,0.6,910,117
cp2c9,2,greedy_partition,0.1,0.13210039630118892,7570,1000,35,0.29914529914529914,0.3504584514119068,35.0,0.296,0.528,758,117
cp2c9,2,boba_ucb,0.1,0.13210039630118892,7570,1000,10,0.08547008547008547,0.15147948953898824,10.0,0.208,0.45999999999999996,797,117
cp2c9,2,uncertainty_partition,0.1,0.13210039630118892,7570,1000,7,0.05982905982905983,0.13311491854031463,7.0,0.153,0.43999999999999995,801,117
cp2c9,2,rabvs,0.2,0.2,7570,1514,39,0.3333333333333333,0.3386373243367953,25.759577278731836,0.394,0.594,790,117
cp2c9,2,random_partition,0.2,0.2,7570,1514,22,0.18803418803418803,0.20855710733830818,14.531043593130779,0.188,0.631,904,117
cp2c9,2,greedy_partition,0.2,0.2,7570,1514,38,0.3247863247863248,0.3310643533515084,25.09907529722589,0.38,0.556,806,117
cp2c9,2,boba_ucb,0.2,0.2,7570,1514,34,0.2905982905982906,0.296632317649473,22.457067371202115,0.332,0.548,863,117
cp2c9,2,uncertainty_partition,0.2,0.2,7570,1514,7,0.05982905982905983,0.08235271293136774,4.623513870541612,0.209,0.5640000000000001,871,117
cp2c9,2,rabvs,0.5,0.5,7570,3785,91,0.7777777777777778,0.6641182100450916,24.042272126816382,0.734,0.607,858,117
cp2c9,2,random_partition,0.5,0.5,7570,3785,78,0.6666666666666666,0.5945412664544575,20.607661822985467,0.543,0.663,887,117
cp2c9,2,greedy_partition,0.5,0.5,7570,3785,98,0.8376068376068376,0.6952747021217955,25.891677675033023,0.729,0.599,856,117
cp2c9,2,boba_ucb,0.5,0.5,7570,3785,69,0.5897435897435898,0.5161856274255018,18.229854689564068,0.647,0.587,836,117
cp2c9,2,uncertainty_partition,0.5,0.5,7570,3785,52,0.4444444444444444,0.430369899170853,13.738441215323647,0.468,0.591,891,117
cp3a4,0,rabvs,0.01,0.0835421888053467,11970,1000,17,0.1,0.28157038517809285,17.0,0.139,0.5489999999999999,876,170
cp3a4,0,random_partition,0.01,0.0835421888053467,11970,1000,19,0.11176470588235295,0.28976331821809176,19.0,0.077,0.501,823,170
cp3a4,0,greedy_partition,0.01,0.0835421888053467,11970,1000,28,0.16470588235294117,0.3399049363393299,28.0,0.139,0.577,862,170
cp3a4,0,boba_ucb,0.01,0.0835421888053467,11970,1000,3,0.01764705882352941,0.20483668776360636,3.0,0.111,0.609,737,170
cp3a4,0,uncertainty_partition,0.01,0.0835421888053467,11970,1000,11,0.06470588235294118,0.2490320291078854,11.0,0.125,0.529,749,170
cp3a4,0,rabvs,0.025,0.0835421888053467,11970,1000,17,0.1,0.28157038517809285,17.0,0.139,0.5489999999999999,876,170
cp3a4,0,random_partition,0.025,0.0835421888053467,11970,1000,19,0.11176470588235295,0.28976331821809176,19.0,0.077,0.501,823,170
cp3a4,0,greedy_partition,0.025,0.0835421888053467,11970,1000,28,0.16470588235294117,0.3399049363393299,28.0,0.139,0.577,862,170
cp3a4,0,boba_ucb,0.025,0.0835421888053467,11970,1000,3,0.01764705882352941,0.20483668776360636,3.0,0.111,0.609,737,170
cp3a4,0,uncertainty_partition,0.025,0.0835421888053467,11970,1000,11,0.06470588235294118,0.2490320291078854,11.0,0.125,0.529,749,170
cp3a4,0,rabvs,0.05,0.0835421888053467,11970,1000,17,0.1,0.28157038517809285,17.0,0.139,0.5489999999999999,876,170
cp3a4,0,random_partition,0.05,0.0835421888053467,11970,1000,19,0.11176470588235295,0.28976331821809176,19.0,0.077,0.501,823,170
cp3a4,0,greedy_partition,0.05,0.0835421888053467,11970,1000,28,0.16470588235294117,0.3399049363393299,28.0,0.139,0.577,862,170
cp3a4,0,boba_ucb,0.05,0.0835421888053467,11970,1000,3,0.01764705882352941,0.20483668776360636,3.0,0.111,0.609,737,170
cp3a4,0,uncertainty_partition,0.05,0.0835421888053467,11970,1000,11,0.06470588235294118,0.2490320291078854,11.0,0.125,0.529,749,170
cp3a4,0,rabvs,0.1,0.1,11970,1197,19,0.11176470588235295,0.24407208908228853,15.873015873015872,0.165,0.615,909,170
cp3a4,0,random_partition,0.1,0.1,11970,1197,34,0.2,0.32087769356016116,28.404344193817877,0.128,0.573,894,170
cp3a4,0,greedy_partition,0.1,0.1,11970,1197,37,0.21764705882352942,0.34161797753569023,30.910609857978276,0.175,0.605,871,170
cp3a4,0,boba_ucb,0.1,0.1,11970,1197,5,0.029411764705882353,0.16379130853577764,4.177109440267335,0.127,0.6759999999999999,837,170
cp3a4,0,uncertainty_partition,0.1,0.1,11970,1197,18,0.10588235294117647,0.23836596253091033,15.037593984962406,0.158,0.585,846,170
cp3a4,0,rabvs,0.2,0.2,11970,2394,50,0.29411764705882354,0.3210941870698822,20.885547201336674,0.333,0.6910000000000001,919,170
cp3a4,0,random_partition,0.2,0.2,11970,2394,62,0.36470588235294116,0.37752305419257975,25.898078529657475,0.258,0.611,907,170
cp3a4,0,greedy_partition,0.2,0.2,11970,2394,79,0.4647058823529412,0.47551070121853906,32.999164578111944,0.368,0.6579999999999999,914,170
cp3a4,0,boba_ucb,0.2,0.2,11970,2394,44,0.25882352941176473,0.288303876707699,18.379281537176272,0.271,0.694,907,170
cp3a4,0,uncertainty_partition,0.2,0.2,11970,2394,23,0.13529411764705881,0.15973997767993445,9.60735171261487,0.274,0.656,896,170
cp3a4,0,rabvs,0.5,0.5,11970,5985,134,0.788235294117647,0.7166394428836327,22.389306599832917,0.758,0.685,934,170
cp3a4,0,random_partition,0.5,0.5,11970,5985,87,0.5117647058823529,0.4849063778856578,14.536340852130326,0.547,0.653,917,170
cp3a4,0,greedy_partition,0.5,0.5,11970,5985,137,0.8058823529411765,0.7220279872759424,22.890559732664997,0.744,0.675,938,170
cp3a4,0,boba_ucb,0.5,0.5,11970,5985,128,0.7529411764705882,0.6925720620076364,21.386800334168758,0.726,0.696,933,170
cp3a4,0,uncertainty_partition,0.5,0.5,11970,5985,45,0.2647058823529412,0.25783613529260924,7.518796992481203,0.498,0.626,906,170
cp3a4,1,rabvs,0.01,0.0835421888053467,11970,1000,27,0.1588235294117647,0.336680567437284,27.0,0.169,0.43700000000000006,829,170
cp3a4,1,random_partition,0.01,0.0835421888053467,11970,1000,6,0.03529411764705882,0.2212726825295747,6.0,0.09,0.609,788,170
cp3a4,1,greedy_partition,0.01,0.0835421888053467,11970,1000,36,0.21176470588235294,0.3811583948246539,36.0,0.19,0.524,880,170
cp3a4,1,boba_ucb,0.01,0.0835421888053467,11970,1000,13,0.07647058823529412,0.25885575802171107,13.0,0.109,0.44799999999999995,817,170
cp3a4,1,uncertainty_partition,0.01,0.0835421888053467,11970,1000,15,0.08823529411764706,0.26884836576833293,15.0,0.135,0.54,839,170
cp3a4,1,rabvs,0.025,0.0835421888053467,11970,1000,27,0.1588235294117647,0.336680567437284,27.0,0.169,0.43700000000000006,829,170
cp3a4,1,random_partition,0.025,0.0835421888053467,11970,1000,6,0.03529411764705882,0.2212726825295747,6.0,0.09,0.609,788,170
cp3a4,1,greedy_partition,0.025,0.0835421888053467,11970,1000,36,0.21176470588235294,0.3811583948246539,36.0,0.19,0.524,880,170
cp3a4,1,boba_ucb,0.025,0.0835421888053467,11970,1000,13,0.07647058823529412,0.25885575802171107,13.0,0.109,0.44799999999999995,817,170
cp3a4,1,uncertainty_partition,0.025,0.0835421888053467,11970,1000,15,0.08823529411764706,0.26884836576833293,15.0,0.135,0.54,839,170
cp3a4,1,rabvs,0.05,0.0835421888053467,11970,1000,27,0.1588235294117647,0.336680567437284,27.0,0.169,0.43700000000000006,829,170
cp3a4,1,random_partition,0.05,0.0835421888053467,11970,1000,6,0.03529411764705882,0.2212726825295747,6.0,0.09,0.609,788,170
cp3a4,1,greedy_partition,0.05,0.0835421888053467,11970,1000,36,0.21176470588235294,0.3811583948246539,36.0,0.19,0.524,880,170
cp3a4,1,boba_ucb,0.05,0.0835421888053467,11970,1000,13,0.07647058823529412,0.25885575802171107,13.0,0.109,0.44799999999999995,817,170
cp3a4,1,uncertainty_partition,0.05,0.0835421888053467,11970,1000,15,0.08823529411764706,0.26884836576833293,15.0,0.135,0.54,839,170
cp3a4,1,rabvs,0.1,0.1,11970,1197,27,0.1588235294117647,0.2911287936221942,22.55639097744361,0.182,0.516,858,170
cp3a4,1,random_partition,0.1,0.1,11970,1197,6,0.03529411764705882,0.1700935564214804,5.012531328320802,0.096,0.654,856,170
cp3a4,1,greedy_partition,0.1,0.1,11970,1197,36,0.21176470588235294,0.33760108703278063,30.075187969924812,0.21,0.593,914,170
cp3a4,1,boba_ucb,0.1,0.1,11970,1197,13,0.07647058823529412,0.20920553302128658,10.86048454469507,0.13,0.501,837,170
cp3a4,1,uncertainty_partition,0.1,0.1,11970,1197,18,0.10588235294117647,0.2369899528550284,15.037593984962406,0.173,0.556,861,170
cp3a4,1,rabvs,0.2,0.2,11970,2394,60,0.35294117647058826,0.37571718433401174,25.062656641604008,0.357,0.615,915,170
cp3a4,1,random_partition,0.2,0.2,11970,2394,47,0.27647058823529413,0.2856006064120493,19.632414369256473,0.226,0.644,913,170
cp3a4,1,greedy_partition,0.2,0.2,11970,2394,43,0.2529411764705882,0.27998377247394235,17.96157059314954,0.336,0.623,920,170
cp3a4,1,boba_ucb,0.2,0.2,11970,2394,35,0.20588235294117646,0.2300478185594034,14.619883040935672,0.238,0.637,890,170
cp3a4,1,uncertainty_partition,0.2,0.2,11970,2394,24,0.1411764705882353,0.16541597123752108,10.025062656641603,0.263,0.605,896,170
cp3a4,1,rabvs,0.5,0.5,11970,5985,135,0.7941176470588235,0.7016446526386003,22.55639097744361,0.72,0.6839999999999999,932,170
cp3a4,1,random_partition,0.5,0.5,11970,5985,92,0.5411764705882353,0.5078350948441738,15.371762740183794,0.564,0.647,928,170
cp3a4,1,greedy_partition,0.5,0.5,11970,5985,137,0.8058823529411765,0.7058562792663672,22.890559732664997,0.777,0.688,941,170
cp3a4,1,boba_ucb,0.5,0.5,11970,5985,128,0.7529411764705882,0.6699188813756976,21.386800334168758,0.719,0.683,929,170
cp3a4,1,uncertainty_partition,0.5,0.5,11970,5985,56,0.32941176470588235,0.3334634175599574,9.35672514619883,0.564,0.665,920,170
cp3a4,2,rabvs,0.01,0.0835421888053467,11970,1000,12,0.07058823529411765,0.247326712968267,12.0,0.125,0.529,785,170
cp3a4,2,random_partition,0.01,0.0835421888053467,11970,1000,6,0.03529411764705882,0.21785480801536797,6.0,0.063,0.5529999999999999,724,170
cp3a4,2,greedy_partition,0.01,0.0835421888053467,11970,1000,36,0.21176470588235294,0.37759547980330177,36.0,0.166,0.5489999999999999,840,170
cp3a4,2,boba_ucb,0.01,0.0835421888053467,11970,1000,1,0.0058823529411764705,0.19337250478510326,1.0,0.156,0.599,746,170
cp3a4,2,uncertainty_partition,0.01,0.0835421888053467,11970,1000,9,0.052941176470588235,0.23627831187840576,9.0,0.124,0.596,733,170
cp3a4,2,rabvs,0.025,0.0835421888053467,11970,1000,12,0.07058823529411765,0.247326712968267,12.0,0.125,0.529,785,170
cp3a4,2,random_partition,0.025,0.0835421888053467,11970,1000,6,0.03529411764705882,0.21785480801536797,6.0,0.063,0.5529999999999999,724,170
cp3a4,2,greedy_partition,0.025,0.0835421888053467,11970,1000,36,0.21176470588235294,0.37759547980330177,36.0,0.166,0.5489999999999999,840,170
cp3a4,2,boba_ucb,0.025,0.0835421888053467,11970,1000,1,0.0058823529411764705,0.19337250478510326,1.0,0.156,0.599,746,170
cp3a4,2,uncertainty_partition,0.025,0.0835421888053467,11970,1000,9,0.052941176470588235,0.23627831187840576,9.0,0.124,0.596,733,170
cp3a4,2,rabvs,0.05,0.0835421888053467,11970,1000,12,0.07058823529411765,0.247326712968267,12.0,0.125,0.529,785,170
cp3a4,2,random_partition,0.05,0.0835421888053467,11970,1000,6,0.03529411764705882,0.21785480801536797,6.0,0.063,0.5529999999999999,724,170
cp3a4,2,greedy_partition,0.05,0.0835421888053467,11970,1000,36,0.21176470588235294,0.37759547980330177,36.0,0.166,0.5489999999999999,840,170
cp3a4,2,boba_ucb,0.05,0.0835421888053467,11970,1000,1,0.0058823529411764705,0.19337250478510326,1.0,0.156,0.599,746,170
cp3a4,2,uncertainty_partition,0.05,0.0835421888053467,11970,1000,9,0.052941176470588235,0.23627831187840576,9.0,0.124,0.596,733,170
cp3a4,2,rabvs,0.1,0.1,11970,1197,26,0.15294117647058825,0.2733882597771585,21.72096908939014,0.18,0.5780000000000001,840,170
cp3a4,2,random_partition,0.1,0.1,11970,1197,11,0.06470588235294118,0.19347068629047293,9.189640768588136,0.074,0.628,795,170
cp3a4,2,greedy_partition,0.1,0.1,11970,1197,39,0.22941176470588234,0.34739582314119005,32.581453634085214,0.186,0.599,874,170
cp3a4,2,boba_ucb,0.1,0.1,11970,1197,4,0.023529411764705882,0.1558888026677096,3.341687552213868,0.178,0.643,836,170
cp3a4,2,uncertainty_partition,0.1,0.1,11970,1197,14,0.08235294117647059,0.2132466659739413,11.695906432748536,0.14,0.614,804,170
cp3a4,2,rabvs,0.2,0.2,11970,2394,54,0.3176470588235294,0.3206302696682907,22.55639097744361,0.363,0.656,894,170
cp3a4,2,random_partition,0.2,0.2,11970,2394,13,0.07647058823529412,0.09360727814065,5.430242272347535,0.129,0.698,855,170
cp3a4,2,greedy_partition,0.2,0.2,11970,2394,51,0.3,0.3108020896750706,21.303258145363408,0.373,0.6839999999999999,889,170
cp3a4,2,boba_ucb,0.2,0.2,11970,2394,40,0.23529411764705882,0.2503591650329458,16.70843776106934,0.339,0.6579999999999999,885,170
cp3a4,2,uncertainty_partition,0.2,0.2,11970,2394,30,0.17647058823529413,0.19851858183428983,12.531328320802004,0.284,0.6799999999999999,881,170
cp3a4,2,rabvs,0.5,0.5,11970,5985,143,0.8411764705882353,0.7368383561584907,23.893065998329156,0.788,0.732,930,170
cp3a4,2,random_partition,0.5,0.5,11970,5985,83,0.48823529411764705,0.4706698043459823,13.868003341687551,0.519,0.679,918,170
cp3a4,2,greedy_partition,0.5,0.5,11970,5985,151,0.888235294117647,0.7666567337684816,25.229741019214703,0.811,0.729,930,170
cp3a4,2,boba_ucb,0.5,0.5,11970,5985,117,0.6882352941176471,0.6056602121085648,19.548872180451127,0.728,0.716,925,170
cp3a4,2,uncertainty_partition,0.5,0.5,11970,5985,78,0.4588235294117647,0.44229342595750654,13.032581453634085,0.548,0.708,922,170
csf1r,0,rabvs,0.01,0.08120178643930166,12315,1000,111,0.6686746987951807,0.7691798080933178,111.0,0.199,0.55,947,166
csf1r,0,random_partition,0.01,0.08120178643930166,12315,1000,8,0.04819277108433735,0.2433855181357701,8.0,0.056,0.6579999999999999,838,166
csf1r,0,greedy_partition,0.01,0.08120178643930166,12315,1000,124,0.7469879518072289,0.8265941734403682,124.0,0.253,0.5680000000000001,932,166
csf1r,0,boba_ucb,0.01,0.08120178643930166,12315,1000,94,0.5662650602409639,0.6910658476176932,94.0,0.173,0.597,928,166
csf1r,0,uncertainty_partition,0.01,0.08120178643930166,12315,1000,109,0.6566265060240963,0.7601751387170215,109.0,0.191,0.5820000000000001,917,166
csf1r,0,rabvs,0.025,0.08120178643930166,12315,1000,111,0.6686746987951807,0.7691798080933178,111.0,0.199,0.55,947,166
csf1r,0,random_partition,0.025,0.08120178643930166,12315,1000,8,0.04819277108433735,0.2433855181357701,8.0,0.056,0.6579999999999999,838,166
csf1r,0,greedy_partition,0.025,0.08120178643930166,12315,1000,124,0.7469879518072289,0.8265941734403682,124.0,0.253,0.5680000000000001,932,166
csf1r,0,boba_ucb,0.025,0.08120178643930166,12315,1000,94,0.5662650602409639,0.6910658476176932,94.0,0.173,0.597,928,166
csf1r,0,uncertainty_partition,0.025,0.08120178643930166,12315,1000,109,0.6566265060240963,0.7601751387170215,109.0,0.191,0.5820000000000001,917,166
csf1r,0,rabvs,0.05,0.08120178643930166,12315,1000,111,0.6686746987951807,0.7691798080933178,111.0,0.199,0.55,947,166
csf1r,0,random_partition,0.05,0.08120178643930166,12315,1000,8,0.04819277108433735,0.2433855181357701,8.0,0.056,0.6579999999999999,838,166
csf1r,0,greedy_partition,0.05,0.08120178643930166,12315,1000,124,0.7469879518072289,0.8265941734403682,124.0,0.253,0.5680000000000001,932,166
csf1r,0,boba_ucb,0.05,0.08120178643930166,12315,1000,94,0.5662650602409639,0.6910658476176932,94.0,0.173,0.597,928,166
csf1r,0,uncertainty_partition,0.05,0.08120178643930166,12315,1000,109,0.6566265060240963,0.7601751387170215,109.0,0.191,0.5820000000000001,917,166
csf1r,0,rabvs,0.1,0.10004060089321964,12315,1232,111,0.6686746987951807,0.746777949488357,90.09740259740259,0.221,0.607,954,166
csf1r,0,random_partition,0.1,0.10004060089321964,12315,1232,8,0.04819277108433735,0.18413534412406757,6.493506493506494,0.078,0.675,922,166
csf1r,0,greedy_partition,0.1,0.10004060089321964,12315,1232,125,0.7530120481927711,0.8128564512508575,101.46103896103897,0.279,0.624,949,166
csf1r,0,boba_ucb,0.1,0.10004060089321964,12315,1232,103,0.6204819277108434,0.707376646618752,83.60389610389609,0.192,0.56,943,166
csf1r,0,uncertainty_partition,0.1,0.10004060089321964,12315,1232,111,0.6686746987951807,0.7468146916448578,90.09740259740259,0.197,0.637,925,166
csf1r,0,rabvs,0.2,0.2,12315,2463,138,0.8313253012048193,0.84739707970301,56.02923264311815,0.495,0.6930000000000001,939,166
csf1r,0,random_partition,0.2,0.2,12315,2463,63,0.3795180722891566,0.4211974322205941,25.578562728380025,0.212,0.583,951,166
csf1r,0,greedy_partition,0.2,0.2,12315,2463,143,0.8614457831325302,0.8740844345305155,58.05927730410069,0.504,0.6819999999999999,957,166
csf1r,0,boba_ucb,0.2,0.2,12315,2463,111,0.6686746987951807,0.7043947164388451,45.06699147381242,0.348,0.669,936,166
csf1r,0,uncertainty_partition,0.2,0.2,12315,2463,126,0.7590361445783133,0.7875779348873585,51.15712545676005,0.323,0.652,954,166
csf1r,0,rabvs,0.5,0.5000406008932197,12315,6158,151,0.9096385542168675,0.9104964101524757,24.520948359857098,0.799,0.688,944,166
csf1r,0,random_partition,0.5,0.5000406008932197,12315,6158,102,0.6144578313253012,0.6293793753720844,16.563819421890223,0.515,0.669,959,166
csf1r,0,greedy_partition,0.5,0.5000406008932197,12315,6158,152,0.9156626506024096,0.9142579117510385,24.683338746346216,0.797,0.6890000000000001,941,166
csf1r,0,boba_ucb,0.5,0.5000406008932197,12315,6158,148,0.891566265060241,0.8962343358910311,24.033777200389736,0.702,0.679,944,166
csf1r,0,uncertainty_partition,0.5,0.5000406008932197,12315,6158,145,0.8734939759036144,0.8801281965409024,23.546606040922377,0.591,0.671,947,166
csf1r,1,rabvs,0.01,0.08120178643930166,12315,1000,80,0.4819277108433735,0.6213091803022105,80.0,0.203,0.654,849,166
csf1r,1,random_partition,0.01,0.08120178643930166,12315,1000,3,0.018072289156626505,0.21449163456453205,3.0,0.063,0.627,787,166
csf1r,1,greedy_partition,0.01,0.08120178643930166,12315,1000,69,0.41566265060240964,0.5682262095999289,69.0,0.2,0.636,856,166
csf1r,1,boba_ucb,0.01,0.08120178643930166,12315,1000,8,0.04819277108433735,0.24247426489255408,8.0,0.12,0.5569999999999999,812,166
csf1r,1,uncertainty_partition,0.01,0.08120178643930166,12315,1000,3,0.018072289156626505,0.2144369240035438,3.0,0.083,0.614,768,166
csf1r,1,rabvs,0.025,0.08120178643930166,12315,1000,80,0.4819277108433735,0.6213091803022105,80.0,0.203,0.654,849,166
csf1r,1,random_partition,0.025,0.08120178643930166,12315,1000,3,0.018072289156626505,0.21449163456453205,3.0,0.063,0.627,787,166
csf1r,1,greedy_partition,0.025,0.08120178643930166,12315,1000,69,0.41566265060240964,0.5682262095999289,69.0,0.2,0.636,856,166
csf1r,1,boba_ucb,0.025,0.08120178643930166,12315,1000,8,0.04819277108433735,0.24247426489255408,8.0,0.12,0.5569999999999999,812,166
csf1r,1,uncertainty_partition,0.025,0.08120178643930166,12315,1000,3,0.018072289156626505,0.2144369240035438,3.0,0.083,0.614,768,166
csf1r,1,rabvs,0.05,0.08120178643930166,12315,1000,80,0.4819277108433735,0.6213091803022105,80.0,0.203,0.654,849,166
csf1r,1,random_partition,0.05,0.08120178643930166,12315,1000,3,0.018072289156626505,0.21449163456453205,3.0,0.063,0.627,787,166
csf1r,1,greedy_partition,0.05,0.08120178643930166,12315,1000,69,0.41566265060240964,0.5682262095999289,69.0,0.2,0.636,856,166
csf1r,1,boba_ucb,0.05,0.08120178643930166,12315,1000,8,0.04819277108433735,0.24247426489255408,8.0,0.12,0.5569999999999999,812,166
csf1r,1,uncertainty_partition,0.05,0.08120178643930166,12315,1000,3,0.018072289156626505,0.2144369240035438,3.0,0.083,0.614,768,166
csf1r,1,rabvs,0.1,0.10004060089321964,12315,1232,102,0.6144578313253012,0.6991399775530432,82.79220779220779,0.255,0.6839999999999999,879,166
csf1r,1,random_partition,0.1,0.10004060089321964,12315,1232,4,0.024096385542168676,0.15951460312301535,3.246753246753247,0.071,0.5569999999999999,857,166
csf1r,1,greedy_partition,0.1,0.10004060089321964,12315,1232,70,0.42168674698795183,0.5349033758110079,56.81818181818181,0.224,0.646,883,166
csf1r,1,boba_ucb,0.1,0.10004060089321964,12315,1232,49,0.29518072289156627,0.4201351255575086,39.77272727272727,0.205,0.628,880,166
csf1r,1,uncertainty_partition,0.1,0.10004060089321964,12315,1232,5,0.030120481927710843,0.16557949429092514,4.058441558441558,0.091,0.611,815,166
csf1r,1,rabvs,0.2,0.2,12315,2463,134,0.8072289156626506,0.8189383549748284,54.405196914332116,0.45,0.645,924,166
csf1r,1,random_partition,0.2,0.2,12315,2463,45,0.2710843373493976,0.3086350967334201,18.270401948842874,0.16,0.5920000000000001,898,166
csf1r,1,greedy_partition,0.2,0.2,12315,2463,89,0.536144578313253,0.5703029270312334,36.13479496548924,0.461,0.663,930,166
csf1r,1,boba_ucb,0.2,0.2,12315,2463,99,0.5963855421686747,0.6288461823113437,40.19488428745432,0.404,0.641,931,166
csf1r,1,uncertainty_partition,0.2,0.2,12315,2463,5,0.030120481927710843,0.05152537164303457,2.0300446609825418,0.134,0.647,873,166
csf1r,1,rabvs,0.5,0.5000406008932197,12315,6158,150,0.9036144578313253,0.8855657800256385,24.358557973367976,0.819,0.651,950,166
csf1r,1,random_partition,0.5,0.5000406008932197,12315,6158,130,0.7831325301204819,0.7841022062630574,21.11075024358558,0.527,0.665,956,166
csf1r,1,greedy_partition,0.5,0.5000406008932197,12315,6158,163,0.9819277108433735,0.9444907232841359,26.469632997726535,0.859,0.646,953,166
csf1r,1,boba_ucb,0.5,0.5000406008932197,12315,6158,148,0.891566265060241,0.877582678740047,24.033777200389736,0.786,0.644,944,166
csf1r,1,uncertainty_partition,0.5,0.5000406008932197,12315,6158,92,0.5542168674698795,0.5738429948069261,14.939915556999026,0.577,0.625,953,166
csf1r,2,rabvs,0.01,0.08120178643930166,12315,1000,31,0.18674698795180722,0.37028399109411275,31.0,0.201,0.5569999999999999,903,166
csf1r,2,random_partition,0.01,0.08120178643930166,12315,1000,4,0.024096385542168676,0.22019770931185845,4.0,0.095,0.616,875,166
csf1r,2,greedy_partition,0.01,0.08120178643930166,12315,1000,76,0.4578313253012048,0.6014569241631058,76.0,0.249,0.626,902,166
csf1r,2,boba_ucb,0.01,0.08120178643930166,12315,1000,13,0.0783132530120482,0.2715074059489402,13.0,0.14,0.5469999999999999,900,166
csf1r,2,uncertainty_partition,0.01,0.08120178643930166,12315,1000,20,0.12048192771084337,0.31003052967897626,20.0,0.154,0.7050000000000001,789,166
csf1r,2,rabvs,0.025,0.08120178643930166,12315,1000,31,0.18674698795180722,0.37028399109411275,31.0,0.201,0.5569999999999999,903,166
csf1r,2,random_partition,0.025,0.08120178643930166,12315,1000,4,0.024096385542168676,0.22019770931185845,4.0,0.095,0.616,875,166
csf1r,2,greedy_partition,0.025,0.08120178643930166,12315,1000,76,0.4578313253012048,0.6014569241631058,76.0,0.249,0.626,902,166
csf1r,2,boba_ucb,0.025,0.08120178643930166,12315,1000,13,0.0783132530120482,0.2715074059489402,13.0,0.14,0.5469999999999999,900,166
csf1r,2,uncertainty_partition,0.025,0.08120178643930166,12315,1000,20,0.12048192771084337,0.31003052967897626,20.0,0.154,0.7050000000000001,789,166
csf1r,2,rabvs,0.05,0.08120178643930166,12315,1000,31,0.18674698795180722,0.37028399109411275,31.0,0.201,0.5569999999999999,903,166
csf1r,2,random_partition,0.05,0.08120178643930166,12315,1000,4,0.024096385542168676,0.22019770931185845,4.0,0.095,0.616,875,166
csf1r,2,greedy_partition,0.05,0.08120178643930166,12315,1000,76,0.4578313253012048,0.6014569241631058,76.0,0.249,0.626,902,166
csf1r,2,boba_ucb,0.05,0.08120178643930166,12315,1000,13,0.0783132530120482,0.2715074059489402,13.0,0.14,0.5469999999999999,900,166
csf1r,2,uncertainty_partition,0.05,0.08120178643930166,12315,1000,20,0.12048192771084337,0.31003052967897626,20.0,0.154,0.7050000000000001,789,166
csf1r,2,rabvs,0.1,0.10004060089321964,12315,1232,31,0.18674698795180722,0.318493149440222,25.162337662337663,0.231,0.5760000000000001,918,166
csf1r,2,random_partition,0.1,0.10004060089321964,12315,1232,4,0.024096385542168676,0.1596247618183392,3.246753246753247,0.1,0.65,903,166
csf1r,2,greedy_partition,0.1,0.10004060089321964,12315,1232,81,0.4879518072289157,0.591575056129494,65.74675324675324,0.301,0.648,912,166
csf1r,2,boba_ucb,0.1,0.10004060089321964,12315,1232,26,0.1566265060240964,0.289884242850119,21.103896103896105,0.194,0.596,924,166
csf1r,2,uncertainty_partition,0.1,0.10004060089321964,12315,1232,20,0.12048192771084337,0.2546804455408078,16.233766233766232,0.169,0.7030000000000001,841,166
csf1r,2,rabvs,0.2,0.2,12315,2463,68,0.40963855421686746,0.4436889252657153,27.608607389362568,0.385,0.5820000000000001,883,166
csf1r,2,random_partition,0.2,0.2,12315,2463,19,0.1144578313253012,0.14411320712392175,7.714169711733658,0.157,0.613,934,166
csf1r,2,greedy_partition,0.2,0.2,12315,2463,117,0.7048192771084337,0.7272150105990267,47.503045066991476,0.466,0.675,894,166
csf1r,2,boba_ucb,0.2,0.2,12315,2463,68,0.40963855421686746,0.44318748564254923,27.608607389362568,0.405,0.632,901,166
csf1r,2,uncertainty_partition,0.2,0.2,12315,2463,28,0.1686746987951807,0.2002785790198207,11.368250101502234,0.227,0.6679999999999999,887,166
csf1r,2,rabvs,0.5,0.5000406008932197,12315,6158,138,0.8313253012048193,0.8286526767394873,22.40987333549854,0.796,0.651,912,166
csf1r,2,random_partition,0.5,0.5000406008932197,12315,6158,76,0.4578313253012048,0.4804694183126522,12.341669373173108,0.487,0.673,929,166
csf1r,2,greedy_partition,0.5,0.5000406008932197,12315,6158,156,0.9397590361445783,0.9232945641282411,25.332900292302693,0.805,0.642,913,166
csf1r,2,boba_ucb,0.5,0.5000406008932197,12315,6158,147,0.8855421686746988,0.8744258065914348,23.871386813900617,0.756,0.656,918,166
csf1r,2,uncertainty_partition,0.5,0.5000406008932197,12315,6158,118,0.7108433734939759,0.7268374493446642,19.162065605716144,0.602,0.6799999999999999,908,166
