seed,target,method,pool_size,active_count,active_ratio_pool,queried_total,queried_hits,AUBC,ECE,Brier,EF_0.1pct,EF_1pct,neural_inferences,inference_saved_ratio,hits_per_1000_inferences,mean_pairwise_cosine_distance_at1000,PAINS_Brenk_free_ratio_at1000,unseen_initial_scaffold_hit_rate_at1000,high_score_high_unc_hit_rate,high_score_low_unc_hit_rate,false_confidence_gap,Hit@100,Recall@100,unique_scaffold_count@100,Hit@500,Recall@500,unique_scaffold_count@500,Hit@1000,Recall@1000,unique_scaffold_count@1000
0,aa2ar,greedy_surrogate,32032,482,0.015047452547452548,2560,470,0.8081117021276596,0.004047456637955729,0.0027525686143562524,66.4564315352697,66.4564315352697,256256,0.0,1.830201048951049,0.5616666674613953,0.6859999999999999,0.4650924024640657,0.054307116104868915,0.2421972534332085,0.1878901373283396,100,0.2074688796680498,100,440,0.9128630705394191,499,469,0.9730290456431535,958
0,aa2ar,boba_ucb,32032,482,0.015047452547452548,2560,397,0.7019836272040302,0.005705594453490197,0.0038415890950287733,66.4564315352697,66.4564315352697,4096,0.984015984015984,111.81640625,0.5561795830726624,0.649,0.4524053224155578,0.048064918851435705,0.24719101123595505,0.19912609238451934,100,0.2074688796680498,100,422,0.8755186721991701,498,458,0.950207468879668,962
0,aa2ar,rabvs_budgeted_reliable,32032,482,0.015047452547452548,2560,397,0.7019836272040302,0.005705594453490197,0.0038415890950287733,66.4564315352697,65.2103734439834,4096,0.984015984015984,111.572265625,0.5551561713218689,0.746,0.4527720739219713,0.048064918851435705,0.24719101123595505,0.19912609238451934,100,0.2074688796680498,100,426,0.8838174273858921,498,457,0.9481327800829875,975
0,aa2ar,rabvs_budgeted_no_ucb,32032,482,0.015047452547452548,2560,470,0.8049202127659575,0.003688477435483763,0.002649102580599411,66.4564315352697,65.83340248962655,4096,0.984015984015984,114.501953125,0.5590760111808777,0.778,0.4650924024640657,0.052434456928838954,0.24469413233458176,0.1922596754057428,100,0.2074688796680498,100,437,0.9066390041493776,499,469,0.9730290456431535,982
0,aa2ar,rabvs_budgeted_random_parts,32032,482,0.015047452547452548,2560,336,0.421875,0.0066362374229455194,0.003709631794903578,66.4564315352697,63.96431535269709,4096,0.984015984015984,113.76953125,0.5596276521682739,0.753,0.46343975283213185,0.0780274656679151,0.21910112359550563,0.14107365792759052,100,0.2074688796680498,100,436,0.9045643153526971,500,466,0.966804979253112,979
1,aa2ar,greedy_surrogate,32032,482,0.015047452547452548,2560,471,0.8046709129511678,0.003594428701151385,0.0025191672919299595,66.4564315352697,66.4564315352697,256256,0.0,1.830201048951049,0.5614420175552368,0.673,0.4699170124481328,0.05118601747815231,0.2459425717852684,0.19475655430711608,100,0.2074688796680498,100,441,0.9149377593360996,498,469,0.9730290456431535,956
1,aa2ar,boba_ucb,32032,482,0.015047452547452548,2560,408,0.7306985294117647,0.004157485303942765,0.002829216736250799,66.4564315352697,66.4564315352697,4096,0.984015984015984,112.060546875,0.5588101148605347,0.6679999999999999,0.4604989604989605,0.05056179775280899,0.2459425717852684,0.1953807740324594,100,0.2074688796680498,100,433,0.8983402489626556,495,459,0.9522821576763485,947
1,aa2ar,rabvs_budgeted_reliable,32032,482,0.015047452547452548,2560,408,0.7306985294117647,0.004157485303942765,0.002829216736250799,66.4564315352697,66.4564315352697,4096,0.984015984015984,113.037109375,0.5572795867919922,0.775,0.4622543950361944,0.05056179775280899,0.2459425717852684,0.1953807740324594,100,0.2074688796680498,100,435,0.9024896265560166,499,463,0.9605809128630706,981
1,aa2ar,rabvs_budgeted_no_ucb,32032,482,0.015047452547452548,2560,473,0.7980972515856237,0.0037363589336346682,0.002543078999383483,66.4564315352697,66.248755186722,4096,0.984015984015984,114.501953125,0.5605549812316895,0.769,0.4670103092783505,0.053025577043044295,0.24469413233458176,0.19166855529153748,100,0.2074688796680498,100,439,0.9107883817427386,499,469,0.9730290456431535,982
1,aa2ar,rabvs_budgeted_random_parts,32032,482,0.015047452547452548,2560,265,0.5537735849056604,0.007837152711121575,0.0041195498468075175,66.4564315352697,65.83340248962655,4096,0.984015984015984,110.83984375,0.5718587040901184,0.731,0.4538860103626943,0.1198501872659176,0.1772784019975031,0.057428214731585506,100,0.2074688796680498,100,420,0.8713692946058091,497,454,0.941908713692946,948
2,aa2ar,greedy_surrogate,32032,482,0.015047452547452548,2560,471,0.8049363057324841,0.0038459262760738963,0.002687149609107203,66.4564315352697,66.4564315352697,256256,0.0,1.830201048951049,0.56254643201828,0.687,0.46557040082219936,0.05489706799750468,0.24282147315855182,0.18792440516104714,100,0.2074688796680498,100,435,0.9024896265560166,498,469,0.9730290456431535,955
2,aa2ar,boba_ucb,32032,482,0.015047452547452548,2560,412,0.7099514563106796,0.004600595609868082,0.002969796265561419,66.4564315352697,66.4564315352697,4096,0.984015984015984,112.548828125,0.5618536472320557,0.6659999999999999,0.46018614270941055,0.052434456928838954,0.24344569288389514,0.1910112359550562,100,0.2074688796680498,100,435,0.9024896265560166,499,461,0.9564315352697096,949
2,aa2ar,rabvs_budgeted_reliable,32032,482,0.015047452547452548,2560,412,0.7099514563106796,0.004600595609868082,0.002969796265561419,66.4564315352697,66.04107883817427,4096,0.984015984015984,112.79296875,0.5588973164558411,0.768,0.4607438016528926,0.052434456928838954,0.24344569288389514,0.1910112359550562,100,0.2074688796680498,100,438,0.9087136929460581,499,462,0.9585062240663901,974
2,aa2ar,rabvs_budgeted_no_ucb,32032,482,0.015047452547452548,2560,472,0.7993908898305084,0.0037202758232327137,0.002679314174765447,66.4564315352697,66.04107883817427,4096,0.984015984015984,114.013671875,0.5613405704498291,0.788,0.4606741573033708,0.0599250936329588,0.23845193508114856,0.17852684144818975,100,0.2074688796680498,100,438,0.9087136929460581,499,467,0.9688796680497925,981
2,aa2ar,rabvs_budgeted_random_parts,32032,482,0.015047452547452548,2560,290,0.6239224137931034,0.005968137366088259,0.0036047315447190428,66.4564315352697,66.4564315352697,4096,0.984015984015984,114.2578125,0.5604145526885986,0.758,0.4635897435897436,0.08052434456928839,0.21660424469413234,0.13607990012484394,100,0.2074688796680498,100,423,0.8775933609958506,496,468,0.970954356846473,966
0,abl1,greedy_surrogate,10932,182,0.01664837175265276,2560,178,0.8500702247191011,0.00827998173217733,0.004273089547031721,60.065934065934066,60.065934065934066,87456,0.0,2.023874862788145,0.6180349588394165,0.5449999999999999,0.175,0.07861060329067641,0.2449725776965265,0.1663619744058501,100,0.5494505494505495,100,177,0.9725274725274725,479,177,0.9725274725274725,912
0,abl1,boba_ucb,10932,182,0.01664837175265276,2560,165,0.7924242424242425,0.009319028651832326,0.004729568389988627,60.065934065934066,60.065934065934066,3072,0.964873765093304,57.6171875,0.6155651807785034,0.5589999999999999,0.17770419426048564,0.062157221206581355,0.26142595978062155,0.1992687385740402,100,0.5494505494505495,100,175,0.9615384615384616,472,177,0.9725274725274725,901
0,abl1,rabvs_budgeted_reliable,10932,182,0.01664837175265276,2560,165,0.7924242424242425,0.009319028651832326,0.004729568389988627,60.065934065934066,58.412743220082675,3072,0.964873765093304,57.6171875,0.6043484210968018,0.819,0.17127659574468085,0.062157221206581355,0.26142595978062155,0.1992687385740402,97,0.532967032967033,100,175,0.9615384615384616,489,177,0.9725274725274725,986
0,abl1,rabvs_budgeted_no_ucb,10932,182,0.01664837175265276,2560,179,0.8421787709497207,0.008769100473484545,0.004426829938399781,60.065934065934066,58.96380683536647,3072,0.964873765093304,58.268229166666664,0.6119989156723022,0.806,0.17358892438764642,0.07495429616087751,0.25045703839122485,0.17550274223034734,98,0.5384615384615384,100,177,0.9725274725274725,487,179,0.9835164835164835,982
0,abl1,rabvs_budgeted_random_parts,10932,182,0.01664837175265276,2560,122,0.6885245901639344,0.01912229444282098,0.009617455405873684,60.065934065934066,56.20848875894748,3072,0.964873765093304,57.6171875,0.610996425151825,0.7050000000000001,0.17127659574468085,0.08043875685557587,0.24862888482632542,0.16819012797074956,93,0.510989010989011,100,176,0.967032967032967,487,177,0.9725274725274725,968
1,abl1,greedy_surrogate,10932,182,0.01664837175265276,2560,177,0.8449858757062146,0.00818751092347444,0.004411091531252867,60.065934065934066,58.96380683536647,87456,0.0,2.023874862788145,0.6155756115913391,0.575,0.17349137931034483,0.07312614259597806,0.25045703839122485,0.1773308957952468,100,0.5494505494505495,100,177,0.9725274725274725,480,177,0.9725274725274725,931
1,abl1,boba_ucb,10932,182,0.01664837175265276,2560,162,0.8503086419753086,0.007121557613205163,0.004443494131439899,60.065934065934066,59.51487045065027,3072,0.964873765093304,55.989583333333336,0.6163377165794373,0.5489999999999999,0.16792249730893433,0.051188299817184646,0.26508226691042047,0.21389396709323583,100,0.5494505494505495,100,168,0.9230769230769231,467,172,0.945054945054945,901
1,abl1,rabvs_budgeted_reliable,10932,182,0.01664837175265276,2560,162,0.8503086419753086,0.007121557613205163,0.004443494131439899,60.065934065934066,59.51487045065027,3072,0.964873765093304,55.6640625,0.606560468673706,0.843,0.164021164021164,0.051188299817184646,0.26508226691042047,0.21389396709323583,99,0.5439560439560439,100,169,0.9285714285714286,486,171,0.9395604395604396,983
1,abl1,rabvs_budgeted_no_ucb,10932,182,0.01664837175265276,2560,176,0.8430397727272727,0.007524293866195235,0.004273332814823798,60.065934065934066,58.96380683536647,3072,0.964873765093304,56.966145833333336,0.6051137447357178,0.842,0.16772151898734178,0.07312614259597806,0.24862888482632542,0.17550274223034734,98,0.5384615384615384,100,175,0.9615384615384616,489,175,0.9615384615384616,983
1,abl1,rabvs_budgeted_random_parts,10932,182,0.01664837175265276,2560,57,0.5603070175438597,0.013815036500655636,0.007940759043576676,60.065934065934066,57.31061598951508,3072,0.964873765093304,52.408854166666664,0.616181492805481,0.76,0.15392781316348195,0.13528336380255943,0.1846435100548446,0.049360146252285186,95,0.521978021978022,100,160,0.8791208791208791,489,161,0.8846153846153846,982
2,abl1,greedy_surrogate,10932,182,0.01664837175265276,2560,176,0.8551136363636364,0.007460935940871263,0.004313805047259249,60.065934065934066,60.065934065934066,87456,0.0,2.012440541529455,0.613611102104187,0.5660000000000001,0.1762114537444934,0.06946983546617916,0.2522851919561243,0.18281535648994515,100,0.5494505494505495,100,176,0.967032967032967,482,176,0.967032967032967,922
2,abl1,boba_ucb,10932,182,0.01664837175265276,2560,159,0.8254716981132075,0.00525326506735261,0.003760241872265714,60.065934065934066,60.065934065934066,3072,0.964873765093304,55.013020833333336,0.6144381165504456,0.5449999999999999,0.17037861915367483,0.056672760511883,0.2522851919561243,0.1956124314442413,100,0.5494505494505495,100,168,0.9230769230769231,470,169,0.9285714285714286,895
2,abl1,rabvs_budgeted_reliable,10932,182,0.01664837175265276,2560,159,0.8254716981132075,0.00525326506735261,0.003760241872265714,60.065934065934066,59.51487045065027,3072,0.964873765093304,55.989583333333336,0.6050649881362915,0.864,0.16613418530351437,0.056672760511883,0.2522851919561243,0.1956124314442413,99,0.5439560439560439,100,169,0.9285714285714286,494,172,0.945054945054945,992
2,abl1,rabvs_budgeted_no_ucb,10932,182,0.01664837175265276,2560,176,0.84375,0.006526332836138756,0.003975760084018284,60.065934065934066,58.96380683536647,3072,0.964873765093304,57.291666666666664,0.6077057719230652,0.841,0.17057569296375266,0.06946983546617916,0.25045703839122485,0.1809872029250457,98,0.5384615384615384,100,175,0.9615384615384616,488,176,0.967032967032967,988
2,abl1,rabvs_budgeted_random_parts,10932,182,0.01664837175265276,2560,166,0.43335843373493976,0.007452943670383652,0.005019457300630101,60.065934065934066,59.51487045065027,3072,0.964873765093304,55.989583333333336,0.6103541851043701,0.845,0.16560509554140126,0.10968921389396709,0.20840950639853748,0.09872029250457039,99,0.5439560439560439,100,171,0.9395604395604396,495,172,0.945054945054945,992
0,ace,greedy_surrogate,17182,282,0.016412524735187988,2560,281,0.8709964412811388,0.0013407749980707214,0.0002538703541672637,60.92907801418439,60.92907801418439,137456,0.0,2.044290536608078,0.5751135349273682,0.40800000000000003,0.2846237731733915,0.031395348837209305,0.2956926658905704,0.2642973170533611,100,0.3546099290780142,100,281,0.9964539007092199,470,281,0.9964539007092199,848
0,ace,boba_ucb,17182,282,0.016412524735187988,2560,273,0.8592032967032966,0.0018649728349478326,0.0004906419760253177,60.92907801418439,60.92907801418439,3328,0.9757886159934815,84.43509615384616,0.5677611231803894,0.43200000000000005,0.29292929292929293,0.01744186046511628,0.309662398137369,0.29222053767225276,100,0.3546099290780142,100,279,0.9893617021276596,458,281,0.9964539007092199,825
0,ace,rabvs_budgeted_reliable,17182,282,0.016412524735187988,2560,273,0.8592032967032966,0.0018649728349478326,0.0004906419760253177,60.92907801418439,60.92907801418439,3328,0.9757886159934815,83.53365384615384,0.5700758695602417,0.787,0.2709205020920502,0.01744186046511628,0.309662398137369,0.29222053767225276,100,0.3546099290780142,100,277,0.9822695035460993,496,278,0.9858156028368794,996
0,ace,rabvs_budgeted_no_ucb,17182,282,0.016412524735187988,2560,282,0.867686170212766,0.0014047045553961942,0.00026172203887999627,60.92907801418439,60.92907801418439,3328,0.9757886159934815,84.73557692307693,0.5742905735969543,0.8,0.27377220480668757,0.029069767441860465,0.2980209545983702,0.26895118715650973,100,0.3546099290780142,100,281,0.9964539007092199,498,282,1.0,998
0,ace,rabvs_budgeted_random_parts,17182,282,0.016412524735187988,2560,279,0.4406362007168459,0.0018392093066166417,0.00043354205573768446,60.92907801418439,60.92907801418439,3328,0.9757886159934815,84.43509615384616,0.5773347020149231,0.778,0.27244258872651356,0.08837209302325581,0.23864959254947612,0.15027749952622033,100,0.3546099290780142,100,281,0.9964539007092199,498,281,0.9964539007092199,996
1,ace,greedy_surrogate,17182,282,0.016412524735187988,2560,281,0.8707740213523132,0.0014794043008467094,0.00021527468444456388,60.92907801418439,60.92907801418439,137456,0.0,2.044290536608078,0.580476701259613,0.41400000000000003,0.2943820224719101,0.029069767441860465,0.2980209545983702,0.26895118715650973,100,0.3546099290780142,100,281,0.9964539007092199,473,281,0.9964539007092199,848
1,ace,boba_ucb,17182,282,0.016412524735187988,2560,273,0.8704212454212454,0.00300425339592132,0.000621024358168183,60.92907801418439,60.92907801418439,3328,0.9757886159934815,84.73557692307693,0.5752484798431396,0.43300000000000005,0.29717514124293787,0.01627906976744186,0.3119906868451688,0.2957116170777269,100,0.3546099290780142,100,281,0.9964539007092199,475,282,1.0,852
1,ace,rabvs_budgeted_reliable,17182,282,0.016412524735187988,2560,273,0.8704212454212454,0.00300425339592132,0.000621024358168183,60.92907801418439,60.92907801418439,3328,0.9757886159934815,84.43509615384616,0.5770800113677979,0.766,0.2754994742376446,0.01627906976744186,0.3119906868451688,0.2957116170777269,100,0.3546099290780142,100,281,0.9964539007092199,495,281,0.9964539007092199,995
1,ace,rabvs_budgeted_no_ucb,17182,282,0.016412524735187988,2560,280,0.8714285714285714,0.001480697723417318,0.0002666332312425748,60.92907801418439,60.92907801418439,3328,0.9757886159934815,84.13461538461539,0.5745070576667786,0.7989999999999999,0.2721584984358707,0.022093023255813953,0.3050058207217695,0.28291279746595555,100,0.3546099290780142,100,280,0.9929078014184397,497,280,0.9929078014184397,997
1,ace,rabvs_budgeted_random_parts,17182,282,0.016412524735187988,2560,203,0.7102832512315271,0.0025683201364620676,0.0006896790300106214,60.92907801418439,60.92907801418439,3328,0.9757886159934815,84.43509615384616,0.5759060382843018,0.778,0.27348643006263046,0.03953488372093023,0.28837209302325584,0.2488372093023256,100,0.3546099290780142,100,281,0.9964539007092199,493,281,0.9964539007092199,993
2,ace,greedy_surrogate,17182,282,0.016412524735187988,2560,281,0.8716637010676157,0.0013403944141142578,0.00022960055753103785,60.92907801418439,60.92907801418439,137456,0.0,2.044290536608078,0.5774627327919006,0.44099999999999995,0.2884187082405345,0.029069767441860465,0.2980209545983702,0.26895118715650973,100,0.3546099290780142,100,281,0.9964539007092199,470,281,0.9964539007092199,856
2,ace,boba_ucb,17182,282,0.016412524735187988,2560,275,0.8545454545454545,0.0026816037333431734,0.0005119405475365752,60.92907801418439,60.92907801418439,3328,0.9757886159934815,84.43509615384616,0.5710293054580688,0.44199999999999995,0.2890625,0.015116279069767442,0.3119906868451688,0.29687440777540136,100,0.3546099290780142,100,280,0.9929078014184397,468,281,0.9964539007092199,844
2,ace,rabvs_budgeted_reliable,17182,282,0.016412524735187988,2560,275,0.8545454545454545,0.0026816037333431734,0.0005119405475365752,60.92907801418439,60.92907801418439,3328,0.9757886159934815,84.13461538461539,0.5737163424491882,0.776,0.2723449001051525,0.015116279069767442,0.3119906868451688,0.29687440777540136,100,0.3546099290780142,100,280,0.9929078014184397,491,280,0.9929078014184397,990
2,ace,rabvs_budgeted_no_ucb,17182,282,0.016412524735187988,2560,282,0.8692375886524822,0.0019306840165326106,0.00025621745643257955,60.92907801418439,60.92907801418439,3328,0.9757886159934815,84.73557692307693,0.573880136013031,0.788,0.2716823406478579,0.02668213457076566,0.30221703617269546,0.2755349016019298,100,0.3546099290780142,100,282,1.0,495,282,1.0,995
2,ace,rabvs_budgeted_random_parts,17182,282,0.016412524735187988,2560,205,0.3823170731707317,0.0025240048389730497,0.0005086208150343398,60.92907801418439,60.92907801418439,3328,0.9757886159934815,84.73557692307693,0.5769794583320618,0.772,0.27225130890052357,0.07209302325581396,0.2561117578579744,0.18401873460216045,100,0.3546099290780142,100,281,0.9964539007092199,496,282,1.0,996
0,aces,greedy_surrogate,26703,453,0.016964386024042242,2560,429,0.7805944055944056,0.005401925281002296,0.004247721741555235,58.94701986754967,58.7262445122405,213624,0.0,1.9754334718945439,0.5993705987930298,0.32399999999999995,0.4264705882352941,0.0688622754491018,0.25692883895131086,0.18806656350220907,100,0.22075055187637968,100,395,0.8719646799116998,492,422,0.9315673289183223,929
0,aces,boba_ucb,26703,453,0.016964386024042242,2560,351,0.7272079772079773,0.005599112503213626,0.00493560017213244,58.94701986754967,58.94701986754967,3840,0.9820244916301539,104.42708333333334,0.6093010306358337,0.365,0.410010649627263,0.06212574850299401,0.2531835205992509,0.1910577720962569,100,0.22075055187637968,100,376,0.8300220750551877,491,401,0.8852097130242825,933
0,aces,rabvs_budgeted_reliable,26703,453,0.016964386024042242,2560,351,0.7272079772079773,0.005599112503213626,0.00493560017213244,58.94701986754967,58.28469380162215,3840,0.9820244916301539,104.42708333333334,0.6064714193344116,0.517,0.4027196652719665,0.06212574850299401,0.2531835205992509,0.1910577720962569,98,0.2163355408388521,100,374,0.82560706401766,497,401,0.8852097130242825,971
0,aces,rabvs_budgeted_no_ucb,26703,453,0.016964386024042242,2560,425,0.7917647058823529,0.00538286654438211,0.004225056952428717,58.94701986754967,58.7262445122405,3840,0.9820244916301539,110.15625,0.5985976457595825,0.473,0.42351716961498437,0.0688622754491018,0.2546816479400749,0.18581937249097313,99,0.2185430463576159,100,400,0.8830022075055187,496,423,0.9337748344370861,965
0,aces,rabvs_budgeted_random_parts,26703,453,0.016964386024042242,2560,350,0.6285714285714286,0.0060520867689691045,0.0051786666463159246,58.94701986754967,58.7262445122405,3840,0.9820244916301539,105.20833333333333,0.6058302521705627,0.45999999999999996,0.40822784810126583,0.06811377245508982,0.24569288389513108,0.17757911144004127,100,0.22075055187637968,100,384,0.847682119205298,494,404,0.891832229580574,962
1,aces,greedy_surrogate,26703,453,0.016964386024042242,2560,429,0.7851107226107226,0.005217702857640813,0.004026859805017716,58.94701986754967,58.94701986754967,213624,0.0,1.9941579597798003,0.5968071818351746,0.32099999999999995,0.4305263157894737,0.06062874251497006,0.2644194756554307,0.20379073314046067,100,0.22075055187637968,100,398,0.8785871964679912,487,426,0.9403973509933775,923
1,aces,boba_ucb,26703,453,0.016964386024042242,2560,331,0.7956948640483383,0.004230088937091841,0.004726690016539316,58.94701986754967,58.94701986754967,3840,0.9820244916301539,104.6875,0.6028662323951721,0.352,0.4052631578947368,0.07709580838323353,0.24344569288389514,0.16634988450066163,100,0.22075055187637968,100,376,0.8300220750551877,486,402,0.8874172185430463,925
1,aces,rabvs_budgeted_reliable,26703,453,0.016964386024042242,2560,331,0.7956948640483383,0.004230088937091841,0.004726690016539316,58.94701986754967,58.94701986754967,3840,0.9820244916301539,104.6875,0.5995069742202759,0.516,0.3973168214654283,0.07709580838323353,0.24344569288389514,0.16634988450066163,100,0.22075055187637968,100,377,0.8322295805739515,490,402,0.8874172185430463,966
1,aces,rabvs_budgeted_no_ucb,26703,453,0.016964386024042242,2560,425,0.7898529411764705,0.005336061919442527,0.004021363229825425,58.94701986754967,58.28469380162215,3840,0.9820244916301539,109.89583333333333,0.5954341292381287,0.471,0.42203742203742206,0.058383233532934134,0.26646706586826346,0.20808383233532934,97,0.2141280353200883,100,402,0.8874172185430463,498,422,0.9315673289183223,963
1,aces,rabvs_budgeted_random_parts,26703,453,0.016964386024042242,2560,307,0.5419381107491856,0.007849914159786005,0.0060027899649001265,58.94701986754967,58.50546915693132,3840,0.9820244916301539,103.90625,0.6076194047927856,0.46799999999999997,0.39667705088265837,0.12341062079281974,0.19640179910044978,0.07299117830763004,100,0.22075055187637968,100,367,0.8101545253863135,495,399,0.8807947019867549,943
2,aces,greedy_surrogate,26703,453,0.016964386024042242,2560,429,0.7883158508158508,0.005601107887676822,0.004191872241633784,58.94701986754967,58.94701986754967,213624,0.0,1.9754334718945439,0.5997754335403442,0.32399999999999995,0.42962962962962964,0.06212574850299401,0.2636704119850187,0.2015446634820247,100,0.22075055187637968,100,399,0.8807947019867549,491,422,0.9315673289183223,922
2,aces,boba_ucb,26703,453,0.016964386024042242,2560,358,0.7543645251396648,0.008301863431221797,0.0053110726358782945,58.94701986754967,58.7262445122405,3840,0.9820244916301539,107.8125,0.5916157364845276,0.394,0.4154488517745303,0.06811377245508982,0.2591760299625468,0.19106225750745698,100,0.22075055187637968,100,377,0.8322295805739515,489,414,0.9139072847682119,940
2,aces,rabvs_budgeted_reliable,26703,453,0.016964386024042242,2560,358,0.7543645251396648,0.008301863431221797,0.0053110726358782945,58.94701986754967,58.94701986754967,3840,0.9820244916301539,107.29166666666666,0.5918979048728943,0.505,0.4095139607032058,0.06811377245508982,0.2591760299625468,0.19106225750745698,100,0.22075055187637968,100,380,0.8388520971302428,494,412,0.9094922737306843,969
2,aces,rabvs_budgeted_no_ucb,26703,453,0.016964386024042242,2560,423,0.7934397163120568,0.005982580278345288,0.004294081941141856,58.94701986754967,58.50546915693132,3840,0.9820244916301539,109.63541666666667,0.597832441329956,0.49,0.4192546583850932,0.05913173652694611,0.2636704119850187,0.2045386754580726,98,0.2163355408388521,100,396,0.8741721854304636,497,421,0.9293598233995585,969
2,aces,rabvs_budgeted_random_parts,26703,453,0.016964386024042242,2560,268,0.722481343283582,0.009850945337473806,0.006594328335320855,58.94701986754967,58.50546915693132,3840,0.9820244916301539,107.03125,0.6010645627975464,0.42400000000000004,0.4164904862579281,0.10404191616766467,0.22172284644194756,0.11768093027428289,98,0.2163355408388521,100,376,0.8300220750551877,483,411,0.9072847682119205,929
0,ada,greedy_surrogate,5543,93,0.016777918094894463,2560,93,0.8676075268817204,0.0021715048318839605,0.0001554467752060549,59.6021505376344,59.6021505376344,44344,0.0,2.097239761861808,0.6557399034500122,0.493,0.07063711911357341,0.01079136690647482,0.3249097472924188,0.314118380385944,93,1.0,50,93,1.0,392,93,1.0,739
0,ada,boba_ucb,5543,93,0.016777918094894463,2560,93,0.8716397849462365,0.0026426672673392298,0.00020684116017747874,59.6021505376344,59.6021505376344,2781,0.9372857658307776,33.441208198489754,0.6536827683448792,0.505,0.07044198895027624,0.007194244604316547,0.3285198555956679,0.3213256109913513,93,1.0,50,93,1.0,384,93,1.0,738
0,ada,rabvs_budgeted_reliable,5543,93,0.016777918094894463,2560,93,0.8716397849462365,0.0026426672673392298,0.00020684116017747874,59.6021505376344,59.6021505376344,2781,0.9372857658307776,33.441208198489754,0.6613718271255493,0.9410000000000001,0.06007067137809187,0.007194244604316547,0.3285198555956679,0.3213256109913513,93,1.0,50,93,1.0,449,93,1.0,949
0,ada,rabvs_budgeted_no_ucb,5543,93,0.016777918094894463,2560,93,0.8716397849462365,0.0023720727667565136,0.00016142045204890735,59.6021505376344,59.6021505376344,2781,0.9372857658307776,33.441208198489754,0.6593082547187805,0.94,0.059718969555035126,0.01079136690647482,0.3249097472924188,0.314118380385944,93,1.0,50,93,1.0,449,93,1.0,949
0,ada,rabvs_budgeted_random_parts,5543,93,0.016777918094894463,2560,73,0.6823630136986302,0.0025804729201269576,0.0005255310236397519,59.6021505376344,59.6021505376344,2781,0.9372857658307776,32.72204243078029,0.661698043346405,0.9390000000000001,0.057919621749408984,0.06474820143884892,0.27075812274368233,0.20600992130483342,91,0.978494623655914,52,91,0.978494623655914,452,91,0.978494623655914,952
1,ada,greedy_surrogate,5543,93,0.016777918094894463,2560,93,0.8676075268817204,0.001949144128795091,0.00013704169948326568,59.6021505376344,59.6021505376344,44344,0.0,2.097239761861808,0.6573049426078796,0.495,0.06155950752393981,0.01079136690647482,0.3249097472924188,0.314118380385944,93,1.0,50,93,1.0,383,93,1.0,737
1,ada,boba_ucb,5543,93,0.016777918094894463,2560,92,0.875,0.0015687092492707104,0.00024464892704311657,59.6021505376344,59.6021505376344,2781,0.9372857658307776,33.081625314635026,0.6551766991615295,0.505,0.061196105702364396,0.0,0.33212996389891697,0.33212996389891697,92,0.989247311827957,50,92,0.989247311827957,372,92,0.989247311827957,719
1,ada,rabvs_budgeted_reliable,5543,93,0.016777918094894463,2560,92,0.875,0.0015687092492707104,0.00024464892704311657,59.6021505376344,59.6021505376344,2781,0.9372857658307776,33.081625314635026,0.6625493764877319,0.945,0.05263157894736842,0.0,0.33212996389891697,0.33212996389891697,92,0.989247311827957,50,92,0.989247311827957,450,92,0.989247311827957,950
1,ada,rabvs_budgeted_no_ucb,5543,93,0.016777918094894463,2560,93,0.8729838709677419,0.002240076709130817,0.00015722662463126815,59.6021505376344,59.6021505376344,2781,0.9372857658307776,33.441208198489754,0.660722017288208,0.942,0.05269320843091335,0.007194244604316547,0.3285198555956679,0.3213256109913513,93,1.0,50,93,1.0,450,93,1.0,950
1,ada,rabvs_budgeted_random_parts,5543,93,0.016777918094894463,2560,42,0.5952380952380952,0.0026306296985825557,0.00043076172059743225,59.6021505376344,59.6021505376344,2781,0.9372857658307776,26.24955052139518,0.6626786589622498,0.951,0.039285714285714285,0.17266187050359713,0.1624548736462094,-0.01020699685738774,73,0.7849462365591398,63,73,0.7849462365591398,463,73,0.7849462365591398,963
2,ada,greedy_surrogate,5543,93,0.016777918094894463,2560,93,0.8676075268817204,0.002279265557843608,0.0001784685915514854,59.6021505376344,59.6021505376344,44344,0.0,2.097239761861808,0.6561571955680847,0.483,0.0625,0.01079136690647482,0.3249097472924188,0.314118380385944,93,1.0,50,93,1.0,391,93,1.0,739
2,ada,boba_ucb,5543,93,0.016777918094894463,2560,92,0.875,0.0018638499152258136,0.00027025032522052644,59.6021505376344,59.6021505376344,2781,0.9372857658307776,33.081625314635026,0.6573805809020996,0.512,0.06312769010043041,0.007194244604316547,0.3249097472924188,0.3177155026881022,92,0.989247311827957,50,92,0.989247311827957,358,92,0.989247311827957,714
2,ada,rabvs_budgeted_reliable,5543,93,0.016777918094894463,2560,92,0.875,0.0018638499152258136,0.00027025032522052644,59.6021505376344,59.6021505376344,2781,0.9372857658307776,33.081625314635026,0.6625463366508484,0.945,0.05301204819277108,0.007194244604316547,0.3249097472924188,0.3177155026881022,92,0.989247311827957,50,92,0.989247311827957,450,92,0.989247311827957,950
2,ada,rabvs_budgeted_no_ucb,5543,93,0.016777918094894463,2560,93,0.8716397849462365,0.002496587260123746,0.00019421067746970612,59.6021505376344,59.6021505376344,2781,0.9372857658307776,33.441208198489754,0.6590258479118347,0.9410000000000001,0.0535077288941736,0.01079136690647482,0.3249097472924188,0.314118380385944,93,1.0,50,93,1.0,449,93,1.0,949
2,ada,rabvs_budgeted_random_parts,5543,93,0.016777918094894463,2560,71,0.49295774647887325,0.003274836113238981,0.000273872116563061,59.6021505376344,59.6021505376344,2781,0.9372857658307776,31.643293779216112,0.6618133187294006,0.944,0.04819277108433735,0.09352517985611511,0.24187725631768953,0.14835207646157442,88,0.946236559139785,52,88,0.946236559139785,450,88,0.946236559139785,950
0,ada17,greedy_surrogate,36432,532,0.014602547211242864,2560,528,0.8127367424242424,0.0030776652330548947,0.0013861109685537798,68.4812030075188,68.4812030075188,291456,0.0,1.8115942028985508,0.5179432034492493,0.23099999999999998,0.5221421215242018,0.03402854006586169,0.25631174533479695,0.22228320526893525,100,0.18796992481203006,100,488,0.9172932330827067,500,528,0.9924812030075187,926
0,ada17,boba_ucb,36432,532,0.014602547211242864,2560,416,0.7346754807692307,0.004469488542699084,0.0019430441776716772,68.4812030075188,68.4812030075188,4352,0.9850680720245938,119.48529411764706,0.512678861618042,0.242,0.5197916666666667,0.033479692645444564,0.25686059275521406,0.2233809001097695,100,0.18796992481203006,100,485,0.9116541353383458,500,520,0.9774436090225563,909
0,ada17,rabvs_budgeted_reliable,36432,532,0.014602547211242864,2560,416,0.7346754807692307,0.004469488542699084,0.0019430441776716772,68.4812030075188,68.4812030075188,4352,0.9850680720245938,119.02573529411764,0.5097883939743042,0.355,0.5092213114754098,0.033479692645444564,0.25686059275521406,0.2233809001097695,100,0.18796992481203006,100,484,0.9097744360902256,500,518,0.9736842105263158,955
0,ada17,rabvs_budgeted_no_ucb,36432,532,0.014602547211242864,2560,528,0.8051609848484849,0.003083939104738047,0.0013759286523832971,66.57894736842105,68.29306783442122,4352,0.9850680720245938,120.86397058823529,0.5173342227935791,0.375,0.5179119754350051,0.031833150384193196,0.25905598243688255,0.22722283205268934,99,0.18609022556390978,100,486,0.9135338345864662,500,526,0.9887218045112782,971
0,ada17,rabvs_budgeted_random_parts,36432,532,0.014602547211242864,2560,344,0.5256177325581395,0.010458910991552819,0.005482727663410957,39.94736842105263,65.47104023795754,4352,0.9850680720245938,120.86397058823529,0.518068253993988,0.33599999999999997,0.5200823892893924,0.02579582875960483,0.2650933040614709,0.23929747530186607,85,0.15977443609022557,99,450,0.8458646616541353,484,526,0.9887218045112782,890
1,ada17,greedy_surrogate,36432,532,0.014602547211242864,2560,528,0.8027935606060606,0.003171591056649014,0.0014704890515352693,68.4812030075188,68.4812030075188,291456,0.0,1.808163153271849,0.5177211165428162,0.24,0.5280665280665281,0.03677277716794731,0.2535675082327113,0.216794731064764,100,0.18796992481203006,100,486,0.9135338345864662,500,527,0.9906015037593985,928
1,ada17,boba_ucb,36432,532,0.014602547211242864,2560,405,0.8001543209876543,0.0028322337165430935,0.0018381612155547837,68.4812030075188,68.29306783442122,4352,0.9850680720245938,118.10661764705883,0.5130521655082703,0.21799999999999997,0.5205047318611987,0.0405924300603401,0.2487644151565074,0.2081719850961673,100,0.18796992481203006,100,480,0.9022556390977443,500,514,0.9661654135338346,937
1,ada17,rabvs_budgeted_reliable,36432,532,0.014602547211242864,2560,405,0.8001543209876543,0.0028322337165430935,0.0018381612155547837,66.57894736842105,68.29306783442122,4352,0.9850680720245938,118.33639705882352,0.5121874809265137,0.379,0.5118679050567595,0.0405924300603401,0.2487644151565074,0.2081719850961673,99,0.18609022556390978,100,481,0.9041353383458647,500,515,0.9680451127819549,979
1,ada17,rabvs_budgeted_no_ucb,36432,532,0.014602547211242864,2560,527,0.8041982922201139,0.0031604257525468327,0.0014819589793646543,68.4812030075188,68.4812030075188,4352,0.9850680720245938,120.6341911764706,0.5162582993507385,0.37,0.5211122554067971,0.03732162458836443,0.2524698133918771,0.21514818880351264,100,0.18796992481203006,100,485,0.9116541353383458,500,525,0.9868421052631579,970
1,ada17,rabvs_budgeted_random_parts,36432,532,0.014602547211242864,2560,283,0.29814487632508835,0.0015414900621139626,0.002158823784693021,68.4812030075188,68.29306783442122,4352,0.9850680720245938,115.11948529411764,0.5125722289085388,0.44499999999999995,0.4984488107549121,0.11031833150384193,0.17672886937431395,0.06641053787047202,100,0.18796992481203006,100,468,0.8796992481203008,498,501,0.9417293233082706,978
2,ada17,greedy_surrogate,36432,532,0.014602547211242864,2560,527,0.7985056925996205,0.002214737755012747,0.001203619925733039,68.4812030075188,68.4812030075188,291456,0.0,1.804732103645147,0.5173361301422119,0.236,0.5302713987473904,0.03787047200878156,0.2524698133918771,0.2145993413830955,100,0.18796992481203006,100,490,0.9210526315789473,500,526,0.9887218045112782,926
2,ada17,boba_ucb,36432,532,0.014602547211242864,2560,396,0.7673611111111112,0.0027227627510320444,0.0017121902396328489,68.4812030075188,68.29306783442122,4352,0.9850680720245938,119.25551470588236,0.5155628323554993,0.22799999999999998,0.5279241306638567,0.041163556531284305,0.24807903402854006,0.20691547749725575,100,0.18796992481203006,100,481,0.9041353383458647,498,519,0.9755639097744361,918
2,ada17,rabvs_budgeted_reliable,36432,532,0.014602547211242864,2560,396,0.7673611111111112,0.0027227627510320444,0.0017121902396328489,66.57894736842105,68.29306783442122,4352,0.9850680720245938,118.10661764705883,0.5130730271339417,0.399,0.5155925155925156,0.041163556531284305,0.24807903402854006,0.20691547749725575,99,0.18609022556390978,100,481,0.9041353383458647,499,514,0.9661654135338346,978
2,ada17,rabvs_budgeted_no_ucb,36432,532,0.014602547211242864,2560,528,0.7971117424242424,0.0028889428497817925,0.0012326546950831713,68.4812030075188,68.4812030075188,4352,0.9850680720245938,120.6341911764706,0.5162873864173889,0.389,0.5243019648397105,0.03402854006586169,0.2557628979143798,0.22173435784851808,100,0.18796992481203006,100,490,0.9210526315789473,500,525,0.9868421052631579,975
2,ada17,rabvs_budgeted_random_parts,36432,532,0.014602547211242864,2560,342,0.5935672514619883,0.004417440556478493,0.001981226785582721,66.57894736842105,68.29306783442122,4352,0.9850680720245938,119.25551470588236,0.5049822330474854,0.345,0.5207900207900208,0.042810098792535674,0.24698133918770582,0.20417124039517015,99,0.18609022556390978,100,485,0.9116541353383458,500,519,0.9755639097744361,965
0,adrb1,greedy_surrogate,16097,247,0.015344474125613468,2560,243,0.8307613168724279,0.003659086445499681,0.0015230850935554602,65.17004048582996,65.17004048582996,128776,0.0,1.8869975771882959,0.6066944003105164,0.391,0.26218097447795824,0.04472049689440994,0.25838509316770186,0.21366459627329193,100,0.4048582995951417,100,241,0.9757085020242915,454,243,0.9838056680161943,826
0,adrb1,boba_ucb,16097,247,0.015344474125613468,2560,223,0.8615470852017937,0.0016345843340999622,0.001472585456608161,65.17004048582996,65.17004048582996,3328,0.9741566751568616,71.51442307692307,0.607024610042572,0.365,0.2569767441860465,0.03229813664596273,0.2670807453416149,0.23478260869565218,100,0.4048582995951417,100,235,0.951417004048583,458,238,0.9635627530364372,814
0,adrb1,rabvs_budgeted_reliable,16097,247,0.015344474125613468,2560,223,0.8615470852017937,0.0016345843340999622,0.001472585456608161,65.17004048582996,65.17004048582996,3328,0.9741566751568616,71.2139423076923,0.6034418940544128,0.8029999999999999,0.22916666666666666,0.03229813664596273,0.2670807453416149,0.23478260869565218,100,0.4048582995951417,100,235,0.951417004048583,496,237,0.9595141700404858,996
0,adrb1,rabvs_budgeted_no_ucb,16097,247,0.015344474125613468,2560,244,0.8383709016393442,0.004044836867849122,0.0014413232582725613,65.17004048582996,65.17004048582996,3328,0.9741566751568616,73.3173076923077,0.6102386116981506,0.738,0.2386961093585699,0.04472049689440994,0.2571428571428571,0.21242236024844718,100,0.4048582995951417,100,243,0.9838056680161943,490,244,0.9878542510121457,987
0,adrb1,rabvs_budgeted_random_parts,16097,247,0.015344474125613468,2560,189,0.7311507936507936,0.0040378918167698645,0.001684927379098874,65.17004048582996,65.17004048582996,3328,0.9741566751568616,71.51442307692307,0.5999770760536194,0.751,0.23312236286919832,0.0546583850931677,0.24596273291925466,0.19130434782608696,100,0.4048582995951417,100,234,0.9473684210526315,487,238,0.9635627530364372,987
1,adrb1,greedy_surrogate,16097,247,0.015344474125613468,2560,245,0.8471938775510204,0.004288778265782693,0.001450030590171416,65.17004048582996,65.17004048582996,128776,0.0,1.8947629993166428,0.6064858436584473,0.39,0.26036866359447003,0.05217391304347826,0.25217391304347825,0.19999999999999998,100,0.4048582995951417,100,244,0.9878542510121457,464,244,0.9878542510121457,833
1,adrb1,boba_ucb,16097,247,0.015344474125613468,2560,220,0.8576704545454545,0.004532429210716244,0.0015694716678288463,65.17004048582996,65.17004048582996,3328,0.9741566751568616,72.71634615384616,0.6005081534385681,0.391,0.251685393258427,0.03975155279503106,0.26211180124223604,0.22236024844720498,100,0.4048582995951417,100,240,0.97165991902834,467,242,0.979757085020243,850
1,adrb1,rabvs_budgeted_reliable,16097,247,0.015344474125613468,2560,220,0.8576704545454545,0.004532429210716244,0.0015694716678288463,65.17004048582996,65.17004048582996,3328,0.9741566751568616,72.11538461538461,0.5989170074462891,0.751,0.2330198537095089,0.03975155279503106,0.26211180124223604,0.22236024844720498,100,0.4048582995951417,100,238,0.9635627530364372,495,240,0.97165991902834,992
1,adrb1,rabvs_budgeted_no_ucb,16097,247,0.015344474125613468,2560,246,0.845020325203252,0.004314098588429031,0.0015343691420209797,65.17004048582996,65.17004048582996,3328,0.9741566751568616,73.91826923076923,0.6101362705230713,0.738,0.24076029567053855,0.05093167701863354,0.25217391304347825,0.2012422360248447,100,0.4048582995951417,100,244,0.9878542510121457,491,246,0.9959514170040485,988
1,adrb1,rabvs_budgeted_random_parts,16097,247,0.015344474125613468,2560,193,0.5790155440414507,0.004666535372726625,0.0018023844080059725,65.17004048582996,65.17004048582996,3328,0.9741566751568616,72.41586538461539,0.5943694710731506,0.737,0.23277661795407098,0.055900621118012424,0.24472049689440994,0.18881987577639753,100,0.4048582995951417,100,238,0.9635627530364372,494,241,0.9757085020242915,992
2,adrb1,greedy_surrogate,16097,247,0.015344474125613468,2560,244,0.8376024590163934,0.0035528653516835353,0.001364441212172994,65.17004048582996,65.17004048582996,128776,0.0,1.8869975771882959,0.6018249988555908,0.368,0.26036866359447003,0.04596273291925466,0.2571428571428571,0.21118012422360247,100,0.4048582995951417,100,242,0.979757085020243,460,243,0.9838056680161943,827
2,adrb1,boba_ucb,16097,247,0.015344474125613468,2560,225,0.8625,0.002253833404308569,0.0017165315160318066,65.17004048582996,65.17004048582996,3328,0.9741566751568616,70.3125,0.5985773205757141,0.398,0.2543962485345838,0.03229813664596273,0.2645962732919255,0.23229813664596274,100,0.4048582995951417,100,229,0.9271255060728745,456,234,0.9473684210526315,820
2,adrb1,rabvs_budgeted_reliable,16097,247,0.015344474125613468,2560,225,0.8625,0.002253833404308569,0.0017165315160318066,65.17004048582996,65.17004048582996,3328,0.9741566751568616,70.61298076923077,0.6001234650611877,0.784,0.22827225130890053,0.03229813664596273,0.2645962732919255,0.23229813664596274,100,0.4048582995951417,100,229,0.9271255060728745,496,235,0.951417004048583,995
2,adrb1,rabvs_budgeted_no_ucb,16097,247,0.015344474125613468,2560,242,0.8427169421487604,0.003501762954871152,0.0012810919530414444,65.17004048582996,65.17004048582996,3328,0.9741566751568616,72.41586538461539,0.5988507270812988,0.761,0.23603793466807166,0.04720496894409938,0.253416149068323,0.20621118012422363,100,0.4048582995951417,100,239,0.9676113360323887,497,241,0.9757085020242915,994
2,adrb1,rabvs_budgeted_random_parts,16097,247,0.015344474125613468,2560,170,0.7988970588235295,0.00482791919372456,0.0017040865868259865,65.17004048582996,65.17004048582996,3328,0.9741566751568616,72.71634615384616,0.5986413955688477,0.727,0.23535564853556484,0.08188585607940446,0.21987577639751552,0.13798992031811105,100,0.4048582995951417,100,238,0.9635627530364372,493,242,0.979757085020243,990
0,adrb2,greedy_surrogate,15231,231,0.015166436872168603,2560,228,0.8541666666666666,0.005069470050456494,0.0019001906431155254,65.93506493506494,65.93506493506494,121848,0.0,1.8629768235834812,0.6184308528900146,0.396,0.23684210526315788,0.06036745406824147,0.23753280839895013,0.17716535433070868,100,0.4329004329004329,100,227,0.9826839826839827,459,227,0.9826839826839827,831
0,adrb2,boba_ucb,15231,231,0.015166436872168603,2560,209,0.8525717703349283,0.00332972595533452,0.001941579574157893,65.93506493506494,65.93506493506494,3328,0.9726872825159215,67.00721153846153,0.6244592666625977,0.405,0.23577235772357724,0.05249343832020997,0.24540682414698162,0.19291338582677164,100,0.4329004329004329,100,221,0.9567099567099567,454,223,0.9653679653679653,824
0,adrb2,rabvs_budgeted_reliable,15231,231,0.015166436872168603,2560,209,0.8525717703349283,0.00332972595533452,0.001941579574157893,65.93506493506494,65.93506493506494,3328,0.9726872825159215,66.40625,0.6176143884658813,0.785,0.21337579617834396,0.05249343832020997,0.24540682414698162,0.19291338582677164,100,0.4329004329004329,100,219,0.948051948051948,489,221,0.9567099567099567,988
0,adrb2,rabvs_budgeted_no_ucb,15231,231,0.015166436872168603,2560,228,0.8478618421052632,0.006280673793900313,0.0020353064118765365,65.93506493506494,65.93506493506494,3328,0.9726872825159215,68.50961538461539,0.6133736968040466,0.724,0.22269807280513917,0.05249343832020997,0.24671916010498687,0.1942257217847769,100,0.4329004329004329,100,228,0.987012987012987,484,228,0.987012987012987,978
0,adrb2,rabvs_budgeted_random_parts,15231,231,0.015166436872168603,2560,88,0.4794034090909091,0.005735613380923116,0.003732780664425451,65.93506493506494,64.63371496924128,3328,0.9726872825159215,60.09615384615385,0.6373842358589172,0.738,0.1941747572815534,0.2047244094488189,0.09055118110236221,-0.11417322834645668,100,0.4329004329004329,100,199,0.8614718614718615,462,200,0.8658008658008658,955
1,adrb2,greedy_surrogate,15231,231,0.015166436872168603,2560,227,0.8515969162995595,0.004185685364783839,0.0017280458114987424,65.93506493506494,65.93506493506494,121848,0.0,1.8547698772240824,0.6078125834465027,0.397,0.2400932400932401,0.05643044619422572,0.24015748031496062,0.1837270341207349,100,0.4329004329004329,100,226,0.9783549783549783,463,226,0.9783549783549783,832
1,adrb2,boba_ucb,15231,231,0.015166436872168603,2560,216,0.8674768518518519,0.003967342256728604,0.0018760123826619692,65.93506493506494,65.93506493506494,3328,0.9726872825159215,66.70673076923077,0.6126316785812378,0.387,0.24162679425837322,0.028871391076115485,0.2650918635170604,0.2362204724409449,100,0.4329004329004329,100,221,0.9567099567099567,441,222,0.961038961038961,796
1,adrb2,rabvs_budgeted_reliable,15231,231,0.015166436872168603,2560,216,0.8674768518518519,0.003967342256728604,0.0018760123826619692,65.93506493506494,65.93506493506494,3328,0.9726872825159215,66.70673076923077,0.6076344847679138,0.771,0.2142099681866384,0.028871391076115485,0.2650918635170604,0.2362204724409449,100,0.4329004329004329,100,221,0.9567099567099567,482,222,0.961038961038961,979
1,adrb2,rabvs_budgeted_no_ucb,15231,231,0.015166436872168603,2560,226,0.8531526548672567,0.004544987064806682,0.0017996275414643719,65.93506493506494,65.93506493506494,3328,0.9726872825159215,68.20913461538461,0.6071478724479675,0.744,0.21789473684210525,0.05249343832020997,0.24540682414698162,0.19291338582677164,100,0.4329004329004329,100,226,0.9783549783549783,488,227,0.9826839826839827,985
1,adrb2,rabvs_budgeted_random_parts,15231,231,0.015166436872168603,2560,194,0.6684922680412371,0.007574581016059122,0.0034858407671096497,65.93506493506494,65.93506493506494,3328,0.9726872825159215,67.3076923076923,0.6211110353469849,0.726,0.2217391304347826,0.06824146981627296,0.22965879265091863,0.16141732283464566,100,0.4329004329004329,100,223,0.9653679653679653,461,224,0.9696969696969697,953
2,adrb2,greedy_surrogate,15231,231,0.015166436872168603,2560,227,0.8411343612334802,0.005079492994556674,0.0017527771511347933,65.93506493506494,65.93506493506494,121848,0.0,1.8629768235834812,0.6197280883789062,0.394,0.24501758499413834,0.051181102362204724,0.24671916010498687,0.19553805774278216,100,0.4329004329004329,100,227,0.9826839826839827,443,227,0.9826839826839827,812
2,adrb2,boba_ucb,15231,231,0.015166436872168603,2560,218,0.8334288990825688,0.0046932097100817645,0.001830305905605918,65.93506493506494,65.93506493506494,3328,0.9726872825159215,67.00721153846153,0.5961084365844727,0.405,0.24818401937046006,0.031496062992125984,0.2637795275590551,0.2322834645669291,100,0.4329004329004329,100,222,0.961038961038961,440,223,0.9653679653679653,794
2,adrb2,rabvs_budgeted_reliable,15231,231,0.015166436872168603,2560,218,0.8334288990825688,0.0046932097100817645,0.001830305905605918,65.93506493506494,65.93506493506494,3328,0.9726872825159215,66.70673076923077,0.5956957936286926,0.767,0.21771611526147278,0.031496062992125984,0.2637795275590551,0.2322834645669291,100,0.4329004329004329,100,221,0.9567099567099567,481,222,0.961038961038961,977
2,adrb2,rabvs_budgeted_no_ucb,15231,231,0.015166436872168603,2560,228,0.8423793859649122,0.005023518192097464,0.0016725559324262185,65.93506493506494,65.93506493506494,3328,0.9726872825159215,68.50961538461539,0.6147541999816895,0.732,0.22316684378320936,0.05249343832020997,0.24540682414698162,0.19291338582677164,100,0.4329004329004329,100,227,0.9826839826839827,480,228,0.987012987012987,979
2,adrb2,rabvs_budgeted_random_parts,15231,231,0.015166436872168603,2560,220,0.5568181818181818,0.006567799166664904,0.003125940108274004,65.93506493506494,65.93506493506494,3328,0.9726872825159215,66.70673076923077,0.615039050579071,0.75,0.22125813449023862,0.09043250327653997,0.2047244094488189,0.11429190617227893,100,0.4329004329004329,100,221,0.9567099567099567,470,222,0.961038961038961,959
0,akt1,greedy_surrogate,16743,293,0.017499850683867887,2560,281,0.8509786476868327,0.0028449799663563336,0.0016020500682162044,57.143344709897605,57.143344709897605,133944,0.0,2.097891656214537,0.6073747873306274,0.667,0.2849462365591398,0.04295942720763723,0.2927120669056153,0.24975263969797806,100,0.3412969283276451,100,281,0.9590443686006825,481,281,0.9590443686006825,889
0,akt1,boba_ucb,16743,293,0.017499850683867887,2560,274,0.8042883211678832,0.006530052099467467,0.0025455113168562473,57.143344709897605,57.143344709897605,3328,0.9751537956160784,84.43509615384616,0.612908124923706,0.645,0.2858683926645092,0.03341288782816229,0.3034647550776583,0.27005186724949604,100,0.3412969283276451,100,281,0.9590443686006825,487,281,0.9590443686006825,890
0,akt1,rabvs_budgeted_reliable,16743,293,0.017499850683867887,2560,274,0.8042883211678832,0.006530052099467467,0.0025455113168562473,57.143344709897605,57.143344709897605,3328,0.9751537956160784,84.43509615384616,0.6087290048599243,0.868,0.2760416666666667,0.03341288782816229,0.3034647550776583,0.27005186724949604,100,0.3412969283276451,100,281,0.9590443686006825,492,281,0.9590443686006825,986
0,akt1,rabvs_budgeted_no_ucb,16743,293,0.017499850683867887,2560,281,0.8505338078291815,0.0030625329128607056,0.001610596286167973,57.143344709897605,57.143344709897605,3328,0.9751537956160784,84.43509615384616,0.6043508052825928,0.901,0.2757544224765869,0.041766109785202864,0.2939068100358423,0.25214070025063945,100,0.3412969283276451,100,281,0.9590443686006825,494,281,0.9590443686006825,988
0,akt1,rabvs_budgeted_random_parts,16743,293,0.017499850683867887,2560,136,0.4655330882352941,0.004411289890115969,0.0031298191967124205,57.143344709897605,57.143344709897605,3328,0.9751537956160784,81.73076923076923,0.6163897514343262,0.874,0.26834381551362685,0.06443914081145585,0.26762246117084826,0.2031833203593924,100,0.3412969283276451,100,269,0.9180887372013652,490,272,0.9283276450511946,980
1,akt1,greedy_surrogate,16743,293,0.017499850683867887,2560,281,0.8463078291814946,0.0027858770488037084,0.0016622026829799332,57.143344709897605,57.143344709897605,133944,0.0,2.097891656214537,0.6053269505500793,0.644,0.2813163481953291,0.045346062052505964,0.2903225806451613,0.24497651859265535,100,0.3412969283276451,100,281,0.9590443686006825,483,281,0.9590443686006825,888
1,akt1,boba_ucb,16743,293,0.017499850683867887,2560,261,0.8007662835249042,0.0035937352202387862,0.0024264852712303714,57.143344709897605,57.143344709897605,3328,0.9751537956160784,83.23317307692307,0.6065066456794739,0.626,0.279144385026738,0.03699284009546539,0.2951015531660693,0.2581087130706039,100,0.3412969283276451,100,275,0.9385665529010239,472,277,0.9453924914675768,863
1,akt1,rabvs_budgeted_reliable,16743,293,0.017499850683867887,2560,261,0.8007662835249042,0.0035937352202387862,0.0024264852712303714,57.143344709897605,57.143344709897605,3328,0.9751537956160784,82.9326923076923,0.6071222424507141,0.888,0.27139874739039666,0.03699284009546539,0.2951015531660693,0.2581087130706039,100,0.3412969283276451,100,276,0.9419795221843004,492,276,0.9419795221843004,985
1,akt1,rabvs_budgeted_no_ucb,16743,293,0.017499850683867887,2560,280,0.846875,0.0028166727430082605,0.0016952339016191782,57.143344709897605,57.143344709897605,3328,0.9751537956160784,84.43509615384616,0.6032058596611023,0.907,0.2757544224765869,0.045346062052505964,0.2903225806451613,0.24497651859265535,100,0.3412969283276451,100,281,0.9590443686006825,492,281,0.9590443686006825,989
1,akt1,rabvs_budgeted_random_parts,16743,293,0.017499850683867887,2560,148,0.6089527027027027,0.003059494809653285,0.0021476678931250433,57.143344709897605,57.143344709897605,3328,0.9751537956160784,77.82451923076923,0.6070480346679688,0.895,0.2533889468196038,0.10501193317422435,0.2270011947431302,0.12198926156890587,100,0.3412969283276451,100,258,0.8805460750853242,496,259,0.8839590443686007,991
2,akt1,greedy_surrogate,16743,293,0.017499850683867887,2560,281,0.8576512455516014,0.002260397264798863,0.0016186392721545034,57.143344709897605,57.143344709897605,133944,0.0,2.0904258496087915,0.6068872213363647,0.677,0.28664495114006516,0.041766109785202864,0.2927120669056153,0.25094595712041246,100,0.3412969283276451,100,280,0.9556313993174061,483,280,0.9556313993174061,897
2,akt1,boba_ucb,16743,293,0.017499850683867887,2560,264,0.8354640151515151,0.0031318344177718323,0.0021817450321692826,57.143344709897605,57.143344709897605,3328,0.9751537956160784,84.13461538461539,0.6072117686271667,0.6659999999999999,0.28602383531960995,0.0441527446300716,0.2915173237753883,0.2473645791453167,100,0.3412969283276451,100,275,0.9385665529010239,478,280,0.9556313993174061,890
2,akt1,rabvs_budgeted_reliable,16743,293,0.017499850683867887,2560,264,0.8354640151515151,0.0031318344177718323,0.0021817450321692826,57.143344709897605,57.143344709897605,3328,0.9751537956160784,82.9326923076923,0.6067794561386108,0.896,0.2697095435684647,0.0441527446300716,0.2915173237753883,0.2473645791453167,100,0.3412969283276451,100,276,0.9419795221843004,491,276,0.9419795221843004,989
2,akt1,rabvs_budgeted_no_ucb,16743,293,0.017499850683867887,2560,281,0.8565391459074733,0.0027906200459075787,0.0016292040143859171,57.143344709897605,57.143344709897605,3328,0.9751537956160784,84.43509615384616,0.6046794652938843,0.907,0.2751817237798546,0.03818615751789976,0.2986857825567503,0.26049962503885055,100,0.3412969283276451,100,281,0.9590443686006825,495,281,0.9590443686006825,993
2,akt1,rabvs_budgeted_random_parts,16743,293,0.017499850683867887,2560,136,0.43014705882352944,0.009062227042273538,0.0042180582288775794,57.143344709897605,57.143344709897605,3328,0.9751537956160784,81.43028846153847,0.6082810759544373,0.795,0.26785714285714285,0.09785202863961814,0.2398568019093079,0.14200477326968974,100,0.3412969283276451,100,269,0.9180887372013652,493,271,0.9249146757679181,980
0,akt2,greedy_surrogate,7017,117,0.016673792218896963,2560,117,0.8637820512820513,0.004295666487026545,0.000996898122007182,59.97435897435898,59.97435897435898,56136,0.0,2.066410146786376,0.6460070013999939,0.525,0.12285012285012285,0.042735042735042736,0.28774928774928776,0.245014245014245,100,0.8547008547008547,100,116,0.9914529914529915,439,116,0.9914529914529915,835
0,akt2,boba_ucb,7017,117,0.016673792218896963,2560,116,0.8523706896551724,0.0065619689799401556,0.0015969298875849035,59.97435897435898,59.97435897435898,2816,0.9498361122987031,41.19318181818181,0.6446942090988159,0.524,0.12437810945273632,0.03133903133903134,0.29914529914529914,0.2678062678062678,100,0.8547008547008547,100,116,0.9914529914529915,441,116,0.9914529914529915,840
0,akt2,rabvs_budgeted_reliable,7017,117,0.016673792218896963,2560,116,0.8523706896551724,0.0065619689799401556,0.0015969298875849035,59.97435897435898,59.97435897435898,2816,0.9498361122987031,41.54829545454545,0.6413373947143555,0.9299999999999999,0.11147902869757174,0.03133903133903134,0.29914529914529914,0.2678062678062678,99,0.8461538461538461,100,116,0.9914529914529915,494,117,1.0,992
0,akt2,rabvs_budgeted_no_ucb,7017,117,0.016673792218896963,2560,116,0.869073275862069,0.0047133174103345665,0.001027927590112528,59.97435897435898,59.97435897435898,2816,0.9498361122987031,41.54829545454545,0.6392872333526611,0.9410000000000001,0.11050328227571116,0.042735042735042736,0.28774928774928776,0.245014245014245,100,0.8547008547008547,100,116,0.9914529914529915,494,117,1.0,994
0,akt2,rabvs_budgeted_random_parts,7017,117,0.016673792218896963,2560,93,0.7768817204301075,0.010352677448737363,0.002612509303133895,59.97435897435898,59.97435897435898,2816,0.9498361122987031,41.19318181818181,0.6389639973640442,0.904,0.10940919037199125,0.09116809116809117,0.24216524216524216,0.150997150997151,100,0.8547008547008547,100,116,0.9914529914529915,490,116,0.9914529914529915,990
1,akt2,greedy_surrogate,7017,117,0.016673792218896963,2560,117,0.8712606837606838,0.004006521944020241,0.0007743757045708933,59.97435897435898,59.97435897435898,56136,0.0,2.0842240273621204,0.6450192928314209,0.546,0.12038140643623362,0.045454545454545456,0.28774928774928776,0.2422947422947423,100,0.8547008547008547,100,117,1.0,454,117,1.0,837
1,akt2,boba_ucb,7017,117,0.016673792218896963,2560,116,0.8345905172413793,0.006492397135181506,0.0011968997567758978,59.97435897435898,59.97435897435898,2816,0.9498361122987031,41.54829545454545,0.647847056388855,0.556,0.12052505966587113,0.03418803418803419,0.29914529914529914,0.26495726495726496,100,0.8547008547008547,100,117,1.0,448,117,1.0,824
1,akt2,rabvs_budgeted_reliable,7017,117,0.016673792218896963,2560,116,0.8345905172413793,0.006492397135181506,0.0011968997567758978,59.97435897435898,59.97435897435898,2816,0.9498361122987031,41.54829545454545,0.643404483795166,0.935,0.11310190369540873,0.03418803418803419,0.29914529914529914,0.26495726495726496,100,0.8547008547008547,100,117,1.0,490,117,1.0,990
1,akt2,rabvs_budgeted_no_ucb,7017,117,0.016673792218896963,2560,117,0.8707264957264957,0.004416040619190238,0.0007665170884051646,59.97435897435898,59.97435897435898,2816,0.9498361122987031,41.54829545454545,0.638600766658783,0.947,0.11147902869757174,0.042735042735042736,0.2905982905982906,0.24786324786324787,100,0.8547008547008547,100,117,1.0,497,117,1.0,996
1,akt2,rabvs_budgeted_random_parts,7017,117,0.016673792218896963,2560,106,0.7004716981132075,0.006762108954101537,0.0012770664626083352,59.97435897435898,59.97435897435898,2816,0.9498361122987031,39.77272727272727,0.6382327675819397,0.931,0.10750279955207166,0.05698005698005698,0.27635327635327633,0.21937321937321935,100,0.8547008547008547,100,112,0.9572649572649573,492,112,0.9572649572649573,991
2,akt2,greedy_surrogate,7017,117,0.016673792218896963,2560,117,0.8659188034188035,0.003878148443736204,0.0009996529836687497,59.97435897435898,59.97435897435898,56136,0.0,2.066410146786376,0.6471713185310364,0.542,0.11933174224343675,0.039886039886039885,0.2905982905982906,0.25071225071225073,100,0.8547008547008547,100,116,0.9914529914529915,443,116,0.9914529914529915,836
2,akt2,boba_ucb,7017,117,0.016673792218896963,2560,115,0.8652173913043478,0.004850770044624543,0.0012312971200561008,59.97435897435898,59.97435897435898,2816,0.9498361122987031,41.19318181818181,0.6449401378631592,0.5409999999999999,0.11976047904191617,0.037037037037037035,0.2934472934472934,0.2564102564102564,100,0.8547008547008547,100,116,0.9914529914529915,433,116,0.9914529914529915,835
2,akt2,rabvs_budgeted_reliable,7017,117,0.016673792218896963,2560,115,0.8652173913043478,0.004850770044624543,0.0012312971200561008,59.97435897435898,59.97435897435898,2816,0.9498361122987031,41.54829545454545,0.6435596942901611,0.949,0.11160220994475138,0.037037037037037035,0.2934472934472934,0.2564102564102564,100,0.8547008547008547,100,116,0.9914529914529915,495,117,1.0,995
2,akt2,rabvs_budgeted_no_ucb,7017,117,0.016673792218896963,2560,117,0.8680555555555556,0.0046114656342137695,0.0011584656312699302,59.97435897435898,59.97435897435898,2816,0.9498361122987031,41.54829545454545,0.6380789875984192,0.945,0.11123348017621146,0.04843304843304843,0.2849002849002849,0.23646723646723647,99,0.8461538461538461,100,117,1.0,497,117,1.0,997
2,akt2,rabvs_budgeted_random_parts,7017,117,0.016673792218896963,2560,87,0.5244252873563219,0.00869200095087797,0.002741943912175135,59.97435897435898,59.97435897435898,2816,0.9498361122987031,41.54829545454545,0.6417683362960815,0.907,0.11184939091915837,0.08262108262108261,0.25071225071225073,0.1680911680911681,100,0.8547008547008547,100,117,1.0,490,117,1.0,989
0,aldr,greedy_surrogate,9159,159,0.017359973796265967,2560,159,0.8663522012578616,0.007737412837780765,0.0026638122319393573,57.60377358490566,57.60377358490566,73272,0.0,2.169996724533246,0.6408742666244507,0.45899999999999996,0.17067307692307693,0.06768558951965066,0.2794759825327511,0.21179039301310043,100,0.6289308176100629,100,159,1.0,450,159,1.0,843
0,aldr,boba_ucb,9159,159,0.017359973796265967,2560,157,0.830015923566879,0.009742157543268432,0.0031070563254633828,57.60377358490566,57.60377358490566,3072,0.9580740255486406,51.7578125,0.6420580744743347,0.45699999999999996,0.17087845968712395,0.05240174672489083,0.29475982532751094,0.2423580786026201,100,0.6289308176100629,100,159,1.0,454,159,1.0,848
0,aldr,rabvs_budgeted_reliable,9159,159,0.017359973796265967,2560,157,0.830015923566879,0.009742157543268432,0.0031070563254633828,57.60377358490566,56.97764561115669,3072,0.9580740255486406,51.7578125,0.6383407115936279,0.813,0.15384615384615385,0.05240174672489083,0.29475982532751094,0.2423580786026201,99,0.6226415094339622,100,159,1.0,487,159,1.0,985
0,aldr,rabvs_budgeted_no_ucb,9159,159,0.017359973796265967,2560,159,0.8647798742138365,0.008092640420817289,0.0027190085951703303,57.60377358490566,56.97764561115669,3072,0.9580740255486406,51.7578125,0.6351174116134644,0.8109999999999999,0.15318230852211434,0.0611353711790393,0.28602620087336245,0.22489082969432314,99,0.6226415094339622,100,159,1.0,487,159,1.0,984
0,aldr,rabvs_budgeted_random_parts,9159,159,0.017359973796265967,2560,112,0.6082589285714286,0.0068054784462230275,0.0033552743324949084,57.60377358490566,56.35151763740772,3072,0.9580740255486406,49.8046875,0.6295372843742371,0.848,0.14794816414686826,0.14847161572052403,0.19868995633187772,0.05021834061135369,98,0.6163522012578616,100,153,0.9622641509433962,490,153,0.9622641509433962,990
1,aldr,greedy_surrogate,9159,159,0.017359973796265967,2560,159,0.8647798742138365,0.007646774929526,0.0025164938051720717,57.60377358490566,57.60377358490566,73272,0.0,2.169996724533246,0.6448405385017395,0.43200000000000005,0.16904761904761906,0.07641921397379912,0.27074235807860264,0.1943231441048035,100,0.6289308176100629,100,159,1.0,449,159,1.0,831
1,aldr,boba_ucb,9159,159,0.017359973796265967,2560,157,0.82921974522293,0.01018462917509245,0.003559921426924094,57.60377358490566,57.60377358490566,3072,0.9580740255486406,51.7578125,0.6401540637016296,0.43300000000000005,0.16627634660421545,0.048034934497816595,0.29912663755458513,0.25109170305676853,100,0.6289308176100629,100,159,1.0,447,159,1.0,841
1,aldr,rabvs_budgeted_reliable,9159,159,0.017359973796265967,2560,157,0.82921974522293,0.01018462917509245,0.003559921426924094,57.60377358490566,55.72538966365874,3072,0.9580740255486406,51.432291666666664,0.64254230260849,0.808,0.15494505494505495,0.048034934497816595,0.29912663755458513,0.25109170305676853,97,0.610062893081761,100,158,0.9937106918238994,483,158,0.9937106918238994,977
1,aldr,rabvs_budgeted_no_ucb,9159,159,0.017359973796265967,2560,159,0.862814465408805,0.007691545925669325,0.0026490361834125634,57.60377358490566,56.97764561115669,3072,0.9580740255486406,51.7578125,0.6395909786224365,0.813,0.15334773218142547,0.06768558951965066,0.2794759825327511,0.21179039301310043,99,0.6226415094339622,100,159,1.0,490,159,1.0,990
1,aldr,rabvs_budgeted_random_parts,9159,159,0.017359973796265967,2560,115,0.6842391304347826,0.008951152416312483,0.003683024909780443,57.60377358490566,56.35151763740772,3072,0.9580740255486406,51.432291666666664,0.6405971646308899,0.8160000000000001,0.15376226826608505,0.08296943231441048,0.26419213973799127,0.1812227074235808,98,0.6163522012578616,100,158,0.9937106918238994,490,158,0.9937106918238994,989
2,aldr,greedy_surrogate,9159,159,0.017359973796265967,2560,159,0.8580974842767296,0.007192276562663993,0.002681427456852103,57.60377358490566,57.60377358490566,73272,0.0,2.169996724533246,0.6407181024551392,0.45599999999999996,0.16945107398568018,0.07641921397379912,0.27074235807860264,0.1943231441048035,100,0.6289308176100629,100,159,1.0,451,159,1.0,847
2,aldr,boba_ucb,9159,159,0.017359973796265967,2560,154,0.8380681818181818,0.008594548179425125,0.003071294702458983,57.60377358490566,57.60377358490566,3072,0.9580740255486406,51.7578125,0.6486243605613708,0.44799999999999995,0.17212121212121212,0.0611353711790393,0.28602620087336245,0.22489082969432314,100,0.6289308176100629,100,159,1.0,450,159,1.0,842
2,aldr,rabvs_budgeted_reliable,9159,159,0.017359973796265967,2560,154,0.8380681818181818,0.008594548179425125,0.003071294702458983,57.60377358490566,57.60377358490566,3072,0.9580740255486406,51.106770833333336,0.6450852155685425,0.817,0.15250544662309368,0.0611353711790393,0.28602620087336245,0.22489082969432314,100,0.6289308176100629,100,157,0.9874213836477987,491,157,0.9874213836477987,990
2,aldr,rabvs_budgeted_no_ucb,9159,159,0.017359973796265967,2560,159,0.8580974842767296,0.007199908679920107,0.00265349998347748,57.60377358490566,56.35151763740772,3072,0.9580740255486406,51.7578125,0.6393082737922668,0.829,0.1540130151843818,0.08078602620087336,0.2663755458515284,0.18558951965065504,98,0.6163522012578616,100,159,1.0,488,159,1.0,988
2,aldr,rabvs_budgeted_random_parts,9159,159,0.017359973796265967,2560,157,0.5851910828025477,0.007995378679588622,0.003400012234031103,57.60377358490566,56.97764561115669,3072,0.9580740255486406,50.78125,0.6358229517936707,0.825,0.15092290988056462,0.09606986899563319,0.25109170305676853,0.15502183406113534,99,0.6226415094339622,100,156,0.9811320754716981,492,156,0.9811320754716981,990
0,ampc,greedy_surrogate,2898,48,0.016563146997929608,2560,48,0.8307291666666666,0.020735934442058273,0.0072851450385077576,60.37499999999999,60.37499999999999,23184,0.0,2.0272601794340925,0.6500316858291626,0.526,0.02304964539007092,0.10344827586206896,0.2206896551724138,0.11724137931034483,47,0.9791666666666666,72,47,0.9791666666666666,361,47,0.9791666666666666,649
0,ampc,boba_ucb,2898,48,0.016563146997929608,2560,44,0.8309659090909091,0.017781229713107995,0.00684483761261427,60.37499999999999,60.37499999999999,2675,0.8846187025534852,17.19626168224299,0.6707035899162292,0.5329999999999999,0.021922428330522766,0.07586206896551724,0.23448275862068965,0.1586206896551724,44,0.9166666666666666,72,45,0.9375,362,46,0.9583333333333334,689
0,ampc,rabvs_budgeted_reliable,2898,48,0.016563146997929608,2560,44,0.8309659090909091,0.017781229713107995,0.00684483761261427,60.37499999999999,60.37499999999999,2675,0.8846187025534852,16.44859813084112,0.6602058410644531,0.817,0.015536723163841809,0.07586206896551724,0.23448275862068965,0.1586206896551724,44,0.9166666666666666,75,44,0.9166666666666666,455,44,0.9166666666666666,825
0,ampc,rabvs_budgeted_no_ucb,2898,48,0.016563146997929608,2560,48,0.83984375,0.020730403099589248,0.0061142229145996225,60.37499999999999,60.37499999999999,2675,0.8846187025534852,17.94392523364486,0.6555691957473755,0.835,0.019178082191780823,0.1095890410958904,0.2222222222222222,0.1126331811263318,46,0.9583333333333334,74,48,1.0,464,48,1.0,863
0,ampc,rabvs_budgeted_random_parts,2898,48,0.016563146997929608,2560,47,0.5664893617021277,0.02214332921156551,0.007264266403299693,60.37499999999999,60.37499999999999,2675,0.8846187025534852,17.570093457943923,0.656506359577179,0.83,0.019553072625698324,0.09655172413793103,0.22758620689655173,0.1310344827586207,45,0.9375,75,47,0.9791666666666666,460,47,0.9791666666666666,837
1,ampc,greedy_surrogate,2898,48,0.016563146997929608,2560,48,0.859375,0.029832515524894878,0.0104514103690996,60.37499999999999,60.37499999999999,23184,0.0,2.070393374741201,0.6578260064125061,0.542,0.019642857142857142,0.08275862068965517,0.2482758620689655,0.16551724137931034,47,0.9791666666666666,69,48,1.0,367,48,1.0,665
1,ampc,boba_ucb,2898,48,0.016563146997929608,2560,48,0.8372395833333334,0.0289616271891921,0.010080282926187569,60.37499999999999,60.37499999999999,2675,0.8846187025534852,17.94392523364486,0.6582603454589844,0.5489999999999999,0.01981981981981982,0.08275862068965517,0.2482758620689655,0.16551724137931034,47,0.9791666666666666,69,48,1.0,369,48,1.0,663
1,ampc,rabvs_budgeted_reliable,2898,48,0.016563146997929608,2560,48,0.8372395833333334,0.0289616271891921,0.010080282926187569,60.37499999999999,60.37499999999999,2675,0.8846187025534852,17.94392523364486,0.6582918167114258,0.815,0.01634472511144131,0.08275862068965517,0.2482758620689655,0.16551724137931034,47,0.9791666666666666,70,48,1.0,445,48,1.0,828
1,ampc,rabvs_budgeted_no_ucb,2898,48,0.016563146997929608,2560,48,0.84375,0.029412096087273836,0.010383100776086649,60.37499999999999,60.37499999999999,2675,0.8846187025534852,17.94392523364486,0.657252311706543,0.839,0.015471167369901548,0.08275862068965517,0.2482758620689655,0.16551724137931034,47,0.9791666666666666,70,48,1.0,447,48,1.0,863
1,ampc,rabvs_budgeted_random_parts,2898,48,0.016563146997929608,2560,48,0.6276041666666666,0.03181885756417198,0.012440313795271949,60.37499999999999,58.29310344827586,2675,0.8846187025534852,17.94392523364486,0.6549580097198486,0.83,0.01601164483260553,0.08275862068965517,0.2482758620689655,0.16551724137931034,47,0.9791666666666666,70,48,1.0,444,48,1.0,846
2,ampc,greedy_surrogate,2898,48,0.016563146997929608,2560,48,0.859375,0.02485437397117726,0.008032025928357186,60.37499999999999,60.37499999999999,23184,0.0,2.070393374741201,0.6595980525016785,0.552,0.025597269624573378,0.10344827586206896,0.22758620689655173,0.12413793103448277,48,1.0,71,48,1.0,377,48,1.0,692
2,ampc,boba_ucb,2898,48,0.016563146997929608,2560,47,0.8643617021276596,0.022304421225264763,0.007171487648568613,60.37499999999999,60.37499999999999,2675,0.8846187025534852,17.570093457943923,0.6491691470146179,0.5489999999999999,0.025925925925925925,0.06896551724137931,0.25517241379310346,0.18620689655172415,47,0.9791666666666666,69,47,0.9791666666666666,351,47,0.9791666666666666,647
2,ampc,rabvs_budgeted_reliable,2898,48,0.016563146997929608,2560,47,0.8643617021276596,0.022304421225264763,0.007171487648568613,60.37499999999999,60.37499999999999,2675,0.8846187025534852,17.570093457943923,0.6544590592384338,0.8200000000000001,0.020588235294117647,0.06896551724137931,0.25517241379310346,0.18620689655172415,45,0.9375,73,47,0.9791666666666666,454,47,0.9791666666666666,815
2,ampc,rabvs_budgeted_no_ucb,2898,48,0.016563146997929608,2560,48,0.859375,0.024743511835269093,0.007973116938981747,60.37499999999999,60.37499999999999,2675,0.8846187025534852,17.94392523364486,0.6557114124298096,0.841,0.02086230876216968,0.1103448275862069,0.2206896551724138,0.1103448275862069,47,0.9791666666666666,73,48,1.0,451,48,1.0,871
2,ampc,rabvs_budgeted_random_parts,2898,48,0.016563146997929608,2560,39,0.8221153846153846,0.025840024834085807,0.008171035598565338,60.37499999999999,60.37499999999999,2675,0.8846187025534852,15.700934579439254,0.6596212983131409,0.835,0.01721664275466284,0.13793103448275862,0.19310344827586207,0.05517241379310345,40,0.8333333333333334,71,42,0.875,450,42,0.875,845
0,andr,greedy_surrogate,14619,269,0.01840071140296874,2560,257,0.8219844357976653,0.009091158185939729,0.005688653096311467,54.3457249070632,53.601262922034934,116952,0.0,2.188932211505575,0.6333019733428955,0.469,0.265993265993266,0.06703146374829001,0.28317373461012313,0.21614227086183313,100,0.37174721189591076,100,256,0.9516728624535316,467,256,0.9516728624535316,871
0,andr,boba_ucb,14619,269,0.01840071140296874,2560,242,0.7071280991735537,0.011512963551255898,0.006625840701884825,54.3457249070632,53.97349391454907,3328,0.9715438812504276,77.2235576923077,0.6420631408691406,0.43600000000000005,0.26298342541436465,0.06976744186046512,0.28454172366621067,0.21477428180574554,100,0.37174721189591076,100,247,0.9182156133828996,472,257,0.9553903345724907,894
0,andr,rabvs_budgeted_reliable,14619,269,0.01840071140296874,2560,242,0.7071280991735537,0.011512963551255898,0.006625840701884825,54.3457249070632,53.22903192952081,3328,0.9715438812504276,76.02163461538461,0.6349688172340393,0.671,0.24867162592986186,0.06976744186046512,0.28454172366621067,0.21477428180574554,99,0.3680297397769517,100,250,0.929368029739777,475,253,0.9405204460966543,959
0,andr,rabvs_budgeted_no_ucb,14619,269,0.01840071140296874,2560,260,0.8050480769230769,0.009951227392681814,0.005849168766126284,54.3457249070632,53.601262922034934,3328,0.9715438812504276,76.62259615384616,0.6309154629707336,0.6799999999999999,0.25,0.07934336525307797,0.27359781121751026,0.19425444596443228,98,0.3643122676579926,100,254,0.9442379182156134,473,255,0.9479553903345725,952
0,andr,rabvs_budgeted_random_parts,14619,269,0.01840071140296874,2560,194,0.5989046391752577,0.016370802023841446,0.009041098065418597,54.3457249070632,51.74010795946428,3328,0.9715438812504276,76.02163461538461,0.6286771893501282,0.647,0.2518837459634015,0.09986320109439124,0.253077975376197,0.15321477428180574,94,0.34944237918215615,100,247,0.9182156133828996,467,253,0.9405204460966543,912
1,andr,greedy_surrogate,14619,269,0.01840071140296874,2560,256,0.816650390625,0.01054969747321133,0.006072990657136272,54.3457249070632,53.22903192952081,116952,0.0,2.171831178603188,0.6453153491020203,0.46099999999999997,0.26727066817667045,0.07934336525307797,0.2708618331053352,0.1915184678522572,100,0.37174721189591076,100,254,0.9442379182156134,458,254,0.9442379182156134,854
1,andr,boba_ucb,14619,269,0.01840071140296874,2560,237,0.7655590717299579,0.011923432198659652,0.006476420771088731,54.3457249070632,53.97349391454907,3328,0.9715438812504276,76.02163461538461,0.6383824348449707,0.45799999999999996,0.2596685082872928,0.07113543091655267,0.2818057455540356,0.21067031463748292,100,0.37174721189591076,100,248,0.9219330855018587,460,253,0.9405204460966543,878
1,andr,rabvs_budgeted_reliable,14619,269,0.01840071140296874,2560,237,0.7655590717299579,0.011923432198659652,0.006476420771088731,54.3457249070632,53.601262922034934,3328,0.9715438812504276,76.92307692307693,0.6324467062950134,0.679,0.2570194384449244,0.07113543091655267,0.2818057455540356,0.21067031463748292,99,0.3680297397769517,100,249,0.9256505576208178,472,256,0.9516728624535316,937
1,andr,rabvs_budgeted_no_ucb,14619,269,0.01840071140296874,2560,257,0.8095817120622568,0.012294355613979376,0.006321286217263298,54.3457249070632,53.601262922034934,3328,0.9715438812504276,76.62259615384616,0.6383389830589294,0.661,0.25511302475780406,0.06703146374829001,0.28317373461012313,0.21614227086183313,98,0.3643122676579926,100,251,0.9330855018587361,470,255,0.9479553903345725,943
1,andr,rabvs_budgeted_random_parts,14619,269,0.01840071140296874,2560,159,0.375,0.009281670452481228,0.006444672466782895,54.3457249070632,52.856800937006675,3328,0.9715438812504276,72.71634615384616,0.6247752904891968,0.718,0.24086021505376345,0.17920656634746923,0.16689466484268126,-0.012311901504787975,99,0.3680297397769517,100,238,0.8847583643122676,474,242,0.8996282527881041,943
2,andr,greedy_surrogate,14619,269,0.01840071140296874,2560,262,0.8165553435114504,0.011582117563630394,0.006494062184687039,54.3457249070632,53.22903192952081,116952,0.0,2.2231342773103493,0.6369442939758301,0.44899999999999995,0.27262443438914025,0.08333333333333333,0.2749658002735978,0.19163246694026448,100,0.37174721189591076,100,253,0.9405204460966543,472,260,0.966542750929368,891
2,andr,boba_ucb,14619,269,0.01840071140296874,2560,238,0.7633928571428571,0.010521490260853377,0.0066558978972935876,54.3457249070632,53.22903192952081,3328,0.9715438812504276,77.2235576923077,0.6355950236320496,0.46699999999999997,0.26733780760626397,0.07660738714090287,0.27906976744186046,0.2024623803009576,100,0.37174721189591076,100,245,0.9107806691449815,468,257,0.9553903345724907,894
2,andr,rabvs_budgeted_reliable,14619,269,0.01840071140296874,2560,238,0.7633928571428571,0.010521490260853377,0.0066558978972935876,54.3457249070632,53.97349391454907,3328,0.9715438812504276,76.32211538461539,0.6325671672821045,0.687,0.25213675213675213,0.07660738714090287,0.27906976744186046,0.2024623803009576,100,0.37174721189591076,100,245,0.9107806691449815,476,254,0.9442379182156134,960
2,andr,rabvs_budgeted_no_ucb,14619,269,0.01840071140296874,2560,264,0.8072916666666666,0.0136460219657696,0.006952483363505388,54.3457249070632,53.22903192952081,3328,0.9715438812504276,78.42548076923077,0.6331319808959961,0.64,0.2615219721329046,0.07113543091655267,0.28864569083447333,0.21751025991792067,98,0.3643122676579926,100,254,0.9442379182156134,482,261,0.9702602230483272,948
2,andr,rabvs_budgeted_random_parts,14619,269,0.01840071140296874,2560,216,0.5824652777777778,0.01758701125220219,0.008916134337125257,54.3457249070632,52.856800937006675,3328,0.9715438812504276,77.2235576923077,0.6359879970550537,0.61,0.26206140350877194,0.06976744186046512,0.2859097127222982,0.21614227086183307,97,0.36059479553903345,100,252,0.9368029739776952,477,257,0.9553903345724907,937
0,aofb,greedy_surrogate,7022,122,0.017373967530618057,2560,119,0.8130252100840336,0.027342180193435935,0.014670420986763855,57.55737704918033,46.868149882903985,56176,0.0,2.118342352606095,0.6529412865638733,0.523,0.11899038461538461,0.07954545454545454,0.25925925925925924,0.17971380471380471,73,0.5983606557377049,99,118,0.9672131147540983,470,119,0.9754098360655737,879
0,aofb,boba_ucb,7022,122,0.017373967530618057,2560,112,0.7332589285714286,0.025815220133614557,0.01372408965932964,57.55737704918033,50.15714285714286,2816,0.9498718313870692,41.19318181818181,0.6671441197395325,0.509,0.11608222490931076,0.07670454545454546,0.25071225071225073,0.17400770525770526,77,0.6311475409836066,100,114,0.9344262295081968,466,116,0.9508196721311475,860
0,aofb,rabvs_budgeted_reliable,7022,122,0.017373967530618057,2560,112,0.7332589285714286,0.025815220133614557,0.01372408965932964,57.55737704918033,49.33489461358314,2816,0.9498718313870692,40.83806818181819,0.6702674627304077,0.728,0.10770975056689343,0.07670454545454546,0.25071225071225073,0.17400770525770526,74,0.6065573770491803,100,111,0.9098360655737705,482,115,0.9426229508196722,964
0,aofb,rabvs_budgeted_no_ucb,7022,122,0.017373967530618057,2560,120,0.775,0.029044437572106847,0.0151170041034821,49.33489461358314,46.868149882903985,2816,0.9498718313870692,42.25852272727273,0.655689537525177,0.7050000000000001,0.11211778029445074,0.07954545454545454,0.2621082621082621,0.18256280756280757,73,0.5983606557377049,99,117,0.9590163934426229,477,119,0.9754098360655737,956
0,aofb,rabvs_budgeted_random_parts,7022,122,0.017373967530618057,2560,89,0.5610955056179775,0.03421114992625053,0.01912291943579804,57.55737704918033,39.46791569086651,2816,0.9498718313870692,36.57670454545455,0.6692438125610352,0.723,0.09836065573770492,0.09375,0.23646723646723647,0.14271723646723647,67,0.5491803278688525,98,102,0.8360655737704918,470,103,0.8442622950819673,952
1,aofb,greedy_surrogate,7022,122,0.017373967530618057,2560,122,0.7909836065573771,0.029667013113957728,0.01536496445847451,57.55737704918033,45.223653395784545,56176,0.0,2.1361435488464826,0.6598633527755737,0.489,0.1192214111922141,0.09090909090909091,0.25071225071225073,0.15980315980315982,68,0.5573770491803278,99,120,0.9836065573770492,464,120,0.9836065573770492,870
1,aofb,boba_ucb,7022,122,0.017373967530618057,2560,106,0.7729952830188679,0.027796599423682136,0.01474792341155572,57.55737704918033,48.51264637002342,2816,0.9498718313870692,42.25852272727273,0.6607275009155273,0.497,0.11700844390832328,0.09090909090909091,0.245014245014245,0.1541051541051541,76,0.6229508196721312,100,116,0.9508196721311475,463,119,0.9754098360655737,873
1,aofb,rabvs_budgeted_reliable,7022,122,0.017373967530618057,2560,106,0.7729952830188679,0.027796599423682136,0.01474792341155572,57.55737704918033,47.690398126463705,2816,0.9498718313870692,41.19318181818181,0.6634134650230408,0.702,0.10982658959537572,0.09090909090909091,0.245014245014245,0.1541051541051541,74,0.6065573770491803,100,116,0.9508196721311475,475,116,0.9508196721311475,952
1,aofb,rabvs_budgeted_no_ucb,7022,122,0.017373967530618057,2560,121,0.7985537190082644,0.032726274811826585,0.016303680017263542,49.33489461358314,43.579156908665105,2816,0.9498718313870692,42.96875,0.6692264080047607,0.677,0.11445086705202312,0.07954545454545454,0.26495726495726496,0.18541181041181043,70,0.5737704918032787,99,120,0.9836065573770492,472,121,0.9918032786885246,950
1,aofb,rabvs_budgeted_random_parts,7022,122,0.017373967530618057,2560,82,0.6684451219512195,0.028958788754305725,0.015781752770860077,57.55737704918033,46.045901639344265,2816,0.9498718313870692,41.19318181818181,0.6704486012458801,0.7130000000000001,0.10867052023121387,0.10511363636363637,0.21937321937321938,0.11425958300958301,69,0.5655737704918032,100,112,0.9180327868852459,475,116,0.9508196721311475,950
2,aofb,greedy_surrogate,7022,122,0.017373967530618057,2560,121,0.8078512396694215,0.03124512134736752,0.015922961415876537,57.55737704918033,46.045901639344265,56176,0.0,2.15394474508687,0.6668840646743774,0.476,0.12085308056872038,0.09659090909090909,0.24786324786324787,0.15127233877233878,74,0.6065573770491803,100,119,0.9754098360655737,464,121,0.9918032786885246,891
2,aofb,boba_ucb,7022,122,0.017373967530618057,2560,110,0.7357954545454546,0.027024659618967283,0.015001732184937465,57.55737704918033,47.690398126463705,2816,0.9498718313870692,41.19318181818181,0.6543301343917847,0.515,0.11506524317912219,0.07102272727272728,0.2535612535612536,0.1825385262885263,74,0.6065573770491803,100,114,0.9344262295081968,472,116,0.9508196721311475,894
2,aofb,rabvs_budgeted_reliable,7022,122,0.017373967530618057,2560,110,0.7357954545454546,0.027024659618967283,0.015001732184937465,57.55737704918033,44.401405152224825,2816,0.9498718313870692,41.19318181818181,0.6548573970794678,0.714,0.10850111856823266,0.07102272727272728,0.2535612535612536,0.1825385262885263,73,0.5983606557377049,100,114,0.9344262295081968,480,116,0.9508196721311475,968
2,aofb,rabvs_budgeted_no_ucb,7022,122,0.017373967530618057,2560,120,0.8067708333333333,0.030706022717671158,0.015825472781767564,57.55737704918033,45.223653395784545,2816,0.9498718313870692,42.25852272727273,0.6534805297851562,0.687,0.11198208286674133,0.09375,0.24786324786324787,0.15411324786324787,73,0.5983606557377049,100,118,0.9672131147540983,482,119,0.9754098360655737,955
2,aofb,rabvs_budgeted_random_parts,7022,122,0.017373967530618057,2560,90,0.5041666666666667,0.02188210904179003,0.01377074062382953,57.55737704918033,46.868149882903985,2816,0.9498718313870692,36.57670454545455,0.673778235912323,0.771,0.09610983981693363,0.1278409090909091,0.18803418803418803,0.060193278943278944,75,0.6147540983606558,98,100,0.819672131147541,474,103,0.8442622950819673,967
0,bace1,greedy_surrogate,18383,283,0.015394658108034597,2560,278,0.8489208633093526,0.0043792059034300146,0.002081673238545965,64.95759717314488,64.95759717314488,147064,0.0,1.8835336996137735,0.5931664705276489,0.624,0.2893569844789357,0.05326086956521739,0.24918389553862894,0.19592302597341155,100,0.35335689045936397,100,276,0.9752650176678446,463,277,0.9787985865724381,842
0,bace1,boba_ucb,18383,283,0.015394658108034597,2560,257,0.8214980544747081,0.01013780880874803,0.003914585604681166,64.95759717314488,64.95759717314488,3584,0.9756296578360442,76.72991071428571,0.6062670946121216,0.5640000000000001,0.2943181818181818,0.030434782608695653,0.26985854189336234,0.2394237592846667,100,0.35335689045936397,100,273,0.9646643109540636,460,275,0.9717314487632509,838
0,bace1,rabvs_budgeted_reliable,18383,283,0.015394658108034597,2560,257,0.8214980544747081,0.01013780880874803,0.003914585604681166,64.95759717314488,64.6045667537256,3584,0.9756296578360442,77.00892857142857,0.6009625196456909,0.752,0.28077753779697623,0.030434782608695653,0.26985854189336234,0.2394237592846667,100,0.35335689045936397,100,273,0.9646643109540636,475,276,0.9752650176678446,933
0,bace1,rabvs_budgeted_no_ucb,18383,283,0.015394658108034597,2560,276,0.8525815217391305,0.00422326627914784,0.0019485277624127764,64.95759717314488,64.95759717314488,3584,0.9756296578360442,77.56696428571429,0.592426061630249,0.858,0.2720664589823468,0.05326086956521739,0.24809575625680086,0.19483488669158347,100,0.35335689045936397,100,276,0.9752650176678446,478,278,0.9823321554770318,967
0,bace1,rabvs_budgeted_random_parts,18383,283,0.015394658108034597,2560,258,0.623062015503876,0.005830248426397356,0.002843684438291324,64.95759717314488,64.6045667537256,3584,0.9756296578360442,76.45089285714286,0.5916183590888977,0.841,0.274468085106383,0.04456521739130435,0.2554347826086957,0.21086956521739134,100,0.35335689045936397,100,272,0.9611307420494699,464,274,0.9681978798586572,942
1,bace1,greedy_surrogate,18383,283,0.015394658108034597,2560,280,0.8439732142857143,0.0058548476790431245,0.0020801131785959897,64.95759717314488,64.95759717314488,147064,0.0,1.903932981559049,0.5957698822021484,0.598,0.2814178302900107,0.04782608695652174,0.25680087051142547,0.20897478355490373,100,0.35335689045936397,100,279,0.9858657243816255,469,280,0.9893992932862191,843
1,bace1,boba_ucb,18383,283,0.015394658108034597,2560,258,0.6971899224806202,0.00645348434519587,0.002532584483835666,64.95759717314488,64.95759717314488,3584,0.9756296578360442,77.00892857142857,0.5960614085197449,0.569,0.28043478260869564,0.05326086956521739,0.2513601741022851,0.19809930453706773,100,0.35335689045936397,100,271,0.9575971731448764,464,276,0.9752650176678446,843
1,bace1,rabvs_budgeted_reliable,18383,283,0.015394658108034597,2560,258,0.6971899224806202,0.00645348434519587,0.002532584483835666,64.95759717314488,64.95759717314488,3584,0.9756296578360442,77.00892857142857,0.5919577479362488,0.823,0.26931106471816285,0.05326086956521739,0.2513601741022851,0.19809930453706773,100,0.35335689045936397,100,272,0.9611307420494699,481,276,0.9752650176678446,964
1,bace1,rabvs_budgeted_no_ucb,18383,283,0.015394658108034597,2560,280,0.8426339285714286,0.005539623057067803,0.002011078480844461,64.95759717314488,64.95759717314488,3584,0.9756296578360442,77.84598214285714,0.593818187713623,0.833,0.27102803738317754,0.05,0.2546245919477693,0.20462459194776933,100,0.35335689045936397,100,278,0.9823321554770318,483,279,0.9858657243816255,968
1,bace1,rabvs_budgeted_random_parts,18383,283,0.015394658108034597,2560,99,0.5227272727272727,0.012577625356801379,0.006022094073837564,64.95759717314488,63.19244507604855,3584,0.9756296578360442,74.49776785714286,0.5938770174980164,0.758,0.263771186440678,0.11847826086956521,0.18478260869565216,0.06630434782608695,100,0.35335689045936397,100,263,0.9293286219081273,463,267,0.9434628975265018,922
2,bace1,greedy_surrogate,18383,283,0.015394658108034597,2560,277,0.8296480144404332,0.004602314142251107,0.0023025329530114544,64.95759717314488,64.95759717314488,147064,0.0,1.8835336996137735,0.5920076966285706,0.625,0.2748414376321353,0.05326086956521739,0.24809575625680086,0.19483488669158347,100,0.35335689045936397,100,276,0.9752650176678446,466,277,0.9787985865724381,849
2,bace1,boba_ucb,18383,283,0.015394658108034597,2560,266,0.8014567669172933,0.008179946110587904,0.0033710009678310743,64.95759717314488,64.95759717314488,3584,0.9756296578360442,76.72991071428571,0.5996177196502686,0.558,0.27505330490405117,0.034782608695652174,0.26659412404787813,0.23181151535222597,100,0.35335689045936397,100,274,0.9681978798586572,464,275,0.9717314487632509,846
2,bace1,rabvs_budgeted_reliable,18383,283,0.015394658108034597,2560,266,0.8014567669172933,0.008179946110587904,0.0033710009678310743,64.95759717314488,64.6045667537256,3584,0.9756296578360442,77.56696428571429,0.5941020846366882,0.781,0.2730125523012552,0.034782608695652174,0.26659412404787813,0.23181151535222597,100,0.35335689045936397,100,274,0.9681978798586572,482,278,0.9823321554770318,950
2,bace1,rabvs_budgeted_no_ucb,18383,283,0.015394658108034597,2560,276,0.8297101449275363,0.005118154104998984,0.002462028922404542,64.95759717314488,64.95759717314488,3584,0.9756296578360442,77.00892857142857,0.5918746590614319,0.829,0.2695109261186264,0.04782608695652174,0.2535364526659412,0.20571036570941947,100,0.35335689045936397,100,274,0.9681978798586572,481,276,0.9752650176678446,967
2,bace1,rabvs_budgeted_random_parts,18383,283,0.015394658108034597,2560,198,0.4914772727272727,0.01068304990796311,0.004849734549382348,64.95759717314488,64.25153633430634,3584,0.9756296578360442,76.171875,0.5960990786552429,0.78,0.27292110874200426,0.08260869565217391,0.21871599564744287,0.13610729999526897,100,0.35335689045936397,100,273,0.9646643109540636,454,273,0.9646643109540636,911
0,braf,greedy_surrogate,10102,152,0.01504652544050683,2560,149,0.8733221476510067,0.0017664118228833169,0.0005849246188356338,66.46052631578948,66.46052631578948,80816,0.0,1.8436943179568401,0.6171254515647888,0.5680000000000001,0.14631463146314633,0.02766798418972332,0.26732673267326734,0.23965874848354402,100,0.6578947368421053,100,149,0.9802631578947368,480,149,0.9802631578947368,918
0,braf,boba_ucb,10102,152,0.01504652544050683,2560,146,0.8497431506849316,0.0023719867707960494,0.0010299671862449861,66.46052631578948,66.46052631578948,3072,0.9619877252029301,48.502604166666664,0.6204814314842224,0.628,0.14696132596685083,0.02766798418972332,0.26732673267326734,0.23965874848354402,100,0.6578947368421053,100,149,0.9802631578947368,480,149,0.9802631578947368,929
0,braf,rabvs_budgeted_reliable,10102,152,0.01504652544050683,2560,146,0.8497431506849316,0.0023719867707960494,0.0010299671862449861,66.46052631578948,66.46052631578948,3072,0.9619877252029301,47.8515625,0.6110045313835144,0.9359999999999999,0.14010695187165775,0.02766798418972332,0.26732673267326734,0.23965874848354402,100,0.6578947368421053,100,147,0.9671052631578947,500,147,0.9671052631578947,1000
0,braf,rabvs_budgeted_no_ucb,10102,152,0.01504652544050683,2560,150,0.8654166666666666,0.0019474793217863974,0.0006338647237188977,66.46052631578948,66.46052631578948,3072,0.9619877252029301,48.502604166666664,0.6091755032539368,0.94,0.14133900106269925,0.023715415019762844,0.2712871287128713,0.24757171369310846,100,0.6578947368421053,100,149,0.9802631578947368,500,149,0.9802631578947368,1000
0,braf,rabvs_budgeted_random_parts,10102,152,0.01504652544050683,2560,120,0.4296875,0.0024018507363621332,0.0009839315431859567,66.46052631578948,66.46052631578948,3072,0.9619877252029301,46.223958333333336,0.6123173236846924,0.9359999999999999,0.13404255319148936,0.11462450592885376,0.1801980198019802,0.06557351387312643,100,0.6578947368421053,100,142,0.9342105263157895,500,142,0.9342105263157895,1000
1,braf,greedy_surrogate,10102,152,0.01504652544050683,2560,149,0.8737416107382551,0.001839715415589779,0.0005906071166952784,66.46052631578948,66.46052631578948,80816,0.0,1.8436943179568401,0.6166679859161377,0.579,0.14615384615384616,0.029644268774703556,0.26534653465346536,0.2357022658787618,100,0.6578947368421053,100,149,0.9802631578947368,474,149,0.9802631578947368,913
1,braf,boba_ucb,10102,152,0.01504652544050683,2560,147,0.8720238095238095,0.002890449392208078,0.0008844420999509284,66.46052631578948,66.46052631578948,3072,0.9619877252029301,48.502604166666664,0.614518404006958,0.598,0.14615384615384616,0.017786561264822136,0.27722772277227725,0.2594411615074551,100,0.6578947368421053,100,149,0.9802631578947368,478,149,0.9802631578947368,929
1,braf,rabvs_budgeted_reliable,10102,152,0.01504652544050683,2560,147,0.8720238095238095,0.002890449392208078,0.0008844420999509284,66.46052631578948,66.46052631578948,3072,0.9619877252029301,48.177083333333336,0.6061605215072632,0.9339999999999999,0.1411764705882353,0.017786561264822136,0.27722772277227725,0.2594411615074551,100,0.6578947368421053,100,148,0.9736842105263158,500,148,0.9736842105263158,1000
1,braf,rabvs_budgeted_no_ucb,10102,152,0.01504652544050683,2560,150,0.86875,0.002765493824225263,0.0006049807507154232,66.46052631578948,66.46052631578948,3072,0.9619877252029301,48.828125,0.6115502715110779,0.938,0.14225053078556263,0.025691699604743084,0.2732673267326733,0.24757562712793021,100,0.6578947368421053,100,150,0.9868421052631579,500,150,0.9868421052631579,1000
1,braf,rabvs_budgeted_random_parts,10102,152,0.01504652544050683,2560,47,0.8683510638297872,0.0027969349156434123,0.0013326589563076227,66.46052631578948,66.46052631578948,3072,0.9619877252029301,46.875,0.6070732474327087,0.944,0.13675213675213677,0.20948616600790515,0.08514851485148515,-0.12433765115642,100,0.6578947368421053,100,144,0.9473684210526315,500,144,0.9473684210526315,1000
2,braf,greedy_surrogate,10102,152,0.01504652544050683,2560,151,0.8716887417218543,0.0026900080371934044,0.0005466241733559778,66.46052631578948,66.46052631578948,80816,0.0,1.8684418926945159,0.6137004494667053,0.5720000000000001,0.14516129032258066,0.02766798418972332,0.2712871287128713,0.24361914452314798,100,0.6578947368421053,100,151,0.993421052631579,482,151,0.993421052631579,911
2,braf,boba_ucb,10102,152,0.01504652544050683,2560,150,0.8679166666666667,0.004232917796563233,0.0008575316524402736,66.46052631578948,66.46052631578948,3072,0.9619877252029301,49.153645833333336,0.6143656373023987,0.597,0.14547413793103448,0.021739130434782608,0.27722772277227725,0.25548859233749466,100,0.6578947368421053,100,151,0.993421052631579,478,151,0.993421052631579,913
2,braf,rabvs_budgeted_reliable,10102,152,0.01504652544050683,2560,150,0.8679166666666667,0.004232917796563233,0.0008575316524402736,66.46052631578948,66.46052631578948,3072,0.9619877252029301,49.153645833333336,0.6093538403511047,0.917,0.14376996805111822,0.021739130434782608,0.27722772277227725,0.25548859233749466,100,0.6578947368421053,100,151,0.993421052631579,498,151,0.993421052631579,996
2,braf,rabvs_budgeted_no_ucb,10102,152,0.01504652544050683,2560,151,0.8721026490066225,0.0030435234701391583,0.0005893660855804848,66.46052631578948,66.46052631578948,3072,0.9619877252029301,49.153645833333336,0.6080938577651978,0.931,0.1430084745762712,0.017786561264822136,0.2811881188118812,0.2634015575470591,100,0.6578947368421053,100,151,0.993421052631579,500,151,0.993421052631579,1000
2,braf,rabvs_budgeted_random_parts,10102,152,0.01504652544050683,2560,118,0.6626059322033898,0.004288968208792611,0.0009916678466419745,66.46052631578948,66.46052631578948,3072,0.9619877252029301,49.153645833333336,0.6114888787269592,0.914,0.14285714285714285,0.041501976284584984,0.25742574257425743,0.21592376628967244,100,0.6578947368421053,100,151,0.993421052631579,496,151,0.993421052631579,996
0,cah2,greedy_surrogate,31664,492,0.015538150581101567,2560,489,0.836017382413088,0.0013636638740683064,0.0004769529915585282,64.35772357723577,64.35772357723577,253312,0.0,1.926478019201617,0.5314232707023621,0.366,0.5189309576837416,0.03156565656565657,0.2779532533164877,0.2463875967508311,100,0.2032520325203252,100,486,0.9878048780487805,498,488,0.991869918699187,838
0,cah2,boba_ucb,31664,492,0.015538150581101567,2560,328,0.8288871951219512,0.00242647083415486,0.000888333876774296,64.35772357723577,64.35772357723577,4096,0.9838302172814553,119.140625,0.5427118539810181,0.368,0.5154867256637168,0.05555555555555555,0.2539481996209728,0.19839264406541726,100,0.2032520325203252,100,480,0.975609756097561,496,488,0.991869918699187,858
0,cah2,rabvs_budgeted_reliable,31664,492,0.015538150581101567,2560,328,0.8288871951219512,0.00242647083415486,0.000888333876774296,64.35772357723577,64.35772357723577,4096,0.9838302172814553,118.896484375,0.5606309771537781,0.639,0.48640167364016734,0.05555555555555555,0.2539481996209728,0.19839264406541726,100,0.2032520325203252,100,481,0.9776422764227642,498,487,0.9898373983739838,970
0,cah2,rabvs_budgeted_no_ucb,31664,492,0.015538150581101567,2560,488,0.836577868852459,0.0014203686347111768,0.00047566313555154224,64.35772357723577,64.35772357723577,4096,0.9838302172814553,119.140625,0.552023708820343,0.6799999999999999,0.48491155046826223,0.027777777777777776,0.2817435249526216,0.2539657471748438,100,0.2032520325203252,100,487,0.9898373983739838,499,488,0.991869918699187,992
0,cah2,rabvs_budgeted_random_parts,31664,492,0.015538150581101567,2560,326,0.7469325153374233,0.001923678090408078,0.000838375298491636,64.35772357723577,64.35772357723577,4096,0.9838302172814553,118.896484375,0.5529434680938721,0.647,0.4838709677419355,0.059343434343434344,0.25015792798483893,0.1908144936414046,100,0.2032520325203252,100,484,0.983739837398374,498,487,0.9898373983739838,976
1,cah2,greedy_surrogate,31664,492,0.015538150581101567,2560,489,0.841002044989775,0.0013973558777478328,0.0005259125758615321,64.35772357723577,64.35772357723577,253312,0.0,1.926478019201617,0.5413586497306824,0.383,0.5212527964205816,0.029671717171717172,0.2798483891345546,0.25017667196283744,100,0.2032520325203252,100,486,0.9878048780487805,498,488,0.991869918699187,847
1,cah2,boba_ucb,31664,492,0.015538150581101567,2560,353,0.7935552407932012,0.0019943866756960095,0.0007834472679831576,64.35772357723577,64.35772357723577,4096,0.9838302172814553,118.896484375,0.5350838899612427,0.393,0.510989010989011,0.04292929292929293,0.26595072646873025,0.22302143353943732,100,0.2032520325203252,100,482,0.9796747967479674,499,487,0.9898373983739838,854
1,cah2,rabvs_budgeted_reliable,31664,492,0.015538150581101567,2560,353,0.7935552407932012,0.0019943866756960095,0.0007834472679831576,64.35772357723577,64.35772357723577,4096,0.9838302172814553,118.1640625,0.5602036118507385,0.655,0.48125,0.04292929292929293,0.26595072646873025,0.22302143353943732,100,0.2032520325203252,100,480,0.975609756097561,500,484,0.983739837398374,984
1,cah2,rabvs_budgeted_no_ucb,31664,492,0.015538150581101567,2560,489,0.8384458077709611,0.0016109920864750004,0.000520395866517614,64.35772357723577,64.35772357723577,4096,0.9838302172814553,119.140625,0.5706413388252258,0.677,0.48390446521287644,0.027146464646464648,0.28237523689197724,0.2552287722455126,100,0.2032520325203252,100,486,0.9878048780487805,499,488,0.991869918699187,990
1,cah2,rabvs_budgeted_random_parts,31664,492,0.015538150581101567,2560,438,0.3431792237442922,0.002762858458332412,0.0010343842938726146,64.35772357723577,64.35772357723577,4096,0.9838302172814553,119.140625,0.5520628094673157,0.618,0.4936440677966102,0.07765151515151515,0.23183828174352494,0.1541867665920098,100,0.2032520325203252,100,484,0.983739837398374,494,488,0.991869918699187,958
2,cah2,greedy_surrogate,31664,492,0.015538150581101567,2560,490,0.8366071428571429,0.0014934136039514497,0.0005124109901699161,64.35772357723577,64.35772357723577,253312,0.0,1.9304257200606367,0.5456809997558594,0.391,0.5155210643015521,0.03156565656565657,0.2779532533164877,0.2463875967508311,100,0.2032520325203252,100,486,0.9878048780487805,496,489,0.9939024390243902,843
2,cah2,boba_ucb,31664,492,0.015538150581101567,2560,308,0.867288961038961,0.0027476643292516398,0.0010929195756850588,64.35772357723577,64.35772357723577,4096,0.9838302172814553,119.384765625,0.5476909875869751,0.393,0.5115511551155115,0.056818181818181816,0.2526847757422615,0.19586659392407968,100,0.2032520325203252,100,474,0.9634146341463414,495,489,0.9939024390243902,862
2,cah2,rabvs_budgeted_reliable,31664,492,0.015538150581101567,2560,308,0.867288961038961,0.0027476643292516398,0.0010929195756850588,64.35772357723577,64.35772357723577,4096,0.9838302172814553,118.896484375,0.5640183091163635,0.625,0.48329853862212946,0.056818181818181816,0.2526847757422615,0.19586659392407968,100,0.2032520325203252,100,477,0.9695121951219512,499,487,0.9898373983739838,978
2,cah2,rabvs_budgeted_no_ucb,31664,492,0.015538150581101567,2560,490,0.8373724489795918,0.0021393410195007624,0.0006320071727509789,64.35772357723577,64.35772357723577,4096,0.9838302172814553,119.62890625,0.5737643837928772,0.639,0.48898216159496327,0.027146464646464648,0.28237523689197724,0.2552287722455126,100,0.2032520325203252,100,487,0.9898373983739838,498,490,0.9959349593495935,973
2,cah2,rabvs_budgeted_random_parts,31664,492,0.015538150581101567,2560,326,0.7998466257668712,0.0018982586612875136,0.0009370031927627255,64.35772357723577,64.35772357723577,4096,0.9838302172814553,119.384765625,0.5548943877220154,0.643,0.48336798336798337,0.07702020202020202,0.2324699936828806,0.15544979166267858,100,0.2032520325203252,100,480,0.975609756097561,496,489,0.9939024390243902,979
0,casp3,greedy_surrogate,10899,199,0.018258555830810166,2560,197,0.8661167512690355,0.004426994661369203,0.0012948965953001558,54.768844221105525,54.768844221105525,87192,0.0,2.2593815946417104,0.6199179887771606,0.508,0.2054794520547945,0.05504587155963303,0.30642201834862387,0.25137614678899084,100,0.5025125628140703,100,197,0.9899497487437185,479,197,0.9899497487437185,899
0,casp3,boba_ucb,10899,199,0.018258555830810166,2560,186,0.8313172043010753,0.00606586688165514,0.0018408545344923575,54.768844221105525,54.768844221105525,3072,0.964767409854115,64.12760416666667,0.6170370578765869,0.5489999999999999,0.20408163265306123,0.04220183486238532,0.3192660550458716,0.27706422018348625,100,0.5025125628140703,100,197,0.9899497487437185,475,197,0.9899497487437185,914
0,casp3,rabvs_budgeted_reliable,10899,199,0.018258555830810166,2560,186,0.8313172043010753,0.00606586688165514,0.0018408545344923575,54.768844221105525,54.768844221105525,3072,0.964767409854115,63.80208333333333,0.608489990234375,0.863,0.19268030139935413,0.04220183486238532,0.3192660550458716,0.27706422018348625,100,0.5025125628140703,100,196,0.9849246231155779,497,196,0.9849246231155779,993
0,casp3,rabvs_budgeted_no_ucb,10899,199,0.018258555830810166,2560,199,0.8586683417085427,0.005492973530907346,0.0013696984053621606,54.768844221105525,54.768844221105525,3072,0.964767409854115,64.453125,0.6155750751495361,0.846,0.1925531914893617,0.04954128440366973,0.3137614678899083,0.26422018348623855,100,0.5025125628140703,100,198,0.9949748743718593,495,198,0.9949748743718593,994
0,casp3,rabvs_budgeted_random_parts,10899,199,0.018258555830810166,2560,107,0.6343457943925234,0.008432822492347445,0.0027599051292893297,54.768844221105525,54.768844221105525,3072,0.964767409854115,61.197916666666664,0.6185920834541321,0.831,0.1832797427652733,0.1981651376146789,0.1651376146788991,-0.03302752293577982,100,0.5025125628140703,100,188,0.9447236180904522,496,188,0.9447236180904522,991
1,casp3,greedy_surrogate,10899,199,0.018258555830810166,2560,197,0.8553299492385786,0.004281164410634826,0.0011055381197247614,54.768844221105525,54.768844221105525,87192,0.0,2.2593815946417104,0.6163269877433777,0.5469999999999999,0.1967032967032967,0.04220183486238532,0.3192660550458716,0.27706422018348625,100,0.5025125628140703,100,197,0.9899497487437185,482,197,0.9899497487437185,922
1,casp3,boba_ucb,10899,199,0.018258555830810166,2560,187,0.8168449197860963,0.006045300309124164,0.0016521892115850486,54.768844221105525,54.768844221105525,3072,0.964767409854115,64.12760416666667,0.6206046938896179,0.52,0.1964873765093304,0.045871559633027525,0.3155963302752294,0.26972477064220185,100,0.5025125628140703,100,197,0.9899497487437185,474,197,0.9899497487437185,900
1,casp3,rabvs_budgeted_reliable,10899,199,0.018258555830810166,2560,187,0.8168449197860963,0.006045300309124164,0.0016521892115850486,54.768844221105525,54.768844221105525,3072,0.964767409854115,64.12760416666667,0.6148472428321838,0.854,0.18921775898520085,0.045871559633027525,0.3155963302752294,0.26972477064220185,100,0.5025125628140703,100,196,0.9849246231155779,494,197,0.9899497487437185,993
1,casp3,rabvs_budgeted_no_ucb,10899,199,0.018258555830810166,2560,198,0.8522727272727273,0.0045302498983859334,0.0011285179428791512,54.768844221105525,54.768844221105525,3072,0.964767409854115,64.12760416666667,0.6128202080726624,0.869,0.1896186440677966,0.044036697247706424,0.3174311926605505,0.27339449541284405,100,0.5025125628140703,100,197,0.9899497487437185,498,197,0.9899497487437185,997
1,casp3,rabvs_budgeted_random_parts,10899,199,0.018258555830810166,2560,49,0.6658163265306123,0.0037560354117175195,0.002099263764115093,54.768844221105525,54.768844221105525,3072,0.964767409854115,50.130208333333336,0.5955846905708313,0.879,0.1452991452991453,0.2216117216117216,0.13051470588235295,-0.09109701572936865,100,0.5025125628140703,100,153,0.7688442211055276,497,154,0.7738693467336684,996
2,casp3,greedy_surrogate,10899,199,0.018258555830810166,2560,197,0.8638959390862944,0.004222742447384069,0.0013107424707079732,54.768844221105525,54.768844221105525,87192,0.0,2.2593815946417104,0.6229186654090881,0.534,0.19801980198019803,0.05137614678899083,0.3100917431192661,0.25871559633027524,100,0.5025125628140703,100,197,0.9899497487437185,478,197,0.9899497487437185,906
2,casp3,boba_ucb,10899,199,0.018258555830810166,2560,185,0.8523648648648648,0.0033020530984682324,0.001703737895115835,54.768844221105525,54.768844221105525,3072,0.964767409854115,62.82552083333333,0.604442834854126,0.497,0.1940463065049614,0.045871559633027525,0.3100917431192661,0.26422018348623855,100,0.5025125628140703,100,192,0.964824120603015,472,193,0.9698492462311558,917
2,casp3,rabvs_budgeted_reliable,10899,199,0.018258555830810166,2560,185,0.8523648648648648,0.0033020530984682324,0.001703737895115835,54.768844221105525,54.768844221105525,3072,0.964767409854115,62.174479166666664,0.5977397561073303,0.874,0.1858974358974359,0.045871559633027525,0.3100917431192661,0.26422018348623855,100,0.5025125628140703,100,190,0.9547738693467337,497,191,0.9597989949748744,997
2,casp3,rabvs_budgeted_no_ucb,10899,199,0.018258555830810166,2560,198,0.8535353535353535,0.005080670964599227,0.0015728004312915115,54.768844221105525,54.768844221105525,3072,0.964767409854115,64.453125,0.6152455806732178,0.852,0.19275825346112885,0.044036697247706424,0.3192660550458716,0.27522935779816515,100,0.5025125628140703,100,198,0.9949748743718593,496,198,0.9949748743718593,995
2,casp3,rabvs_budgeted_random_parts,10899,199,0.018258555830810166,2560,151,0.6937086092715232,0.004999050385895167,0.0018870147704378897,54.768844221105525,54.768844221105525,3072,0.964767409854115,63.15104166666667,0.603839099407196,0.848,0.1893048128342246,0.05137614678899083,0.30275229357798167,0.25137614678899084,100,0.5025125628140703,100,193,0.9698492462311558,496,194,0.9748743718592965,996
0,cdk2,greedy_surrogate,28324,474,0.01673492444569976,2560,415,0.7293674698795181,0.01217757695448563,0.00933624205232409,57.62115732368897,52.153896617017786,226592,0.0,1.7299816410111568,0.5811141133308411,0.542,0.39215686274509803,0.06916019760056458,0.2323446327683616,0.16318443516779702,97,0.20464135021097046,100,335,0.7067510548523207,485,392,0.8270042194092827,940
0,cdk2,boba_ucb,28324,474,0.01673492444569976,2560,335,0.6944029850746268,0.012593001794913832,0.009816910918904933,55.48704038577456,54.054241028164185,4096,0.9819234571388222,93.017578125,0.5770513415336609,0.594,0.38477580813347234,0.07268877911079746,0.22245762711864406,0.1497688480078466,96,0.20253164556962025,100,339,0.7151898734177216,493,381,0.8037974683544303,945
0,cdk2,rabvs_budgeted_reliable,28324,474,0.01673492444569976,2560,335,0.6944029850746268,0.012593001794913832,0.009816910918904933,57.62115732368897,54.68768916521298,4096,0.9819234571388222,93.26171875,0.5751906633377075,0.6659999999999999,0.381198347107438,0.07268877911079746,0.22245762711864406,0.1497688480078466,98,0.20675105485232068,100,340,0.7172995780590717,493,382,0.8059071729957806,963
0,cdk2,rabvs_budgeted_no_ucb,28324,474,0.01673492444569976,2560,410,0.7106707317073171,0.011931829862228665,0.00927504451658427,59.755274261603375,53.843091649147915,4096,0.9819234571388222,97.65625,0.5784770250320435,0.637,0.39917269906928643,0.07127734650670431,0.23163841807909605,0.16036107157239174,97,0.20464135021097046,100,343,0.7236286919831224,491,400,0.8438818565400844,960
0,cdk2,rabvs_budgeted_random_parts,28324,474,0.01673492444569976,2560,224,0.619140625,0.016157246682487362,0.012086292232665108,59.755274261603375,50.88700034292019,4096,0.9819234571388222,91.064453125,0.5829446911811829,0.629,0.3699897225077081,0.09174311926605505,0.2019774011299435,0.11023428186388845,93,0.1962025316455696,100,319,0.6729957805907173,487,373,0.7869198312236287,943
1,cdk2,greedy_surrogate,28324,474,0.01673492444569976,2560,412,0.6758191747572816,0.011742456387242087,0.00914333009827416,57.62115732368897,51.942747238001516,226592,0.0,1.7299816410111568,0.5826226472854614,0.558,0.39334027055150883,0.07410021171489062,0.2330508474576271,0.1589506357427365,96,0.20253164556962025,100,331,0.6983122362869199,490,392,0.8270042194092827,950
1,cdk2,boba_ucb,28324,474,0.01673492444569976,2560,316,0.6026503164556962,0.008659379988413434,0.009006091528640592,59.755274261603375,53.42079289111538,4096,0.9819234571388222,90.33203125,0.5806310772895813,0.5549999999999999,0.3704474505723205,0.07692307692307693,0.21398305084745764,0.1370599739243807,96,0.20253164556962025,100,326,0.6877637130801688,494,370,0.7805907172995781,955
1,cdk2,rabvs_budgeted_reliable,28324,474,0.01673492444569976,2560,316,0.6026503164556962,0.008659379988413434,0.009006091528640592,59.755274261603375,53.42079289111538,4096,0.9819234571388222,92.529296875,0.5774176716804504,0.654,0.37681159420289856,0.07692307692307693,0.21398305084745764,0.1370599739243807,96,0.20253164556962025,100,328,0.6919831223628692,495,379,0.79957805907173,973
1,cdk2,rabvs_budgeted_no_ucb,28324,474,0.01673492444569976,2560,415,0.6837349397590361,0.014430612297019505,0.009699392948685248,57.62115732368897,52.365045996034056,4096,0.9819234571388222,96.923828125,0.5818105340003967,0.63,0.39669421487603307,0.07268877911079746,0.23516949152542374,0.16248071241462628,96,0.20253164556962025,100,340,0.7172995780590717,489,397,0.8375527426160337,967
1,cdk2,rabvs_budgeted_random_parts,28324,474,0.01673492444569976,2560,250,0.504,0.017485186239461093,0.013278100915049065,57.62115732368897,49.19780531079006,4096,0.9819234571388222,87.158203125,0.5772556066513062,0.649,0.36,0.09880028228652082,0.1984463276836158,0.09964604539709498,95,0.20042194092827004,100,306,0.6455696202531646,489,357,0.7531645569620253,941
2,cdk2,greedy_surrogate,28324,474,0.01673492444569976,2560,388,0.7607925257731959,0.006793544012269148,0.00821305959207965,59.755274261603375,55.10998792324551,226592,0.0,1.6726098008755825,0.5730240941047668,0.61,0.3831578947368421,0.06492589978828511,0.21680790960451976,0.15188200981623465,96,0.20253164556962025,100,343,0.7236286919831224,486,379,0.79957805907173,924
2,cdk2,boba_ucb,28324,474,0.01673492444569976,2560,328,0.7219893292682927,0.006689752835107314,0.00853887055178433,59.755274261603375,54.47653978619672,4096,0.9819234571388222,90.8203125,0.5754126906394958,0.594,0.3746065057712487,0.07127734650670431,0.21045197740112995,0.13917463089442564,97,0.20464135021097046,100,329,0.6940928270042194,491,372,0.7848101265822784,941
2,cdk2,rabvs_budgeted_reliable,28324,474,0.01673492444569976,2560,328,0.7219893292682927,0.006689752835107314,0.00853887055178433,59.755274261603375,55.32113730226178,4096,0.9819234571388222,91.552734375,0.5741217136383057,0.69,0.37228541882109617,0.07127734650670431,0.21045197740112995,0.13917463089442564,97,0.20464135021097046,100,333,0.7025316455696202,494,375,0.7911392405063291,969
2,cdk2,rabvs_budgeted_no_ucb,28324,474,0.01673492444569976,2560,386,0.7636010362694301,0.006992733841022211,0.00835915448190885,59.755274261603375,55.32113730226178,4096,0.9819234571388222,93.26171875,0.5738673806190491,0.669,0.3814968814968815,0.06916019760056458,0.21257062146892655,0.14341042386836197,97,0.20464135021097046,100,351,0.740506329113924,490,382,0.8059071729957806,958
2,cdk2,rabvs_budgeted_random_parts,28324,474,0.01673492444569976,2560,224,0.6007254464285714,0.018003270620616938,0.014541596832424977,57.62115732368897,50.675850963903926,4096,0.9819234571388222,88.134765625,0.584473729133606,0.661,0.36239495798319327,0.08750882145377559,0.1942090395480226,0.10670021809424701,95,0.20042194092827004,100,308,0.6497890295358649,482,361,0.7616033755274262,947
0,comt,greedy_surrogate,3891,41,0.010537136982780776,2560,41,0.875,0.0018874940067838577,0.00013768431285362818,94.90243902439025,94.90243902439025,31128,0.0,1.317142122847597,0.6865965127944946,0.385,0.012012012012012012,0.005128205128205128,0.20512820512820512,0.19999999999999998,41,1.0,58,41,1.0,375,41,1.0,712
0,comt,boba_ucb,3891,41,0.010537136982780776,2560,41,0.875,0.0022250724531724824,0.00015165760413933987,94.90243902439025,94.90243902439025,2715,0.9127794911333847,15.101289134438307,0.6905020475387573,0.395,0.012195121951219513,0.005128205128205128,0.20512820512820512,0.19999999999999998,41,1.0,56,41,1.0,372,41,1.0,705
0,comt,rabvs_budgeted_reliable,3891,41,0.010537136982780776,2560,41,0.875,0.0022250724531724824,0.00015165760413933987,94.90243902439025,94.90243902439025,2715,0.9127794911333847,15.101289134438307,0.6802667379379272,0.95,0.01015228426395939,0.005128205128205128,0.20512820512820512,0.19999999999999998,41,1.0,71,41,1.0,471,41,1.0,948
0,comt,rabvs_budgeted_no_ucb,3891,41,0.010537136982780776,2560,41,0.875,0.002070084470341293,0.00013471392988138764,94.90243902439025,94.90243902439025,2715,0.9127794911333847,15.101289134438307,0.675506055355072,0.954,0.009888751545117428,0.005128205128205128,0.20512820512820512,0.19999999999999998,41,1.0,71,41,1.0,471,41,1.0,971
0,comt,rabvs_budgeted_random_parts,3891,41,0.010537136982780776,2560,41,0.7088414634146342,0.0022079582320917897,0.00021710040506018807,94.90243902439025,94.90243902439025,2715,0.9127794911333847,15.101289134438307,0.6785780191421509,0.946,0.010178117048346057,0.015384615384615385,0.19487179487179487,0.1794871794871795,41,1.0,71,41,1.0,471,41,1.0,966
1,comt,greedy_surrogate,3891,41,0.010537136982780776,2560,41,0.875,0.0017678927371342474,0.000135318742638216,94.90243902439025,94.90243902439025,31128,0.0,1.317142122847597,0.6820715665817261,0.387,0.01361573373676248,0.015384615384615385,0.19487179487179487,0.1794871794871795,41,1.0,60,41,1.0,372,41,1.0,707
1,comt,boba_ucb,3891,41,0.010537136982780776,2560,41,0.8689024390243902,0.002059613685197262,0.00013570710930648928,94.90243902439025,94.90243902439025,2715,0.9127794911333847,15.101289134438307,0.6862176060676575,0.395,0.013975155279503106,0.015384615384615385,0.19487179487179487,0.1794871794871795,41,1.0,55,41,1.0,362,41,1.0,698
1,comt,rabvs_budgeted_reliable,3891,41,0.010537136982780776,2560,41,0.8689024390243902,0.002059613685197262,0.00013570710930648928,94.90243902439025,94.90243902439025,2715,0.9127794911333847,15.101289134438307,0.6799331903457642,0.95,0.011421319796954314,0.015384615384615385,0.19487179487179487,0.1794871794871795,41,1.0,71,41,1.0,471,41,1.0,944
1,comt,rabvs_budgeted_no_ucb,3891,41,0.010537136982780776,2560,41,0.875,0.0018898873381550778,9.534159548904586e-05,94.90243902439025,94.90243902439025,2715,0.9127794911333847,15.101289134438307,0.6731502413749695,0.955,0.010962241169305725,0.015384615384615385,0.19487179487179487,0.1794871794871795,41,1.0,71,41,1.0,471,41,1.0,971
1,comt,rabvs_budgeted_random_parts,3891,41,0.010537136982780776,2560,40,0.78125,0.002273407269499206,0.00014085111513689914,94.90243902439025,94.90243902439025,2715,0.9127794911333847,15.101289134438307,0.6769288182258606,0.951,0.011320754716981131,0.01020408163265306,0.20103092783505155,0.19082684620239848,41,1.0,71,41,1.0,471,41,1.0,956
2,comt,greedy_surrogate,3891,41,0.010537136982780776,2560,41,0.875,0.0017732556909400635,0.00011815460456858876,94.90243902439025,94.90243902439025,31128,0.0,1.317142122847597,0.6895937919616699,0.405,0.010542168674698794,0.005128205128205128,0.20512820512820512,0.19999999999999998,41,1.0,57,41,1.0,378,41,1.0,724
2,comt,boba_ucb,3891,41,0.010537136982780776,2560,41,0.875,0.0021666770619584155,0.00016959129290589693,94.90243902439025,94.90243902439025,2715,0.9127794911333847,15.101289134438307,0.6955322027206421,0.41700000000000004,0.01046337817638266,0.005128205128205128,0.20512820512820512,0.19999999999999998,41,1.0,57,41,1.0,386,41,1.0,722
2,comt,rabvs_budgeted_reliable,3891,41,0.010537136982780776,2560,41,0.875,0.0021666770619584155,0.00016959129290589693,94.90243902439025,94.90243902439025,2715,0.9127794911333847,15.101289134438307,0.6803881525993347,0.948,0.008974358974358974,0.005128205128205128,0.20512820512820512,0.19999999999999998,41,1.0,71,41,1.0,471,41,1.0,948
2,comt,rabvs_budgeted_no_ucb,3891,41,0.010537136982780776,2560,41,0.875,0.002254036630577507,0.00011612399011116413,94.90243902439025,94.90243902439025,2715,0.9127794911333847,15.101289134438307,0.6740543842315674,0.954,0.008641975308641974,0.005128205128205128,0.20512820512820512,0.19999999999999998,41,1.0,71,41,1.0,471,41,1.0,971
2,comt,rabvs_budgeted_random_parts,3891,41,0.010537136982780776,2560,41,0.6814024390243902,0.002144616127786088,0.00012665872206460337,94.90243902439025,94.90243902439025,2715,0.9127794911333847,15.101289134438307,0.6814274191856384,0.947,0.008997429305912597,0.005128205128205128,0.20512820512820512,0.19999999999999998,41,1.0,71,41,1.0,471,41,1.0,957
0,cp2c9,greedy_surrogate,7570,120,0.015852047556142668,2560,116,0.7661637931034483,0.030178372115938563,0.01595387860156015,55.19791666666667,52.29276315789474,60560,0.0,1.915455746367239,0.6141663789749146,0.53,0.11934673366834171,0.08443271767810026,0.2222222222222222,0.13778950454412195,74,0.6166666666666667,88,116,0.9666666666666667,426,116,0.9666666666666667,818
0,cp2c9,boba_ucb,7570,120,0.015852047556142668,2560,102,0.7634803921568627,0.02369618992916533,0.013137819081298685,63.083333333333336,52.29276315789474,2816,0.9535006605019815,39.77272727272727,0.6203706860542297,0.5349999999999999,0.10963855421686747,0.09234828496042216,0.20105820105820105,0.10870991609777889,76,0.6333333333333333,88,109,0.9083333333333333,430,112,0.9333333333333333,854
0,cp2c9,rabvs_budgeted_reliable,7570,120,0.015852047556142668,2560,102,0.7634803921568627,0.02369618992916533,0.013137819081298685,55.19791666666667,52.29276315789474,2816,0.9535006605019815,40.127840909090914,0.6183687448501587,0.793,0.10478359908883828,0.09234828496042216,0.20105820105820105,0.10870991609777889,74,0.6166666666666667,91,110,0.9166666666666666,451,113,0.9416666666666667,940
0,cp2c9,rabvs_budgeted_no_ucb,7570,120,0.015852047556142668,2560,116,0.755926724137931,0.026422425626981202,0.01368877576410836,63.083333333333336,52.29276315789474,2816,0.9535006605019815,40.48295454545455,0.6112616658210754,0.765,0.10677382319173363,0.0712401055408971,0.23015873015873015,0.15891862461783304,76,0.6333333333333333,89,112,0.9333333333333333,452,114,0.95,926
0,cp2c9,rabvs_budgeted_random_parts,7570,120,0.015852047556142668,2560,91,0.6703296703296703,0.024854792006469038,0.013806571769544133,63.083333333333336,49.80263157894737,2816,0.9535006605019815,37.997159090909086,0.6130291819572449,0.812,0.1001150747986191,0.09762532981530343,0.19047619047619047,0.09285086066088703,71,0.5916666666666667,87,105,0.875,452,107,0.8916666666666667,930
1,cp2c9,greedy_surrogate,7570,120,0.015852047556142668,2560,115,0.7945652173913044,0.023874918267781764,0.012745169641096848,63.083333333333336,53.122807017543856,60560,0.0,1.8659180977542933,0.6218671202659607,0.5409999999999999,0.11193111931119311,0.079155672823219,0.21957671957671956,0.14042104675350056,81,0.675,85,113,0.9416666666666667,420,113,0.9416666666666667,814
1,cp2c9,boba_ucb,7570,120,0.015852047556142668,2560,97,0.779639175257732,0.01592089385487149,0.010298360635036722,63.083333333333336,53.952850877192986,2816,0.9535006605019815,38.70738636363636,0.6155262589454651,0.5609999999999999,0.10640870616686819,0.10817941952506596,0.1746031746031746,0.06642375507810863,77,0.6416666666666667,87,106,0.8833333333333333,440,109,0.9083333333333333,825
1,cp2c9,rabvs_budgeted_reliable,7570,120,0.015852047556142668,2560,97,0.779639175257732,0.01592089385487149,0.010298360635036722,63.083333333333336,53.952850877192986,2816,0.9535006605019815,38.35227272727273,0.612896203994751,0.848,0.09698996655518395,0.10817941952506596,0.1746031746031746,0.06642375507810863,76,0.6333333333333333,88,105,0.875,465,108,0.9,958
1,cp2c9,rabvs_budgeted_no_ucb,7570,120,0.015852047556142668,2560,115,0.7940217391304348,0.03323958426164941,0.016098077031219023,63.083333333333336,49.80263157894737,2816,0.9535006605019815,40.83806818181819,0.6123376488685608,0.738,0.10640732265446225,0.08443271767810026,0.21957671957671956,0.1351440018986193,71,0.5916666666666667,90,115,0.9583333333333334,451,115,0.9583333333333334,915
1,cp2c9,rabvs_budgeted_random_parts,7570,120,0.015852047556142668,2560,59,0.5699152542372882,0.016377749078444644,0.01259234672951294,63.083333333333336,46.48245614035088,2816,0.9535006605019815,33.73579545454545,0.6111176609992981,0.8160000000000001,0.08522727272727272,0.12928759894459102,0.1402116402116402,0.010924041267049184,63,0.525,86,92,0.7666666666666667,448,95,0.7916666666666666,937
2,cp2c9,greedy_surrogate,7570,120,0.015852047556142668,2560,117,0.7419871794871795,0.02631133817034421,0.013560935950469878,63.083333333333336,53.122807017543856,60560,0.0,1.8989431968295905,0.6170077919960022,0.569,0.11151515151515151,0.07651715039577836,0.2275132275132275,0.15099607711744914,78,0.65,85,115,0.9583333333333334,423,115,0.9583333333333334,816
2,cp2c9,boba_ucb,7570,120,0.015852047556142668,2560,101,0.7530940594059405,0.02331325956982784,0.012495935906438793,63.083333333333336,52.29276315789474,2816,0.9535006605019815,40.127840909090914,0.6188325881958008,0.56,0.11290322580645161,0.0870712401055409,0.2037037037037037,0.11663246359816279,75,0.625,86,108,0.9,421,113,0.9416666666666667,824
2,cp2c9,rabvs_budgeted_reliable,7570,120,0.015852047556142668,2560,101,0.7530940594059405,0.02331325956982784,0.012495935906438793,55.19791666666667,50.6326754385965,2816,0.9535006605019815,39.0625,0.6141613125801086,0.798,0.1004566210045662,0.0870712401055409,0.2037037037037037,0.11663246359816279,71,0.5916666666666667,89,107,0.8916666666666667,454,110,0.9166666666666666,932
2,cp2c9,rabvs_budgeted_no_ucb,7570,120,0.015852047556142668,2560,116,0.7618534482758621,0.029028662917536415,0.014802814673529468,55.19791666666667,51.46271929824562,2816,0.9535006605019815,40.83806818181819,0.6125080585479736,0.764,0.10592255125284739,0.0633245382585752,0.24074074074074073,0.17741620248216552,74,0.6166666666666667,88,114,0.95,450,115,0.9583333333333334,922
2,cp2c9,rabvs_budgeted_random_parts,7570,120,0.015852047556142668,2560,83,0.6408132530120482,0.022479368330556453,0.013732895966978029,63.083333333333336,51.46271929824562,2816,0.9535006605019815,35.15625,0.6122872233390808,0.804,0.08710407239819004,0.0870712401055409,0.17989417989417988,0.09282293978863898,70,0.5833333333333334,89,96,0.8,464,99,0.825,951
0,cp3a4,greedy_surrogate,11970,170,0.014202172096908938,2560,156,0.7504006410256411,0.02260457058247554,0.01314484949003946,70.41176470588236,53.39558823529412,95760,0.0,1.5873015873015872,0.6102375388145447,0.637,0.14945054945054945,0.08681135225375626,0.1688963210702341,0.08208496881647785,79,0.4647058823529412,99,150,0.8823529411764706,472,152,0.8941176470588236,897
0,cp3a4,boba_ucb,11970,170,0.014202172096908938,2560,135,0.6976851851851852,0.019296140564588157,0.012510943141606137,70.41176470588236,53.39558823529412,3072,0.9679197994987468,46.549479166666664,0.6046164631843567,0.657,0.13879781420765028,0.06176961602671119,0.17892976588628762,0.11716014985957643,84,0.49411764705882355,99,137,0.8058823529411765,476,143,0.8411764705882353,897
0,cp3a4,rabvs_budgeted_reliable,11970,170,0.014202172096908938,2560,135,0.6976851851851852,0.019296140564588157,0.012510943141606137,70.41176470588236,55.74264705882353,3072,0.9679197994987468,46.875,0.5988683700561523,0.793,0.13617021276595745,0.06176961602671119,0.17892976588628762,0.11716014985957643,86,0.5058823529411764,99,137,0.8058823529411765,488,144,0.8470588235294118,962
0,cp3a4,rabvs_budgeted_no_ucb,11970,170,0.014202172096908938,2560,154,0.7487824675324676,0.023914770588053923,0.013700889493615706,70.41176470588236,54.569117647058825,3072,0.9679197994987468,49.8046875,0.6071538925170898,0.756,0.14636752136752137,0.07846410684474124,0.17725752508361203,0.09879341823887079,83,0.48823529411764705,100,147,0.8647058823529412,482,153,0.9,959
0,cp3a4,rabvs_budgeted_random_parts,11970,170,0.014202172096908938,2560,108,0.6765046296296297,0.03503058845800498,0.018928519830988033,64.54411764705883,50.46176470588236,3072,0.9679197994987468,49.8046875,0.6033593416213989,0.7130000000000001,0.14715359828141783,0.07679465776293823,0.1806020066889632,0.10380734892602497,78,0.4588235294117647,100,139,0.8176470588235294,483,153,0.9,942
1,cp3a4,greedy_surrogate,11970,170,0.014202172096908938,2560,156,0.7379807692307693,0.023257154258152064,0.01241122306079628,70.41176470588236,52.80882352941177,95760,0.0,1.5977443609022557,0.6127809882164001,0.654,0.15384615384615385,0.08013355592654424,0.17558528428093645,0.09545172835439221,77,0.45294117647058824,98,149,0.8764705882352941,475,153,0.9,900
1,cp3a4,boba_ucb,11970,170,0.014202172096908938,2560,133,0.6259398496240601,0.024506780285875485,0.01300032473359277,70.41176470588236,53.39558823529412,3072,0.9679197994987468,48.502604166666664,0.6091148257255554,0.6599999999999999,0.14631463146314633,0.08848080133555926,0.16220735785953178,0.07372655652397252,82,0.4823529411764706,99,139,0.8176470588235294,465,149,0.8764705882352941,901
1,cp3a4,rabvs_budgeted_reliable,11970,170,0.014202172096908938,2560,133,0.6259398496240601,0.024506780285875485,0.01300032473359277,70.41176470588236,54.569117647058825,3072,0.9679197994987468,48.177083333333336,0.6062015295028687,0.789,0.14193548387096774,0.08848080133555926,0.16220735785953178,0.07372655652397252,84,0.49411764705882355,100,135,0.7941176470588235,480,148,0.8705882352941177,943
1,cp3a4,rabvs_budgeted_no_ucb,11970,170,0.014202172096908938,2560,157,0.7468152866242038,0.023670667180478246,0.012520301549445336,64.54411764705883,55.15588235294118,3072,0.9679197994987468,50.130208333333336,0.6058730483055115,0.787,0.14790996784565916,0.07512520868113523,0.18227424749163879,0.10714903881050356,82,0.4823529411764706,100,148,0.8705882352941177,484,154,0.9058823529411765,956
1,cp3a4,rabvs_budgeted_random_parts,11970,170,0.014202172096908938,2560,119,0.6286764705882353,0.0397915621559558,0.02017196396742198,64.54411764705883,51.63529411764706,3072,0.9679197994987468,49.153645833333336,0.6191690564155579,0.749,0.14705882352941177,0.06343906510851419,0.18729096989966554,0.12385190479115135,78,0.4588235294117647,100,141,0.8294117647058824,474,151,0.888235294117647,924
2,cp3a4,greedy_surrogate,11970,170,0.014202172096908938,2560,154,0.7548701298701299,0.020418309214379586,0.01221798904732073,70.41176470588236,54.569117647058825,95760,0.0,1.5664160401002505,0.6099549531936646,0.64,0.14773980154355015,0.07512520868113523,0.17558528428093645,0.10046007559980122,81,0.4764705882352941,98,147,0.8647058823529412,474,150,0.8823529411764706,891
2,cp3a4,boba_ucb,11970,170,0.014202172096908938,2560,132,0.6245265151515151,0.0175796295135718,0.011783008349986804,64.54411764705883,54.569117647058825,3072,0.9679197994987468,45.8984375,0.5978877544403076,0.671,0.1358695652173913,0.07178631051752922,0.16722408026755853,0.09543776975002931,85,0.5,99,133,0.7823529411764706,475,141,0.8294117647058824,921
2,cp3a4,rabvs_budgeted_reliable,11970,170,0.014202172096908938,2560,132,0.6245265151515151,0.0175796295135718,0.011783008349986804,70.41176470588236,53.98235294117648,3072,0.9679197994987468,46.223958333333336,0.5899176001548767,0.8180000000000001,0.134185303514377,0.07178631051752922,0.16722408026755853,0.09543776975002931,84,0.49411764705882355,99,134,0.788235294117647,483,142,0.8352941176470589,971
2,cp3a4,rabvs_budgeted_no_ucb,11970,170,0.014202172096908938,2560,150,0.7433333333333333,0.017296563974448818,0.010787894508717831,70.41176470588236,56.91617647058824,3072,0.9679197994987468,47.8515625,0.596371054649353,0.8009999999999999,0.13891834570519618,0.06844741235392321,0.17892976588628762,0.11048235353236441,85,0.5,99,143,0.8411764705882353,489,147,0.8647058823529412,969
2,cp3a4,rabvs_budgeted_random_parts,11970,170,0.014202172096908938,2560,125,0.582,0.032308396755463945,0.017365078535921882,64.54411764705883,51.63529411764706,3072,0.9679197994987468,48.502604166666664,0.6101633906364441,0.745,0.1444082519001086,0.07178631051752922,0.1806020066889632,0.10881569617143398,77,0.45294117647058824,99,142,0.8352941176470589,476,149,0.8764705882352941,930
0,csf1r,greedy_surrogate,12315,166,0.013479496548924077,2560,163,0.8581288343558282,0.006434050789936251,0.0028826386167177757,74.1867469879518,73.58360270349691,98520,0.0,1.6544863987007714,0.608673095703125,0.61,0.16369710467706014,0.05357142857142857,0.21103896103896103,0.15746753246753245,100,0.6024096385542169,100,162,0.9759036144578314,478,163,0.9819277108433735,931
0,csf1r,boba_ucb,12315,166,0.013479496548924077,2560,157,0.8073248407643312,0.0066474038575493905,0.003133853867295994,74.1867469879518,74.1867469879518,3072,0.9688185140073081,52.734375,0.6079644560813904,0.598,0.16459977452085683,0.040584415584415584,0.2224025974025974,0.18181818181818182,100,0.6024096385542169,100,159,0.9578313253012049,475,162,0.9759036144578314,918
0,csf1r,rabvs_budgeted_reliable,12315,166,0.013479496548924077,2560,157,0.8073248407643312,0.0066474038575493905,0.003133853867295994,74.1867469879518,74.1867469879518,3072,0.9688185140073081,52.408854166666664,0.5976663827896118,0.881,0.15524625267665954,0.040584415584415584,0.2224025974025974,0.18181818181818182,100,0.6024096385542169,100,160,0.963855421686747,493,161,0.9698795180722891,992
0,csf1r,rabvs_budgeted_no_ucb,12315,166,0.013479496548924077,2560,162,0.8626543209876543,0.005510276517169392,0.0026778408605357684,74.1867469879518,73.58360270349691,3072,0.9688185140073081,53.059895833333336,0.5979635119438171,0.89,0.15572033898305085,0.05519480519480519,0.2077922077922078,0.15259740259740262,99,0.5963855421686747,100,162,0.9759036144578314,493,163,0.9819277108433735,992
0,csf1r,rabvs_budgeted_random_parts,12315,166,0.013479496548924077,2560,154,0.703327922077922,0.009936484554489776,0.00435165705312201,74.1867469879518,73.58360270349691,3072,0.9688185140073081,52.734375,0.6026338934898376,0.854,0.15783783783783784,0.04707792207792208,0.21753246753246752,0.17045454545454544,99,0.5963855421686747,100,162,0.9759036144578314,480,162,0.9759036144578314,979
1,csf1r,greedy_surrogate,12315,166,0.013479496548924077,2560,163,0.8569785276073619,0.007483043117167069,0.003248709559137974,74.1867469879518,73.58360270349691,98520,0.0,1.6544863987007714,0.6134313941001892,0.5780000000000001,0.16048034934497818,0.05032467532467533,0.21428571428571427,0.16396103896103895,99,0.5963855421686747,100,163,0.9819277108433735,479,163,0.9819277108433735,936
1,csf1r,boba_ucb,12315,166,0.013479496548924077,2560,147,0.8316326530612245,0.008219914767693199,0.003931866191873642,74.1867469879518,72.98045841904202,3072,0.9688185140073081,52.734375,0.6127002239227295,0.5920000000000001,0.1609702315325248,0.05032467532467533,0.21428571428571427,0.16396103896103895,100,0.6024096385542169,100,159,0.9578313253012049,475,162,0.9759036144578314,920
1,csf1r,rabvs_budgeted_reliable,12315,166,0.013479496548924077,2560,147,0.8316326530612245,0.008219914767693199,0.003931866191873642,74.1867469879518,74.1867469879518,3072,0.9688185140073081,53.059895833333336,0.6034446954727173,0.84,0.15995647442872687,0.05032467532467533,0.21428571428571427,0.16396103896103895,100,0.6024096385542169,100,160,0.963855421686747,490,163,0.9819277108433735,986
1,csf1r,rabvs_budgeted_no_ucb,12315,166,0.013479496548924077,2560,164,0.8567073170731707,0.00823632231515684,0.003489381958219384,74.1867469879518,73.58360270349691,3072,0.9688185140073081,53.385416666666664,0.6027389168739319,0.838,0.15982721382289417,0.05357142857142857,0.21266233766233766,0.1590909090909091,99,0.5963855421686747,100,164,0.9879518072289156,492,164,0.9879518072289156,988
1,csf1r,rabvs_budgeted_random_parts,12315,166,0.013479496548924077,2560,125,0.571,0.008966673308894849,0.0038111342046398566,74.1867469879518,71.77416985013224,3072,0.9688185140073081,48.828125,0.6014295816421509,0.853,0.14455231930960086,0.10227272727272728,0.16233766233766234,0.06006493506493506,99,0.5963855421686747,100,148,0.891566265060241,490,150,0.9036144578313253,986
2,csf1r,greedy_surrogate,12315,166,0.013479496548924077,2560,163,0.8554447852760736,0.006114088169332075,0.0027983128496124597,74.1867469879518,74.1867469879518,98520,0.0,1.6544863987007714,0.6110349893569946,0.612,0.15823466092572658,0.060064935064935064,0.20454545454545456,0.1444805194805195,100,0.6024096385542169,100,163,0.9819277108433735,477,163,0.9819277108433735,930
2,csf1r,boba_ucb,12315,166,0.013479496548924077,2560,159,0.8081761006289309,0.009104202310679765,0.00370758777649397,74.1867469879518,73.58360270349691,3072,0.9688185140073081,52.734375,0.6024888753890991,0.5800000000000001,0.15835140997830802,0.04383116883116883,0.21915584415584416,0.17532467532467533,100,0.6024096385542169,100,160,0.963855421686747,481,162,0.9759036144578314,937
2,csf1r,rabvs_budgeted_reliable,12315,166,0.013479496548924077,2560,159,0.8081761006289309,0.009104202310679765,0.00370758777649397,74.1867469879518,73.58360270349691,3072,0.9688185140073081,53.059895833333336,0.5971270203590393,0.842,0.15738758029978586,0.04383116883116883,0.21915584415584416,0.17532467532467533,100,0.6024096385542169,100,162,0.9759036144578314,493,163,0.9819277108433735,986
2,csf1r,rabvs_budgeted_no_ucb,12315,166,0.013479496548924077,2560,162,0.8533950617283951,0.005096613222799408,0.0026125908394421925,74.1867469879518,72.98045841904202,3072,0.9688185140073081,53.059895833333336,0.6017427444458008,0.89,0.15588547189819724,0.05672609400324149,0.20454545454545456,0.14781936054221306,98,0.5903614457831325,100,161,0.9698795180722891,494,163,0.9819277108433735,990
2,csf1r,rabvs_budgeted_random_parts,12315,166,0.013479496548924077,2560,156,0.6766826923076923,0.009257585749063076,0.0043575769374165,74.1867469879518,72.37731413458712,3072,0.9688185140073081,52.408854166666664,0.6037644743919373,0.854,0.15474919957310565,0.040584415584415584,0.2224025974025974,0.18181818181818182,97,0.5843373493975904,100,161,0.9698795180722891,489,161,0.9698795180722891,986
0,cxcr4,greedy_surrogate,3446,40,0.011607661056297156,2560,40,0.875,0.00438591299250288,0.0005290628177646095,86.15,86.15,27568,0.0,1.4509576320371445,0.6977495551109314,0.637,0.020833333333333332,0.023121387283236993,0.20930232558139536,0.18618093829815838,40,1.0,80,40,1.0,402,40,1.0,770
0,cxcr4,boba_ucb,3446,40,0.011607661056297156,2560,40,0.875,0.004387343497856162,0.0005824793037295031,86.15,86.15,2697,0.9021691816598956,14.831294030404154,0.6978117823600769,0.65,0.020588235294117647,0.011560693641618497,0.22093023255813954,0.20936953891652105,40,1.0,80,40,1.0,404,40,1.0,782
0,cxcr4,rabvs_budgeted_reliable,3446,40,0.011607661056297156,2560,40,0.875,0.004387343497856162,0.0005824793037295031,86.15,86.15,2697,0.9021691816598956,14.831294030404154,0.6791177988052368,0.951,0.01761006289308176,0.011560693641618497,0.22093023255813954,0.20936953891652105,40,1.0,83,40,1.0,482,40,1.0,945
0,cxcr4,rabvs_budgeted_no_ucb,3446,40,0.011607661056297156,2560,40,0.875,0.004679439704709226,0.0005309473164038924,86.15,86.15,2697,0.9021691816598956,14.831294030404154,0.6685167551040649,0.955,0.017135862913096694,0.023121387283236993,0.20930232558139536,0.18618093829815838,40,1.0,83,40,1.0,483,40,1.0,982
0,cxcr4,rabvs_budgeted_random_parts,3446,40,0.011607661056297156,2560,40,0.809375,0.0053268950342165305,0.0006863275147729391,86.15,86.15,2697,0.9021691816598956,14.831294030404154,0.6780482530593872,0.949,0.017857142857142856,0.011560693641618497,0.22093023255813954,0.20936953891652105,40,1.0,83,40,1.0,482,40,1.0,938
1,cxcr4,greedy_surrogate,3446,40,0.011607661056297156,2560,40,0.875,0.004343439530716617,0.0004728220380551971,86.15,86.15,27568,0.0,1.4509576320371445,0.6991585493087769,0.656,0.017991004497751123,0.017341040462427744,0.21511627906976744,0.1977752386073397,40,1.0,81,40,1.0,410,40,1.0,774
1,cxcr4,boba_ucb,3446,40,0.011607661056297156,2560,40,0.8671875,0.004361633845111512,0.000477578045209741,86.15,86.15,2697,0.9021691816598956,14.831294030404154,0.6996278166770935,0.656,0.01812688821752266,0.017341040462427744,0.21511627906976744,0.1977752386073397,40,1.0,81,40,1.0,407,40,1.0,771
1,cxcr4,rabvs_budgeted_reliable,3446,40,0.011607661056297156,2560,40,0.8671875,0.004361633845111512,0.000477578045209741,86.15,86.15,2697,0.9021691816598956,14.831294030404154,0.6756131649017334,0.957,0.015170670037926675,0.017341040462427744,0.21511627906976744,0.1977752386073397,40,1.0,83,40,1.0,482,40,1.0,954
1,cxcr4,rabvs_budgeted_no_ucb,3446,40,0.011607661056297156,2560,40,0.875,0.004622084705674078,0.0004935765369168897,86.15,86.15,2697,0.9021691816598956,14.831294030404154,0.6671857237815857,0.962,0.014814814814814815,0.017341040462427744,0.21511627906976744,0.1977752386073397,40,1.0,84,40,1.0,482,40,1.0,982
1,cxcr4,rabvs_budgeted_random_parts,3446,40,0.011607661056297156,2560,40,0.78125,0.004745022396922444,0.0005108140556195143,86.15,86.15,2697,0.9021691816598956,14.831294030404154,0.6762840747833252,0.951,0.015151515151515152,0.017341040462427744,0.21511627906976744,0.1977752386073397,40,1.0,83,40,1.0,483,40,1.0,950
2,cxcr4,greedy_surrogate,3446,40,0.011607661056297156,2560,40,0.875,0.0033098630912031324,0.0004505181066381364,86.15,86.15,27568,0.0,1.4509576320371445,0.6983191967010498,0.663,0.02250351617440225,0.023121387283236993,0.20930232558139536,0.18618093829815838,40,1.0,81,40,1.0,405,40,1.0,771
2,cxcr4,boba_ucb,3446,40,0.011607661056297156,2560,40,0.8625,0.003445935310112789,0.00041961467439617466,86.15,86.15,2697,0.9021691816598956,14.831294030404154,0.6983230113983154,0.659,0.022889842632331903,0.023121387283236993,0.20930232558139536,0.18618093829815838,40,1.0,79,40,1.0,397,40,1.0,763
2,cxcr4,rabvs_budgeted_reliable,3446,40,0.011607661056297156,2560,40,0.8625,0.003445935310112789,0.00041961467439617466,86.15,86.15,2697,0.9021691816598956,14.831294030404154,0.6779835224151611,0.959,0.020278833967046894,0.023121387283236993,0.20930232558139536,0.18618093829815838,40,1.0,84,40,1.0,483,40,1.0,945
2,cxcr4,rabvs_budgeted_no_ucb,3446,40,0.011607661056297156,2560,40,0.875,0.00354503524967675,0.0004741726204296169,86.15,86.15,2697,0.9021691816598956,14.831294030404154,0.6639443635940552,0.967,0.01968019680196802,0.023121387283236993,0.20930232558139536,0.18618093829815838,40,1.0,84,40,1.0,483,40,1.0,983
2,cxcr4,rabvs_budgeted_random_parts,3446,40,0.011607661056297156,2560,40,0.6,0.004114768846339418,0.0005538346452592599,86.15,86.15,2697,0.9021691816598956,14.831294030404154,0.6709752082824707,0.953,0.02030456852791878,0.023121387283236993,0.20930232558139536,0.18618093829815838,40,1.0,83,40,1.0,482,40,1.0,949
0,def,greedy_surrogate,5802,102,0.017580144777662874,2560,102,0.8737745098039216,0.0033218655112613447,0.00026748069091792005,56.88235294117647,56.88235294117647,46416,0.0,2.197518097207859,0.6368945240974426,0.43600000000000005,0.08673469387755102,0.027491408934707903,0.32413793103448274,0.2966465220997748,100,0.9803921568627451,67,102,1.0,386,102,1.0,777
0,def,boba_ucb,5802,102,0.017580144777662874,2560,100,0.848125,0.004172263672092771,0.0004316575301128309,56.88235294117647,56.88235294117647,2792,0.9398483281627025,36.532951289398284,0.6328173875808716,0.44699999999999995,0.08531994981179424,0.030927835051546393,0.32068965517241377,0.2897618201208674,100,0.9803921568627451,68,102,1.0,392,102,1.0,791
0,def,rabvs_budgeted_reliable,5802,102,0.017580144777662874,2560,100,0.848125,0.004172263672092771,0.0004316575301128309,56.88235294117647,56.88235294117647,2792,0.9398483281627025,36.532951289398284,0.6287827491760254,0.884,0.07709750566893424,0.030927835051546393,0.32068965517241377,0.2897618201208674,100,0.9803921568627451,68,102,1.0,463,102,1.0,963
0,def,rabvs_budgeted_no_ucb,5802,102,0.017580144777662874,2560,102,0.8737745098039216,0.003689188133369862,0.00031176217597185806,56.88235294117647,56.88235294117647,2792,0.9398483281627025,36.532951289398284,0.6281059384346008,0.883,0.07666290868094701,0.024054982817869417,0.3275862068965517,0.30353122407868227,100,0.9803921568627451,68,102,1.0,463,102,1.0,963
0,def,rabvs_budgeted_random_parts,5802,102,0.017580144777662874,2560,78,0.6322115384615384,0.0037785444163015063,0.0004665949523866437,56.88235294117647,56.88235294117647,2792,0.9398483281627025,36.532951289398284,0.6307587623596191,0.885,0.07674943566591422,0.1134020618556701,0.23793103448275862,0.12452897262708852,100,0.9803921568627451,68,102,1.0,466,102,1.0,966
1,def,greedy_surrogate,5802,102,0.017580144777662874,2560,102,0.8737745098039216,0.003456117070290671,0.00031162188962532636,56.88235294117647,56.88235294117647,46416,0.0,2.197518097207859,0.6348332762718201,0.45499999999999996,0.07953063885267275,0.044673539518900345,0.30689655172413793,0.2622230122052376,100,0.9803921568627451,68,102,1.0,388,102,1.0,794
1,def,boba_ucb,5802,102,0.017580144777662874,2560,101,0.8564356435643564,0.003963702027110053,0.00045848947350852196,56.88235294117647,56.88235294117647,2792,0.9398483281627025,36.532951289398284,0.6344881057739258,0.46299999999999997,0.07963446475195822,0.037800687285223365,0.3127147766323024,0.27491408934707906,100,0.9803921568627451,68,102,1.0,401,102,1.0,801
1,def,rabvs_budgeted_reliable,5802,102,0.017580144777662874,2560,101,0.8564356435643564,0.003963702027110053,0.00045848947350852196,56.88235294117647,56.88235294117647,2792,0.9398483281627025,36.532951289398284,0.6262670755386353,0.882,0.07068366164542295,0.037800687285223365,0.3127147766323024,0.27491408934707906,100,0.9803921568627451,68,102,1.0,465,102,1.0,965
1,def,rabvs_budgeted_no_ucb,5802,102,0.017580144777662874,2560,102,0.8743872549019608,0.003642847145805883,0.00032156857520429527,56.88235294117647,56.88235294117647,2792,0.9398483281627025,36.532951289398284,0.6257234811782837,0.884,0.07027649769585254,0.037800687285223365,0.3137931034482759,0.27599241616305253,100,0.9803921568627451,68,102,1.0,465,102,1.0,965
1,def,rabvs_budgeted_random_parts,5802,102,0.017580144777662874,2560,66,0.7888257575757576,0.0037467491767349,0.0008732478042953832,56.88235294117647,56.88235294117647,2792,0.9398483281627025,35.10028653295129,0.6275895237922668,0.886,0.0686046511627907,0.12371134020618557,0.22758620689655173,0.10387486669036616,97,0.9509803921568627,68,98,0.9607843137254902,468,98,0.9607843137254902,968
2,def,greedy_surrogate,5802,102,0.017580144777662874,2560,102,0.8743872549019608,0.0034552646865570863,0.0003086899685524803,56.88235294117647,56.88235294117647,46416,0.0,2.197518097207859,0.6341819167137146,0.42600000000000005,0.08746736292428199,0.030927835051546393,0.31958762886597936,0.28865979381443296,100,0.9803921568627451,68,102,1.0,382,102,1.0,771
2,def,boba_ucb,5802,102,0.017580144777662874,2560,100,0.846875,0.003334702209184888,0.0005772220543366511,56.88235294117647,56.88235294117647,2792,0.9398483281627025,36.532951289398284,0.6335665583610535,0.43600000000000005,0.08611825192802057,0.027491408934707903,0.32413793103448274,0.2966465220997748,100,0.9803921568627451,68,102,1.0,403,102,1.0,788
2,def,rabvs_budgeted_reliable,5802,102,0.017580144777662874,2560,100,0.846875,0.003334702209184888,0.0005772220543366511,56.88235294117647,56.88235294117647,2792,0.9398483281627025,35.816618911174785,0.6290050745010376,0.886,0.07674684994272624,0.027491408934707903,0.32413793103448274,0.2966465220997748,100,0.9803921568627451,68,100,0.9803921568627451,467,100,0.9803921568627451,967
2,def,rabvs_budgeted_no_ucb,5802,102,0.017580144777662874,2560,102,0.8737745098039216,0.0038364621477821933,0.0003691972328263374,56.88235294117647,56.88235294117647,2792,0.9398483281627025,36.532951289398284,0.6285176873207092,0.881,0.07692307692307693,0.030927835051546393,0.32068965517241377,0.2897618201208674,100,0.9803921568627451,68,102,1.0,465,102,1.0,965
2,def,rabvs_budgeted_random_parts,5802,102,0.017580144777662874,2560,80,0.7046875,0.0046742244433617105,0.0008455937176328009,56.88235294117647,56.88235294117647,2792,0.9398483281627025,36.17478510028653,0.6317543983459473,0.879,0.07648401826484018,0.08934707903780069,0.2620689655172414,0.1727218864794407,100,0.9803921568627451,68,101,0.9901960784313726,463,101,0.9901960784313726,962
0,dhi1,greedy_surrogate,19680,330,0.01676829268292683,2560,322,0.7828027950310559,0.013062912567774651,0.007257789588667948,59.63636363636363,55.39824642362713,157440,0.0,2.0388719512195124,0.5949856042861938,0.716,0.3230932203389831,0.08231707317073171,0.2459349593495935,0.1636178861788618,98,0.296969696969697,100,299,0.906060606060606,488,321,0.9727272727272728,923
0,dhi1,boba_ucb,19680,330,0.01676829268292683,2560,247,0.7269736842105263,0.011111598659304906,0.007009564315441864,59.63636363636363,56.003691739732346,3584,0.9772357723577236,87.33258928571429,0.6017292737960815,0.692,0.32212581344902386,0.09857723577235772,0.22865853658536586,0.13008130081300814,99,0.3,100,286,0.8666666666666667,490,313,0.9484848484848485,930
0,dhi1,rabvs_budgeted_reliable,19680,330,0.01676829268292683,2560,247,0.7269736842105263,0.011111598659304906,0.007009564315441864,59.63636363636363,56.306414397784955,3584,0.9772357723577236,88.16964285714286,0.5952783823013306,0.8069999999999999,0.31315240083507306,0.09857723577235772,0.22865853658536586,0.13008130081300814,99,0.3,100,289,0.8757575757575757,492,316,0.9575757575757575,971
0,dhi1,rabvs_budgeted_no_ucb,19680,330,0.01676829268292683,2560,323,0.7759287925696594,0.013936080874310842,0.007458678085422297,59.63636363636363,56.60913705583756,3584,0.9772357723577236,89.84375,0.5885457396507263,0.8240000000000001,0.3200836820083682,0.07926829268292683,0.24898373983739838,0.16971544715447157,99,0.3,100,300,0.9090909090909091,489,322,0.9757575757575757,958
0,dhi1,rabvs_budgeted_random_parts,19680,330,0.01676829268292683,2560,216,0.6686921296296297,0.014011377443801749,0.008799314450299349,59.63636363636363,56.911859713890166,3584,0.9772357723577236,87.61160714285714,0.589921236038208,0.8109999999999999,0.3104166666666667,0.11178861788617886,0.21544715447154472,0.10365853658536586,98,0.296969696969697,100,280,0.8484848484848485,489,314,0.9515151515151515,950
1,dhi1,greedy_surrogate,19680,330,0.01676829268292683,2560,323,0.7699303405572755,0.014025657883020126,0.007182830826317388,59.63636363636363,56.306414397784955,157440,0.0,2.032520325203252,0.5985920429229736,0.6930000000000001,0.3293864370290635,0.07113821138211382,0.2571138211382114,0.1859756097560976,100,0.30303030303030304,100,296,0.896969696969697,486,320,0.9696969696969697,915
1,dhi1,boba_ucb,19680,330,0.01676829268292683,2560,211,0.7485189573459715,0.01387154616822258,0.008640305084439859,59.63636363636363,54.79280110752192,3584,0.9772357723577236,86.49553571428571,0.5984388589859009,0.71,0.32486187845303865,0.08841463414634146,0.23678861788617886,0.1483739837398374,99,0.3,100,278,0.8424242424242424,466,310,0.9393939393939394,891
1,dhi1,rabvs_budgeted_reliable,19680,330,0.01676829268292683,2560,211,0.7485189573459715,0.01387154616822258,0.008640305084439859,59.63636363636363,56.306414397784955,3584,0.9772357723577236,86.77455357142857,0.5945912599563599,0.8069999999999999,0.31891891891891894,0.08841463414634146,0.23678861788617886,0.1483739837398374,100,0.30303030303030304,100,280,0.8484848484848485,473,311,0.9424242424242424,936
1,dhi1,rabvs_budgeted_no_ucb,19680,330,0.01676829268292683,2560,321,0.7749221183800623,0.014525299108547007,0.007361794844691025,59.63636363636363,57.214582371942775,3584,0.9772357723577236,89.56473214285714,0.590997040271759,0.808,0.32214060860440713,0.07215447154471545,0.2550813008130081,0.18292682926829268,100,0.30303030303030304,100,301,0.9121212121212121,488,321,0.9727272727272728,958
1,dhi1,rabvs_budgeted_random_parts,19680,330,0.01676829268292683,2560,271,0.5874077490774908,0.0218924093480607,0.012356966785848855,56.65454545454545,55.70096908167974,3584,0.9772357723577236,89.56473214285714,0.5895423889160156,0.771,0.3255069370330843,0.07317073170731707,0.25609756097560976,0.18292682926829268,93,0.2818181818181818,100,294,0.8909090909090909,491,321,0.9727272727272728,959
2,dhi1,greedy_surrogate,19680,330,0.01676829268292683,2560,323,0.7952786377708978,0.01102917096090093,0.00623532766418359,59.63636363636363,57.214582371942775,157440,0.0,2.032520325203252,0.5981608033180237,0.732,0.3247863247863248,0.08943089430894309,0.23983739837398374,0.15040650406504064,100,0.30303030303030304,100,306,0.9272727272727272,488,320,0.9696969696969697,913
2,dhi1,boba_ucb,19680,330,0.01676829268292683,2560,270,0.6993055555555555,0.014494734127475248,0.008068319810217117,59.63636363636363,57.517305029995384,3584,0.9772357723577236,86.49553571428571,0.5968729853630066,0.71,0.315450643776824,0.06605691056910569,0.2601626016260163,0.1941056910569106,99,0.3,100,289,0.8757575757575757,480,310,0.9393939393939394,912
2,dhi1,rabvs_budgeted_reliable,19680,330,0.01676829268292683,2560,270,0.6993055555555555,0.014494734127475248,0.008068319810217117,59.63636363636363,57.214582371942775,3584,0.9772357723577236,87.33258928571429,0.5906956195831299,0.796,0.31329113924050633,0.06605691056910569,0.2601626016260163,0.1941056910569106,100,0.30303030303030304,100,294,0.8909090909090909,488,313,0.9484848484848485,940
2,dhi1,rabvs_budgeted_no_ucb,19680,330,0.01676829268292683,2560,322,0.7956133540372671,0.013009638693232942,0.006689275520956411,59.63636363636363,56.911859713890166,3584,0.9772357723577236,90.12276785714286,0.5886838436126709,0.823,0.324181626187962,0.0741869918699187,0.25609756097560976,0.18191056910569106,100,0.30303030303030304,100,304,0.9212121212121213,489,323,0.9787878787878788,949
2,dhi1,rabvs_budgeted_random_parts,19680,330,0.01676829268292683,2560,227,0.6225220264317181,0.015525774124283196,0.00932170525877682,59.63636363636363,56.911859713890166,3584,0.9772357723577236,86.77455357142857,0.5849835276603699,0.817,0.3161843515541265,0.08434959349593496,0.23780487804878048,0.15345528455284552,99,0.3,100,289,0.8757575757575757,457,311,0.9424242424242424,903
0,dpp4,greedy_surrogate,41482,533,0.012848946531025505,2560,520,0.8117788461538461,0.003082724784382079,0.0019223878590587298,77.82739212007505,77.0772485815683,331856,0.0,1.5639313437153466,0.5453165769577026,0.636,0.5244536940686785,0.03903614457831325,0.21504339440694312,0.17600724982862986,100,0.18761726078799248,100,474,0.8893058161350844,500,519,0.9737335834896811,939
0,dpp4,boba_ucb,41482,533,0.012848946531025505,2560,349,0.7956661891117478,0.003128863414004447,0.002435802178495904,77.82739212007505,75.76449738918149,4608,0.9861144592835447,110.46006944444444,0.5577909350395203,0.644,0.5289079229122056,0.06843373493975903,0.18466730954676952,0.11623357460701049,100,0.18761726078799248,100,459,0.8611632270168855,497,509,0.9549718574108818,915
0,dpp4,rabvs_budgeted_reliable,41482,533,0.012848946531025505,2560,349,0.7956661891117478,0.003128863414004447,0.002435802178495904,77.82739212007505,75.95203327380818,4608,0.9861144592835447,110.67708333333333,0.5508484244346619,0.749,0.5124223602484472,0.06843373493975903,0.18466730954676952,0.11623357460701049,100,0.18761726078799248,100,465,0.8724202626641651,498,510,0.9568480300187617,969
0,dpp4,rabvs_budgeted_no_ucb,41482,533,0.012848946531025505,2560,521,0.8024232245681382,0.0032776900750154654,0.0019423125809508526,77.82739212007505,76.88971269694161,4608,0.9861144592835447,112.19618055555556,0.5371848344802856,0.728,0.5175257731958763,0.03855421686746988,0.21600771456123433,0.17745349769376445,100,0.18761726078799248,100,475,0.8911819887429644,499,517,0.9699812382739212,969
0,dpp4,rabvs_budgeted_random_parts,41482,533,0.012848946531025505,2560,272,0.5643382352941176,0.004373377494908211,0.002869627231052203,77.82739212007505,75.5769615045548,4608,0.9861144592835447,110.24305555555556,0.5447465181350708,0.72,0.5124740124740125,0.08289156626506024,0.171648987463838,0.08875742119877776,100,0.18761726078799248,100,462,0.8667917448405253,500,508,0.9530956848030019,977
1,dpp4,greedy_surrogate,41482,533,0.012848946531025505,2560,519,0.8109344894026975,0.0026189775185350758,0.0019224206956559781,77.82739212007505,76.70217681231493,331856,0.0,1.5609179885251434,0.5464606881141663,0.648,0.5273109243697479,0.04385542168674699,0.20925747348119575,0.16540205179444875,100,0.18761726078799248,100,470,0.8818011257035647,499,518,0.9718574108818011,939
1,dpp4,boba_ucb,41482,533,0.012848946531025505,2560,334,0.7677769461077845,0.0013740688949966506,0.0024682025561467247,77.82739212007505,76.13956915843487,4608,0.9861144592835447,107.2048611111111,0.5382421016693115,0.635,0.49739854318418314,0.07518072289156627,0.17695274831243973,0.10177202542087346,100,0.18761726078799248,100,455,0.8536585365853658,498,494,0.926829268292683,932
1,dpp4,rabvs_budgeted_reliable,41482,533,0.012848946531025505,2560,334,0.7677769461077845,0.0013740688949966506,0.0024682025561467247,77.82739212007505,76.32710504306155,4608,0.9861144592835447,108.94097222222223,0.5348023176193237,0.768,0.4989733059548255,0.07518072289156627,0.17695274831243973,0.10177202542087346,100,0.18761726078799248,100,456,0.8555347091932458,500,502,0.9418386491557224,983
1,dpp4,rabvs_budgeted_no_ucb,41482,533,0.012848946531025505,2560,520,0.8022836538461539,0.002450703555237765,0.0018920179611021826,77.82739212007505,77.0772485815683,4608,0.9861144592835447,112.63020833333333,0.54148268699646,0.73,0.5174897119341564,0.041927710843373496,0.21060240963855423,0.16867469879518074,100,0.18761726078799248,100,475,0.8911819887429644,499,519,0.9737335834896811,973
1,dpp4,rabvs_budgeted_random_parts,41482,533,0.012848946531025505,2560,367,0.6198910081743869,0.0038711390578120646,0.002805498250494012,77.82739212007505,76.13956915843487,4608,0.9861144592835447,111.1111111111111,0.5561050772666931,0.724,0.5182481751824818,0.059759036144578316,0.19286403085824494,0.13310499471366663,100,0.18761726078799248,100,460,0.8630393996247655,499,512,0.9606003752345216,951
2,dpp4,greedy_surrogate,41482,533,0.012848946531025505,2560,522,0.8107040229885057,0.0027389970057888277,0.001685196564553088,77.82739212007505,76.88971269694161,331856,0.0,1.5669446989055493,0.5479114651679993,0.629,0.5343915343915344,0.03710843373493976,0.21552555448408872,0.17841712074914895,100,0.18761726078799248,100,481,0.9024390243902439,500,520,0.975609756097561,924
2,dpp4,boba_ucb,41482,533,0.012848946531025505,2560,410,0.714329268292683,0.0037662495338855544,0.0019687106406316357,77.82739212007505,77.26478446619498,4608,0.9861144592835447,111.5451388888889,0.5482713580131531,0.629,0.5247108307045215,0.04048192771084337,0.21166827386692383,0.17118634615608047,100,0.18761726078799248,100,480,0.900562851782364,500,514,0.9643527204502814,938
2,dpp4,rabvs_budgeted_reliable,41482,533,0.012848946531025505,2560,410,0.714329268292683,0.0037662495338855544,0.0019687106406316357,77.82739212007505,77.0772485815683,4608,0.9861144592835447,111.5451388888889,0.5433268547058105,0.737,0.513903192584964,0.04048192771084337,0.21166827386692383,0.17118634615608047,100,0.18761726078799248,100,481,0.9024390243902439,500,514,0.9643527204502814,975
2,dpp4,rabvs_budgeted_no_ucb,41482,533,0.012848946531025505,2560,521,0.8044625719769674,0.0023730594759699773,0.001617508252053206,77.82739212007505,77.26478446619498,4608,0.9861144592835447,112.19618055555556,0.5406071543693542,0.742,0.5175257731958763,0.03614457831325301,0.21648987463837993,0.1803452963251269,100,0.18761726078799248,100,480,0.900562851782364,500,517,0.9699812382739212,978
2,dpp4,rabvs_budgeted_random_parts,41482,533,0.012848946531025505,2560,356,0.3089887640449438,0.004326188136803948,0.0026363939104481968,77.82739212007505,76.70217681231493,4608,0.9861144592835447,109.375,0.5482562184333801,0.696,0.5083160083160083,0.09783132530120482,0.15477338476374156,0.056942059462536734,100,0.18761726078799248,100,468,0.8780487804878049,498,504,0.9455909943714822,954
0,drd3,greedy_surrogate,34530,480,0.013900955690703735,2560,464,0.7966056034482759,0.003381636832712891,0.0023657073211772943,71.9375,70.89492753623189,276240,0.0,1.6760787720822474,0.565751850605011,0.516,0.4694736842105263,0.046902142443543716,0.22479721900347624,0.17789507655993253,100,0.20833333333333334,100,442,0.9208333333333333,496,463,0.9645833333333333,929
0,drd3,boba_ucb,34530,480,0.013900955690703735,2560,353,0.7825779036827195,0.0037479967080133376,0.0030504009203055275,71.9375,71.10344202898551,4352,0.9842455835505358,104.31985294117648,0.5744118094444275,0.497,0.45903361344537813,0.06543138390272148,0.2074159907300116,0.14198460682729014,100,0.20833333333333334,100,418,0.8708333333333333,493,454,0.9458333333333333,925
0,drd3,rabvs_budgeted_reliable,34530,480,0.013900955690703735,2560,353,0.7825779036827195,0.0037479967080133376,0.0030504009203055275,71.9375,70.68641304347827,4352,0.9842455835505358,105.46875,0.5678163766860962,0.629,0.4599375650364204,0.06543138390272148,0.2074159907300116,0.14198460682729014,99,0.20625,100,424,0.8833333333333333,497,459,0.95625,969
0,drd3,rabvs_budgeted_no_ucb,34530,480,0.013900955690703735,2560,463,0.7938714902807775,0.00391269704555021,0.0024512367347718617,71.9375,70.47789855072465,4352,0.9842455835505358,106.61764705882352,0.5555896162986755,0.643,0.4622543950361944,0.0451650260567458,0.22595596755504055,0.18079094149829475,98,0.20416666666666666,100,443,0.9229166666666667,497,464,0.9666666666666667,968
0,drd3,rabvs_budgeted_random_parts,34530,480,0.013900955690703735,2560,281,0.6065391459074733,0.0074565930168433905,0.004172955862295838,71.9375,70.47789855072465,4352,0.9842455835505358,104.77941176470588,0.5623759031295776,0.5880000000000001,0.45492227979274613,0.08685581933989578,0.1825028968713789,0.09564707753148313,98,0.20416666666666666,100,424,0.8833333333333333,495,456,0.95,956
1,drd3,greedy_surrogate,34530,480,0.013900955690703735,2560,464,0.8053609913793104,0.003701346252021144,0.002352286127691721,71.9375,70.68641304347827,276240,0.0,1.6760787720822474,0.5618055462837219,0.521,0.46321243523316064,0.05211349160393746,0.220162224797219,0.16804873319328154,100,0.20833333333333334,100,444,0.925,496,463,0.9645833333333333,936
1,drd3,boba_ucb,34530,480,0.013900955690703735,2560,350,0.7569642857142858,0.008184547785885081,0.0047273269395331245,71.9375,68.39275362318841,4352,0.9842455835505358,104.54963235294117,0.5890682935714722,0.567,0.46546227417640806,0.06543138390272148,0.20683661645422943,0.14140523255150794,100,0.20833333333333334,100,400,0.8333333333333334,476,455,0.9479166666666666,880
1,drd3,rabvs_budgeted_reliable,34530,480,0.013900955690703735,2560,350,0.7569642857142858,0.008184547785885081,0.0047273269395331245,71.9375,69.2268115942029,4352,0.9842455835505358,105.0091911764706,0.581572949886322,0.651,0.4608150470219436,0.06543138390272148,0.20683661645422943,0.14140523255150794,98,0.20416666666666666,100,404,0.8416666666666667,484,457,0.9520833333333333,922
1,drd3,rabvs_budgeted_no_ucb,34530,480,0.013900955690703735,2560,464,0.8037446120689655,0.0033350929886752593,0.002284902120568507,71.9375,70.68641304347827,4352,0.9842455835505358,106.15808823529412,0.5565675497055054,0.646,0.45790554414784396,0.04921829762594094,0.22190034762456548,0.17268204999862455,99,0.20625,100,445,0.9270833333333334,498,462,0.9625,978
1,drd3,rabvs_budgeted_random_parts,34530,480,0.013900955690703735,2560,324,0.6404320987654321,0.006422516215246484,0.004032004463554662,71.9375,70.26938405797102,4352,0.9842455835505358,106.61764705882352,0.5598145127296448,0.579,0.46424870466321244,0.07701215981470759,0.19582850521436848,0.11881634539966089,98,0.20416666666666666,100,417,0.86875,484,464,0.9666666666666667,930
2,drd3,greedy_surrogate,34530,480,0.013900955690703735,2560,462,0.8016774891774892,0.0028938721322713857,0.002255075434678839,71.9375,70.68641304347827,276240,0.0,1.6579785693599767,0.5633031129837036,0.529,0.4594594594594595,0.052692530399536766,0.21726535341830822,0.16457282301877146,100,0.20833333333333334,100,444,0.925,493,458,0.9541666666666667,921
2,drd3,boba_ucb,34530,480,0.013900955690703735,2560,370,0.7807432432432433,0.003650075514187663,0.0031431342382942386,71.9375,70.26938405797102,4352,0.9842455835505358,103.17095588235294,0.5654186606407166,0.516,0.46063829787234045,0.056745801968731906,0.21147161066048667,0.15472580869175476,100,0.20833333333333334,100,421,0.8770833333333333,489,449,0.9354166666666667,921
2,drd3,rabvs_budgeted_reliable,34530,480,0.013900955690703735,2560,370,0.7807432432432433,0.003650075514187663,0.0031431342382942386,71.9375,70.68641304347827,4352,0.9842455835505358,103.17095588235294,0.558478832244873,0.628,0.4510416666666667,0.056745801968731906,0.21147161066048667,0.15472580869175476,100,0.20833333333333334,100,426,0.8875,496,449,0.9354166666666667,958
2,drd3,rabvs_budgeted_no_ucb,34530,480,0.013900955690703735,2560,462,0.8060064935064936,0.003164208689975373,0.0023150372563100763,71.9375,70.89492753623189,4352,0.9842455835505358,105.0091911764706,0.5560556650161743,0.648,0.4537037037037037,0.05442964678633468,0.21552723059096177,0.16109758380462708,99,0.20625,100,445,0.9270833333333334,495,457,0.9520833333333333,972
2,drd3,rabvs_budgeted_random_parts,34530,480,0.013900955690703735,2560,324,0.5052083333333334,0.006715285212677902,0.005102948275682483,71.9375,69.43532608695652,4352,0.9842455835505358,103.17095588235294,0.5613330602645874,0.5589999999999999,0.45340314136125653,0.10821759259259259,0.16386797915460335,0.05565038656201077,98,0.20416666666666666,100,407,0.8479166666666667,478,449,0.9354166666666667,903
0,dyr,greedy_surrogate,17431,231,0.013252251735413917,2560,229,0.8654475982532751,0.0026943557411502465,0.0009060800709807269,75.45887445887446,75.45887445887446,139448,0.0,1.6421892031438243,0.6073962450027466,0.472,0.24624277456647398,0.040137614678899085,0.22247706422018348,0.1823394495412844,100,0.4329004329004329,100,229,0.9913419913419913,446,229,0.9913419913419913,778
0,dyr,boba_ucb,17431,231,0.013252251735413917,2560,212,0.8493514150943396,0.0026056215063555662,0.0010207240276921975,75.45887445887446,75.45887445887446,3328,0.9761344730652286,68.50961538461539,0.6120331287384033,0.46399999999999997,0.2422857142857143,0.034403669724770644,0.22821100917431192,0.19380733944954126,100,0.4329004329004329,100,228,0.987012987012987,443,228,0.987012987012987,778
0,dyr,rabvs_budgeted_reliable,17431,231,0.013252251735413917,2560,212,0.8493514150943396,0.0026056215063555662,0.0010207240276921975,75.45887445887446,75.45887445887446,3328,0.9761344730652286,68.20913461538461,0.6160505414009094,0.898,0.22117400419287211,0.034403669724770644,0.22821100917431192,0.19380733944954126,100,0.4329004329004329,100,227,0.9826839826839827,489,227,0.9826839826839827,989
0,dyr,rabvs_budgeted_no_ucb,17431,231,0.013252251735413917,2560,229,0.8649017467248908,0.0026323321075868034,0.0009022891808377934,75.45887445887446,75.45887445887446,3328,0.9761344730652286,68.50961538461539,0.612354040145874,0.896,0.2217573221757322,0.03211009174311927,0.2305045871559633,0.19839449541284404,100,0.4329004329004329,100,228,0.987012987012987,490,228,0.987012987012987,989
0,dyr,rabvs_budgeted_random_parts,17431,231,0.013252251735413917,2560,94,0.7865691489361702,0.0031040161725372113,0.0015317714344995847,75.45887445887446,75.45887445887446,3328,0.9761344730652286,65.5048076923077,0.6158673167228699,0.889,0.21151832460732983,0.16169724770642202,0.09977064220183486,-0.06192660550458716,100,0.4329004329004329,100,218,0.9437229437229437,485,218,0.9437229437229437,984
1,dyr,greedy_surrogate,17431,231,0.013252251735413917,2560,229,0.8670851528384279,0.0029556264023236265,0.0009074579840252136,75.45887445887446,75.45887445887446,139448,0.0,1.6421892031438243,0.6077012419700623,0.473,0.2485414235705951,0.03784403669724771,0.22477064220183487,0.18692660550458717,100,0.4329004329004329,100,229,0.9913419913419913,445,229,0.9913419913419913,784
1,dyr,boba_ucb,17431,231,0.013252251735413917,2560,218,0.8520642201834863,0.002938590568397188,0.001125969934153289,75.45887445887446,75.45887445887446,3328,0.9761344730652286,68.20913461538461,0.6117880344390869,0.43400000000000005,0.2494061757719715,0.029782359679266894,0.23279816513761467,0.20301580545834777,100,0.4329004329004329,100,226,0.9783549783549783,441,227,0.9826839826839827,761
1,dyr,rabvs_budgeted_reliable,17431,231,0.013252251735413917,2560,218,0.8520642201834863,0.002938590568397188,0.001125969934153289,75.45887445887446,74.5915310742897,3328,0.9761344730652286,68.81009615384616,0.6231492161750793,0.902,0.22268907563025211,0.029782359679266894,0.23279816513761467,0.20301580545834777,100,0.4329004329004329,100,228,0.987012987012987,492,229,0.9913419913419913,992
1,dyr,rabvs_budgeted_no_ucb,17431,231,0.013252251735413917,2560,227,0.8703193832599119,0.0020240747779650767,0.0007213460696702263,75.45887445887446,75.45887445887446,3328,0.9761344730652286,68.50961538461539,0.6122164130210876,0.911,0.2201453790238837,0.03096330275229358,0.231651376146789,0.2006880733944954,100,0.4329004329004329,100,228,0.987012987012987,496,228,0.987012987012987,993
1,dyr,rabvs_budgeted_random_parts,17431,231,0.013252251735413917,2560,200,0.65875,0.002447968173613518,0.0009958031077432602,75.45887445887446,75.02520276658208,3328,0.9761344730652286,68.50961538461539,0.6148247718811035,0.908,0.2206035379812695,0.03555045871559633,0.22591743119266056,0.19036697247706422,100,0.4329004329004329,100,228,0.987012987012987,485,228,0.987012987012987,985
2,dyr,greedy_surrogate,17431,231,0.013252251735413917,2560,230,0.866304347826087,0.0033297124784273566,0.0010231012544021855,75.45887445887446,75.45887445887446,139448,0.0,1.649360335035282,0.611333429813385,0.486,0.24457142857142858,0.034403669724770644,0.22935779816513763,0.19495412844036697,100,0.4329004329004329,100,230,0.9956709956709957,435,230,0.9956709956709957,793
2,dyr,boba_ucb,17431,231,0.013252251735413917,2560,216,0.8660300925925926,0.0025099342154252836,0.0011757057214650604,75.45887445887446,75.45887445887446,3328,0.9761344730652286,67.90865384615384,0.6120072603225708,0.44999999999999996,0.24822695035460993,0.026376146788990827,0.23394495412844038,0.20756880733944955,100,0.4329004329004329,100,223,0.9653679653679653,439,226,0.9783549783549783,775
2,dyr,rabvs_budgeted_reliable,17431,231,0.013252251735413917,2560,216,0.8660300925925926,0.0025099342154252836,0.0011757057214650604,75.45887445887446,75.45887445887446,3328,0.9761344730652286,67.90865384615384,0.6224520206451416,0.908,0.22012578616352202,0.026376146788990827,0.23394495412844038,0.20756880733944955,100,0.4329004329004329,100,225,0.974025974025974,488,226,0.9783549783549783,987
2,dyr,rabvs_budgeted_no_ucb,17431,231,0.013252251735413917,2560,229,0.8670851528384279,0.0032114029686159977,0.0009781864501152667,75.45887445887446,75.45887445887446,3328,0.9761344730652286,68.81009615384616,0.6144832968711853,0.893,0.22431865828092243,0.029782359679266894,0.23367697594501718,0.20389461626575028,100,0.4329004329004329,100,229,0.9913419913419913,491,229,0.9913419913419913,987
2,dyr,rabvs_budgeted_random_parts,17431,231,0.013252251735413917,2560,217,0.4346198156682028,0.00781817223557695,0.0028506012449513894,75.45887445887446,75.02520276658208,3328,0.9761344730652286,67.90865384615384,0.6151764392852783,0.796,0.22629310344827586,0.052691867124856816,0.21100917431192662,0.1583173071870698,100,0.4329004329004329,100,226,0.9783549783549783,466,226,0.9783549783549783,947
0,egfr,greedy_surrogate,35592,542,0.0152281411553158,2560,529,0.8205340264650284,0.0018766480535028136,0.0013732290554779624,65.6678966789668,65.6678966789668,284736,0.0,1.840301191278939,0.5555357933044434,0.44499999999999995,0.5281837160751566,0.033707865168539325,0.2651685393258427,0.2314606741573034,100,0.18450184501845018,100,493,0.9095940959409594,500,524,0.966789667896679,945
0,egfr,boba_ucb,35592,542,0.0152281411553158,2560,374,0.7897727272727273,0.004326176274312769,0.0018789415605213772,65.6678966789668,65.6678966789668,4352,0.984715666441897,120.17463235294117,0.5704991817474365,0.43500000000000005,0.5310199789695058,0.05112359550561798,0.24831460674157305,0.19719101123595506,100,0.18450184501845018,100,489,0.9022140221402214,499,523,0.9649446494464945,936
0,egfr,rabvs_budgeted_reliable,35592,542,0.0152281411553158,2560,374,0.7897727272727273,0.004326176274312769,0.0018789415605213772,65.6678966789668,65.6678966789668,4352,0.984715666441897,120.40441176470588,0.5692009925842285,0.6,0.5216049382716049,0.05112359550561798,0.24831460674157305,0.19719101123595506,100,0.18450184501845018,100,489,0.9022140221402214,499,524,0.966789667896679,982
0,egfr,rabvs_budgeted_no_ucb,35592,542,0.0152281411553158,2560,528,0.8174715909090909,0.002450763255794804,0.0014256793648578915,65.6678966789668,65.6678966789668,4352,0.984715666441897,121.09375,0.5608223676681519,0.645,0.5214723926380368,0.030337078651685393,0.2679775280898876,0.23764044943820223,100,0.18450184501845018,100,495,0.9132841328413284,500,527,0.9723247232472325,995
0,egfr,rabvs_budgeted_random_parts,35592,542,0.0152281411553158,2560,235,0.7398936170212767,0.004342807019448016,0.002226727414680911,65.6678966789668,65.48343629503711,4352,0.984715666441897,119.02573529411764,0.5583406686782837,0.5860000000000001,0.5175983436853002,0.14775280898876406,0.15168539325842698,0.00393258426966292,100,0.18450184501845018,100,482,0.8892988929889298,500,518,0.955719557195572,976
1,egfr,greedy_surrogate,35592,542,0.0152281411553158,2560,525,0.8244047619047619,0.001836719353259875,0.00139669936813828,65.6678966789668,65.6678966789668,284736,0.0,1.840301191278939,0.5554986000061035,0.44099999999999995,0.5337552742616034,0.034269662921348316,0.2640449438202247,0.2297752808988764,100,0.18450184501845018,100,493,0.9095940959409594,500,524,0.966789667896679,938
1,egfr,boba_ucb,35592,542,0.0152281411553158,2560,341,0.7978372434017595,0.002483576616196932,0.0019310729606909324,65.6678966789668,65.6678966789668,4352,0.984715666441897,118.56617647058823,0.5598630309104919,0.46699999999999997,0.5253164556962026,0.056741573033707866,0.2398876404494382,0.18314606741573033,100,0.18450184501845018,100,484,0.8929889298892989,499,516,0.9520295202952029,952
1,egfr,rabvs_budgeted_reliable,35592,542,0.0152281411553158,2560,341,0.7978372434017595,0.002483576616196932,0.0019310729606909324,65.6678966789668,65.6678966789668,4352,0.984715666441897,118.79595588235294,0.5578960180282593,0.646,0.515495867768595,0.056741573033707866,0.2398876404494382,0.18314606741573033,100,0.18450184501845018,100,486,0.8966789667896679,500,517,0.9538745387453874,994
1,egfr,rabvs_budgeted_no_ucb,35592,542,0.0152281411553158,2560,524,0.8234732824427481,0.0018886327442433428,0.0014046110735213323,65.6678966789668,65.6678966789668,4352,0.984715666441897,120.6341911764706,0.5555111765861511,0.652,0.5237603305785123,0.030337078651685393,0.2662921348314607,0.2359550561797753,100,0.18450184501845018,100,494,0.9114391143911439,500,525,0.9686346863468634,994
1,egfr,rabvs_budgeted_random_parts,35592,542,0.0152281411553158,2560,298,0.40226510067114096,0.002421820750800896,0.0018111830839542347,65.6678966789668,65.6678966789668,4352,0.984715666441897,119.02573529411764,0.5583086609840393,0.631,0.5159958720330238,0.11229646266142616,0.1849353569421023,0.07263889428067614,100,0.18450184501845018,100,491,0.9059040590405905,500,518,0.955719557195572,987
2,egfr,greedy_surrogate,35592,542,0.0152281411553158,2560,525,0.8239285714285715,0.0015162261808705346,0.0013405047889081738,65.6678966789668,65.6678966789668,284736,0.0,1.8332771409305462,0.5577698349952698,0.46599999999999997,0.5245046923879041,0.033707865168539325,0.2640449438202247,0.23033707865168537,100,0.18450184501845018,100,494,0.9114391143911439,500,522,0.9630996309963099,945
2,egfr,boba_ucb,35592,542,0.0152281411553158,2560,346,0.8002167630057804,0.0014924869857402166,0.001617052200209952,65.6678966789668,65.6678966789668,4352,0.984715666441897,118.79595588235294,0.5489392876625061,0.46099999999999997,0.5181723779854621,0.05449438202247191,0.24269662921348314,0.18820224719101125,100,0.18450184501845018,100,492,0.9077490774907749,500,517,0.9538745387453874,948
2,egfr,rabvs_budgeted_reliable,35592,542,0.0152281411553158,2560,346,0.8002167630057804,0.0014924869857402166,0.001617052200209952,65.6678966789668,65.6678966789668,4352,0.984715666441897,117.1875,0.5454810261726379,0.69,0.5030674846625767,0.05449438202247191,0.24269662921348314,0.18820224719101125,100,0.18450184501845018,100,492,0.9077490774907749,500,510,0.940959409594096,994
2,egfr,rabvs_budgeted_no_ucb,35592,542,0.0152281411553158,2560,529,0.8150992438563327,0.0021546633959639836,0.0013913420196915232,65.6678966789668,65.6678966789668,4352,0.984715666441897,120.6341911764706,0.558235764503479,0.648,0.518974358974359,0.033707865168539325,0.2646067415730337,0.23089887640449439,100,0.18450184501845018,100,495,0.9132841328413284,500,525,0.9686346863468634,993
2,egfr,rabvs_budgeted_random_parts,35592,542,0.0152281411553158,2560,336,0.6527157738095238,0.004171536188061212,0.001924542912085008,65.6678966789668,65.6678966789668,4352,0.984715666441897,118.10661764705883,0.5557740330696106,0.614,0.509783728115345,0.05955056179775281,0.24044943820224718,0.18089887640449437,100,0.18450184501845018,100,484,0.8929889298892989,500,514,0.948339483394834,986
0,esr1,greedy_surrogate,21068,383,0.01817922916271122,2560,382,0.8386780104712042,0.0029995087995231076,0.0009359460260655621,55.007832898172325,55.007832898172325,168544,0.0,2.266470476552117,0.6185569763183594,0.529,0.40331491712707185,0.046489563567362426,0.3162393162393162,0.2697497526719538,100,0.26109660574412535,100,382,0.9973890339425587,482,382,0.9973890339425587,863
0,esr1,boba_ucb,21068,383,0.01817922916271122,2560,312,0.8056891025641025,0.0027464643283388237,0.001522064250645017,55.007832898172325,55.007832898172325,3584,0.9787355230681603,105.18973214285714,0.6124369502067566,0.509,0.39823008849557523,0.055977229601518026,0.30484330484330485,0.24886607524178683,100,0.26109660574412535,100,370,0.9660574412532638,477,377,0.9843342036553525,866
0,esr1,rabvs_budgeted_reliable,21068,383,0.01817922916271122,2560,312,0.8056891025641025,0.0027464643283388237,0.001522064250645017,55.007832898172325,55.007832898172325,3584,0.9787355230681603,104.07366071428571,0.6061832904815674,0.842,0.36929460580912865,0.055977229601518026,0.30484330484330485,0.24886607524178683,100,0.26109660574412535,100,372,0.9712793733681462,491,373,0.9738903394255874,989
0,esr1,rabvs_budgeted_no_ucb,21068,383,0.01817922916271122,2560,382,0.8367146596858639,0.0031774595655620057,0.0009109374361245302,55.007832898172325,55.007832898172325,3584,0.9787355230681603,106.30580357142857,0.6173362135887146,0.83,0.3795620437956204,0.04269449715370019,0.31973434535104367,0.2770398481973435,100,0.26109660574412535,100,380,0.9921671018276762,497,381,0.9947780678851175,991
0,esr1,rabvs_budgeted_random_parts,21068,383,0.01817922916271122,2560,356,0.6534410112359551,0.0030164464653029315,0.0012984299600356328,55.007832898172325,55.007832898172325,3584,0.9787355230681603,105.74776785714286,0.6060759425163269,0.827,0.3755186721991701,0.056925996204933584,0.3057929724596391,0.24886697625470552,100,0.26109660574412535,100,376,0.9817232375979112,497,379,0.9895561357702349,990
1,esr1,greedy_surrogate,21068,383,0.01817922916271122,2560,382,0.837696335078534,0.00302753373685754,0.0009945419343663768,55.007832898172325,55.007832898172325,168544,0.0,2.266470476552117,0.6196286082267761,0.534,0.4066666666666667,0.06261859582542695,0.30009496676163344,0.2374763709362065,100,0.26109660574412535,100,380,0.9921671018276762,485,382,0.9973890339425587,857
1,esr1,boba_ucb,21068,383,0.01817922916271122,2560,330,0.7734848484848484,0.0037258678924520588,0.0016257428877822742,55.007832898172325,55.007832898172325,3584,0.9787355230681603,105.46875,0.6207107901573181,0.508,0.4044692737430168,0.056925996204933584,0.3055028462998102,0.24857685009487665,100,0.26109660574412535,100,370,0.9660574412532638,481,378,0.9869451697127938,855
1,esr1,rabvs_budgeted_reliable,21068,383,0.01817922916271122,2560,330,0.7734848484848484,0.0037258678924520588,0.0016257428877822742,55.007832898172325,55.007832898172325,3584,0.9787355230681603,104.63169642857143,0.6225345134735107,0.808,0.3774973711882229,0.056925996204933584,0.3055028462998102,0.24857685009487665,100,0.26109660574412535,100,373,0.9738903394255874,491,375,0.97911227154047,977
1,esr1,rabvs_budgeted_no_ucb,21068,383,0.01817922916271122,2560,382,0.8370418848167539,0.003279329797947808,0.0010599485254646109,55.007832898172325,55.007832898172325,3584,0.9787355230681603,106.58482142857143,0.6170538067817688,0.8109999999999999,0.3796680497925311,0.05977229601518026,0.3029439696106363,0.24317167359545605,100,0.26109660574412535,100,381,0.9947780678851175,490,382,0.9973890339425587,983
1,esr1,rabvs_budgeted_random_parts,21068,383,0.01817922916271122,2560,277,0.6565884476534296,0.004383958246020079,0.001436686726861024,55.007832898172325,55.007832898172325,3584,0.9787355230681603,105.46875,0.6163910031318665,0.779,0.3842887473460722,0.08349146110056926,0.2792022792022792,0.19571081810170993,100,0.26109660574412535,100,378,0.9869451697127938,488,378,0.9869451697127938,973
2,esr1,greedy_surrogate,21068,383,0.01817922916271122,2560,381,0.839730971128609,0.0030800664078044684,0.0009151279578680106,55.007832898172325,55.007832898172325,168544,0.0,2.2605373077653312,0.623964250087738,0.54,0.3980263157894737,0.05028462998102467,0.3124406457739791,0.26215601579295444,100,0.26109660574412535,100,381,0.9947780678851175,483,381,0.9947780678851175,855
2,esr1,boba_ucb,21068,383,0.01817922916271122,2560,299,0.857232441471572,0.002900056452214251,0.0014932557295835808,55.007832898172325,55.007832898172325,3584,0.9787355230681603,105.74776785714286,0.6182170510292053,0.522,0.3945355191256831,0.058823529411764705,0.3029439696106363,0.24412044019887158,100,0.26109660574412535,100,372,0.9712793733681462,480,379,0.9895561357702349,872
2,esr1,rabvs_budgeted_reliable,21068,383,0.01817922916271122,2560,299,0.857232441471572,0.002900056452214251,0.0014932557295835808,55.007832898172325,55.007832898172325,3584,0.9787355230681603,104.35267857142857,0.612544059753418,0.843,0.3658787255909558,0.058823529411764705,0.3029439696106363,0.24412044019887158,100,0.26109660574412535,100,372,0.9712793733681462,494,374,0.9765013054830287,992
2,esr1,rabvs_budgeted_no_ucb,21068,383,0.01817922916271122,2560,380,0.8401315789473685,0.0029550876919052804,0.0009107712019691089,55.007832898172325,55.007832898172325,3584,0.9787355230681603,106.30580357142857,0.6177703738212585,0.817,0.37655601659751037,0.04933586337760911,0.31339031339031337,0.2640544500127043,100,0.26109660574412535,100,380,0.9921671018276762,492,381,0.9947780678851175,983
2,esr1,rabvs_budgeted_random_parts,21068,383,0.01817922916271122,2560,356,0.3049508426966292,0.0036171448846536616,0.001852921446678243,55.007832898172325,54.74713226832316,3584,0.9787355230681603,101.5625,0.6124557852745056,0.821,0.3578076525336091,0.1698292220113852,0.19183285849952517,0.022003636488139966,100,0.26109660574412535,100,358,0.9347258485639687,484,364,0.9503916449086162,976
0,esr2,greedy_surrogate,20566,367,0.017844986871535545,2560,366,0.8461407103825137,0.003335837851573529,0.0009560749905775194,56.038147138964575,56.038147138964575,164528,0.0,2.2245453661382864,0.6281483769416809,0.522,0.38377192982456143,0.052478134110787174,0.3035019455252918,0.25102381141450464,100,0.2724795640326976,100,365,0.9945504087193461,481,366,0.997275204359673,844
0,esr2,boba_ucb,20566,367,0.017844986871535545,2560,299,0.8438545150501672,0.002859695922805775,0.001451389607583545,56.038147138964575,56.038147138964575,3584,0.9782164737916951,101.28348214285714,0.6295757293701172,0.45299999999999996,0.38684503901895206,0.05830903790087463,0.29863813229571984,0.2403290943948452,100,0.2724795640326976,100,356,0.9700272479564033,474,363,0.989100817438692,844
0,esr2,rabvs_budgeted_reliable,20566,367,0.017844986871535545,2560,299,0.8438545150501672,0.002859695922805775,0.001451389607583545,56.038147138964575,56.038147138964575,3584,0.9782164737916951,101.84151785714286,0.6158275604248047,0.819,0.3624091381100727,0.05830903790087463,0.29863813229571984,0.2403290943948452,100,0.2724795640326976,100,360,0.9809264305177112,491,365,0.9945504087193461,986
0,esr2,rabvs_budgeted_no_ucb,20566,367,0.017844986871535545,2560,364,0.850103021978022,0.003433080637195421,0.0009616022544637194,56.038147138964575,56.038147138964575,3584,0.9782164737916951,101.84151785714286,0.627363383769989,0.8140000000000001,0.3620331950207469,0.0456754130223518,0.3103112840466926,0.26463587102434083,100,0.2724795640326976,100,364,0.9918256130790191,491,365,0.9945504087193461,980
0,esr2,rabvs_budgeted_random_parts,20566,367,0.017844986871535545,2560,326,0.6067868098159509,0.0027405950548648455,0.001456173684934295,56.038147138964575,56.038147138964575,3584,0.9782164737916951,101.00446428571429,0.6181357502937317,0.84,0.3592938733125649,0.05539358600583091,0.3005836575875486,0.2451900715817177,100,0.2724795640326976,100,359,0.9782016348773842,492,362,0.9863760217983651,989
1,esr2,greedy_surrogate,20566,367,0.017844986871535545,2560,366,0.849214480874317,0.0031659661860207458,0.0008292320876845819,56.038147138964575,56.038147138964575,164528,0.0,2.2184673733346303,0.6329110264778137,0.515,0.39038031319910516,0.057337220602526724,0.29863813229571984,0.24130091169319312,100,0.2724795640326976,100,365,0.9945504087193461,473,365,0.9945504087193461,839
1,esr2,boba_ucb,20566,367,0.017844986871535545,2560,309,0.8236245954692557,0.003246489651579103,0.0013269609440918057,56.038147138964575,56.038147138964575,3584,0.9782164737916951,100.44642857142857,0.6288313269615173,0.513,0.3940435280641466,0.0641399416909621,0.2918287937743191,0.22768885208335699,100,0.2724795640326976,100,356,0.9700272479564033,477,360,0.9809264305177112,813
1,esr2,rabvs_budgeted_reliable,20566,367,0.017844986871535545,2560,309,0.8236245954692557,0.003246489651579103,0.0013269609440918057,56.038147138964575,56.038147138964575,3584,0.9782164737916951,101.00446428571429,0.6237066388130188,0.837,0.3578076525336091,0.0641399416909621,0.2918287937743191,0.22768885208335699,100,0.2724795640326976,100,358,0.9754768392370572,490,362,0.9863760217983651,987
1,esr2,rabvs_budgeted_no_ucb,20566,367,0.017844986871535545,2560,365,0.8513698630136987,0.003297250113821873,0.0009083370715356501,56.038147138964575,56.038147138964575,3584,0.9782164737916951,101.84151785714286,0.6222149729728699,0.817,0.3612836438923395,0.04470359572400389,0.3109815354713314,0.2662779397473275,100,0.2724795640326976,100,364,0.9918256130790191,489,365,0.9945504087193461,982
1,esr2,rabvs_budgeted_random_parts,20566,367,0.017844986871535545,2560,238,0.45561974789915966,0.003589177061717505,0.0015502868099203663,56.038147138964575,56.038147138964575,3584,0.9782164737916951,101.28348214285714,0.6205724477767944,0.8069999999999999,0.3618352450469239,0.1564625850340136,0.19747081712062256,0.04100823208660895,100,0.2724795640326976,100,363,0.989100817438692,483,363,0.989100817438692,972
2,esr2,greedy_surrogate,20566,367,0.017844986871535545,2560,364,0.8509615384615384,0.0029720990903955996,0.0009244225994856076,56.038147138964575,56.038147138964575,164528,0.0,2.2123893805309733,0.6362453103065491,0.529,0.39164785553047404,0.05442176870748299,0.3005836575875486,0.24616188888006563,100,0.2724795640326976,100,364,0.9918256130790191,476,364,0.9918256130790191,835
2,esr2,boba_ucb,20566,367,0.017844986871535545,2560,298,0.8378775167785235,0.006011872328836496,0.001588944495323566,56.038147138964575,56.038147138964575,3584,0.9782164737916951,101.5625,0.6345022916793823,0.5349999999999999,0.3952164009111617,0.05539358600583091,0.3005836575875486,0.2451900715817177,100,0.2724795640326976,100,363,0.989100817438692,475,364,0.9918256130790191,825
2,esr2,rabvs_budgeted_reliable,20566,367,0.017844986871535545,2560,298,0.8378775167785235,0.006011872328836496,0.001588944495323566,56.038147138964575,56.038147138964575,3584,0.9782164737916951,101.5625,0.6306781768798828,0.778,0.3679745493107105,0.05539358600583091,0.3005836575875486,0.2451900715817177,100,0.2724795640326976,100,364,0.9918256130790191,487,364,0.9918256130790191,954
2,esr2,rabvs_budgeted_no_ucb,20566,367,0.017844986871535545,2560,363,0.850034435261708,0.0027433281735713823,0.0008658737974350333,56.038147138964575,56.038147138964575,3584,0.9782164737916951,101.28348214285714,0.6204122304916382,0.836,0.35892116182572614,0.04178814382896016,0.3142023346303502,0.27241419080139,100,0.2724795640326976,100,362,0.9863760217983651,490,363,0.989100817438692,986
2,esr2,rabvs_budgeted_random_parts,20566,367,0.017844986871535545,2560,312,0.5078125,0.002310786128376214,0.0012611775870379801,56.038147138964575,56.038147138964575,3584,0.9782164737916951,100.72544642857143,0.6172078847885132,0.843,0.3598326359832636,0.05150631681243926,0.301556420233463,0.25005010342102374,100,0.2724795640326976,100,359,0.9782016348773842,492,361,0.9836512261580381,986
0,fa10,greedy_surrogate,28862,537,0.018605779225278913,2560,533,0.8082786116322702,0.003395615190230874,0.0022909123508164063,53.746741154562386,53.746741154562386,230896,0.0,2.2954057237890653,0.5475531816482544,0.515,0.5392670157068062,0.05263157894736842,0.3167013167013167,0.26406973775394826,100,0.186219739292365,100,478,0.8901303538175046,495,530,0.9869646182495344,926
0,fa10,boba_ucb,28862,537,0.018605779225278913,2560,427,0.6523711943793911,0.003427254686349357,0.0033851079677346646,53.746741154562386,53.56076627167462,4096,0.9822604116138868,124.51171875,0.5409168601036072,0.515,0.514047866805411,0.07271468144044321,0.2966042966042966,0.2238896151638534,100,0.186219739292365,100,465,0.8659217877094972,495,510,0.9497206703910615,920
0,fa10,rabvs_budgeted_reliable,28862,537,0.018605779225278913,2560,427,0.6523711943793911,0.003427254686349357,0.0033851079677346646,53.746741154562386,53.37479138878687,4096,0.9822604116138868,124.267578125,0.5372921228408813,0.644,0.5124481327800829,0.07271468144044321,0.2966042966042966,0.2238896151638534,100,0.186219739292365,100,466,0.8677839851024208,495,509,0.9478584729981379,955
0,fa10,rabvs_budgeted_no_ucb,28862,537,0.018605779225278913,2560,532,0.8007518796992481,0.0036886264265108978,0.0022942829745230364,53.746741154562386,53.188816505899105,4096,0.9822604116138868,129.39453125,0.5394462943077087,0.645,0.5314757481940144,0.05678670360110803,0.3125433125433125,0.2557566089422045,100,0.186219739292365,100,480,0.8938547486033519,495,530,0.9869646182495344,967
0,fa10,rabvs_budgeted_random_parts,28862,537,0.018605779225278913,2560,360,0.7491319444444444,0.004427276093361669,0.0035330989309577776,53.746741154562386,52.81686674012359,4096,0.9822604116138868,126.953125,0.5387007594108582,0.641,0.5163934426229508,0.07756232686980609,0.2910602910602911,0.213497964190485,100,0.186219739292365,100,467,0.8696461824953445,494,520,0.9683426443202979,968
1,fa10,greedy_surrogate,28862,537,0.018605779225278913,2560,532,0.8114426691729323,0.0038711213918508247,0.0024749161975825365,53.746741154562386,53.746741154562386,230896,0.0,2.299736677984894,0.5388454794883728,0.519,0.5404837013669821,0.05263157894736842,0.3167013167013167,0.26406973775394826,100,0.186219739292365,100,477,0.888268156424581,495,531,0.9888268156424581,937
1,fa10,boba_ucb,28862,537,0.018605779225278913,2560,416,0.7080829326923077,0.0039463858777626405,0.0031682827454767603,53.746741154562386,53.56076627167462,4096,0.9822604116138868,126.708984375,0.5481255054473877,0.495,0.5289778714436248,0.05609418282548476,0.31185031185031187,0.2557561290248271,100,0.186219739292365,100,471,0.8770949720670391,496,519,0.9664804469273743,916
1,fa10,rabvs_budgeted_reliable,28862,537,0.018605779225278913,2560,416,0.7080829326923077,0.0039463858777626405,0.0031682827454767603,53.746741154562386,53.746741154562386,4096,0.9822604116138868,126.708984375,0.538657546043396,0.617,0.522372528616025,0.05609418282548476,0.31185031185031187,0.2557561290248271,100,0.186219739292365,100,475,0.8845437616387337,496,519,0.9664804469273743,959
1,fa10,rabvs_budgeted_no_ucb,28862,537,0.018605779225278913,2560,532,0.808858082706767,0.0037395324609181776,0.00247945376096332,53.746741154562386,53.56076627167462,4096,0.9822604116138868,129.638671875,0.5358570218086243,0.635,0.5298969072164949,0.05609418282548476,0.31301939058171746,0.2569252077562327,100,0.186219739292365,100,477,0.888268156424581,495,531,0.9888268156424581,968
1,fa10,rabvs_budgeted_random_parts,28862,537,0.018605779225278913,2560,381,0.7070209973753281,0.009193991817196557,0.004572776480362909,53.746741154562386,53.00284162301135,4096,0.9822604116138868,128.173828125,0.5394068360328674,0.616,0.5280665280665281,0.0664819944598338,0.3049203049203049,0.23843831046047112,100,0.186219739292365,100,468,0.8715083798882681,495,525,0.9776536312849162,943
2,fa10,greedy_surrogate,28862,537,0.018605779225278913,2560,533,0.8055816135084428,0.0039055362016598167,0.0023305758584575603,53.746741154562386,53.746741154562386,230896,0.0,2.3040676321807223,0.5448287129402161,0.516,0.5375782881002088,0.04847645429362881,0.32155232155232155,0.27307586725869276,100,0.186219739292365,100,476,0.8864059590316573,495,532,0.9906890130353817,939
2,fa10,boba_ucb,28862,537,0.018605779225278913,2560,425,0.6802941176470588,0.0042773123229057795,0.0029333054389597663,53.746741154562386,53.746741154562386,4096,0.9822604116138868,126.708984375,0.5444624423980713,0.554,0.5223260643821391,0.062326869806094184,0.306999306999307,0.2446724371932128,100,0.186219739292365,100,474,0.88268156424581,496,519,0.9664804469273743,927
2,fa10,rabvs_budgeted_reliable,28862,537,0.018605779225278913,2560,425,0.6802941176470588,0.0042773123229057795,0.0029333054389597663,53.746741154562386,53.746741154562386,4096,0.9822604116138868,126.708984375,0.5383909344673157,0.663,0.520703933747412,0.062326869806094184,0.306999306999307,0.2446724371932128,100,0.186219739292365,100,476,0.8864059590316573,496,519,0.9664804469273743,949
2,fa10,rabvs_budgeted_no_ucb,28862,537,0.018605779225278913,2560,532,0.8041588345864662,0.003923404012253582,0.00235030909077026,53.746741154562386,53.56076627167462,4096,0.9822604116138868,129.638671875,0.5393800139427185,0.63,0.5326424870466321,0.05263157894736842,0.3173943173943174,0.264762738446949,100,0.186219739292365,100,478,0.8901303538175046,496,531,0.9888268156424581,973
2,fa10,rabvs_budgeted_random_parts,28862,537,0.018605779225278913,2560,496,0.4614415322580645,0.004814336535088407,0.003230138464062379,53.746741154562386,53.56076627167462,4096,0.9822604116138868,127.197265625,0.5397725105285645,0.638,0.5238589211618258,0.05886426592797784,0.30817174515235457,0.24930747922437674,100,0.186219739292365,100,474,0.88268156424581,496,521,0.9702048417132216,956
0,fa7,greedy_surrogate,6364,114,0.017913262099308613,2560,114,0.875,0.0017638747308427157,0.0001319456504314208,55.82456140350877,55.82456140350877,50912,0.0,2.239157762413577,0.6289986371994019,0.41200000000000003,0.11349306431273644,0.02821316614420063,0.330188679245283,0.3019755131010824,100,0.8771929824561403,75,114,1.0,411,114,1.0,749
0,fa7,boba_ucb,6364,114,0.017913262099308613,2560,114,0.8629385964912281,0.0027409586465310166,0.00022270920469803074,55.82456140350877,55.82456140350877,2814,0.944728158390949,40.51172707889126,0.6291956901550293,0.42000000000000004,0.11627906976744186,0.01567398119122257,0.34276729559748426,0.32709331440626166,100,0.8771929824561403,75,114,1.0,405,114,1.0,749
0,fa7,rabvs_budgeted_reliable,6364,114,0.017913262099308613,2560,114,0.8629385964912281,0.0027409586465310166,0.00022270920469803074,55.82456140350877,55.82456140350877,2814,0.944728158390949,40.51172707889126,0.6477158665657043,0.887,0.1048951048951049,0.01567398119122257,0.34276729559748426,0.32709331440626166,100,0.8771929824561403,79,114,1.0,471,114,1.0,958
0,fa7,rabvs_budgeted_no_ucb,6364,114,0.017913262099308613,2560,114,0.875,0.0023226047983728364,0.00015251343783023234,55.82456140350877,55.82456140350877,2814,0.944728158390949,40.51172707889126,0.6401918530464172,0.896,0.10227272727272728,0.018808777429467086,0.33962264150943394,0.32081386407996687,100,0.8771929824561403,80,114,1.0,471,114,1.0,971
0,fa7,rabvs_budgeted_random_parts,6364,114,0.017913262099308613,2560,99,0.553030303030303,0.001894957765522759,0.00030174998155655427,55.82456140350877,55.82456140350877,2814,0.944728158390949,40.15636105188344,0.6452815532684326,0.887,0.10336817653890824,0.05956112852664577,0.29874213836477986,0.2391810098381341,100,0.8771929824561403,79,113,0.9912280701754386,471,113,0.9912280701754386,966
1,fa7,greedy_surrogate,6364,114,0.017913262099308613,2560,114,0.8744517543859649,0.0017930914649682118,0.00013222473114433812,55.82456140350877,55.82456140350877,50912,0.0,2.239157762413577,0.6237001419067383,0.401,0.11069182389937107,0.034482758620689655,0.3238993710691824,0.2894166124484927,100,0.8771929824561403,76,114,1.0,416,114,1.0,769
1,fa7,boba_ucb,6364,114,0.017913262099308613,2560,114,0.8558114035087719,0.0030295577769758578,0.00029656450774682595,55.82456140350877,55.82456140350877,2814,0.944728158390949,40.51172707889126,0.6203638911247253,0.42000000000000004,0.1116751269035533,0.0219435736677116,0.33647798742138363,0.314534413753672,100,0.8771929824561403,75,114,1.0,415,114,1.0,782
1,fa7,rabvs_budgeted_reliable,6364,114,0.017913262099308613,2560,114,0.8558114035087719,0.0030295577769758578,0.00029656450774682595,55.82456140350877,55.82456140350877,2814,0.944728158390949,40.51172707889126,0.6484192609786987,0.879,0.10208816705336426,0.0219435736677116,0.33647798742138363,0.314534413753672,100,0.8771929824561403,77,114,1.0,471,114,1.0,953
1,fa7,rabvs_budgeted_no_ucb,6364,114,0.017913262099308613,2560,114,0.8744517543859649,0.0023392369490656383,0.00014981587066247408,55.82456140350877,55.82456140350877,2814,0.944728158390949,40.51172707889126,0.6392006278038025,0.897,0.10080183276059565,0.025078369905956112,0.3333333333333333,0.3082549634273772,100,0.8771929824561403,78,114,1.0,471,114,1.0,971
1,fa7,rabvs_budgeted_random_parts,6364,114,0.017913262099308613,2560,103,0.7736650485436893,0.0025081462551018226,0.0002152315930150933,55.82456140350877,55.82456140350877,2814,0.944728158390949,39.44562899786781,0.644770085811615,0.887,0.09826589595375723,0.05956112852664577,0.29874213836477986,0.2391810098381341,100,0.8771929824561403,77,111,0.9736842105263158,471,111,0.9736842105263158,962
2,fa7,greedy_surrogate,6364,114,0.017913262099308613,2560,114,0.8744517543859649,0.0017594978819106244,0.00012590215717753688,55.82456140350877,55.82456140350877,50912,0.0,2.239157762413577,0.6285418272018433,0.41600000000000004,0.11528497409326424,0.025078369905956112,0.3333333333333333,0.3082549634273772,100,0.8771929824561403,76,114,1.0,416,114,1.0,761
2,fa7,boba_ucb,6364,114,0.017913262099308613,2560,114,0.875,0.0030488989179173224,0.00025683652233717203,55.82456140350877,55.82456140350877,2814,0.944728158390949,40.51172707889126,0.6243201494216919,0.402,0.11469072164948453,0.012539184952978056,0.3448275862068966,0.3322884012539185,100,0.8771929824561403,76,114,1.0,411,114,1.0,772
2,fa7,rabvs_budgeted_reliable,6364,114,0.017913262099308613,2560,114,0.875,0.0030488989179173224,0.00025683652233717203,55.82456140350877,55.82456140350877,2814,0.944728158390949,40.51172707889126,0.6493085622787476,0.879,0.10253456221198157,0.012539184952978056,0.3448275862068966,0.3322884012539185,100,0.8771929824561403,81,114,1.0,471,114,1.0,954
2,fa7,rabvs_budgeted_no_ucb,6364,114,0.017913262099308613,2560,114,0.8744517543859649,0.0022305864737583833,0.00015614317081190997,55.82456140350877,55.82456140350877,2814,0.944728158390949,40.51172707889126,0.6382367610931396,0.898,0.1,0.012539184952978056,0.34591194968553457,0.3333727647325565,100,0.8771929824561403,80,114,1.0,471,114,1.0,971
2,fa7,rabvs_budgeted_random_parts,6364,114,0.017913262099308613,2560,95,0.7361842105263158,0.0018401008912738454,0.0003763783630039155,55.82456140350877,55.82456140350877,2814,0.944728158390949,39.44562899786781,0.6511333584785461,0.899,0.09873708381171067,0.06269592476489028,0.2946708463949843,0.23197492163009403,100,0.8771929824561403,77,111,0.9736842105263158,471,111,0.9736842105263158,961
0,fabp4,greedy_surrogate,2797,47,0.016803718269574545,2560,47,0.863031914893617,0.005683818122357411,0.0010052969093176662,59.51063829787233,59.51063829787233,22376,0.0,2.100464783696818,0.6667126417160034,0.46499999999999997,0.01838235294117647,0.02142857142857143,0.3142857142857143,0.29285714285714287,47,1.0,67,47,1.0,364,47,1.0,641
0,fabp4,boba_ucb,2797,47,0.016803718269574545,2560,47,0.8590425531914894,0.0051891491338619524,0.0010701775212838792,59.51063829787233,59.51063829787233,2671,0.8806310332499107,17.59640584050917,0.6691271662712097,0.46399999999999997,0.018214936247723135,0.02142857142857143,0.3142857142857143,0.29285714285714287,47,1.0,70,47,1.0,369,47,1.0,643
0,fabp4,rabvs_budgeted_reliable,2797,47,0.016803718269574545,2560,47,0.8590425531914894,0.0051891491338619524,0.0010701775212838792,59.51063829787233,59.51063829787233,2671,0.8806310332499107,17.222014226881317,0.6638971567153931,0.608,0.013215859030837005,0.02142857142857143,0.3142857142857143,0.29285714285714287,46,0.9787234042553191,71,46,0.9787234042553191,428,46,0.9787234042553191,808
0,fabp4,rabvs_budgeted_no_ucb,2797,47,0.016803718269574545,2560,47,0.8683510638297872,0.005527909353915333,0.0009891641722029572,59.51063829787233,59.51063829787233,2671,0.8806310332499107,17.222014226881317,0.6577310562133789,0.649,0.012640449438202247,0.02142857142857143,0.3142857142857143,0.29285714285714287,46,0.9787234042553191,72,46,0.9787234042553191,443,46,0.9787234042553191,808
0,fabp4,rabvs_budgeted_random_parts,2797,47,0.016803718269574545,2560,47,0.7167553191489362,0.0060179979978821,0.00113749659392486,59.51063829787233,59.51063829787233,2671,0.8806310332499107,17.222014226881317,0.6658154129981995,0.5880000000000001,0.012949640287769784,0.02142857142857143,0.3142857142857143,0.29285714285714287,46,0.9787234042553191,71,46,0.9787234042553191,425,46,0.9787234042553191,821
1,fabp4,greedy_surrogate,2797,47,0.016803718269574545,2560,47,0.8590425531914894,0.0072376649830641,0.0013151510875419926,59.51063829787233,59.51063829787233,22376,0.0,2.100464783696818,0.6660715937614441,0.469,0.02178217821782178,0.02142857142857143,0.3142857142857143,0.29285714285714287,47,1.0,65,47,1.0,367,47,1.0,645
1,fabp4,boba_ucb,2797,47,0.016803718269574545,2560,47,0.824468085106383,0.005682956353985617,0.00109211521482851,59.51063829787233,59.51063829787233,2671,0.8806310332499107,17.222014226881317,0.667748749256134,0.469,0.0196078431372549,0.02142857142857143,0.30714285714285716,0.28571428571428575,46,0.9787234042553191,67,46,0.9787234042553191,346,46,0.9787234042553191,643
1,fabp4,rabvs_budgeted_reliable,2797,47,0.016803718269574545,2560,47,0.824468085106383,0.005682956353985617,0.00109211521482851,59.51063829787233,59.51063829787233,2671,0.8806310332499107,17.222014226881317,0.6589105725288391,0.609,0.014792899408284023,0.02142857142857143,0.30714285714285716,0.28571428571428575,46,0.9787234042553191,71,46,0.9787234042553191,428,46,0.9787234042553191,802
1,fabp4,rabvs_budgeted_no_ucb,2797,47,0.016803718269574545,2560,47,0.8590425531914894,0.007128914153911008,0.0011723317726795204,59.51063829787233,59.51063829787233,2671,0.8806310332499107,17.222014226881317,0.6592058539390564,0.656,0.01447178002894356,0.02127659574468085,0.3142857142857143,0.29300911854103345,46,0.9787234042553191,71,46,0.9787234042553191,441,46,0.9787234042553191,801
1,fabp4,rabvs_budgeted_random_parts,2797,47,0.016803718269574545,2560,47,0.6781914893617021,0.0070839893751411575,0.0011644792314263433,59.51063829787233,59.51063829787233,2671,0.8806310332499107,17.222014226881317,0.6632384657859802,0.612,0.014388489208633094,0.02142857142857143,0.3142857142857143,0.29285714285714287,46,0.9787234042553191,70,46,0.9787234042553191,429,46,0.9787234042553191,813
2,fabp4,greedy_surrogate,2797,47,0.016803718269574545,2560,47,0.8736702127659575,0.006881138452161665,0.001003753141267572,59.51063829787233,59.51063829787233,22376,0.0,2.100464783696818,0.6673818826675415,0.45899999999999996,0.021621621621621623,0.04285714285714286,0.29285714285714287,0.25,47,1.0,68,47,1.0,369,47,1.0,664
2,fabp4,boba_ucb,2797,47,0.016803718269574545,2560,47,0.8683510638297872,0.007312809068377463,0.0010786617664429545,59.51063829787233,59.51063829787233,2671,0.8806310332499107,17.59640584050917,0.6657782793045044,0.45499999999999996,0.02181818181818182,0.04285714285714286,0.29285714285714287,0.25,47,1.0,70,47,1.0,364,47,1.0,656
2,fabp4,rabvs_budgeted_reliable,2797,47,0.016803718269574545,2560,47,0.8683510638297872,0.007312809068377463,0.0010786617664429545,59.51063829787233,59.51063829787233,2671,0.8806310332499107,17.222014226881317,0.6621518731117249,0.617,0.017595307917888565,0.04285714285714286,0.29285714285714287,0.25,46,0.9787234042553191,71,46,0.9787234042553191,424,46,0.9787234042553191,803
2,fabp4,rabvs_budgeted_no_ucb,2797,47,0.016803718269574545,2560,47,0.8736702127659575,0.007032988243961807,0.0010258580898556966,59.51063829787233,59.51063829787233,2671,0.8806310332499107,17.222014226881317,0.6586921811103821,0.6579999999999999,0.017191977077363897,0.04285714285714286,0.29285714285714287,0.25,46,0.9787234042553191,71,46,0.9787234042553191,444,46,0.9787234042553191,800
2,fabp4,rabvs_budgeted_random_parts,2797,47,0.016803718269574545,2560,47,0.7154255319148937,0.009013447140712429,0.0015853309738083463,59.51063829787233,59.51063829787233,2671,0.8806310332499107,17.222014226881317,0.6666982173919678,0.599,0.017804154302670624,0.04285714285714286,0.29285714285714287,0.25,46,0.9787234042553191,71,46,0.9787234042553191,428,46,0.9787234042553191,815
0,fak1,greedy_surrogate,5450,100,0.01834862385321101,2560,100,0.87,0.0032126344700801513,0.0004130298511970092,54.5,54.5,43600,0.0,2.293577981651376,0.6371937990188599,0.45099999999999996,0.04591836734693878,0.03296703296703297,0.33455882352941174,0.3015917905623788,99,0.99,44,100,1.0,412,100,1.0,828
0,fak1,boba_ucb,5450,100,0.01834862385321101,2560,98,0.8227040816326531,0.000939460114911795,0.0011153242746412533,54.5,54.5,2778,0.9362844036697248,35.63714902807776,0.6359665393829346,0.603,0.043586550435865505,0.02564102564102564,0.33088235294117646,0.3052413273001508,95,0.95,44,97,0.97,414,99,0.99,862
0,fak1,rabvs_budgeted_reliable,5450,100,0.01834862385321101,2560,98,0.8227040816326531,0.000939460114911795,0.0011153242746412533,54.5,54.5,2778,0.9362844036697248,34.55723542116631,0.6262465119361877,0.993,0.03760282021151586,0.02564102564102564,0.33088235294117646,0.3052413273001508,95,0.95,44,96,0.96,444,96,0.96,944
0,fak1,rabvs_budgeted_no_ucb,5450,100,0.01834862385321101,2560,99,0.8718434343434344,0.002614742052807927,0.0005762937880499801,54.5,54.5,2778,0.9362844036697248,35.63714902807776,0.6238535046577454,0.986,0.04060324825986079,0.03663003663003663,0.3272058823529412,0.29057584572290457,98,0.98,44,99,0.99,443,99,0.99,943
0,fak1,rabvs_budgeted_random_parts,5450,100,0.01834862385321101,2560,96,0.671875,0.0020170868101073523,0.0009403171572702986,54.5,54.5,2778,0.9362844036697248,34.91720662347012,0.623335063457489,0.988,0.03864168618266979,0.02564102564102564,0.3382352941176471,0.3125942684766214,95,0.95,44,97,0.97,444,97,0.97,944
1,fak1,greedy_surrogate,5450,100,0.01834862385321101,2560,100,0.873125,0.0033321158127450753,0.0005832930995665483,54.5,54.5,43600,0.0,2.293577981651376,0.6413528323173523,0.45399999999999996,0.051407588739290085,0.040293040293040296,0.3272058823529412,0.28691284205990086,99,0.99,44,100,1.0,410,100,1.0,838
1,fak1,boba_ucb,5450,100,0.01834862385321101,2560,97,0.8698453608247423,0.002629241682130693,0.0008198554027485554,54.5,54.5,2778,0.9362844036697248,35.99712023038157,0.6339085102081299,0.5569999999999999,0.05078597339782346,0.03296703296703297,0.3272058823529412,0.2942388493859082,98,0.98,44,98,0.98,411,100,1.0,852
1,fak1,rabvs_budgeted_reliable,5450,100,0.01834862385321101,2560,97,0.8698453608247423,0.002629241682130693,0.0008198554027485554,54.5,54.5,2778,0.9362844036697248,35.27717782577393,0.6255989074707031,0.991,0.047058823529411764,0.03296703296703297,0.3272058823529412,0.2942388493859082,98,0.98,44,98,0.98,444,98,0.98,944
1,fak1,rabvs_budgeted_no_ucb,5450,100,0.01834862385321101,2560,99,0.8712121212121212,0.003429414928933888,0.0006391102621635407,54.5,54.5,2778,0.9362844036697248,35.63714902807776,0.6263296604156494,0.982,0.047953216374269005,0.03663003663003663,0.3272058823529412,0.29057584572290457,98,0.98,44,99,0.99,443,99,0.99,943
1,fak1,rabvs_budgeted_random_parts,5450,100,0.01834862385321101,2560,70,0.6383928571428571,0.0032156443360566783,0.0011637419466256388,54.5,54.5,2778,0.9362844036697248,35.63714902807776,0.6267577409744263,0.988,0.0485781990521327,0.040293040293040296,0.3272058823529412,0.28691284205990086,98,0.98,44,99,0.99,444,99,0.99,944
2,fak1,greedy_surrogate,5450,100,0.01834862385321101,2560,100,0.869375,0.0029152017826350103,0.00044848881796453544,54.5,54.5,43600,0.0,2.293577981651376,0.6416671276092529,0.472,0.053231939163498096,0.03663003663003663,0.33088235294117646,0.29425231631113985,99,0.99,44,100,1.0,418,100,1.0,834
2,fak1,boba_ucb,5450,100,0.01834862385321101,2560,100,0.834375,0.0035330941411764213,0.000711828062960401,54.5,54.5,2778,0.9362844036697248,35.99712023038157,0.6367964148521423,0.5609999999999999,0.052109181141439205,0.029304029304029304,0.33088235294117646,0.30157832363714715,98,0.98,44,98,0.98,409,100,1.0,839
2,fak1,rabvs_budgeted_reliable,5450,100,0.01834862385321101,2560,100,0.834375,0.0035330941411764213,0.000711828062960401,54.5,54.5,2778,0.9362844036697248,35.27717782577393,0.6262292265892029,0.982,0.04880952380952381,0.029304029304029304,0.33088235294117646,0.30157832363714715,98,0.98,44,98,0.98,443,98,0.98,943
2,fak1,rabvs_budgeted_no_ucb,5450,100,0.01834862385321101,2560,100,0.866875,0.003356708640005473,0.00045381907154035773,54.5,54.5,2778,0.9362844036697248,35.99712023038157,0.6266251802444458,0.979,0.04941176470588235,0.03663003663003663,0.33088235294117646,0.29425231631113985,98,0.98,44,100,1.0,444,100,1.0,944
2,fak1,rabvs_budgeted_random_parts,5450,100,0.01834862385321101,2560,47,0.6715425531914894,0.004289153005047869,0.0008563867292107325,54.5,54.5,2778,0.9362844036697248,30.59755219582433,0.6257795095443726,0.978,0.03550295857988166,0.12454212454212454,0.2426470588235294,0.11810493428140487,85,0.85,47,85,0.85,447,85,0.85,947
0,fgfr1,greedy_surrogate,8839,139,0.01572576083267338,2560,135,0.8444444444444444,0.005639614037920348,0.002178498910636299,63.589928057553955,63.589928057553955,70712,0.0,1.9091526190745558,0.6217688918113708,0.46599999999999997,0.1353811149032992,0.0746606334841629,0.23076923076923078,0.15610859728506787,100,0.7194244604316546,100,135,0.9712230215827338,456,135,0.9712230215827338,864
0,fgfr1,boba_ucb,8839,139,0.01572576083267338,2560,118,0.8024364406779662,0.005188141374593125,0.00329516641755873,63.589928057553955,63.589928057553955,3072,0.9565561715126145,42.643229166666664,0.6224215030670166,0.49,0.13009049773755657,0.06108597285067873,0.23529411764705882,0.17420814479638008,100,0.7194244604316546,100,130,0.935251798561151,474,131,0.9424460431654677,882
0,fgfr1,rabvs_budgeted_reliable,8839,139,0.01572576083267338,2560,118,0.8024364406779662,0.005188141374593125,0.00329516641755873,63.589928057553955,63.589928057553955,3072,0.9565561715126145,41.341145833333336,0.6178628206253052,0.889,0.11935483870967742,0.06108597285067873,0.23529411764705882,0.17420814479638008,100,0.7194244604316546,100,125,0.8992805755395683,495,127,0.9136690647482014,993
0,fgfr1,rabvs_budgeted_no_ucb,8839,139,0.01572576083267338,2560,135,0.8490740740740741,0.006034371667264344,0.0021961954238288515,63.589928057553955,63.589928057553955,3072,0.9565561715126145,43.9453125,0.6157544851303101,0.876,0.12686567164179105,0.07239819004524888,0.2330316742081448,0.1606334841628959,100,0.7194244604316546,100,135,0.9712230215827338,495,135,0.9712230215827338,995
0,fgfr1,rabvs_budgeted_random_parts,8839,139,0.01572576083267338,2560,108,0.6128472222222222,0.015622208397832266,0.005963735118264755,63.589928057553955,62.14470241988227,3072,0.9565561715126145,44.921875,0.6224117875099182,0.782,0.13275299238302501,0.07239819004524888,0.2420814479638009,0.16968325791855204,98,0.7050359712230215,100,137,0.9856115107913669,484,138,0.9928057553956835,976
1,fgfr1,greedy_surrogate,8839,139,0.01572576083267338,2560,137,0.8462591240875912,0.008527786296943902,0.0031623487351031807,63.589928057553955,63.589928057553955,70712,0.0,1.9374363615793642,0.6274034380912781,0.486,0.1375,0.06787330316742081,0.2420814479638009,0.17420814479638008,100,0.7194244604316546,100,137,0.9856115107913669,459,137,0.9856115107913669,877
1,fgfr1,boba_ucb,8839,139,0.01572576083267338,2560,122,0.805327868852459,0.008506300547046982,0.003990993647454149,63.589928057553955,63.589928057553955,3072,0.9565561715126145,43.9453125,0.6343544125556946,0.499,0.13662456946039037,0.07013574660633484,0.23529411764705882,0.16515837104072398,100,0.7194244604316546,100,133,0.9568345323741008,462,135,0.9712230215827338,869
1,fgfr1,rabvs_budgeted_reliable,8839,139,0.01572576083267338,2560,122,0.805327868852459,0.008506300547046982,0.003990993647454149,63.589928057553955,63.589928057553955,3072,0.9565561715126145,42.643229166666664,0.6262770891189575,0.851,0.12445887445887446,0.07013574660633484,0.23529411764705882,0.16515837104072398,99,0.7122302158273381,100,130,0.935251798561151,483,131,0.9424460431654677,983
1,fgfr1,rabvs_budgeted_no_ucb,8839,139,0.01572576083267338,2560,138,0.8365036231884058,0.009402471371133082,0.003156387957435194,63.589928057553955,63.589928057553955,3072,0.9565561715126145,44.921875,0.6217765212059021,0.8260000000000001,0.13132400430570507,0.06561085972850679,0.24660633484162897,0.1809954751131222,100,0.7194244604316546,100,138,0.9928057553956835,487,138,0.9928057553956835,984
1,fgfr1,rabvs_budgeted_random_parts,8839,139,0.01572576083267338,2560,70,0.6669642857142857,0.016310830481622837,0.005828059014210192,63.589928057553955,62.86731523871811,3072,0.9565561715126145,44.270833333333336,0.6191834807395935,0.776,0.13071895424836602,0.05656108597285068,0.25565610859728505,0.19909502262443438,99,0.7122302158273381,100,136,0.9784172661870504,476,136,0.9784172661870504,967
2,fgfr1,greedy_surrogate,8839,139,0.01572576083267338,2560,138,0.8410326086956522,0.009201057371835564,0.003027057698621218,63.589928057553955,63.589928057553955,70712,0.0,1.9515782328317681,0.6316500902175903,0.477,0.13974799541809851,0.0746606334841629,0.23755656108597284,0.16289592760180993,100,0.7194244604316546,100,138,0.9928057553956835,448,138,0.9928057553956835,852
2,fgfr1,boba_ucb,8839,139,0.01572576083267338,2560,130,0.79375,0.010983620374938002,0.003608673030517174,63.589928057553955,63.589928057553955,3072,0.9565561715126145,44.921875,0.6319485902786255,0.486,0.13847900113507378,0.05656108597285068,0.25565610859728505,0.19909502262443438,100,0.7194244604316546,100,137,0.9856115107913669,460,138,0.9928057553956835,879
2,fgfr1,rabvs_budgeted_reliable,8839,139,0.01572576083267338,2560,130,0.79375,0.010983620374938002,0.003608673030517174,63.589928057553955,63.589928057553955,3072,0.9565561715126145,43.9453125,0.6226935982704163,0.8220000000000001,0.13076923076923078,0.05656108597285068,0.25565610859728505,0.19909502262443438,100,0.7194244604316546,100,135,0.9712230215827338,488,135,0.9712230215827338,984
2,fgfr1,rabvs_budgeted_no_ucb,8839,139,0.01572576083267338,2560,137,0.8280109489051095,0.008054734778813967,0.0026182921472972165,63.589928057553955,63.589928057553955,3072,0.9565561715126145,44.596354166666664,0.6203134655952454,0.849,0.13224043715846995,0.06561085972850679,0.24434389140271492,0.17873303167420812,100,0.7194244604316546,100,137,0.9856115107913669,487,137,0.9856115107913669,986
2,fgfr1,rabvs_budgeted_random_parts,8839,139,0.01572576083267338,2560,85,0.575,0.010369137937758002,0.004790589875150862,63.589928057553955,63.589928057553955,3072,0.9565561715126145,40.690104166666664,0.6253198981285095,0.8109999999999999,0.12057522123893805,0.13800904977375567,0.16063348416289594,0.022624434389140274,99,0.7122302158273381,100,124,0.8920863309352518,466,125,0.8992805755395683,956
0,fkb1a,greedy_surrogate,5911,111,0.018778548468956182,2560,111,0.875,0.0014019698662674756,7.018902727240283e-05,53.252252252252255,53.252252252252255,47288,0.0,2.3473185586195227,0.625684380531311,0.45999999999999996,0.10187353629976581,0.016891891891891893,0.3581081081081081,0.34121621621621623,100,0.9009009009009009,81,111,1.0,441,111,1.0,867
0,fkb1a,boba_ucb,5911,111,0.018778548468956182,2560,110,0.8698863636363636,0.0013471713428836987,0.00018672319261914453,53.252252252252255,53.252252252252255,2796,0.940872948739638,39.69957081545064,0.6268231272697449,0.475,0.10444177671068428,0.016891891891891893,0.3581081081081081,0.34121621621621623,100,0.9009009009009009,81,111,1.0,442,111,1.0,863
0,fkb1a,rabvs_budgeted_reliable,5911,111,0.018778548468956182,2560,110,0.8698863636363636,0.0013471713428836987,0.00018672319261914453,53.252252252252255,53.252252252252255,2796,0.940872948739638,39.69957081545064,0.6148203611373901,0.907,0.10069444444444445,0.016891891891891893,0.3581081081081081,0.34121621621621623,100,0.9009009009009009,85,111,1.0,479,111,1.0,979
0,fkb1a,rabvs_budgeted_no_ucb,5911,111,0.018778548468956182,2560,111,0.875,0.0019207499815053477,0.00010280177396471501,53.252252252252255,53.252252252252255,2796,0.940872948739638,39.69957081545064,0.6151071786880493,0.901,0.09965635738831616,0.013513513513513514,0.3614864864864865,0.347972972972973,100,0.9009009009009009,86,111,1.0,478,111,1.0,978
0,fkb1a,rabvs_budgeted_random_parts,5911,111,0.018778548468956182,2560,84,0.8117559523809523,0.0019390733867003628,0.00022949250321503077,53.252252252252255,53.252252252252255,2796,0.940872948739638,39.69957081545064,0.612870454788208,0.904,0.10034602076124567,0.02364864864864865,0.35135135135135137,0.32770270270270274,100,0.9009009009009009,86,111,1.0,479,111,1.0,979
1,fkb1a,greedy_surrogate,5911,111,0.018778548468956182,2560,111,0.875,0.0014680583517643782,7.807866111222361e-05,53.252252252252255,53.252252252252255,47288,0.0,2.3473185586195227,0.6283664107322693,0.45199999999999996,0.10989010989010989,0.010135135135135136,0.36486486486486486,0.3547297297297297,100,0.9009009009009009,82,111,1.0,436,111,1.0,864
1,fkb1a,boba_ucb,5911,111,0.018778548468956182,2560,110,0.8721590909090909,0.0012998758826140418,0.00018239817765042338,53.252252252252255,53.252252252252255,2796,0.940872948739638,39.69957081545064,0.6273753643035889,0.45799999999999996,0.10830324909747292,0.013513513513513514,0.3614864864864865,0.347972972972973,100,0.9009009009009009,81,111,1.0,441,111,1.0,868
1,fkb1a,rabvs_budgeted_reliable,5911,111,0.018778548468956182,2560,110,0.8721590909090909,0.0012998758826140418,0.00018239817765042338,53.252252252252255,53.252252252252255,2796,0.940872948739638,39.69957081545064,0.6137955188751221,0.907,0.10332950631458095,0.013513513513513514,0.3614864864864865,0.347972972972973,100,0.9009009009009009,85,111,1.0,479,111,1.0,979
1,fkb1a,rabvs_budgeted_no_ucb,5911,111,0.018778548468956182,2560,111,0.875,0.0018304670879420435,8.2614126613875e-05,53.252252252252255,53.252252252252255,2796,0.940872948739638,39.69957081545064,0.6153415441513062,0.903,0.10332950631458095,0.010135135135135136,0.36486486486486486,0.3547297297297297,100,0.9009009009009009,86,111,1.0,479,111,1.0,979
1,fkb1a,rabvs_budgeted_random_parts,5911,111,0.018778548468956182,2560,56,0.6116071428571429,0.0013112084338187486,0.0005403771271387868,53.252252252252255,53.252252252252255,2796,0.940872948739638,39.69957081545064,0.612981915473938,0.907,0.10321100917431193,0.07432432432432433,0.30067567567567566,0.22635135135135132,100,0.9009009009009009,82,111,1.0,479,111,1.0,979
2,fkb1a,greedy_surrogate,5911,111,0.018778548468956182,2560,111,0.875,0.0013442479238035276,0.0001041537776444252,53.252252252252255,53.252252252252255,47288,0.0,2.3473185586195227,0.6268919706344604,0.46599999999999997,0.10507246376811594,0.016835016835016835,0.3581081081081081,0.3412730912730913,100,0.9009009009009009,81,111,1.0,439,111,1.0,871
2,fkb1a,boba_ucb,5911,111,0.018778548468956182,2560,110,0.8721590909090909,0.0012905002965803401,0.00017659940836975955,53.252252252252255,53.252252252252255,2796,0.940872948739638,39.69957081545064,0.6277084350585938,0.475,0.10834371108343711,0.013513513513513514,0.3614864864864865,0.347972972972973,100,0.9009009009009009,81,111,1.0,439,111,1.0,847
2,fkb1a,rabvs_budgeted_reliable,5911,111,0.018778548468956182,2560,110,0.8721590909090909,0.0012905002965803401,0.00017659940836975955,53.252252252252255,53.252252252252255,2796,0.940872948739638,39.69957081545064,0.6138404011726379,0.907,0.09688195991091314,0.013513513513513514,0.3614864864864865,0.347972972972973,100,0.9009009009009009,86,111,1.0,479,111,1.0,979
2,fkb1a,rabvs_budgeted_no_ucb,5911,111,0.018778548468956182,2560,111,0.875,0.0015763215777161732,0.00010689120173329626,53.252252252252255,53.252252252252255,2796,0.940872948739638,39.69957081545064,0.6139220595359802,0.907,0.09655937846836848,0.010135135135135136,0.36486486486486486,0.3547297297297297,100,0.9009009009009009,86,111,1.0,479,111,1.0,979
2,fkb1a,rabvs_budgeted_random_parts,5911,111,0.018778548468956182,2560,93,0.6848118279569892,0.002209224796166027,0.00018695859959543936,53.252252252252255,53.252252252252255,2796,0.940872948739638,39.34191702432046,0.6146488785743713,0.901,0.09544950055493896,0.057432432432432436,0.31756756756756754,0.2601351351351351,100,0.9009009009009009,84,110,0.990990990990991,478,110,0.990990990990991,978
0,fnta,greedy_surrogate,50592,592,0.01170145477545857,2560,574,0.8083623693379791,0.0013663620786498565,0.0011826550298768578,85.45945945945945,84.95278282234804,404736,0.0,1.418208412397217,0.5138912200927734,0.685,0.573045267489712,0.026866851047016988,0.20316205533596837,0.17629520428895137,100,0.16891891891891891,100,497,0.839527027027027,500,574,0.9695945945945946,953
0,fnta,boba_ucb,50592,592,0.01170145477545857,2560,412,0.7900485436893204,0.0023132448188049673,0.0015776688913259902,85.45945945945945,84.95278282234804,5120,0.9873497786211258,110.15625,0.5231073498725891,0.6970000000000001,0.5621788283658787,0.03636363636363636,0.1924901185770751,0.15612648221343872,100,0.16891891891891891,100,498,0.8412162162162162,500,564,0.9527027027027027,956
0,fnta,rabvs_budgeted_reliable,50592,592,0.01170145477545857,2560,412,0.7900485436893204,0.0023132448188049673,0.0015776688913259902,85.45945945945945,85.12167503471852,5120,0.9873497786211258,109.375,0.5189180374145508,0.8140000000000001,0.5552147239263804,0.03636363636363636,0.1924901185770751,0.15612648221343872,100,0.16891891891891891,100,499,0.8429054054054054,500,560,0.9459459459459459,985
0,fnta,rabvs_budgeted_no_ucb,50592,592,0.01170145477545857,2560,577,0.8014514731369151,0.0017038729766967868,0.00119967719172405,85.45945945945945,84.95278282234804,5120,0.9873497786211258,111.71875,0.515637218952179,0.802,0.5674846625766872,0.02766798418972332,0.20276679841897233,0.175098814229249,100,0.16891891891891891,100,497,0.839527027027027,500,572,0.9662162162162162,980
0,fnta,rabvs_budgeted_random_parts,50592,592,0.01170145477545857,2560,340,0.6847426470588235,0.0019193369994399423,0.0014569776748467218,85.45945945945945,84.78389060997758,5120,0.9873497786211258,109.9609375,0.5165702700614929,0.815,0.557711950970378,0.039525691699604744,0.19051383399209487,0.15098814229249014,100,0.16891891891891891,100,497,0.839527027027027,500,563,0.9510135135135135,984
1,fnta,greedy_surrogate,50592,592,0.01170145477545857,2560,576,0.8064236111111112,0.0017379622139454937,0.001238731743295638,85.45945945945945,85.12167503471852,404736,0.0,1.4157376660341556,0.5188950300216675,0.7110000000000001,0.572605561277034,0.02450592885375494,0.20592885375494072,0.18142292490118578,100,0.16891891891891891,100,498,0.8412162162162162,500,573,0.9679054054054054,960
1,fnta,boba_ucb,50592,592,0.01170145477545857,2560,370,0.7956081081081081,0.0016429992502256712,0.0014170844538224834,85.45945945945945,85.12167503471852,5120,0.9873497786211258,109.5703125,0.5221696496009827,0.685,0.5608247422680412,0.03557312252964427,0.1932806324110672,0.1577075098814229,100,0.16891891891891891,100,498,0.8412162162162162,500,561,0.9476351351351351,963
1,fnta,rabvs_budgeted_reliable,50592,592,0.01170145477545857,2560,370,0.7956081081081081,0.0016429992502256712,0.0014170844538224834,85.45945945945945,85.12167503471852,5120,0.9873497786211258,108.59375,0.518939197063446,0.813,0.55,0.03557312252964427,0.1932806324110672,0.1577075098814229,100,0.16891891891891891,100,498,0.8412162162162162,500,556,0.9391891891891891,988
1,fnta,rabvs_budgeted_no_ucb,50592,592,0.01170145477545857,2560,569,0.8138181019332161,0.0016191802383760394,0.0012106091911129057,85.45945945945945,85.29056724708899,5120,0.9873497786211258,111.1328125,0.5184963345527649,0.804,0.5655737704918032,0.025296442687747035,0.20513833992094863,0.1798418972332016,100,0.16891891891891891,100,499,0.8429054054054054,500,569,0.9611486486486487,982
1,fnta,rabvs_budgeted_random_parts,50592,592,0.01170145477545857,2560,399,0.5093984962406015,0.001985510717261955,0.0014672332095841615,85.45945945945945,85.12167503471852,5120,0.9873497786211258,108.7890625,0.5136222839355469,0.8089999999999999,0.5515832482124617,0.039525691699604744,0.18972332015810275,0.15019762845849802,100,0.16891891891891891,100,499,0.8429054054054054,500,557,0.9408783783783784,984
2,fnta,greedy_surrogate,50592,592,0.01170145477545857,2560,580,0.8015086206896552,0.0016835537149728222,0.0011493510991572955,85.45945945945945,85.12167503471852,404736,0.0,1.4206791587602783,0.5178414583206177,0.685,0.5755395683453237,0.02806324110671937,0.20237154150197628,0.1743083003952569,100,0.16891891891891891,100,498,0.8412162162162162,500,575,0.9712837837837838,951
2,fnta,boba_ucb,50592,592,0.01170145477545857,2560,342,0.8212719298245614,0.001882308614560916,0.00153717230547014,85.45945945945945,84.78389060997758,5120,0.9873497786211258,110.546875,0.5209081768989563,0.6859999999999999,0.5635245901639344,0.0541501976284585,0.17549407114624507,0.12134387351778658,100,0.16891891891891891,100,497,0.839527027027027,500,566,0.956081081081081,953
2,fnta,rabvs_budgeted_reliable,50592,592,0.01170145477545857,2560,342,0.8212719298245614,0.001882308614560916,0.00153717230547014,85.45945945945945,84.61499839760708,5120,0.9873497786211258,110.546875,0.5198078155517578,0.798,0.5612244897959183,0.0541501976284585,0.17549407114624507,0.12134387351778658,100,0.16891891891891891,100,496,0.8378378378378378,500,566,0.956081081081081,983
2,fnta,rabvs_budgeted_no_ucb,50592,592,0.01170145477545857,2560,583,0.7974914236706689,0.0021414030769811793,0.0012218733845866514,85.45945945945945,85.12167503471852,5120,0.9873497786211258,112.3046875,0.5200462937355042,0.8029999999999999,0.5725971370143149,0.025691699604743084,0.20474308300395258,0.1790513833992095,100,0.16891891891891891,100,498,0.8412162162162162,500,575,0.9712837837837838,983
2,fnta,rabvs_budgeted_random_parts,50592,592,0.01170145477545857,2560,444,0.7066441441441441,0.0029469432699019437,0.001591711069863504,85.45945945945945,85.12167503471852,5120,0.9873497786211258,110.9375,0.5183520913124084,0.767,0.5696594427244582,0.0383399209486166,0.191699604743083,0.1533596837944664,100,0.16891891891891891,100,498,0.8412162162162162,500,568,0.9594594594594594,969
0,fpps,greedy_surrogate,8935,85,0.009513150531617236,2560,85,0.875,0.0008511452032208054,1.469975159263804e-05,105.11764705882352,100.39325842696628,71480,0.0,1.1891438164521546,0.673902153968811,0.382,0.06172839506172839,0.008948545861297539,0.18120805369127516,0.17225950782997762,85,1.0,68,85,1.0,333,85,1.0,609
0,fpps,boba_ucb,8935,85,0.009513150531617236,2560,85,0.875,0.0020501229677769585,8.066592161319991e-05,105.11764705882352,100.39325842696628,3072,0.9570229434806939,27.669270833333332,0.674178421497345,0.349,0.06055363321799308,0.0022371364653243847,0.18791946308724833,0.18568232662192394,85,1.0,67,85,1.0,345,85,1.0,625
0,fpps,rabvs_budgeted_reliable,8935,85,0.009513150531617236,2560,85,0.875,0.0020501229677769585,8.066592161319991e-05,105.11764705882352,100.39325842696628,3072,0.9570229434806939,27.669270833333332,0.6195589303970337,0.9,0.03959276018099547,0.0022371364653243847,0.18791946308724833,0.18568232662192394,85,1.0,68,85,1.0,468,85,1.0,964
0,fpps,rabvs_budgeted_no_ucb,8935,85,0.009513150531617236,2560,85,0.875,0.0011699569445167276,1.8561139742993795e-05,105.11764705882352,100.39325842696628,3072,0.9570229434806939,27.669270833333332,0.6201198697090149,0.914,0.03919372900335946,0.0044742729306487695,0.18568232662192394,0.18120805369127516,85,1.0,68,85,1.0,468,85,1.0,968
0,fpps,rabvs_budgeted_random_parts,8935,85,0.009513150531617236,2560,67,0.6464552238805971,0.001264700758160543,3.0074706541590903e-05,105.11764705882352,100.39325842696628,3072,0.9570229434806939,27.669270833333332,0.6197994351387024,0.911,0.03919372900335946,0.024498886414253896,0.1662921348314607,0.14179324841720678,85,1.0,68,85,1.0,468,85,1.0,968
1,fpps,greedy_surrogate,8935,85,0.009513150531617236,2560,85,0.875,0.0007589580980122007,1.0517683967940825e-05,105.11764705882352,100.39325842696628,71480,0.0,1.1891438164521546,0.6751347780227661,0.364,0.06802721088435375,0.011160714285714286,0.1789709172259508,0.16781020294023652,85,1.0,66,85,1.0,336,85,1.0,615
1,fpps,boba_ucb,8935,85,0.009513150531617236,2560,85,0.875,0.0015235034118130904,3.200908283211124e-05,105.11764705882352,100.39325842696628,3072,0.9570229434806939,27.669270833333332,0.6745178699493408,0.352,0.06633499170812604,0.0,0.19015659955257272,0.19015659955257272,85,1.0,67,85,1.0,345,85,1.0,625
1,fpps,rabvs_budgeted_reliable,8935,85,0.009513150531617236,2560,85,0.875,0.0015235034118130904,3.200908283211124e-05,105.11764705882352,100.39325842696628,3072,0.9570229434806939,27.669270833333332,0.6180899739265442,0.912,0.044642857142857144,0.0,0.19015659955257272,0.19015659955257272,85,1.0,68,85,1.0,468,85,1.0,968
1,fpps,rabvs_budgeted_no_ucb,8935,85,0.009513150531617236,2560,85,0.875,0.0011317513834535591,1.4661608703451544e-05,105.11764705882352,100.39325842696628,3072,0.9570229434806939,27.669270833333332,0.6185019612312317,0.913,0.044444444444444446,0.0,0.19015659955257272,0.19015659955257272,85,1.0,69,85,1.0,468,85,1.0,968
1,fpps,rabvs_budgeted_random_parts,8935,85,0.009513150531617236,2560,46,0.3451086956521739,0.0013767755600090816,3.019114437931124e-05,105.11764705882352,100.39325842696628,3072,0.9570229434806939,27.669270833333332,0.6160252690315247,0.912,0.044642857142857144,0.04697986577181208,0.14317673378076062,0.09619686800894854,85,1.0,69,85,1.0,468,85,1.0,968
2,fpps,greedy_surrogate,8935,85,0.009513150531617236,2560,85,0.875,0.0008106473976217548,1.4697011865690266e-05,105.11764705882352,100.39325842696628,71480,0.0,1.1891438164521546,0.6792250275611877,0.357,0.07395498392282958,0.013422818791946308,0.1767337807606264,0.16331096196868009,85,1.0,67,85,1.0,328,85,1.0,617
2,fpps,boba_ucb,8935,85,0.009513150531617236,2560,85,0.875,0.0019575958692466156,6.894339749523251e-05,105.11764705882352,100.39325842696628,3072,0.9570229434806939,27.669270833333332,0.6881281137466431,0.31999999999999995,0.071875,0.0,0.19015659955257272,0.19015659955257272,85,1.0,68,85,1.0,354,85,1.0,623
2,fpps,rabvs_budgeted_reliable,8935,85,0.009513150531617236,2560,85,0.875,0.0019575958692466156,6.894339749523251e-05,105.11764705882352,100.39325842696628,3072,0.9570229434806939,27.669270833333332,0.6211842894554138,0.903,0.05027322404371585,0.0,0.19015659955257272,0.19015659955257272,85,1.0,69,85,1.0,468,85,1.0,966
2,fpps,rabvs_budgeted_no_ucb,8935,85,0.009513150531617236,2560,85,0.875,0.0011755333424742485,1.928914521438701e-05,105.11764705882352,100.39325842696628,3072,0.9570229434806939,27.669270833333332,0.6193819642066956,0.914,0.05005440696409141,0.006711409395973154,0.18344519015659955,0.1767337807606264,85,1.0,68,85,1.0,468,85,1.0,968
2,fpps,rabvs_budgeted_random_parts,8935,85,0.009513150531617236,2560,47,0.875,0.0010810186718601949,2.0055422864463088e-05,105.11764705882352,100.39325842696628,3072,0.9570229434806939,27.669270833333332,0.6177113652229309,0.911,0.050383351588170866,0.06040268456375839,0.1297539149888143,0.06935123042505592,85,1.0,69,85,1.0,469,85,1.0,967
0,gcr,greedy_surrogate,15257,258,0.016910270695418495,2560,256,0.82666015625,0.008566104362184771,0.0038005626851290563,59.13565891472869,59.13565891472869,122056,0.0,2.0973979157108213,0.6184275150299072,0.567,0.2742857142857143,0.05897771952817824,0.2765399737876802,0.21756225425950196,100,0.3875968992248062,100,254,0.9844961240310077,462,256,0.9922480620155039,869
0,gcr,boba_ucb,15257,258,0.016910270695418495,2560,220,0.8255681818181818,0.006166411519256105,0.003945087158412532,59.13565891472869,59.13565891472869,3328,0.9727338270957593,75.42067307692307,0.6232969164848328,0.556,0.2667423382519864,0.06815203145478375,0.2634338138925295,0.19528178243774574,100,0.3875968992248062,100,242,0.937984496124031,457,251,0.9728682170542635,870
0,gcr,rabvs_budgeted_reliable,15257,258,0.016910270695418495,2560,220,0.8255681818181818,0.006166411519256105,0.003945087158412532,59.13565891472869,58.749151340122616,3328,0.9727338270957593,75.42067307692307,0.6141712069511414,0.832,0.2494692144373673,0.06815203145478375,0.2634338138925295,0.19528178243774574,100,0.3875968992248062,100,247,0.9573643410852714,477,251,0.9728682170542635,968
0,gcr,rabvs_budgeted_no_ucb,15257,258,0.016910270695418495,2560,255,0.8240196078431372,0.008094891542293349,0.0035977575732593432,59.13565891472869,58.749151340122616,3328,0.9727338270957593,76.32211538461539,0.6126825213432312,0.817,0.25646551724137934,0.0655307994757536,0.2699868938401048,0.20445609436435122,100,0.3875968992248062,100,253,0.9806201550387597,473,254,0.9844961240310077,960
0,gcr,rabvs_budgeted_random_parts,15257,258,0.016910270695418495,2560,145,0.7387931034482759,0.014049358919845104,0.006543576758394151,59.13565891472869,57.58962861630441,3328,0.9727338270957593,74.51923076923077,0.6107956767082214,0.788,0.25272331154684097,0.09567496723460026,0.2398427260812582,0.14416775884665795,100,0.3875968992248062,100,244,0.9457364341085271,479,248,0.9612403100775194,947
1,gcr,greedy_surrogate,15257,258,0.016910270695418495,2560,255,0.8316176470588236,0.006975374570542461,0.00333697769084333,59.13565891472869,58.36264376551655,122056,0.0,2.0646260732778394,0.6218836903572083,0.56,0.25848849945235486,0.060209424083769635,0.272608125819135,0.21239870173536538,100,0.3875968992248062,100,252,0.9767441860465116,469,252,0.9767441860465116,873
1,gcr,boba_ucb,15257,258,0.016910270695418495,2560,235,0.7898936170212766,0.00637791010475925,0.003265989460543858,59.13565891472869,58.36264376551655,3328,0.9727338270957593,75.42067307692307,0.626598596572876,0.5569999999999999,0.25460455037919827,0.04980340760157274,0.27916120576671033,0.2293577981651376,100,0.3875968992248062,100,249,0.9651162790697675,478,251,0.9728682170542635,883
1,gcr,rabvs_budgeted_reliable,15257,258,0.016910270695418495,2560,235,0.7898936170212766,0.00637791010475925,0.003265989460543858,59.13565891472869,58.36264376551655,3328,0.9727338270957593,76.02163461538461,0.6195635795593262,0.832,0.246875,0.04980340760157274,0.27916120576671033,0.2293577981651376,100,0.3875968992248062,100,250,0.9689922480620154,487,253,0.9806201550387597,980
1,gcr,rabvs_budgeted_no_ucb,15257,258,0.016910270695418495,2560,255,0.825,0.006143504023462971,0.002949613676252346,59.13565891472869,58.36264376551655,3328,0.9727338270957593,76.32211538461539,0.6160843968391418,0.8220000000000001,0.24869383490073146,0.057667103538663174,0.27391874180865006,0.2162516382699869,100,0.3875968992248062,100,251,0.9728682170542635,481,254,0.9844961240310077,971
1,gcr,rabvs_budgeted_random_parts,15257,258,0.016910270695418495,2560,207,0.6567028985507246,0.008294095227930134,0.004227432609528451,59.13565891472869,58.749151340122616,3328,0.9727338270957593,75.42067307692307,0.6155356764793396,0.804,0.24581589958158995,0.10222804718217562,0.2306684141546527,0.12844036697247707,100,0.3875968992248062,100,247,0.9573643410852714,472,251,0.9728682170542635,955
2,gcr,greedy_surrogate,15257,258,0.016910270695418495,2560,254,0.8292322834645669,0.0057832190410703355,0.003069057532014871,59.13565891472869,57.97613619091047,122056,0.0,2.0646260732778394,0.621411919593811,0.5529999999999999,0.26019845644983464,0.06684141546526867,0.2634338138925295,0.19659239842726084,99,0.38372093023255816,100,252,0.9767441860465116,466,252,0.9767441860465116,876
2,gcr,boba_ucb,15257,258,0.016910270695418495,2560,236,0.7703919491525424,0.006409927748071588,0.0036899044619942427,59.13565891472869,59.13565891472869,3328,0.9727338270957593,73.3173076923077,0.6312059760093689,0.536,0.25617977528089886,0.06028833551769332,0.2673656618610747,0.20707732634338138,100,0.3875968992248062,100,240,0.9302325581395349,468,244,0.9457364341085271,858
2,gcr,rabvs_budgeted_reliable,15257,258,0.016910270695418495,2560,236,0.7703919491525424,0.006409927748071588,0.0036899044619942427,59.13565891472869,58.749151340122616,3328,0.9727338270957593,75.72115384615384,0.6186536550521851,0.829,0.25403659849300325,0.06028833551769332,0.2673656618610747,0.20707732634338138,100,0.3875968992248062,100,242,0.937984496124031,479,252,0.9767441860465116,968
2,gcr,rabvs_budgeted_no_ucb,15257,258,0.016910270695418495,2560,256,0.82470703125,0.006473919303103253,0.0031509508410260405,59.13565891472869,57.97613619091047,3328,0.9727338270957593,76.62259615384616,0.6133954524993896,0.813,0.2550693703308431,0.0655307994757536,0.2686762778505898,0.20314547837483618,100,0.3875968992248062,100,255,0.9883720930232558,486,255,0.9883720930232558,971
2,gcr,rabvs_budgeted_random_parts,15257,258,0.016910270695418495,2560,104,0.6063701923076923,0.008692371528435962,0.005219289886857217,59.13565891472869,57.58962861630441,3328,0.9727338270957593,70.61298076923077,0.6177569627761841,0.777,0.23548387096774193,0.16644823066841416,0.16644823066841416,0.0,99,0.38372093023255816,100,229,0.8875968992248062,472,235,0.9108527131782945,948
0,glcm,greedy_surrogate,3854,54,0.01401141670991178,2560,54,0.875,0.007156021893781097,0.0011393968300253121,71.37037037037038,71.37037037037038,30832,0.0,1.7514270887389725,0.6974507570266724,0.486,0.03323262839879154,0.05181347150259067,0.22797927461139897,0.1761658031088083,54,1.0,62,54,1.0,382,54,1.0,726
0,glcm,boba_ucb,3854,54,0.01401141670991178,2560,54,0.8668981481481481,0.007743932279463568,0.0011026102740565413,71.37037037037038,71.37037037037038,2714,0.9119745718733783,19.89683124539425,0.6967443227767944,0.491,0.03278688524590164,0.046632124352331605,0.23316062176165803,0.18652849740932642,54,1.0,65,54,1.0,389,54,1.0,738
0,glcm,rabvs_budgeted_reliable,3854,54,0.01401141670991178,2560,54,0.8668981481481481,0.007743932279463568,0.0011026102740565413,71.37037037037038,71.37037037037038,2714,0.9119745718733783,19.89683124539425,0.6871873140335083,0.914,0.027603513174404015,0.046632124352331605,0.23316062176165803,0.18652849740932642,54,1.0,70,54,1.0,462,54,1.0,914
0,glcm,rabvs_budgeted_no_ucb,3854,54,0.01401141670991178,2560,54,0.875,0.0073696873664764375,0.0011141865162373448,71.37037037037038,71.37037037037038,2714,0.9119745718733783,19.89683124539425,0.6841127276420593,0.915,0.027160493827160494,0.05181347150259067,0.22797927461139897,0.1761658031088083,54,1.0,67,54,1.0,462,54,1.0,937
0,glcm,rabvs_budgeted_random_parts,3854,54,0.01401141670991178,2560,54,0.7858796296296297,0.009284108708272702,0.0016997714953985489,71.37037037037038,71.37037037037038,2714,0.9119745718733783,19.89683124539425,0.6863250732421875,0.909,0.028205128205128206,0.04145077720207254,0.23834196891191708,0.19689119170984454,54,1.0,68,54,1.0,460,54,1.0,894
1,glcm,greedy_surrogate,3854,54,0.01401141670991178,2560,54,0.8726851851851852,0.007488961033825206,0.0012233162897595138,71.37037037037038,71.37037037037038,30832,0.0,1.7514270887389725,0.7011787295341492,0.474,0.020537124802527645,0.05699481865284974,0.22279792746113988,0.16580310880829013,54,1.0,66,54,1.0,375,54,1.0,720
1,glcm,boba_ucb,3854,54,0.01401141670991178,2560,54,0.8553240740740741,0.00832834371387631,0.0014089598210622976,71.37037037037038,71.37037037037038,2714,0.9119745718733783,19.89683124539425,0.6999132037162781,0.469,0.020537124802527645,0.05181347150259067,0.22797927461139897,0.1761658031088083,54,1.0,66,54,1.0,376,54,1.0,722
1,glcm,rabvs_budgeted_reliable,3854,54,0.01401141670991178,2560,54,0.8553240740740741,0.00832834371387631,0.0014089598210622976,71.37037037037038,71.37037037037038,2714,0.9119745718733783,19.89683124539425,0.6879835724830627,0.901,0.01699346405228758,0.05181347150259067,0.22797927461139897,0.1761658031088083,54,1.0,70,54,1.0,464,54,1.0,902
1,glcm,rabvs_budgeted_no_ucb,3854,54,0.01401141670991178,2560,54,0.8715277777777778,0.008348018338634173,0.0015387126191070877,71.37037037037038,71.37037037037038,2714,0.9119745718733783,19.89683124539425,0.681941568851471,0.913,0.016229712858926344,0.05699481865284974,0.22279792746113988,0.16580310880829013,54,1.0,70,54,1.0,465,54,1.0,937
1,glcm,rabvs_budgeted_random_parts,3854,54,0.01401141670991178,2560,48,0.6940104166666666,0.007692152365561155,0.0014074882076593094,71.37037037037038,71.37037037037038,2714,0.9119745718733783,19.15991156963891,0.6898646950721741,0.901,0.014341590612777053,0.07772020725388601,0.20207253886010362,0.12435233160621761,52,0.9629629629629629,69,52,0.9629629629629629,462,52,0.9629629629629629,900
2,glcm,greedy_surrogate,3854,54,0.01401141670991178,2560,54,0.8715277777777778,0.007570919561906271,0.0010594851197655993,71.37037037037038,71.37037037037038,30832,0.0,1.7514270887389725,0.6990802884101868,0.486,0.025889967637540454,0.04145077720207254,0.23834196891191708,0.19689119170984454,54,1.0,66,54,1.0,380,54,1.0,710
2,glcm,boba_ucb,3854,54,0.01401141670991178,2560,54,0.8576388888888888,0.008045352021789276,0.001185696028328282,71.37037037037038,71.37037037037038,2714,0.9119745718733783,19.89683124539425,0.7002399563789368,0.49,0.02576489533011272,0.03626943005181347,0.24352331606217617,0.2072538860103627,54,1.0,66,54,1.0,384,54,1.0,721
2,glcm,rabvs_budgeted_reliable,3854,54,0.01401141670991178,2560,54,0.8576388888888888,0.008045352021789276,0.001185696028328282,71.37037037037038,71.37037037037038,2714,0.9119745718733783,19.89683124539425,0.6866669058799744,0.9,0.02099737532808399,0.03626943005181347,0.24352331606217617,0.2072538860103627,54,1.0,70,54,1.0,464,54,1.0,901
2,glcm,rabvs_budgeted_no_ucb,3854,54,0.01401141670991178,2560,54,0.8715277777777778,0.007455468800314164,0.0009910387476167967,71.37037037037038,71.37037037037038,2714,0.9119745718733783,19.89683124539425,0.6808065176010132,0.919,0.0201765447667087,0.04639175257731959,0.23316062176165803,0.18676886918433844,54,1.0,69,54,1.0,465,54,1.0,937
2,glcm,rabvs_budgeted_random_parts,3854,54,0.01401141670991178,2560,54,0.8148148148148148,0.0093376484079414,0.0015816968529073637,71.37037037037038,71.37037037037038,2714,0.9119745718733783,19.89683124539425,0.6887617111206055,0.898,0.021080368906455864,0.04145077720207254,0.23834196891191708,0.19689119170984454,54,1.0,69,54,1.0,461,54,1.0,906
0,gria2,greedy_surrogate,12003,158,0.01316337582271099,2560,155,0.8375,0.009244338888884882,0.0034055537832540657,75.96835443037975,74.70221518987341,96024,0.0,1.6141797883862368,0.6463490724563599,0.41400000000000003,0.16242424242424242,0.056572379367720464,0.20133111480865223,0.14475873544093176,99,0.6265822784810127,100,155,0.9810126582278481,435,155,0.9810126582278481,813
0,gria2,boba_ucb,12003,158,0.01316337582271099,2560,145,0.7952586206896551,0.012193124152890774,0.004558680559366223,75.96835443037975,73.43607594936708,3072,0.9680079980004999,50.130208333333336,0.647043764591217,0.42400000000000004,0.1606280193236715,0.04658901830282862,0.21,0.1634109816971714,99,0.6265822784810127,100,153,0.9683544303797469,431,154,0.9746835443037974,817
0,gria2,rabvs_budgeted_reliable,12003,158,0.01316337582271099,2560,145,0.7952586206896551,0.012193124152890774,0.004558680559366223,75.96835443037975,75.33528481012658,3072,0.9680079980004999,49.8046875,0.6407260894775391,0.741,0.1437908496732026,0.04658901830282862,0.21,0.1634109816971714,99,0.6265822784810127,100,151,0.9556962025316456,473,153,0.9683544303797469,951
0,gria2,rabvs_budgeted_no_ucb,12003,158,0.01316337582271099,2560,154,0.851461038961039,0.008855985430038583,0.0032811620046402285,75.96835443037975,74.70221518987341,3072,0.9680079980004999,50.455729166666664,0.6429105997085571,0.762,0.14502164502164502,0.056572379367720464,0.2,0.14342762063227954,99,0.6265822784810127,100,154,0.9746835443037974,472,155,0.9810126582278481,964
0,gria2,rabvs_budgeted_random_parts,12003,158,0.01316337582271099,2560,145,0.3616379310344828,0.011039566289665764,0.004689803340728729,75.96835443037975,73.43607594936708,3072,0.9680079980004999,49.153645833333336,0.6415329575538635,0.75,0.14038876889848811,0.08955223880597014,0.16583747927031509,0.07628524046434494,99,0.6265822784810127,100,149,0.9430379746835443,466,151,0.9556962025316456,956
1,gria2,greedy_surrogate,12003,158,0.01316337582271099,2560,154,0.8234577922077922,0.008621381958915944,0.0034027539218554515,75.96835443037975,74.06914556962025,96024,0.0,1.6037657252353579,0.6456347703933716,0.42300000000000004,0.15839243498817968,0.064891846921797,0.19166666666666668,0.12677481974486968,99,0.6265822784810127,100,154,0.9746835443037974,434,154,0.9746835443037974,813
1,gria2,boba_ucb,12003,158,0.01316337582271099,2560,125,0.799,0.005830048266579935,0.0040837055683357205,75.96835443037975,72.80300632911393,3072,0.9680079980004999,44.921875,0.6496742367744446,0.42600000000000005,0.1391509433962264,0.05823627287853577,0.17304492512479203,0.11480865224625625,99,0.6265822784810127,100,136,0.8607594936708861,443,138,0.8734177215189873,814
1,gria2,rabvs_budgeted_reliable,12003,158,0.01316337582271099,2560,125,0.799,0.005830048266579935,0.0040837055683357205,75.96835443037975,73.43607594936708,3072,0.9680079980004999,44.270833333333336,0.645392894744873,0.8160000000000001,0.1266233766233766,0.05823627287853577,0.17304492512479203,0.11480865224625625,98,0.620253164556962,100,135,0.8544303797468354,484,136,0.8607594936708861,980
1,gria2,rabvs_budgeted_no_ucb,12003,158,0.01316337582271099,2560,154,0.7816558441558441,0.008274861563816864,0.0034672767550196714,75.96835443037975,73.43607594936708,3072,0.9680079980004999,50.455729166666664,0.6374463438987732,0.761,0.14453961456102785,0.06312292358803986,0.19532554257095158,0.13220261898291172,99,0.6265822784810127,100,153,0.9683544303797469,477,155,0.9810126582278481,967
1,gria2,rabvs_budgeted_random_parts,12003,158,0.01316337582271099,2560,104,0.48497596153846156,0.007191853361399346,0.0038643367991732505,75.96835443037975,71.5368670886076,3072,0.9680079980004999,45.247395833333336,0.643846869468689,0.795,0.12917115177610333,0.1314475873544093,0.11666666666666667,-0.014780920687742644,96,0.6075949367088608,100,137,0.8670886075949367,483,139,0.879746835443038,978
2,gria2,greedy_surrogate,12003,158,0.01316337582271099,2560,155,0.8354838709677419,0.009020758079129776,0.0037311794487523775,75.96835443037975,74.06914556962025,96024,0.0,1.6037657252353579,0.6451228857040405,0.41900000000000004,0.1614457831325301,0.0632279534109817,0.19333333333333333,0.13010537992235163,99,0.6265822784810127,100,154,0.9746835443037974,430,154,0.9746835443037974,818
2,gria2,boba_ucb,12003,158,0.01316337582271099,2560,134,0.808768656716418,0.00882377176791263,0.004103390449766696,75.96835443037975,74.06914556962025,3072,0.9680079980004999,50.130208333333336,0.644402265548706,0.42600000000000005,0.16105769230769232,0.059900166389351084,0.19666666666666666,0.13676650027731557,100,0.6329113924050633,100,149,0.9430379746835443,440,154,0.9746835443037974,821
2,gria2,rabvs_budgeted_reliable,12003,158,0.01316337582271099,2560,134,0.808768656716418,0.00882377176791263,0.004103390449766696,75.96835443037975,74.70221518987341,3072,0.9680079980004999,47.526041666666664,0.636067271232605,0.776,0.1394072447859495,0.059900166389351084,0.19666666666666666,0.13676650027731557,98,0.620253164556962,100,146,0.9240506329113924,472,146,0.9240506329113924,969
2,gria2,rabvs_budgeted_no_ucb,12003,158,0.01316337582271099,2560,154,0.8340097402597403,0.009410266809022664,0.0038321031705065346,75.96835443037975,74.06914556962025,3072,0.9680079980004999,50.130208333333336,0.6367511749267578,0.744,0.14439655172413793,0.05490848585690516,0.20166666666666666,0.1467581808097615,98,0.620253164556962,100,154,0.9746835443037974,473,154,0.9746835443037974,965
2,gria2,rabvs_budgeted_random_parts,12003,158,0.01316337582271099,2560,56,0.7008928571428571,0.012044767694624712,0.005869245789277034,69.63765822784809,67.10537974683544,3072,0.9680079980004999,42.643229166666664,0.6350541710853577,0.738,0.12292358803986711,0.14143094841930118,0.115,-0.026430948419301173,94,0.5949367088607594,100,129,0.8164556962025317,465,131,0.8291139240506329,950
0,grik1,greedy_surrogate,6651,101,0.015185686362952939,2560,101,0.8719059405940595,0.004211856398051504,0.0006548699058221412,65.85148514851485,65.85148514851485,53208,0.0,1.8982107953691174,0.6733655333518982,0.479,0.07471264367816093,0.04504504504504504,0.25825825825825827,0.21321321321321324,99,0.9801980198019802,53,101,1.0,377,101,1.0,711
0,grik1,boba_ucb,6651,101,0.015185686362952939,2560,95,0.8664473684210526,0.004332060198424946,0.0014815017883157324,65.85148514851485,65.85148514851485,2816,0.9470756277251541,35.86647727272727,0.6735266447067261,0.44999999999999996,0.07807807807807808,0.03303303303303303,0.2702702702702703,0.23723723723723725,95,0.9405940594059405,53,101,1.0,360,101,1.0,686
0,grik1,rabvs_budgeted_reliable,6651,101,0.015185686362952939,2560,95,0.8664473684210526,0.004332060198424946,0.0014815017883157324,65.85148514851485,65.85148514851485,2816,0.9470756277251541,35.15625,0.6712561249732971,0.931,0.060676779463243874,0.03303303303303303,0.2702702702702703,0.23723723723723725,95,0.9405940594059405,54,99,0.9801980198019802,446,99,0.9801980198019802,946
0,grik1,rabvs_budgeted_no_ucb,6651,101,0.015185686362952939,2560,101,0.8712871287128713,0.004788904757537897,0.0006567734268687444,65.85148514851485,65.85148514851485,2816,0.9470756277251541,35.86647727272727,0.6621994376182556,0.9339999999999999,0.05970149253731343,0.03903903903903904,0.26426426426426425,0.2252252252252252,99,0.9801980198019802,53,101,1.0,449,101,1.0,949
0,grik1,rabvs_budgeted_random_parts,6651,101,0.015185686362952939,2560,49,0.6696428571428571,0.004304715843839411,0.002426774722455975,65.85148514851485,65.85148514851485,2816,0.9470756277251541,26.633522727272727,0.6625398993492126,0.972,0.03775743707093822,0.14414414414414414,0.15615615615615616,0.012012012012012019,75,0.7425742574257426,62,75,0.7425742574257426,459,75,0.7425742574257426,959
1,grik1,greedy_surrogate,6651,101,0.015185686362952939,2560,101,0.8725247524752475,0.0043409744966785135,0.0006882929318869847,65.85148514851485,65.85148514851485,53208,0.0,1.8982107953691174,0.6741707921028137,0.46699999999999997,0.08258258258258258,0.041916167664670656,0.26126126126126126,0.2193450935965906,99,0.9801980198019802,52,101,1.0,376,101,1.0,705
1,grik1,boba_ucb,6651,101,0.015185686362952939,2560,99,0.8181818181818182,0.006839626026167267,0.0009889410643020974,65.85148514851485,65.85148514851485,2816,0.9470756277251541,35.86647727272727,0.6672362089157104,0.496,0.07823613086770982,0.03903903903903904,0.26426426426426425,0.2252252252252252,100,0.9900990099009901,53,101,1.0,384,101,1.0,742
1,grik1,rabvs_budgeted_reliable,6651,101,0.015185686362952939,2560,99,0.8181818181818182,0.006839626026167267,0.0009889410643020974,65.85148514851485,65.85148514851485,2816,0.9470756277251541,35.86647727272727,0.6647624373435974,0.921,0.06501182033096926,0.03903903903903904,0.26426426426426425,0.2252252252252252,99,0.9801980198019802,53,101,1.0,445,101,1.0,945
1,grik1,rabvs_budgeted_no_ucb,6651,101,0.015185686362952939,2560,101,0.8712871287128713,0.004964399214706551,0.0007148963866428699,65.85148514851485,65.85148514851485,2816,0.9470756277251541,35.86647727272727,0.6649543642997742,0.927,0.06455399061032864,0.042042042042042045,0.26126126126126126,0.21921921921921922,99,0.9801980198019802,52,101,1.0,447,101,1.0,947
1,grik1,rabvs_budgeted_random_parts,6651,101,0.015185686362952939,2560,71,0.5193661971830986,0.004293889489255628,0.001239653261260059,65.85148514851485,65.85148514851485,2816,0.9470756277251541,35.15625,0.6657407283782959,0.9299999999999999,0.06485849056603774,0.07507507507507508,0.22822822822822822,0.15315315315315314,94,0.9306930693069307,55,99,0.9801980198019802,449,99,0.9801980198019802,949
2,grik1,greedy_surrogate,6651,101,0.015185686362952939,2560,101,0.8743811881188119,0.004442155921715516,0.0007136772018789485,65.85148514851485,65.85148514851485,53208,0.0,1.8982107953691174,0.671528697013855,0.489,0.0715307582260372,0.05105105105105105,0.25225225225225223,0.20120120120120116,99,0.9801980198019802,52,101,1.0,377,101,1.0,713
2,grik1,boba_ucb,6651,101,0.015185686362952939,2560,101,0.8353960396039604,0.006393063093599859,0.0010866450283519991,65.85148514851485,65.85148514851485,2816,0.9470756277251541,35.86647727272727,0.6719983816146851,0.485,0.07215007215007214,0.042042042042042045,0.26126126126126126,0.21921921921921922,99,0.9801980198019802,52,101,1.0,372,101,1.0,707
2,grik1,rabvs_budgeted_reliable,6651,101,0.015185686362952939,2560,101,0.8353960396039604,0.006393063093599859,0.0010866450283519991,65.85148514851485,65.85148514851485,2816,0.9470756277251541,35.86647727272727,0.6686610579490662,0.925,0.05847953216374269,0.042042042042042045,0.26126126126126126,0.21921921921921922,99,0.9801980198019802,53,101,1.0,447,101,1.0,947
2,grik1,rabvs_budgeted_no_ucb,6651,101,0.015185686362952939,2560,101,0.8743811881188119,0.005008227542149469,0.0007524762293366146,65.85148514851485,65.85148514851485,2816,0.9470756277251541,35.86647727272727,0.662346363067627,0.9339999999999999,0.05807200929152149,0.05105105105105105,0.25225225225225223,0.20120120120120116,98,0.9702970297029703,53,101,1.0,450,101,1.0,950
2,grik1,rabvs_budgeted_random_parts,6651,101,0.015185686362952939,2560,50,0.75625,0.009423268482515353,0.0024551120422790116,65.85148514851485,64.86862716122359,2816,0.9470756277251541,33.73579545454545,0.6749889850616455,0.896,0.057074910820451845,0.1021021021021021,0.2012012012012012,0.09909909909909909,95,0.9405940594059405,52,95,0.9405940594059405,429,95,0.9405940594059405,929
0,hdac2,greedy_surrogate,10485,185,0.01764425369575584,2560,183,0.8650956284153005,0.0040314611018018,0.0011680628007639695,56.67567567567568,56.67567567567568,83880,0.0,2.1697663328564616,0.6227859258651733,0.32699999999999996,0.19143876337693222,0.045714285714285714,0.3015267175572519,0.2558124318429662,100,0.5405405405405406,100,182,0.9837837837837838,467,182,0.9837837837837838,853
0,hdac2,boba_ucb,10485,185,0.01764425369575584,2560,181,0.8539364640883977,0.006589826061846101,0.0015885830029803533,56.67567567567568,56.67567567567568,3072,0.9633762517882689,60.221354166666664,0.620764970779419,0.31399999999999995,0.19477434679334918,0.03428571428571429,0.3187022900763359,0.2844165757906216,100,0.5405405405405406,100,185,1.0,449,185,1.0,841
0,hdac2,rabvs_budgeted_reliable,10485,185,0.01764425369575584,2560,181,0.8539364640883977,0.006589826061846101,0.0015885830029803533,56.67567567567568,56.67567567567568,3072,0.9633762517882689,59.895833333333336,0.6140747666358948,0.737,0.17489270386266095,0.03428571428571429,0.3187022900763359,0.2844165757906216,100,0.5405405405405406,100,184,0.9945945945945946,489,184,0.9945945945945946,989
0,hdac2,rabvs_budgeted_no_ucb,10485,185,0.01764425369575584,2560,182,0.8691620879120879,0.0045162773155874684,0.0011888634981149664,51.00810810810811,56.13590733590734,3072,0.9633762517882689,59.244791666666664,0.6112768054008484,0.757,0.17274678111587982,0.04,0.30725190839694655,0.26725190839694657,99,0.5351351351351351,100,182,0.9837837837837838,494,182,0.9837837837837838,994
0,hdac2,rabvs_budgeted_random_parts,10485,185,0.01764425369575584,2560,173,0.39667630057803466,0.00545043690660126,0.0014032943359620546,56.67567567567568,56.67567567567568,3072,0.9633762517882689,59.244791666666664,0.6100685000419617,0.752,0.17256162915326903,0.0419047619047619,0.3053435114503817,0.2634387495456198,100,0.5405405405405406,100,182,0.9837837837837838,495,182,0.9837837837837838,994
1,hdac2,greedy_surrogate,10485,185,0.01764425369575584,2560,185,0.8668918918918919,0.0054259611634999835,0.0016337124571853933,56.67567567567568,56.67567567567568,83880,0.0,2.20553171196948,0.6307528018951416,0.32199999999999995,0.1899179366940211,0.05523809523809524,0.29770992366412213,0.24247182842602688,100,0.5405405405405406,100,185,1.0,436,185,1.0,816
1,hdac2,boba_ucb,10485,185,0.01764425369575584,2560,177,0.8453389830508474,0.00570370860692075,0.0016261987813002306,56.67567567567568,56.67567567567568,3072,0.9633762517882689,59.895833333333336,0.6193146705627441,0.34199999999999997,0.1850574712643678,0.0419047619047619,0.30916030534351147,0.2672555434387496,100,0.5405405405405406,100,184,0.9945945945945946,451,184,0.9945945945945946,842
1,hdac2,rabvs_budgeted_reliable,10485,185,0.01764425369575584,2560,177,0.8453389830508474,0.00570370860692075,0.0016261987813002306,56.67567567567568,56.67567567567568,3072,0.9633762517882689,59.5703125,0.6117651462554932,0.746,0.17167381974248927,0.0419047619047619,0.30916030534351147,0.2672555434387496,100,0.5405405405405406,100,183,0.9891891891891892,496,183,0.9891891891891892,994
1,hdac2,rabvs_budgeted_no_ucb,10485,185,0.01764425369575584,2560,184,0.8671875,0.004980094377777235,0.001533338165669514,56.67567567567568,56.67567567567568,3072,0.9633762517882689,59.895833333333336,0.6140016317367554,0.748,0.17164179104477612,0.05523809523809524,0.2958015267175573,0.24056343147946202,100,0.5405405405405406,100,184,0.9945945945945946,491,184,0.9945945945945946,990
1,hdac2,rabvs_budgeted_random_parts,10485,185,0.01764425369575584,2560,141,0.5438829787234043,0.005978965943342832,0.0025583194012120097,56.67567567567568,56.67567567567568,3072,0.9633762517882689,57.942708333333336,0.6111761927604675,0.733,0.1657754010695187,0.12571428571428572,0.22519083969465647,0.09947655398037075,100,0.5405405405405406,100,178,0.9621621621621622,491,178,0.9621621621621622,987
2,hdac2,greedy_surrogate,10485,185,0.01764425369575584,2560,184,0.860733695652174,0.005189484170392399,0.0017005915060219294,56.67567567567568,56.67567567567568,83880,0.0,2.1936099189318075,0.6202925443649292,0.344,0.1863425925925926,0.05904761904761905,0.2919847328244275,0.23293711377680845,100,0.5405405405405406,100,184,0.9945945945945946,438,184,0.9945945945945946,840
2,hdac2,boba_ucb,10485,185,0.01764425369575584,2560,181,0.8539364640883977,0.005056043895570111,0.0014088019186602244,56.67567567567568,56.67567567567568,3072,0.9633762517882689,60.221354166666664,0.6086882948875427,0.32499999999999996,0.19058823529411764,0.03619047619047619,0.31679389312977096,0.2806034169392948,100,0.5405405405405406,100,185,1.0,456,185,1.0,854
2,hdac2,rabvs_budgeted_reliable,10485,185,0.01764425369575584,2560,181,0.8539364640883977,0.005056043895570111,0.0014088019186602244,56.67567567567568,56.67567567567568,3072,0.9633762517882689,59.244791666666664,0.6008111238479614,0.753,0.17078410311493017,0.03619047619047619,0.31679389312977096,0.2806034169392948,100,0.5405405405405406,100,182,0.9837837837837838,496,182,0.9837837837837838,993
2,hdac2,rabvs_budgeted_no_ucb,10485,185,0.01764425369575584,2560,180,0.8729166666666667,0.0030500050871565083,0.0011133080202111675,56.67567567567568,56.67567567567568,3072,0.9633762517882689,58.268229166666664,0.5956441164016724,0.78,0.16774193548387098,0.04,0.30343511450381677,0.2634351145038168,100,0.5405405405405406,100,179,0.9675675675675676,497,179,0.9675675675675676,997
2,hdac2,rabvs_budgeted_random_parts,10485,185,0.01764425369575584,2560,144,0.5716145833333334,0.004096765845803096,0.0016713733151739376,56.67567567567568,56.67567567567568,3072,0.9633762517882689,57.291666666666664,0.5955790877342224,0.778,0.1650485436893204,0.0761904761904762,0.27099236641221375,0.19480189022173755,100,0.5405405405405406,100,176,0.9513513513513514,496,176,0.9513513513513514,996
0,hdac8,greedy_surrogate,10620,170,0.0160075329566855,2560,170,0.8676470588235294,0.004244947361706299,0.000936631691776154,62.470588235294116,62.470588235294116,84960,0.0,2.0009416195856873,0.6326596140861511,0.369,0.17508813160987075,0.05084745762711865,0.2693032015065913,0.21845574387947267,100,0.5882352941176471,100,170,1.0,462,170,1.0,864
0,hdac8,boba_ucb,10620,170,0.0160075329566855,2560,169,0.8391272189349113,0.005880344752817582,0.0014512556801480948,62.470588235294116,62.470588235294116,3072,0.9638418079096045,55.338541666666664,0.6378349661827087,0.36,0.17591499409681227,0.030131826741996232,0.2900188323917137,0.2598870056497175,100,0.5882352941176471,100,170,1.0,463,170,1.0,851
0,hdac8,rabvs_budgeted_reliable,10620,170,0.0160075329566855,2560,169,0.8391272189349113,0.005880344752817582,0.0014512556801480948,62.470588235294116,62.470588235294116,3072,0.9638418079096045,55.338541666666664,0.624805748462677,0.759,0.15901814300960512,0.030131826741996232,0.2900188323917137,0.2598870056497175,100,0.5882352941176471,100,170,1.0,494,170,1.0,993
0,hdac8,rabvs_budgeted_no_ucb,10620,170,0.0160075329566855,2560,170,0.8632352941176471,0.003978586509504879,0.0010282809586911195,56.79144385026738,61.88124306326304,3072,0.9638418079096045,55.013020833333336,0.6188642978668213,0.787,0.15828877005347594,0.04331450094161959,0.2768361581920904,0.2335216572504708,99,0.5823529411764706,100,169,0.9941176470588236,496,169,0.9941176470588236,995
0,hdac8,rabvs_budgeted_random_parts,10620,170,0.0160075329566855,2560,115,0.8385869565217391,0.0056792519563112894,0.001476249756084164,56.79144385026738,61.88124306326304,3072,0.9638418079096045,54.6875,0.6205135583877563,0.762,0.15738758029978586,0.062146892655367235,0.2580037664783427,0.19585687382297548,99,0.5823529411764706,100,168,0.9882352941176471,495,168,0.9882352941176471,994
1,hdac8,greedy_surrogate,10620,170,0.0160075329566855,2560,168,0.8709077380952381,0.002774472871302854,0.0006638075798121542,62.470588235294116,62.470588235294116,84960,0.0,1.9774011299435028,0.6177464723587036,0.40800000000000003,0.17119244391971664,0.035781544256120526,0.2806026365348399,0.2448210922787194,100,0.5882352941176471,100,168,0.9882352941176471,469,168,0.9882352941176471,879
1,hdac8,boba_ucb,10620,170,0.0160075329566855,2560,165,0.8507575757575757,0.0023672693421893575,0.000770440262870582,62.470588235294116,62.470588235294116,3072,0.9638418079096045,54.361979166666664,0.6028309464454651,0.395,0.16981132075471697,0.035781544256120526,0.2806026365348399,0.2448210922787194,100,0.5882352941176471,100,166,0.9764705882352941,463,167,0.9823529411764705,881
1,hdac8,rabvs_budgeted_reliable,10620,170,0.0160075329566855,2560,165,0.8507575757575757,0.0023672693421893575,0.000770440262870582,62.470588235294116,62.470588235294116,3072,0.9638418079096045,54.036458333333336,0.599204421043396,0.8160000000000001,0.15492957746478872,0.035781544256120526,0.2806026365348399,0.2448210922787194,100,0.5882352941176471,100,166,0.9764705882352941,498,166,0.9764705882352941,998
1,hdac8,rabvs_budgeted_no_ucb,10620,170,0.0160075329566855,2560,166,0.8723644578313253,0.0022103800530716166,0.0007444774290382955,62.470588235294116,61.88124306326304,3072,0.9638418079096045,54.036458333333336,0.5986270904541016,0.812,0.1545945945945946,0.04331450094161959,0.2730696798493409,0.2297551789077213,99,0.5823529411764706,100,166,0.9764705882352941,499,166,0.9764705882352941,999
1,hdac8,rabvs_budgeted_random_parts,10620,170,0.0160075329566855,2560,47,0.5771276595744681,0.004760440536289878,0.0013196938239452259,62.470588235294116,62.470588235294116,3072,0.9638418079096045,53.385416666666664,0.6152833104133606,0.788,0.15309446254071662,0.1337099811676083,0.18267419962335216,0.04896421845574386,100,0.5882352941176471,100,164,0.9647058823529412,492,164,0.9647058823529412,992
2,hdac8,greedy_surrogate,10620,170,0.0160075329566855,2560,168,0.8705357142857143,0.002726538433913687,0.000738338201768769,62.470588235294116,62.470588235294116,84960,0.0,1.9774011299435028,0.6258005499839783,0.41000000000000003,0.17152858809801633,0.05273069679849341,0.263653483992467,0.21092278719397362,100,0.5882352941176471,100,168,0.9882352941176471,463,168,0.9882352941176471,885
2,hdac8,boba_ucb,10620,170,0.0160075329566855,2560,169,0.853180473372781,0.0054855233979176675,0.0013183873979605314,62.470588235294116,62.470588235294116,3072,0.9638418079096045,55.338541666666664,0.6314812898635864,0.385,0.1808252427184466,0.03389830508474576,0.2862523540489642,0.2523540489642184,100,0.5882352941176471,100,170,1.0,461,170,1.0,848
2,hdac8,rabvs_budgeted_reliable,10620,170,0.0160075329566855,2560,169,0.853180473372781,0.0054855233979176675,0.0013183873979605314,56.79144385026738,61.88124306326304,3072,0.9638418079096045,55.013020833333336,0.6246190667152405,0.769,0.15982721382289417,0.03389830508474576,0.2862523540489642,0.2523540489642184,99,0.5823529411764706,100,169,0.9941176470588236,495,169,0.9941176470588236,994
2,hdac8,rabvs_budgeted_no_ucb,10620,170,0.0160075329566855,2560,170,0.8661764705882353,0.004136804031402134,0.0008974663182350504,62.470588235294116,62.470588235294116,3072,0.9638418079096045,55.338541666666664,0.6185114979743958,0.787,0.15969989281886388,0.03766478342749529,0.2824858757062147,0.2448210922787194,100,0.5882352941176471,100,170,1.0,499,170,1.0,999
2,hdac8,rabvs_budgeted_random_parts,10620,170,0.0160075329566855,2560,98,0.6645408163265306,0.0032496089411228,0.0011332808441980012,62.470588235294116,62.470588235294116,3072,0.9638418079096045,54.6875,0.6113007664680481,0.7989999999999999,0.157725321888412,0.12052730696798493,0.19962335216572505,0.07909604519774012,100,0.5882352941176471,100,168,0.9882352941176471,499,168,0.9882352941176471,998
0,hivint,greedy_surrogate,6750,100,0.014814814814814815,2560,99,0.8699494949494949,0.0048898843050441156,0.0012246332176836948,67.5,67.5,54000,0.0,1.8333333333333333,0.6620706915855408,0.43999999999999995,0.09179926560587515,0.029585798816568046,0.26409495548961426,0.23450915667304623,97,0.97,78,99,0.99,415,99,0.99,821
0,hivint,boba_ucb,6750,100,0.014814814814814815,2560,99,0.8415404040404041,0.004656220383427957,0.0012241705734557329,67.5,67.5,2816,0.9478518518518518,34.80113636363636,0.6459789276123047,0.46699999999999997,0.09158415841584158,0.020710059171597635,0.27002967359050445,0.24931961441890682,97,0.97,78,98,0.98,417,98,0.98,821
0,hivint,rabvs_budgeted_reliable,6750,100,0.014814814814814815,2560,99,0.8415404040404041,0.004656220383427957,0.0012241705734557329,67.5,67.5,2816,0.9478518518518518,35.15625,0.6332406401634216,0.907,0.0847457627118644,0.020710059171597635,0.27002967359050445,0.24931961441890682,96,0.96,78,98,0.98,474,99,0.99,974
0,hivint,rabvs_budgeted_no_ucb,6750,100,0.014814814814814815,2560,98,0.8743622448979592,0.004036600486761981,0.0009894797333478728,67.5,67.5,2816,0.9478518518518518,35.15625,0.631524384021759,0.913,0.0843644544431946,0.026627218934911243,0.26409495548961426,0.23746773655470302,97,0.97,77,98,0.98,474,99,0.99,974
0,hivint,rabvs_budgeted_random_parts,6750,100,0.014814814814814815,2560,41,0.6463414634146342,0.005585397992661165,0.0021598918804663853,67.5,66.50735294117648,2816,0.9478518518518518,34.80113636363636,0.6358616948127747,0.917,0.0834272829763247,0.21005917159763313,0.08605341246290801,-0.12400575913472511,91,0.91,78,98,0.98,473,98,0.98,973
1,hivint,greedy_surrogate,6750,100,0.014814814814814815,2560,100,0.864375,0.006492719242746598,0.0015334038088484973,67.5,67.5,54000,0.0,1.8518518518518519,0.664638102054596,0.45899999999999996,0.09226932668329177,0.04437869822485207,0.2522255192878338,0.20784682106298175,96,0.96,78,100,1.0,416,100,1.0,823
1,hivint,boba_ucb,6750,100,0.014814814814814815,2560,98,0.8545918367346939,0.0065152776899587974,0.001709615991324025,67.5,67.5,2816,0.9478518518518518,34.80113636363636,0.6457046270370483,0.488,0.09218950064020487,0.020710059171597635,0.27002967359050445,0.24931961441890682,98,0.98,77,98,0.98,408,98,0.98,818
1,hivint,rabvs_budgeted_reliable,6750,100,0.014814814814814815,2560,98,0.8545918367346939,0.0065152776899587974,0.001709615991324025,67.5,66.50735294117648,2816,0.9478518518518518,35.15625,0.6319876313209534,0.897,0.08352402745995423,0.020710059171597635,0.27002967359050445,0.24931961441890682,98,0.98,77,98,0.98,474,99,0.99,974
1,hivint,rabvs_budgeted_no_ucb,6750,100,0.014814814814814815,2560,100,0.861875,0.0075574805948655805,0.0018168936939793317,67.5,67.5,2816,0.9478518518518518,35.51136363636364,0.6453500986099243,0.881,0.083710407239819,0.04142011834319527,0.2551928783382789,0.21377275999508366,96,0.96,78,100,1.0,465,100,1.0,965
1,hivint,rabvs_budgeted_random_parts,6750,100,0.014814814814814815,2560,34,0.7481617647058824,0.005674363929254178,0.0017466303722167688,67.5,67.5,2816,0.9478518518518518,33.73579545454545,0.6495041251182556,0.894,0.07876712328767123,0.1301775147928994,0.1632047477744807,0.033027232981581306,93,0.93,80,95,0.95,476,95,0.95,976
2,hivint,greedy_surrogate,6750,100,0.014814814814814815,2560,100,0.86625,0.005598005666017257,0.0011769539937180205,67.5,67.5,54000,0.0,1.8518518518518519,0.656638503074646,0.479,0.09815950920245399,0.03550295857988166,0.26112759643916916,0.2256246378592875,97,0.97,77,100,1.0,418,100,1.0,828
2,hivint,boba_ucb,6750,100,0.014814814814814815,2560,99,0.8623737373737373,0.006705646696575152,0.001482749164879407,67.5,67.5,2816,0.9478518518518518,35.51136363636364,0.6575435996055603,0.469,0.09876543209876543,0.023668639053254437,0.27299703264094954,0.2493283935876951,96,0.96,78,100,1.0,413,100,1.0,823
2,hivint,rabvs_budgeted_reliable,6750,100,0.014814814814814815,2560,99,0.8623737373737373,0.006705646696575152,0.001482749164879407,67.5,67.5,2816,0.9478518518518518,35.51136363636364,0.639822244644165,0.884,0.08879023307436182,0.023668639053254437,0.27299703264094954,0.2493283935876951,96,0.96,78,100,1.0,464,100,1.0,964
2,hivint,rabvs_budgeted_no_ucb,6750,100,0.014814814814814815,2560,99,0.8699494949494949,0.004479375040359558,0.0009830650640441667,67.5,67.5,2816,0.9478518518518518,35.15625,0.6383482217788696,0.906,0.08596300326441784,0.029585798816568046,0.26409495548961426,0.23450915667304623,97,0.97,78,99,0.99,476,99,0.99,976
2,hivint,rabvs_budgeted_random_parts,6750,100,0.014814814814814815,2560,85,0.6463235294117647,0.004868431441833539,0.0012151160961056415,67.5,67.5,2816,0.9478518518518518,35.15625,0.6381513476371765,0.908,0.0860566448801743,0.0650887573964497,0.228486646884273,0.1633978894878233,96,0.96,78,99,0.99,473,99,0.99,973
0,hivpr,greedy_surrogate,36286,536,0.0147715372319903,2560,513,0.8251705653021443,0.0010641001610565564,0.0013647302648452835,67.69776119402985,67.69776119402985,290288,0.0,1.7637656396406327,0.5002838969230652,0.607,0.5304812834224599,0.031955922865013774,0.2541345093715546,0.2221785865065408,100,0.1865671641791045,100,494,0.9216417910447762,500,512,0.9552238805970149,878
0,hivpr,boba_ucb,36286,536,0.0147715372319903,2560,360,0.7555555555555555,0.0021586092438555045,0.0018958712472388146,67.69776119402985,67.69776119402985,4352,0.9850079920630547,118.33639705882352,0.5084276795387268,0.625,0.5354077253218884,0.05234159779614325,0.23759647188533628,0.18525487408919303,100,0.1865671641791045,100,482,0.8992537313432836,494,515,0.960820895522388,896
0,hivpr,rabvs_budgeted_reliable,36286,536,0.0147715372319903,2560,360,0.7555555555555555,0.0021586092438555045,0.0018958712472388146,67.69776119402985,67.69776119402985,4352,0.9850079920630547,119.48529411764706,0.505526065826416,0.756,0.5211995863495347,0.05234159779614325,0.23759647188533628,0.18525487408919303,100,0.1865671641791045,100,484,0.9029850746268657,494,520,0.9701492537313433,968
0,hivpr,rabvs_budgeted_no_ucb,36286,536,0.0147715372319903,2560,514,0.8234435797665369,0.0014554368698267903,0.0014299745979815723,67.69776119402985,67.51126598412894,4352,0.9850079920630547,117.6470588235294,0.5039290189743042,0.81,0.511340206185567,0.02203856749311295,0.262954796030871,0.24091622853775807,100,0.1865671641791045,100,495,0.9235074626865671,500,512,0.9552238805970149,977
0,hivpr,rabvs_budgeted_random_parts,36286,536,0.0147715372319903,2560,280,0.4234375,0.0037278795991757055,0.0032675003846885727,67.69776119402985,66.76528514452531,4352,0.9850079920630547,117.6470588235294,0.5049869418144226,0.739,0.5210084033613446,0.09696969696969697,0.18853362734288864,0.09156393037319167,100,0.1865671641791045,100,455,0.8488805970149254,491,512,0.9552238805970149,923
1,hivpr,greedy_surrogate,36286,536,0.0147715372319903,2560,510,0.8299019607843138,0.0010199919883379848,0.001409014891797482,67.69776119402985,67.69776119402985,290288,0.0,1.7568759301107866,0.502234935760498,0.609,0.5189075630252101,0.032506887052341595,0.2508269018743109,0.2183200148219693,100,0.1865671641791045,100,492,0.917910447761194,500,510,0.9514925373134329,869
1,hivpr,boba_ucb,36286,536,0.0147715372319903,2560,312,0.858573717948718,0.0011780901960700702,0.0018529476727285829,67.69776119402985,67.51126598412894,4352,0.9850079920630547,117.1875,0.5027308464050293,0.616,0.519453207150368,0.06387665198237885,0.21897407611693326,0.1550974241345544,100,0.1865671641791045,100,480,0.8955223880597015,494,510,0.9514925373134329,871
1,hivpr,rabvs_budgeted_reliable,36286,536,0.0147715372319903,2560,312,0.858573717948718,0.0011780901960700702,0.0018529476727285829,67.69776119402985,67.69776119402985,4352,0.9850079920630547,117.1875,0.5036932229995728,0.8109999999999999,0.5092783505154639,0.06387665198237885,0.21897407611693326,0.1550974241345544,100,0.1865671641791045,100,480,0.8955223880597015,494,510,0.9514925373134329,975
1,hivpr,rabvs_budgeted_no_ucb,36286,536,0.0147715372319903,2560,513,0.8244395711500975,0.00139773485814226,0.001478954805182577,67.69776119402985,67.69776119402985,4352,0.9850079920630547,117.6470588235294,0.5032778382301331,0.798,0.5102880658436214,0.026446280991735537,0.25744211686879825,0.2309958358770627,100,0.1865671641791045,100,492,0.917910447761194,499,512,0.9552238805970149,974
1,hivpr,rabvs_budgeted_random_parts,36286,536,0.0147715372319903,2560,257,0.8458171206225681,0.0020111537563163697,0.0025474708087742624,67.69776119402985,67.51126598412894,4352,0.9850079920630547,115.80882352941177,0.5018499493598938,0.756,0.5005128205128205,0.0743801652892562,0.2089305402425579,0.1345503749533017,100,0.1865671641791045,100,469,0.875,490,504,0.9402985074626866,936
2,hivpr,greedy_surrogate,36286,536,0.0147715372319903,2560,514,0.8273346303501945,0.001282036174358263,0.0013703716943721093,67.69776119402985,67.69776119402985,290288,0.0,1.7706553491704788,0.5012993216514587,0.5780000000000001,0.5259259259259259,0.029201101928374655,0.2552370452039691,0.22603594327559445,100,0.1865671641791045,100,492,0.917910447761194,499,514,0.9589552238805971,875
2,hivpr,boba_ucb,36286,536,0.0147715372319903,2560,338,0.764792899408284,0.0020114961597073387,0.0019097297946225028,67.69776119402985,67.32477077422803,4352,0.9850079920630547,117.87683823529412,0.5084316730499268,0.604,0.5232067510548524,0.05840220385674931,0.22601984564498345,0.16761764178823413,100,0.1865671641791045,100,479,0.8936567164179104,498,513,0.957089552238806,880
2,hivpr,rabvs_budgeted_reliable,36286,536,0.0147715372319903,2560,338,0.764792899408284,0.0020114961597073387,0.0019097297946225028,67.69776119402985,67.32477077422803,4352,0.9850079920630547,117.87683823529412,0.5068166255950928,0.784,0.5097636176772867,0.05840220385674931,0.22601984564498345,0.16761764178823413,100,0.1865671641791045,100,478,0.8917910447761194,498,513,0.957089552238806,969
2,hivpr,rabvs_budgeted_no_ucb,36286,536,0.0147715372319903,2560,513,0.8278508771929824,0.0011502068048127448,0.0013669197741822425,67.69776119402985,67.69776119402985,4352,0.9850079920630547,117.41727941176471,0.5027021169662476,0.806,0.5076923076923077,0.02699724517906336,0.25744211686879825,0.2304448716897349,100,0.1865671641791045,100,494,0.9216417910447762,500,511,0.9533582089552238,974
2,hivpr,rabvs_budgeted_random_parts,36286,536,0.0147715372319903,2560,422,0.6516587677725119,0.003982212505532814,0.002542256501499444,67.69776119402985,67.32477077422803,4352,0.9850079920630547,117.41727941176471,0.5040891170501709,0.73,0.5124481327800829,0.03636363636363636,0.24807056229327454,0.2117069259296382,100,0.1865671641791045,100,484,0.9029850746268657,496,511,0.9533582089552238,935
0,hivrt,greedy_surrogate,19229,338,0.017577617140776953,2560,304,0.7430098684210527,0.016208976919845738,0.010563691669224598,56.890532544378694,50.66813054733728,153832,0.0,1.891674034011129,0.6112425327301025,0.5449999999999999,0.2928118393234672,0.08212058212058213,0.23413111342351717,0.15201053130293504,100,0.2958579881656805,100,271,0.8017751479289941,480,291,0.8609467455621301,909
0,hivrt,boba_ucb,19229,338,0.017577617140776953,2560,259,0.6966698841698842,0.01532716529790662,0.01123467246093372,56.890532544378694,49.77921597633136,3584,0.9767018565708045,77.00892857142857,0.6133362650871277,0.51,0.2800429184549356,0.07172557172557173,0.23309053069719043,0.1613649589716187,99,0.29289940828402367,100,258,0.7633136094674556,475,276,0.8165680473372781,889
0,hivrt,rabvs_budgeted_reliable,19229,338,0.017577617140776953,2560,259,0.6966698841698842,0.01532716529790662,0.01123467246093372,56.890532544378694,50.07552083333333,3584,0.9767018565708045,78.125,0.6096629500389099,0.612,0.2789473684210526,0.07172557172557173,0.23309053069719043,0.1613649589716187,93,0.27514792899408286,100,258,0.7633136094674556,486,280,0.8284023668639053,939
0,hivrt,rabvs_budgeted_no_ucb,19229,338,0.017577617140776953,2560,293,0.7677047781569966,0.016187887461851277,0.010363096496447712,56.890532544378694,51.85334997534517,3584,0.9767018565708045,79.79910714285714,0.612589418888092,0.654,0.28258602711157454,0.07796257796257797,0.23413111342351717,0.1561685354609392,91,0.2692307692307692,100,270,0.7988165680473372,489,286,0.8461538461538461,944
0,hivrt,rabvs_budgeted_random_parts,19229,338,0.017577617140776953,2560,151,0.6212748344370861,0.023169894033775125,0.015347608115658135,56.890532544378694,49.77921597633136,3584,0.9767018565708045,76.45089285714286,0.6138524413108826,0.581,0.27157894736842103,0.08108108108108109,0.2206035379812695,0.1395224569001884,90,0.26627218934911245,100,246,0.727810650887574,484,274,0.8106508875739645,942
1,hivrt,greedy_surrogate,19229,338,0.017577617140776953,2560,298,0.7416107382550335,0.01797720000586568,0.01125908017996259,56.890532544378694,51.26074026134122,153832,0.0,1.8721722398460658,0.6143985390663147,0.5469999999999999,0.3,0.06340956340956341,0.24661810613943808,0.18320854272987466,100,0.2958579881656805,100,260,0.7692307692307693,482,288,0.8520710059171598,921
1,hivrt,boba_ucb,19229,338,0.017577617140776953,2560,240,0.5494791666666666,0.01596396177222745,0.01167042281827073,56.890532544378694,50.66813054733728,3584,0.9767018565708045,78.125,0.6136819124221802,0.5469999999999999,0.2913907284768212,0.07484407484407485,0.23204994797086367,0.15720587312678883,100,0.2958579881656805,100,240,0.7100591715976331,475,280,0.8284023668639053,902
1,hivrt,rabvs_budgeted_reliable,19229,338,0.017577617140776953,2560,240,0.5494791666666666,0.01596396177222745,0.01167042281827073,56.890532544378694,50.07552083333333,3584,0.9767018565708045,78.125,0.6118946671485901,0.648,0.2886710239651416,0.07484407484407485,0.23204994797086367,0.15720587312678883,94,0.2781065088757396,100,242,0.7159763313609467,484,280,0.8284023668639053,934
1,hivrt,rabvs_budgeted_no_ucb,19229,338,0.017577617140776953,2560,292,0.7335188356164384,0.01791508198345177,0.011076536954799274,56.890532544378694,50.07552083333333,3584,0.9767018565708045,78.40401785714286,0.6125448346138,0.624,0.2849519743863394,0.059251559251559255,0.24557752341311134,0.1863259641615521,96,0.28402366863905326,100,265,0.7840236686390533,484,281,0.8313609467455622,956
1,hivrt,rabvs_budgeted_random_parts,19229,338,0.017577617140776953,2560,194,0.37757731958762886,0.019831943114940635,0.01433278996922187,56.890532544378694,46.519862549309664,3584,0.9767018565708045,74.77678571428571,0.6122391223907471,0.627,0.2703862660944206,0.09147609147609148,0.20395421436004163,0.11247812288395015,92,0.27218934911242604,100,238,0.7041420118343196,490,268,0.7928994082840237,960
2,hivrt,greedy_surrogate,19229,338,0.017577617140776953,2560,293,0.7310153583617748,0.021914234839106213,0.011888289624141351,56.890532544378694,48.89030140532544,153832,0.0,1.8396692495709606,0.61323481798172,0.517,0.28297872340425534,0.06756756756756757,0.24141519250780438,0.1738476249402368,100,0.2958579881656805,100,254,0.7514792899408284,484,283,0.8372781065088757,914
2,hivrt,boba_ucb,19229,338,0.017577617140776953,2560,248,0.65625,0.017067727719531207,0.01165979019480467,56.890532544378694,50.66813054733728,3584,0.9767018565708045,74.77678571428571,0.6070102453231812,0.517,0.2664543524416136,0.0550935550935551,0.2351716961498439,0.1800781410562888,100,0.2958579881656805,100,245,0.7248520710059172,484,268,0.7928994082840237,914
2,hivrt,rabvs_budgeted_reliable,19229,338,0.017577617140776953,2560,248,0.65625,0.017067727719531207,0.01165979019480467,56.890532544378694,49.77921597633136,3584,0.9767018565708045,75.61383928571429,0.6050822138786316,0.628,0.26842105263157895,0.0550935550935551,0.2351716961498439,0.1800781410562888,94,0.2781065088757396,100,247,0.7307692307692307,491,271,0.8017751479289941,955
2,hivrt,rabvs_budgeted_no_ucb,19229,338,0.017577617140776953,2560,297,0.7148569023569024,0.024028697028973787,0.012339686850630142,56.890532544378694,50.07552083333333,3584,0.9767018565708045,79.79910714285714,0.6112642884254456,0.608,0.285563751317176,0.05197505197505198,0.259105098855359,0.207130046880307,98,0.28994082840236685,100,256,0.757396449704142,489,286,0.8461538461538461,956
2,hivrt,rabvs_budgeted_random_parts,19229,338,0.017577617140776953,2560,217,0.6846198156682027,0.026780340182448518,0.015274780418024735,56.890532544378694,47.70508197731755,3584,0.9767018565708045,75.61383928571429,0.6038987040519714,0.616,0.26963906581740976,0.07276507276507277,0.2278876170655567,0.15512254430048394,97,0.2869822485207101,100,234,0.6923076923076923,492,271,0.8017751479289941,953
0,hmdh,greedy_surrogate,8920,170,0.01905829596412556,2560,170,0.875,0.0014409372793336215,0.00012413386859693774,52.470588235294116,52.470588235294116,71360,0.0,2.382286995515695,0.6241457462310791,0.5329999999999999,0.1807372175980975,0.03587443946188341,0.3452914798206278,0.3094170403587444,100,0.5882352941176471,100,170,1.0,435,170,1.0,832
0,hmdh,boba_ucb,8920,170,0.01905829596412556,2560,169,0.8724112426035503,0.0026733583573120157,0.00018094755657045998,52.470588235294116,52.470588235294116,3072,0.95695067264574,55.338541666666664,0.6247376799583435,0.534,0.18095238095238095,0.01569506726457399,0.3654708520179372,0.34977578475336324,100,0.5882352941176471,100,170,1.0,436,170,1.0,833
0,hmdh,rabvs_budgeted_reliable,8920,170,0.01905829596412556,2560,169,0.8724112426035503,0.0026733583573120157,0.00018094755657045998,52.470588235294116,52.470588235294116,3072,0.95695067264574,55.338541666666664,0.6039317846298218,0.967,0.1630901287553648,0.01569506726457399,0.3654708520179372,0.34977578475336324,100,0.5882352941176471,100,170,1.0,498,170,1.0,996
0,hmdh,rabvs_budgeted_no_ucb,8920,170,0.01905829596412556,2560,170,0.875,0.0018880091137441362,0.0001383840490136667,52.470588235294116,52.470588235294116,3072,0.95695067264574,55.338541666666664,0.6022354960441589,0.977,0.1625668449197861,0.017937219730941704,0.3632286995515695,0.3452914798206278,100,0.5882352941176471,100,170,1.0,500,170,1.0,1000
0,hmdh,rabvs_budgeted_random_parts,8920,170,0.01905829596412556,2560,134,0.6361940298507462,0.0025294203374168307,0.0002373189591674897,52.470588235294116,52.470588235294116,3072,0.95695067264574,55.338541666666664,0.606093168258667,0.964,0.16326530612244897,0.09641255605381166,0.28475336322869954,0.18834080717488788,100,0.5882352941176471,100,170,1.0,497,170,1.0,997
1,hmdh,greedy_surrogate,8920,170,0.01905829596412556,2560,170,0.8746323529411765,0.001355467062076084,0.00014542314824669107,52.470588235294116,52.470588235294116,71360,0.0,2.382286995515695,0.624955415725708,0.531,0.18345323741007194,0.03139013452914798,0.34977578475336324,0.3183856502242153,100,0.5882352941176471,100,170,1.0,433,170,1.0,834
1,hmdh,boba_ucb,8920,170,0.01905829596412556,2560,166,0.875,0.0018734900538768752,0.00029997084712832207,52.470588235294116,52.470588235294116,3072,0.95695067264574,55.338541666666664,0.618231475353241,0.522,0.17770034843205576,0.017937219730941704,0.3632286995515695,0.3452914798206278,100,0.5882352941176471,100,170,1.0,445,170,1.0,823
1,hmdh,rabvs_budgeted_reliable,8920,170,0.01905829596412556,2560,166,0.875,0.0018734900538768752,0.00029997084712832207,52.470588235294116,52.470588235294116,3072,0.95695067264574,55.338541666666664,0.6018067002296448,0.976,0.16469321851453175,0.017937219730941704,0.3632286995515695,0.3452914798206278,100,0.5882352941176471,100,170,1.0,498,170,1.0,998
1,hmdh,rabvs_budgeted_no_ucb,8920,170,0.01905829596412556,2560,170,0.8738970588235294,0.0017181232991052395,0.00013869731327306186,52.470588235294116,52.470588235294116,3072,0.95695067264574,55.338541666666664,0.6030274033546448,0.978,0.16433941997851773,0.017937219730941704,0.3632286995515695,0.3452914798206278,100,0.5882352941176471,100,170,1.0,498,170,1.0,998
1,hmdh,rabvs_budgeted_random_parts,8920,170,0.01905829596412556,2560,110,0.5920454545454545,0.0017197267670645904,0.0002940728157309647,52.470588235294116,52.470588235294116,3072,0.95695067264574,55.013020833333336,0.6003056168556213,0.978,0.16291532690246516,0.15401785714285715,0.22747747747747749,0.07345962033462033,100,0.5882352941176471,100,169,0.9941176470588236,498,169,0.9941176470588236,998
2,hmdh,greedy_surrogate,8920,170,0.01905829596412556,2560,170,0.8746323529411765,0.0015483045960746433,0.00012580917440326134,52.470588235294116,52.470588235294116,71360,0.0,2.382286995515695,0.6294373869895935,0.53,0.17936694021101993,0.03587443946188341,0.3452914798206278,0.3094170403587444,100,0.5882352941176471,100,170,1.0,435,170,1.0,832
2,hmdh,boba_ucb,8920,170,0.01905829596412556,2560,170,0.8580882352941176,0.001511032681641628,0.00027270583317415346,52.470588235294116,52.470588235294116,3072,0.95695067264574,55.338541666666664,0.6163111925125122,0.546,0.17873831775700935,0.01569506726457399,0.3654708520179372,0.34977578475336324,100,0.5882352941176471,100,170,1.0,447,170,1.0,823
2,hmdh,rabvs_budgeted_reliable,8920,170,0.01905829596412556,2560,170,0.8580882352941176,0.001511032681641628,0.00027270583317415346,52.470588235294116,52.470588235294116,3072,0.95695067264574,55.338541666666664,0.5974760055541992,0.978,0.1652267818574514,0.01569506726457399,0.3654708520179372,0.34977578475336324,100,0.5882352941176471,100,170,1.0,498,170,1.0,998
2,hmdh,rabvs_budgeted_no_ucb,8920,170,0.01905829596412556,2560,170,0.8746323529411765,0.0017399310280528844,0.00013390474310867449,52.470588235294116,52.470588235294116,3072,0.95695067264574,55.338541666666664,0.6057841181755066,0.973,0.16381156316916487,0.017937219730941704,0.3632286995515695,0.3452914798206278,100,0.5882352941176471,100,170,1.0,500,170,1.0,1000
2,hmdh,rabvs_budgeted_random_parts,8920,170,0.01905829596412556,2560,138,0.8034420289855072,0.002223501800625598,0.0002401282773407839,52.470588235294116,52.470588235294116,3072,0.95695067264574,55.338541666666664,0.6034955382347107,0.973,0.1639871382636656,0.05829596412556054,0.32286995515695066,0.2645739910313901,100,0.5882352941176471,100,170,1.0,497,170,1.0,997
0,hs90a,greedy_surrogate,4938,88,0.017820980153908466,2560,88,0.875,0.003179358681380613,0.00034520343404954797,56.11363636363636,56.11363636363636,39504,0.0,2.227622519238558,0.6578853130340576,0.482,0.04015544041450777,0.03643724696356275,0.31983805668016196,0.2834008097165992,88,1.0,43,88,1.0,381,88,1.0,804
0,hs90a,boba_ucb,4938,88,0.017820980153908466,2560,88,0.8607954545454546,0.00403351692556262,0.0005007413864226225,56.11363636363636,56.11363636363636,2757,0.9302095990279465,31.91875226695684,0.6585278511047363,0.492,0.040103492884864166,0.02834008097165992,0.32793522267206476,0.29959514170040485,88,1.0,42,88,1.0,381,88,1.0,796
0,hs90a,rabvs_budgeted_reliable,4938,88,0.017820980153908466,2560,88,0.8607954545454546,0.00403351692556262,0.0005007413864226225,56.11363636363636,56.11363636363636,2757,0.9302095990279465,31.91875226695684,0.636920690536499,0.95,0.03739445114595899,0.02834008097165992,0.32793522267206476,0.29959514170040485,88,1.0,43,88,1.0,443,88,1.0,943
0,hs90a,rabvs_budgeted_no_ucb,4938,88,0.017820980153908466,2560,88,0.8742897727272727,0.0037204951371392716,0.00039961741458539456,56.11363636363636,56.11363636363636,2757,0.9302095990279465,31.91875226695684,0.6318124532699585,0.95,0.03717026378896882,0.02834008097165992,0.32793522267206476,0.29959514170040485,88,1.0,43,88,1.0,442,88,1.0,942
0,hs90a,rabvs_budgeted_random_parts,4938,88,0.017820980153908466,2560,87,0.6774425287356322,0.00415257546798133,0.0008272679600086964,56.11363636363636,56.11363636363636,2757,0.9302095990279465,31.91875226695684,0.638380229473114,0.95,0.03721488595438175,0.032388663967611336,0.32388663967611336,0.291497975708502,88,1.0,42,88,1.0,441,88,1.0,941
1,hs90a,greedy_surrogate,4938,88,0.017820980153908466,2560,88,0.875,0.0034562660121334214,0.0003786499219878372,56.11363636363636,56.11363636363636,39504,0.0,2.227622519238558,0.6581194996833801,0.489,0.037516170763260026,0.03643724696356275,0.31983805668016196,0.2834008097165992,88,1.0,42,88,1.0,389,88,1.0,810
1,hs90a,boba_ucb,4938,88,0.017820980153908466,2560,88,0.8579545454545454,0.003084703891907399,0.0005543440334905485,56.11363636363636,56.11363636363636,2757,0.9302095990279465,31.91875226695684,0.6596764326095581,0.484,0.038157894736842106,0.03643724696356275,0.31983805668016196,0.2834008097165992,88,1.0,41,88,1.0,389,88,1.0,795
1,hs90a,rabvs_budgeted_reliable,4938,88,0.017820980153908466,2560,88,0.8579545454545454,0.003084703891907399,0.0005543440334905485,56.11363636363636,56.11363636363636,2757,0.9302095990279465,31.91875226695684,0.6388561725616455,0.954,0.03549571603427173,0.03643724696356275,0.31983805668016196,0.2834008097165992,87,0.9886363636363636,42,88,1.0,442,88,1.0,942
1,hs90a,rabvs_budgeted_no_ucb,4938,88,0.017820980153908466,2560,88,0.875,0.0034414596062955706,0.00038910962173925687,56.11363636363636,56.11363636363636,2757,0.9302095990279465,31.91875226695684,0.6365270018577576,0.951,0.03523693803159174,0.03643724696356275,0.31983805668016196,0.2834008097165992,88,1.0,43,88,1.0,442,88,1.0,942
1,hs90a,rabvs_budgeted_random_parts,4938,88,0.017820980153908466,2560,32,0.75390625,0.004396371414706104,0.0006972881247356738,56.11363636363636,56.11363636363636,2757,0.9302095990279465,27.928908233587233,0.634263277053833,0.95,0.026862026862026864,0.1902834008097166,0.1659919028340081,-0.02429149797570848,77,0.875,49,77,0.875,448,77,0.875,948
2,hs90a,greedy_surrogate,4938,88,0.017820980153908466,2560,88,0.875,0.0031656322835317678,0.0003890559066836165,56.11363636363636,56.11363636363636,39504,0.0,2.227622519238558,0.658336877822876,0.484,0.040973111395646605,0.032388663967611336,0.32388663967611336,0.291497975708502,88,1.0,41,88,1.0,394,88,1.0,799
2,hs90a,boba_ucb,4938,88,0.017820980153908466,2560,88,0.8707386363636364,0.0037275242617368512,0.0004064740351879164,56.11363636363636,56.11363636363636,2757,0.9302095990279465,31.91875226695684,0.6557567715644836,0.489,0.041025641025641026,0.02834008097165992,0.32793522267206476,0.29959514170040485,88,1.0,41,88,1.0,392,88,1.0,806
2,hs90a,rabvs_budgeted_reliable,4938,88,0.017820980153908466,2560,88,0.8707386363636364,0.0037275242617368512,0.0004064740351879164,56.11363636363636,56.11363636363636,2757,0.9302095990279465,31.91875226695684,0.6367471814155579,0.954,0.038929440389294405,0.02834008097165992,0.32793522267206476,0.29959514170040485,88,1.0,43,88,1.0,442,88,1.0,942
2,hs90a,rabvs_budgeted_no_ucb,4938,88,0.017820980153908466,2560,88,0.875,0.0037264567584248424,0.00042376778046743425,56.11363636363636,56.11363636363636,2757,0.9302095990279465,31.91875226695684,0.6359078884124756,0.954,0.03855421686746988,0.032388663967611336,0.32388663967611336,0.291497975708502,88,1.0,43,88,1.0,442,88,1.0,942
2,hs90a,rabvs_budgeted_random_parts,4938,88,0.017820980153908466,2560,87,0.6889367816091954,0.0037451716933730047,0.0005743184326610738,56.11363636363636,56.11363636363636,2757,0.9302095990279465,31.91875226695684,0.6360018253326416,0.948,0.0392638036809816,0.02834008097165992,0.32793522267206476,0.29959514170040485,88,1.0,43,88,1.0,443,88,1.0,943
0,hxk4,greedy_surrogate,4792,92,0.019198664440734557,2560,92,0.875,0.0019585188341090004,7.089548932264809e-05,52.08695652173913,52.08695652173913,38336,0.0,2.3998330550918197,0.6320256590843201,0.524,0.06625,0.029166666666666667,0.3541666666666667,0.325,92,1.0,60,92,1.0,415,92,1.0,821
0,hxk4,boba_ucb,4792,92,0.019198664440734557,2560,92,0.8688858695652174,0.00231532315715755,8.170651104064492e-05,52.08695652173913,52.08695652173913,2751,0.928239774624374,33.44238458742276,0.6313362717628479,0.522,0.06658291457286432,0.020833333333333332,0.3625,0.3416666666666667,92,1.0,60,92,1.0,410,92,1.0,805
0,hxk4,rabvs_budgeted_reliable,4792,92,0.019198664440734557,2560,92,0.8688858695652174,0.00231532315715755,8.170651104064492e-05,52.08695652173913,52.08695652173913,2751,0.928239774624374,33.44238458742276,0.6201203465461731,0.982,0.06393244873341375,0.020833333333333332,0.3625,0.3416666666666667,92,1.0,60,92,1.0,460,92,1.0,960
0,hxk4,rabvs_budgeted_no_ucb,4792,92,0.019198664440734557,2560,92,0.875,0.0022664093566293056,7.674472374848524e-05,52.08695652173913,52.08695652173913,2751,0.928239774624374,33.44238458742276,0.6167923212051392,0.98,0.06294536817102138,0.020833333333333332,0.3625,0.3416666666666667,92,1.0,60,92,1.0,460,92,1.0,960
0,hxk4,rabvs_budgeted_random_parts,4792,92,0.019198664440734557,2560,71,0.6170774647887324,0.0027741929828435405,0.00017321992550125713,52.08695652173913,52.08695652173913,2751,0.928239774624374,33.44238458742276,0.6186480522155762,0.981,0.06408706166868199,0.075,0.30833333333333335,0.23333333333333334,92,1.0,60,92,1.0,460,92,1.0,960
1,hxk4,greedy_surrogate,4792,92,0.019198664440734557,2560,92,0.875,0.0019076423951047104,5.804290320886807e-05,52.08695652173913,52.08695652173913,38336,0.0,2.3998330550918197,0.6309286952018738,0.538,0.06361323155216285,0.029166666666666667,0.3541666666666667,0.325,92,1.0,60,92,1.0,415,92,1.0,813
1,hxk4,boba_ucb,4792,92,0.019198664440734557,2560,92,0.8729619565217391,0.002233044091133602,8.396444025775897e-05,52.08695652173913,52.08695652173913,2751,0.928239774624374,33.44238458742276,0.6308447122573853,0.529,0.0641025641025641,0.025,0.35833333333333334,0.3333333333333333,92,1.0,60,92,1.0,415,92,1.0,810
1,hxk4,rabvs_budgeted_reliable,4792,92,0.019198664440734557,2560,92,0.8729619565217391,0.002233044091133602,8.396444025775897e-05,52.08695652173913,52.08695652173913,2751,0.928239774624374,33.44238458742276,0.6196693778038025,0.981,0.05841121495327103,0.025,0.35833333333333334,0.3333333333333333,92,1.0,60,92,1.0,460,92,1.0,960
1,hxk4,rabvs_budgeted_no_ucb,4792,92,0.019198664440734557,2560,92,0.875,0.0023134448269552773,7.512926647349124e-05,52.08695652173913,52.08695652173913,2751,0.928239774624374,33.44238458742276,0.6146011352539062,0.981,0.05847953216374269,0.020833333333333332,0.3625,0.3416666666666667,92,1.0,60,92,1.0,460,92,1.0,960
1,hxk4,rabvs_budgeted_random_parts,4792,92,0.019198664440734557,2560,79,0.7088607594936709,0.002374039567138491,8.604214401333321e-05,52.08695652173913,52.08695652173913,2751,0.928239774624374,33.44238458742276,0.6201204657554626,0.982,0.0590318772136954,0.05416666666666667,0.32916666666666666,0.275,92,1.0,60,92,1.0,460,92,1.0,960
2,hxk4,greedy_surrogate,4792,92,0.019198664440734557,2560,92,0.875,0.0019128283649266491,5.912236276742149e-05,52.08695652173913,52.08695652173913,38336,0.0,2.3998330550918197,0.6338109374046326,0.53,0.07663316582914573,0.025,0.35833333333333334,0.3333333333333333,92,1.0,60,92,1.0,411,92,1.0,807
2,hxk4,boba_ucb,4792,92,0.019198664440734557,2560,92,0.8675271739130435,0.0024248805022744997,9.124739045242968e-05,52.08695652173913,52.08695652173913,2751,0.928239774624374,33.44238458742276,0.6307333707809448,0.546,0.07549504950495049,0.020833333333333332,0.3625,0.3416666666666667,92,1.0,60,92,1.0,414,92,1.0,821
2,hxk4,rabvs_budgeted_reliable,4792,92,0.019198664440734557,2560,92,0.8675271739130435,0.0024248805022744997,9.124739045242968e-05,52.08695652173913,52.08695652173913,2751,0.928239774624374,33.44238458742276,0.6200737357139587,0.981,0.07340553549939831,0.020833333333333332,0.3625,0.3416666666666667,92,1.0,60,92,1.0,460,92,1.0,960
2,hxk4,rabvs_budgeted_no_ucb,4792,92,0.019198664440734557,2560,92,0.8743206521739131,0.002211813895360016,7.996396232852128e-05,52.08695652173913,52.08695652173913,2751,0.928239774624374,33.44238458742276,0.6170797944068909,0.981,0.07193396226415094,0.025,0.35833333333333334,0.3333333333333333,92,1.0,60,92,1.0,460,92,1.0,960
2,hxk4,rabvs_budgeted_random_parts,4792,92,0.019198664440734557,2560,69,0.43568840579710144,0.0027891495011673124,0.0005249602389628635,52.08695652173913,52.08695652173913,2751,0.928239774624374,25.081788440567067,0.6146875023841858,0.984,0.04693140794223827,0.18333333333333332,0.2,0.01666666666666669,69,0.75,66,69,0.75,466,69,0.75,966
0,igf1r,greedy_surrogate,9448,148,0.015664690939881456,2560,146,0.8660102739726028,0.004541161016324038,0.0015690044484952437,63.83783783783784,63.83783783783784,75584,0.0,1.9316257408975444,0.6339707970619202,0.483,0.14789533560864618,0.040169133192389,0.2690677966101695,0.22889866341778048,100,0.6756756756756757,100,146,0.9864864864864865,462,146,0.9864864864864865,866
0,igf1r,boba_ucb,9448,148,0.015664690939881456,2560,141,0.825354609929078,0.006101072086081953,0.0019925957370527485,63.83783783783784,63.83783783783784,3072,0.9593564775613886,46.875,0.6350266337394714,0.46699999999999997,0.14446952595936793,0.03805496828752643,0.2669491525423729,0.22889418425484648,100,0.6756756756756757,100,144,0.972972972972973,460,144,0.972972972972973,877
0,igf1r,rabvs_budgeted_reliable,9448,148,0.015664690939881456,2560,141,0.825354609929078,0.006101072086081953,0.0019925957370527485,63.83783783783784,63.83783783783784,3072,0.9593564775613886,46.549479166666664,0.620028018951416,0.898,0.13744588744588745,0.03805496828752643,0.2669491525423729,0.22889418425484648,100,0.6756756756756757,100,142,0.9594594594594594,492,143,0.9662162162162162,992
0,igf1r,rabvs_budgeted_no_ucb,9448,148,0.015664690939881456,2560,146,0.8668664383561644,0.004853588217370342,0.0014595779240290636,63.83783783783784,63.83783783783784,3072,0.9593564775613886,47.526041666666664,0.6187989115715027,0.92,0.14054054054054055,0.03805496828752643,0.2711864406779661,0.2331314723904397,100,0.6756756756756757,100,146,0.9864864864864865,500,146,0.9864864864864865,1000
0,igf1r,rabvs_budgeted_random_parts,9448,148,0.015664690939881456,2560,92,0.8009510869565217,0.007163442587261167,0.0026179379033067747,63.83783783783784,63.83783783783784,3072,0.9593564775613886,40.0390625,0.618139386177063,0.925,0.11630434782608695,0.09725158562367865,0.211864406779661,0.11461282115598236,100,0.6756756756756757,100,123,0.831081081081081,495,123,0.831081081081081,995
1,igf1r,greedy_surrogate,9448,148,0.015664690939881456,2560,145,0.8646551724137931,0.0031628776943548667,0.001332767422797355,63.83783783783784,63.83783783783784,75584,0.0,1.9051651143099069,0.6289187669754028,0.501,0.14763552479815456,0.03171247357293869,0.2733050847457627,0.24159261117282402,100,0.6756756756756757,100,144,0.972972972972973,457,144,0.972972972972973,849
1,igf1r,boba_ucb,9448,148,0.015664690939881456,2560,142,0.8591549295774648,0.005034915327234273,0.0016056098477778278,63.83783783783784,63.83783783783784,3072,0.9593564775613886,46.875,0.6261507868766785,0.514,0.14763552479815456,0.03171247357293869,0.2733050847457627,0.24159261117282402,100,0.6756756756756757,100,144,0.972972972972973,464,144,0.972972972972973,857
1,igf1r,rabvs_budgeted_reliable,9448,148,0.015664690939881456,2560,142,0.8591549295774648,0.005034915327234273,0.0016056098477778278,63.83783783783784,63.83783783783784,3072,0.9593564775613886,46.875,0.6136442422866821,0.9339999999999999,0.1377825618945102,0.03171247357293869,0.2733050847457627,0.24159261117282402,100,0.6756756756756757,100,144,0.972972972972973,496,144,0.972972972972973,996
1,igf1r,rabvs_budgeted_no_ucb,9448,148,0.015664690939881456,2560,145,0.8629310344827587,0.0043975372941058915,0.0013058465525979982,63.83783783783784,63.83783783783784,3072,0.9593564775613886,47.200520833333336,0.6187111139297485,0.928,0.13782051282051283,0.03805496828752643,0.26849894291754756,0.23044397463002114,100,0.6756756756756757,100,145,0.9797297297297297,496,145,0.9797297297297297,994
1,igf1r,rabvs_budgeted_random_parts,9448,148,0.015664690939881456,2560,84,0.4680059523809524,0.006026239823035989,0.002365688564191687,63.83783783783784,60.44220816561242,3072,0.9593564775613886,31.901041666666664,0.6175752878189087,0.915,0.0895361380798274,0.1543340380549683,0.15466101694915255,0.00032697889418425996,89,0.6013513513513513,100,97,0.6554054054054054,493,98,0.6621621621621622,992
2,igf1r,greedy_surrogate,9448,148,0.015664690939881456,2560,145,0.8525862068965517,0.0032637638115953164,0.0012847348309059725,63.83783783783784,63.83783783783784,75584,0.0,1.9051651143099069,0.6376656293869019,0.481,0.14780600461893764,0.03171247357293869,0.2733050847457627,0.24159261117282402,100,0.6756756756756757,100,144,0.972972972972973,448,144,0.972972972972973,836
2,igf1r,boba_ucb,9448,148,0.015664690939881456,2560,137,0.8686131386861314,0.0016840028791253326,0.0014182834640094754,63.83783783783784,63.83783783783784,3072,0.9593564775613886,45.8984375,0.6102878451347351,0.5740000000000001,0.13827433628318583,0.02748414376321353,0.2711864406779661,0.24370229691475256,100,0.6756756756756757,100,140,0.9459459459459459,454,141,0.9527027027027027,859
2,igf1r,rabvs_budgeted_reliable,9448,148,0.015664690939881456,2560,137,0.8686131386861314,0.0016840028791253326,0.0014182834640094754,63.83783783783784,63.83783783783784,3072,0.9593564775613886,45.572916666666664,0.6043574213981628,0.967,0.1336206896551724,0.02748414376321353,0.2711864406779661,0.24370229691475256,100,0.6756756756756757,100,138,0.9324324324324325,500,140,0.9459459459459459,1000
2,igf1r,rabvs_budgeted_no_ucb,9448,148,0.015664690939881456,2560,144,0.8628472222222222,0.003300377734618407,0.0012506734089188932,63.83783783783784,63.83783783783784,3072,0.9593564775613886,46.875,0.6155964732170105,0.955,0.13704496788008566,0.03171247357293869,0.2733050847457627,0.24159261117282402,100,0.6756756756756757,100,144,0.972972972972973,497,144,0.972972972972973,997
2,igf1r,rabvs_budgeted_random_parts,9448,148,0.015664690939881456,2560,119,0.6360294117647058,0.0013722769621833336,0.0035452345374753225,63.83783783783784,63.83783783783784,3072,0.9593564775613886,39.388020833333336,0.6134421229362488,0.963,0.11373390557939914,0.10359408033826638,0.1906779661016949,0.08708388576342853,100,0.6756756756756757,100,120,0.8108108108108109,499,121,0.8175675675675675,999
0,inha,greedy_surrogate,2343,43,0.01835253947930004,2343,43,0.875,0.004763078383201978,0.0003965618637962242,54.48837209302326,54.48837209302326,18744,0.0,2.294067434912505,0.6879513263702393,0.511,0.02702702702702703,0.0423728813559322,0.3247863247863248,0.2824134434303926,43,1.0,75,43,1.0,390,43,1.0,727
0,inha,boba_ucb,2343,43,0.01835253947930004,2343,43,0.872093023255814,0.005210477694850189,0.0005330822339751168,54.48837209302326,54.48837209302326,2653,0.8584613743064448,16.208066339992463,0.6879270076751709,0.508,0.027243589743589744,0.025423728813559324,0.3418803418803419,0.3164566130667826,43,1.0,74,43,1.0,389,43,1.0,738
0,inha,rabvs_budgeted_reliable,2343,43,0.01835253947930004,2343,43,0.872093023255814,0.005210477694850189,0.0005330822339751168,54.48837209302326,54.48837209302326,2653,0.8584613743064448,16.208066339992463,0.6833028793334961,0.7150000000000001,0.024531024531024532,0.025423728813559324,0.3418803418803419,0.3164566130667826,43,1.0,80,43,1.0,474,43,1.0,832
0,inha,rabvs_budgeted_no_ucb,2343,43,0.01835253947930004,2343,43,0.875,0.005493616426088999,0.0005483128670544974,54.48837209302326,54.48837209302326,2653,0.8584613743064448,16.208066339992463,0.6832655072212219,0.725,0.024531024531024532,0.025423728813559324,0.3418803418803419,0.3164566130667826,43,1.0,80,43,1.0,475,43,1.0,828
0,inha,rabvs_budgeted_random_parts,2343,43,0.01835253947930004,2343,43,0.7732558139534884,0.005339178202837624,0.0005048734356042558,54.48837209302326,54.48837209302326,2653,0.8584613743064448,16.208066339992463,0.6830033659934998,0.714,0.024495677233429394,0.03389830508474576,0.3333333333333333,0.29943502824858753,43,1.0,80,43,1.0,474,43,1.0,829
1,inha,greedy_surrogate,2343,43,0.01835253947930004,2343,43,0.8706395348837209,0.005077003979029505,0.0004947969471487852,54.48837209302326,54.48837209302326,18744,0.0,2.294067434912505,0.687293529510498,0.507,0.02464788732394366,0.03389830508474576,0.3333333333333333,0.29943502824858753,43,1.0,76,43,1.0,391,43,1.0,731
1,inha,boba_ucb,2343,43,0.01835253947930004,2343,43,0.8677325581395349,0.004706304221190489,0.00039242340151757465,54.48837209302326,54.48837209302326,2653,0.8584613743064448,16.208066339992463,0.6840817332267761,0.516,0.02460456942003515,0.03389830508474576,0.3333333333333333,0.29943502824858753,43,1.0,76,43,1.0,394,43,1.0,735
1,inha,rabvs_budgeted_reliable,2343,43,0.01835253947930004,2343,43,0.8677325581395349,0.004706304221190489,0.00039242340151757465,54.48837209302326,54.48837209302326,2653,0.8584613743064448,16.208066339992463,0.6836108565330505,0.7110000000000001,0.020348837209302327,0.03389830508474576,0.3333333333333333,0.29943502824858753,43,1.0,80,43,1.0,474,43,1.0,836
1,inha,rabvs_budgeted_no_ucb,2343,43,0.01835253947930004,2343,43,0.872093023255814,0.004812123643316899,0.00041314207115816136,54.48837209302326,54.48837209302326,2653,0.8584613743064448,16.208066339992463,0.6825199723243713,0.723,0.020348837209302327,0.03389830508474576,0.3333333333333333,0.29943502824858753,43,1.0,80,43,1.0,475,43,1.0,832
1,inha,rabvs_budgeted_random_parts,2343,43,0.01835253947930004,2343,43,0.6584302325581395,0.004859710761340805,0.0004141791204233712,54.48837209302326,54.48837209302326,2653,0.8584613743064448,16.208066339992463,0.6827223896980286,0.7090000000000001,0.020319303338171262,0.03389830508474576,0.3333333333333333,0.29943502824858753,43,1.0,80,43,1.0,473,43,1.0,837
2,inha,greedy_surrogate,2343,43,0.01835253947930004,2343,43,0.875,0.004954662155352984,0.0004114186745865861,54.48837209302326,54.48837209302326,18744,0.0,2.294067434912505,0.6876925230026245,0.51,0.02072538860103627,0.05084745762711865,0.3162393162393162,0.2653918586121976,43,1.0,77,43,1.0,390,43,1.0,738
2,inha,boba_ucb,2343,43,0.01835253947930004,2343,43,0.8691860465116279,0.004787025749845722,0.0003914945699476154,54.48837209302326,54.48837209302326,2653,0.8584613743064448,16.208066339992463,0.6892834305763245,0.507,0.02058319039451115,0.05084745762711865,0.3162393162393162,0.2653918586121976,43,1.0,76,43,1.0,388,43,1.0,741
2,inha,rabvs_budgeted_reliable,2343,43,0.01835253947930004,2343,43,0.8691860465116279,0.004787025749845722,0.0003914945699476154,54.48837209302326,54.48837209302326,2653,0.8584613743064448,16.208066339992463,0.6834762096405029,0.714,0.017699115044247787,0.05084745762711865,0.3162393162393162,0.2653918586121976,43,1.0,80,43,1.0,474,43,1.0,834
2,inha,rabvs_budgeted_no_ucb,2343,43,0.01835253947930004,2343,43,0.875,0.005059023257200119,0.00044983938180182356,54.48837209302326,54.48837209302326,2653,0.8584613743064448,16.208066339992463,0.6827978491783142,0.716,0.017543859649122806,0.05084745762711865,0.3162393162393162,0.2653918586121976,43,1.0,80,43,1.0,477,43,1.0,834
2,inha,rabvs_budgeted_random_parts,2343,43,0.01835253947930004,2343,43,0.8619186046511628,0.0048418267291228,0.00042607229721964885,54.48837209302326,54.48837209302326,2653,0.8584613743064448,16.208066339992463,0.6838818788528442,0.7090000000000001,0.01762114537444934,0.05084745762711865,0.3162393162393162,0.2653918586121976,43,1.0,80,43,1.0,472,43,1.0,837
0,ital,greedy_surrogate,8638,138,0.015975920351933317,2560,138,0.8659420289855072,0.00491541148279473,0.000943989544633503,62.594202898550726,62.594202898550726,69104,0.0,1.9969900439916646,0.627804160118103,0.46299999999999997,0.14370546318289787,0.032407407407407406,0.28703703703703703,0.25462962962962965,100,0.7246376811594203,100,138,1.0,436,138,1.0,814
0,ital,boba_ucb,8638,138,0.015975920351933317,2560,134,0.8586753731343284,0.005997001190616968,0.0014561420801402162,62.594202898550726,62.594202898550726,3072,0.9555452651076638,44.921875,0.6255726218223572,0.477,0.14268867924528303,0.023148148148148147,0.2962962962962963,0.27314814814814814,100,0.7246376811594203,100,138,1.0,450,138,1.0,836
0,ital,rabvs_budgeted_reliable,8638,138,0.015975920351933317,2560,134,0.8586753731343284,0.005997001190616968,0.0014561420801402162,62.594202898550726,62.594202898550726,3072,0.9555452651076638,44.596354166666664,0.6117683053016663,0.864,0.13114754098360656,0.023148148148148147,0.2962962962962963,0.27314814814814814,100,0.7246376811594203,100,137,0.9927536231884058,488,137,0.9927536231884058,987
0,ital,rabvs_budgeted_no_ucb,8638,138,0.015975920351933317,2560,138,0.863677536231884,0.005026002966927765,0.0009774998757442453,62.594202898550726,62.594202898550726,3072,0.9555452651076638,44.921875,0.6107756495475769,0.875,0.1323851203501094,0.020833333333333332,0.2986111111111111,0.2777777777777778,100,0.7246376811594203,100,138,1.0,495,138,1.0,993
0,ital,rabvs_budgeted_random_parts,8638,138,0.015975920351933317,2560,125,0.554,0.007465519633144113,0.002287330891672828,62.594202898550726,62.594202898550726,3072,0.9555452651076638,44.596354166666664,0.6145753264427185,0.857,0.132013201320132,0.05092592592592592,0.26851851851851855,0.21759259259259262,100,0.7246376811594203,100,137,0.9927536231884058,477,137,0.9927536231884058,977
1,ital,greedy_surrogate,8638,138,0.015975920351933317,2560,138,0.8605072463768116,0.004213273242456495,0.0008280331531161467,62.594202898550726,62.594202898550726,69104,0.0,1.9969900439916646,0.6251212358474731,0.481,0.13988439306358383,0.03009259259259259,0.28935185185185186,0.25925925925925924,100,0.7246376811594203,100,138,1.0,437,138,1.0,827
1,ital,boba_ucb,8638,138,0.015975920351933317,2560,133,0.8369360902255639,0.005750203842488682,0.0013411988016650948,62.594202898550726,62.594202898550726,3072,0.9555452651076638,44.921875,0.6269411444664001,0.46199999999999997,0.14020857473928158,0.020833333333333332,0.2986111111111111,0.2777777777777778,100,0.7246376811594203,100,136,0.9855072463768116,435,138,1.0,819
1,ital,rabvs_budgeted_reliable,8638,138,0.015975920351933317,2560,133,0.8369360902255639,0.005750203842488682,0.0013411988016650948,62.594202898550726,62.594202898550726,3072,0.9555452651076638,44.596354166666664,0.6115701794624329,0.866,0.13109425785482123,0.020833333333333332,0.2986111111111111,0.2777777777777778,100,0.7246376811594203,100,137,0.9927536231884058,493,137,0.9927536231884058,992
1,ital,rabvs_budgeted_no_ucb,8638,138,0.015975920351933317,2560,136,0.8690257352941176,0.0037311961670958094,0.00101058468743496,62.594202898550726,62.594202898550726,3072,0.9555452651076638,44.270833333333336,0.6073688268661499,0.887,0.1285097192224622,0.020833333333333332,0.29398148148148145,0.27314814814814814,100,0.7246376811594203,100,136,0.9855072463768116,495,136,0.9855072463768116,995
1,ital,rabvs_budgeted_random_parts,8638,138,0.015975920351933317,2560,58,0.7855603448275862,0.0028532778623755134,0.0031459458410987313,62.594202898550726,62.594202898550726,3072,0.9555452651076638,43.294270833333336,0.608744204044342,0.875,0.12433011789924973,0.14583333333333334,0.16898148148148148,0.02314814814814814,100,0.7246376811594203,100,132,0.9565217391304348,497,133,0.9637681159420289,997
2,ital,greedy_surrogate,8638,138,0.015975920351933317,2560,138,0.8623188405797102,0.004203144708879216,0.0007051415820429789,62.594202898550726,62.594202898550726,69104,0.0,1.9969900439916646,0.6262170672416687,0.473,0.1408614668218859,0.041666666666666664,0.2777777777777778,0.23611111111111113,100,0.7246376811594203,100,138,1.0,435,138,1.0,835
2,ital,boba_ucb,8638,138,0.015975920351933317,2560,132,0.8484848484848485,0.0038737939265141553,0.0013219333776359817,62.594202898550726,62.594202898550726,3072,0.9555452651076638,44.270833333333336,0.6170061826705933,0.519,0.1403301886792453,0.027777777777777776,0.28703703703703703,0.25925925925925924,100,0.7246376811594203,100,136,0.9855072463768116,455,136,0.9855072463768116,857
2,ital,rabvs_budgeted_reliable,8638,138,0.015975920351933317,2560,132,0.8484848484848485,0.0038737939265141553,0.0013219333776359817,62.594202898550726,62.594202898550726,3072,0.9555452651076638,44.270833333333336,0.608788251876831,0.888,0.13005464480874318,0.027777777777777776,0.28703703703703703,0.25925925925925924,100,0.7246376811594203,100,136,0.9855072463768116,494,136,0.9855072463768116,993
2,ital,rabvs_budgeted_no_ucb,8638,138,0.015975920351933317,2560,136,0.8694852941176471,0.0034181779548519567,0.0009345568584420677,62.594202898550726,62.594202898550726,3072,0.9555452651076638,44.270833333333336,0.6073357462882996,0.894,0.12892741061755147,0.023148148148148147,0.2916666666666667,0.26851851851851855,100,0.7246376811594203,100,136,0.9855072463768116,497,136,0.9855072463768116,996
2,ital,rabvs_budgeted_random_parts,8638,138,0.015975920351933317,2560,130,0.6682692307692307,0.004782509701369215,0.0017851684120208137,62.594202898550726,62.594202898550726,3072,0.9555452651076638,43.9453125,0.6065080761909485,0.894,0.12896174863387977,0.020833333333333332,0.2916666666666667,0.27083333333333337,100,0.7246376811594203,100,135,0.9782608695652174,495,135,0.9782608695652174,995
0,jak2,greedy_surrogate,6607,107,0.016194944755562282,2560,106,0.8643867924528302,0.006408928749398628,0.0022683275780453834,61.74766355140187,61.74766355140187,52856,0.0,2.005448766459815,0.6396968364715576,0.5780000000000001,0.10714285714285714,0.06948640483383686,0.2515151515151515,0.18202874668131466,94,0.8785046728971962,100,106,0.9906542056074766,475,106,0.9906542056074766,889
0,jak2,boba_ucb,6607,107,0.016194944755562282,2560,105,0.743452380952381,0.00713400042266664,0.0027563553712325584,61.74766355140187,61.74766355140187,2816,0.9467231723929166,37.64204545454545,0.6388115286827087,0.558,0.10676156583629894,0.054380664652567974,0.26666666666666666,0.2122860020140987,95,0.8878504672897196,100,106,0.9906542056074766,471,106,0.9906542056074766,895
0,jak2,rabvs_budgeted_reliable,6607,107,0.016194944755562282,2560,105,0.743452380952381,0.00713400042266664,0.0027563553712325584,61.74766355140187,61.74766355140187,2816,0.9467231723929166,37.28693181818181,0.6328111886978149,0.928,0.09790979097909791,0.054380664652567974,0.26666666666666666,0.2122860020140987,95,0.8878504672897196,100,105,0.9813084112149533,499,105,0.9813084112149533,998
0,jak2,rabvs_budgeted_no_ucb,6607,107,0.016194944755562282,2560,105,0.868452380952381,0.005205892482518709,0.0019271495876580836,61.74766355140187,61.74766355140187,2816,0.9467231723929166,37.28693181818181,0.6229069232940674,0.944,0.09663409337676439,0.0634441087613293,0.2545454545454545,0.19110134578412521,97,0.9065420560747663,100,105,0.9813084112149533,500,105,0.9813084112149533,999
0,jak2,rabvs_budgeted_random_parts,6607,107,0.016194944755562282,2560,79,0.7049050632911392,0.010349288138203308,0.0036825897278520135,61.74766355140187,60.812092891532146,2816,0.9467231723929166,35.15625,0.6224802732467651,0.917,0.0918141592920354,0.10876132930513595,0.21212121212121213,0.10335988281607618,95,0.8878504672897196,100,99,0.9252336448598131,494,99,0.9252336448598131,994
1,jak2,greedy_surrogate,6607,107,0.016194944755562282,2560,107,0.8574766355140186,0.0053373793531294,0.0018579851498993847,61.74766355140187,61.74766355140187,52856,0.0,2.005448766459815,0.6309178471565247,0.622,0.10180995475113122,0.06646525679758308,0.2545454545454545,0.18808019774787144,98,0.9158878504672897,100,106,0.9906542056074766,476,106,0.9906542056074766,917
1,jak2,boba_ucb,6607,107,0.016194944755562282,2560,103,0.8483009708737864,0.006010858846559529,0.0022243673100015497,61.74766355140187,61.74766355140187,2816,0.9467231723929166,37.64204545454545,0.630251944065094,0.63,0.10238907849829351,0.054380664652567974,0.26666666666666666,0.2122860020140987,98,0.9158878504672897,100,106,0.9906542056074766,473,106,0.9906542056074766,912
1,jak2,rabvs_budgeted_reliable,6607,107,0.016194944755562282,2560,103,0.8483009708737864,0.006010858846559529,0.0022243673100015497,61.74766355140187,61.74766355140187,2816,0.9467231723929166,36.93181818181819,0.622334361076355,0.937,0.09723756906077348,0.054380664652567974,0.26666666666666666,0.2122860020140987,98,0.9158878504672897,100,104,0.9719626168224299,500,104,0.9719626168224299,999
1,jak2,rabvs_budgeted_no_ucb,6607,107,0.016194944755562282,2560,106,0.8673349056603774,0.004916973385659164,0.001817193252242521,61.74766355140187,61.74766355140187,2816,0.9467231723929166,37.997159090909086,0.6216477155685425,0.945,0.09923664122137404,0.07250755287009064,0.24848484848484848,0.17597729561475783,97,0.9065420560747663,100,106,0.9906542056074766,499,107,1.0,999
1,jak2,rabvs_budgeted_random_parts,6607,107,0.016194944755562282,2560,89,0.711376404494382,0.010247161077435665,0.00342919864282283,61.74766355140187,61.74766355140187,2816,0.9467231723929166,36.57670454545455,0.6289641261100769,0.914,0.09539473684210527,0.08761329305135952,0.23333333333333334,0.14572004028197383,97,0.9065420560747663,100,103,0.9626168224299065,495,103,0.9626168224299065,995
2,jak2,greedy_surrogate,6607,107,0.016194944755562282,2560,106,0.8679245283018868,0.005937932411728192,0.0020157486773301186,61.74766355140187,61.74766355140187,52856,0.0,2.005448766459815,0.6367095708847046,0.5880000000000001,0.10676156583629894,0.06042296072507553,0.2606060606060606,0.2001830998809851,97,0.9065420560747663,100,106,0.9906542056074766,473,106,0.9906542056074766,911
2,jak2,boba_ucb,6607,107,0.016194944755562282,2560,107,0.8282710280373832,0.009656584604744927,0.00280931001674355,61.74766355140187,61.74766355140187,2816,0.9467231723929166,37.997159090909086,0.6369485855102539,0.562,0.10731132075471699,0.04833836858006042,0.27575757575757576,0.22741920717751535,97,0.9065420560747663,100,107,1.0,475,107,1.0,908
2,jak2,rabvs_budgeted_reliable,6607,107,0.016194944755562282,2560,107,0.8282710280373832,0.009656584604744927,0.00280931001674355,61.74766355140187,61.74766355140187,2816,0.9467231723929166,37.997159090909086,0.6280975937843323,0.91,0.09989023051591657,0.04833836858006042,0.27575757575757576,0.22741920717751535,97,0.9065420560747663,100,107,1.0,498,107,1.0,998
2,jak2,rabvs_budgeted_no_ucb,6607,107,0.016194944755562282,2560,106,0.8691037735849056,0.006263353036070422,0.002084543253108205,61.74766355140187,61.74766355140187,2816,0.9467231723929166,37.64204545454545,0.6277492642402649,0.94,0.09846827133479212,0.0634441087613293,0.25757575757575757,0.19413164881442826,98,0.9158878504672897,100,106,0.9906542056074766,497,106,0.9906542056074766,997
2,jak2,rabvs_budgeted_random_parts,6607,107,0.016194944755562282,2560,80,0.4140625,0.014795450517106097,0.005537350202633505,61.74766355140187,58.00538091192297,2816,0.9467231723929166,28.409090909090907,0.6183674335479736,0.896,0.07048458149779736,0.18126888217522658,0.14242424242424243,-0.03884463975098415,76,0.7102803738317757,100,80,0.7476635514018691,494,80,0.7476635514018691,994
0,kif11,greedy_surrogate,6966,116,0.016652311225954636,2560,116,0.8502155172413793,0.007542210093998125,0.002365860097582434,60.05172413793104,60.05172413793104,55728,0.0,2.0815389032443297,0.6510663628578186,0.5640000000000001,0.10872313527180784,0.05157593123209169,0.28160919540229884,0.23003326417020714,100,0.8620689655172413,61,116,1.0,398,116,1.0,775
0,kif11,boba_ucb,6966,116,0.016652311225954636,2560,115,0.8277173913043478,0.00982649658180982,0.0027768180213688285,60.05172413793104,60.05172413793104,2816,0.9494688486936549,41.19318181818181,0.6488223075866699,0.577,0.10763454317897372,0.04297994269340974,0.29022988505747127,0.24724994236406153,100,0.8620689655172413,62,116,1.0,388,116,1.0,775
0,kif11,rabvs_budgeted_reliable,6966,116,0.016652311225954636,2560,115,0.8277173913043478,0.00982649658180982,0.0027768180213688285,60.05172413793104,60.05172413793104,2816,0.9494688486936549,40.83806818181819,0.6356364488601685,0.913,0.09758897818599312,0.04297994269340974,0.29022988505747127,0.24724994236406153,99,0.853448275862069,64,115,0.9913793103448276,444,115,0.9913793103448276,943
0,kif11,rabvs_budgeted_no_ucb,6966,116,0.016652311225954636,2560,114,0.8634868421052632,0.007029812485713748,0.002394813090708297,60.05172413793104,60.05172413793104,2816,0.9494688486936549,40.127840909090914,0.6357967853546143,0.927,0.09378531073446328,0.06017191977077364,0.26436781609195403,0.2041958963211804,100,0.8620689655172413,62,113,0.9741379310344828,448,113,0.9741379310344828,948
0,kif11,rabvs_budgeted_random_parts,6966,116,0.016652311225954636,2560,95,0.6361842105263158,0.006742263231875285,0.0034381808523864343,60.05172413793104,60.05172413793104,2816,0.9494688486936549,37.28693181818181,0.6382702589035034,0.931,0.08646188850967008,0.08022922636103152,0.2413793103448276,0.16115008398379607,95,0.8189655172413793,62,105,0.9051724137931034,444,105,0.9051724137931034,944
1,kif11,greedy_surrogate,6966,116,0.016652311225954636,2560,116,0.8523706896551724,0.007416080065214629,0.001989468171271693,60.05172413793104,60.05172413793104,55728,0.0,2.0815389032443297,0.6510234475135803,0.56,0.11025641025641025,0.0659025787965616,0.2672413793103448,0.20133880051378322,100,0.8620689655172413,61,116,1.0,389,116,1.0,778
1,kif11,boba_ucb,6966,116,0.016652311225954636,2560,113,0.831858407079646,0.008123347465887646,0.0024620211024216996,60.05172413793104,60.05172413793104,2816,0.9494688486936549,40.127840909090914,0.6557514667510986,0.5409999999999999,0.10627400768245839,0.034383954154727794,0.29022988505747127,0.2558459309027435,100,0.8620689655172413,63,113,0.9741379310344828,384,113,0.9741379310344828,766
1,kif11,rabvs_budgeted_reliable,6966,116,0.016652311225954636,2560,113,0.831858407079646,0.008123347465887646,0.0024620211024216996,60.05172413793104,60.05172413793104,2816,0.9494688486936549,40.127840909090914,0.6411330699920654,0.921,0.0931537598204265,0.034383954154727794,0.29022988505747127,0.2558459309027435,100,0.8620689655172413,64,113,0.9741379310344828,447,113,0.9741379310344828,946
1,kif11,rabvs_budgeted_no_ucb,6966,116,0.016652311225954636,2560,114,0.8645833333333334,0.006988295693832179,0.0021155116067138155,60.05172413793104,60.05172413793104,2816,0.9494688486936549,40.127840909090914,0.6370316743850708,0.925,0.09201773835920177,0.054441260744985676,0.27011494252873564,0.21567368178374996,100,0.8620689655172413,64,113,0.9741379310344828,448,113,0.9741379310344828,948
1,kif11,rabvs_budgeted_random_parts,6966,116,0.016652311225954636,2560,88,0.6384943181818182,0.013908492940453331,0.004423714441801942,60.05172413793104,60.05172413793104,2816,0.9494688486936549,40.83806818181819,0.6388860940933228,0.881,0.09550561797752809,0.03724928366762178,0.29310344827586204,0.2558541646082403,99,0.853448275862069,63,115,0.9913793103448276,438,115,0.9913793103448276,937
2,kif11,greedy_surrogate,6966,116,0.016652311225954636,2560,116,0.869073275862069,0.008383827266951716,0.002178014734198809,60.05172413793104,60.05172413793104,55728,0.0,2.0815389032443297,0.6502498388290405,0.5449999999999999,0.10736579275905118,0.05157593123209169,0.28160919540229884,0.23003326417020714,99,0.853448275862069,62,116,1.0,400,116,1.0,785
2,kif11,boba_ucb,6966,116,0.016652311225954636,2560,115,0.8538043478260869,0.01151400265231001,0.0030674685827677276,60.05172413793104,60.05172413793104,2816,0.9494688486936549,41.19318181818181,0.6539570093154907,0.5549999999999999,0.10831234256926953,0.03724928366762178,0.2959770114942529,0.2587277278266311,99,0.853448275862069,63,116,1.0,387,116,1.0,786
2,kif11,rabvs_budgeted_reliable,6966,116,0.016652311225954636,2560,115,0.8538043478260869,0.01151400265231001,0.0030674685827677276,60.05172413793104,60.05172413793104,2816,0.9494688486936549,40.83806818181819,0.6418635249137878,0.896,0.09648127128263337,0.03724928366762178,0.2959770114942529,0.2587277278266311,99,0.853448275862069,65,115,0.9913793103448276,443,115,0.9913793103448276,941
2,kif11,rabvs_budgeted_no_ucb,6966,116,0.016652311225954636,2560,116,0.8636853448275862,0.008499990128711716,0.0021513602846598176,60.05172413793104,60.05172413793104,2816,0.9494688486936549,41.19318181818181,0.636078417301178,0.911,0.09587513935340022,0.05730659025787966,0.27586206896551724,0.21855547870763758,99,0.853448275862069,65,116,1.0,445,116,1.0,945
2,kif11,rabvs_budgeted_random_parts,6966,116,0.016652311225954636,2560,94,0.7865691489361702,0.010874977723542782,0.0037968573825045236,60.05172413793104,60.05172413793104,2816,0.9494688486936549,39.77272727272727,0.6341045498847961,0.911,0.0920314253647587,0.09169054441260745,0.2413793103448276,0.14968876593222014,97,0.8362068965517241,63,112,0.9655172413793104,446,112,0.9655172413793104,946
0,kit,greedy_surrogate,10616,166,0.01563677467972871,2560,163,0.8523773006134969,0.004377275172517131,0.0018478306032598051,63.95180722891567,63.95180722891567,84928,0.0,1.9074981160512434,0.6076431274414062,0.548,0.16114790286975716,0.07344632768361582,0.23163841807909605,0.1581920903954802,100,0.6024096385542169,100,162,0.9759036144578314,469,162,0.9759036144578314,892
0,kit,boba_ucb,10616,166,0.01563677467972871,2560,153,0.8468137254901961,0.004583039656709238,0.0024546379041849413,63.95180722891567,63.95180722891567,3072,0.9638281838733986,52.083333333333336,0.6062928438186646,0.565,0.15669205658324264,0.03954802259887006,0.2617702448210923,0.22222222222222224,100,0.6024096385542169,100,155,0.9337349397590361,467,160,0.963855421686747,911
0,kit,rabvs_budgeted_reliable,10616,166,0.01563677467972871,2560,153,0.8468137254901961,0.004583039656709238,0.0024546379041849413,63.95180722891567,63.95180722891567,3072,0.9638281838733986,51.432291666666664,0.5995201468467712,0.922,0.15026455026455027,0.03954802259887006,0.2617702448210923,0.22222222222222224,100,0.6024096385542169,100,158,0.9518072289156626,495,158,0.9518072289156626,995
0,kit,rabvs_budgeted_no_ucb,10616,166,0.01563677467972871,2560,161,0.8579192546583851,0.004124921893505842,0.0018141654696696027,63.95180722891567,63.95180722891567,3072,0.9638281838733986,53.059895833333336,0.5997204780578613,0.901,0.15457413249211358,0.062146892655367235,0.24105461393596986,0.17890772128060262,100,0.6024096385542169,100,161,0.9698795180722891,494,163,0.9819277108433735,994
0,kit,rabvs_budgeted_random_parts,10616,166,0.01563677467972871,2560,74,0.6452702702702703,0.006448197174851463,0.003746473931139433,63.95180722891567,62.14185042055013,3072,0.9638281838733986,47.526041666666664,0.6068601012229919,0.879,0.1381509032943677,0.14689265536723164,0.15630885122410546,0.00941619585687381,97,0.5843373493975904,100,144,0.8674698795180723,492,146,0.8795180722891566,990
1,kit,greedy_surrogate,10616,166,0.01563677467972871,2560,162,0.8530092592592593,0.004983826545492006,0.0018915111026699405,63.95180722891567,63.95180722891567,84928,0.0,1.9074981160512434,0.6117586493492126,0.5429999999999999,0.15956284153005465,0.060263653483992465,0.2448210922787194,0.18455743879472694,100,0.6024096385542169,100,162,0.9759036144578314,466,162,0.9759036144578314,876
1,kit,boba_ucb,10616,166,0.01563677467972871,2560,157,0.7965764331210191,0.005683879332092337,0.002354157058048414,63.95180722891567,63.95180722891567,3072,0.9638281838733986,52.408854166666664,0.6106023192405701,0.563,0.1600441501103753,0.03954802259887006,0.263653483992467,0.22410546139359697,100,0.6024096385542169,100,161,0.9698795180722891,466,161,0.9698795180722891,871
1,kit,rabvs_budgeted_reliable,10616,166,0.01563677467972871,2560,157,0.7965764331210191,0.005683879332092337,0.002354157058048414,63.95180722891567,63.95180722891567,3072,0.9638281838733986,53.059895833333336,0.5995205044746399,0.888,0.1590909090909091,0.03954802259887006,0.263653483992467,0.22410546139359697,100,0.6024096385542169,100,161,0.9698795180722891,493,163,0.9819277108433735,993
1,kit,rabvs_budgeted_no_ucb,10616,166,0.01563677467972871,2560,162,0.8483796296296297,0.005284629826020201,0.0018667847745184275,63.95180722891567,63.95180722891567,3072,0.9638281838733986,52.734375,0.6020073890686035,0.887,0.15698924731182795,0.054613935969868174,0.2504708097928437,0.1958568738229755,100,0.6024096385542169,100,162,0.9759036144578314,490,162,0.9759036144578314,988
1,kit,rabvs_budgeted_random_parts,10616,166,0.01563677467972871,2560,124,0.5584677419354839,0.005377515970022631,0.002888431039577543,63.95180722891567,63.95180722891567,3072,0.9638281838733986,52.083333333333336,0.599854588508606,0.897,0.15584415584415584,0.062146892655367235,0.2391713747645951,0.17702448210922786,100,0.6024096385542169,100,158,0.9518072289156626,493,160,0.963855421686747,993
2,kit,greedy_surrogate,10616,166,0.01563677467972871,2560,162,0.8622685185185185,0.004119717882191288,0.0018664052225322123,63.95180722891567,63.95180722891567,84928,0.0,1.9074981160512434,0.6101328134536743,0.5409999999999999,0.16204217536071033,0.06779661016949153,0.23728813559322035,0.1694915254237288,100,0.6024096385542169,100,162,0.9759036144578314,471,162,0.9759036144578314,882
2,kit,boba_ucb,10616,166,0.01563677467972871,2560,153,0.8161764705882353,0.00587702493449791,0.0024560151383884623,63.95180722891567,63.95180722891567,3072,0.9638281838733986,53.059895833333336,0.6053614020347595,0.5740000000000001,0.16013071895424835,0.054613935969868174,0.2523540489642185,0.1977401129943503,100,0.6024096385542169,100,162,0.9759036144578314,475,163,0.9819277108433735,923
2,kit,rabvs_budgeted_reliable,10616,166,0.01563677467972871,2560,153,0.8161764705882353,0.00587702493449791,0.0024560151383884623,63.95180722891567,63.95180722891567,3072,0.9638281838733986,52.408854166666664,0.6020347476005554,0.895,0.15591397849462366,0.054613935969868174,0.2523540489642185,0.1977401129943503,100,0.6024096385542169,100,161,0.9698795180722891,494,161,0.9698795180722891,993
2,kit,rabvs_budgeted_no_ucb,10616,166,0.01563677467972871,2560,164,0.8517530487804879,0.004057739569738827,0.001843838354495559,63.95180722891567,63.95180722891567,3072,0.9638281838733986,52.734375,0.5996049642562866,0.899,0.1554845580404686,0.060263653483992465,0.2448210922787194,0.18455743879472694,100,0.6024096385542169,100,162,0.9759036144578314,493,162,0.9759036144578314,992
2,kit,rabvs_budgeted_random_parts,10616,166,0.01563677467972871,2560,142,0.6800176056338029,0.007570533265232383,0.0037083485253773824,63.95180722891567,63.348488292793824,3072,0.9638281838733986,52.083333333333336,0.5990942716598511,0.865,0.15450643776824036,0.07532956685499058,0.2297551789077213,0.1544256120527307,99,0.5963855421686747,100,159,0.9578313253012049,486,160,0.963855421686747,984
0,kith,greedy_surrogate,2907,57,0.0196078431372549,2560,57,0.875,0.0019832625304028583,5.599053319729772e-05,51.0,51.0,23256,0.0,2.450980392156863,0.6678984761238098,0.552,0.03648648648648649,0.03424657534246575,0.3586206896551724,0.3243741143127067,57,1.0,67,57,1.0,431,57,1.0,873
0,kith,boba_ucb,2907,57,0.0196078431372549,2560,57,0.8717105263157895,0.002198362724379097,7.850622333861129e-05,51.0,51.0,2676,0.8849329205366357,21.300448430493272,0.6699626445770264,0.5429999999999999,0.03643724696356275,0.03424657534246575,0.3586206896551724,0.3243741143127067,57,1.0,66,57,1.0,437,57,1.0,867
0,kith,rabvs_budgeted_reliable,2907,57,0.0196078431372549,2560,57,0.8717105263157895,0.002198362724379097,7.850622333861129e-05,51.0,51.0,2676,0.8849329205366357,21.300448430493272,0.6533526182174683,0.967,0.03557312252964427,0.03424657534246575,0.3586206896551724,0.3243741143127067,57,1.0,70,57,1.0,470,57,1.0,956
0,kith,rabvs_budgeted_no_ucb,2907,57,0.0196078431372549,2560,57,0.875,0.0020889557369997884,5.787887867213535e-05,51.0,51.0,2676,0.8849329205366357,21.300448430493272,0.6440500617027283,0.982,0.03488372093023256,0.03424657534246575,0.3586206896551724,0.3243741143127067,57,1.0,70,57,1.0,470,57,1.0,970
0,kith,rabvs_budgeted_random_parts,2907,57,0.0196078431372549,2560,50,0.685,0.0023309603855614773,7.715016852025522e-05,51.0,51.0,2676,0.8849329205366357,19.805680119581467,0.6540163159370422,0.974,0.030666666666666665,0.10273972602739725,0.2896551724137931,0.18691544638639587,53,0.9298245614035088,70,53,0.9298245614035088,470,53,0.9298245614035088,950
1,kith,greedy_surrogate,2907,57,0.0196078431372549,2560,57,0.875,0.0021122699447950186,6.161316128125961e-05,51.0,51.0,23256,0.0,2.450980392156863,0.6674956679344177,0.54,0.022696929238985315,0.0273972602739726,0.36551724137931035,0.33811998110533775,57,1.0,66,57,1.0,432,57,1.0,865
1,kith,boba_ucb,2907,57,0.0196078431372549,2560,57,0.875,0.002092039735137577,6.091090667495046e-05,51.0,51.0,2676,0.8849329205366357,21.300448430493272,0.669097363948822,0.542,0.022606382978723406,0.03424657534246575,0.3586206896551724,0.3243741143127067,57,1.0,67,57,1.0,429,57,1.0,865
1,kith,rabvs_budgeted_reliable,2907,57,0.0196078431372549,2560,57,0.875,0.002092039735137577,6.091090667495046e-05,51.0,51.0,2676,0.8849329205366357,21.300448430493272,0.6550342440605164,0.969,0.022193211488250653,0.03424657534246575,0.3586206896551724,0.3243741143127067,57,1.0,70,57,1.0,470,57,1.0,952
1,kith,rabvs_budgeted_no_ucb,2907,57,0.0196078431372549,2560,57,0.875,0.002333605210871436,7.886481698013679e-05,51.0,51.0,2676,0.8849329205366357,21.300448430493272,0.6432604193687439,0.983,0.021822849807445442,0.02054794520547945,0.3724137931034483,0.3518658478979688,57,1.0,70,57,1.0,470,57,1.0,970
1,kith,rabvs_budgeted_random_parts,2907,57,0.0196078431372549,2560,57,0.694078947368421,0.0022265850651742355,7.444181822912667e-05,51.0,51.0,2676,0.8849329205366357,21.300448430493272,0.6514856815338135,0.969,0.022135416666666668,0.0136986301369863,0.3793103448275862,0.3656117146905999,57,1.0,70,57,1.0,470,57,1.0,952
2,kith,greedy_surrogate,2907,57,0.0196078431372549,2560,57,0.875,0.002117887324276935,6.19039381158783e-05,51.0,51.0,23256,0.0,2.450980392156863,0.669406533241272,0.5329999999999999,0.030042918454935622,0.0273972602739726,0.36551724137931035,0.33811998110533775,57,1.0,66,57,1.0,432,57,1.0,862
2,kith,boba_ucb,2907,57,0.0196078431372549,2560,57,0.875,0.0021743796203119985,7.282860826740797e-05,51.0,51.0,2676,0.8849329205366357,21.300448430493272,0.6688356399536133,0.536,0.029914529914529916,0.0136986301369863,0.3793103448275862,0.3656117146905999,57,1.0,66,57,1.0,434,57,1.0,866
2,kith,rabvs_budgeted_reliable,2907,57,0.0196078431372549,2560,57,0.875,0.0021743796203119985,7.282860826740797e-05,51.0,51.0,2676,0.8849329205366357,21.300448430493272,0.6536622047424316,0.966,0.028532608695652172,0.0136986301369863,0.3793103448275862,0.3656117146905999,57,1.0,70,57,1.0,470,57,1.0,953
2,kith,rabvs_budgeted_no_ucb,2907,57,0.0196078431372549,2560,57,0.875,0.002261926526366333,7.363261546836889e-05,51.0,51.0,2676,0.8849329205366357,21.300448430493272,0.6461602449417114,0.971,0.027888446215139442,0.0136986301369863,0.3793103448275862,0.3656117146905999,57,1.0,70,57,1.0,470,57,1.0,968
2,kith,rabvs_budgeted_random_parts,2907,57,0.0196078431372549,2560,57,0.7532894736842105,0.0023247267434257676,7.513061710019018e-05,51.0,51.0,2676,0.8849329205366357,21.300448430493272,0.6483575105667114,0.967,0.028532608695652172,0.0136986301369863,0.3793103448275862,0.3656117146905999,57,1.0,70,57,1.0,470,57,1.0,962
0,kpcb,greedy_surrogate,8835,135,0.015280135823429542,2560,130,0.8480769230769231,0.006150299488458091,0.002686061337944961,65.44444444444444,65.44444444444444,70680,0.0,1.8251273344651953,0.6570007801055908,0.39,0.1282633371169126,0.03619909502262444,0.25565610859728505,0.2194570135746606,99,0.7333333333333333,100,129,0.9555555555555556,445,129,0.9555555555555556,862
0,kpcb,boba_ucb,8835,135,0.015280135823429542,2560,129,0.8236434108527132,0.006868639677191878,0.0028386650237811513,65.44444444444444,64.70075757575758,3072,0.9565365025466893,41.341145833333336,0.6383768916130066,0.402,0.12906976744186047,0.029411764705882353,0.2579185520361991,0.22850678733031676,99,0.7333333333333333,100,126,0.9333333333333333,431,127,0.9407407407407408,814
0,kpcb,rabvs_budgeted_reliable,8835,135,0.015280135823429542,2560,129,0.8236434108527132,0.006868639677191878,0.0028386650237811513,65.44444444444444,65.44444444444444,3072,0.9565365025466893,41.015625,0.6321114897727966,0.8280000000000001,0.12021857923497267,0.029411764705882353,0.2579185520361991,0.22850678733031676,99,0.7333333333333333,100,126,0.9333333333333333,484,126,0.9333333333333333,984
0,kpcb,rabvs_budgeted_no_ucb,8835,135,0.015280135823429542,2560,129,0.8527131782945736,0.0063219623247031155,0.0025672351274931065,65.44444444444444,64.70075757575758,3072,0.9565365025466893,41.666666666666664,0.6489913463592529,0.8220000000000001,0.12187159956474429,0.033936651583710405,0.2579185520361991,0.22398190045248872,99,0.7333333333333333,100,128,0.9481481481481482,481,128,0.9481481481481482,980
0,kpcb,rabvs_budgeted_random_parts,8835,135,0.015280135823429542,2560,58,0.7015086206896551,0.011206954049349462,0.005805849606959109,65.44444444444444,65.44444444444444,3072,0.9565365025466893,39.388020833333336,0.642267644405365,0.796,0.11437908496732026,0.04072398190045249,0.2330316742081448,0.19230769230769232,100,0.7407407407407407,100,119,0.8814814814814815,477,121,0.8962962962962963,975
1,kpcb,greedy_surrogate,8835,135,0.015280135823429542,2560,132,0.8390151515151515,0.005380987492350733,0.0022072223584845875,65.44444444444444,65.44444444444444,70680,0.0,1.8251273344651953,0.6549977660179138,0.45799999999999996,0.1313953488372093,0.042986425339366516,0.248868778280543,0.20588235294117646,99,0.7333333333333333,100,129,0.9555555555555556,442,129,0.9555555555555556,825
1,kpcb,boba_ucb,8835,135,0.015280135823429542,2560,131,0.8148854961832062,0.009076158986658298,0.0028017525551481508,65.44444444444444,65.44444444444444,3072,0.9565365025466893,42.96875,0.64249187707901,0.44599999999999995,0.1358313817330211,0.05656108597285068,0.2420814479638009,0.18552036199095023,100,0.7407407407407407,100,132,0.9777777777777777,450,132,0.9777777777777777,859
1,kpcb,rabvs_budgeted_reliable,8835,135,0.015280135823429542,2560,131,0.8148854961832062,0.009076158986658298,0.0028017525551481508,65.44444444444444,65.44444444444444,3072,0.9565365025466893,43.619791666666664,0.6373173594474792,0.8109999999999999,0.128680479825518,0.05656108597285068,0.2420814479638009,0.18552036199095023,100,0.7407407407407407,100,132,0.9777777777777777,482,134,0.9925925925925926,981
1,kpcb,rabvs_budgeted_no_ucb,8835,135,0.015280135823429542,2560,134,0.835820895522388,0.007953368560818044,0.0022139843981579753,65.44444444444444,65.44444444444444,3072,0.9565365025466893,43.9453125,0.6361087560653687,0.8220000000000001,0.12837108953613807,0.049773755656108594,0.251131221719457,0.20135746606334842,100,0.7407407407407407,100,133,0.9851851851851852,483,135,1.0,981
1,kpcb,rabvs_budgeted_random_parts,8835,135,0.015280135823429542,2560,115,0.6717391304347826,0.007929259559069536,0.003727352261608731,65.44444444444444,64.70075757575758,3072,0.9565365025466893,42.643229166666664,0.6368159055709839,0.8260000000000001,0.1248642779587405,0.07918552036199095,0.2171945701357466,0.13800904977375567,98,0.725925925925926,100,129,0.9555555555555556,487,131,0.9703703703703703,986
2,kpcb,greedy_surrogate,8835,135,0.015280135823429542,2560,131,0.8554389312977099,0.0063602295957922,0.0023100947573068227,65.44444444444444,65.44444444444444,70680,0.0,1.8534238822863611,0.6467646956443787,0.41500000000000004,0.13083048919226395,0.042986425339366516,0.25339366515837103,0.2104072398190045,100,0.7407407407407407,100,131,0.9703703703703703,445,131,0.9703703703703703,851
2,kpcb,boba_ucb,8835,135,0.015280135823429542,2560,131,0.7977099236641222,0.0083599113417018,0.002859240067923358,65.44444444444444,65.44444444444444,3072,0.9565365025466893,42.643229166666664,0.6531710624694824,0.43100000000000005,0.13038548752834467,0.04072398190045249,0.25565610859728505,0.21493212669683256,100,0.7407407407407407,100,129,0.9555555555555556,445,131,0.9703703703703703,854
2,kpcb,rabvs_budgeted_reliable,8835,135,0.015280135823429542,2560,131,0.7977099236641222,0.0083599113417018,0.002859240067923358,65.44444444444444,65.44444444444444,3072,0.9565365025466893,42.643229166666664,0.6368871927261353,0.817,0.12365591397849462,0.04072398190045249,0.25565610859728505,0.21493212669683256,100,0.7407407407407407,100,128,0.9481481481481482,488,131,0.9703703703703703,985
2,kpcb,rabvs_budgeted_no_ucb,8835,135,0.015280135823429542,2560,130,0.8557692307692307,0.005487597503769658,0.0021526193239616758,65.44444444444444,65.44444444444444,3072,0.9565365025466893,42.317708333333336,0.6341166496276855,0.844,0.12324324324324325,0.04751131221719457,0.24660633484162897,0.1990950226244344,99,0.7333333333333333,100,129,0.9555555555555556,489,130,0.9629629629629629,988
2,kpcb,rabvs_budgeted_random_parts,8835,135,0.015280135823429542,2560,56,0.6037946428571429,0.011916728282031155,0.004553809186065874,65.44444444444444,65.44444444444444,3072,0.9565365025466893,43.619791666666664,0.6408938765525818,0.771,0.12967032967032968,0.07239819004524888,0.22850678733031674,0.15610859728506787,100,0.7407407407407407,100,133,0.9851851851851852,472,134,0.9925925925925926,963
0,lck,greedy_surrogate,27820,420,0.01509705248023005,2560,394,0.8413705583756346,0.0017422019615161582,0.0023550332204529396,66.23809523809524,66.23809523809524,222560,0.0,1.7658159597411933,0.5454854965209961,0.728,0.39067357512953366,0.037383177570093455,0.24658519051042416,0.2092020129403307,100,0.23809523809523808,100,392,0.9333333333333333,489,393,0.9357142857142857,926
0,lck,boba_ucb,27820,420,0.01509705248023005,2560,318,0.8244889937106918,0.002137881668879434,0.002644581277810837,66.23809523809524,65.9998287084618,3840,0.98274622573688,102.08333333333333,0.5430906414985657,0.7150000000000001,0.38564102564102565,0.04960460100647016,0.2336448598130841,0.18404025880661395,100,0.23809523809523808,100,383,0.9119047619047619,491,392,0.9333333333333333,916
0,lck,rabvs_budgeted_reliable,27820,420,0.01509705248023005,2560,318,0.8244889937106918,0.002137881668879434,0.002644581277810837,66.23809523809524,65.9998287084618,3840,0.98274622573688,102.34375,0.5426798462867737,0.883,0.38548057259713703,0.04960460100647016,0.2336448598130841,0.18404025880661395,100,0.23809523809523808,100,384,0.9142857142857143,494,393,0.9357142857142857,978
0,lck,rabvs_budgeted_no_ucb,27820,420,0.01509705248023005,2560,394,0.8416878172588832,0.0021591664883462785,0.0024319249898526987,66.23809523809524,65.9998287084618,3840,0.98274622573688,102.60416666666666,0.5418025255203247,0.881,0.38769230769230767,0.039539899352983465,0.24442846872753415,0.2048885693745507,100,0.23809523809523808,100,393,0.9357142857142857,494,394,0.9380952380952381,973
0,lck,rabvs_budgeted_random_parts,27820,420,0.01509705248023005,2560,179,0.5513268156424581,0.001758558578024239,0.0029146966770929473,66.23809523809524,65.52329564919494,3840,0.98274622573688,101.82291666666667,0.5464889407157898,0.879,0.3854059609455293,0.12940330697340044,0.15240833932422718,0.023005032350826737,100,0.23809523809523808,100,384,0.9142857142857143,492,391,0.930952380952381,980
1,lck,greedy_surrogate,27820,420,0.01509705248023005,2560,402,0.8272699004975125,0.004520220688263124,0.0029340052753168487,66.23809523809524,65.9998287084618,222560,0.0,1.7927749820273184,0.5538631677627563,0.6639999999999999,0.40145985401459855,0.040977713874910136,0.24874191229331416,0.20776419841840402,100,0.23809523809523808,100,388,0.9238095238095239,492,399,0.95,929
1,lck,boba_ucb,27820,420,0.01509705248023005,2560,292,0.8133561643835616,0.005420956087279044,0.003295537236699189,66.23809523809524,65.9998287084618,3840,0.98274622573688,103.125,0.5590068697929382,0.645,0.39337474120082816,0.055355859094176854,0.2350826743350108,0.17972681524083395,100,0.23809523809523808,100,385,0.9166666666666666,489,396,0.9428571428571428,932
1,lck,rabvs_budgeted_reliable,27820,420,0.01509705248023005,2560,292,0.8133561643835616,0.005420956087279044,0.003295537236699189,66.23809523809524,65.76156217882837,3840,0.98274622573688,102.60416666666666,0.5552927851676941,0.791,0.3913491246138002,0.055355859094176854,0.2350826743350108,0.17972681524083395,100,0.23809523809523808,100,387,0.9214285714285714,490,394,0.9380952380952381,968
1,lck,rabvs_budgeted_no_ucb,27820,420,0.01509705248023005,2560,400,0.82265625,0.0038800465919679662,0.002764721180230333,66.23809523809524,65.76156217882837,3840,0.98274622573688,103.38541666666666,0.5510931611061096,0.815,0.3936279547790339,0.035945363048166784,0.2537742631200575,0.21782890007189074,100,0.23809523809523808,100,388,0.9238095238095239,491,397,0.9452380952380952,975
1,lck,rabvs_budgeted_random_parts,27820,420,0.01509705248023005,2560,287,0.4375,0.005766234898526809,0.0035111000047789312,66.23809523809524,65.76156217882837,3840,0.98274622573688,102.08333333333333,0.5570629835128784,0.775,0.3917098445595855,0.06685837526959022,0.22286125089863407,0.15600287562904386,100,0.23809523809523808,100,382,0.9095238095238095,490,392,0.9333333333333333,969
2,lck,greedy_surrogate,27820,420,0.01509705248023005,2560,395,0.8411392405063292,0.0021877961414054964,0.002419210342491215,66.23809523809524,66.23809523809524,222560,0.0,1.7703091301222142,0.5452824234962463,0.7110000000000001,0.3945720250521921,0.036637931034482756,0.2474820143884892,0.21084408335400645,100,0.23809523809523808,100,391,0.930952380952381,489,394,0.9380952380952381,926
2,lck,boba_ucb,27820,420,0.01509705248023005,2560,312,0.8141025641025641,0.0021534382477793935,0.0025694116331332496,66.23809523809524,66.23809523809524,3840,0.98274622573688,101.82291666666667,0.5476052165031433,0.721,0.3939075630252101,0.048132183908045974,0.23597122302158274,0.18783903911353678,100,0.23809523809523808,100,384,0.9142857142857143,490,391,0.930952380952381,922
2,lck,rabvs_budgeted_reliable,27820,420,0.01509705248023005,2560,312,0.8141025641025641,0.0021534382477793935,0.0025694116331332496,66.23809523809524,66.23809523809524,3840,0.98274622573688,101.82291666666667,0.5472380518913269,0.878,0.3877973112719752,0.048132183908045974,0.23597122302158274,0.18783903911353678,100,0.23809523809523808,100,386,0.919047619047619,490,391,0.930952380952381,980
2,lck,rabvs_budgeted_no_ucb,27820,420,0.01509705248023005,2560,394,0.8399428934010152,0.0018054771536895205,0.0023575030754612145,66.23809523809524,65.9998287084618,3840,0.98274622573688,102.08333333333333,0.5456430315971375,0.893,0.3884297520661157,0.040977713874910136,0.24299065420560748,0.20201294033069733,100,0.23809523809523808,100,391,0.930952380952381,496,392,0.9333333333333333,980
2,lck,rabvs_budgeted_random_parts,27820,420,0.01509705248023005,2560,288,0.5091145833333334,0.001576912797651069,0.0026236913149214613,66.23809523809524,65.9998287084618,3840,0.98274622573688,101.04166666666667,0.5493252873420715,0.889,0.3854922279792746,0.0927390366642703,0.18979151689432064,0.09705248023005034,100,0.23809523809523808,100,380,0.9047619047619048,494,388,0.9238095238095239,981
0,lkha4,greedy_surrogate,9621,171,0.01777362020579981,2560,171,0.8687865497076024,0.0027165341963438223,0.0004176989497980209,56.26315789473685,56.26315789473685,76968,0.0,2.2087101132938365,0.644721508026123,0.621,0.18072289156626506,0.026970954356846474,0.3264033264033264,0.29943237204647993,100,0.5847953216374269,100,170,0.9941520467836257,455,170,0.9941520467836257,831
0,lkha4,boba_ucb,9621,171,0.01777362020579981,2560,168,0.8619791666666666,0.0023492489272171654,0.0005444931184203087,56.26315789473685,56.26315789473685,3072,0.9600873090115373,55.338541666666664,0.628776490688324,0.65,0.17964071856287425,0.02074688796680498,0.33264033264033266,0.3118934446735277,100,0.5847953216374269,100,170,0.9941520467836257,459,170,0.9941520467836257,852
0,lkha4,rabvs_budgeted_reliable,9621,171,0.01777362020579981,2560,168,0.8619791666666666,0.0023492489272171654,0.0005444931184203087,56.26315789473685,56.26315789473685,3072,0.9600873090115373,55.013020833333336,0.6239700317382812,0.95,0.15952890792291222,0.02074688796680498,0.33264033264033266,0.3118934446735277,100,0.5847953216374269,100,169,0.9883040935672515,497,169,0.9883040935672515,997
0,lkha4,rabvs_budgeted_no_ucb,9621,171,0.01777362020579981,2560,171,0.8717105263157895,0.003803375384875554,0.000562007484038578,56.26315789473685,56.26315789473685,3072,0.9600873090115373,55.6640625,0.6331533193588257,0.942,0.16080937167199147,0.02074688796680498,0.33471933471933474,0.3139724467525298,100,0.5847953216374269,100,171,1.0,495,171,1.0,995
0,lkha4,rabvs_budgeted_random_parts,9621,171,0.01777362020579981,2560,140,0.45714285714285713,0.00604843447305637,0.001147124523397039,56.26315789473685,56.26315789473685,3072,0.9600873090115373,55.6640625,0.6299009919166565,0.929,0.1627155172413793,0.04979253112033195,0.3049792531120332,0.2551867219917013,100,0.5847953216374269,100,171,1.0,490,171,1.0,990
1,lkha4,greedy_surrogate,9621,171,0.01777362020579981,2560,171,0.8695175438596491,0.003309477089891953,0.0004863437176800207,56.26315789473685,56.26315789473685,76968,0.0,2.2217025257249765,0.6425262689590454,0.637,0.185,0.03319502074688797,0.32224532224532226,0.2890503014984343,100,0.5847953216374269,100,171,1.0,449,171,1.0,804
1,lkha4,boba_ucb,9621,171,0.01777362020579981,2560,171,0.856359649122807,0.004367156341197295,0.0006987028275782716,56.26315789473685,56.26315789473685,3072,0.9600873090115373,55.6640625,0.6412932276725769,0.639,0.1880559085133418,0.01867219917012448,0.3367983367983368,0.31812613762821235,100,0.5847953216374269,100,170,0.9941520467836257,448,171,1.0,804
1,lkha4,rabvs_budgeted_reliable,9621,171,0.01777362020579981,2560,171,0.856359649122807,0.004367156341197295,0.0006987028275782716,56.26315789473685,56.26315789473685,3072,0.9600873090115373,55.338541666666664,0.6320875883102417,0.937,0.16065573770491803,0.01867219917012448,0.3367983367983368,0.31812613762821235,100,0.5847953216374269,100,170,0.9941520467836257,495,170,0.9941520467836257,992
1,lkha4,rabvs_budgeted_no_ucb,9621,171,0.01777362020579981,2560,171,0.8695175438596491,0.003701309380815643,0.0005270736763550472,56.26315789473685,56.26315789473685,3072,0.9600873090115373,55.6640625,0.631676971912384,0.9390000000000001,0.16069489685124863,0.029045643153526972,0.3264033264033264,0.29735768324979944,100,0.5847953216374269,100,171,1.0,495,171,1.0,994
1,lkha4,rabvs_budgeted_random_parts,9621,171,0.01777362020579981,2560,171,0.6597222222222222,0.005545907437394582,0.0010117019273383507,56.26315789473685,56.26315789473685,3072,0.9600873090115373,55.6640625,0.6316603422164917,0.919,0.16192560175054704,0.016597510373443983,0.3388773388773389,0.3222798285038949,100,0.5847953216374269,100,171,1.0,490,171,1.0,989
2,lkha4,greedy_surrogate,9621,171,0.01777362020579981,2560,171,0.8695175438596491,0.0027917635096091084,0.0004374297840706532,56.26315789473685,56.26315789473685,76968,0.0,2.2217025257249765,0.6383829712867737,0.645,0.18665018541409148,0.03112033195020747,0.32432432432432434,0.2932039923741169,100,0.5847953216374269,100,171,1.0,454,171,1.0,827
2,lkha4,boba_ucb,9621,171,0.01777362020579981,2560,169,0.8413461538461539,0.003638334261615513,0.0005720363251892536,56.26315789473685,56.26315789473685,3072,0.9600873090115373,55.6640625,0.6360803246498108,0.671,0.18711276332094176,0.026970954356846474,0.3284823284823285,0.301511374125482,100,0.5847953216374269,100,170,0.9941520467836257,451,171,1.0,825
2,lkha4,rabvs_budgeted_reliable,9621,171,0.01777362020579981,2560,169,0.8413461538461539,0.003638334261615513,0.0005720363251892536,56.26315789473685,56.26315789473685,3072,0.9600873090115373,55.338541666666664,0.6290106177330017,0.94,0.1611170784103115,0.026970954356846474,0.3284823284823285,0.301511374125482,100,0.5847953216374269,100,170,0.9941520467836257,498,170,0.9941520467836257,996
2,lkha4,rabvs_budgeted_no_ucb,9621,171,0.01777362020579981,2560,171,0.8709795321637427,0.0031709509012911945,0.000445148723920921,56.26315789473685,56.26315789473685,3072,0.9600873090115373,55.6640625,0.6318759918212891,0.9410000000000001,0.16236559139784945,0.026970954356846474,0.3284823284823285,0.301511374125482,100,0.5847953216374269,100,171,1.0,498,171,1.0,996
2,lkha4,rabvs_budgeted_random_parts,9621,171,0.01777362020579981,2560,103,0.3768203883495146,0.00547689727216216,0.0010736399491103681,56.26315789473685,56.26315789473685,3072,0.9600873090115373,55.338541666666664,0.6218979358673096,0.929,0.16233766233766234,0.11825726141078838,0.23651452282157676,0.11825726141078838,100,0.5847953216374269,100,170,0.9941520467836257,494,170,0.9941520467836257,994
0,mapk2,greedy_surrogate,6251,101,0.016157414813629818,2560,101,0.8719059405940595,0.005188792202579159,0.000963882945576401,61.8910891089109,61.8910891089109,50008,0.0,2.019676851703727,0.6593407988548279,0.5429999999999999,0.0922722029988466,0.04153354632587859,0.28115015974440893,0.23961661341853036,99,0.9801980198019802,75,101,1.0,448,101,1.0,854
0,mapk2,boba_ucb,6251,101,0.016157414813629818,2560,98,0.8303571428571429,0.004678241525536211,0.0012683611400179113,61.8910891089109,61.8910891089109,2810,0.9438089905615101,35.94306049822064,0.6617390513420105,0.5429999999999999,0.0935672514619883,0.051118210862619806,0.2715654952076677,0.2204472843450479,96,0.9504950495049505,76,100,0.9900990099009901,445,101,1.0,859
0,mapk2,rabvs_budgeted_reliable,6251,101,0.016157414813629818,2560,98,0.8303571428571429,0.004678241525536211,0.0012683611400179113,61.8910891089109,61.8910891089109,2810,0.9438089905615101,35.23131672597865,0.6578223705291748,0.957,0.08764044943820225,0.051118210862619806,0.2715654952076677,0.2204472843450479,96,0.9504950495049505,76,99,0.9801980198019802,473,99,0.9801980198019802,973
0,mapk2,rabvs_budgeted_no_ucb,6251,101,0.016157414813629818,2560,101,0.869430693069307,0.005059712581224993,0.0009395337073082093,61.8910891089109,61.8910891089109,2810,0.9438089905615101,35.94306049822064,0.650074303150177,0.954,0.0894854586129754,0.04153354632587859,0.28115015974440893,0.23961661341853036,99,0.9801980198019802,75,101,1.0,471,101,1.0,971
0,mapk2,rabvs_budgeted_random_parts,6251,101,0.016157414813629818,2560,80,0.696875,0.00747144291875795,0.0021753287614754845,61.8910891089109,61.8910891089109,2810,0.9438089905615101,32.74021352313167,0.6500808596611023,0.945,0.08172531214528944,0.09584664536741214,0.2268370607028754,0.13099041533546327,91,0.900990099009901,78,92,0.9108910891089109,476,92,0.9108910891089109,976
1,mapk2,greedy_surrogate,6251,101,0.016157414813629818,2560,96,0.8736979166666666,0.00270148301850307,0.0012135392270811777,61.8910891089109,61.8910891089109,50008,0.0,1.919692849144137,0.6404619216918945,0.529,0.08941176470588236,0.04153354632587859,0.26517571884984026,0.22364217252396168,96,0.9504950495049505,76,96,0.9504950495049505,437,96,0.9504950495049505,867
1,mapk2,boba_ucb,6251,101,0.016157414813629818,2560,97,0.8344072164948454,0.0032787571837038423,0.0013182985863267698,61.8910891089109,61.8910891089109,2810,0.9438089905615101,35.587188612099645,0.6508617401123047,0.5429999999999999,0.09378663540445487,0.04472843450479233,0.268370607028754,0.22364217252396165,96,0.9504950495049505,76,98,0.9702970297029703,440,100,0.9900990099009901,871
1,mapk2,rabvs_budgeted_reliable,6251,101,0.016157414813629818,2560,97,0.8344072164948454,0.0032787571837038423,0.0013182985863267698,61.8910891089109,61.8910891089109,2810,0.9438089905615101,34.16370106761566,0.6557706594467163,0.965,0.08587570621468926,0.04472843450479233,0.268370607028754,0.22364217252396165,95,0.9405940594059405,76,96,0.9504950495049505,474,96,0.9504950495049505,974
1,mapk2,rabvs_budgeted_no_ucb,6251,101,0.016157414813629818,2560,101,0.8545792079207921,0.006129635979057415,0.0010088941101281232,61.8910891089109,61.8910891089109,2810,0.9438089905615101,35.94306049822064,0.6513063907623291,0.952,0.08980044345898004,0.051118210862619806,0.2715654952076677,0.2204472843450479,99,0.9801980198019802,76,101,1.0,473,101,1.0,973
1,mapk2,rabvs_budgeted_random_parts,6251,101,0.016157414813629818,2560,80,0.746875,0.005282801880911641,0.0013907912315111548,61.8910891089109,61.8910891089109,2810,0.9438089905615101,31.672597864768683,0.6522749662399292,0.966,0.07744107744107744,0.10223642172523961,0.22044728434504793,0.11821086261980832,88,0.8712871287128713,79,89,0.8811881188118812,476,89,0.8811881188118812,976
2,mapk2,greedy_surrogate,6251,101,0.016157414813629818,2560,101,0.8341584158415841,0.004241652641061146,0.0013081850795104049,61.8910891089109,61.8910891089109,50008,0.0,1.9996800511918091,0.6464277505874634,0.5429999999999999,0.08774038461538461,0.04792332268370607,0.26517571884984026,0.21725239616613418,97,0.9603960396039604,76,98,0.9702970297029703,428,100,0.9900990099009901,853
2,mapk2,boba_ucb,6251,101,0.016157414813629818,2560,95,0.8690789473684211,0.0032856498569587785,0.0013426985447644872,61.8910891089109,61.8910891089109,2810,0.9438089905615101,34.16370106761566,0.637389600276947,0.515,0.08156028368794327,0.03514376996805112,0.2715654952076677,0.23642172523961658,95,0.9405940594059405,76,96,0.9504950495049505,440,96,0.9504950495049505,869
2,mapk2,rabvs_budgeted_reliable,6251,101,0.016157414813629818,2560,95,0.8690789473684211,0.0032856498569587785,0.0013426985447644872,61.8910891089109,61.8910891089109,2810,0.9438089905615101,34.16370106761566,0.6445860266685486,0.961,0.07787810383747178,0.03514376996805112,0.2715654952076677,0.23642172523961658,95,0.9405940594059405,76,96,0.9504950495049505,476,96,0.9504950495049505,976
2,mapk2,rabvs_budgeted_no_ucb,6251,101,0.016157414813629818,2560,96,0.8723958333333334,0.003422188219989736,0.0012570942298517217,61.8910891089109,61.8910891089109,2810,0.9438089905615101,34.519572953736656,0.6404917240142822,0.965,0.07777777777777778,0.04472843450479233,0.26198083067092653,0.2172523961661342,96,0.9504950495049505,76,96,0.9504950495049505,476,97,0.9603960396039604,976
2,mapk2,rabvs_budgeted_random_parts,6251,101,0.016157414813629818,2560,73,0.6181506849315068,0.0030467717406958365,0.0018714732663165255,61.8910891089109,61.8910891089109,2810,0.9438089905615101,29.537366548042705,0.6475126147270203,0.974,0.06363636363636363,0.10543130990415335,0.2012779552715655,0.09584664536741215,83,0.8217821782178217,79,83,0.8217821782178217,478,83,0.8217821782178217,978
0,mcr,greedy_surrogate,5244,94,0.01792524790236461,2560,94,0.8597074468085106,0.008358847025416777,0.0026856207651117063,55.78723404255319,55.78723404255319,41952,0.0,2.240655987795576,0.6660178303718567,0.492,0.09161290322580645,0.06463878326996197,0.29389312977099236,0.22925434650103038,90,0.9574468085106383,75,94,1.0,422,94,1.0,815
0,mcr,boba_ucb,5244,94,0.01792524790236461,2560,93,0.8575268817204301,0.008012827698140736,0.0022735681692892216,55.78723404255319,55.78723404255319,2769,0.933995995423341,33.947273383893105,0.6637160181999207,0.5,0.09056122448979592,0.06463878326996197,0.29389312977099236,0.22925434650103038,91,0.9680851063829787,75,94,1.0,426,94,1.0,816
0,mcr,rabvs_budgeted_reliable,5244,94,0.01792524790236461,2560,93,0.8575268817204301,0.008012827698140736,0.0022735681692892216,55.78723404255319,55.78723404255319,2769,0.933995995423341,33.947273383893105,0.6315521597862244,0.933,0.08123569794050343,0.06463878326996197,0.29389312977099236,0.22925434650103038,92,0.9787234042553191,75,94,1.0,472,94,1.0,972
0,mcr,rabvs_budgeted_no_ucb,5244,94,0.01792524790236461,2560,92,0.8722826086956522,0.006691882490084414,0.0021048681334338037,55.78723404255319,55.78723404255319,2769,0.933995995423341,33.22499097146984,0.631260097026825,0.9359999999999999,0.07832009080590238,0.057034220532319393,0.29389312977099236,0.23685890923867298,92,0.9787234042553191,75,92,0.9787234042553191,474,92,0.9787234042553191,974
0,mcr,rabvs_budgeted_random_parts,5244,94,0.01792524790236461,2560,61,0.48975409836065575,0.010243925479847944,0.004178805910185415,55.78723404255319,52.568739770867424,2769,0.933995995423341,26.724449259660528,0.6324256658554077,0.922,0.0587557603686636,0.17490494296577946,0.183206106870229,0.008301163904449543,74,0.7872340425531915,79,74,0.7872340425531915,475,74,0.7872340425531915,975
1,mcr,greedy_surrogate,5244,94,0.01792524790236461,2560,94,0.8690159574468085,0.008061559553436258,0.002742542154992157,55.78723404255319,55.78723404255319,41952,0.0,2.240655987795576,0.6651933789253235,0.49,0.09275730622617535,0.06844106463878327,0.2900763358778626,0.2216352712390793,92,0.9787234042553191,76,94,1.0,418,94,1.0,828
1,mcr,boba_ucb,5244,94,0.01792524790236461,2560,94,0.805186170212766,0.009707907003909347,0.0027817267267778484,55.78723404255319,55.78723404255319,2769,0.933995995423341,33.947273383893105,0.6693094372749329,0.46799999999999997,0.09346991037131883,0.049429657794676805,0.30916030534351147,0.2597306475488347,92,0.9787234042553191,76,94,1.0,421,94,1.0,823
1,mcr,rabvs_budgeted_reliable,5244,94,0.01792524790236461,2560,94,0.805186170212766,0.009707907003909347,0.0027817267267778484,55.78723404255319,55.78723404255319,2769,0.933995995423341,33.947273383893105,0.632053017616272,0.923,0.08333333333333333,0.049429657794676805,0.30916030534351147,0.2597306475488347,92,0.9787234042553191,76,94,1.0,473,94,1.0,973
1,mcr,rabvs_budgeted_no_ucb,5244,94,0.01792524790236461,2560,94,0.870345744680851,0.00833860294719527,0.002490116180203617,55.78723404255319,55.78723404255319,2769,0.933995995423341,33.947273383893105,0.6302893757820129,0.923,0.08257918552036199,0.06844106463878327,0.2900763358778626,0.2216352712390793,92,0.9787234042553191,76,94,1.0,472,94,1.0,972
1,mcr,rabvs_budgeted_random_parts,5244,94,0.01792524790236461,2560,76,0.7393092105263158,0.009905596862122256,0.0036555752830429973,55.78723404255319,54.71440261865793,2769,0.933995995423341,28.8912964969303,0.6267485022544861,0.92,0.0676605504587156,0.11787072243346007,0.24045801526717558,0.12258729283371551,79,0.8404255319148937,77,80,0.851063829787234,477,80,0.851063829787234,977
2,mcr,greedy_surrogate,5244,94,0.01792524790236461,2560,94,0.8650265957446809,0.009115054218516168,0.0026874778769139574,55.78723404255319,55.78723404255319,41952,0.0,2.240655987795576,0.6667640805244446,0.507,0.08984375,0.07984790874524715,0.2786259541984733,0.19877804545322614,92,0.9787234042553191,76,94,1.0,418,94,1.0,823
2,mcr,boba_ucb,5244,94,0.01792524790236461,2560,93,0.8588709677419355,0.00829858210369563,0.0024632944040251952,55.78723404255319,55.78723404255319,2769,0.933995995423341,33.947273383893105,0.6695623993873596,0.486,0.08914728682170543,0.060836501901140684,0.29770992366412213,0.23687342176298146,92,0.9787234042553191,75,94,1.0,424,94,1.0,833
2,mcr,rabvs_budgeted_reliable,5244,94,0.01792524790236461,2560,93,0.8588709677419355,0.00829858210369563,0.0024632944040251952,55.78723404255319,55.78723404255319,2769,0.933995995423341,33.58613217768147,0.632171630859375,0.929,0.07780320366132723,0.060836501901140684,0.29770992366412213,0.23687342176298146,92,0.9787234042553191,75,93,0.9893617021276596,474,93,0.9893617021276596,974
2,mcr,rabvs_budgeted_no_ucb,5244,94,0.01792524790236461,2560,94,0.8650265957446809,0.00976543900355755,0.002738887729968707,55.78723404255319,55.78723404255319,2769,0.933995995423341,33.947273383893105,0.629601240158081,0.924,0.07761529808773904,0.07984790874524715,0.27756653992395436,0.1977186311787072,92,0.9787234042553191,75,94,1.0,473,94,1.0,973
2,mcr,rabvs_budgeted_random_parts,5244,94,0.01792524790236461,2560,62,0.6038306451612904,0.012958087878595056,0.004848312168105897,55.78723404255319,55.78723404255319,2769,0.933995995423341,29.974720115565187,0.6326582431793213,0.917,0.06628571428571428,0.10266159695817491,0.25572519083969464,0.15306359388151974,80,0.851063829787234,77,83,0.8829787234042553,472,83,0.8829787234042553,972
0,met,greedy_surrogate,11416,166,0.014540995094604065,2560,165,0.8518939393939394,0.00555665048197749,0.0018248383214286936,68.7710843373494,68.7710843373494,91328,0.0,1.8066748423265593,0.6248459815979004,0.502,0.16337719298245615,0.047285464098073555,0.24168126094570927,0.19439579684763572,100,0.6024096385542169,100,165,0.9939759036144579,477,165,0.9939759036144579,914
0,met,boba_ucb,11416,166,0.014540995094604065,2560,155,0.790725806451613,0.00416679982590007,0.0018394677870049955,68.7710843373494,68.7710843373494,3072,0.9663629992992292,52.083333333333336,0.6152645945549011,0.525,0.15584415584415584,0.03852889667250438,0.2434325744308231,0.20490367775831875,100,0.6024096385542169,100,159,0.9578313253012049,486,160,0.963855421686747,930
0,met,rabvs_budgeted_reliable,11416,166,0.014540995094604065,2560,155,0.790725806451613,0.00416679982590007,0.0018394677870049955,68.7710843373494,68.7710843373494,3072,0.9663629992992292,52.083333333333336,0.6085031032562256,0.886,0.1553398058252427,0.03852889667250438,0.2434325744308231,0.20490367775831875,100,0.6024096385542169,100,160,0.963855421686747,498,160,0.963855421686747,998
0,met,rabvs_budgeted_no_ucb,11416,166,0.014540995094604065,2560,165,0.8522727272727273,0.0057681297312730225,0.0019175205391769525,68.7710843373494,68.16782921158317,3072,0.9663629992992292,53.7109375,0.6165737509727478,0.857,0.15851063829787235,0.047285464098073555,0.24168126094570927,0.19439579684763572,99,0.5963855421686747,100,165,0.9939759036144579,495,165,0.9939759036144579,991
0,met,rabvs_budgeted_random_parts,11416,166,0.014540995094604065,2560,149,0.7818791946308725,0.005068786930428432,0.0022725725660679864,68.7710843373494,68.7710843373494,3072,0.9663629992992292,52.734375,0.6141585111618042,0.885,0.15665236051502146,0.07180385288966724,0.2171628721541156,0.14535901926444833,100,0.6024096385542169,100,162,0.9759036144578314,498,162,0.9759036144578314,997
1,met,greedy_surrogate,11416,166,0.014540995094604065,2560,164,0.8490853658536586,0.004757674568462596,0.0019618990647962448,68.7710843373494,68.7710843373494,91328,0.0,1.7957252978276104,0.6314463019371033,0.482,0.16245883644346873,0.05779334500875657,0.22942206654991243,0.17162872154115585,100,0.6024096385542169,100,164,0.9879518072289156,480,164,0.9879518072289156,923
1,met,boba_ucb,11416,166,0.014540995094604065,2560,156,0.8261217948717948,0.0051669938590726185,0.0020590782443988746,68.7710843373494,68.7710843373494,3072,0.9663629992992292,52.734375,0.6323637366294861,0.487,0.16079295154185022,0.03852889667250438,0.24518388791593695,0.20665499124343256,100,0.6024096385542169,100,161,0.9698795180722891,474,162,0.9759036144578314,920
1,met,rabvs_budgeted_reliable,11416,166,0.014540995094604065,2560,156,0.8261217948717948,0.0051669938590726185,0.0020590782443988746,68.7710843373494,68.7710843373494,3072,0.9663629992992292,52.734375,0.6203410625457764,0.862,0.15352260778128285,0.03852889667250438,0.24518388791593695,0.20665499124343256,100,0.6024096385542169,100,161,0.9698795180722891,495,162,0.9759036144578314,994
1,met,rabvs_budgeted_no_ucb,11416,166,0.014540995094604065,2560,164,0.8551829268292683,0.004815105474798064,0.0017938148535696435,68.7710843373494,68.7710843373494,3072,0.9663629992992292,53.059895833333336,0.619757354259491,0.874,0.15473684210526314,0.05604203152364273,0.23117338003502627,0.17513134851138354,100,0.6024096385542169,100,163,0.9819277108433735,493,163,0.9819277108433735,993
1,met,rabvs_budgeted_random_parts,11416,166,0.014540995094604065,2560,103,0.6341019417475728,0.004552724294134537,0.00240542290403339,68.7710843373494,68.7710843373494,3072,0.9663629992992292,51.432291666666664,0.6057027578353882,0.894,0.1504237288135593,0.05779334500875657,0.2224168126094571,0.1646234676007005,100,0.6024096385542169,100,158,0.9518072289156626,495,158,0.9518072289156626,995
2,met,greedy_surrogate,11416,166,0.014540995094604065,2560,164,0.8498475609756098,0.0048820671625288935,0.0017996515454733577,68.7710843373494,68.7710843373494,91328,0.0,1.7957252978276104,0.6287035346031189,0.47,0.16666666666666666,0.047285464098073555,0.23992994746059546,0.1926444833625219,100,0.6024096385542169,100,164,0.9879518072289156,475,164,0.9879518072289156,907
2,met,boba_ucb,11416,166,0.014540995094604065,2560,159,0.782625786163522,0.005251513626513632,0.002101846907663681,68.7710843373494,68.7710843373494,3072,0.9663629992992292,52.408854166666664,0.6244674324989319,0.517,0.15951595159515952,0.03152364273204904,0.2504378283712785,0.21891418563922943,100,0.6024096385542169,100,159,0.9578313253012049,481,161,0.9698795180722891,936
2,met,rabvs_budgeted_reliable,11416,166,0.014540995094604065,2560,159,0.782625786163522,0.005251513626513632,0.002101846907663681,68.7710843373494,68.7710843373494,3072,0.9663629992992292,51.7578125,0.6155264377593994,0.872,0.1511627906976744,0.03152364273204904,0.2504378283712785,0.21891418563922943,100,0.6024096385542169,100,159,0.9578313253012049,499,159,0.9578313253012049,998
2,met,rabvs_budgeted_no_ucb,11416,166,0.014540995094604065,2560,165,0.8488636363636364,0.005278408720647276,0.0019218323195961562,68.7710843373494,68.16782921158317,3072,0.9663629992992292,53.7109375,0.6133635640144348,0.856,0.15783898305084745,0.05253940455341506,0.23642732049036777,0.1838879159369527,99,0.5963855421686747,100,165,0.9939759036144579,495,165,0.9939759036144579,995
2,met,rabvs_budgeted_random_parts,11416,166,0.014540995094604065,2560,94,0.6529255319148937,0.005518935554888538,0.0027476865436270774,68.7710843373494,68.16782921158317,3072,0.9663629992992292,51.7578125,0.6209859848022461,0.87,0.1511627906976744,0.08581436077057793,0.19964973730297722,0.1138353765323993,99,0.5963855421686747,100,159,0.9578313253012049,494,159,0.9578313253012049,993
0,mk01,greedy_surrogate,4629,79,0.017066321019658673,2560,79,0.8449367088607594,0.013606728467243024,0.00457938415046593,58.594936708860764,58.594936708860764,37032,0.0,2.133290127457334,0.652009129524231,0.494,0.044929396662387676,0.07758620689655173,0.26406926406926406,0.18648305717271235,77,0.9746835443037974,62,79,1.0,420,79,1.0,824
0,mk01,boba_ucb,4629,79,0.017066321019658673,2560,77,0.7881493506493507,0.009918649889350751,0.004158573148098395,58.594936708860764,58.594936708860764,2745,0.9258749189889826,28.051001821493625,0.6524512767791748,0.512,0.042746113989637305,0.06465517241379311,0.26406926406926406,0.19941409165547097,74,0.9367088607594937,62,76,0.9620253164556962,415,77,0.9746835443037974,812
0,mk01,rabvs_budgeted_reliable,4629,79,0.017066321019658673,2560,77,0.7881493506493507,0.009918649889350751,0.004158573148098395,58.594936708860764,58.594936708860764,2745,0.9258749189889826,27.3224043715847,0.6533553600311279,0.933,0.03785103785103785,0.06465517241379311,0.26406926406926406,0.19941409165547097,74,0.9367088607594937,63,75,0.9493670886075949,455,75,0.9493670886075949,955
0,mk01,rabvs_budgeted_no_ucb,4629,79,0.017066321019658673,2560,79,0.8536392405063291,0.014116195025101523,0.004718723894197687,58.594936708860764,58.594936708860764,2745,0.9258749189889826,28.77959927140255,0.64777672290802,0.908,0.041866028708133975,0.07327586206896551,0.2683982683982684,0.1951224063293029,76,0.9620253164556962,63,79,1.0,451,79,1.0,951
0,mk01,rabvs_budgeted_random_parts,4629,79,0.017066321019658673,2560,65,0.7413461538461539,0.015788806374400544,0.005582899876098184,58.594936708860764,57.321133736929006,2745,0.9258749189889826,26.958105646630237,0.6507903933525085,0.913,0.03869407496977025,0.08189655172413793,0.2597402597402597,0.1778437080161218,73,0.9240506329113924,64,74,0.9367088607594937,452,74,0.9367088607594937,952
1,mk01,greedy_surrogate,4629,79,0.017066321019658673,2560,79,0.8488924050632911,0.012165812554818765,0.00374542751941265,58.594936708860764,58.594936708860764,37032,0.0,2.133290127457334,0.6517632007598877,0.516,0.03884711779448621,0.08620689655172414,0.2554112554112554,0.16920435885953128,78,0.9873417721518988,62,79,1.0,422,79,1.0,839
1,mk01,boba_ucb,4629,79,0.017066321019658673,2560,77,0.8400974025974026,0.010409039835952727,0.0037090339288291235,58.594936708860764,58.594936708860764,2745,0.9258749189889826,28.051001821493625,0.6554299592971802,0.508,0.0370843989769821,0.09482758620689655,0.23809523809523808,0.14326765188834154,77,0.9746835443037974,62,77,0.9746835443037974,417,77,0.9746835443037974,835
1,mk01,rabvs_budgeted_reliable,4629,79,0.017066321019658673,2560,77,0.8400974025974026,0.010409039835952727,0.0037090339288291235,58.594936708860764,58.594936708860764,2745,0.9258749189889826,28.051001821493625,0.6505886316299438,0.928,0.03532277710109622,0.09482758620689655,0.23809523809523808,0.14326765188834154,76,0.9620253164556962,62,77,0.9746835443037974,453,77,0.9746835443037974,953
1,mk01,rabvs_budgeted_no_ucb,4629,79,0.017066321019658673,2560,79,0.8496835443037974,0.012273559393861882,0.003969937358943765,58.594936708860764,58.594936708860764,2745,0.9258749189889826,28.77959927140255,0.6476386785507202,0.917,0.03739445114595899,0.07327586206896551,0.2683982683982684,0.1951224063293029,77,0.9746835443037974,63,79,1.0,448,79,1.0,948
1,mk01,rabvs_budgeted_random_parts,4629,79,0.017066321019658673,2560,54,0.7303240740740741,0.011638767054189826,0.004332402901463095,58.594936708860764,58.594936708860764,2745,0.9258749189889826,27.686703096539162,0.6516817212104797,0.938,0.03385731559854897,0.07327586206896551,0.2510822510822511,0.17780638901328555,75,0.9493670886075949,61,76,0.9620253164556962,456,76,0.9620253164556962,956
2,mk01,greedy_surrogate,4629,79,0.017066321019658673,2560,77,0.8628246753246753,0.008552896786112136,0.0033790310601367057,58.594936708860764,58.594936708860764,37032,0.0,2.0792827824584146,0.6538894772529602,0.49,0.03787878787878788,0.07758620689655173,0.2554112554112554,0.1778250485147037,76,0.9620253164556962,62,77,0.9746835443037974,423,77,0.9746835443037974,842
2,mk01,boba_ucb,4629,79,0.017066321019658673,2560,78,0.8084935897435898,0.011189162083609842,0.003859380176924054,58.594936708860764,58.594936708860764,2745,0.9258749189889826,28.41530054644809,0.6560758948326111,0.511,0.039440203562340966,0.08189655172413793,0.2543103448275862,0.17241379310344826,76,0.9620253164556962,60,78,0.9873417721518988,415,78,0.9873417721518988,842
2,mk01,rabvs_budgeted_reliable,4629,79,0.017066321019658673,2560,78,0.8084935897435898,0.011189162083609842,0.003859380176924054,58.594936708860764,58.594936708860764,2745,0.9258749189889826,28.77959927140255,0.6522892713546753,0.919,0.038834951456310676,0.08189655172413793,0.2543103448275862,0.17241379310344826,75,0.9493670886075949,60,79,1.0,449,79,1.0,949
2,mk01,rabvs_budgeted_no_ucb,4629,79,0.017066321019658673,2560,79,0.8441455696202531,0.01265018265864425,0.0043835244072514806,58.594936708860764,58.594936708860764,2745,0.9258749189889826,28.77959927140255,0.6473361253738403,0.907,0.038461538461538464,0.08189655172413793,0.2597402597402597,0.1778437080161218,75,0.9493670886075949,62,79,1.0,451,79,1.0,950
2,mk01,rabvs_budgeted_random_parts,4629,79,0.017066321019658673,2560,76,0.6875,0.010431594392435612,0.003499967329904958,58.594936708860764,58.594936708860764,2745,0.9258749189889826,27.686703096539162,0.6497929692268372,0.9299999999999999,0.03580246913580247,0.09051724137931035,0.2510822510822511,0.16056500970294074,72,0.9113924050632911,62,76,0.9620253164556962,454,76,0.9620253164556962,953
0,mk10,greedy_surrogate,6704,104,0.015513126491646777,2560,103,0.8307038834951457,0.018223279115383444,0.007623731615551657,64.46153846153847,60.61308840413319,53632,0.0,1.9018496420047732,0.6383228302001953,0.5409999999999999,0.09885057471264368,0.06547619047619048,0.23809523809523808,0.17261904761904762,86,0.8269230769230769,100,102,0.9807692307692307,476,102,0.9807692307692307,922
0,mk10,boba_ucb,6704,104,0.015513126491646777,2560,96,0.841796875,0.014537304345237919,0.006458594667617799,64.46153846153847,62.53731343283582,2816,0.9474940334128878,35.15625,0.6284245848655701,0.542,0.09606481481481481,0.0625,0.23283582089552238,0.17033582089552238,86,0.8269230769230769,100,99,0.9519230769230769,475,99,0.9519230769230769,923
0,mk10,rabvs_budgeted_reliable,6704,104,0.015513126491646777,2560,96,0.841796875,0.014537304345237919,0.006458594667617799,64.46153846153847,62.53731343283582,2816,0.9474940334128878,35.51136363636364,0.6189923882484436,0.855,0.09395973154362416,0.0625,0.23283582089552238,0.17033582089552238,87,0.8365384615384616,100,99,0.9519230769230769,493,100,0.9615384615384616,992
0,mk10,rabvs_budgeted_no_ucb,6704,104,0.015513126491646777,2560,104,0.8137019230769231,0.015566827252621785,0.0065823674751691146,64.46153846153847,60.61308840413319,2816,0.9474940334128878,36.221590909090914,0.6238428354263306,0.853,0.09608938547486033,0.0625,0.23582089552238805,0.17332089552238805,88,0.8461538461538461,100,100,0.9615384615384616,491,102,0.9807692307692307,990
0,mk10,rabvs_budgeted_random_parts,6704,104,0.015513126491646777,2560,72,0.4895833333333333,0.015709869758747094,0.007568998296719976,64.46153846153847,62.53731343283582,2816,0.9474940334128878,33.38068181818181,0.6237896680831909,0.873,0.08744394618834081,0.08630952380952381,0.21194029850746268,0.12563077469793887,77,0.7403846153846154,100,91,0.875,494,94,0.9038461538461539,994
1,mk10,greedy_surrogate,6704,104,0.015513126491646777,2560,102,0.8118872549019608,0.012491359661496787,0.005424553174091846,64.46153846153847,63.49942594718714,53632,0.0,1.8645584725536992,0.6415843367576599,0.5680000000000001,0.09699769053117784,0.08630952380952381,0.21194029850746268,0.12563077469793887,87,0.8365384615384616,100,100,0.9615384615384616,469,100,0.9615384615384616,913
1,mk10,boba_ucb,6704,104,0.015513126491646777,2560,102,0.7665441176470589,0.020966274529902046,0.008086608085781984,64.46153846153847,62.53731343283582,2816,0.9474940334128878,36.57670454545455,0.6396908760070801,0.5409999999999999,0.1,0.07142857142857142,0.23582089552238805,0.16439232409381663,86,0.8269230769230769,100,102,0.9807692307692307,473,103,0.9903846153846154,917
1,mk10,rabvs_budgeted_reliable,6704,104,0.015513126491646777,2560,102,0.7665441176470589,0.020966274529902046,0.008086608085781984,64.46153846153847,61.575200918484505,2816,0.9474940334128878,36.221590909090914,0.6292981505393982,0.8260000000000001,0.09502762430939227,0.07142857142857142,0.23582089552238805,0.16439232409381663,86,0.8269230769230769,100,102,0.9807692307692307,487,102,0.9807692307692307,983
1,mk10,rabvs_budgeted_no_ucb,6704,104,0.015513126491646777,2560,101,0.8155940594059405,0.013424003145757079,0.005952783126288321,64.46153846153847,62.53731343283582,2816,0.9474940334128878,35.51136363636364,0.628853976726532,0.878,0.09292035398230089,0.06547619047619048,0.23283582089552238,0.16735963041933188,85,0.8173076923076923,100,100,0.9615384615384616,491,100,0.9615384615384616,988
1,mk10,rabvs_budgeted_random_parts,6704,104,0.015513126491646777,2560,73,0.6926369863013698,0.012840254384554507,0.00710216019210326,64.46153846153847,60.61308840413319,2816,0.9474940334128878,29.829545454545457,0.6275419592857361,0.905,0.0757238307349666,0.11607142857142858,0.1761194029850746,0.06004797441364604,74,0.7115384615384616,100,84,0.8076923076923077,489,84,0.8076923076923077,989
2,mk10,greedy_surrogate,6704,104,0.015513126491646777,2560,101,0.844059405940594,0.013533160615821738,0.006059974991113335,64.46153846153847,63.49942594718714,53632,0.0,1.8832040572792363,0.6364811062812805,0.552,0.097926267281106,0.06547619047619048,0.23582089552238805,0.1703447050461976,85,0.8173076923076923,100,101,0.9711538461538461,476,101,0.9711538461538461,909
2,mk10,boba_ucb,6704,104,0.015513126491646777,2560,96,0.7955729166666666,0.01359176933161677,0.006302361981570944,64.46153846153847,63.49942594718714,2816,0.9474940334128878,34.80113636363636,0.6364098191261292,0.583,0.09501738122827347,0.05357142857142857,0.23283582089552238,0.1792643923240938,87,0.8365384615384616,100,96,0.9230769230769231,478,98,0.9423076923076923,912
2,mk10,rabvs_budgeted_reliable,6704,104,0.015513126491646777,2560,96,0.7955729166666666,0.01359176933161677,0.006302361981570944,64.46153846153847,64.46153846153847,2816,0.9474940334128878,34.80113636363636,0.6224597096443176,0.891,0.09172259507829977,0.05357142857142857,0.23283582089552238,0.1792643923240938,85,0.8173076923076923,100,96,0.9230769230769231,497,98,0.9423076923076923,997
2,mk10,rabvs_budgeted_no_ucb,6704,104,0.015513126491646777,2560,100,0.843125,0.012927814622325735,0.005622607109538641,64.46153846153847,62.53731343283582,2816,0.9474940334128878,35.51136363636364,0.6244730353355408,0.882,0.09271523178807947,0.06845238095238096,0.2298507462686567,0.16139836531627574,87,0.8365384615384616,100,100,0.9615384615384616,494,100,0.9615384615384616,993
2,mk10,rabvs_budgeted_random_parts,6704,104,0.015513126491646777,2560,80,0.6265625,0.018924363210965852,0.008480843008419676,64.46153846153847,58.688863375430536,2816,0.9474940334128878,31.60511363636364,0.624290406703949,0.859,0.08183856502242152,0.10416666666666667,0.19701492537313434,0.09284825870646767,77,0.7403846153846154,100,89,0.8557692307692307,491,89,0.8557692307692307,988
0,mk14,greedy_surrogate,36428,578,0.015866915559459755,2560,564,0.7534352836879432,0.004773585892559825,0.003773066222893207,63.024221453287204,61.63907372903913,291424,0.0,1.8907159327989458,0.5444704294204712,0.744,0.5538302277432712,0.06366630076838639,0.25096101043382757,0.18729470966544118,100,0.17301038062283736,100,463,0.801038062283737,499,551,0.9532871972318339,969
0,mk14,boba_ucb,36428,578,0.015866915559459755,2560,384,0.7213541666666666,0.003032154133576495,0.004121029945149689,63.024221453287204,61.46593026350812,4352,0.9850664324146261,122.24264705882352,0.544174313545227,0.748,0.5330578512396694,0.0801317233809001,0.23228995057660626,0.15215822719570615,100,0.17301038062283736,100,452,0.7820069204152249,500,532,0.9204152249134948,969
0,mk14,rabvs_budgeted_reliable,36428,578,0.015866915559459755,2560,384,0.7213541666666666,0.003032154133576495,0.004121029945149689,63.024221453287204,61.63907372903913,4352,0.9850664324146261,123.85110294117648,0.5416260361671448,0.81,0.5386199794026777,0.0801317233809001,0.23228995057660626,0.15215822719570615,100,0.17301038062283736,100,458,0.7923875432525952,500,539,0.9325259515570934,986
0,mk14,rabvs_budgeted_no_ucb,36428,578,0.015866915559459755,2560,562,0.7468861209964412,0.0048785811555736415,0.00401837288041285,63.024221453287204,61.46593026350812,4352,0.9850664324146261,126.37867647058823,0.5426430106163025,0.804,0.5522233712512926,0.05598243688254665,0.25755079626578803,0.20156835938324139,100,0.17301038062283736,100,462,0.7993079584775087,499,550,0.9515570934256056,979
0,mk14,rabvs_budgeted_random_parts,36428,578,0.015866915559459755,2560,443,0.5757618510158014,0.005893122511974822,0.005203703882662287,63.024221453287204,60.9464998669151,4352,0.9850664324146261,123.16176470588236,0.5446476340293884,0.787,0.5371900826446281,0.07848518111964874,0.23448654585392642,0.15600136473427767,100,0.17301038062283736,100,443,0.7664359861591695,499,536,0.9273356401384083,976
1,mk14,greedy_surrogate,36428,578,0.015866915559459755,2560,568,0.7718970070422535,0.00457536822310164,0.0038637977321620185,63.024221453287204,61.46593026350812,291424,0.0,1.876990227297683,0.541469395160675,0.734,0.5490196078431373,0.059275521405049394,0.2542559033498078,0.19498038194475842,100,0.17301038062283736,100,454,0.7854671280276817,499,547,0.9463667820069204,967
1,mk14,boba_ucb,36428,578,0.015866915559459755,2560,446,0.7379484304932735,0.004567137340325478,0.0044376022616570525,63.024221453287204,60.77335640138409,4352,0.9850664324146261,122.93198529411764,0.5447693467140198,0.74,0.5350515463917526,0.06695938529088913,0.24643249176728868,0.17947310647639955,100,0.17301038062283736,100,451,0.7802768166089965,500,535,0.9256055363321799,969
1,mk14,rabvs_budgeted_reliable,36428,578,0.015866915559459755,2560,446,0.7379484304932735,0.004567137340325478,0.0044376022616570525,63.024221453287204,61.63907372903913,4352,0.9850664324146261,125.68933823529413,0.5426161885261536,0.7969999999999999,0.5446153846153846,0.06695938529088913,0.24643249176728868,0.17947310647639955,100,0.17301038062283736,100,453,0.7837370242214533,500,547,0.9463667820069204,979
1,mk14,rabvs_budgeted_no_ucb,36428,578,0.015866915559459755,2560,561,0.7787433155080213,0.005343096354610563,0.004031424756333025,63.024221453287204,62.15850412563216,4352,0.9850664324146261,127.06801470588236,0.5389487743377686,0.795,0.5523613963039015,0.05214050493962678,0.2613948380010983,0.2092543330614715,100,0.17301038062283736,100,459,0.7941176470588235,500,553,0.9567474048442907,977
1,mk14,rabvs_budgeted_random_parts,36428,578,0.015866915559459755,2560,479,0.6542275574112735,0.007579087478883528,0.005390908387977533,63.024221453287204,61.63907372903913,4352,0.9850664324146261,125.68933823529413,0.5464815497398376,0.776,0.5462962962962963,0.06860592755214051,0.24492037342119716,0.17631444586905665,100,0.17301038062283736,100,445,0.7698961937716263,499,547,0.9463667820069204,967
2,mk14,greedy_surrogate,36428,578,0.015866915559459755,2560,561,0.7546791443850267,0.004412139544097094,0.003668897170846684,63.024221453287204,61.98536066010114,291424,0.0,1.8907159327989458,0.5427030324935913,0.754,0.5549792531120332,0.0570801317233809,0.25645249862712793,0.19937236690374704,100,0.17301038062283736,100,459,0.7941176470588235,500,551,0.9532871972318339,963
2,mk14,boba_ucb,36428,578,0.015866915559459755,2560,430,0.7389534883720931,0.0027868348888207355,0.003949480660571868,63.024221453287204,62.15850412563216,4352,0.9850664324146261,122.70220588235294,0.5522685647010803,0.736,0.5407098121085595,0.07076247942951179,0.24065934065934066,0.1698968612298289,100,0.17301038062283736,100,459,0.7941176470588235,500,534,0.9238754325259516,953
2,mk14,rabvs_budgeted_reliable,36428,578,0.015866915559459755,2560,430,0.7389534883720931,0.0027868348888207355,0.003949480660571868,63.024221453287204,61.98536066010114,4352,0.9850664324146261,124.08088235294117,0.5477803945541382,0.8069999999999999,0.5430051813471503,0.07076247942951179,0.24065934065934066,0.1698968612298289,100,0.17301038062283736,100,463,0.801038062283737,500,540,0.9342560553633218,982
2,mk14,rabvs_budgeted_no_ucb,36428,578,0.015866915559459755,2560,558,0.7613127240143369,0.00465562876453171,0.0037458670413963793,63.024221453287204,61.81221719457014,4352,0.9850664324146261,126.60845588235296,0.5392608642578125,0.8160000000000001,0.5544041450777202,0.05817782656421515,0.2542559033498078,0.19607807678559264,100,0.17301038062283736,100,467,0.8079584775086506,499,551,0.9532871972318339,976
2,mk14,rabvs_budgeted_random_parts,36428,578,0.015866915559459755,2560,429,0.6469988344988346,0.0037521102252768604,0.004879958525011073,63.024221453287204,61.81221719457014,4352,0.9850664324146261,115.57904411764706,0.5485242605209351,0.815,0.5051867219917012,0.07354555433589462,0.2185612300933553,0.14501567575746066,100,0.17301038062283736,100,451,0.7802768166089965,498,503,0.870242214532872,961
0,mmp13,greedy_surrogate,37772,572,0.015143492534152283,2560,558,0.7759856630824373,0.003021400514988504,0.00224473526954935,66.03496503496503,65.86026936026936,302176,0.0,1.8267499735253627,0.5203375220298767,0.33199999999999996,0.55741127348643,0.048173636844891475,0.25145579671784013,0.20328215987294865,100,0.17482517482517482,100,488,0.8531468531468531,499,552,0.965034965034965,939
0,mmp13,boba_ucb,37772,572,0.015143492534152283,2560,418,0.7033492822966507,0.005484714789012789,0.003625018658877731,66.03496503496503,66.03496503496503,4352,0.9855977973101768,119.02573529411764,0.5117599964141846,0.362,0.5291005291005291,0.0555849655902594,0.24139756484912653,0.18581259925886712,100,0.17482517482517482,100,473,0.8269230769230769,498,518,0.9055944055944056,935
0,mmp13,rabvs_budgeted_reliable,37772,572,0.015143492534152283,2560,418,0.7033492822966507,0.005484714789012789,0.003625018658877731,66.03496503496503,65.68557368557367,4352,0.9855977973101768,118.79595588235294,0.5104610919952393,0.44899999999999995,0.5214211076280042,0.0555849655902594,0.24139756484912653,0.18581259925886712,100,0.17482517482517482,100,474,0.8286713286713286,499,517,0.9038461538461539,959
0,mmp13,rabvs_budgeted_no_ucb,37772,572,0.015143492534152283,2560,555,0.7757882882882883,0.003342405842269406,0.0023509141980319215,66.03496503496503,65.510878010878,4352,0.9855977973101768,126.14889705882354,0.5139191150665283,0.42300000000000004,0.5468589083419155,0.04340921122286924,0.2567496029645315,0.21334039174166225,97,0.16958041958041958,100,488,0.8531468531468531,500,549,0.9597902097902098,975
0,mmp13,rabvs_budgeted_random_parts,37772,572,0.015143492534152283,2560,284,0.6296214788732394,0.007061660639357842,0.003909520639584703,64.2972027972028,65.86026936026936,4352,0.9855977973101768,122.70220588235294,0.5217234492301941,0.374,0.5578378378378378,0.05346744309158285,0.24351508734780308,0.19004764425622023,99,0.17307692307692307,100,484,0.8461538461538461,499,534,0.9335664335664335,910
1,mmp13,greedy_surrogate,37772,572,0.015143492534152283,2560,560,0.7625,0.0038092098864220634,0.002571367613414248,66.03496503496503,65.86026936026936,302176,0.0,1.8267499735253627,0.518976092338562,0.31899999999999995,0.5616438356164384,0.04287983059820011,0.25780836421386977,0.21492853361566966,100,0.17482517482517482,100,483,0.8444055944055944,499,552,0.965034965034965,942
1,mmp13,boba_ucb,37772,572,0.015143492534152283,2560,431,0.6767691415313225,0.006529789870732254,0.00438843212920197,66.03496503496503,64.81209531209531,4352,0.9855977973101768,123.62132352941177,0.5105675458908081,0.30700000000000005,0.5445026178010471,0.0555849655902594,0.24192694547379565,0.18634197988353624,100,0.17482517482517482,100,457,0.798951048951049,489,538,0.9405594405594405,919
1,mmp13,rabvs_budgeted_reliable,37772,572,0.015143492534152283,2560,431,0.6767691415313225,0.006529789870732254,0.00438843212920197,66.03496503496503,64.98679098679098,4352,0.9855977973101768,122.70220588235294,0.5090858936309814,0.375,0.5330578512396694,0.0555849655902594,0.24192694547379565,0.18634197988353624,98,0.17132867132867133,100,461,0.8059440559440559,495,534,0.9335664335664335,945
1,mmp13,rabvs_budgeted_no_ucb,37772,572,0.015143492534152283,2560,559,0.755031305903399,0.0045411732215596655,0.002763069129304256,64.2972027972028,65.68557368557367,4352,0.9855977973101768,125.91911764705883,0.5154200792312622,0.41000000000000003,0.5510416666666667,0.044997353096876656,0.25569084171519324,0.21069348861831658,98,0.17132867132867133,100,485,0.8479020979020979,500,548,0.958041958041958,965
1,mmp13,rabvs_budgeted_random_parts,37772,572,0.015143492534152283,2560,447,0.7495805369127517,0.00369335648828124,0.0033797463210308853,64.2972027972028,65.86026936026936,4352,0.9855977973101768,119.94485294117648,0.5139458179473877,0.42300000000000004,0.527806925498426,0.06034939121228163,0.235574377977766,0.17522498676548437,99,0.17307692307692307,100,469,0.8199300699300699,499,522,0.9125874125874126,954
2,mmp13,greedy_surrogate,37772,572,0.015143492534152283,2560,562,0.7816948398576512,0.0032149498325028765,0.0022342441525479142,66.03496503496503,65.86026936026936,302176,0.0,1.83336863284973,0.5205739736557007,0.31599999999999995,0.5553257497414684,0.048173636844891475,0.25145579671784013,0.20328215987294865,100,0.17482517482517482,100,487,0.8513986013986014,499,554,0.9685314685314685,946
2,mmp13,boba_ucb,37772,572,0.015143492534152283,2560,414,0.7910628019323671,0.004880875261241789,0.002961431131528162,66.03496503496503,65.86026936026936,4352,0.9855977973101768,125.22977941176472,0.5164739489555359,0.32099999999999995,0.5482866043613707,0.04605611434621493,0.25357331921651666,0.20751720487030173,100,0.17482517482517482,100,481,0.8409090909090909,497,545,0.9527972027972028,931
2,mmp13,rabvs_budgeted_reliable,37772,572,0.015143492534152283,2560,414,0.7910628019323671,0.004880875261241789,0.002961431131528162,66.03496503496503,65.86026936026936,4352,0.9855977973101768,125.22977941176472,0.515927255153656,0.41100000000000003,0.5409836065573771,0.04605611434621493,0.25357331921651666,0.20751720487030173,99,0.17307692307692307,100,483,0.8444055944055944,497,545,0.9527972027972028,961
2,mmp13,rabvs_budgeted_no_ucb,37772,572,0.015143492534152283,2560,561,0.7834224598930482,0.0034278594721272194,0.002272013074021223,64.2972027972028,65.68557368557367,4352,0.9855977973101768,127.06801470588236,0.5166811347007751,0.41800000000000004,0.5474974463738509,0.05026455026455026,0.24986765484383272,0.19960310457928246,99,0.17307692307692307,100,485,0.8479020979020979,499,553,0.9667832167832168,972
2,mmp13,rabvs_budgeted_random_parts,37772,572,0.015143492534152283,2560,186,0.5782930107526881,0.007838151818463776,0.003952054328509897,66.03496503496503,65.16148666148666,4352,0.9855977973101768,125.68933823529413,0.51629239320755,0.391,0.5481865284974093,0.058761249338274216,0.23980942297511912,0.1810481736368449,95,0.1660839160839161,100,479,0.8374125874125874,500,547,0.9562937062937062,958
0,mp2k1,greedy_surrogate,8271,121,0.014629428122355218,2560,119,0.8602941176470589,0.008141087858789385,0.002734578210717858,68.35537190082644,68.35537190082644,66168,0.0,1.7833393785515657,0.6535400748252869,0.43000000000000005,0.11683848797250859,0.06521739130434782,0.21980676328502416,0.15458937198067635,99,0.8181818181818182,100,118,0.9752066115702479,457,118,0.9752066115702479,866
0,mp2k1,boba_ucb,8271,121,0.014629428122355218,2560,111,0.8282657657657657,0.010281215812268145,0.003126845794355362,68.35537190082644,68.35537190082644,3072,0.9535727239753355,38.411458333333336,0.6550168395042419,0.41000000000000003,0.11888111888111888,0.05314009661835749,0.2318840579710145,0.17874396135265702,100,0.8264462809917356,100,118,0.9752066115702479,452,118,0.9752066115702479,847
0,mp2k1,rabvs_budgeted_reliable,8271,121,0.014629428122355218,2560,111,0.8282657657657657,0.010281215812268145,0.003126845794355362,68.35537190082644,68.35537190082644,3072,0.9535727239753355,38.411458333333336,0.6485141515731812,0.81,0.11062906724511931,0.05314009661835749,0.2318840579710145,0.17874396135265702,99,0.8181818181818182,100,118,0.9752066115702479,489,118,0.9752066115702479,986
0,mp2k1,rabvs_budgeted_no_ucb,8271,121,0.014629428122355218,2560,121,0.8393595041322314,0.010396347208754216,0.002980023177646186,68.35537190082644,68.35537190082644,3072,0.9535727239753355,39.0625,0.643085777759552,0.794,0.11134903640256959,0.057971014492753624,0.2318840579710145,0.17391304347826086,99,0.8181818181818182,100,120,0.9917355371900827,489,120,0.9917355371900827,986
0,mp2k1,rabvs_budgeted_random_parts,8271,121,0.014629428122355218,2560,115,0.6744565217391304,0.009291611140767807,0.0030994322659852955,68.35537190082644,68.35537190082644,3072,0.9535727239753355,38.411458333333336,0.6453638672828674,0.8160000000000001,0.10885805763073639,0.050724637681159424,0.23671497584541062,0.1859903381642512,98,0.8099173553719008,100,117,0.9669421487603306,489,118,0.9752066115702479,988
1,mp2k1,greedy_surrogate,8271,121,0.014629428122355218,2560,120,0.8416666666666667,0.010600613253436362,0.0034161345103866122,68.35537190082644,68.35537190082644,66168,0.0,1.8135654697134564,0.6458770036697388,0.44499999999999995,0.12149532710280374,0.05555555555555555,0.23429951690821257,0.17874396135265702,97,0.8016528925619835,100,120,0.9917355371900827,455,120,0.9917355371900827,865
1,mp2k1,boba_ucb,8271,121,0.014629428122355218,2560,118,0.7960805084745762,0.011379049579156959,0.003580897567844056,68.35537190082644,68.35537190082644,3072,0.9535727239753355,39.0625,0.6425239443778992,0.42400000000000004,0.12264150943396226,0.07004830917874397,0.21980676328502416,0.1497584541062802,99,0.8181818181818182,100,119,0.9834710743801653,456,120,0.9917355371900827,865
1,mp2k1,rabvs_budgeted_reliable,8271,121,0.014629428122355218,2560,118,0.7960805084745762,0.011379049579156959,0.003580897567844056,68.35537190082644,67.53181320322612,3072,0.9535727239753355,39.0625,0.6422850489616394,0.8,0.11391018619934283,0.07004830917874397,0.21980676328502416,0.1497584541062802,98,0.8099173553719008,100,119,0.9834710743801653,491,120,0.9917355371900827,986
1,mp2k1,rabvs_budgeted_no_ucb,8271,121,0.014629428122355218,2560,120,0.8442708333333333,0.010905378288780633,0.0034416088378362245,68.35537190082644,66.7082545056258,3072,0.9535727239753355,39.0625,0.6387639045715332,0.8109999999999999,0.1134133042529989,0.04830917874396135,0.24154589371980675,0.1932367149758454,98,0.8099173553719008,100,120,0.9917355371900827,492,120,0.9917355371900827,988
1,mp2k1,rabvs_budgeted_random_parts,8271,121,0.014629428122355218,2560,71,0.6205985915492958,0.009430830626711623,0.0029685493263600605,68.35537190082644,68.35537190082644,3072,0.9535727239753355,36.458333333333336,0.6446465253829956,0.84,0.10561056105610561,0.08695652173913043,0.2028985507246377,0.11594202898550726,97,0.8016528925619835,100,112,0.9256198347107438,488,112,0.9256198347107438,984
2,mp2k1,greedy_surrogate,8271,121,0.014629428122355218,2560,119,0.8240546218487395,0.008113251751442806,0.002754406022079661,68.35537190082644,68.35537190082644,66168,0.0,1.7833393785515657,0.6509031057357788,0.43400000000000005,0.11657142857142858,0.06521739130434782,0.21980676328502416,0.15458937198067635,98,0.8099173553719008,100,118,0.9752066115702479,455,118,0.9752066115702479,853
2,mp2k1,boba_ucb,8271,121,0.014629428122355218,2560,103,0.8058252427184466,0.004893391707750086,0.003113260909383989,68.35537190082644,68.35537190082644,3072,0.9535727239753355,35.807291666666664,0.6476375460624695,0.41300000000000003,0.10767468499427263,0.050724637681159424,0.21256038647342995,0.16183574879227053,99,0.8181818181818182,100,108,0.8925619834710744,439,110,0.9090909090909091,837
2,mp2k1,rabvs_budgeted_reliable,8271,121,0.014629428122355218,2560,103,0.8058252427184466,0.004893391707750086,0.003113260909383989,68.35537190082644,68.35537190082644,3072,0.9535727239753355,35.481770833333336,0.6448452472686768,0.873,0.10175054704595186,0.050724637681159424,0.21256038647342995,0.16183574879227053,99,0.8181818181818182,100,106,0.8760330578512396,490,109,0.9008264462809917,989
2,mp2k1,rabvs_budgeted_no_ucb,8271,121,0.014629428122355218,2560,119,0.8067226890756303,0.00794274251823154,0.002798581031093194,68.35537190082644,67.53181320322612,3072,0.9535727239753355,38.411458333333336,0.6469534039497375,0.831,0.11099020674646355,0.06280193236714976,0.2222222222222222,0.15942028985507245,98,0.8099173553719008,100,118,0.9752066115702479,493,118,0.9752066115702479,992
2,mp2k1,rabvs_budgeted_random_parts,8271,121,0.014629428122355218,2560,113,0.5801991150442478,0.008436985331881483,0.0033558714163883325,68.35537190082644,67.53181320322612,3072,0.9535727239753355,38.736979166666664,0.6443213224411011,0.827,0.11207834602829161,0.07246376811594203,0.21256038647342995,0.14009661835748793,96,0.7933884297520661,100,118,0.9752066115702479,487,119,0.9834710743801653,986
0,nos1,greedy_surrogate,8150,100,0.012269938650306749,2560,100,0.850625,0.010021701646228226,0.00403264220320977,81.5,78.51829268292683,65200,0.0,1.5337423312883436,0.7119777798652649,0.5760000000000001,0.10408432147562582,0.051470588235294115,0.1941031941031941,0.1426326058679,89,0.89,99,100,1.0,419,100,1.0,763
0,nos1,boba_ucb,8150,100,0.012269938650306749,2560,100,0.7925,0.01199601716350341,0.004453959734921125,81.5,77.52439024390243,3072,0.9528834355828221,32.552083333333336,0.7135003209114075,0.5780000000000001,0.1038107752956636,0.041666666666666664,0.20393120393120392,0.16226453726453727,90,0.9,99,100,1.0,420,100,1.0,766
0,nos1,rabvs_budgeted_reliable,8150,100,0.012269938650306749,2560,100,0.7925,0.01199601716350341,0.004453959734921125,81.5,78.51829268292683,3072,0.9528834355828221,32.552083333333336,0.7015612721443176,0.86,0.08710033076074973,0.041666666666666664,0.20393120393120392,0.16226453726453727,89,0.89,99,100,1.0,479,100,1.0,978
0,nos1,rabvs_budgeted_no_ucb,8150,100,0.012269938650306749,2560,100,0.85625,0.010524861832219368,0.004154748376080623,81.5,76.53048780487805,3072,0.9528834355828221,32.552083333333336,0.6931470632553101,0.87,0.08652792990142388,0.05378973105134474,0.19117647058823528,0.13738673953689054,89,0.89,99,100,1.0,482,100,1.0,979
0,nos1,rabvs_budgeted_random_parts,8150,100,0.012269938650306749,2560,67,0.4944029850746269,0.009504178320871637,0.00528807616333052,81.5,71.5609756097561,3072,0.9528834355828221,28.645833333333332,0.6989502906799316,0.899,0.07415485278080698,0.11029411764705882,0.13267813267813267,0.022384015031073845,81,0.81,100,88,0.88,484,88,0.88,984
1,nos1,greedy_surrogate,8150,100,0.012269938650306749,2560,100,0.8575,0.009512046183100554,0.0035369557295444635,81.5,78.51829268292683,65200,0.0,1.5337423312883436,0.7080453038215637,0.593,0.1067193675889328,0.058823529411764705,0.18673218673218672,0.127908657320422,91,0.91,100,100,1.0,431,100,1.0,768
1,nos1,boba_ucb,8150,100,0.012269938650306749,2560,100,0.750625,0.010729680842483859,0.003758651419926487,81.5,79.51219512195122,3072,0.9528834355828221,32.552083333333336,0.7153257727622986,0.591,0.10901749663526245,0.051470588235294115,0.1941031941031941,0.1426326058679,88,0.88,100,100,1.0,420,100,1.0,756
1,nos1,rabvs_budgeted_reliable,8150,100,0.012269938650306749,2560,100,0.750625,0.010729680842483859,0.003758651419926487,81.5,79.51219512195122,3072,0.9528834355828221,31.901041666666664,0.7037196159362793,0.875,0.0883668903803132,0.051470588235294115,0.1941031941031941,0.1426326058679,88,0.88,99,98,0.98,477,98,0.98,977
1,nos1,rabvs_budgeted_no_ucb,8150,100,0.012269938650306749,2560,100,0.8475,0.009650576739496649,0.003489566530387869,81.5,79.51219512195122,3072,0.9528834355828221,32.552083333333336,0.698594868183136,0.879,0.09,0.049019607843137254,0.19656019656019655,0.1475405887170593,92,0.92,100,100,1.0,484,100,1.0,981
1,nos1,rabvs_budgeted_random_parts,8150,100,0.012269938650306749,2560,83,0.5835843373493976,0.007884097606966482,0.0037065973838779362,81.5,75.53658536585365,3072,0.9528834355828221,31.25,0.6901029944419861,0.89,0.0867630700778643,0.0784313725490196,0.16707616707616707,0.08864479452714746,84,0.84,100,96,0.96,490,96,0.96,989
2,nos1,greedy_surrogate,8150,100,0.012269938650306749,2560,100,0.86375,0.009841915562507795,0.0039837469326402765,81.5,76.53048780487805,65200,0.0,1.5337423312883436,0.708240807056427,0.593,0.10089399744572158,0.0784313725490196,0.16707616707616707,0.08864479452714746,89,0.89,99,100,1.0,418,100,1.0,781
2,nos1,boba_ucb,8150,100,0.012269938650306749,2560,97,0.8356958762886598,0.01132837433397518,0.004347426115040959,81.5,78.51829268292683,3072,0.9528834355828221,32.552083333333336,0.7150732278823853,0.639,0.10477453580901856,0.05392156862745098,0.19164619164619165,0.13772462301874067,89,0.89,99,100,1.0,426,100,1.0,754
2,nos1,rabvs_budgeted_reliable,8150,100,0.012269938650306749,2560,97,0.8356958762886598,0.01132837433397518,0.004347426115040959,81.5,78.51829268292683,3072,0.9528834355828221,32.2265625,0.7056039571762085,0.868,0.08744394618834081,0.05392156862745098,0.19164619164619165,0.13772462301874067,88,0.88,99,99,0.99,475,99,0.99,968
2,nos1,rabvs_budgeted_no_ucb,8150,100,0.012269938650306749,2560,100,0.859375,0.009594053360842415,0.0037842912268924492,81.5,77.52439024390243,3072,0.9528834355828221,32.552083333333336,0.7028729319572449,0.873,0.08748615725359911,0.07107843137254902,0.17444717444717445,0.10336874307462543,89,0.89,98,100,1.0,479,100,1.0,977
2,nos1,rabvs_budgeted_random_parts,8150,100,0.012269938650306749,2560,74,0.7179054054054054,0.011594242501150685,0.0053832169109393185,81.5,72.55487804878048,3072,0.9528834355828221,28.645833333333332,0.7041609883308411,0.873,0.0758082497212932,0.12009803921568628,0.12285012285012285,0.002752083634436575,78,0.78,99,88,0.88,474,88,0.88,972
0,nram,greedy_surrogate,6298,98,0.015560495395363607,2560,98,0.875,0.0013366473751987443,4.926463174764735e-05,64.26530612244898,64.26530612244898,50384,0.0,1.9450619244204508,0.6403005123138428,0.44399999999999995,0.08294209702660407,0.009523809523809525,0.30158730158730157,0.292063492063492,98,1.0,57,98,1.0,323,98,1.0,623
0,nram,boba_ucb,6298,98,0.015560495395363607,2560,98,0.8679846938775511,0.0017422791000830733,5.679581153516824e-05,64.26530612244898,64.26530612244898,2811,0.9442084788821848,34.863038064745645,0.6397711634635925,0.43999999999999995,0.08386075949367089,0.009523809523809525,0.30158730158730157,0.292063492063492,98,1.0,57,98,1.0,318,98,1.0,621
0,nram,rabvs_budgeted_reliable,6298,98,0.015560495395363607,2560,98,0.8679846938775511,0.0017422791000830733,5.679581153516824e-05,64.26530612244898,64.26530612244898,2811,0.9442084788821848,34.863038064745645,0.646880030632019,0.954,0.06206088992974239,0.009523809523809525,0.30158730158730157,0.292063492063492,98,1.0,57,98,1.0,457,98,1.0,946
0,nram,rabvs_budgeted_no_ucb,6298,98,0.015560495395363607,2560,98,0.875,0.0020220408294372963,5.542103972528476e-05,64.26530612244898,64.26530612244898,2811,0.9442084788821848,34.863038064745645,0.6426156759262085,0.956,0.06141367323290846,0.00949367088607595,0.30254777070063693,0.293054099814561,98,1.0,57,98,1.0,457,98,1.0,957
0,nram,rabvs_budgeted_random_parts,6298,98,0.015560495395363607,2560,82,0.4329268292682927,0.0019555666025369125,9.2111681084044e-05,64.26530612244898,64.26530612244898,2811,0.9442084788821848,34.863038064745645,0.6470784544944763,0.951,0.06198830409356725,0.05396825396825397,0.2571428571428571,0.20317460317460315,98,1.0,57,98,1.0,457,98,1.0,950
1,nram,greedy_surrogate,6298,98,0.015560495395363607,2560,98,0.875,0.001335376275729922,6.365183042856969e-05,64.26530612244898,64.26530612244898,50384,0.0,1.9450619244204508,0.6404057145118713,0.43000000000000005,0.10662358642972536,0.009523809523809525,0.30158730158730157,0.292063492063492,98,1.0,57,98,1.0,324,98,1.0,629
1,nram,boba_ucb,6298,98,0.015560495395363607,2560,98,0.8679846938775511,0.0018183317311187368,6.80355515754276e-05,64.26530612244898,64.26530612244898,2811,0.9442084788821848,34.863038064745645,0.6413978934288025,0.44199999999999995,0.10679611650485436,0.009523809523809525,0.30158730158730157,0.292063492063492,98,1.0,57,98,1.0,322,98,1.0,621
1,nram,rabvs_budgeted_reliable,6298,98,0.015560495395363607,2560,98,0.8679846938775511,0.0018183317311187368,6.80355515754276e-05,64.26530612244898,64.26530612244898,2811,0.9442084788821848,34.863038064745645,0.6478978991508484,0.953,0.07674418604651163,0.009523809523809525,0.30158730158730157,0.292063492063492,98,1.0,57,98,1.0,457,98,1.0,945
1,nram,rabvs_budgeted_no_ucb,6298,98,0.015560495395363607,2560,98,0.875,0.001924709571323711,6.902051096330515e-05,64.26530612244898,64.26530612244898,2811,0.9442084788821848,34.863038064745645,0.6439201235771179,0.956,0.07491486946651532,0.009523809523809525,0.30158730158730157,0.292063492063492,98,1.0,57,98,1.0,457,98,1.0,957
1,nram,rabvs_budgeted_random_parts,6298,98,0.015560495395363607,2560,97,0.6372422680412371,0.001698888115769444,0.0001371337355553199,64.26530612244898,64.26530612244898,2811,0.9442084788821848,34.863038064745645,0.6446526646614075,0.956,0.07683352735739232,0.009523809523809525,0.30158730158730157,0.292063492063492,98,1.0,57,98,1.0,457,98,1.0,946
2,nram,greedy_surrogate,6298,98,0.015560495395363607,2560,98,0.875,0.0014087905253998662,5.140644638005909e-05,64.26530612244898,64.26530612244898,50384,0.0,1.9450619244204508,0.6414646506309509,0.41900000000000004,0.10965630114566285,0.012698412698412698,0.2984126984126984,0.2857142857142857,98,1.0,57,98,1.0,314,98,1.0,614
2,nram,boba_ucb,6298,98,0.015560495395363607,2560,97,0.8666237113402062,0.001324671193269908,0.0002879726957492247,64.26530612244898,64.26530612244898,2811,0.9442084788821848,34.863038064745645,0.6482178568840027,0.5,0.10501567398119123,0.012698412698412698,0.2984126984126984,0.2857142857142857,97,0.9897959183673469,57,98,1.0,322,98,1.0,625
2,nram,rabvs_budgeted_reliable,6298,98,0.015560495395363607,2560,97,0.8666237113402062,0.001324671193269908,0.0002879726957492247,64.26530612244898,64.26530612244898,2811,0.9442084788821848,34.50729277837069,0.6455854773521423,0.957,0.07727797001153403,0.012698412698412698,0.2984126984126984,0.2857142857142857,96,0.9795918367346939,57,96,0.9795918367346939,457,97,0.9897959183673469,937
2,nram,rabvs_budgeted_no_ucb,6298,98,0.015560495395363607,2560,98,0.875,0.002009715063970757,5.930078032685035e-05,64.26530612244898,64.26530612244898,2811,0.9442084788821848,34.863038064745645,0.6416141986846924,0.956,0.07570621468926554,0.00949367088607595,0.30158730158730157,0.2920936307012256,98,1.0,57,98,1.0,457,98,1.0,957
2,nram,rabvs_budgeted_random_parts,6298,98,0.015560495395363607,2560,78,0.7123397435897436,0.0016046739958136757,0.0002072849824981978,64.26530612244898,64.26530612244898,2811,0.9442084788821848,34.863038064745645,0.6457895636558533,0.956,0.07745664739884393,0.06349206349206349,0.24761904761904763,0.18412698412698414,98,1.0,57,98,1.0,457,98,1.0,939
0,pa2ga,greedy_surrogate,5249,99,0.01886073537816727,2560,99,0.8636363636363636,0.00648922864993564,0.0012491376358477778,53.02020202020203,53.02020202020203,41992,0.0,2.3575919222709087,0.6465885043144226,0.33399999999999996,0.0504774897680764,0.04182509505703422,0.33587786259541985,0.2940527675383856,98,0.98989898989899,38,99,1.0,364,99,1.0,723
0,pa2ga,boba_ucb,5249,99,0.01886073537816727,2560,99,0.7954545454545454,0.007441379472892229,0.0014751661066011814,53.02020202020203,53.02020202020203,2769,0.9340588683558773,35.75297941495124,0.6449265480041504,0.34299999999999997,0.05075445816186557,0.03802281368821293,0.33969465648854963,0.3016718428003367,98,0.98989898989899,38,99,1.0,360,99,1.0,723
0,pa2ga,rabvs_budgeted_reliable,5249,99,0.01886073537816727,2560,99,0.7954545454545454,0.007441379472892229,0.0014751661066011814,53.02020202020203,53.02020202020203,2769,0.9340588683558773,35.75297941495124,0.6377418637275696,0.813,0.046365914786967416,0.03802281368821293,0.33969465648854963,0.3016718428003367,98,0.98989898989899,38,99,1.0,430,99,1.0,896
0,pa2ga,rabvs_budgeted_no_ucb,5249,99,0.01886073537816727,2560,99,0.86489898989899,0.006432795311098681,0.001265197969784573,53.02020202020203,53.02020202020203,2769,0.9340588683558773,35.75297941495124,0.6296281218528748,0.865,0.04436450839328537,0.04182509505703422,0.33587786259541985,0.2940527675383856,98,0.98989898989899,38,99,1.0,432,99,1.0,932
0,pa2ga,rabvs_budgeted_random_parts,5249,99,0.01886073537816727,2560,78,0.34134615384615385,0.008944570578207623,0.002804461736424857,53.02020202020203,53.02020202020203,2769,0.9340588683558773,30.69700252798844,0.6356555223464966,0.833,0.0332512315270936,0.1482889733840304,0.22900763358778625,0.08071866020375584,82,0.8282828282828283,51,85,0.8585858585858586,437,85,0.8585858585858586,927
1,pa2ga,greedy_surrogate,5249,99,0.01886073537816727,2560,99,0.8585858585858586,0.007091640446250033,0.0012544358227834101,53.02020202020203,53.02020202020203,41992,0.0,2.3575919222709087,0.6480274796485901,0.33999999999999997,0.06871345029239766,0.057034220532319393,0.32061068702290074,0.26357646649058136,98,0.98989898989899,38,99,1.0,353,99,1.0,720
1,pa2ga,boba_ucb,5249,99,0.01886073537816727,2560,99,0.8636363636363636,0.009026932017534408,0.0017457543213928904,53.02020202020203,53.02020202020203,2769,0.9340588683558773,35.75297941495124,0.6489925980567932,0.344,0.06629055007052186,0.04182509505703422,0.33587786259541985,0.2940527675383856,98,0.98989898989899,38,99,1.0,361,99,1.0,736
1,pa2ga,rabvs_budgeted_reliable,5249,99,0.01886073537816727,2560,99,0.8636363636363636,0.009026932017534408,0.0017457543213928904,53.02020202020203,53.02020202020203,2769,0.9340588683558773,35.75297941495124,0.635962963104248,0.8049999999999999,0.05766871165644172,0.04182509505703422,0.33587786259541985,0.2940527675383856,98,0.98989898989899,38,99,1.0,430,99,1.0,917
1,pa2ga,rabvs_budgeted_no_ucb,5249,99,0.01886073537816727,2560,99,0.8585858585858586,0.007198560514506843,0.0012533963736940182,53.02020202020203,53.02020202020203,2769,0.9340588683558773,35.75297941495124,0.630200207233429,0.863,0.05575326215895611,0.053231939163498096,0.3244274809160305,0.2711955417525324,98,0.98989898989899,38,99,1.0,433,99,1.0,933
1,pa2ga,rabvs_budgeted_random_parts,5249,99,0.01886073537816727,2560,60,0.8125,0.005657285941177621,0.0025578529501692946,53.02020202020203,53.02020202020203,2769,0.9340588683558773,32.14156735283496,0.6346530914306641,0.865,0.044902912621359224,0.12167300380228137,0.25572519083969464,0.13405218703741328,89,0.898989898989899,42,89,0.898989898989899,439,89,0.898989898989899,918
2,pa2ga,greedy_surrogate,5249,99,0.01886073537816727,2560,99,0.8573232323232324,0.0070975414010182826,0.0015508103689327887,53.02020202020203,53.02020202020203,41992,0.0,2.3575919222709087,0.6461976766586304,0.32899999999999996,0.06647807637906648,0.034220532319391636,0.3435114503816794,0.30929091806228776,97,0.9797979797979798,38,99,1.0,356,99,1.0,723
2,pa2ga,boba_ucb,5249,99,0.01886073537816727,2560,95,0.8611842105263158,0.0035504291848994876,0.0013520873013311183,53.02020202020203,53.02020202020203,2769,0.9340588683558773,34.30841459010473,0.6334190964698792,0.384,0.061079545454545456,0.034220532319391636,0.3282442748091603,0.29402374248976865,95,0.9595959595959596,38,95,0.9595959595959596,368,95,0.9595959595959596,732
2,pa2ga,rabvs_budgeted_reliable,5249,99,0.01886073537816727,2560,95,0.8611842105263158,0.0035504291848994876,0.0013520873013311183,53.02020202020203,53.02020202020203,2769,0.9340588683558773,34.30841459010473,0.6315897703170776,0.861,0.05276073619631902,0.034220532319391636,0.3282442748091603,0.29402374248976865,95,0.9595959595959596,38,95,0.9595959595959596,438,95,0.9595959595959596,916
2,pa2ga,rabvs_budgeted_no_ucb,5249,99,0.01886073537816727,2560,99,0.8623737373737373,0.007453893806772907,0.0014466770185283743,53.02020202020203,53.02020202020203,2769,0.9340588683558773,35.75297941495124,0.6289581656455994,0.858,0.056220095693779906,0.030418250950570342,0.3473282442748092,0.31690999332423886,97,0.9797979797979798,38,99,1.0,433,99,1.0,933
2,pa2ga,rabvs_budgeted_random_parts,5249,99,0.01886073537816727,2560,99,0.7348484848484849,0.010012393410043962,0.00255743599465309,53.02020202020203,52.00058275058275,2769,0.9340588683558773,35.75297941495124,0.633197009563446,0.839,0.057247259439707675,0.030418250950570342,0.3473282442748092,0.31690999332423886,97,0.9797979797979798,38,99,1.0,425,99,1.0,925
0,parp1,greedy_surrogate,30558,508,0.016624124615485306,2560,504,0.8224206349206349,0.002895840045432467,0.001906548578509721,60.153543307086615,59.76038289331481,244464,0.0,2.061653249558217,0.5457960963249207,0.702,0.50625,0.04842931937172775,0.281413612565445,0.23298429319371725,100,0.1968503937007874,100,471,0.9271653543307087,499,504,0.9921259842519685,965
0,parp1,boba_ucb,30558,508,0.016624124615485306,2560,280,0.8352678571428571,0.0027460868357678044,0.00281198142925196,60.153543307086615,59.76038289331481,4096,0.9832449767654952,120.849609375,0.5503119230270386,0.677,0.4979123173277662,0.0975130890052356,0.23036649214659685,0.13285340314136124,100,0.1968503937007874,100,454,0.8937007874015748,498,495,0.9744094488188977,959
0,parp1,rabvs_budgeted_reliable,30558,508,0.016624124615485306,2560,280,0.8352678571428571,0.0027460868357678044,0.00281198142925196,60.153543307086615,59.367222479543,4096,0.9832449767654952,119.62890625,0.5480434894561768,0.8140000000000001,0.4896265560165975,0.0975130890052356,0.23036649214659685,0.13285340314136124,100,0.1968503937007874,100,457,0.8996062992125984,499,490,0.9645669291338582,992
0,parp1,rabvs_budgeted_no_ucb,30558,508,0.016624124615485306,2560,504,0.8191964285714286,0.0028748910006005713,0.0018836112970951654,60.153543307086615,59.76038289331481,4096,0.9832449767654952,123.046875,0.545232892036438,0.8260000000000001,0.5015479876160991,0.04908376963350786,0.28075916230366493,0.23167539267015708,100,0.1968503937007874,100,470,0.9251968503937008,499,504,0.9921259842519685,996
0,parp1,rabvs_budgeted_random_parts,30558,508,0.016624124615485306,2560,193,0.8079663212435233,0.004941825734505895,0.0028349231045552187,60.153543307086615,59.367222479543,4096,0.9832449767654952,120.849609375,0.5482941269874573,0.796,0.4937888198757764,0.12696335078534032,0.20287958115183247,0.07591623036649214,100,0.1968503937007874,100,457,0.8996062992125984,499,495,0.9744094488188977,988
1,parp1,greedy_surrogate,30558,508,0.016624124615485306,2560,504,0.8173363095238095,0.0028228793923295165,0.0018903227640414825,60.153543307086615,60.153543307086615,244464,0.0,2.061653249558217,0.5488317012786865,0.702,0.505699481865285,0.046465968586387435,0.28403141361256545,0.23756544502617802,100,0.1968503937007874,100,471,0.9271653543307087,499,504,0.9921259842519685,976
1,parp1,boba_ucb,30558,508,0.016624124615485306,2560,300,0.8197916666666667,0.0022206711447006868,0.0025521124116706304,60.153543307086615,59.56380268642891,4096,0.9832449767654952,122.802734375,0.5440981984138489,0.6839999999999999,0.5046632124352332,0.07526178010471204,0.25589005235602097,0.18062827225130892,100,0.1968503937007874,100,454,0.8937007874015748,499,503,0.9901574803149606,978
1,parp1,rabvs_budgeted_reliable,30558,508,0.016624124615485306,2560,300,0.8197916666666667,0.0022206711447006868,0.0025521124116706304,60.153543307086615,59.367222479543,4096,0.9832449767654952,120.60546875,0.5427643656730652,0.8180000000000001,0.4932920536635707,0.07526178010471204,0.25589005235602097,0.18062827225130892,100,0.1968503937007874,100,458,0.9015748031496063,499,494,0.9724409448818898,995
1,parp1,rabvs_budgeted_no_ucb,30558,508,0.016624124615485306,2560,505,0.8120049504950495,0.003075821768528425,0.0019116693540118432,60.153543307086615,59.95696310020072,4096,0.9832449767654952,123.046875,0.544531524181366,0.823,0.5046535677352637,0.04450261780104712,0.2859947643979058,0.24149214659685866,100,0.1968503937007874,100,473,0.9311023622047244,499,504,0.9921259842519685,993
1,parp1,rabvs_budgeted_random_parts,30558,508,0.016624124615485306,2560,420,0.2592261904761905,0.004590827593661431,0.00326371481015797,60.153543307086615,59.367222479543,4096,0.9832449767654952,118.896484375,0.5528995394706726,0.77,0.4865702479338843,0.13285340314136126,0.19829842931937172,0.06544502617801046,100,0.1968503937007874,100,449,0.8838582677165354,499,487,0.9586614173228346,990
2,parp1,greedy_surrogate,30558,508,0.016624124615485306,2560,505,0.8211633663366337,0.002730951792430648,0.0016457589913292238,60.153543307086615,59.76038289331481,244464,0.0,2.061653249558217,0.5484474301338196,0.6950000000000001,0.5062240663900415,0.04842931937172775,0.28206806282722513,0.23363874345549737,100,0.1968503937007874,100,475,0.9350393700787402,499,504,0.9921259842519685,972
2,parp1,boba_ucb,30558,508,0.016624124615485306,2560,358,0.7468575418994413,0.0031257616677521686,0.0025107325453084493,60.153543307086615,59.76038289331481,4096,0.9832449767654952,122.0703125,0.5545232892036438,0.7090000000000001,0.5025960539979232,0.09162303664921466,0.2395287958115183,0.14790575916230364,100,0.1968503937007874,100,459,0.9035433070866141,499,500,0.984251968503937,970
2,parp1,rabvs_budgeted_reliable,30558,508,0.016624124615485306,2560,358,0.7468575418994413,0.0031257616677521686,0.0025107325453084493,60.153543307086615,59.76038289331481,4096,0.9832449767654952,120.1171875,0.5562953948974609,0.8089999999999999,0.49072164948453606,0.09162303664921466,0.2395287958115183,0.14790575916230364,100,0.1968503937007874,100,465,0.9153543307086615,499,492,0.968503937007874,989
2,parp1,rabvs_budgeted_no_ucb,30558,508,0.016624124615485306,2560,502,0.8217131474103586,0.002734472499289381,0.0016748665019597816,60.153543307086615,59.76038289331481,4096,0.9832449767654952,123.046875,0.546133816242218,0.8180000000000001,0.5010266940451745,0.04319371727748691,0.28664921465968585,0.24345549738219893,100,0.1968503937007874,100,476,0.937007874015748,499,504,0.9921259842519685,994
2,parp1,rabvs_budgeted_random_parts,30558,508,0.016624124615485306,2560,195,0.6560897435897436,0.003619543199961778,0.0022075682258665473,60.153543307086615,59.367222479543,4096,0.9832449767654952,118.1640625,0.5525810122489929,0.821,0.48098663926002055,0.1511780104712042,0.17866492146596857,0.027486910994764385,100,0.1968503937007874,100,462,0.9094488188976378,499,484,0.952755905511811,986
0,pde5a,greedy_surrogate,27948,398,0.014240732789466151,2560,386,0.8113665803108808,0.0037865342843779355,0.0027546390293061145,70.22110552763819,69.46603987680338,223584,0.0,1.7174753112924002,0.566072404384613,0.613,0.3845350052246604,0.045779685264663805,0.23192555476020044,0.18614586949553663,100,0.25125628140703515,100,377,0.9472361809045227,487,384,0.964824120603015,932
0,pde5a,boba_ucb,27948,398,0.014240732789466151,2560,300,0.7925,0.0025669113943156915,0.0029479511885000063,70.22110552763819,69.71772842708165,3840,0.982825246887076,98.17708333333333,0.5737218856811523,0.6,0.378803777544596,0.07081545064377683,0.2032927702219041,0.13247731957812725,100,0.25125628140703515,100,368,0.9246231155778895,483,377,0.9472361809045227,924
0,pde5a,rabvs_budgeted_reliable,27948,398,0.014240732789466151,2560,300,0.7925,0.0025669113943156915,0.0029479511885000063,70.22110552763819,69.71772842708165,3840,0.982825246887076,98.4375,0.5731141567230225,0.762,0.3739669421487603,0.07081545064377683,0.2032927702219041,0.13247731957812725,100,0.25125628140703515,100,370,0.9296482412060302,487,378,0.949748743718593,971
0,pde5a,rabvs_budgeted_no_ucb,27948,398,0.014240732789466151,2560,384,0.8133138020833334,0.0041500366814882055,0.002859670834496108,70.22110552763819,69.71772842708165,3840,0.982825246887076,99.47916666666666,0.5651495456695557,0.744,0.37927461139896373,0.04005722460658083,0.2383679312813171,0.19831070667473627,100,0.25125628140703515,100,375,0.9422110552763819,491,382,0.9597989949748744,969
0,pde5a,rabvs_budgeted_random_parts,27948,398,0.014240732789466151,2560,318,0.7474449685534591,0.0053940287109214245,0.0036643976811068773,70.22110552763819,68.20759712541201,3840,0.982825246887076,98.17708333333333,0.5621957182884216,0.72,0.37409326424870465,0.05221745350500715,0.22261989978525412,0.17040244628024698,100,0.25125628140703515,100,368,0.9246231155778895,491,377,0.9472361809045227,969
1,pde5a,greedy_surrogate,27948,398,0.014240732789466151,2560,385,0.8199675324675325,0.0037379450768249087,0.0027104252402763564,70.22110552763819,69.96941697735991,223584,0.0,1.7174753112924002,0.5671051144599915,0.602,0.3861490031479538,0.0407725321888412,0.23550465282748748,0.19473212063864628,100,0.25125628140703515,100,378,0.949748743718593,494,384,0.964824120603015,939
1,pde5a,boba_ucb,27948,398,0.014240732789466151,2560,316,0.8152689873417721,0.002311731681388571,0.0027226293623248046,70.22110552763819,70.22110552763819,3840,0.982825246887076,97.13541666666667,0.5647327899932861,0.591,0.3746065057712487,0.05007153075822604,0.22763063707945597,0.17755910632122993,100,0.25125628140703515,100,361,0.907035175879397,493,373,0.9371859296482412,935
1,pde5a,rabvs_budgeted_reliable,27948,398,0.014240732789466151,2560,316,0.8152689873417721,0.002311731681388571,0.0027226293623248046,70.22110552763819,69.96941697735991,3840,0.982825246887076,98.69791666666666,0.5624809265136719,0.783,0.3746130030959752,0.05007153075822604,0.22763063707945597,0.17755910632122993,100,0.25125628140703515,100,361,0.907035175879397,494,379,0.9522613065326633,987
1,pde5a,rabvs_budgeted_no_ucb,27948,398,0.014240732789466151,2560,388,0.8134664948453608,0.0038445224729604555,0.0027103332933267666,70.22110552763819,69.46603987680338,3840,0.982825246887076,100.26041666666667,0.5629904270172119,0.746,0.38317757009345793,0.03719599427753934,0.24266284896206156,0.20546685468452222,100,0.25125628140703515,100,373,0.9371859296482412,497,385,0.9673366834170855,978
1,pde5a,rabvs_budgeted_random_parts,27948,398,0.014240732789466151,2560,198,0.6903409090909091,0.006244442947556443,0.00506215366347854,70.22110552763819,66.4457772734641,3840,0.982825246887076,98.69791666666666,0.576606035232544,0.722,0.37694704049844235,0.12374821173104435,0.15390121689334288,0.030153005162298532,100,0.25125628140703515,100,353,0.8869346733668342,486,379,0.9522613065326633,962
2,pde5a,greedy_surrogate,27948,398,0.014240732789466151,2560,387,0.8136304909560723,0.004045445431614765,0.0027593085055233457,70.22110552763819,69.71772842708165,223584,0.0,1.7264204952053814,0.5669732689857483,0.5860000000000001,0.3850156087408949,0.046494992846924176,0.23264137437365784,0.18614638152673366,100,0.25125628140703515,100,376,0.9447236180904522,491,386,0.9698492462311558,932
2,pde5a,boba_ucb,27948,398,0.014240732789466151,2560,320,0.6671875,0.004221516168901045,0.003092087399351511,70.22110552763819,69.71772842708165,3840,0.982825246887076,98.4375,0.5686692595481873,0.618,0.3747412008281574,0.05293276108726753,0.2283464566929134,0.17541369560564588,100,0.25125628140703515,100,366,0.9195979899497487,495,378,0.949748743718593,943
2,pde5a,rabvs_budgeted_reliable,27948,398,0.014240732789466151,2560,320,0.6671875,0.004221516168901045,0.003092087399351511,70.22110552763819,69.46603987680338,3840,0.982825246887076,99.21875,0.5655763745307922,0.77,0.37435897435897436,0.05293276108726753,0.2283464566929134,0.17541369560564588,100,0.25125628140703515,100,366,0.9195979899497487,496,381,0.957286432160804,980
2,pde5a,rabvs_budgeted_no_ucb,27948,398,0.014240732789466151,2560,387,0.8131459948320413,0.004469314408601875,0.0028269975900105685,70.22110552763819,69.46603987680338,3840,0.982825246887076,100.0,0.5678934454917908,0.72,0.38055842812823165,0.045064377682403435,0.23407301360057264,0.18900863591816922,100,0.25125628140703515,100,378,0.949748743718593,492,384,0.964824120603015,973
2,pde5a,rabvs_budgeted_random_parts,27948,398,0.014240732789466151,2560,279,0.3942652329749104,0.005184319478450316,0.003764301930951938,70.22110552763819,67.95590857513373,3840,0.982825246887076,98.4375,0.5655490756034851,0.732,0.3734567901234568,0.08726752503576538,0.19398711524695778,0.1067195902111924,100,0.25125628140703515,100,361,0.907035175879397,495,378,0.949748743718593,978
0,pgh1,greedy_surrogate,10995,195,0.017735334242837655,2560,168,0.7749255952380952,0.022364642196807227,0.015073586107310553,51.25874125874125,45.107692307692304,87960,0.0,1.8985902683037745,0.6521077156066895,0.504,0.17406542056074767,0.09636363636363636,0.20727272727272728,0.11090909090909092,81,0.4153846153846154,99,164,0.841025641025641,447,167,0.8564102564102564,839
0,pgh1,boba_ucb,10995,195,0.017735334242837655,2560,153,0.7160947712418301,0.02742324442597331,0.016809189605934638,56.38461538461538,43.05734265734266,3072,0.965075034106412,54.361979166666664,0.6461195349693298,0.507,0.17375886524822695,0.08727272727272728,0.21636363636363637,0.1290909090909091,78,0.4,97,161,0.8256410256410256,443,167,0.8564102564102564,844
0,pgh1,rabvs_budgeted_reliable,10995,195,0.017735334242837655,2560,153,0.7160947712418301,0.02742324442597331,0.016809189605934638,56.38461538461538,44.59510489510489,3072,0.965075034106412,54.361979166666664,0.6444810628890991,0.638,0.16875712656784492,0.08727272727272728,0.21636363636363637,0.1290909090909091,80,0.41025641025641024,98,161,0.8256410256410256,459,167,0.8564102564102564,903
0,pgh1,rabvs_budgeted_no_ucb,10995,195,0.017735334242837655,2560,168,0.7708333333333334,0.023836952175717126,0.015408695304410604,56.38461538461538,45.62027972027972,3072,0.965075034106412,54.6875,0.6481732130050659,0.651,0.16704035874439463,0.0890909090909091,0.21454545454545454,0.12545454545454543,82,0.4205128205128205,99,162,0.8307692307692308,467,168,0.8615384615384616,909
0,pgh1,rabvs_budgeted_random_parts,10995,195,0.017735334242837655,2560,130,0.7125,0.03468312494417212,0.020941922069086627,56.38461538461538,39.98181818181818,3072,0.965075034106412,53.385416666666664,0.648572564125061,0.618,0.16404494382022472,0.08727272727272728,0.21272727272727274,0.12545454545454546,74,0.37948717948717947,98,151,0.7743589743589744,469,164,0.841025641025641,909
1,pgh1,greedy_surrogate,10995,195,0.017735334242837655,2560,173,0.7611994219653179,0.026325049138178253,0.01532940712976498,51.25874125874125,46.64545454545454,87960,0.0,1.9326966803092316,0.6559314727783203,0.486,0.17899761336515513,0.08181818181818182,0.22727272727272727,0.14545454545454545,83,0.4256410256410256,99,162,0.8307692307692308,448,170,0.8717948717948718,842
1,pgh1,boba_ucb,10995,195,0.017735334242837655,2560,139,0.6357913669064749,0.024744311421918463,0.01506443291831938,56.38461538461538,47.15804195804195,3072,0.965075034106412,52.083333333333336,0.6656877398490906,0.482,0.17233009708737865,0.0890909090909091,0.20545454545454545,0.11636363636363635,86,0.441025641025641,100,154,0.7897435897435897,448,160,0.8205128205128205,823
1,pgh1,rabvs_budgeted_reliable,10995,195,0.017735334242837655,2560,139,0.6357913669064749,0.024744311421918463,0.01506443291831938,51.25874125874125,46.64545454545454,3072,0.965075034106412,53.059895833333336,0.6618700623512268,0.635,0.1668584579976985,0.0890909090909091,0.20545454545454545,0.11636363636363635,86,0.441025641025641,100,151,0.7743589743589744,468,163,0.8358974358974359,909
1,pgh1,rabvs_budgeted_no_ucb,10995,195,0.017735334242837655,2560,169,0.7511094674556213,0.025055560466710192,0.015006717194365044,56.38461538461538,49.2083916083916,3072,0.965075034106412,54.6875,0.6512905955314636,0.636,0.16912599318955732,0.08363636363636363,0.22,0.13636363636363635,87,0.4461538461538462,100,160,0.8205128205128205,469,168,0.8615384615384616,922
1,pgh1,rabvs_budgeted_random_parts,10995,195,0.017735334242837655,2560,116,0.6470905172413793,0.04604287021168196,0.024258048218813097,56.38461538461538,40.49440559440559,3072,0.965075034106412,57.6171875,0.6489604711532593,0.585,0.1782065834279228,0.09636363636363636,0.2309090909090909,0.13454545454545452,74,0.37948717948717947,98,158,0.8102564102564103,464,177,0.9076923076923077,887
2,pgh1,greedy_surrogate,10995,195,0.017735334242837655,2560,174,0.7697557471264368,0.02489699050514817,0.015269764251878896,56.38461538461538,44.08251748251748,87960,0.0,1.9440654843110505,0.648529589176178,0.491,0.17681498829039813,0.09090909090909091,0.22181818181818183,0.13090909090909092,80,0.41025641025641024,100,165,0.8461538461538461,456,171,0.8769230769230769,855
2,pgh1,boba_ucb,10995,195,0.017735334242837655,2560,159,0.5738993710691824,0.026603647128644138,0.015494596780747426,56.38461538461538,46.64545454545454,3072,0.965075034106412,54.6875,0.6499972939491272,0.489,0.17406542056074767,0.09272727272727273,0.21454545454545454,0.12181818181818181,85,0.4358974358974359,100,161,0.8256410256410256,456,168,0.8615384615384616,842
2,pgh1,rabvs_budgeted_reliable,10995,195,0.017735334242837655,2560,159,0.5738993710691824,0.026603647128644138,0.015494596780747426,56.38461538461538,47.15804195804195,3072,0.965075034106412,55.338541666666664,0.6476573944091797,0.63,0.16947250280583614,0.09272727272727273,0.21454545454545454,0.12181818181818181,87,0.4461538461538462,100,160,0.8205128205128205,467,170,0.8717948717948718,906
2,pgh1,rabvs_budgeted_no_ucb,10995,195,0.017735334242837655,2560,179,0.7461592178770949,0.03287936510133033,0.018118145828733702,56.38461538461538,38.44405594405594,3072,0.965075034106412,58.268229166666664,0.6511268615722656,0.624,0.182648401826484,0.08545454545454545,0.2381818181818182,0.15272727272727274,69,0.35384615384615387,99,169,0.8666666666666667,472,179,0.9179487179487179,894
2,pgh1,rabvs_budgeted_random_parts,10995,195,0.017735334242837655,2560,130,0.43317307692307694,0.029073666212046774,0.019350068958429306,56.38461538461538,39.98181818181818,3072,0.965075034106412,48.177083333333336,0.6542167663574219,0.614,0.1433370660694289,0.12181818181818181,0.16545454545454547,0.043636363636363654,72,0.36923076923076925,100,140,0.717948717948718,468,148,0.7589743589743589,923
0,pgh2,greedy_surrogate,23585,435,0.018443926224295103,2560,331,0.8062688821752266,0.0053433927892351605,0.007323509142044359,54.2183908045977,53.98865186051042,188680,0.0,1.7330930676277296,0.6159709095954895,0.5920000000000001,0.3407079646017699,0.06773920406435224,0.2198641765704584,0.15212497250610615,100,0.22988505747126436,100,316,0.7264367816091954,476,327,0.7517241379310344,875
0,pgh2,boba_ucb,23585,435,0.018443926224295103,2560,296,0.753589527027027,0.005506976686756334,0.00750325858541826,54.2183908045977,53.98865186051042,3840,0.9796480814076743,82.8125,0.6117505431175232,0.589,0.33408071748878926,0.0576271186440678,0.23240033927056827,0.17477322062650047,100,0.22988505747126436,100,306,0.7034482758620689,467,318,0.7310344827586207,845
0,pgh2,rabvs_budgeted_reliable,23585,435,0.018443926224295103,2560,296,0.753589527027027,0.005506976686756334,0.00750325858541826,54.2183908045977,53.75891291642315,3840,0.9796480814076743,83.59375,0.6071648001670837,0.79,0.3192389006342495,0.0576271186440678,0.23240033927056827,0.17477322062650047,100,0.22988505747126436,100,309,0.7103448275862069,484,321,0.7379310344827587,957
0,pgh2,rabvs_budgeted_no_ucb,23585,435,0.018443926224295103,2560,330,0.793939393939394,0.005760383744420088,0.007469541316559268,54.2183908045977,53.75891291642315,3840,0.9796480814076743,84.375,0.6109520196914673,0.766,0.3227848101265823,0.061016949152542375,0.22391857506361323,0.16290162591107085,100,0.22988505747126436,100,317,0.728735632183908,485,324,0.7448275862068966,958
0,pgh2,rabvs_budgeted_random_parts,23585,435,0.018443926224295103,2560,250,0.4005,0.01750004670452779,0.012318135836537153,54.2183908045977,50.54256769920124,3840,0.9796480814076743,91.92708333333334,0.6135100722312927,0.6599999999999999,0.3630434782608696,0.10423728813559321,0.21628498727735368,0.11204769914176047,99,0.22758620689655173,100,304,0.6988505747126437,476,353,0.8114942528735632,916
1,pgh2,greedy_surrogate,23585,435,0.018443926224295103,2560,379,0.766655672823219,0.010878808065286651,0.008498252881281155,54.2183908045977,52.15074030781219,188680,0.0,1.9609921560313757,0.6190606951713562,0.599,0.3816216216216216,0.07627118644067797,0.24597116200169636,0.1696999755610184,100,0.22988505747126436,100,341,0.7839080459770115,481,370,0.8505747126436781,893
1,pgh2,boba_ucb,23585,435,0.018443926224295103,2560,343,0.7175655976676385,0.02335710775573814,0.01241722543767309,54.2183908045977,51.461523475550365,3840,0.9796480814076743,94.27083333333333,0.634350597858429,0.596,0.3711229946524064,0.05,0.27989821882951654,0.22989821882951655,100,0.22988505747126436,100,333,0.7655172413793103,479,362,0.832183908045977,868
1,pgh2,rabvs_budgeted_reliable,23585,435,0.018443926224295103,2560,343,0.7175655976676385,0.02335710775573814,0.01241722543767309,54.2183908045977,51.69126241963764,3840,0.9796480814076743,95.05208333333333,0.6278248429298401,0.669,0.3672612801678909,0.05,0.27989821882951654,0.22989821882951655,100,0.22988505747126436,100,332,0.7632183908045977,485,365,0.8390804597701149,911
1,pgh2,rabvs_budgeted_no_ucb,23585,435,0.018443926224295103,2560,373,0.7664209115281502,0.009026893825975206,0.008139148786011609,54.2183908045977,52.83995714007403,3840,0.9796480814076743,95.05208333333333,0.6121969223022461,0.7,0.36649214659685864,0.08220338983050847,0.24003392705682783,0.15783053722631935,100,0.22988505747126436,100,342,0.7862068965517242,488,365,0.8390804597701149,943
1,pgh2,rabvs_budgeted_random_parts,23585,435,0.018443926224295103,2560,300,0.3702083333333333,0.013098931331131027,0.011589727188936546,54.2183908045977,52.83995714007403,3840,0.9796480814076743,91.14583333333333,0.6148099303245544,0.677,0.3461139896373057,0.08728813559322034,0.2357930449533503,0.14850490936012994,100,0.22988505747126436,100,317,0.728735632183908,480,350,0.8045977011494253,954
2,pgh2,greedy_surrogate,23585,435,0.018443926224295103,2560,373,0.7489946380697051,0.007686208788248114,0.0074173653740155,54.2183908045977,53.98865186051042,188680,0.0,1.9397922408310366,0.6213759183883667,0.5820000000000001,0.38309549945115257,0.0635593220338983,0.26208651399491095,0.19852719196101265,100,0.22988505747126436,100,341,0.7839080459770115,483,366,0.8413793103448276,896
2,pgh2,boba_ucb,23585,435,0.018443926224295103,2560,321,0.672702492211838,0.008382472049349103,0.008256156154757974,54.2183908045977,52.610218195986754,3840,0.9796480814076743,93.75,0.6212435960769653,0.573,0.36984815618221256,0.08050847457627118,0.24512298558100085,0.16461451100472968,100,0.22988505747126436,100,328,0.7540229885057471,481,360,0.8275862068965517,903
2,pgh2,rabvs_budgeted_reliable,23585,435,0.018443926224295103,2560,321,0.672702492211838,0.008382472049349103,0.008256156154757974,54.2183908045977,53.29943502824859,3840,0.9796480814076743,93.48958333333333,0.6190685033798218,0.6970000000000001,0.3588667366211962,0.08050847457627118,0.24512298558100085,0.16461451100472968,100,0.22988505747126436,100,326,0.7494252873563219,483,359,0.825287356321839,949
2,pgh2,rabvs_budgeted_no_ucb,23585,435,0.018443926224295103,2560,376,0.7594747340425532,0.009159175435446731,0.007886640522137662,54.2183908045977,53.06969608416131,3840,0.9796480814076743,95.3125,0.6222467422485352,0.708,0.3681434599156118,0.07542372881355933,0.2544529262086514,0.17902919739509207,100,0.22988505747126436,100,341,0.7839080459770115,486,366,0.8413793103448276,956
2,pgh2,rabvs_budgeted_random_parts,23585,435,0.018443926224295103,2560,340,0.715625,0.015629912617907762,0.009711504990620975,54.2183908045977,53.29943502824859,3840,0.9796480814076743,94.53125,0.6161060333251953,0.6890000000000001,0.3679745493107105,0.05423728813559322,0.272264631043257,0.21802734290766376,100,0.22988505747126436,100,326,0.7494252873563219,490,363,0.8344827586206897,947
0,plk1,greedy_surrogate,6907,107,0.015491530331547706,2560,107,0.8557242990654206,0.009148896627238322,0.0027479856532547707,64.55140186915888,64.55140186915888,55256,0.0,1.9364412914434632,0.6307368874549866,0.526,0.09706546275395034,0.05202312138728324,0.2579710144927536,0.20594789310547038,96,0.897196261682243,80,107,1.0,458,107,1.0,902
0,plk1,boba_ucb,6907,107,0.015491530331547706,2560,96,0.837890625,0.005858355159784389,0.0032982799580229295,64.55140186915888,64.55140186915888,2816,0.9490372086289272,36.93181818181819,0.6286123991012573,0.518,0.09325842696629214,0.04335260115606936,0.2492753623188406,0.20592276116277122,93,0.8691588785046729,81,100,0.9345794392523364,457,104,0.9719626168224299,917
0,plk1,rabvs_budgeted_reliable,6907,107,0.015491530331547706,2560,96,0.837890625,0.005858355159784389,0.0032982799580229295,64.55140186915888,64.55140186915888,2816,0.9490372086289272,36.221590909090914,0.6135227680206299,0.935,0.08940397350993377,0.04335260115606936,0.2492753623188406,0.20592276116277122,94,0.8785046728971962,82,101,0.9439252336448598,476,102,0.9532710280373832,976
0,plk1,rabvs_budgeted_no_ucb,6907,107,0.015491530331547706,2560,107,0.8580607476635514,0.00885261390838088,0.002791824122718227,64.55140186915888,63.615874305837735,2816,0.9490372086289272,37.997159090909086,0.6181029081344604,0.911,0.09317443120260022,0.05491329479768786,0.25507246376811593,0.20015916897042807,97,0.9065420560747663,81,107,1.0,475,107,1.0,975
0,plk1,rabvs_budgeted_random_parts,6907,107,0.015491530331547706,2560,74,0.5548986486486487,0.008999079238043597,0.0028925269248657104,64.55140186915888,64.55140186915888,2816,0.9490372086289272,36.221590909090914,0.6210411787033081,0.92,0.08970099667774087,0.07225433526011561,0.23768115942028986,0.16542682416017424,93,0.8691588785046729,82,102,0.9532710280373832,474,102,0.9532710280373832,974
1,plk1,greedy_surrogate,6907,107,0.015491530331547706,2560,105,0.7892857142857143,0.004704754545381706,0.002751307036843884,64.55140186915888,64.55140186915888,55256,0.0,1.9002461271174171,0.631411075592041,0.5529999999999999,0.0958904109589041,0.06936416184971098,0.2318840579710145,0.16251989612130352,95,0.8878504672897196,81,104,0.9719626168224299,460,105,0.9813084112149533,895
1,plk1,boba_ucb,6907,107,0.015491530331547706,2560,104,0.8016826923076923,0.008627277720780044,0.0027672978056556604,64.55140186915888,64.55140186915888,2816,0.9490372086289272,37.28693181818181,0.6331680417060852,0.518,0.09859154929577464,0.05202312138728324,0.25217391304347825,0.200150791656195,97,0.9065420560747663,80,105,0.9813084112149533,455,105,0.9813084112149533,888
1,plk1,rabvs_budgeted_reliable,6907,107,0.015491530331547706,2560,104,0.8016826923076923,0.008627277720780044,0.0027672978056556604,64.55140186915888,64.55140186915888,2816,0.9490372086289272,37.28693181818181,0.6189432144165039,0.912,0.09312638580931264,0.05202312138728324,0.25217391304347825,0.200150791656195,98,0.9158878504672897,81,104,0.9719626168224299,474,105,0.9813084112149533,973
1,plk1,rabvs_budgeted_no_ucb,6907,107,0.015491530331547706,2560,105,0.8482142857142857,0.00685338050211787,0.0022296526379492533,64.55140186915888,64.55140186915888,2816,0.9490372086289272,37.28693181818181,0.6179081201553345,0.928,0.09281767955801105,0.05491329479768786,0.2492753623188406,0.19436206752115273,97,0.9065420560747663,81,105,0.9813084112149533,477,105,0.9813084112149533,977
1,plk1,rabvs_budgeted_random_parts,6907,107,0.015491530331547706,2560,76,0.5896381578947368,0.011146184043971762,0.0036070564818652655,64.55140186915888,64.55140186915888,2816,0.9490372086289272,37.64204545454545,0.6251581311225891,0.905,0.09454949944382647,0.046242774566473986,0.263768115942029,0.217525341375555,97,0.9065420560747663,81,106,0.9906542056074766,477,106,0.9906542056074766,977
2,plk1,greedy_surrogate,6907,107,0.015491530331547706,2560,106,0.8667452830188679,0.007748643101205525,0.002758972354436939,64.55140186915888,64.55140186915888,55256,0.0,1.9183437092804403,0.6343119740486145,0.508,0.09859154929577464,0.049132947976878616,0.2579710144927536,0.208838066515875,96,0.897196261682243,81,106,0.9906542056074766,460,106,0.9906542056074766,899
2,plk1,boba_ucb,6907,107,0.015491530331547706,2560,106,0.8077830188679245,0.010620087422680493,0.0034739015059234947,64.55140186915888,64.55140186915888,2816,0.9490372086289272,37.64204545454545,0.6341165900230408,0.546,0.09621993127147767,0.03757225433526012,0.26956521739130435,0.23199296305604422,96,0.897196261682243,81,106,0.9906542056074766,456,106,0.9906542056074766,911
2,plk1,rabvs_budgeted_reliable,6907,107,0.015491530331547706,2560,106,0.8077830188679245,0.010620087422680493,0.0034739015059234947,64.55140186915888,64.55140186915888,2816,0.9490372086289272,37.997159090909086,0.6192938685417175,0.913,0.09497206703910614,0.03757225433526012,0.26956521739130435,0.23199296305604422,97,0.9065420560747663,81,106,0.9906542056074766,476,107,1.0,976
2,plk1,rabvs_budgeted_no_ucb,6907,107,0.015491530331547706,2560,107,0.8504672897196262,0.007884165989855092,0.0029207263386429243,64.55140186915888,64.55140186915888,2816,0.9490372086289272,37.64204545454545,0.6231552362442017,0.916,0.09302325581395349,0.057803468208092484,0.2492753623188406,0.1914718941107481,95,0.8878504672897196,81,106,0.9906542056074766,476,106,0.9906542056074766,976
2,plk1,rabvs_budgeted_random_parts,6907,107,0.015491530331547706,2560,78,0.7572115384615384,0.004190611897352917,0.0034651009979021347,64.55140186915888,64.55140186915888,2816,0.9490372086289272,34.44602272727273,0.6176100373268127,0.955,0.08296460176991151,0.08092485549132948,0.2144927536231884,0.13356789813185893,88,0.822429906542056,82,96,0.897196261682243,478,97,0.9065420560747663,978
0,pnph,greedy_surrogate,7053,103,0.014603714731320005,2560,103,0.875,0.001863065478602691,0.00020564667278870824,68.47572815533981,68.47572815533981,56424,0.0,1.8254643414150007,0.6697931289672852,0.477,0.11964549483013294,0.036827195467422094,0.254957507082153,0.2181303116147309,100,0.970873786407767,78,103,1.0,366,103,1.0,652
0,pnph,boba_ucb,7053,103,0.014603714731320005,2560,102,0.875,0.002391565808949072,0.00033647559081049236,68.47572815533981,68.47572815533981,2816,0.9500921593648093,36.57670454545455,0.6706987619400024,0.45399999999999996,0.11705202312138728,0.0226628895184136,0.26912181303116145,0.24645892351274784,100,0.970873786407767,77,103,1.0,364,103,1.0,659
0,pnph,rabvs_budgeted_reliable,7053,103,0.014603714731320005,2560,102,0.875,0.002391565808949072,0.00033647559081049236,68.47572815533981,68.47572815533981,2816,0.9500921593648093,36.57670454545455,0.6703726649284363,0.963,0.08950276243093923,0.0226628895184136,0.26912181303116145,0.24645892351274784,100,0.970873786407767,77,103,1.0,475,103,1.0,957
0,pnph,rabvs_budgeted_no_ucb,7053,103,0.014603714731320005,2560,103,0.875,0.0021902494100660584,0.0002273698170187431,68.47572815533981,68.47572815533981,2816,0.9500921593648093,36.57670454545455,0.6671652793884277,0.965,0.08960176991150443,0.025495750708215296,0.26628895184135976,0.24079320113314445,100,0.970873786407767,78,103,1.0,476,103,1.0,959
0,pnph,rabvs_budgeted_random_parts,7053,103,0.014603714731320005,2560,62,0.4808467741935484,0.002611135046183947,0.00043518574833830705,68.47572815533981,68.47572815533981,2816,0.9500921593648093,35.86647727272727,0.675690770149231,0.965,0.08797327394209355,0.1558073654390935,0.1359773371104816,-0.019830028328611887,99,0.9611650485436893,78,101,0.9805825242718447,476,101,0.9805825242718447,951
1,pnph,greedy_surrogate,7053,103,0.014603714731320005,2560,103,0.875,0.0017526561193812185,0.00018323058662103568,68.47572815533981,68.47572815533981,56424,0.0,1.8254643414150007,0.6685046553611755,0.483,0.1201780415430267,0.036827195467422094,0.254957507082153,0.2181303116147309,100,0.970873786407767,77,103,1.0,372,103,1.0,653
1,pnph,boba_ucb,7053,103,0.014603714731320005,2560,103,0.875,0.0027287727352291575,0.0003198733047075674,68.47572815533981,68.47572815533981,2816,0.9500921593648093,36.57670454545455,0.6682471632957458,0.47,0.11739130434782609,0.0084985835694051,0.28328611898017,0.2747875354107649,100,0.970873786407767,77,103,1.0,373,103,1.0,662
1,pnph,rabvs_budgeted_reliable,7053,103,0.014603714731320005,2560,103,0.875,0.0027287727352291575,0.0003198733047075674,68.47572815533981,68.47572815533981,2816,0.9500921593648093,36.57670454545455,0.6710072159767151,0.954,0.09101123595505618,0.0084985835694051,0.28328611898017,0.2747875354107649,99,0.9611650485436893,79,103,1.0,475,103,1.0,952
1,pnph,rabvs_budgeted_no_ucb,7053,103,0.014603714731320005,2560,103,0.875,0.0021368997619971492,0.0001708384394181714,68.47572815533981,68.47572815533981,2816,0.9500921593648093,36.57670454545455,0.6660133004188538,0.967,0.09101123595505618,0.019830028328611898,0.2719546742209632,0.2521246458923513,100,0.970873786407767,78,103,1.0,476,103,1.0,954
1,pnph,rabvs_budgeted_random_parts,7053,103,0.014603714731320005,2560,81,0.4791666666666667,0.0029308621153982467,0.0004287429834794958,68.47572815533981,68.47572815533981,2816,0.9500921593648093,36.57670454545455,0.6744660139083862,0.964,0.0916289592760181,0.06515580736543909,0.22662889518413598,0.1614730878186969,100,0.970873786407767,77,103,1.0,475,103,1.0,950
2,pnph,greedy_surrogate,7053,103,0.014603714731320005,2560,103,0.875,0.001632430862560239,0.00018659749140795864,68.47572815533981,68.47572815533981,56424,0.0,1.8254643414150007,0.6705711483955383,0.473,0.11705202312138728,0.0339943342776204,0.2577903682719547,0.2237960339943343,100,0.970873786407767,78,103,1.0,372,103,1.0,660
2,pnph,boba_ucb,7053,103,0.014603714731320005,2560,103,0.875,0.0024391398036874732,0.00023326863057425995,68.47572815533981,68.47572815533981,2816,0.9500921593648093,36.57670454545455,0.667574405670166,0.46299999999999997,0.11522048364153627,0.019830028328611898,0.2719546742209632,0.2521246458923513,100,0.970873786407767,77,103,1.0,371,103,1.0,661
2,pnph,rabvs_budgeted_reliable,7053,103,0.014603714731320005,2560,103,0.875,0.0024391398036874732,0.00023326863057425995,68.47572815533981,68.47572815533981,2816,0.9500921593648093,36.57670454545455,0.6702589392662048,0.962,0.0889132821075741,0.019830028328611898,0.2719546742209632,0.2521246458923513,100,0.970873786407767,78,103,1.0,476,103,1.0,957
2,pnph,rabvs_budgeted_no_ucb,7053,103,0.014603714731320005,2560,103,0.875,0.0021328484031607033,0.00019734790185010678,68.47572815533981,68.47572815533981,2816,0.9500921593648093,36.57670454545455,0.6675954461097717,0.964,0.08901098901098901,0.025495750708215296,0.26628895184135976,0.24079320113314445,100,0.970873786407767,78,103,1.0,476,103,1.0,955
2,pnph,rabvs_budgeted_random_parts,7053,103,0.014603714731320005,2560,102,0.4840686274509804,0.0024325909725779527,0.0003560879932381919,68.47572815533981,68.47572815533981,2816,0.9500921593648093,36.57670454545455,0.6712900996208191,0.961,0.0889132821075741,0.05099150141643059,0.24079320113314448,0.1898016997167139,100,0.970873786407767,78,103,1.0,476,103,1.0,955
0,ppara,greedy_surrogate,19772,373,0.018865061703418975,2560,373,0.8473525469168901,0.0025594862182927902,0.0007556619909214268,53.008042895442365,53.008042895442365,158176,0.0,2.3518106413109447,0.54239422082901,0.471,0.38706140350877194,0.054600606673407485,0.3225480283114257,0.2679474216380182,100,0.2680965147453083,100,371,0.9946380697050938,483,372,0.9973190348525469,858
0,ppara,boba_ucb,19772,373,0.018865061703418975,2560,294,0.8499149659863946,0.0032515249076752774,0.0014460063831242679,53.008042895442365,53.008042895442365,3584,0.9773416953267247,103.23660714285714,0.5412776470184326,0.46199999999999997,0.3943820224719101,0.055611729019211326,0.32153690596562184,0.2659251769464105,100,0.2680965147453083,100,368,0.9865951742627346,469,370,0.9919571045576407,844
0,ppara,rabvs_budgeted_reliable,19772,373,0.018865061703418975,2560,294,0.8499149659863946,0.0032515249076752774,0.0014460063831242679,53.008042895442365,53.008042895442365,3584,0.9773416953267247,103.515625,0.5375882387161255,0.793,0.3717001055966209,0.055611729019211326,0.32153690596562184,0.2659251769464105,100,0.2680965147453083,100,368,0.9865951742627346,489,371,0.9946380697050938,984
0,ppara,rabvs_budgeted_no_ucb,19772,373,0.018865061703418975,2560,372,0.8497983870967742,0.0026562956941832746,0.0007715148484214327,53.008042895442365,53.008042895442365,3584,0.9773416953267247,104.07366071428571,0.5395665168762207,0.798,0.3710691823899371,0.04843592330978809,0.3282828282828283,0.2798469049730402,100,0.2680965147453083,100,372,0.9973190348525469,493,373,1.0,991
0,ppara,rabvs_budgeted_random_parts,19772,373,0.018865061703418975,2560,130,0.7870192307692307,0.0030546439040158102,0.001177910447299017,53.008042895442365,53.008042895442365,3584,0.9773416953267247,100.16741071428571,0.5429786443710327,0.785,0.3552769070010449,0.19919110212335692,0.17593528816986856,-0.023255813953488358,100,0.2680965147453083,100,357,0.9571045576407506,489,359,0.9624664879356568,983
1,ppara,greedy_surrogate,19772,373,0.018865061703418975,2560,372,0.8526545698924731,0.002369191789244726,0.0007191331515536395,53.008042895442365,53.008042895442365,158176,0.0,2.3518106413109447,0.545887291431427,0.45799999999999996,0.3943820224719101,0.05656565656565657,0.3195146612740142,0.2629490047083576,100,0.2680965147453083,100,372,0.9973190348525469,478,372,0.9973190348525469,867
1,ppara,boba_ucb,19772,373,0.018865061703418975,2560,323,0.7848297213622291,0.003206693353795294,0.001066723195428325,53.008042895442365,53.008042895442365,3584,0.9773416953267247,103.23660714285714,0.5534659624099731,0.44999999999999996,0.39885714285714285,0.04238143289606458,0.3333333333333333,0.2909519004372687,100,0.2680965147453083,100,369,0.9892761394101877,475,370,0.9919571045576407,841
1,ppara,rabvs_budgeted_reliable,19772,373,0.018865061703418975,2560,323,0.7848297213622291,0.003206693353795294,0.001066723195428325,53.008042895442365,53.008042895442365,3584,0.9773416953267247,103.23660714285714,0.5443696975708008,0.796,0.3612836438923395,0.04238143289606458,0.3333333333333333,0.2909519004372687,100,0.2680965147453083,100,368,0.9865951742627346,497,370,0.9919571045576407,987
1,ppara,rabvs_budgeted_no_ucb,19772,373,0.018865061703418975,2560,373,0.8495308310991957,0.002983690309094717,0.0008589782835567033,53.008042895442365,53.008042895442365,3584,0.9773416953267247,104.07366071428571,0.5397323966026306,0.789,0.36628511966701355,0.044489383215369056,0.3326592517694641,0.28816986855409504,100,0.2680965147453083,100,372,0.9973190348525469,497,373,1.0,993
1,ppara,rabvs_budgeted_random_parts,19772,373,0.018865061703418975,2560,80,0.78984375,0.004836239976419962,0.0016290025021634068,53.008042895442365,53.008042895442365,3584,0.9773416953267247,97.37723214285714,0.5448533892631531,0.75,0.34562697576396206,0.2275025278058645,0.1486349848331648,-0.07886754297269968,100,0.2680965147453083,100,347,0.9302949061662198,489,349,0.935656836461126,970
2,ppara,greedy_surrogate,19772,373,0.018865061703418975,2560,373,0.850201072386059,0.0027339795135496786,0.0007085180454272717,53.008042895442365,53.008042895442365,158176,0.0,2.3518106413109447,0.5455225110054016,0.44499999999999995,0.3935340022296544,0.06167846309403438,0.3154701718907988,0.2537917087967644,100,0.2680965147453083,100,372,0.9973190348525469,481,372,0.9973190348525469,856
2,ppara,boba_ucb,19772,373,0.018865061703418975,2560,302,0.8371274834437086,0.0038271791857411425,0.0011347700197880553,53.008042895442365,53.008042895442365,3584,0.9773416953267247,103.23660714285714,0.5455639958381653,0.471,0.3961625282167043,0.04954499494438827,0.32558139534883723,0.276036400404449,100,0.2680965147453083,100,369,0.9892761394101877,477,370,0.9919571045576407,840
2,ppara,rabvs_budgeted_reliable,19772,373,0.018865061703418975,2560,302,0.8371274834437086,0.0038271791857411425,0.0011347700197880553,53.008042895442365,53.008042895442365,3584,0.9773416953267247,103.23660714285714,0.5398257970809937,0.776,0.36947368421052634,0.04954499494438827,0.32558139534883723,0.276036400404449,100,0.2680965147453083,100,367,0.9839142091152815,492,370,0.9919571045576407,981
2,ppara,rabvs_budgeted_no_ucb,19772,373,0.018865061703418975,2560,373,0.8505361930294906,0.0025988517443233114,0.0006962209035976088,53.008042895442365,53.008042895442365,3584,0.9773416953267247,104.07366071428571,0.5396400094032288,0.808,0.367983367983368,0.05156723963599596,0.32558139534883723,0.27401415571284127,100,0.2680965147453083,100,372,0.9973190348525469,495,373,1.0,991
2,ppara,rabvs_budgeted_random_parts,19772,373,0.018865061703418975,2560,301,0.559593023255814,0.0025695825535398654,0.0009924274820917534,53.008042895442365,53.008042895442365,3584,0.9773416953267247,103.23660714285714,0.5385391116142273,0.8069999999999999,0.3667711598746082,0.0797979797979798,0.2972699696663296,0.2174719898683498,100,0.2680965147453083,100,367,0.9839142091152815,494,370,0.9919571045576407,989
0,ppard,greedy_surrogate,12490,240,0.01921537229783827,2560,237,0.8718354430379747,0.0016445306293186568,0.0004802015820829808,52.04166666666667,52.04166666666667,99920,0.0,2.3718975180144115,0.5908330082893372,0.44199999999999995,0.2606132075471698,0.0672,0.3125,0.24530000000000002,100,0.4166666666666667,100,237,0.9875,462,237,0.9875,793
0,ppard,boba_ucb,12490,240,0.01921537229783827,2560,234,0.8541666666666666,0.0032552066139734347,0.0007958602048761515,52.04166666666667,52.04166666666667,3072,0.9692554043234588,77.79947916666667,0.5823522806167603,0.487,0.25840092699884126,0.024,0.358974358974359,0.33497435897435895,100,0.4166666666666667,100,239,0.9958333333333333,465,239,0.9958333333333333,828
0,ppard,rabvs_budgeted_reliable,12490,240,0.01921537229783827,2560,234,0.8541666666666666,0.0032552066139734347,0.0007958602048761515,52.04166666666667,52.04166666666667,3072,0.9692554043234588,77.47395833333333,0.5728276968002319,0.866,0.2346723044397463,0.024,0.358974358974359,0.33497435897435895,100,0.4166666666666667,100,237,0.9875,499,238,0.9916666666666667,998
0,ppard,rabvs_budgeted_no_ucb,12490,240,0.01921537229783827,2560,239,0.8676778242677824,0.0029033519084569483,0.0004393536506351183,52.04166666666667,52.04166666666667,3072,0.9692554043234588,78.125,0.5725604891777039,0.867,0.23603793466807166,0.0496,0.3333333333333333,0.28373333333333334,100,0.4166666666666667,100,239,0.9958333333333333,499,240,1.0,999
0,ppard,rabvs_budgeted_random_parts,12490,240,0.01921537229783827,2560,128,0.58544921875,0.003722335374290608,0.0009795589371481808,52.04166666666667,52.04166666666667,3072,0.9692554043234588,73.89322916666667,0.5771862864494324,0.866,0.22257383966244726,0.1968,0.18269230769230768,-0.014107692307692321,100,0.4166666666666667,100,225,0.9375,496,227,0.9458333333333333,996
1,ppard,greedy_surrogate,12490,240,0.01921537229783827,2560,237,0.8720991561181435,0.0018571109254049314,0.00048730098760686253,52.04166666666667,52.04166666666667,99920,0.0,2.3718975180144115,0.5893068909645081,0.45599999999999996,0.26951219512195124,0.0784,0.3008,0.22240000000000001,100,0.4166666666666667,100,237,0.9875,461,237,0.9875,784
1,ppard,boba_ucb,12490,240,0.01921537229783827,2560,230,0.8625,0.002396226811192752,0.0006809725807983819,52.04166666666667,52.04166666666667,3072,0.9692554043234588,77.1484375,0.586971640586853,0.493,0.27050183598531213,0.0368,0.34294871794871795,0.30614871794871795,100,0.4166666666666667,100,236,0.9833333333333333,458,237,0.9875,792
1,ppard,rabvs_budgeted_reliable,12490,240,0.01921537229783827,2560,230,0.8625,0.002396226811192752,0.0006809725807983819,52.04166666666667,52.04166666666667,3072,0.9692554043234588,77.79947916666667,0.575391948223114,0.872,0.23622881355932204,0.0368,0.34294871794871795,0.30614871794871795,100,0.4166666666666667,100,236,0.9833333333333333,498,239,0.9958333333333333,997
1,ppard,rabvs_budgeted_no_ucb,12490,240,0.01921537229783827,2560,240,0.8622395833333333,0.0027306555646204795,0.0004908596516601669,52.04166666666667,52.04166666666667,3072,0.9692554043234588,78.125,0.5744428038597107,0.867,0.23554153522607782,0.056,0.3269230769230769,0.27092307692307693,100,0.4166666666666667,100,239,0.9958333333333333,499,240,1.0,998
1,ppard,rabvs_budgeted_random_parts,12490,240,0.01921537229783827,2560,163,0.7250766871165644,0.0025590547972228397,0.0007419914824050181,52.04166666666667,52.04166666666667,3072,0.9692554043234588,77.47395833333333,0.5757163166999817,0.877,0.2356687898089172,0.1152,0.2644230769230769,0.14922307692307693,100,0.4166666666666667,100,235,0.9791666666666666,499,238,0.9916666666666667,999
2,ppard,greedy_surrogate,12490,240,0.01921537229783827,2560,238,0.8726365546218487,0.0023657959291238898,0.0005591807095714239,52.04166666666667,52.04166666666667,99920,0.0,2.3819055244195355,0.5866721868515015,0.45299999999999996,0.2810126582278481,0.07827476038338659,0.30337078651685395,0.22509602613346735,100,0.4166666666666667,100,238,0.9916666666666667,461,238,0.9916666666666667,780
2,ppard,boba_ucb,12490,240,0.01921537229783827,2560,237,0.8433544303797469,0.005191180866310775,0.0011119719525868371,52.04166666666667,52.04166666666667,3072,0.9692554043234588,78.125,0.5814831256866455,0.486,0.2692307692307692,0.0368,0.34775641025641024,0.31095641025641024,100,0.4166666666666667,100,239,0.9958333333333333,453,240,1.0,818
2,ppard,rabvs_budgeted_reliable,12490,240,0.01921537229783827,2560,237,0.8433544303797469,0.005191180866310775,0.0011119719525868371,52.04166666666667,52.04166666666667,3072,0.9692554043234588,78.125,0.5752372741699219,0.844,0.23829787234042554,0.0368,0.34775641025641024,0.31095641025641024,100,0.4166666666666667,100,240,1.0,491,240,1.0,991
2,ppard,rabvs_budgeted_no_ucb,12490,240,0.01921537229783827,2560,240,0.8658854166666666,0.003825539582812508,0.0006124349120039916,52.04166666666667,52.04166666666667,3072,0.9692554043234588,78.125,0.5738630890846252,0.859,0.23578947368421052,0.048,0.33653846153846156,0.2885384615384616,100,0.4166666666666667,100,240,1.0,499,240,1.0,998
2,ppard,rabvs_budgeted_random_parts,12490,240,0.01921537229783827,2560,192,0.7311197916666666,0.003500072570960118,0.0011208171151541532,52.04166666666667,52.04166666666667,3072,0.9692554043234588,77.79947916666667,0.5745497941970825,0.869,0.23597883597883598,0.1008,0.28365384615384615,0.18285384615384614,100,0.4166666666666667,100,239,0.9958333333333333,496,239,0.9958333333333333,996
0,pparg,greedy_surrogate,25784,484,0.01877133105802048,2560,474,0.8287183544303798,0.0029482044430800347,0.0019536052633123365,53.272727272727266,53.272727272727266,206272,0.0,2.2979367049332917,0.5229892730712891,0.473,0.49083063646170444,0.05736434108527132,0.3110938712179985,0.25372953013272714,100,0.2066115702479339,100,460,0.9504132231404959,499,474,0.9793388429752066,909
0,pparg,boba_ucb,25784,484,0.01877133105802048,2560,371,0.7326482479784366,0.0037494236891974266,0.002313959629755168,53.272727272727266,53.272727272727266,3840,0.9813838039094012,123.17708333333334,0.5166679620742798,0.497,0.4989010989010989,0.06899224806201551,0.2994569433669511,0.2304646953049356,100,0.2066115702479339,100,455,0.9400826446280992,498,473,0.9772727272727273,910
0,pparg,rabvs_budgeted_reliable,25784,484,0.01877133105802048,2560,371,0.7326482479784366,0.0037494236891974266,0.002313959629755168,53.272727272727266,53.06624383368569,3840,0.9813838039094012,122.91666666666666,0.5084076523780823,0.673,0.470404984423676,0.06899224806201551,0.2994569433669511,0.2304646953049356,100,0.2066115702479339,100,455,0.9400826446280992,498,472,0.9752066115702479,982
0,pparg,rabvs_budgeted_no_ucb,25784,484,0.01877133105802048,2560,475,0.8207894736842105,0.0032067319072906007,0.002021062439734082,53.272727272727266,53.272727272727266,3840,0.9813838039094012,123.17708333333334,0.5180293917655945,0.6759999999999999,0.47193347193347196,0.05736434108527132,0.3110938712179985,0.25372953013272714,100,0.2066115702479339,100,459,0.9483471074380165,499,473,0.9772727272727273,985
0,pparg,rabvs_budgeted_random_parts,25784,484,0.01877133105802048,2560,420,0.4558035714285714,0.0031612472363040317,0.002480372740180856,53.272727272727266,53.272727272727266,3840,0.9813838039094012,122.39583333333333,0.5159082412719727,0.6659999999999999,0.4732423924449108,0.1062015503875969,0.262015503875969,0.1558139534883721,100,0.2066115702479339,100,452,0.9338842975206612,499,470,0.9710743801652892,978
1,pparg,greedy_surrogate,25784,484,0.01877133105802048,2560,474,0.8314873417721519,0.002749666864913508,0.001948382461163511,53.272727272727266,53.272727272727266,206272,0.0,2.2979367049332917,0.5212126970291138,0.471,0.489247311827957,0.05736434108527132,0.3118696664080683,0.25450532532279696,100,0.2066115702479339,100,463,0.9566115702479339,499,474,0.9793388429752066,921
1,pparg,boba_ucb,25784,484,0.01877133105802048,2560,384,0.7669270833333334,0.004383078449368452,0.0026045539935886258,53.272727272727266,53.272727272727266,3840,0.9813838039094012,122.91666666666666,0.5125159621238708,0.509,0.4834578441835646,0.06899224806201551,0.30023273855702093,0.23124049049500542,100,0.2066115702479339,100,455,0.9400826446280992,499,472,0.9752066115702479,915
1,pparg,rabvs_budgeted_reliable,25784,484,0.01877133105802048,2560,384,0.7669270833333334,0.004383078449368452,0.0026045539935886258,53.272727272727266,53.06624383368569,3840,0.9813838039094012,121.875,0.5105622410774231,0.6679999999999999,0.46528497409326425,0.06899224806201551,0.30023273855702093,0.23124049049500542,100,0.2066115702479339,100,453,0.9359504132231405,499,468,0.9669421487603306,975
1,pparg,rabvs_budgeted_no_ucb,25784,484,0.01877133105802048,2560,478,0.8263598326359832,0.003838287405437416,0.002081427406294536,53.272727272727266,53.06624383368569,3840,0.9813838039094012,124.47916666666667,0.5204617381095886,0.648,0.47713097713097713,0.05426356589147287,0.3165244375484872,0.26226087165701434,100,0.2066115702479339,100,460,0.9504132231404959,498,478,0.987603305785124,988
1,pparg,rabvs_budgeted_random_parts,25784,484,0.01877133105802048,2560,239,0.6882845188284519,0.004321566908209479,0.003068857477688989,53.272727272727266,53.06624383368569,3840,0.9813838039094012,122.13541666666666,0.5224557518959045,0.634,0.46680497925311204,0.1346749226006192,0.236985236985237,0.1023103143846178,100,0.2066115702479339,100,442,0.9132231404958677,495,469,0.96900826446281,975
2,pparg,greedy_surrogate,25784,484,0.01877133105802048,2560,477,0.817479035639413,0.002991757880552274,0.002032078069037005,53.272727272727266,53.272727272727266,206272,0.0,2.3076326403971454,0.5235417485237122,0.44899999999999995,0.48562300319488816,0.06356589147286822,0.30799069045771915,0.24442479898485092,100,0.2066115702479339,100,460,0.9504132231404959,498,476,0.9834710743801653,915
2,pparg,boba_ucb,25784,484,0.01877133105802048,2560,344,0.7872456395348837,0.004588421163331603,0.002667416416207932,53.272727272727266,53.272727272727266,3840,0.9813838039094012,123.4375,0.51817786693573,0.46799999999999997,0.4940152339499456,0.07984496124031008,0.2916989914662529,0.2118540302259428,100,0.2066115702479339,100,451,0.9318181818181818,496,474,0.9793388429752066,904
2,pparg,rabvs_budgeted_reliable,25784,484,0.01877133105802048,2560,344,0.7872456395348837,0.004588421163331603,0.002667416416207932,53.272727272727266,53.272727272727266,3840,0.9813838039094012,122.39583333333333,0.5134464502334595,0.65,0.4716981132075472,0.07984496124031008,0.2916989914662529,0.2118540302259428,100,0.2066115702479339,100,454,0.9380165289256198,498,470,0.9710743801652892,980
2,pparg,rabvs_budgeted_no_ucb,25784,484,0.01877133105802048,2560,477,0.8180031446540881,0.003244175462345833,0.0020999635110295943,53.272727272727266,53.272727272727266,3840,0.9813838039094012,123.69791666666667,0.5183510184288025,0.6619999999999999,0.4744525547445255,0.06124031007751938,0.3095422808378588,0.2483019707603394,100,0.2066115702479339,100,459,0.9483471074380165,498,475,0.981404958677686,984
2,pparg,rabvs_budgeted_random_parts,25784,484,0.01877133105802048,2560,362,0.45355662983425415,0.004313399827846746,0.002969217513494426,53.272727272727266,53.272727272727266,3840,0.9813838039094012,119.01041666666666,0.5178811550140381,0.65,0.4547346514047867,0.12403100775193798,0.2443754848719938,0.1203444771200558,100,0.2066115702479339,100,442,0.9132231404958677,494,457,0.9442148760330579,968
0,prgr,greedy_surrogate,15943,293,0.018377971523552656,2560,278,0.7963129496402878,0.008797389104241726,0.005691163553250524,54.41296928327645,54.41296928327645,127544,0.0,2.163959104309101,0.634780764579773,0.5720000000000001,0.29689298043728424,0.08646616541353383,0.25972396486825594,0.1732577994547221,100,0.3412969283276451,100,271,0.9249146757679181,469,276,0.9419795221843004,864
0,prgr,boba_ucb,15943,293,0.018377971523552656,2560,247,0.7844129554655871,0.008485908396511761,0.0060183501546414615,54.41296928327645,54.070749350677225,3328,0.9739070438436932,83.53365384615384,0.6334267854690552,0.5640000000000001,0.29082774049217003,0.08270676691729323,0.2722710163111669,0.18956424939387367,100,0.3412969283276451,100,264,0.9010238907849829,477,278,0.9488054607508533,877
0,prgr,rabvs_budgeted_reliable,15943,293,0.018377971523552656,2560,247,0.7844129554655871,0.008485908396511761,0.0060183501546414615,54.41296928327645,53.728529418078004,3328,0.9739070438436932,82.9326923076923,0.6242048144340515,0.754,0.27505330490405117,0.08270676691729323,0.2722710163111669,0.18956424939387367,100,0.3412969283276451,100,263,0.8976109215017065,486,276,0.9419795221843004,952
0,prgr,rabvs_budgeted_no_ucb,15943,293,0.018377971523552656,2560,277,0.7917418772563177,0.009947034330950537,0.005985885474169642,54.41296928327645,53.728529418078004,3328,0.9739070438436932,83.23317307692307,0.6275351047515869,0.736,0.278494623655914,0.08521303258145363,0.26474278544542035,0.17952975286396672,100,0.3412969283276451,100,272,0.9283276450511946,484,277,0.9453924914675768,943
0,prgr,rabvs_budgeted_random_parts,15943,293,0.018377971523552656,2560,237,0.5279535864978903,0.012954613442230317,0.008077097786316805,54.41296928327645,53.728529418078004,3328,0.9739070438436932,80.52884615384616,0.6314316391944885,0.723,0.27114967462039047,0.10526315789473684,0.24466750313676286,0.13940434524202602,99,0.3378839590443686,100,259,0.8839590443686007,456,268,0.9146757679180887,901
1,prgr,greedy_surrogate,15943,293,0.018377971523552656,2560,284,0.8032570422535211,0.011727085953276298,0.006750861510145043,54.41296928327645,53.728529418078004,127544,0.0,2.1874803989211564,0.6369921565055847,0.546,0.2846237731733915,0.07769423558897243,0.27603513174404015,0.19834089615506773,100,0.3412969283276451,100,271,0.9249146757679181,472,279,0.9522184300341296,877
1,prgr,boba_ucb,15943,293,0.018377971523552656,2560,255,0.7242647058823529,0.00994364538528342,0.00666769448761468,54.41296928327645,54.41296928327645,3328,0.9739070438436932,82.33173076923077,0.6335226893424988,0.517,0.282560706401766,0.08020050125313283,0.2685069008782936,0.18830639962516077,100,0.3412969283276451,100,265,0.9044368600682594,475,274,0.9351535836177475,872
1,prgr,rabvs_budgeted_reliable,15943,293,0.018377971523552656,2560,255,0.7242647058823529,0.00994364538528342,0.00666769448761468,54.41296928327645,52.35964968768111,3328,0.9739070438436932,82.33173076923077,0.6262863278388977,0.719,0.2711864406779661,0.08020050125313283,0.2685069008782936,0.18830639962516077,100,0.3412969283276451,100,265,0.9044368600682594,482,274,0.9351535836177475,949
1,prgr,rabvs_budgeted_no_ucb,15943,293,0.018377971523552656,2560,282,0.8018617021276596,0.012090992161437726,0.006788898393677054,54.41296928327645,51.67520982248267,3328,0.9739070438436932,83.83413461538461,0.6277472972869873,0.73,0.2764830508474576,0.07268170426065163,0.2835633626097867,0.21088165834913508,99,0.3378839590443686,100,274,0.9351535836177475,480,279,0.9522184300341296,945
1,prgr,rabvs_budgeted_random_parts,15943,293,0.018377971523552656,2560,183,0.5918715846994536,0.01794246685039388,0.010090341052987029,54.41296928327645,50.99076995728422,3328,0.9739070438436932,79.92788461538461,0.6235812306404114,0.663,0.2646744930629669,0.07142857142857142,0.2797992471769134,0.20837067574834198,98,0.33447098976109213,100,256,0.8737201365187713,471,266,0.9078498293515358,918
2,prgr,greedy_surrogate,15943,293,0.018377971523552656,2560,278,0.8282374100719424,0.009563031346435156,0.006188049647270157,54.41296928327645,54.070749350677225,127544,0.0,2.163959104309101,0.6359919309616089,0.5529999999999999,0.28794642857142855,0.08395989974937343,0.26474278544542035,0.18078288569604692,100,0.3412969283276451,100,271,0.9249146757679181,468,276,0.9419795221843004,864
2,prgr,boba_ucb,15943,293,0.018377971523552656,2560,252,0.7797619047619048,0.008982999057098684,0.006388880240081577,54.41296928327645,54.070749350677225,3328,0.9739070438436932,81.73076923076923,0.6253679394721985,0.548,0.28004410143329656,0.08270676691729323,0.26348808030112925,0.18078131338383602,99,0.3378839590443686,100,266,0.9078498293515358,466,272,0.9283276450511946,855
2,prgr,rabvs_budgeted_reliable,15943,293,0.018377971523552656,2560,252,0.7797619047619048,0.008982999057098684,0.006388880240081577,54.41296928327645,53.04408955287956,3328,0.9739070438436932,80.22836538461539,0.6200476288795471,0.746,0.264050901378579,0.08270676691729323,0.26348808030112925,0.18078131338383602,100,0.3412969283276451,100,264,0.9010238907849829,475,267,0.9112627986348123,945
2,prgr,rabvs_budgeted_no_ucb,15943,293,0.018377971523552656,2560,279,0.8169802867383512,0.00871718016326533,0.005731295886956605,54.41296928327645,53.04408955287956,3328,0.9739070438436932,82.9326923076923,0.6255814433097839,0.751,0.2747603833865815,0.07769423558897243,0.2685069008782936,0.19081266528932117,99,0.3378839590443686,100,271,0.9249146757679181,478,276,0.9419795221843004,945
2,prgr,rabvs_budgeted_random_parts,15943,293,0.018377971523552656,2560,174,0.5847701149425287,0.015521461305451942,0.009112586879472471,54.41296928327645,51.67520982248267,3328,0.9739070438436932,82.63221153846153,0.6291095614433289,0.661,0.2751605995717345,0.11764705882352941,0.2399497487437186,0.1223026899201892,97,0.3310580204778157,100,259,0.8839590443686007,470,275,0.9385665529010239,916
0,ptn1,greedy_surrogate,7380,130,0.017615176151761516,2560,130,0.8596153846153847,0.010801188817084398,0.003863986099284682,56.769230769230774,56.769230769230774,59040,0.0,2.2018970189701896,0.6439658999443054,0.41600000000000004,0.13797313797313798,0.06775067750677506,0.2845528455284553,0.21680216802168023,99,0.7615384615384615,100,130,1.0,450,130,1.0,831
0,ptn1,boba_ucb,7380,130,0.017615176151761516,2560,125,0.8385,0.009432687241966742,0.0033861166335099635,56.769230769230774,56.769230769230774,2816,0.9523035230352304,45.45454545454545,0.6440663933753967,0.41600000000000004,0.14122137404580154,0.05420054200542006,0.2899728997289973,0.23577235772357724,100,0.7692307692307693,100,127,0.9769230769230769,443,128,0.9846153846153847,813
0,ptn1,rabvs_budgeted_reliable,7380,130,0.017615176151761516,2560,125,0.8385,0.009432687241966742,0.0033861166335099635,56.769230769230774,56.769230769230774,2816,0.9523035230352304,45.09943181818181,0.623813271522522,0.854,0.12141280353200883,0.05420054200542006,0.2899728997289973,0.23577235772357724,100,0.7692307692307693,100,127,0.9769230769230769,487,127,0.9769230769230769,987
0,ptn1,rabvs_budgeted_no_ucb,7380,130,0.017615176151761516,2560,129,0.8624031007751938,0.008532887850801547,0.002932974111843184,56.769230769230774,56.769230769230774,2816,0.9523035230352304,45.809659090909086,0.622459888458252,0.848,0.12280701754385964,0.06233062330623306,0.2872628726287263,0.22493224932249323,100,0.7692307692307693,100,129,0.9923076923076923,488,129,0.9923076923076923,988
0,ptn1,rabvs_budgeted_random_parts,7380,130,0.017615176151761516,2560,107,0.6962616822429907,0.01006874708619599,0.004045114389003009,56.769230769230774,56.769230769230774,2816,0.9523035230352304,45.09943181818181,0.623623251914978,0.862,0.1220865704772475,0.0921409214092141,0.25474254742547425,0.16260162601626016,100,0.7692307692307693,100,127,0.9769230769230769,487,127,0.9769230769230769,986
1,ptn1,greedy_surrogate,7380,130,0.017615176151761516,2560,130,0.8610576923076924,0.008508636978910489,0.0029839111076289514,56.769230769230774,56.769230769230774,59040,0.0,2.2018970189701896,0.6413124203681946,0.42000000000000004,0.13967861557478367,0.07046070460704607,0.28184281842818426,0.2113821138211382,99,0.7615384615384615,100,130,1.0,449,130,1.0,831
1,ptn1,boba_ucb,7380,130,0.017615176151761516,2560,129,0.8381782945736435,0.010859550466300952,0.003407059350631271,56.769230769230774,56.769230769230774,2816,0.9523035230352304,46.16477272727273,0.6407995223999023,0.43500000000000005,0.13950617283950617,0.07046070460704607,0.28184281842818426,0.2113821138211382,100,0.7692307692307693,100,129,0.9923076923076923,440,130,1.0,827
1,ptn1,rabvs_budgeted_reliable,7380,130,0.017615176151761516,2560,129,0.8381782945736435,0.010859550466300952,0.003407059350631271,56.769230769230774,56.769230769230774,2816,0.9523035230352304,45.809659090909086,0.6276177763938904,0.83,0.12321232123212321,0.07046070460704607,0.28184281842818426,0.2113821138211382,100,0.7692307692307693,100,129,0.9923076923076923,484,129,0.9923076923076923,984
1,ptn1,rabvs_budgeted_no_ucb,7380,130,0.017615176151761516,2560,130,0.85625,0.007110031220726077,0.002494716341598258,56.769230769230774,56.769230769230774,2816,0.9523035230352304,45.809659090909086,0.621397852897644,0.87,0.12187159956474429,0.07859078590785908,0.27100271002710025,0.19241192411924118,100,0.7692307692307693,100,129,0.9923076923076923,491,129,0.9923076923076923,991
1,ptn1,rabvs_budgeted_random_parts,7380,130,0.017615176151761516,2560,102,0.6488970588235294,0.01127879352523398,0.004490667274626863,56.769230769230774,56.769230769230774,2816,0.9523035230352304,41.19318181818181,0.6259971857070923,0.838,0.10903083700440529,0.13008130081300814,0.21951219512195122,0.08943089430894308,97,0.7461538461538462,100,116,0.8923076923076924,483,116,0.8923076923076924,982
2,ptn1,greedy_surrogate,7380,130,0.017615176151761516,2560,130,0.8634615384615385,0.007787565293990234,0.002960480022814242,56.769230769230774,56.769230769230774,59040,0.0,2.2018970189701896,0.640239417552948,0.43799999999999994,0.13365155131264916,0.07859078590785908,0.27371273712737126,0.1951219512195122,99,0.7615384615384615,100,130,1.0,445,130,1.0,834
2,ptn1,boba_ucb,7380,130,0.017615176151761516,2560,122,0.8181352459016393,0.008099069173209327,0.0033925753458256378,56.769230769230774,56.769230769230774,2816,0.9523035230352304,46.16477272727273,0.6365169286727905,0.477,0.13477737665463296,0.06233062330623306,0.2899728997289973,0.22764227642276424,99,0.7615384615384615,100,129,0.9923076923076923,459,130,1.0,841
2,ptn1,rabvs_budgeted_reliable,7380,130,0.017615176151761516,2560,122,0.8181352459016393,0.008099069173209327,0.0033925753458256378,56.769230769230774,56.769230769230774,2816,0.9523035230352304,44.74431818181819,0.6227286458015442,0.87,0.1210762331838565,0.06233062330623306,0.2899728997289973,0.22764227642276424,100,0.7692307692307693,100,126,0.9692307692307692,488,126,0.9692307692307692,987
2,ptn1,rabvs_budgeted_no_ucb,7380,130,0.017615176151761516,2560,130,0.8668269230769231,0.008118274110685978,0.0028865258574113112,56.769230769230774,56.769230769230774,2816,0.9523035230352304,46.16477272727273,0.6217541098594666,0.855,0.12294182217343579,0.06775067750677506,0.2845528455284553,0.21680216802168023,100,0.7692307692307693,100,130,1.0,495,130,1.0,994
2,ptn1,rabvs_budgeted_random_parts,7380,130,0.017615176151761516,2560,85,0.5735294117647058,0.007008485672272309,0.004381328457403361,56.769230769230774,56.769230769230774,2816,0.9523035230352304,44.74431818181819,0.625759482383728,0.868,0.11960132890365449,0.16531165311653118,0.18699186991869918,0.021680216802168,97,0.7461538461538462,100,126,0.9692307692307692,490,126,0.9692307692307692,990
0,pur2,greedy_surrogate,2750,50,0.01818181818181818,2560,50,0.875,0.0006033478606709271,3.054363987838381e-06,55.0,55.0,22000,0.0,2.2727272727272725,0.6713718175888062,0.374,0.037996545768566495,0.014492753623188406,0.35036496350364965,0.33587220988046124,50,1.0,79,50,1.0,379,50,1.0,676
0,pur2,boba_ucb,2750,50,0.01818181818181818,2560,50,0.875,0.0006295073257867895,3.2041649123045905e-06,55.0,55.0,2670,0.8786363636363637,18.726591760299627,0.672846257686615,0.372,0.03773584905660377,0.014492753623188406,0.35036496350364965,0.33587220988046124,50,1.0,79,50,1.0,373,50,1.0,671
0,pur2,rabvs_budgeted_reliable,2750,50,0.01818181818181818,2560,50,0.875,0.0006295073257867895,3.2041649123045905e-06,55.0,55.0,2670,0.8786363636363637,18.726591760299627,0.6621444225311279,0.583,0.03353658536585366,0.014492753623188406,0.35036496350364965,0.33587220988046124,50,1.0,84,50,1.0,381,50,1.0,783
0,pur2,rabvs_budgeted_no_ucb,2750,50,0.01818181818181818,2560,50,0.875,0.0006648382254452769,3.039736946602863e-06,55.0,55.0,2670,0.8786363636363637,18.726591760299627,0.6571423411369324,0.562,0.03206997084548105,0.014492753623188406,0.35036496350364965,0.33587220988046124,50,1.0,84,50,1.0,381,50,1.0,808
0,pur2,rabvs_budgeted_random_parts,2750,50,0.01818181818181818,2560,50,0.575,0.0006563724016788772,3.16478817114228e-06,55.0,55.0,2670,0.8786363636363637,18.726591760299627,0.6618620157241821,0.5780000000000001,0.03421461897356143,0.014492753623188406,0.34782608695652173,0.3333333333333333,50,1.0,84,50,1.0,383,50,1.0,775
1,pur2,greedy_surrogate,2750,50,0.01818181818181818,2560,50,0.875,0.0006043425924998206,6.814822502009619e-06,55.0,55.0,22000,0.0,2.2727272727272725,0.6726675629615784,0.373,0.03728813559322034,0.014492753623188406,0.35036496350364965,0.33587220988046124,50,1.0,79,50,1.0,378,50,1.0,674
1,pur2,boba_ucb,2750,50,0.01818181818181818,2560,50,0.875,0.0006188144818480506,7.250047271758189e-06,55.0,55.0,2670,0.8786363636363637,18.726591760299627,0.6726469397544861,0.376,0.03735144312393888,0.014388489208633094,0.34782608695652173,0.3334375977478886,50,1.0,79,50,1.0,377,50,1.0,671
1,pur2,rabvs_budgeted_reliable,2750,50,0.01818181818181818,2560,50,0.875,0.0006188144818480506,7.250047271758189e-06,55.0,55.0,2670,0.8786363636363637,18.726591760299627,0.6642304062843323,0.577,0.03308270676691729,0.014388489208633094,0.34782608695652173,0.3334375977478886,50,1.0,84,50,1.0,386,50,1.0,781
1,pur2,rabvs_budgeted_no_ucb,2750,50,0.01818181818181818,2560,50,0.875,0.0006769361306589038,6.43142378550755e-06,55.0,55.0,2670,0.8786363636363637,18.726591760299627,0.6554591059684753,0.5640000000000001,0.03188405797101449,0.007142857142857143,0.35251798561151076,0.34537512846865365,50,1.0,84,50,1.0,383,50,1.0,804
1,pur2,rabvs_budgeted_random_parts,2750,50,0.01818181818181818,2560,50,0.7075,0.0006256423270560558,6.471377840707641e-06,55.0,55.0,2670,0.8786363636363637,18.726591760299627,0.6603344082832336,0.5900000000000001,0.03268945022288262,0.007246376811594203,0.35766423357664234,0.35041785676504816,50,1.0,84,50,1.0,389,50,1.0,780
2,pur2,greedy_surrogate,2750,50,0.01818181818181818,2560,50,0.875,0.0006069516004505558,1.945163304922468e-06,55.0,55.0,22000,0.0,2.2727272727272725,0.6717020869255066,0.378,0.04631217838765009,0.014492753623188406,0.35036496350364965,0.33587220988046124,50,1.0,79,50,1.0,377,50,1.0,672
2,pur2,boba_ucb,2750,50,0.01818181818181818,2560,50,0.875,0.0006226213378977333,2.033291072211159e-06,55.0,55.0,2670,0.8786363636363637,18.726591760299627,0.6727447509765625,0.379,0.04647160068846816,0.014492753623188406,0.34782608695652173,0.3333333333333333,50,1.0,79,50,1.0,371,50,1.0,668
2,pur2,rabvs_budgeted_reliable,2750,50,0.01818181818181818,2560,50,0.875,0.0006226213378977333,2.033291072211159e-06,55.0,55.0,2670,0.8786363636363637,18.726591760299627,0.6665672659873962,0.6,0.04326923076923077,0.014492753623188406,0.34782608695652173,0.3333333333333333,50,1.0,84,50,1.0,378,50,1.0,749
2,pur2,rabvs_budgeted_no_ucb,2750,50,0.01818181818181818,2560,50,0.875,0.0007301251357654893,2.3178308031617482e-06,55.0,55.0,2670,0.8786363636363637,18.726591760299627,0.6528097987174988,0.554,0.03890489913544669,0.007246376811594203,0.35766423357664234,0.35041785676504816,50,1.0,84,50,1.0,387,50,1.0,824
2,pur2,rabvs_budgeted_random_parts,2750,50,0.01818181818181818,2560,50,0.86,0.0006611557440755673,2.1805370615763727e-06,55.0,55.0,2670,0.8786363636363637,18.726591760299627,0.6602427363395691,0.5900000000000001,0.04029850746268657,0.014492753623188406,0.35036496350364965,0.33587220988046124,50,1.0,84,50,1.0,384,50,1.0,774
0,pygm,greedy_surrogate,4027,77,0.019120933697541594,2560,77,0.8733766233766234,0.005227316130188425,0.0005411272296440863,52.2987012987013,52.2987012987013,32216,0.0,2.3901167121926994,0.6677366495132446,0.575,0.03418803418803419,0.024752475247524754,0.3582089552238806,0.3334564799763558,77,1.0,52,77,1.0,395,77,1.0,757
0,pygm,boba_ucb,4027,77,0.019120933697541594,2560,77,0.8425324675324676,0.0063931506040916675,0.0007630465735628817,52.2987012987013,52.2987012987013,2721,0.9155388626769307,28.298419698640206,0.667750358581543,0.575,0.03409090909090909,0.024752475247524754,0.3582089552238806,0.3334564799763558,77,1.0,52,77,1.0,385,77,1.0,764
0,pygm,rabvs_budgeted_reliable,4027,77,0.019120933697541594,2560,77,0.8425324675324676,0.0063931506040916675,0.0007630465735628817,52.2987012987013,52.2987012987013,2721,0.9155388626769307,28.298419698640206,0.6471866965293884,0.947,0.03076923076923077,0.024752475247524754,0.3582089552238806,0.3334564799763558,77,1.0,52,77,1.0,448,77,1.0,905
0,pygm,rabvs_budgeted_no_ucb,4027,77,0.019120933697541594,2560,77,0.8733766233766234,0.005256092895559418,0.0006158952530432081,52.2987012987013,52.2987012987013,2721,0.9155388626769307,28.298419698640206,0.6455383896827698,0.976,0.02952029520295203,0.0297029702970297,0.35323383084577115,0.3235308605487415,77,1.0,52,77,1.0,452,77,1.0,952
0,pygm,rabvs_budgeted_random_parts,4027,77,0.019120933697541594,2560,74,0.7660472972972973,0.005371776506634648,0.0006013397639754786,52.2987012987013,52.2987012987013,2721,0.9155388626769307,27.930907754502023,0.6506537795066833,0.951,0.02918781725888325,0.034653465346534656,0.3482587064676617,0.3136052411211271,76,0.987012987012987,52,76,0.987012987012987,450,76,0.987012987012987,916
1,pygm,greedy_surrogate,4027,77,0.019120933697541594,2560,77,0.8660714285714286,0.005756051644776871,0.0007163581992453318,52.2987012987013,52.2987012987013,32216,0.0,2.3901167121926994,0.6654052138328552,0.5860000000000001,0.03899721448467967,0.034653465346534656,0.3482587064676617,0.3136052411211271,77,1.0,52,77,1.0,394,77,1.0,776
1,pygm,boba_ucb,4027,77,0.019120933697541594,2560,72,0.8663194444444444,0.0016565224907004199,0.0014591248097227886,52.2987012987013,52.2987012987013,2721,0.9155388626769307,27.563395810363836,0.6424567103385925,0.556,0.036931818181818184,0.024752475247524754,0.34328358208955223,0.31853110684202746,72,0.935064935064935,51,75,0.974025974025974,400,75,0.974025974025974,775
1,pygm,rabvs_budgeted_reliable,4027,77,0.019120933697541594,2560,72,0.8663194444444444,0.0016565224907004199,0.0014591248097227886,52.2987012987013,52.2987012987013,2721,0.9155388626769307,27.19588386622565,0.6465553045272827,0.974,0.03259452411994785,0.024752475247524754,0.34328358208955223,0.31853110684202746,72,0.935064935064935,52,73,0.948051948051948,452,74,0.961038961038961,897
1,pygm,rabvs_budgeted_no_ucb,4027,77,0.019120933697541594,2560,77,0.859577922077922,0.005664140859283256,0.000777246115706828,52.2987012987013,52.2987012987013,2721,0.9155388626769307,28.298419698640206,0.6452183723449707,0.975,0.034482758620689655,0.034653465346534656,0.3482587064676617,0.3136052411211271,77,1.0,52,77,1.0,450,77,1.0,950
1,pygm,rabvs_budgeted_random_parts,4027,77,0.019120933697541594,2560,77,0.6534090909090909,0.005417838793789552,0.0010970408662560347,52.2987012987013,52.2987012987013,2721,0.9155388626769307,28.298419698640206,0.6602611541748047,0.948,0.03723404255319149,0.039603960396039604,0.34328358208955223,0.30367962169351265,77,1.0,52,77,1.0,449,77,1.0,890
2,pygm,greedy_surrogate,4027,77,0.019120933697541594,2560,77,0.872564935064935,0.005732811423936649,0.0006793516043070272,52.2987012987013,52.2987012987013,32216,0.0,2.3901167121926994,0.6694099307060242,0.565,0.03142857142857143,0.034653465346534656,0.3482587064676617,0.3136052411211271,77,1.0,52,77,1.0,393,77,1.0,765
2,pygm,boba_ucb,4027,77,0.019120933697541594,2560,75,0.8741666666666666,0.004203680947696777,0.0009543260573698416,52.2987012987013,52.2987012987013,2721,0.9155388626769307,28.298419698640206,0.6578274965286255,0.5680000000000001,0.030942334739803096,0.039603960396039604,0.34328358208955223,0.30367962169351265,76,0.987012987012987,51,77,1.0,401,77,1.0,786
2,pygm,rabvs_budgeted_reliable,4027,77,0.019120933697541594,2560,75,0.8741666666666666,0.004203680947696777,0.0009543260573698416,52.2987012987013,52.2987012987013,2721,0.9155388626769307,28.298419698640206,0.6474153995513916,0.964,0.02860858257477243,0.039603960396039604,0.34328358208955223,0.30367962169351265,75,0.974025974025974,51,77,1.0,451,77,1.0,897
2,pygm,rabvs_budgeted_no_ucb,4027,77,0.019120933697541594,2560,77,0.8733766233766234,0.005631238003775432,0.0006374143531767942,52.2987012987013,52.2987012987013,2721,0.9155388626769307,28.298419698640206,0.646694540977478,0.974,0.02746566791510612,0.034653465346534656,0.3482587064676617,0.3136052411211271,77,1.0,52,77,1.0,452,77,1.0,952
2,pygm,rabvs_budgeted_random_parts,4027,77,0.019120933697541594,2560,65,0.65,0.0067603223319927085,0.0008619953732266279,52.2987012987013,52.2987012987013,2721,0.9155388626769307,26.460859977949283,0.6520248651504517,0.945,0.027918781725888325,0.11386138613861387,0.26865671641791045,0.1547953302792966,72,0.935064935064935,57,72,0.935064935064935,452,72,0.935064935064935,929
0,pyrd,greedy_surrogate,6561,111,0.016918152720621856,2560,111,0.8733108108108109,0.00272323054200705,0.00038635795788872677,59.10810810810811,59.10810810810811,52488,0.0,2.114769090077732,0.6274428367614746,0.5640000000000001,0.10512820512820513,0.04559270516717325,0.2926829268292683,0.24709022166209502,100,0.9009009009009009,61,111,1.0,405,111,1.0,782
0,pyrd,boba_ucb,6561,111,0.016918152720621856,2560,110,0.8579545454545454,0.00334279817647624,0.0004679494584166282,59.10810810810811,59.10810810810811,2816,0.9463496418228928,39.41761363636364,0.6313232183456421,0.5660000000000001,0.10635538261997406,0.0364741641337386,0.3018292682926829,0.2653551041589443,100,0.9009009009009009,61,111,1.0,399,111,1.0,762
0,pyrd,rabvs_budgeted_reliable,6561,111,0.016918152720621856,2560,110,0.8579545454545454,0.00334279817647624,0.0004679494584166282,59.10810810810811,59.10810810810811,2816,0.9463496418228928,39.41761363636364,0.6256994009017944,0.958,0.09141583054626533,0.0364741641337386,0.3018292682926829,0.2653551041589443,100,0.9009009009009009,64,111,1.0,459,111,1.0,959
0,pyrd,rabvs_budgeted_no_ucb,6561,111,0.016918152720621856,2560,111,0.8744369369369369,0.002909524472331703,0.00040833363046013444,59.10810810810811,59.10810810810811,2816,0.9463496418228928,39.41761363636364,0.6198662519454956,0.959,0.09010989010989011,0.0425531914893617,0.29573170731707316,0.25317851582771145,100,0.9009009009009009,63,111,1.0,459,111,1.0,959
0,pyrd,rabvs_budgeted_random_parts,6561,111,0.016918152720621856,2560,83,0.2688253012048193,0.004122304084179391,0.0009890105926681162,59.10810810810811,59.10810810810811,2816,0.9463496418228928,30.184659090909093,0.6284357309341431,0.969,0.0645879732739421,0.1580547112462006,0.1798780487804878,0.021823337534287196,85,0.7657657657657657,74,85,0.7657657657657657,474,85,0.7657657657657657,974
1,pyrd,greedy_surrogate,6561,111,0.016918152720621856,2560,111,0.8744369369369369,0.0032572816832821365,0.0003968114464185195,59.10810810810811,59.10810810810811,52488,0.0,2.114769090077732,0.629467785358429,0.5640000000000001,0.10384615384615385,0.04559270516717325,0.2926829268292683,0.24709022166209502,100,0.9009009009009009,63,111,1.0,399,111,1.0,776
1,pyrd,boba_ucb,6561,111,0.016918152720621856,2560,111,0.8631756756756757,0.0044387290474796615,0.0005605003734416616,59.10810810810811,59.10810810810811,2816,0.9463496418228928,39.41761363636364,0.6283703446388245,0.5609999999999999,0.10344827586206896,0.03343465045592705,0.3048780487804878,0.27144339832456077,100,0.9009009009009009,62,111,1.0,402,111,1.0,773
1,pyrd,rabvs_budgeted_reliable,6561,111,0.016918152720621856,2560,111,0.8631756756756757,0.0044387290474796615,0.0005605003734416616,59.10810810810811,59.10810810810811,2816,0.9463496418228928,39.41761363636364,0.6284813284873962,0.956,0.09152542372881356,0.03343465045592705,0.3048780487804878,0.27144339832456077,100,0.9009009009009009,65,111,1.0,458,111,1.0,958
1,pyrd,rabvs_budgeted_no_ucb,6561,111,0.016918152720621856,2560,111,0.875,0.0036069248785958446,0.00047544224726353676,59.10810810810811,59.10810810810811,2816,0.9463496418228928,39.41761363636364,0.6213134527206421,0.956,0.08960176991150443,0.03951367781155015,0.29878048780487804,0.2592668099933279,100,0.9009009009009009,65,111,1.0,458,111,1.0,958
1,pyrd,rabvs_budgeted_random_parts,6561,111,0.016918152720621856,2560,63,0.5426587301587301,0.003446428715986214,0.0013995078927542149,59.10810810810811,59.10810810810811,2816,0.9463496418228928,33.02556818181819,0.6219906806945801,0.968,0.07062780269058296,0.11550151975683891,0.2225609756097561,0.10705945585291719,93,0.8378378378378378,66,93,0.8378378378378378,466,93,0.8378378378378378,966
2,pyrd,greedy_surrogate,6561,111,0.016918152720621856,2560,111,0.8727477477477478,0.003183918862526491,0.0004485884197512731,59.10810810810811,59.10810810810811,52488,0.0,2.114769090077732,0.6267420649528503,0.5660000000000001,0.0992063492063492,0.03951367781155015,0.29878048780487804,0.2592668099933279,100,0.9009009009009009,61,111,1.0,404,111,1.0,781
2,pyrd,boba_ucb,6561,111,0.016918152720621856,2560,109,0.8388761467889908,0.0027447407408916144,0.0005847866573579886,59.10810810810811,59.10810810810811,2816,0.9463496418228928,39.41761363636364,0.6380492448806763,0.573,0.09894459102902374,0.03343465045592705,0.3048780487804878,0.27144339832456077,100,0.9009009009009009,61,111,1.0,397,111,1.0,763
2,pyrd,rabvs_budgeted_reliable,6561,111,0.016918152720621856,2560,109,0.8388761467889908,0.0027447407408916144,0.0005847866573579886,59.10810810810811,59.10810810810811,2816,0.9463496418228928,39.0625,0.6270651817321777,0.964,0.08522727272727272,0.03343465045592705,0.3048780487804878,0.27144339832456077,100,0.9009009009009009,64,110,0.990990990990991,459,110,0.990990990990991,959
2,pyrd,rabvs_budgeted_no_ucb,6561,111,0.016918152720621856,2560,111,0.8727477477477478,0.003690092561993978,0.0004995926753741404,59.10810810810811,59.10810810810811,2816,0.9463496418228928,39.41761363636364,0.6211490035057068,0.956,0.0843644544431946,0.03343465045592705,0.3048780487804878,0.27144339832456077,100,0.9009009009009009,65,111,1.0,458,111,1.0,958
2,pyrd,rabvs_budgeted_random_parts,6561,111,0.016918152720621856,2560,46,0.40896739130434784,0.0030422174697670745,0.002406554607781092,59.10810810810811,59.10810810810811,2816,0.9463496418228928,30.539772727272727,0.6275062561035156,0.968,0.05636978579481398,0.2066869300911854,0.1276595744680851,-0.07902735562310031,86,0.7747747747747747,68,86,0.7747747747747747,468,86,0.7747747747747747,968
0,reni,greedy_surrogate,7062,104,0.014726706315491363,2560,104,0.8725961538461539,0.004005995696622122,0.00053472377827441,67.90384615384615,67.90384615384615,56496,0.0,1.8408382894364204,0.6186537146568298,0.43300000000000005,0.10191846522781775,0.04519774011299435,0.24858757062146894,0.2033898305084746,100,0.9615384615384616,100,104,1.0,434,104,1.0,825
0,reni,boba_ucb,7062,104,0.014726706315491363,2560,104,0.8311298076923077,0.004264259686680701,0.0008574082696715308,67.90384615384615,67.90384615384615,2816,0.9501557632398754,36.93181818181819,0.6135393977165222,0.42500000000000004,0.10011778563015312,0.025423728813559324,0.26912181303116145,0.24369808421760214,100,0.9615384615384616,100,104,1.0,442,104,1.0,839
0,reni,rabvs_budgeted_reliable,7062,104,0.014726706315491363,2560,104,0.8311298076923077,0.004264259686680701,0.0008574082696715308,67.90384615384615,67.90384615384615,2816,0.9501557632398754,36.57670454545455,0.6214002966880798,0.876,0.09364548494983277,0.025423728813559324,0.26912181303116145,0.24369808421760214,100,0.9615384615384616,100,103,0.9903846153846154,491,103,0.9903846153846154,983
0,reni,rabvs_budgeted_no_ucb,7062,104,0.014726706315491363,2560,104,0.8707932692307693,0.00466034159924688,0.0006032055726574338,67.90384615384615,67.90384615384615,2816,0.9501557632398754,36.93181818181819,0.612946093082428,0.899,0.09259259259259259,0.03672316384180791,0.2577903682719547,0.22106720443014677,100,0.9615384615384616,100,104,1.0,493,104,1.0,993
0,reni,rabvs_budgeted_random_parts,7062,104,0.014726706315491363,2560,45,0.6138888888888889,0.004655897969155034,0.0010000077306840578,67.90384615384615,67.90384615384615,2816,0.9501557632398754,31.60511363636364,0.6185755729675293,0.927,0.07742639040348964,0.12994350282485875,0.1643059490084986,0.034362446183639844,88,0.8461538461538461,97,89,0.8557692307692307,494,89,0.8557692307692307,993
1,reni,greedy_surrogate,7062,104,0.014726706315491363,2560,104,0.8611778846153846,0.004839794224495433,0.0007843400112614712,67.90384615384615,67.90384615384615,56496,0.0,1.8408382894364204,0.6214728355407715,0.43799999999999994,0.10199296600234467,0.05367231638418079,0.24079320113314448,0.18712088474896368,100,0.9615384615384616,100,104,1.0,433,104,1.0,819
1,reni,boba_ucb,7062,104,0.014726706315491363,2560,102,0.8700980392156863,0.005211617123273231,0.000907145374335923,67.90384615384615,67.90384615384615,2816,0.9501557632398754,36.93181818181819,0.6133130192756653,0.42100000000000004,0.10116279069767442,0.031073446327683617,0.26345609065155806,0.23238264432387445,100,0.9615384615384616,100,104,1.0,437,104,1.0,844
1,reni,rabvs_budgeted_reliable,7062,104,0.014726706315491363,2560,102,0.8700980392156863,0.005211617123273231,0.000907145374335923,67.90384615384615,67.90384615384615,2816,0.9501557632398754,36.93181818181819,0.6231144070625305,0.87,0.09731543624161074,0.031073446327683617,0.26345609065155806,0.23238264432387445,100,0.9615384615384616,100,104,1.0,493,104,1.0,980
1,reni,rabvs_budgeted_no_ucb,7062,104,0.014726706315491363,2560,104,0.8659855769230769,0.005355762754545738,0.0008517339920992646,67.90384615384615,67.90384615384615,2816,0.9501557632398754,36.93181818181819,0.6163520216941833,0.895,0.09529025191675794,0.0423728813559322,0.2521246458923513,0.20975176453641908,100,0.9615384615384616,100,104,1.0,490,104,1.0,990
1,reni,rabvs_budgeted_random_parts,7062,104,0.014726706315491363,2560,59,0.6875,0.005251362890670636,0.001683915284225289,67.90384615384615,67.90384615384615,2816,0.9501557632398754,36.93181818181819,0.6188409924507141,0.899,0.09602649006622517,0.07344632768361582,0.21246458923512748,0.13901826155151165,98,0.9423076923076923,100,103,0.9903846153846154,494,104,1.0,994
2,reni,greedy_surrogate,7062,104,0.014726706315491363,2560,104,0.875,0.0038388967222493325,0.0005621472465287983,67.90384615384615,67.90384615384615,56496,0.0,1.8408382894364204,0.6190205216407776,0.42200000000000004,0.10408921933085502,0.05367231638418079,0.24079320113314448,0.18712088474896368,100,0.9615384615384616,100,104,1.0,429,104,1.0,808
2,reni,boba_ucb,7062,104,0.014726706315491363,2560,104,0.8623798076923077,0.006393015459263057,0.0008856121397750319,67.90384615384615,67.90384615384615,2816,0.9501557632398754,36.93181818181819,0.6183866262435913,0.43899999999999995,0.1033210332103321,0.02824858757062147,0.26628895184135976,0.2380403642707383,99,0.9519230769230769,100,104,1.0,429,104,1.0,814
2,reni,rabvs_budgeted_reliable,7062,104,0.014726706315491363,2560,104,0.8623798076923077,0.006393015459263057,0.0008856121397750319,67.90384615384615,67.90384615384615,2816,0.9501557632398754,36.93181818181819,0.6220816373825073,0.85,0.09480812641083522,0.02824858757062147,0.26628895184135976,0.2380403642707383,99,0.9519230769230769,100,104,1.0,491,104,1.0,966
2,reni,rabvs_budgeted_no_ucb,7062,104,0.014726706315491363,2560,104,0.875,0.004478839868120115,0.0005078226050978474,67.90384615384615,67.90384615384615,2816,0.9501557632398754,36.93181818181819,0.6149095892906189,0.904,0.09281767955801105,0.05367231638418079,0.24079320113314448,0.18712088474896368,100,0.9615384615384616,100,104,1.0,496,104,1.0,996
2,reni,rabvs_budgeted_random_parts,7062,104,0.014726706315491363,2560,102,0.4736519607843137,0.005596249568520673,0.0013972967150046413,67.90384615384615,67.90384615384615,2816,0.9501557632398754,36.57670454545455,0.6198099851608276,0.897,0.09273743016759776,0.0847457627118644,0.2096317280453258,0.12488596533346139,98,0.9423076923076923,99,103,0.9903846153846154,495,103,0.9903846153846154,993
0,rock1,greedy_surrogate,6400,100,0.015625,2560,99,0.8718434343434344,0.007653726906696652,0.002697890557871183,64.0,64.0,51200,0.0,1.93359375,0.6427134275436401,0.683,0.09540229885057472,0.065625,0.24375,0.17812499999999998,93,0.93,100,99,0.99,469,99,0.99,900
0,rock1,boba_ucb,6400,100,0.015625,2560,99,0.8352272727272727,0.00918377324314803,0.002884841524046033,64.0,64.0,2816,0.945,35.15625,0.6439447402954102,0.6759999999999999,0.09651162790697675,0.05625,0.253125,0.196875,93,0.93,100,99,0.99,469,99,0.99,882
0,rock1,rabvs_budgeted_reliable,6400,100,0.015625,2560,99,0.8352272727272727,0.00918377324314803,0.002884841524046033,64.0,64.0,2816,0.945,35.15625,0.6442895531654358,0.943,0.09171270718232044,0.05625,0.253125,0.196875,95,0.95,100,99,0.99,490,99,0.99,989
0,rock1,rabvs_budgeted_no_ucb,6400,100,0.015625,2560,99,0.8705808080808081,0.008341590093601022,0.002641986625077177,64.0,64.0,2816,0.945,35.15625,0.6425116658210754,0.944,0.09100877192982457,0.065625,0.24375,0.17812499999999998,95,0.95,100,99,0.99,491,99,0.99,991
0,rock1,rabvs_budgeted_random_parts,6400,100,0.015625,2560,57,0.7894736842105263,0.009458067437707164,0.003560022681613455,64.0,62.0,2816,0.945,26.278409090909093,0.645978569984436,0.95,0.06415929203539823,0.178125,0.13125,-0.046875,73,0.73,99,74,0.74,491,74,0.74,991
1,rock1,greedy_surrogate,6400,100,0.015625,2560,99,0.8699494949494949,0.006297481487743032,0.0019337368007629392,64.0,64.0,51200,0.0,1.93359375,0.6448791027069092,0.667,0.09507445589919816,0.078125,0.23125,0.153125,94,0.94,100,99,0.99,473,99,0.99,894
1,rock1,boba_ucb,6400,100,0.015625,2560,98,0.8424744897959183,0.006805339612074474,0.0022963257055112923,64.0,64.0,2816,0.945,35.15625,0.6441129446029663,0.6799999999999999,0.09573241061130335,0.071875,0.2375,0.165625,92,0.92,100,99,0.99,465,99,0.99,901
1,rock1,rabvs_budgeted_reliable,6400,100,0.015625,2560,98,0.8424744897959183,0.006805339612074474,0.0022963257055112923,64.0,64.0,2816,0.945,34.44602272727273,0.6485243439674377,0.954,0.09,0.071875,0.2375,0.165625,92,0.92,100,97,0.97,491,97,0.97,990
1,rock1,rabvs_budgeted_no_ucb,6400,100,0.015625,2560,100,0.859375,0.009590832922866914,0.0028608353884166894,64.0,64.0,2816,0.945,35.51136363636364,0.6396759152412415,0.938,0.09333333333333334,0.0625,0.25,0.1875,93,0.93,100,100,1.0,487,100,1.0,986
1,rock1,rabvs_budgeted_random_parts,6400,100,0.015625,2560,70,0.6928571428571428,0.008923962423222718,0.0036281213811369573,64.0,64.0,2816,0.945,32.315340909090914,0.6425244808197021,0.947,0.08370535714285714,0.109375,0.2,0.09062500000000001,86,0.86,100,91,0.91,491,91,0.91,991
2,rock1,greedy_surrogate,6400,100,0.015625,2560,99,0.8718434343434344,0.007281913440202398,0.0022829678632898228,64.0,64.0,51200,0.0,1.93359375,0.6412946581840515,0.635,0.09822485207100591,0.065625,0.24375,0.17812499999999998,96,0.96,100,99,0.99,465,99,0.99,881
2,rock1,boba_ucb,6400,100,0.015625,2560,98,0.8227040816326531,0.009716410788407768,0.0030119996117898497,64.0,64.0,2816,0.945,35.15625,0.6399123072624207,0.659,0.09810874704491726,0.04984423676012461,0.259375,0.2095307632398754,94,0.94,100,99,0.99,462,99,0.99,888
2,rock1,rabvs_budgeted_reliable,6400,100,0.015625,2560,98,0.8227040816326531,0.009716410788407768,0.0030119996117898497,64.0,64.0,2816,0.945,35.15625,0.6412410140037537,0.94,0.09378531073446328,0.04984423676012461,0.259375,0.2095307632398754,94,0.94,100,99,0.99,489,99,0.99,989
2,rock1,rabvs_budgeted_no_ucb,6400,100,0.015625,2560,99,0.8630050505050505,0.007765377171668079,0.0025794666776872434,64.0,64.0,2816,0.945,35.15625,0.6438062191009521,0.944,0.0931537598204265,0.0625,0.246875,0.184375,95,0.95,100,99,0.99,489,99,0.99,989
2,rock1,rabvs_budgeted_random_parts,6400,100,0.015625,2560,96,0.7115885416666666,0.011642200333894038,0.0042789093648891415,64.0,64.0,2816,0.945,34.80113636363636,0.6428237557411194,0.9359999999999999,0.09307604994324631,0.046875,0.2625,0.215625,94,0.94,100,98,0.98,490,98,0.98,989
0,rxra,greedy_surrogate,7081,131,0.018500211834486656,2560,131,0.8745229007633588,0.0024524999528211565,0.00019668261470789756,54.05343511450381,54.05343511450381,56648,0.0,2.312526479310832,0.6506203413009644,0.41000000000000003,0.13885180240320427,0.028169014084507043,0.3418079096045198,0.31363889552001273,100,0.7633587786259542,71,131,1.0,388,131,1.0,724
0,rxra,boba_ucb,7081,131,0.018500211834486656,2560,131,0.8687977099236641,0.0038526669443342764,0.0003684121247030583,54.05343511450381,54.05343511450381,2816,0.9502895071317611,46.51988636363636,0.6417397856712341,0.45499999999999996,0.13419354838709677,0.01971830985915493,0.3502824858757062,0.3305641760165513,100,0.7633587786259542,70,131,1.0,403,131,1.0,745
0,rxra,rabvs_budgeted_reliable,7081,131,0.018500211834486656,2560,131,0.8687977099236641,0.0038526669443342764,0.0003684121247030583,54.05343511450381,54.05343511450381,2816,0.9502895071317611,46.51988636363636,0.6244108080863953,0.882,0.11899313501144165,0.01971830985915493,0.3502824858757062,0.3305641760165513,100,0.7633587786259542,77,131,1.0,459,131,1.0,923
0,rxra,rabvs_budgeted_no_ucb,7081,131,0.018500211834486656,2560,131,0.8745229007633588,0.0031568421703090347,0.00027290248919971226,54.05343511450381,54.05343511450381,2816,0.9502895071317611,46.51988636363636,0.6182534694671631,0.91,0.11441144114411442,0.022535211267605635,0.3474576271186441,0.3249224158510384,100,0.7633587786259542,78,131,1.0,458,131,1.0,958
0,rxra,rabvs_budgeted_random_parts,7081,131,0.018500211834486656,2560,107,0.4976635514018692,0.003116435526286766,0.0003785489481793384,54.05343511450381,54.05343511450381,2816,0.9502895071317611,46.51988636363636,0.6246055960655212,0.897,0.116331096196868,0.0676056338028169,0.3022598870056497,0.2346542532028328,100,0.7633587786259542,76,130,0.9923664122137404,460,131,1.0,943
1,rxra,greedy_surrogate,7081,131,0.018500211834486656,2560,131,0.8659351145038168,0.0022151094001388624,0.00021451408165860846,54.05343511450381,54.05343511450381,56648,0.0,2.312526479310832,0.6528975963592529,0.41500000000000004,0.13248407643312102,0.05070422535211268,0.3192090395480226,0.26850481419590994,100,0.7633587786259542,69,131,1.0,382,131,1.0,710
1,rxra,boba_ucb,7081,131,0.018500211834486656,2560,126,0.8616071428571429,0.0016988887655212154,0.0009369121190754193,54.05343511450381,54.05343511450381,2816,0.9502895071317611,46.51988636363636,0.6517504453659058,0.40900000000000003,0.13384813384813385,0.03380281690140845,0.3361581920903955,0.30235537518898703,100,0.7633587786259542,72,130,0.9923664122137404,380,131,1.0,715
1,rxra,rabvs_budgeted_reliable,7081,131,0.018500211834486656,2560,126,0.8616071428571429,0.0016988887655212154,0.0009369121190754193,54.05343511450381,54.05343511450381,2816,0.9502895071317611,44.74431818181819,0.6323999762535095,0.904,0.11498257839721254,0.03380281690140845,0.3361581920903955,0.30235537518898703,100,0.7633587786259542,75,125,0.9541984732824428,461,126,0.9618320610687023,912
1,rxra,rabvs_budgeted_no_ucb,7081,131,0.018500211834486656,2560,131,0.8721374045801527,0.0027513339321731086,0.00022319640171660515,54.05343511450381,54.05343511450381,2816,0.9502895071317611,46.51988636363636,0.6187567114830017,0.913,0.11542730299667037,0.030985915492957747,0.3389830508474576,0.30799713535449985,100,0.7633587786259542,78,131,1.0,459,131,1.0,959
1,rxra,rabvs_budgeted_random_parts,7081,131,0.018500211834486656,2560,115,0.7565217391304347,0.003919297601077148,0.0005734296072960808,54.05343511450381,54.05343511450381,2816,0.9502895071317611,46.51988636363636,0.6237518787384033,0.897,0.11791383219954649,0.04507042253521127,0.3248587570621469,0.27978833452693563,100,0.7633587786259542,75,131,1.0,460,131,1.0,951
2,rxra,greedy_surrogate,7081,131,0.018500211834486656,2560,131,0.8659351145038168,0.0022712728305166576,0.00019369935805969984,54.05343511450381,54.05343511450381,56648,0.0,2.312526479310832,0.6541343331336975,0.41300000000000003,0.1407103825136612,0.061971830985915494,0.307909604519774,0.2459377735338585,100,0.7633587786259542,70,131,1.0,383,131,1.0,714
2,rxra,boba_ucb,7081,131,0.018500211834486656,2560,130,0.8451923076923077,0.003862665576144665,0.0004640133033827278,54.05343511450381,54.05343511450381,2816,0.9502895071317611,46.51988636363636,0.6447155475616455,0.41000000000000003,0.13733333333333334,0.016901408450704224,0.3531073446327684,0.3362059361820642,100,0.7633587786259542,70,131,1.0,389,131,1.0,731
2,rxra,rabvs_budgeted_reliable,7081,131,0.018500211834486656,2560,130,0.8451923076923077,0.003862665576144665,0.0004640133033827278,54.05343511450381,54.05343511450381,2816,0.9502895071317611,46.51988636363636,0.6305485963821411,0.888,0.11866359447004608,0.016901408450704224,0.3531073446327684,0.3362059361820642,100,0.7633587786259542,78,131,1.0,458,131,1.0,909
2,rxra,rabvs_budgeted_no_ucb,7081,131,0.018500211834486656,2560,131,0.8721374045801527,0.002640883926781815,0.0001990861522030072,54.05343511450381,54.05343511450381,2816,0.9502895071317611,46.51988636363636,0.6186472773551941,0.916,0.11306256860592755,0.03910614525139665,0.3277310924369748,0.28862494718557813,100,0.7633587786259542,75,131,1.0,460,131,1.0,960
2,rxra,rabvs_budgeted_random_parts,7081,131,0.018500211834486656,2560,100,0.685625,0.003081772987739424,0.000839823864591468,54.05343511450381,54.05343511450381,2816,0.9502895071317611,44.034090909090914,0.6208525896072388,0.903,0.10690423162583519,0.11549295774647887,0.2542372881355932,0.13874433038911432,100,0.7633587786259542,74,123,0.9389312977099237,459,124,0.9465648854961832,952
0,sahh,greedy_surrogate,3513,63,0.017933390264730998,2560,63,0.875,0.0007683959308781826,3.865081618850762e-06,55.761904761904766,55.761904761904766,28104,0.0,2.241673783091375,0.6792080998420715,0.41700000000000004,0.02181818181818182,0.017045454545454544,0.3409090909090909,0.32386363636363635,63,1.0,48,63,1.0,353,63,1.0,652
0,sahh,boba_ucb,3513,63,0.017933390264730998,2560,63,0.875,0.0008015976634012943,4.535140906708532e-06,55.761904761904766,55.761904761904766,2700,0.9039282664389411,23.333333333333336,0.6796678900718689,0.41600000000000004,0.021897810218978103,0.017045454545454544,0.3409090909090909,0.32386363636363635,63,1.0,48,63,1.0,349,63,1.0,647
0,sahh,rabvs_budgeted_reliable,3513,63,0.017933390264730998,2560,63,0.875,0.0008015976634012943,4.535140906708532e-06,55.761904761904766,55.761904761904766,2700,0.9039282664389411,23.333333333333336,0.6867049336433411,0.768,0.016853932584269662,0.017045454545454544,0.3409090909090909,0.32386363636363635,63,1.0,52,63,1.0,452,63,1.0,822
0,sahh,rabvs_budgeted_no_ucb,3513,63,0.017933390264730998,2560,63,0.875,0.0008862882289439972,4.215404816274108e-06,55.761904761904766,55.761904761904766,2700,0.9039282664389411,23.333333333333336,0.6794958710670471,0.876,0.016877637130801686,0.017045454545454544,0.3409090909090909,0.32386363636363635,63,1.0,52,63,1.0,452,63,1.0,804
0,sahh,rabvs_budgeted_random_parts,3513,63,0.017933390264730998,2560,47,0.8337765957446809,0.0007610411217494291,1.8261821817797777e-05,55.761904761904766,55.761904761904766,2700,0.9039282664389411,22.962962962962962,0.6864203214645386,0.757,0.015427769985974754,0.05113636363636364,0.3068181818181818,0.2556818181818182,62,0.9841269841269841,52,62,0.9841269841269841,452,62,0.9841269841269841,824
1,sahh,greedy_surrogate,3513,63,0.017933390264730998,2560,63,0.875,0.0007355456888019087,3.5904535241095236e-06,55.761904761904766,55.761904761904766,28104,0.0,2.241673783091375,0.6778039932250977,0.42100000000000004,0.0088339222614841,0.017045454545454544,0.3409090909090909,0.32386363636363635,63,1.0,47,63,1.0,351,63,1.0,663
1,sahh,boba_ucb,3513,63,0.017933390264730998,2560,63,0.875,0.0007693624487307763,3.726823933204358e-06,55.761904761904766,55.761904761904766,2700,0.9039282664389411,23.333333333333336,0.6775187849998474,0.41500000000000004,0.008896797153024912,0.017045454545454544,0.3409090909090909,0.32386363636363635,63,1.0,47,63,1.0,351,63,1.0,657
1,sahh,rabvs_budgeted_reliable,3513,63,0.017933390264730998,2560,63,0.875,0.0007693624487307763,3.726823933204358e-06,55.761904761904766,55.761904761904766,2700,0.9039282664389411,23.333333333333336,0.6832440495491028,0.777,0.0071633237822349575,0.017045454545454544,0.3409090909090909,0.32386363636363635,63,1.0,52,63,1.0,452,63,1.0,812
1,sahh,rabvs_budgeted_no_ucb,3513,63,0.017933390264730998,2560,63,0.875,0.0008223414318691019,3.615772919498721e-06,55.761904761904766,55.761904761904766,2700,0.9039282664389411,23.333333333333336,0.6796358823776245,0.852,0.007142857142857143,0.017045454545454544,0.3409090909090909,0.32386363636363635,63,1.0,52,63,1.0,452,63,1.0,817
1,sahh,rabvs_budgeted_random_parts,3513,63,0.017933390264730998,2560,47,0.586436170212766,0.0007553829570901345,4.02322482368258e-06,55.761904761904766,55.761904761904766,2700,0.9039282664389411,22.962962962962962,0.6875549554824829,0.779,0.005805515239477504,0.06818181818181818,0.2897727272727273,0.22159090909090912,62,0.9841269841269841,52,62,0.9841269841269841,452,62,0.9841269841269841,817
2,sahh,greedy_surrogate,3513,63,0.017933390264730998,2560,63,0.875,0.0006944238230293067,3.281231014508075e-06,55.761904761904766,55.761904761904766,28104,0.0,2.241673783091375,0.681468665599823,0.43000000000000005,0.03169014084507042,0.017045454545454544,0.3409090909090909,0.32386363636363635,63,1.0,46,63,1.0,347,63,1.0,647
2,sahh,boba_ucb,3513,63,0.017933390264730998,2560,63,0.875,0.0007640819155040609,3.945061420582745e-06,55.761904761904766,55.761904761904766,2700,0.9039282664389411,23.333333333333336,0.6802117228507996,0.42600000000000005,0.031914893617021274,0.017045454545454544,0.3409090909090909,0.32386363636363635,63,1.0,47,63,1.0,346,63,1.0,645
2,sahh,rabvs_budgeted_reliable,3513,63,0.017933390264730998,2560,63,0.875,0.0007640819155040609,3.945061420582745e-06,55.761904761904766,55.761904761904766,2700,0.9039282664389411,23.333333333333336,0.6878789663314819,0.795,0.024861878453038673,0.017045454545454544,0.3409090909090909,0.32386363636363635,63,1.0,52,63,1.0,452,63,1.0,813
2,sahh,rabvs_budgeted_no_ucb,3513,63,0.017933390264730998,2560,63,0.875,0.0007936056215472448,3.3500631516186146e-06,55.761904761904766,55.761904761904766,2700,0.9039282664389411,23.333333333333336,0.6780468225479126,0.855,0.024793388429752067,0.017045454545454544,0.3409090909090909,0.32386363636363635,63,1.0,52,63,1.0,452,63,1.0,814
2,sahh,rabvs_budgeted_random_parts,3513,63,0.017933390264730998,2560,63,0.8154761904761905,0.0007950153720311932,4.185869344129179e-06,55.761904761904766,55.761904761904766,2700,0.9039282664389411,23.333333333333336,0.6860904693603516,0.795,0.025,0.017045454545454544,0.3409090909090909,0.32386363636363635,63,1.0,52,63,1.0,452,63,1.0,815
0,src,greedy_surrogate,35024,524,0.014961169483782549,2560,480,0.8048177083333333,0.0036319940135966866,0.0033456416773549533,66.83969465648855,66.64872410032716,280192,0.0,1.6738522156235724,0.560398280620575,0.546,0.47406639004149376,0.05136986301369863,0.23015419760137065,0.178784334587672,100,0.19083969465648856,100,447,0.8530534351145038,498,469,0.8950381679389313,950
0,src,boba_ucb,35024,524,0.014961169483782549,2560,368,0.7761548913043478,0.00737651924572293,0.00435018804307036,66.83969465648855,66.83969465648855,4352,0.9844677935130196,107.76654411764706,0.5587582588195801,0.544,0.4794520547945205,0.04794520547945205,0.23814962878355225,0.1902044233041002,100,0.19083969465648856,100,436,0.8320610687022901,497,469,0.8950381679389313,947
0,src,rabvs_budgeted_reliable,35024,524,0.014961169483782549,2560,368,0.7761548913043478,0.00737651924572293,0.00435018804307036,66.83969465648855,66.26678298800437,4352,0.9844677935130196,107.30698529411764,0.5579422116279602,0.647,0.470954356846473,0.04794520547945205,0.23814962878355225,0.1902044233041002,100,0.19083969465648856,100,437,0.833969465648855,499,467,0.8912213740458015,978
0,src,rabvs_budgeted_no_ucb,35024,524,0.014961169483782549,2560,482,0.796161825726141,0.004135127170498571,0.0033760308352047508,66.83969465648855,66.45775354416577,4352,0.9844677935130196,108.68566176470588,0.5565021634101868,0.683,0.47137014314928427,0.05194063926940639,0.22958309537407195,0.17764245610466556,100,0.19083969465648856,100,450,0.8587786259541985,499,473,0.9026717557251909,978
0,src,rabvs_budgeted_random_parts,35024,524,0.014961169483782549,2560,144,0.4431423611111111,0.01994828085576222,0.00974149459970297,66.83969465648855,63.40222464558343,4352,0.9844677935130196,101.33272058823529,0.5579505562782288,0.602,0.44135802469135804,0.07363013698630137,0.2107367218732153,0.1371065848869139,99,0.18893129770992367,100,407,0.7767175572519084,497,441,0.8416030534351145,952
1,src,greedy_surrogate,35024,524,0.014961169483782549,2560,458,0.8316048034934498,0.001773131561980402,0.002851319417742356,66.83969465648855,66.83969465648855,280192,0.0,1.6345934216537232,0.5570352673530579,0.601,0.4608967674661105,0.03424657534246575,0.23015419760137065,0.1959076222589049,100,0.19083969465648856,100,450,0.8587786259541985,499,458,0.8740458015267175,945
1,src,boba_ucb,35024,524,0.014961169483782549,2560,351,0.7936253561253561,0.0016895271129241096,0.00290460759539609,66.83969465648855,66.83969465648855,4352,0.9844677935130196,104.09007352941177,0.5513818860054016,0.639,0.4537902388369678,0.04509132420091324,0.21701884637350086,0.1719275221725876,100,0.19083969465648856,100,444,0.8473282442748091,498,453,0.8645038167938931,947
1,src,rabvs_budgeted_reliable,35024,524,0.014961169483782549,2560,351,0.7936253561253561,0.0016895271129241096,0.00290460759539609,66.83969465648855,66.83969465648855,4352,0.9844677935130196,103.86029411764706,0.551776647567749,0.793,0.448559670781893,0.04509132420091324,0.21701884637350086,0.1719275221725876,100,0.19083969465648856,100,446,0.851145038167939,499,452,0.8625954198473282,995
1,src,rabvs_budgeted_no_ucb,35024,524,0.014961169483782549,2560,458,0.826146288209607,0.0017236301863677314,0.002828067096065634,66.83969465648855,66.83969465648855,4352,0.9844677935130196,105.0091911764706,0.5557990074157715,0.771,0.4523076923076923,0.032534246575342464,0.23186750428326672,0.19933325770792426,100,0.19083969465648856,100,450,0.8587786259541985,499,457,0.8721374045801527,990
1,src,rabvs_budgeted_random_parts,35024,524,0.014961169483782549,2560,260,0.3370192307692308,0.0027174787693398468,0.0037821265578636735,66.83969465648855,66.64872410032716,4352,0.9844677935130196,104.77941176470588,0.5645565986633301,0.6950000000000001,0.4536082474226804,0.07534246575342465,0.18903483723586523,0.11369237148244057,100,0.19083969465648856,100,445,0.8492366412213741,496,456,0.8702290076335878,972
2,src,greedy_surrogate,35024,524,0.014961169483782549,2560,480,0.8096354166666667,0.0023436181373049634,0.0030735154781173684,66.83969465648855,66.83969465648855,280192,0.0,1.6916971219735037,0.5608618259429932,0.5660000000000001,0.4780793319415449,0.04452054794520548,0.23300970873786409,0.1884891607926586,100,0.19083969465648856,100,450,0.8587786259541985,498,474,0.9045801526717557,939
2,src,boba_ucb,35024,524,0.014961169483782549,2560,354,0.7552966101694916,0.003266100757440769,0.0036323076254195542,66.83969465648855,66.83969465648855,4352,0.9844677935130196,107.30698529411764,0.5593622922897339,0.602,0.46735751295336786,0.05194063926940639,0.2284408909194746,0.1765002516500682,100,0.19083969465648856,100,436,0.8320610687022901,497,467,0.8912213740458015,943
2,src,rabvs_budgeted_reliable,35024,524,0.014961169483782549,2560,354,0.7552966101694916,0.003266100757440769,0.0036323076254195542,66.83969465648855,66.26678298800437,4352,0.9844677935130196,107.07720588235294,0.5574607849121094,0.721,0.46059365404298874,0.05194063926940639,0.2284408909194746,0.1765002516500682,100,0.19083969465648856,100,439,0.8377862595419847,499,466,0.8893129770992366,983
2,src,rabvs_budgeted_no_ucb,35024,524,0.014961169483782549,2560,472,0.8148834745762712,0.0018712023530853541,0.0030441513965001592,66.83969465648855,66.64872410032716,4352,0.9844677935130196,107.30698529411764,0.5591740012168884,0.71,0.46399176954732513,0.039383561643835614,0.23586521987435752,0.1964816582305219,100,0.19083969465648856,100,450,0.8587786259541985,498,467,0.8912213740458015,985
2,src,rabvs_budgeted_random_parts,35024,524,0.014961169483782549,2560,306,0.6429738562091504,0.005939140065857938,0.004162564082288964,66.83969465648855,66.45775354416577,4352,0.9844677935130196,108.45588235294117,0.564355194568634,0.65,0.47401247401247404,0.04965753424657534,0.22729868646487722,0.17764115221830187,100,0.19083969465648856,100,445,0.8492366412213741,497,472,0.9007633587786259,974
0,tgfr1,greedy_surrogate,8633,133,0.015406000231669176,2560,133,0.8740601503759399,0.001764900394233788,0.00017059828007353405,64.90977443609023,64.90977443609023,69064,0.0,1.925750028958647,0.6278253197669983,0.7170000000000001,0.12431243124312431,0.020833333333333332,0.28703703703703703,0.2662037037037037,100,0.7518796992481203,76,133,1.0,442,133,1.0,876
0,tgfr1,boba_ucb,8633,133,0.015406000231669176,2560,131,0.8683206106870229,0.0020685697971132553,0.0002681333208249447,64.90977443609023,64.90977443609023,3072,0.9555195181281131,43.294270833333336,0.634092390537262,0.692,0.12555555555555556,0.027777777777777776,0.2800925925925926,0.2523148148148148,100,0.7518796992481203,74,132,0.9924812030075187,439,133,1.0,869
0,tgfr1,rabvs_budgeted_reliable,8633,133,0.015406000231669176,2560,131,0.8683206106870229,0.0020685697971132553,0.0002681333208249447,64.90977443609023,64.90977443609023,3072,0.9555195181281131,43.294270833333336,0.6270657777786255,0.986,0.12269272529858849,0.027777777777777776,0.2800925925925926,0.2523148148148148,100,0.7518796992481203,80,133,1.0,464,133,1.0,964
0,tgfr1,rabvs_budgeted_no_ucb,8633,133,0.015406000231669176,2560,133,0.8712406015037594,0.001987721751612157,0.0001728405268912706,64.90977443609023,64.90977443609023,3072,0.9555195181281131,43.294270833333336,0.6224718689918518,0.988,0.12203023758099352,0.020785219399538105,0.28703703703703703,0.26625181763749894,100,0.7518796992481203,81,133,1.0,464,133,1.0,964
0,tgfr1,rabvs_budgeted_random_parts,8633,133,0.015406000231669176,2560,121,0.6967975206611571,0.0017865928619777989,0.0003747803898892582,64.90977443609023,64.90977443609023,3072,0.9555195181281131,42.643229166666664,0.625785768032074,0.99,0.12091503267973856,0.03935185185185185,0.2662037037037037,0.22685185185185186,100,0.7518796992481203,80,130,0.9774436090225563,465,131,0.9849624060150376,965
1,tgfr1,greedy_surrogate,8633,133,0.015406000231669176,2560,133,0.8721804511278195,0.0018289949677342823,0.00019261945914949264,64.90977443609023,64.90977443609023,69064,0.0,1.925750028958647,0.625950813293457,0.706,0.12570781426953567,0.02546296296296296,0.2824074074074074,0.2569444444444444,100,0.7518796992481203,75,133,1.0,440,133,1.0,874
1,tgfr1,boba_ucb,8633,133,0.015406000231669176,2560,133,0.8656015037593985,0.002810368208165108,0.00034796962810279515,64.90977443609023,64.90977443609023,3072,0.9555195181281131,43.294270833333336,0.6242323517799377,0.692,0.1264236902050114,0.023148148148148147,0.2847222222222222,0.26157407407407407,100,0.7518796992481203,75,133,1.0,442,133,1.0,868
1,tgfr1,rabvs_budgeted_reliable,8633,133,0.015406000231669176,2560,133,0.8656015037593985,0.002810368208165108,0.00034796962810279515,64.90977443609023,64.90977443609023,3072,0.9555195181281131,42.96875,0.6219051480293274,0.988,0.11956521739130435,0.023148148148148147,0.2847222222222222,0.26157407407407407,100,0.7518796992481203,78,132,0.9924812030075187,464,132,0.9924812030075187,964
1,tgfr1,rabvs_budgeted_no_ucb,8633,133,0.015406000231669176,2560,133,0.8740601503759399,0.0021613238115842236,0.00021261999775251496,64.90977443609023,64.90977443609023,3072,0.9555195181281131,43.294270833333336,0.62125563621521,0.987,0.12052117263843648,0.02546296296296296,0.2824074074074074,0.2569444444444444,100,0.7518796992481203,79,133,1.0,464,133,1.0,964
1,tgfr1,rabvs_budgeted_random_parts,8633,133,0.015406000231669176,2560,73,0.7414383561643836,0.0018510513286943253,0.00044862937504820785,64.90977443609023,64.90977443609023,3072,0.9555195181281131,41.9921875,0.629564642906189,0.994,0.11592632719393282,0.11805555555555555,0.1875,0.06944444444444445,100,0.7518796992481203,76,128,0.9624060150375939,464,129,0.9699248120300752,964
2,tgfr1,greedy_surrogate,8633,133,0.015406000231669176,2560,133,0.8712406015037594,0.0017075465786995905,0.00015001082224285408,64.90977443609023,64.90977443609023,69064,0.0,1.925750028958647,0.6311089396476746,0.698,0.127208480565371,0.020833333333333332,0.28703703703703703,0.2662037037037037,100,0.7518796992481203,75,133,1.0,441,133,1.0,867
2,tgfr1,boba_ucb,8633,133,0.015406000231669176,2560,133,0.8402255639097744,0.002179217469594607,0.0002769933890568605,64.90977443609023,64.90977443609023,3072,0.9555195181281131,43.294270833333336,0.6318473815917969,0.6990000000000001,0.12705882352941175,0.018518518518518517,0.28935185185185186,0.27083333333333337,100,0.7518796992481203,74,132,0.9924812030075187,442,133,1.0,876
2,tgfr1,rabvs_budgeted_reliable,8633,133,0.015406000231669176,2560,133,0.8402255639097744,0.002179217469594607,0.0002769933890568605,64.90977443609023,64.90977443609023,3072,0.9555195181281131,43.294270833333336,0.6256805658340454,0.99,0.11907386990077178,0.018518518518518517,0.28935185185185186,0.27083333333333337,100,0.7518796992481203,80,133,1.0,464,133,1.0,964
2,tgfr1,rabvs_budgeted_no_ucb,8633,133,0.015406000231669176,2560,133,0.8726503759398496,0.001901710271659199,0.0001520868595566612,64.90977443609023,64.90977443609023,3072,0.9555195181281131,43.294270833333336,0.623165488243103,0.99,0.1180327868852459,0.020833333333333332,0.28703703703703703,0.2662037037037037,100,0.7518796992481203,79,133,1.0,464,133,1.0,964
2,tgfr1,rabvs_budgeted_random_parts,8633,133,0.015406000231669176,2560,102,0.6752450980392157,0.0020073053056864545,0.00026258482436200005,64.90977443609023,64.90977443609023,3072,0.9555195181281131,43.294270833333336,0.6235765218734741,0.989,0.11829134720700986,0.0625,0.24537037037037038,0.18287037037037038,100,0.7518796992481203,78,133,1.0,464,133,1.0,964
0,thb,greedy_surrogate,7553,103,0.01363696544419436,2560,97,0.8743556701030928,0.002141264626653801,0.0011351555987331437,73.33009708737865,73.33009708737865,60424,0.0,1.6053223884549186,0.6346624493598938,0.487,0.08138101109741061,0.018518518518518517,0.23809523809523808,0.21957671957671956,97,0.941747572815534,59,97,0.941747572815534,404,97,0.941747572815534,771
0,thb,boba_ucb,7553,103,0.01363696544419436,2560,97,0.8434278350515464,0.0024426482982062214,0.0013322831381164099,73.33009708737865,73.33009708737865,2816,0.9533960015887727,34.44602272727273,0.6283199787139893,0.46499999999999997,0.08029197080291971,0.023809523809523808,0.2328042328042328,0.20899470899470898,96,0.9320388349514563,60,97,0.941747572815534,401,97,0.941747572815534,790
0,thb,rabvs_budgeted_reliable,7553,103,0.01363696544419436,2560,97,0.8434278350515464,0.0024426482982062214,0.0013322831381164099,73.33009708737865,73.33009708737865,2816,0.9533960015887727,34.090909090909086,0.6113765835762024,0.94,0.07390817469204927,0.023809523809523808,0.2328042328042328,0.20899470899470898,96,0.9320388349514563,60,96,0.9320388349514563,459,96,0.9320388349514563,959
0,thb,rabvs_budgeted_no_ucb,7553,103,0.01363696544419436,2560,97,0.8730670103092784,0.0024792975779105633,0.0011200277024476638,73.33009708737865,73.33009708737865,2816,0.9533960015887727,34.44602272727273,0.6083633303642273,0.9339999999999999,0.07366071428571429,0.013227513227513227,0.24338624338624337,0.23015873015873015,97,0.941747572815534,59,97,0.941747572815534,459,97,0.941747572815534,959
0,thb,rabvs_budgeted_random_parts,7553,103,0.01363696544419436,2560,76,0.7886513157894737,0.0025459104398330916,0.0015198710991642353,73.33009708737865,73.33009708737865,2816,0.9533960015887727,33.73579545454545,0.6159077286720276,0.938,0.07111111111111111,0.06084656084656084,0.19576719576719576,0.1349206349206349,94,0.912621359223301,61,95,0.9223300970873787,460,95,0.9223300970873787,960
1,thb,greedy_surrogate,7553,103,0.01363696544419436,2560,97,0.8672680412371134,0.0017826418416603477,0.0011147027879896427,73.33009708737865,73.33009708737865,60424,0.0,1.6053223884549186,0.6285665035247803,0.49,0.08497536945812807,0.0291005291005291,0.2275132275132275,0.1984126984126984,97,0.941747572815534,59,97,0.941747572815534,387,97,0.941747572815534,769
1,thb,boba_ucb,7553,103,0.01363696544419436,2560,90,0.7979166666666667,0.00329326859896555,0.0021303179913152916,73.33009708737865,73.33009708737865,2816,0.9533960015887727,34.090909090909086,0.6294903755187988,0.5409999999999999,0.07852193995381063,0.037037037037037035,0.21693121693121692,0.17989417989417988,91,0.883495145631068,64,96,0.9320388349514563,428,96,0.9320388349514563,845
1,thb,rabvs_budgeted_reliable,7553,103,0.01363696544419436,2560,90,0.7979166666666667,0.00329326859896555,0.0021303179913152916,73.33009708737865,73.33009708737865,2816,0.9533960015887727,32.67045454545455,0.61921626329422,0.943,0.07295173961840629,0.037037037037037035,0.21693121693121692,0.17989417989417988,90,0.8737864077669902,65,92,0.8932038834951457,463,92,0.8932038834951457,963
1,thb,rabvs_budgeted_no_ucb,7553,103,0.01363696544419436,2560,97,0.8679123711340206,0.002023929256183397,0.0011280058011155201,73.33009708737865,73.33009708737865,2816,0.9533960015887727,34.44602272727273,0.6090738773345947,0.942,0.07683741648106904,0.023809523809523808,0.2328042328042328,0.20899470899470898,97,0.941747572815534,59,97,0.941747572815534,459,97,0.941747572815534,959
1,thb,rabvs_budgeted_random_parts,7553,103,0.01363696544419436,2560,48,0.79296875,0.005715607276974993,0.001541436857944703,73.33009708737865,73.33009708737865,2816,0.9533960015887727,35.15625,0.6147626638412476,0.919,0.07836644591611479,0.1164021164021164,0.15343915343915343,0.037037037037037035,95,0.9223300970873787,59,99,0.9611650485436893,454,99,0.9611650485436893,954
2,thb,greedy_surrogate,7553,103,0.01363696544419436,2560,103,0.8622572815533981,0.004829564543309268,0.0010805597177268435,73.33009708737865,73.33009708737865,60424,0.0,1.704620680524295,0.6421287059783936,0.5329999999999999,0.08466257668711656,0.042328042328042326,0.23015873015873015,0.18783068783068782,98,0.9514563106796117,58,103,1.0,406,103,1.0,802
2,thb,boba_ucb,7553,103,0.01363696544419436,2560,102,0.8131127450980392,0.00943108206989247,0.001746242090140432,73.33009708737865,73.33009708737865,2816,0.9533960015887727,36.57670454545455,0.6480656266212463,0.5549999999999999,0.08646616541353383,0.0291005291005291,0.24338624338624337,0.21428571428571427,100,0.970873786407767,57,103,1.0,379,103,1.0,785
2,thb,rabvs_budgeted_reliable,7553,103,0.01363696544419436,2560,102,0.8131127450980392,0.00943108206989247,0.001746242090140432,73.33009708737865,73.33009708737865,2816,0.9533960015887727,36.57670454545455,0.6259031891822815,0.887,0.0785876993166287,0.0291005291005291,0.24338624338624337,0.21428571428571427,99,0.9611650485436893,57,103,1.0,435,103,1.0,934
2,thb,rabvs_budgeted_no_ucb,7553,103,0.01363696544419436,2560,103,0.8567961165048543,0.0053160789345586285,0.0010122604975003223,73.33009708737865,73.33009708737865,2816,0.9533960015887727,36.57670454545455,0.6198362708091736,0.916,0.07744107744107744,0.042328042328042326,0.23015873015873015,0.18783068783068782,98,0.9514563106796117,59,103,1.0,448,103,1.0,947
2,thb,rabvs_budgeted_random_parts,7553,103,0.01363696544419436,2560,96,0.6614583333333334,0.004824319280814416,0.0015735652663033115,73.33009708737865,73.33009708737865,2816,0.9533960015887727,35.15625,0.6171126961708069,0.917,0.0744920993227991,0.10052910052910052,0.17195767195767195,0.07142857142857142,94,0.912621359223301,62,99,0.9611650485436893,454,99,0.9611650485436893,954
0,thrb,greedy_surrogate,27465,461,0.01678499908975059,2560,457,0.81277352297593,0.003540970849648075,0.0019100141501568458,59.577006507592195,59.577006507592195,219720,0.0,2.066266156926998,0.5317302942276001,0.406,0.45654450261780105,0.049490538573508006,0.2833211944646759,0.23383065589116792,100,0.21691973969631237,100,441,0.9566160520607375,493,454,0.9848156182212582,905
0,thrb,boba_ucb,27465,461,0.01678499908975059,2560,333,0.7670795795795796,0.0034693803536438085,0.0025262643212981837,59.577006507592195,59.577006507592195,3840,0.9825232113599126,113.80208333333333,0.5382514595985413,0.42900000000000005,0.4424498416050686,0.06695778748180495,0.258557902403496,0.19160011492169107,100,0.21691973969631237,100,425,0.9219088937093276,492,437,0.9479392624728851,888
0,thrb,rabvs_budgeted_reliable,27465,461,0.01678499908975059,2560,333,0.7670795795795796,0.0034693803536438085,0.0025262643212981837,59.577006507592195,59.577006507592195,3840,0.9825232113599126,114.0625,0.5273962616920471,0.622,0.4376299376299376,0.06695778748180495,0.258557902403496,0.19160011492169107,100,0.21691973969631237,100,423,0.9175704989154013,492,438,0.9501084598698482,963
0,thrb,rabvs_budgeted_no_ucb,27465,461,0.01678499908975059,2560,452,0.8125,0.0034875414534708666,0.0018052724473902179,59.577006507592195,59.36036284756459,3840,0.9825232113599126,117.44791666666667,0.5251747369766235,0.609,0.4463917525773196,0.03994190268700073,0.2927007299270073,0.2527588272400066,100,0.21691973969631237,100,439,0.9522776572668112,496,451,0.9783080260303688,974
0,thrb,rabvs_budgeted_random_parts,27465,461,0.01678499908975059,2560,350,0.64625,0.0030556558443789305,0.0027008455360601493,59.577006507592195,59.577006507592195,3840,0.9825232113599126,113.54166666666667,0.5277347564697266,0.641,0.43645833333333334,0.05167394468704512,0.27239621267297887,0.22072226798593375,100,0.21691973969631237,100,422,0.9154013015184381,490,436,0.9457700650759219,978
1,thrb,greedy_surrogate,27465,461,0.01678499908975059,2560,457,0.8190645514223195,0.0031897547116433163,0.001470774075560584,59.577006507592195,59.577006507592195,219720,0.0,2.075368651010377,0.5352368950843811,0.395,0.4665249734325186,0.042212518195050945,0.2903930131004367,0.24818049490538574,100,0.21691973969631237,100,446,0.9674620390455532,496,456,0.9891540130151844,903
1,thrb,boba_ucb,27465,461,0.01678499908975059,2560,342,0.7777777777777778,0.004276556435582522,0.002221689027446802,59.577006507592195,59.577006507592195,3840,0.9825232113599126,117.70833333333333,0.533589243888855,0.374,0.46474358974358976,0.05967976710334789,0.27312454479242537,0.2134447776890775,100,0.21691973969631237,100,433,0.9392624728850325,492,452,0.9804772234273319,894
1,thrb,rabvs_budgeted_reliable,27465,461,0.01678499908975059,2560,342,0.7777777777777778,0.004276556435582522,0.002221689027446802,59.577006507592195,59.577006507592195,3840,0.9825232113599126,117.96875,0.5234388709068298,0.593,0.4546402502606882,0.05967976710334789,0.27312454479242537,0.2134447776890775,100,0.21691973969631237,100,435,0.9436008676789588,495,453,0.982646420824295,974
1,thrb,rabvs_budgeted_no_ucb,27465,461,0.01678499908975059,2560,456,0.8171600877192983,0.00364399688534092,0.0015053392174384937,59.577006507592195,59.577006507592195,3840,0.9825232113599126,118.75,0.5251984596252441,0.611,0.45445134575569357,0.04148471615720524,0.29133284777858703,0.2498481316213818,100,0.21691973969631237,100,447,0.9696312364425163,498,456,0.9891540130151844,978
1,thrb,rabvs_budgeted_random_parts,27465,461,0.01678499908975059,2560,414,0.3778683574879227,0.0035640802335978805,0.0026316649315619215,59.577006507592195,59.577006507592195,3840,0.9825232113599126,114.84375,0.5322853922843933,0.62,0.4435146443514644,0.07205240174672489,0.2534595775673707,0.1814071758206458,100,0.21691973969631237,100,425,0.9219088937093276,491,441,0.9566160520607375,970
2,thrb,greedy_surrogate,27465,461,0.01678499908975059,2560,456,0.8087993421052632,0.003733002501022588,0.0015408964899650953,59.577006507592195,59.577006507592195,219720,0.0,2.075368651010377,0.5402261018753052,0.38,0.46659597030752914,0.042212518195050945,0.2906045156591406,0.24839199746408963,100,0.21691973969631237,100,451,0.9783080260303688,496,456,0.9891540130151844,898
2,thrb,boba_ucb,27465,461,0.01678499908975059,2560,352,0.7547940340909091,0.0033336540774956827,0.001840923219360552,59.577006507592195,59.577006507592195,3840,0.9825232113599126,116.92708333333333,0.5408594608306885,0.41000000000000003,0.45435466946484787,0.06404657933042213,0.2672978878368536,0.20325130850643147,100,0.21691973969631237,100,436,0.9457700650759219,495,449,0.9739696312364425,894
2,thrb,rabvs_budgeted_reliable,27465,461,0.01678499908975059,2560,352,0.7547940340909091,0.0033336540774956827,0.001840923219360552,59.577006507592195,59.577006507592195,3840,0.9825232113599126,116.92708333333333,0.5281757116317749,0.611,0.4450154162384378,0.06404657933042213,0.2672978878368536,0.20325130850643147,100,0.21691973969631237,100,436,0.9457700650759219,497,449,0.9739696312364425,978
2,thrb,rabvs_budgeted_no_ucb,27465,461,0.01678499908975059,2560,455,0.8118131868131868,0.0036335930513958343,0.0015002042124391199,59.577006507592195,59.577006507592195,3840,0.9825232113599126,118.48958333333333,0.525768518447876,0.609,0.45304437564499483,0.039301310043668124,0.29351784413692644,0.25421653409325834,100,0.21691973969631237,100,450,0.9761388286334056,498,455,0.9869848156182213,978
2,thrb,rabvs_budgeted_random_parts,27465,461,0.01678499908975059,2560,322,0.5252329192546584,0.004540101136862614,0.0020964218357799012,59.577006507592195,59.36036284756459,3840,0.9825232113599126,115.625,0.5361289381980896,0.598,0.445369406867846,0.08442503639010189,0.2425345957756737,0.1581095593855718,100,0.21691973969631237,100,438,0.9501084598698482,495,444,0.9631236442516269,968
0,try1,greedy_surrogate,26429,449,0.01698891369329146,2560,447,0.832913870246085,0.0025986417168272977,0.0009236264142183075,58.8619153674833,58.8619153674833,211432,0.0,2.1094252525634722,0.5438006520271301,0.31299999999999994,0.46030042918454933,0.040090771558245086,0.2980332829046899,0.2579425113464448,100,0.22271714922049,100,444,0.9888641425389755,492,446,0.9933184855233853,859
0,try1,boba_ucb,26429,449,0.01698891369329146,2560,345,0.8172101449275362,0.0028093755062990836,0.0015551007918895706,58.8619153674833,58.8619153674833,3840,0.9818381323546105,114.32291666666666,0.5332353115081787,0.34299999999999997,0.4518201284796574,0.05211480362537765,0.2850644427596664,0.23294963913428876,100,0.22271714922049,99,435,0.9688195991091314,490,439,0.977728285077951,872
0,try1,rabvs_budgeted_reliable,26429,449,0.01698891369329146,2560,345,0.8172101449275362,0.0028093755062990836,0.0015551007918895706,56.597995545657014,58.63895356684889,3840,0.9818381323546105,114.58333333333333,0.5329222083091736,0.548,0.4397089397089397,0.05211480362537765,0.2850644427596664,0.23294963913428876,99,0.22048997772828507,100,436,0.9710467706013363,491,440,0.9799554565701559,974
0,try1,rabvs_budgeted_no_ucb,26429,449,0.01698891369329146,2560,446,0.8318385650224215,0.0031784708833704533,0.0010062404013071945,58.8619153674833,58.8619153674833,3840,0.9818381323546105,116.40625,0.5357621312141418,0.5429999999999999,0.4451345755693582,0.040090771558245086,0.2982588947766843,0.25816812321843924,100,0.22271714922049,100,442,0.9844097995545658,491,447,0.9955456570155902,979
0,try1,rabvs_budgeted_random_parts,26429,449,0.01698891369329146,2560,384,0.607421875,0.004289180600275664,0.0018496793170439906,58.8619153674833,58.8619153674833,3840,0.9818381323546105,113.02083333333333,0.5354042053222656,0.529,0.43302180685358255,0.048411497730711045,0.28993186979560936,0.24152037206489832,100,0.22271714922049,100,425,0.9465478841870824,488,434,0.9665924276169265,959
1,try1,greedy_surrogate,26429,449,0.01698891369329146,2560,447,0.8348713646532439,0.002454904781910787,0.000801703931698881,58.8619153674833,58.8619153674833,211432,0.0,2.1141549055961253,0.5397137403488159,0.30400000000000005,0.46943231441048033,0.04084720121028744,0.2975018925056775,0.25665469129539004,100,0.22271714922049,100,445,0.9910913140311804,488,447,0.9955456570155902,885
1,try1,boba_ucb,26429,449,0.01698891369329146,2560,341,0.7864736070381232,0.002700655622992525,0.001622349517681938,58.8619153674833,58.8619153674833,3840,0.9818381323546105,113.54166666666667,0.52638840675354,0.262,0.45297297297297295,0.06278366111951589,0.27252081756245267,0.20973715644293678,100,0.22271714922049,99,425,0.9465478841870824,487,436,0.9710467706013363,838
1,try1,rabvs_budgeted_reliable,26429,449,0.01698891369329146,2560,341,0.7864736070381232,0.002700655622992525,0.001622349517681938,58.8619153674833,58.8619153674833,3840,0.9818381323546105,113.54166666666667,0.5247971415519714,0.5529999999999999,0.4329896907216495,0.06278366111951589,0.27252081756245267,0.20973715644293678,100,0.22271714922049,100,425,0.9465478841870824,489,436,0.9710467706013363,973
1,try1,rabvs_budgeted_no_ucb,26429,449,0.01698891369329146,2560,446,0.836042600896861,0.0025795165391744035,0.0008080924839481534,56.597995545657014,58.63895356684889,3840,0.9818381323546105,116.40625,0.5362859964370728,0.5589999999999999,0.4428424304840371,0.039334341906202726,0.29901589704769116,0.25968155514148844,99,0.22048997772828507,100,445,0.9910913140311804,492,447,0.9955456570155902,975
1,try1,rabvs_budgeted_random_parts,26429,449,0.01698891369329146,2560,331,0.6697507552870091,0.002377790980185577,0.0015472256891962178,56.597995545657014,58.63895356684889,3840,0.9818381323546105,112.5,0.534137487411499,0.5549999999999999,0.4293085655314757,0.10816944024205749,0.22937168811506434,0.12120224787300685,99,0.22048997772828507,100,425,0.9465478841870824,493,432,0.9621380846325167,980
2,try1,greedy_surrogate,26429,449,0.01698891369329146,2560,447,0.8326342281879194,0.002778288645430693,0.0009219063136200674,58.8619153674833,58.8619153674833,211432,0.0,2.1141549055961253,0.5389366149902344,0.28800000000000003,0.45406546990496305,0.05143721633888049,0.28690386071158214,0.23546664437270165,100,0.22271714922049,100,445,0.9910913140311804,490,447,0.9955456570155902,865
2,try1,boba_ucb,26429,449,0.01698891369329146,2560,321,0.8362538940809969,0.0015693090964220878,0.001677270223166453,58.8619153674833,58.8619153674833,3840,0.9818381323546105,113.02083333333333,0.5331839919090271,0.276,0.4597574421168688,0.06278366111951589,0.2702498107494323,0.20746614962991639,100,0.22271714922049,99,423,0.9420935412026726,479,434,0.9665924276169265,850
2,try1,rabvs_budgeted_reliable,26429,449,0.01698891369329146,2560,321,0.8362538940809969,0.0015693090964220878,0.001677270223166453,58.8619153674833,58.8619153674833,3840,0.9818381323546105,113.02083333333333,0.5361667275428772,0.571,0.43664921465968587,0.06278366111951589,0.2702498107494323,0.20746614962991639,100,0.22271714922049,100,425,0.9465478841870824,487,434,0.9665924276169265,984
2,try1,rabvs_budgeted_no_ucb,26429,449,0.01698891369329146,2560,447,0.8281599552572707,0.002918574556090025,0.0008984929506975315,58.8619153674833,58.8619153674833,3840,0.9818381323546105,116.14583333333334,0.5350250005722046,0.546,0.4450207468879668,0.039334341906202726,0.29901589704769116,0.25968155514148844,100,0.22271714922049,100,442,0.9844097995545658,490,446,0.9933184855233853,980
2,try1,rabvs_budgeted_random_parts,26429,449,0.01698891369329146,2560,424,0.5664799528301887,0.003127929672260781,0.001339404405795156,58.8619153674833,58.8619153674833,3840,0.9818381323546105,115.36458333333334,0.5318667888641357,0.532,0.44282744282744285,0.0340393343419062,0.3028009084027252,0.268761574060819,100,0.22271714922049,100,436,0.9710467706013363,483,443,0.9866369710467706,971
0,tryb1,greedy_surrogate,7798,148,0.018979225442421133,2560,147,0.8707482993197279,0.0028363010043396747,0.0004123882996661611,52.68918918918919,52.68918918918919,62384,0.0,2.3563734290843805,0.6172227263450623,0.482,0.15357561547479484,0.028205128205128206,0.3487179487179487,0.3205128205128205,100,0.6756756756756757,100,147,0.9932432432432432,457,147,0.9932432432432432,862
0,tryb1,boba_ucb,7798,148,0.018979225442421133,2560,147,0.8686224489795918,0.004079711811987969,0.000563606675372306,52.68918918918919,52.68918918918919,3072,0.950756604257502,47.8515625,0.6187659502029419,0.493,0.15357561547479484,0.017948717948717947,0.358974358974359,0.34102564102564104,100,0.6756756756756757,100,147,0.9932432432432432,463,147,0.9932432432432432,860
0,tryb1,rabvs_budgeted_reliable,7798,148,0.018979225442421133,2560,147,0.8686224489795918,0.004079711811987969,0.000563606675372306,52.68918918918919,52.68918918918919,3072,0.950756604257502,47.8515625,0.612910270690918,0.902,0.1431693989071038,0.017948717948717947,0.358974358974359,0.34102564102564104,100,0.6756756756756757,100,147,0.9932432432432432,497,147,0.9932432432432432,997
0,tryb1,rabvs_budgeted_no_ucb,7798,148,0.018979225442421133,2560,147,0.8741496598639455,0.003320208925028841,0.00047131251908099763,52.68918918918919,52.68918918918919,3072,0.950756604257502,47.8515625,0.6102376580238342,0.902,0.1420824295010846,0.028205128205128206,0.3487179487179487,0.3205128205128205,100,0.6756756756756757,100,147,0.9932432432432432,497,147,0.9932432432432432,997
0,tryb1,rabvs_budgeted_random_parts,7798,148,0.018979225442421133,2560,134,0.6865671641791045,0.004293550630191281,0.0008609211136649393,52.68918918918919,52.68918918918919,3072,0.950756604257502,46.875,0.6113850474357605,0.899,0.140197152245345,0.05384615384615385,0.3230769230769231,0.2692307692307693,100,0.6756756756756757,100,144,0.972972972972973,496,144,0.972972972972973,994
1,tryb1,greedy_surrogate,7798,148,0.018979225442421133,2560,147,0.8732993197278912,0.0029285379377893346,0.00044873398202866654,52.68918918918919,52.68918918918919,62384,0.0,2.3563734290843805,0.6176939010620117,0.477,0.15466351829988192,0.035897435897435895,0.34102564102564104,0.30512820512820515,100,0.6756756756756757,100,147,0.9932432432432432,459,147,0.9932432432432432,871
1,tryb1,boba_ucb,7798,148,0.018979225442421133,2560,146,0.875,0.004600741073192818,0.0008024194662820096,52.68918918918919,52.68918918918919,3072,0.950756604257502,47.8515625,0.6206710338592529,0.46599999999999997,0.15558194774346792,0.035897435897435895,0.34102564102564104,0.30512820512820515,100,0.6756756756756757,100,147,0.9932432432432432,448,147,0.9932432432432432,854
1,tryb1,rabvs_budgeted_reliable,7798,148,0.018979225442421133,2560,146,0.875,0.004600741073192818,0.0008024194662820096,52.68918918918919,52.68918918918919,3072,0.950756604257502,47.8515625,0.6156169176101685,0.896,0.1423913043478261,0.035897435897435895,0.34102564102564104,0.30512820512820515,100,0.6756756756756757,100,147,0.9932432432432432,497,147,0.9932432432432432,997
1,tryb1,rabvs_budgeted_no_ucb,7798,148,0.018979225442421133,2560,148,0.8703547297297297,0.004032673178845223,0.0005244121903638441,52.68918918918919,52.68918918918919,3072,0.950756604257502,48.177083333333336,0.6065738201141357,0.903,0.1423948220064725,0.028132992327365727,0.35218508997429304,0.32405209764692733,100,0.6756756756756757,100,148,1.0,497,148,1.0,997
1,tryb1,rabvs_budgeted_random_parts,7798,148,0.018979225442421133,2560,98,0.7448979591836735,0.004109835531049369,0.0008899580602515575,52.68918918918919,52.68918918918919,3072,0.950756604257502,47.200520833333336,0.6110618710517883,0.906,0.14021739130434782,0.11538461538461539,0.26153846153846155,0.14615384615384616,100,0.6756756756756757,100,145,0.9797297297297297,496,145,0.9797297297297297,996
2,tryb1,greedy_surrogate,7798,148,0.018979225442421133,2560,147,0.872874149659864,0.002770336204949513,0.00041660701992286446,52.68918918918919,52.68918918918919,62384,0.0,2.3563734290843805,0.6204680800437927,0.477,0.15429917550058891,0.03076923076923077,0.34615384615384615,0.3153846153846154,100,0.6756756756756757,100,147,0.9932432432432432,458,147,0.9932432432432432,854
2,tryb1,boba_ucb,7798,148,0.018979225442421133,2560,146,0.8660102739726028,0.0037506729979939436,0.0004957129285102043,52.68918918918919,52.68918918918919,3072,0.950756604257502,47.8515625,0.618694007396698,0.5,0.1521486643437863,0.028205128205128206,0.3487179487179487,0.3205128205128205,100,0.6756756756756757,100,147,0.9932432432432432,455,147,0.9932432432432432,865
2,tryb1,rabvs_budgeted_reliable,7798,148,0.018979225442421133,2560,146,0.8660102739726028,0.0037506729979939436,0.0004957129285102043,52.68918918918919,52.68918918918919,3072,0.950756604257502,47.8515625,0.6115162372589111,0.91,0.14475138121546963,0.028205128205128206,0.3487179487179487,0.3205128205128205,100,0.6756756756756757,100,147,0.9932432432432432,495,147,0.9932432432432432,994
2,tryb1,rabvs_budgeted_no_ucb,7798,148,0.018979225442421133,2560,148,0.8686655405405406,0.003937824704414033,0.0004818382165589792,52.68918918918919,52.68918918918919,3072,0.950756604257502,48.177083333333336,0.6092778444290161,0.903,0.14410480349344978,0.020512820512820513,0.358974358974359,0.3384615384615385,100,0.6756756756756757,100,148,1.0,496,148,1.0,996
2,tryb1,rabvs_budgeted_random_parts,7798,148,0.018979225442421133,2560,117,0.4946581196581197,0.004899634035934319,0.0009786487603405268,52.68918918918919,52.68918918918919,3072,0.950756604257502,47.200520833333336,0.6076741814613342,0.904,0.141602634467618,0.09487179487179487,0.28205128205128205,0.18717948717948718,100,0.6756756756756757,100,145,0.9797297297297297,499,145,0.9797297297297297,999
0,tysy,greedy_surrogate,6859,109,0.015891529377460273,2560,109,0.8715596330275229,0.005370876670228251,0.0010950126635579536,62.92660550458715,62.92660550458715,54872,0.0,1.9864411721825341,0.6504542231559753,0.41600000000000004,0.10788863109048724,0.052478134110787174,0.2653061224489796,0.21282798833819244,100,0.9174311926605505,100,109,1.0,461,109,1.0,881
0,tysy,boba_ucb,6859,109,0.015891529377460273,2560,108,0.8541666666666666,0.0062770657414580894,0.0012931647914567702,62.92660550458715,62.92660550458715,2816,0.9486805656801283,38.70738636363636,0.6475342512130737,0.397,0.10915492957746478,0.055232558139534885,0.26239067055393583,0.20715811241440096,100,0.9174311926605505,100,109,1.0,461,109,1.0,875
0,tysy,rabvs_budgeted_reliable,6859,109,0.015891529377460273,2560,108,0.8541666666666666,0.0062770657414580894,0.0012931647914567702,62.92660550458715,62.92660550458715,2816,0.9486805656801283,38.70738636363636,0.6390654444694519,0.901,0.10287610619469026,0.055232558139534885,0.26239067055393583,0.20715811241440096,100,0.9174311926605505,100,109,1.0,495,109,1.0,995
0,tysy,rabvs_budgeted_no_ucb,6859,109,0.015891529377460273,2560,109,0.8698394495412844,0.005169606643203822,0.000985859399660549,62.92660550458715,62.92660550458715,2816,0.9486805656801283,38.70738636363636,0.6384314298629761,0.906,0.10175054704595186,0.04664723032069971,0.27113702623906705,0.22448979591836735,100,0.9174311926605505,100,109,1.0,497,109,1.0,997
0,tysy,rabvs_budgeted_random_parts,6859,109,0.015891529377460273,2560,54,0.6782407407407407,0.00575851650786528,0.0014415428265537884,62.92660550458715,62.92660550458715,2816,0.9486805656801283,34.44602272727273,0.6376723051071167,0.913,0.08940397350993377,0.13953488372093023,0.17543859649122806,0.03590371277029783,94,0.8623853211009175,100,97,0.8899082568807339,493,97,0.8899082568807339,993
1,tysy,greedy_surrogate,6859,109,0.015891529377460273,2560,109,0.8646788990825688,0.004757328589989718,0.0008588592693465754,62.92660550458715,62.92660550458715,54872,0.0,1.9864411721825341,0.6491417288780212,0.41800000000000004,0.1111111111111111,0.052478134110787174,0.2653061224489796,0.21282798833819244,100,0.9174311926605505,100,109,1.0,449,109,1.0,856
1,tysy,boba_ucb,6859,109,0.015891529377460273,2560,108,0.8402777777777778,0.006840213755657682,0.0013825104599293895,62.92660550458715,62.92660550458715,2816,0.9486805656801283,38.70738636363636,0.6488069295883179,0.41800000000000004,0.11177884615384616,0.04956268221574344,0.26822157434402333,0.21865889212827988,100,0.9174311926605505,100,109,1.0,447,109,1.0,848
1,tysy,rabvs_budgeted_reliable,6859,109,0.015891529377460273,2560,108,0.8402777777777778,0.006840213755657682,0.0013825104599293895,62.92660550458715,62.92660550458715,2816,0.9486805656801283,38.70738636363636,0.6419984102249146,0.892,0.10344827586206896,0.04956268221574344,0.26822157434402333,0.21865889212827988,100,0.9174311926605505,100,109,1.0,497,109,1.0,996
1,tysy,rabvs_budgeted_no_ucb,6859,109,0.015891529377460273,2560,109,0.8658256880733946,0.00500335537394396,0.0008954736614104584,62.92660550458715,62.92660550458715,2816,0.9486805656801283,38.70738636363636,0.6366596221923828,0.911,0.1021978021978022,0.052478134110787174,0.2653061224489796,0.21282798833819244,100,0.9174311926605505,100,109,1.0,498,109,1.0,998
1,tysy,rabvs_budgeted_random_parts,6859,109,0.015891529377460273,2560,89,0.6221910112359551,0.0041803619847700585,0.001681381902854535,62.92660550458715,62.92660550458715,2816,0.9486805656801283,38.70738636363636,0.6332173943519592,0.917,0.1021978021978022,0.09329446064139942,0.22448979591836735,0.13119533527696792,99,0.908256880733945,100,109,1.0,499,109,1.0,999
2,tysy,greedy_surrogate,6859,109,0.015891529377460273,2560,109,0.849197247706422,0.0048527618937612696,0.0010587195779685895,62.92660550458715,62.92660550458715,54872,0.0,1.9864411721825341,0.6479073166847229,0.42100000000000004,0.10889929742388758,0.05830903790087463,0.2594752186588921,0.20116618075801748,100,0.9174311926605505,100,109,1.0,456,109,1.0,866
2,tysy,boba_ucb,6859,109,0.015891529377460273,2560,98,0.8616071428571429,0.004717596776889952,0.002649081966047842,62.92660550458715,62.92660550458715,2816,0.9486805656801283,35.51136363636364,0.6490902304649353,0.43700000000000006,0.0995260663507109,0.029154518950437316,0.2565597667638484,0.2274052478134111,98,0.8990825688073395,100,98,0.8990825688073395,457,100,0.9174311926605505,857
2,tysy,rabvs_budgeted_reliable,6859,109,0.015891529377460273,2560,98,0.8616071428571429,0.004717596776889952,0.002649081966047842,62.92660550458715,62.92660550458715,2816,0.9486805656801283,34.80113636363636,0.6455623507499695,0.918,0.09020902090209021,0.029154518950437316,0.2565597667638484,0.2274052478134111,98,0.8990825688073395,100,98,0.8990825688073395,498,98,0.8990825688073395,998
2,tysy,rabvs_budgeted_no_ucb,6859,109,0.015891529377460273,2560,98,0.8743622448979592,0.0024652204562027246,0.0022514878792355866,62.92660550458715,62.92660550458715,2816,0.9486805656801283,34.80113636363636,0.6380783319473267,0.9359999999999999,0.08942202835332606,0.05539358600583091,0.23615160349854228,0.18075801749271136,98,0.8990825688073395,100,98,0.8990825688073395,500,98,0.8990825688073395,1000
2,tysy,rabvs_budgeted_random_parts,6859,109,0.015891529377460273,2560,59,0.7023305084745762,0.005541150081178595,0.0017902961626378403,62.92660550458715,62.92660550458715,2816,0.9486805656801283,37.997159090909086,0.6403378248214722,0.91,0.09912854030501089,0.11370262390670553,0.20408163265306123,0.0903790087463557,98,0.8990825688073395,100,107,0.981651376146789,497,107,0.981651376146789,997
0,urok,greedy_surrogate,10012,162,0.016180583300039953,2560,162,0.8641975308641975,0.004146523174607789,0.0006953848419518539,61.80246913580247,61.80246913580247,80096,0.0,2.022572912504994,0.6243478059768677,0.357,0.17813267813267813,0.05788423153692615,0.2654690618762475,0.20758483033932137,100,0.6172839506172839,100,162,1.0,447,162,1.0,802
0,urok,boba_ucb,10012,162,0.016180583300039953,2560,156,0.8649839743589743,0.003571719371516268,0.0011098707185167,61.80246913580247,61.80246913580247,3072,0.9616460247702757,52.408854166666664,0.611797034740448,0.38,0.17582417582417584,0.027944111776447105,0.2934131736526946,0.26546906187624747,100,0.6172839506172839,100,158,0.9753086419753086,439,161,0.9938271604938271,794
0,urok,rabvs_budgeted_reliable,10012,162,0.016180583300039953,2560,156,0.8649839743589743,0.003571719371516268,0.0011098707185167,61.80246913580247,61.80246913580247,3072,0.9616460247702757,52.408854166666664,0.6367293000221252,0.8280000000000001,0.1560130010834236,0.027944111776447105,0.2934131736526946,0.26546906187624747,100,0.6172839506172839,100,161,0.9938271604938271,497,161,0.9938271604938271,997
0,urok,rabvs_budgeted_no_ucb,10012,162,0.016180583300039953,2560,161,0.8672360248447205,0.003641707370948225,0.0006574817957419576,61.80246913580247,61.80246913580247,3072,0.9616460247702757,52.734375,0.6335046291351318,0.8200000000000001,0.15608180839612487,0.05189620758483034,0.2694610778443114,0.21756487025948107,100,0.6172839506172839,100,162,1.0,496,162,1.0,996
0,urok,rabvs_budgeted_random_parts,10012,162,0.016180583300039953,2560,93,0.605510752688172,0.00440765026230391,0.0013474971110225597,61.80246913580247,61.80246913580247,3072,0.9616460247702757,49.8046875,0.6376541256904602,0.8180000000000001,0.1475054229934924,0.12974051896207583,0.18962075848303392,0.059880239520958084,100,0.6172839506172839,100,152,0.9382716049382716,498,153,0.9444444444444444,997
1,urok,greedy_surrogate,10012,162,0.016180583300039953,2560,162,0.8638117283950617,0.004102012483985935,0.0007385326075739754,61.80246913580247,61.80246913580247,80096,0.0,2.022572912504994,0.6244885325431824,0.357,0.18034825870646767,0.05189620758483034,0.2714570858283433,0.219560878243513,100,0.6172839506172839,100,162,1.0,445,162,1.0,796
1,urok,boba_ucb,10012,162,0.016180583300039953,2560,158,0.8520569620253164,0.003731299449761748,0.0009793993797510155,61.80246913580247,61.80246913580247,3072,0.9616460247702757,52.408854166666664,0.6168784499168396,0.351,0.18090452261306533,0.029940119760479042,0.29141716566866266,0.2614770459081836,100,0.6172839506172839,100,160,0.9876543209876543,430,161,0.9938271604938271,795
1,urok,rabvs_budgeted_reliable,10012,162,0.016180583300039953,2560,158,0.8520569620253164,0.003731299449761748,0.0009793993797510155,61.80246913580247,61.80246913580247,3072,0.9616460247702757,52.408854166666664,0.6421151161193848,0.823,0.15550755939524838,0.029940119760479042,0.29141716566866266,0.2614770459081836,100,0.6172839506172839,100,160,0.9876543209876543,497,161,0.9938271604938271,997
1,urok,rabvs_budgeted_no_ucb,10012,162,0.016180583300039953,2560,161,0.8664596273291926,0.004127003207450431,0.0007653952769837427,61.80246913580247,61.80246913580247,3072,0.9616460247702757,52.734375,0.6359345316886902,0.8109999999999999,0.1555793991416309,0.043912175648702596,0.2774451097804391,0.23353293413173654,100,0.6172839506172839,100,162,1.0,495,162,1.0,994
1,urok,rabvs_budgeted_random_parts,10012,162,0.016180583300039953,2560,85,0.7338235294117647,0.005501717137903461,0.0014233639805913399,61.80246913580247,61.80246913580247,3072,0.9616460247702757,42.317708333333336,0.6340915560722351,0.833,0.12189859762675297,0.16367265469061876,0.15768463073852296,-0.0059880239520958,100,0.6172839506172839,100,130,0.8024691358024691,497,130,0.8024691358024691,997
2,urok,greedy_surrogate,10012,162,0.016180583300039953,2560,162,0.8684413580246914,0.004194380667839201,0.000716552228584894,61.80246913580247,61.80246913580247,80096,0.0,2.022572912504994,0.6224873065948486,0.378,0.17220902612826602,0.05588822355289421,0.26746506986027946,0.21157684630738524,100,0.6172839506172839,100,162,1.0,447,162,1.0,808
2,urok,boba_ucb,10012,162,0.016180583300039953,2560,160,0.83671875,0.005528813879669294,0.0010763436669053146,61.80246913580247,61.80246913580247,3072,0.9616460247702757,52.408854166666664,0.61931312084198,0.361,0.1753958587088916,0.02594810379241517,0.2954091816367265,0.26946107784431134,100,0.6172839506172839,100,160,0.9876543209876543,442,161,0.9938271604938271,805
2,urok,rabvs_budgeted_reliable,10012,162,0.016180583300039953,2560,160,0.83671875,0.005528813879669294,0.0010763436669053146,61.80246913580247,61.80246913580247,3072,0.9616460247702757,52.734375,0.6355884671211243,0.8140000000000001,0.1586433260393873,0.02594810379241517,0.2954091816367265,0.26946107784431134,100,0.6172839506172839,100,162,1.0,492,162,1.0,992
2,urok,rabvs_budgeted_no_ucb,10012,162,0.016180583300039953,2560,162,0.871141975308642,0.0044868200390632,0.0007560723014545779,61.80246913580247,61.80246913580247,3072,0.9616460247702757,52.734375,0.6376063823699951,0.8069999999999999,0.15541264737406216,0.043912175648702596,0.27944111776447106,0.23552894211576847,100,0.6172839506172839,100,162,1.0,496,162,1.0,996
2,urok,rabvs_budgeted_random_parts,10012,162,0.016180583300039953,2560,156,0.6057692307692307,0.005053206632876274,0.0011795338769747877,61.80246913580247,61.80246913580247,3072,0.9616460247702757,52.408854166666664,0.6391541957855225,0.802,0.15550755939524838,0.03792415169660679,0.28542914171656686,0.24750499001996007,100,0.6172839506172839,100,161,0.9938271604938271,497,161,0.9938271604938271,995
0,vgfr2,greedy_surrogate,25358,409,0.016129032258064516,2560,405,0.8291666666666667,0.0036171316215536367,0.0023077967661610695,62.0,62.0,202864,0.0,1.9964113889107973,0.5723376274108887,0.5760000000000001,0.40227507755946224,0.05441640378548896,0.26498422712933756,0.2105678233438486,100,0.24449877750611246,100,395,0.9657701711491442,497,405,0.9902200488997555,962
0,vgfr2,boba_ucb,25358,409,0.016129032258064516,2560,347,0.7671109510086456,0.005722997042367325,0.002965527020960794,62.0,62.0,3840,0.9810710623866236,105.20833333333333,0.5736319422721863,0.585,0.4024896265560166,0.0528391167192429,0.2665615141955836,0.2137223974763407,100,0.24449877750611246,100,393,0.960880195599022,498,404,0.9877750611246944,962
0,vgfr2,rabvs_budgeted_reliable,25358,409,0.016129032258064516,2560,347,0.7671109510086456,0.005722997042367325,0.002965527020960794,62.0,61.51181102362205,3840,0.9810710623866236,104.42708333333334,0.570365846157074,0.722,0.39609053497942387,0.0528391167192429,0.2665615141955836,0.2137223974763407,100,0.24449877750611246,100,392,0.9584352078239609,500,401,0.980440097799511,979
0,vgfr2,rabvs_budgeted_no_ucb,25358,409,0.016129032258064516,2560,403,0.8292493796526055,0.003849819322494755,0.0023910009405543743,62.0,61.51181102362205,3840,0.9810710623866236,104.94791666666667,0.5698323249816895,0.752,0.39692307692307693,0.04810725552050473,0.27287066246056785,0.2247634069400631,100,0.24449877750611246,100,399,0.9755501222493888,499,403,0.9853300733496333,989
0,vgfr2,rabvs_budgeted_random_parts,25358,409,0.016129032258064516,2560,361,0.4712603878116344,0.003523885240349042,0.0026431422780644077,62.0,61.267716535433074,3840,0.9810710623866236,103.64583333333334,0.5653932690620422,0.763,0.390194075587334,0.0914826498422713,0.22712933753943218,0.13564668769716087,100,0.24449877750611246,100,390,0.9535452322738386,499,398,0.9731051344743277,988
1,vgfr2,greedy_surrogate,25358,409,0.016129032258064516,2560,406,0.8265086206896551,0.003762922257256903,0.0024045347139282484,62.0,62.0,202864,0.0,1.9865525672371638,0.57277512550354,0.5840000000000001,0.40332640332640335,0.04889589905362776,0.27208201892744477,0.223186119873817,100,0.24449877750611246,100,400,0.9779951100244498,499,403,0.9853300733496333,948
1,vgfr2,boba_ucb,25358,409,0.016129032258064516,2560,339,0.7275073746312685,0.005101371093094795,0.0030872681919383153,62.0,61.75590551181102,3840,0.9810710623866236,104.6875,0.5685818195343018,0.577,0.39834881320949433,0.0583596214511041,0.2618296529968454,0.2034700315457413,100,0.24449877750611246,100,386,0.9437652811735942,498,402,0.9828850855745721,960
1,vgfr2,rabvs_budgeted_reliable,25358,409,0.016129032258064516,2560,339,0.7275073746312685,0.005101371093094795,0.0030872681919383153,62.0,61.51181102362205,3840,0.9810710623866236,105.20833333333333,0.5618820190429688,0.726,0.4004127966976264,0.0583596214511041,0.2618296529968454,0.2034700315457413,100,0.24449877750611246,100,386,0.9437652811735942,500,404,0.9877750611246944,988
1,vgfr2,rabvs_budgeted_no_ucb,25358,409,0.016129032258064516,2560,404,0.8241027227722773,0.003741823494591208,0.0022883733807370675,62.0,61.75590551181102,3840,0.9810710623866236,104.6875,0.568688690662384,0.754,0.39671120246659813,0.055993690851735015,0.26498422712933756,0.20899053627760256,100,0.24449877750611246,100,399,0.9755501222493888,499,402,0.9828850855745721,985
1,vgfr2,rabvs_budgeted_random_parts,25358,409,0.016129032258064516,2560,280,0.6296875,0.005907831664027272,0.003975162306751242,62.0,61.023622047244096,3840,0.9810710623866236,102.86458333333333,0.5753841400146484,0.735,0.3915289256198347,0.09227129337539432,0.22634069400630916,0.13406940063091483,100,0.24449877750611246,100,381,0.9315403422982885,496,395,0.9657701711491442,980
2,vgfr2,greedy_surrogate,25358,409,0.016129032258064516,2560,405,0.8265432098765432,0.003726425501564995,0.0023438969120667787,62.0,62.0,202864,0.0,1.9964113889107973,0.5729133486747742,0.5720000000000001,0.4056308654848801,0.056782334384858045,0.2634069400630915,0.20662460567823346,100,0.24449877750611246,100,396,0.9682151589242054,498,405,0.9902200488997555,953
2,vgfr2,boba_ucb,25358,409,0.016129032258064516,2560,362,0.7584599447513812,0.0050580168463336675,0.002725256542504303,62.0,62.0,3840,0.9810710623866236,104.6875,0.5669440627098083,0.593,0.4063157894736842,0.052050473186119876,0.26813880126182965,0.21608832807570977,100,0.24449877750611246,100,392,0.9584352078239609,497,402,0.9828850855745721,948
2,vgfr2,rabvs_budgeted_reliable,25358,409,0.016129032258064516,2560,362,0.7584599447513812,0.0050580168463336675,0.002725256542504303,62.0,61.75590551181102,3840,0.9810710623866236,104.42708333333334,0.5603591799736023,0.745,0.3973168214654283,0.052050473186119876,0.26813880126182965,0.21608832807570977,100,0.24449877750611246,100,392,0.9584352078239609,497,401,0.980440097799511,979
2,vgfr2,rabvs_budgeted_no_ucb,25358,409,0.016129032258064516,2560,403,0.8247518610421837,0.003600774056452305,0.0023403762590271,62.0,62.0,3840,0.9810710623866236,104.42708333333334,0.5664098262786865,0.768,0.3964984552008239,0.05441640378548896,0.2657728706624606,0.21135646687697163,100,0.24449877750611246,100,397,0.9706601466992665,498,401,0.980440097799511,987
2,vgfr2,rabvs_budgeted_random_parts,25358,409,0.016129032258064516,2560,273,0.5993589743589743,0.0053813739512076015,0.002999641105848785,62.0,61.75590551181102,3840,0.9810710623866236,104.42708333333334,0.5716579556465149,0.721,0.3952772073921971,0.10559495665878645,0.21529968454258674,0.1097047278838003,100,0.24449877750611246,100,389,0.9511002444987775,499,401,0.980440097799511,983
0,wee1,greedy_surrogate,6252,102,0.016314779270633396,2560,102,0.8743872549019608,0.0008538485132665595,1.6021769083539097e-05,61.29411764705883,61.29411764705883,50016,0.0,2.0393474088291743,0.643330454826355,0.44299999999999995,0.0851581508515815,0.003194888178913738,0.3226837060702875,0.3194888178913738,100,0.9803921568627451,56,102,1.0,421,102,1.0,843
0,wee1,boba_ucb,6252,102,0.016314779270633396,2560,102,0.8707107843137255,0.0013153041086420656,2.6488742747627445e-05,61.29411764705883,61.29411764705883,2810,0.943817978246961,36.29893238434163,0.647031307220459,0.44299999999999995,0.08557457212713937,0.003194888178913738,0.3226837060702875,0.3194888178913738,100,0.9803921568627451,56,102,1.0,416,102,1.0,832
0,wee1,rabvs_budgeted_reliable,6252,102,0.016314779270633396,2560,102,0.8707107843137255,0.0013153041086420656,2.6488742747627445e-05,61.29411764705883,61.29411764705883,2810,0.943817978246961,36.29893238434163,0.6377780437469482,0.904,0.07891770011273957,0.003194888178913738,0.3226837060702875,0.3194888178913738,100,0.9803921568627451,57,102,1.0,456,102,1.0,956
0,wee1,rabvs_budgeted_no_ucb,6252,102,0.016314779270633396,2560,102,0.875,0.001148062053867717,2.007887078778086e-05,61.29411764705883,61.29411764705883,2810,0.943817978246961,36.29893238434163,0.6353582143783569,0.904,0.07829977628635347,0.003194888178913738,0.3226837060702875,0.3194888178913738,100,0.9803921568627451,57,102,1.0,456,102,1.0,956
0,wee1,rabvs_budgeted_random_parts,6252,102,0.016314779270633396,2560,72,0.7803819444444444,0.0012048921916690417,6.748598411917443e-05,61.29411764705883,61.29411764705883,2810,0.943817978246961,36.29893238434163,0.6380493640899658,0.904,0.07847533632286996,0.003194888178913738,0.3226837060702875,0.3194888178913738,100,0.9803921568627451,57,102,1.0,456,102,1.0,956
1,wee1,greedy_surrogate,6252,102,0.016314779270633396,2560,102,0.875,0.0008321652342894175,1.5851304031611205e-05,61.29411764705883,61.29411764705883,50016,0.0,2.0393474088291743,0.6430260539054871,0.42200000000000004,0.08194774346793349,0.003194888178913738,0.3226837060702875,0.3194888178913738,100,0.9803921568627451,56,102,1.0,419,102,1.0,844
1,wee1,boba_ucb,6252,102,0.016314779270633396,2560,102,0.8682598039215687,0.0013421286020701701,2.8507196239200928e-05,61.29411764705883,61.29411764705883,2810,0.943817978246961,36.29893238434163,0.643017053604126,0.41600000000000004,0.08253588516746412,0.003194888178913738,0.3226837060702875,0.3194888178913738,100,0.9803921568627451,56,102,1.0,422,102,1.0,845
1,wee1,rabvs_budgeted_reliable,6252,102,0.016314779270633396,2560,102,0.8682598039215687,0.0013421286020701701,2.8507196239200928e-05,61.29411764705883,61.29411764705883,2810,0.943817978246961,36.29893238434163,0.6380152702331543,0.903,0.07876712328767123,0.003194888178913738,0.3226837060702875,0.3194888178913738,100,0.9803921568627451,57,102,1.0,456,102,1.0,956
1,wee1,rabvs_budgeted_no_ucb,6252,102,0.016314779270633396,2560,102,0.875,0.0011559077704491082,2.0274461484207886e-05,61.29411764705883,61.29411764705883,2810,0.943817978246961,36.29893238434163,0.6383051872253418,0.903,0.0777903043968433,0.003194888178913738,0.3226837060702875,0.3194888178913738,100,0.9803921568627451,57,102,1.0,456,102,1.0,956
1,wee1,rabvs_budgeted_random_parts,6252,102,0.016314779270633396,2560,74,0.7449324324324325,0.0009153610618980744,0.0001635301129787918,61.29411764705883,61.29411764705883,2810,0.943817978246961,35.94306049822064,0.6364529132843018,0.905,0.07736063708759955,0.07028753993610223,0.25559105431309903,0.1853035143769968,100,0.9803921568627451,57,101,0.9901960784313726,456,101,0.9901960784313726,956
2,wee1,greedy_surrogate,6252,102,0.016314779270633396,2560,102,0.875,0.0008468840422302186,1.6727352796890644e-05,61.29411764705883,61.29411764705883,50016,0.0,2.0393474088291743,0.6457930207252502,0.43100000000000005,0.08232445520581114,0.003194888178913738,0.3226837060702875,0.3194888178913738,100,0.9803921568627451,56,102,1.0,417,102,1.0,835
2,wee1,boba_ucb,6252,102,0.016314779270633396,2560,102,0.875,0.0011724459372763872,2.3185822285919757e-05,61.29411764705883,61.29411764705883,2810,0.943817978246961,36.29893238434163,0.64316326379776,0.41600000000000004,0.0825242718446602,0.003194888178913738,0.3226837060702875,0.3194888178913738,100,0.9803921568627451,56,102,1.0,415,102,1.0,838
2,wee1,rabvs_budgeted_reliable,6252,102,0.016314779270633396,2560,102,0.875,0.0011724459372763872,2.3185822285919757e-05,61.29411764705883,61.29411764705883,2810,0.943817978246961,36.29893238434163,0.6362477540969849,0.903,0.07727272727272727,0.003194888178913738,0.3226837060702875,0.3194888178913738,100,0.9803921568627451,57,102,1.0,456,102,1.0,956
2,wee1,rabvs_budgeted_no_ucb,6252,102,0.016314779270633396,2560,102,0.875,0.001130376419814953,2.0609941020957787e-05,61.29411764705883,61.29411764705883,2810,0.943817978246961,36.29893238434163,0.635633647441864,0.904,0.07674943566591422,0.003194888178913738,0.3226837060702875,0.3194888178913738,100,0.9803921568627451,57,102,1.0,456,102,1.0,956
2,wee1,rabvs_budgeted_random_parts,6252,102,0.016314779270633396,2560,60,0.8645833333333334,0.0012420630543352068,6.772001743752971e-05,61.29411764705883,61.29411764705883,2810,0.943817978246961,36.29893238434163,0.6363336443901062,0.904,0.07657657657657657,0.012779552715654952,0.31309904153354634,0.3003194888178914,100,0.9803921568627451,57,102,1.0,456,102,1.0,956
0,xiap,greedy_surrogate,5250,100,0.01904761904761905,2560,100,0.875,0.002440064454448965,0.00014184361446924806,52.49999999999999,52.49999999999999,42000,0.0,2.3809523809523814,0.654029905796051,0.45599999999999996,0.07681365576102418,0.015209125475285171,0.366412213740458,0.3512030882651728,100,1.0,49,100,1.0,349,100,1.0,691
0,xiap,boba_ucb,5250,100,0.01904761904761905,2560,100,0.845625,0.004087403079999713,0.0004035761974651245,52.49999999999999,52.49999999999999,2770,0.934047619047619,36.101083032490976,0.6561592221260071,0.473,0.07780979827089338,0.011406844106463879,0.3702290076335878,0.3588221635271239,100,1.0,49,100,1.0,341,100,1.0,686
0,xiap,rabvs_budgeted_reliable,5250,100,0.01904761904761905,2560,100,0.845625,0.004087403079999713,0.0004035761974651245,52.49999999999999,52.49999999999999,2770,0.934047619047619,36.101083032490976,0.6460286378860474,0.961,0.06451612903225806,0.011406844106463879,0.3702290076335878,0.3588221635271239,100,1.0,49,100,1.0,445,100,1.0,939
0,xiap,rabvs_budgeted_no_ucb,5250,100,0.01904761904761905,2560,100,0.875,0.0028987127171938,0.00016477743605489302,52.49999999999999,52.49999999999999,2770,0.934047619047619,36.101083032490976,0.6386829614639282,0.983,0.06279069767441861,0.011363636363636364,0.3716475095785441,0.36028387321490773,100,1.0,49,100,1.0,449,100,1.0,949
0,xiap,rabvs_budgeted_random_parts,5250,100,0.01904761904761905,2560,63,0.7142857142857143,0.0029393392757737307,0.0009205708811501036,52.49999999999999,52.49999999999999,2770,0.934047619047619,33.93501805054152,0.6406864523887634,0.98,0.057210965435041714,0.1444866920152091,0.2366412213740458,0.0921545293588367,93,0.93,53,94,0.94,453,94,0.94,941
1,xiap,greedy_surrogate,5250,100,0.01904761904761905,2560,100,0.875,0.002488141895962267,0.00015826468892192783,52.49999999999999,52.49999999999999,42000,0.0,2.3809523809523814,0.6531821489334106,0.472,0.06610407876230662,0.019011406844106463,0.36259541984732824,0.3435840130032218,100,1.0,49,100,1.0,346,100,1.0,699
1,xiap,boba_ucb,5250,100,0.01904761904761905,2560,100,0.865,0.0035096240701836846,0.00021156738531332212,52.49999999999999,52.49999999999999,2770,0.934047619047619,36.101083032490976,0.6566882729530334,0.46099999999999997,0.06743185078909612,0.015209125475285171,0.366412213740458,0.3512030882651728,100,1.0,49,100,1.0,339,100,1.0,676
1,xiap,rabvs_budgeted_reliable,5250,100,0.01904761904761905,2560,100,0.865,0.0035096240701836846,0.00021156738531332212,52.49999999999999,52.49999999999999,2770,0.934047619047619,36.101083032490976,0.6472085118293762,0.963,0.05795314426633785,0.015209125475285171,0.366412213740458,0.3512030882651728,100,1.0,49,100,1.0,448,100,1.0,932
1,xiap,rabvs_budgeted_no_ucb,5250,100,0.01904761904761905,2560,100,0.875,0.002880270329622385,0.00015444921697479457,52.49999999999999,52.49999999999999,2770,0.934047619047619,36.101083032490976,0.6379876136779785,0.985,0.055424528301886794,0.015209125475285171,0.366412213740458,0.3512030882651728,100,1.0,49,100,1.0,449,100,1.0,949
1,xiap,rabvs_budgeted_random_parts,5250,100,0.01904761904761905,2560,84,0.5565476190476191,0.0036631057776744516,0.00039247371443799955,52.49999999999999,52.49999999999999,2770,0.934047619047619,35.018050541516246,0.6390564441680908,0.969,0.054945054945054944,0.07224334600760456,0.30916030534351147,0.2369169593359069,97,0.97,51,97,0.97,451,97,0.97,945
2,xiap,greedy_surrogate,5250,100,0.01904761904761905,2560,100,0.868125,0.002240492198362823,0.00014360567600572608,52.49999999999999,52.49999999999999,42000,0.0,2.3809523809523814,0.6524518132209778,0.45799999999999996,0.07079646017699115,0.026615969581749048,0.3549618320610687,0.32834586247931963,100,1.0,49,100,1.0,344,100,1.0,685
2,xiap,boba_ucb,5250,100,0.01904761904761905,2560,100,0.858125,0.0029572429844318916,0.00020338575275120899,52.49999999999999,52.49999999999999,2770,0.934047619047619,36.101083032490976,0.6551290154457092,0.469,0.07058823529411765,0.022813688212927757,0.35877862595419846,0.3359649377412707,100,1.0,49,100,1.0,341,100,1.0,681
2,xiap,rabvs_budgeted_reliable,5250,100,0.01904761904761905,2560,100,0.858125,0.0029572429844318916,0.00020338575275120899,52.49999999999999,52.49999999999999,2770,0.934047619047619,36.101083032490976,0.6446290016174316,0.97,0.05804111245465538,0.022813688212927757,0.35877862595419846,0.3359649377412707,100,1.0,49,100,1.0,449,100,1.0,934
2,xiap,rabvs_budgeted_no_ucb,5250,100,0.01904761904761905,2560,100,0.835625,0.002903669621764083,0.0005701886373845886,52.49999999999999,52.49999999999999,2770,0.934047619047619,35.74007220216607,0.6343712210655212,0.987,0.05484247374562427,0.022813688212927757,0.35877862595419846,0.3359649377412707,98,0.98,50,99,0.99,450,99,0.99,950
2,xiap,rabvs_budgeted_random_parts,5250,100,0.01904761904761905,2560,36,0.8194444444444444,0.00013487245144237786,0.0009586968758061227,52.49999999999999,52.49999999999999,2770,0.934047619047619,34.29602888086643,0.6388911604881287,0.992,0.05162064825930372,0.14015151515151514,0.22988505747126436,0.08973354231974923,95,0.95,51,95,0.95,451,95,0.95,940
