seed,target,method,round,pool_size,active_count,queried_total,new_hits,cumulative_hits,risk_alert_rate_queried
0,aa2ar,boba_ucb,1,32032,482,384,128,136,0.4244791666666667
0,aa2ar,boba_ucb,2,32032,482,512,46,182,0.40625
0,aa2ar,boba_ucb,3,32032,482,640,14,196,0.434375
0,aa2ar,boba_ucb,4,32032,482,768,8,204,0.4153645833333333
0,aa2ar,boba_ucb,5,32032,482,896,0,204,0.4799107142857143
0,aa2ar,boba_ucb,6,32032,482,1024,8,212,0.478515625
0,aa2ar,rabvs_budgeted_reliable,1,32032,482,384,128,136,0.4244791666666667
0,aa2ar,rabvs_budgeted_reliable,2,32032,482,512,46,182,0.40625
0,aa2ar,rabvs_budgeted_reliable,3,32032,482,640,14,196,0.434375
0,aa2ar,rabvs_budgeted_reliable,4,32032,482,768,8,204,0.4153645833333333
0,aa2ar,rabvs_budgeted_reliable,5,32032,482,896,0,204,0.4799107142857143
0,aa2ar,rabvs_budgeted_reliable,6,32032,482,1024,8,212,0.478515625
0,aa2ar,rabvs_budgeted_no_ucb,1,32032,482,384,128,136,0.4244791666666667
0,aa2ar,rabvs_budgeted_no_ucb,2,32032,482,512,127,263,0.419921875
0,aa2ar,rabvs_budgeted_no_ucb,3,32032,482,640,56,319,0.409375
0,aa2ar,rabvs_budgeted_no_ucb,4,32032,482,768,58,377,0.3815104166666667
0,aa2ar,rabvs_budgeted_no_ucb,5,32032,482,896,26,403,0.37611607142857145
0,aa2ar,rabvs_budgeted_no_ucb,6,32032,482,1024,13,416,0.3857421875
0,aa2ar,rabvs_budgeted_random_parts,1,32032,482,384,3,11,0.4921875
0,aa2ar,rabvs_budgeted_random_parts,2,32032,482,512,113,124,0.421875
0,aa2ar,rabvs_budgeted_random_parts,3,32032,482,640,2,126,0.459375
0,aa2ar,rabvs_budgeted_random_parts,4,32032,482,768,1,127,0.4674479166666667
0,aa2ar,rabvs_budgeted_random_parts,5,32032,482,896,3,130,0.4564732142857143
0,aa2ar,rabvs_budgeted_random_parts,6,32032,482,1024,0,130,0.4619140625
1,aa2ar,boba_ucb,1,32032,482,384,128,136,0.4140625
1,aa2ar,boba_ucb,2,32032,482,512,58,194,0.361328125
1,aa2ar,boba_ucb,3,32032,482,640,16,210,0.3390625
1,aa2ar,boba_ucb,4,32032,482,768,47,257,0.33203125
1,aa2ar,boba_ucb,5,32032,482,896,0,257,0.35267857142857145
1,aa2ar,boba_ucb,6,32032,482,1024,0,257,0.3837890625
1,aa2ar,rabvs_budgeted_reliable,1,32032,482,384,128,136,0.4140625
1,aa2ar,rabvs_budgeted_reliable,2,32032,482,512,58,194,0.361328125
1,aa2ar,rabvs_budgeted_reliable,3,32032,482,640,16,210,0.3390625
1,aa2ar,rabvs_budgeted_reliable,4,32032,482,768,47,257,0.33203125
1,aa2ar,rabvs_budgeted_reliable,5,32032,482,896,0,257,0.35267857142857145
1,aa2ar,rabvs_budgeted_reliable,6,32032,482,1024,0,257,0.3837890625
1,aa2ar,rabvs_budgeted_no_ucb,1,32032,482,384,128,136,0.4140625
1,aa2ar,rabvs_budgeted_no_ucb,2,32032,482,512,119,255,0.3515625
1,aa2ar,rabvs_budgeted_no_ucb,3,32032,482,640,96,351,0.35625
1,aa2ar,rabvs_budgeted_no_ucb,4,32032,482,768,49,400,0.3294270833333333
1,aa2ar,rabvs_budgeted_no_ucb,5,32032,482,896,6,406,0.34933035714285715
1,aa2ar,rabvs_budgeted_no_ucb,6,32032,482,1024,10,416,0.3486328125
1,aa2ar,rabvs_budgeted_random_parts,1,32032,482,384,49,57,0.453125
1,aa2ar,rabvs_budgeted_random_parts,2,32032,482,512,1,58,0.5
1,aa2ar,rabvs_budgeted_random_parts,3,32032,482,640,73,131,0.5015625
1,aa2ar,rabvs_budgeted_random_parts,4,32032,482,768,67,198,0.4674479166666667
1,aa2ar,rabvs_budgeted_random_parts,5,32032,482,896,4,202,0.45424107142857145
1,aa2ar,rabvs_budgeted_random_parts,6,32032,482,1024,6,208,0.47265625
2,aa2ar,boba_ucb,1,32032,482,384,128,136,0.4244791666666667
2,aa2ar,boba_ucb,2,32032,482,512,12,148,0.392578125
2,aa2ar,boba_ucb,3,32032,482,640,24,172,0.4421875
2,aa2ar,boba_ucb,4,32032,482,768,3,175,0.44921875
2,aa2ar,boba_ucb,5,32032,482,896,3,178,0.4642857142857143
2,aa2ar,boba_ucb,6,32032,482,1024,1,179,0.4814453125
2,aa2ar,rabvs_budgeted_reliable,1,32032,482,384,128,136,0.4244791666666667
2,aa2ar,rabvs_budgeted_reliable,2,32032,482,512,12,148,0.392578125
2,aa2ar,rabvs_budgeted_reliable,3,32032,482,640,24,172,0.4421875
2,aa2ar,rabvs_budgeted_reliable,4,32032,482,768,3,175,0.44921875
2,aa2ar,rabvs_budgeted_reliable,5,32032,482,896,3,178,0.4642857142857143
2,aa2ar,rabvs_budgeted_reliable,6,32032,482,1024,1,179,0.4814453125
2,aa2ar,rabvs_budgeted_no_ucb,1,32032,482,384,128,136,0.4244791666666667
2,aa2ar,rabvs_budgeted_no_ucb,2,32032,482,512,128,264,0.4140625
2,aa2ar,rabvs_budgeted_no_ucb,3,32032,482,640,71,335,0.378125
2,aa2ar,rabvs_budgeted_no_ucb,4,32032,482,768,44,379,0.3541666666666667
2,aa2ar,rabvs_budgeted_no_ucb,5,32032,482,896,35,414,0.35267857142857145
2,aa2ar,rabvs_budgeted_no_ucb,6,32032,482,1024,21,435,0.3564453125
2,aa2ar,rabvs_budgeted_random_parts,1,32032,482,384,1,9,0.4583333333333333
2,aa2ar,rabvs_budgeted_random_parts,2,32032,482,512,0,9,0.51953125
2,aa2ar,rabvs_budgeted_random_parts,3,32032,482,640,2,11,0.475
2,aa2ar,rabvs_budgeted_random_parts,4,32032,482,768,83,94,0.44140625
2,aa2ar,rabvs_budgeted_random_parts,5,32032,482,896,51,145,0.42299107142857145
2,aa2ar,rabvs_budgeted_random_parts,6,32032,482,1024,0,145,0.427734375
0,abl1,boba_ucb,1,10932,182,384,97,105,0.4739583333333333
0,abl1,boba_ucb,2,10932,182,512,18,123,0.474609375
0,abl1,boba_ucb,3,10932,182,640,2,125,0.4328125
0,abl1,boba_ucb,4,10932,182,768,0,125,0.4231770833333333
0,abl1,boba_ucb,5,10932,182,896,1,126,0.41517857142857145
0,abl1,boba_ucb,6,10932,182,1024,8,134,0.4296875
0,abl1,rabvs_budgeted_reliable,1,10932,182,384,97,105,0.4739583333333333
0,abl1,rabvs_budgeted_reliable,2,10932,182,512,18,123,0.474609375
0,abl1,rabvs_budgeted_reliable,3,10932,182,640,2,125,0.4328125
0,abl1,rabvs_budgeted_reliable,4,10932,182,768,0,125,0.4231770833333333
0,abl1,rabvs_budgeted_reliable,5,10932,182,896,1,126,0.41517857142857145
0,abl1,rabvs_budgeted_reliable,6,10932,182,1024,8,134,0.4296875
0,abl1,rabvs_budgeted_no_ucb,1,10932,182,384,100,108,0.4609375
0,abl1,rabvs_budgeted_no_ucb,2,10932,182,512,33,141,0.453125
0,abl1,rabvs_budgeted_no_ucb,3,10932,182,640,17,158,0.4328125
0,abl1,rabvs_budgeted_no_ucb,4,10932,182,768,7,165,0.4583333333333333
0,abl1,rabvs_budgeted_no_ucb,5,10932,182,896,5,170,0.44308035714285715
0,abl1,rabvs_budgeted_no_ucb,6,10932,182,1024,1,171,0.4345703125
0,abl1,rabvs_budgeted_random_parts,1,10932,182,384,2,10,0.4453125
0,abl1,rabvs_budgeted_random_parts,2,10932,182,512,10,20,0.427734375
0,abl1,rabvs_budgeted_random_parts,3,10932,182,640,0,20,0.3984375
0,abl1,rabvs_budgeted_random_parts,4,10932,182,768,33,53,0.3697916666666667
0,abl1,rabvs_budgeted_random_parts,5,10932,182,896,1,54,0.3984375
0,abl1,rabvs_budgeted_random_parts,6,10932,182,1024,23,77,0.451171875
1,abl1,boba_ucb,1,10932,182,384,125,133,0.453125
1,abl1,boba_ucb,2,10932,182,512,10,143,0.4609375
1,abl1,boba_ucb,3,10932,182,640,2,145,0.45625
1,abl1,boba_ucb,4,10932,182,768,0,145,0.4479166666666667
1,abl1,boba_ucb,5,10932,182,896,0,145,0.43526785714285715
1,abl1,boba_ucb,6,10932,182,1024,0,145,0.4384765625
1,abl1,rabvs_budgeted_reliable,1,10932,182,384,125,133,0.453125
1,abl1,rabvs_budgeted_reliable,2,10932,182,512,10,143,0.4609375
1,abl1,rabvs_budgeted_reliable,3,10932,182,640,2,145,0.45625
1,abl1,rabvs_budgeted_reliable,4,10932,182,768,0,145,0.4479166666666667
1,abl1,rabvs_budgeted_reliable,5,10932,182,896,0,145,0.43526785714285715
1,abl1,rabvs_budgeted_reliable,6,10932,182,1024,0,145,0.4384765625
1,abl1,rabvs_budgeted_no_ucb,1,10932,182,384,125,133,0.4583333333333333
1,abl1,rabvs_budgeted_no_ucb,2,10932,182,512,18,151,0.44921875
1,abl1,rabvs_budgeted_no_ucb,3,10932,182,640,2,153,0.4703125
1,abl1,rabvs_budgeted_no_ucb,4,10932,182,768,2,155,0.4518229166666667
1,abl1,rabvs_budgeted_no_ucb,5,10932,182,896,8,163,0.44308035714285715
1,abl1,rabvs_budgeted_no_ucb,6,10932,182,1024,8,171,0.4501953125
1,abl1,rabvs_budgeted_random_parts,1,10932,182,384,1,9,0.4713541666666667
1,abl1,rabvs_budgeted_random_parts,2,10932,182,512,50,59,0.4296875
1,abl1,rabvs_budgeted_random_parts,3,10932,182,640,0,59,0.4828125
1,abl1,rabvs_budgeted_random_parts,4,10932,182,768,40,99,0.4817708333333333
1,abl1,rabvs_budgeted_random_parts,5,10932,182,896,1,100,0.48995535714285715
1,abl1,rabvs_budgeted_random_parts,6,10932,182,1024,0,100,0.478515625
2,abl1,boba_ucb,1,10932,182,384,97,105,0.4192708333333333
2,abl1,boba_ucb,2,10932,182,512,19,124,0.4296875
2,abl1,boba_ucb,3,10932,182,640,17,141,0.4140625
2,abl1,boba_ucb,4,10932,182,768,2,143,0.4361979166666667
2,abl1,boba_ucb,5,10932,182,896,0,143,0.43526785714285715
2,abl1,boba_ucb,6,10932,182,1024,0,143,0.443359375
2,abl1,rabvs_budgeted_reliable,1,10932,182,384,97,105,0.4192708333333333
2,abl1,rabvs_budgeted_reliable,2,10932,182,512,19,124,0.4296875
2,abl1,rabvs_budgeted_reliable,3,10932,182,640,17,141,0.4140625
2,abl1,rabvs_budgeted_reliable,4,10932,182,768,2,143,0.4361979166666667
2,abl1,rabvs_budgeted_reliable,5,10932,182,896,0,143,0.43526785714285715
2,abl1,rabvs_budgeted_reliable,6,10932,182,1024,0,143,0.443359375
2,abl1,rabvs_budgeted_no_ucb,1,10932,182,384,89,97,0.4453125
2,abl1,rabvs_budgeted_no_ucb,2,10932,182,512,57,154,0.4140625
2,abl1,rabvs_budgeted_no_ucb,3,10932,182,640,6,160,0.44375
2,abl1,rabvs_budgeted_no_ucb,4,10932,182,768,6,166,0.4401041666666667
2,abl1,rabvs_budgeted_no_ucb,5,10932,182,896,2,168,0.42857142857142855
2,abl1,rabvs_budgeted_no_ucb,6,10932,182,1024,2,170,0.427734375
2,abl1,rabvs_budgeted_random_parts,1,10932,182,384,0,8,0.4375
2,abl1,rabvs_budgeted_random_parts,2,10932,182,512,5,13,0.427734375
2,abl1,rabvs_budgeted_random_parts,3,10932,182,640,13,26,0.4265625
2,abl1,rabvs_budgeted_random_parts,4,10932,182,768,0,26,0.42578125
2,abl1,rabvs_budgeted_random_parts,5,10932,182,896,7,33,0.44419642857142855
2,abl1,rabvs_budgeted_random_parts,6,10932,182,1024,21,54,0.4365234375
0,ace,boba_ucb,1,17182,282,384,128,136,0.5494791666666666
0,ace,boba_ucb,2,17182,282,512,3,139,0.568359375
0,ace,boba_ucb,3,17182,282,640,1,140,0.53125
0,ace,boba_ucb,4,17182,282,768,0,140,0.4908854166666667
0,ace,boba_ucb,5,17182,282,896,0,140,0.4921875
0,ace,boba_ucb,6,17182,282,1024,0,140,0.4697265625
0,ace,rabvs_budgeted_reliable,1,17182,282,384,128,136,0.5494791666666666
0,ace,rabvs_budgeted_reliable,2,17182,282,512,3,139,0.568359375
0,ace,rabvs_budgeted_reliable,3,17182,282,640,1,140,0.53125
0,ace,rabvs_budgeted_reliable,4,17182,282,768,0,140,0.4908854166666667
0,ace,rabvs_budgeted_reliable,5,17182,282,896,0,140,0.4921875
0,ace,rabvs_budgeted_reliable,6,17182,282,1024,0,140,0.4697265625
0,ace,rabvs_budgeted_no_ucb,1,17182,282,384,128,136,0.5494791666666666
0,ace,rabvs_budgeted_no_ucb,2,17182,282,512,126,262,0.603515625
0,ace,rabvs_budgeted_no_ucb,3,17182,282,640,14,276,0.5875
0,ace,rabvs_budgeted_no_ucb,4,17182,282,768,4,280,0.5846354166666666
0,ace,rabvs_budgeted_no_ucb,5,17182,282,896,0,280,0.5703125
0,ace,rabvs_budgeted_no_ucb,6,17182,282,1024,0,280,0.576171875
0,ace,rabvs_budgeted_random_parts,1,17182,282,384,2,10,0.5911458333333334
0,ace,rabvs_budgeted_random_parts,2,17182,282,512,0,10,0.552734375
0,ace,rabvs_budgeted_random_parts,3,17182,282,640,1,11,0.5640625
0,ace,rabvs_budgeted_random_parts,4,17182,282,768,0,11,0.5611979166666666
0,ace,rabvs_budgeted_random_parts,5,17182,282,896,0,11,0.5613839285714286
0,ace,rabvs_budgeted_random_parts,6,17182,282,1024,1,12,0.552734375
1,ace,boba_ucb,1,17182,282,384,128,136,0.5572916666666666
1,ace,boba_ucb,2,17182,282,512,40,176,0.5859375
1,ace,boba_ucb,3,17182,282,640,1,177,0.5765625
1,ace,boba_ucb,4,17182,282,768,0,177,0.5364583333333334
1,ace,boba_ucb,5,17182,282,896,0,177,0.5212053571428571
1,ace,boba_ucb,6,17182,282,1024,0,177,0.5302734375
1,ace,rabvs_budgeted_reliable,1,17182,282,384,128,136,0.5572916666666666
1,ace,rabvs_budgeted_reliable,2,17182,282,512,40,176,0.5859375
1,ace,rabvs_budgeted_reliable,3,17182,282,640,1,177,0.5765625
1,ace,rabvs_budgeted_reliable,4,17182,282,768,0,177,0.5364583333333334
1,ace,rabvs_budgeted_reliable,5,17182,282,896,0,177,0.5212053571428571
1,ace,rabvs_budgeted_reliable,6,17182,282,1024,0,177,0.5302734375
1,ace,rabvs_budgeted_no_ucb,1,17182,282,384,128,136,0.5572916666666666
1,ace,rabvs_budgeted_no_ucb,2,17182,282,512,124,260,0.58203125
1,ace,rabvs_budgeted_no_ucb,3,17182,282,640,17,277,0.5875
1,ace,rabvs_budgeted_no_ucb,4,17182,282,768,1,278,0.5364583333333334
1,ace,rabvs_budgeted_no_ucb,5,17182,282,896,2,280,0.53125
1,ace,rabvs_budgeted_no_ucb,6,17182,282,1024,0,280,0.548828125
1,ace,rabvs_budgeted_random_parts,1,17182,282,384,65,73,0.5572916666666666
1,ace,rabvs_budgeted_random_parts,2,17182,282,512,0,73,0.603515625
1,ace,rabvs_budgeted_random_parts,3,17182,282,640,1,74,0.5375
1,ace,rabvs_budgeted_random_parts,4,17182,282,768,0,74,0.5286458333333334
1,ace,rabvs_budgeted_random_parts,5,17182,282,896,0,74,0.5412946428571429
1,ace,rabvs_budgeted_random_parts,6,17182,282,1024,0,74,0.537109375
2,ace,boba_ucb,1,17182,282,384,128,136,0.5234375
2,ace,boba_ucb,2,17182,282,512,30,166,0.57421875
2,ace,boba_ucb,3,17182,282,640,6,172,0.5296875
2,ace,boba_ucb,4,17182,282,768,0,172,0.5403645833333334
2,ace,boba_ucb,5,17182,282,896,0,172,0.5390625
2,ace,boba_ucb,6,17182,282,1024,0,172,0.5390625
2,ace,rabvs_budgeted_reliable,1,17182,282,384,128,136,0.5234375
2,ace,rabvs_budgeted_reliable,2,17182,282,512,30,166,0.57421875
2,ace,rabvs_budgeted_reliable,3,17182,282,640,6,172,0.5296875
2,ace,rabvs_budgeted_reliable,4,17182,282,768,0,172,0.5403645833333334
2,ace,rabvs_budgeted_reliable,5,17182,282,896,0,172,0.5390625
2,ace,rabvs_budgeted_reliable,6,17182,282,1024,0,172,0.5390625
2,ace,rabvs_budgeted_no_ucb,1,17182,282,384,128,136,0.5234375
2,ace,rabvs_budgeted_no_ucb,2,17182,282,512,124,260,0.583984375
2,ace,rabvs_budgeted_no_ucb,3,17182,282,640,16,276,0.5796875
2,ace,rabvs_budgeted_no_ucb,4,17182,282,768,4,280,0.5598958333333334
2,ace,rabvs_budgeted_no_ucb,5,17182,282,896,0,280,0.5636160714285714
2,ace,rabvs_budgeted_no_ucb,6,17182,282,1024,0,280,0.5703125
2,ace,rabvs_budgeted_random_parts,1,17182,282,384,1,9,0.4583333333333333
2,ace,rabvs_budgeted_random_parts,2,17182,282,512,8,17,0.484375
2,ace,rabvs_budgeted_random_parts,3,17182,282,640,62,79,0.5125
2,ace,rabvs_budgeted_random_parts,4,17182,282,768,0,79,0.5065104166666666
2,ace,rabvs_budgeted_random_parts,5,17182,282,896,0,79,0.48995535714285715
2,ace,rabvs_budgeted_random_parts,6,17182,282,1024,0,79,0.484375
0,aces,boba_ucb,1,26703,453,384,128,136,0.4947916666666667
0,aces,boba_ucb,2,26703,453,512,56,192,0.53515625
0,aces,boba_ucb,3,26703,453,640,12,204,0.584375
0,aces,boba_ucb,4,26703,453,768,17,221,0.5520833333333334
0,aces,boba_ucb,5,26703,453,896,16,237,0.5602678571428571
0,aces,boba_ucb,6,26703,453,1024,5,242,0.5693359375
0,aces,rabvs_budgeted_reliable,1,26703,453,384,128,136,0.4947916666666667
0,aces,rabvs_budgeted_reliable,2,26703,453,512,56,192,0.53515625
0,aces,rabvs_budgeted_reliable,3,26703,453,640,12,204,0.584375
0,aces,rabvs_budgeted_reliable,4,26703,453,768,17,221,0.5520833333333334
0,aces,rabvs_budgeted_reliable,5,26703,453,896,16,237,0.5602678571428571
0,aces,rabvs_budgeted_reliable,6,26703,453,1024,5,242,0.5693359375
0,aces,rabvs_budgeted_no_ucb,1,26703,453,384,128,136,0.4947916666666667
0,aces,rabvs_budgeted_no_ucb,2,26703,453,512,117,253,0.537109375
0,aces,rabvs_budgeted_no_ucb,3,26703,453,640,56,309,0.56875
0,aces,rabvs_budgeted_no_ucb,4,26703,453,768,38,347,0.5989583333333334
0,aces,rabvs_budgeted_no_ucb,5,26703,453,896,15,362,0.6216517857142857
0,aces,rabvs_budgeted_no_ucb,6,26703,453,1024,7,369,0.6015625
0,aces,rabvs_budgeted_random_parts,1,26703,453,384,0,8,0.40625
0,aces,rabvs_budgeted_random_parts,2,26703,453,512,37,45,0.439453125
0,aces,rabvs_budgeted_random_parts,3,26703,453,640,16,61,0.46875
0,aces,rabvs_budgeted_random_parts,4,26703,453,768,8,69,0.51171875
0,aces,rabvs_budgeted_random_parts,5,26703,453,896,0,69,0.5033482142857143
0,aces,rabvs_budgeted_random_parts,6,26703,453,1024,5,74,0.5078125
1,aces,boba_ucb,1,26703,453,384,126,134,0.5729166666666666
1,aces,boba_ucb,2,26703,453,512,76,210,0.5546875
1,aces,boba_ucb,3,26703,453,640,54,264,0.5640625
1,aces,boba_ucb,4,26703,453,768,6,270,0.56640625
1,aces,boba_ucb,5,26703,453,896,18,288,0.5580357142857143
1,aces,boba_ucb,6,26703,453,1024,2,290,0.556640625
1,aces,rabvs_budgeted_reliable,1,26703,453,384,126,134,0.5729166666666666
1,aces,rabvs_budgeted_reliable,2,26703,453,512,76,210,0.5546875
1,aces,rabvs_budgeted_reliable,3,26703,453,640,54,264,0.5640625
1,aces,rabvs_budgeted_reliable,4,26703,453,768,6,270,0.56640625
1,aces,rabvs_budgeted_reliable,5,26703,453,896,18,288,0.5580357142857143
1,aces,rabvs_budgeted_reliable,6,26703,453,1024,2,290,0.556640625
1,aces,rabvs_budgeted_no_ucb,1,26703,453,384,125,133,0.5755208333333334
1,aces,rabvs_budgeted_no_ucb,2,26703,453,512,97,230,0.59375
1,aces,rabvs_budgeted_no_ucb,3,26703,453,640,75,305,0.5859375
1,aces,rabvs_budgeted_no_ucb,4,26703,453,768,42,347,0.6067708333333334
1,aces,rabvs_budgeted_no_ucb,5,26703,453,896,16,363,0.6238839285714286
1,aces,rabvs_budgeted_no_ucb,6,26703,453,1024,13,376,0.611328125
1,aces,rabvs_budgeted_random_parts,1,26703,453,384,0,8,0.375
1,aces,rabvs_budgeted_random_parts,2,26703,453,512,4,12,0.482421875
1,aces,rabvs_budgeted_random_parts,3,26703,453,640,52,64,0.5328125
1,aces,rabvs_budgeted_random_parts,4,26703,453,768,6,70,0.5690104166666666
1,aces,rabvs_budgeted_random_parts,5,26703,453,896,85,155,0.5982142857142857
1,aces,rabvs_budgeted_random_parts,6,26703,453,1024,8,163,0.6015625
2,aces,boba_ucb,1,26703,453,384,128,136,0.5651041666666666
2,aces,boba_ucb,2,26703,453,512,36,172,0.607421875
2,aces,boba_ucb,3,26703,453,640,11,183,0.5859375
2,aces,boba_ucb,4,26703,453,768,12,195,0.5885416666666666
2,aces,boba_ucb,5,26703,453,896,3,198,0.5602678571428571
2,aces,boba_ucb,6,26703,453,1024,4,202,0.556640625
2,aces,rabvs_budgeted_reliable,1,26703,453,384,128,136,0.5651041666666666
2,aces,rabvs_budgeted_reliable,2,26703,453,512,36,172,0.607421875
2,aces,rabvs_budgeted_reliable,3,26703,453,640,11,183,0.5859375
2,aces,rabvs_budgeted_reliable,4,26703,453,768,12,195,0.5885416666666666
2,aces,rabvs_budgeted_reliable,5,26703,453,896,3,198,0.5602678571428571
2,aces,rabvs_budgeted_reliable,6,26703,453,1024,4,202,0.556640625
2,aces,rabvs_budgeted_no_ucb,1,26703,453,384,127,135,0.5677083333333334
2,aces,rabvs_budgeted_no_ucb,2,26703,453,512,128,263,0.59375
2,aces,rabvs_budgeted_no_ucb,3,26703,453,640,25,288,0.5953125
2,aces,rabvs_budgeted_no_ucb,4,26703,453,768,46,334,0.5950520833333334
2,aces,rabvs_budgeted_no_ucb,5,26703,453,896,23,357,0.6171875
2,aces,rabvs_budgeted_no_ucb,6,26703,453,1024,16,373,0.6142578125
2,aces,rabvs_budgeted_random_parts,1,26703,453,384,50,58,0.5234375
2,aces,rabvs_budgeted_random_parts,2,26703,453,512,0,58,0.529296875
2,aces,rabvs_budgeted_random_parts,3,26703,453,640,2,60,0.49375
2,aces,rabvs_budgeted_random_parts,4,26703,453,768,96,156,0.546875
2,aces,rabvs_budgeted_random_parts,5,26703,453,896,3,159,0.5479910714285714
2,aces,rabvs_budgeted_random_parts,6,26703,453,1024,5,164,0.5380859375
0,ada,boba_ucb,1,5543,93,384,84,92,0.5078125
0,ada,boba_ucb,2,5543,93,512,0,92,0.486328125
0,ada,boba_ucb,3,5543,93,640,0,92,0.4890625
0,ada,boba_ucb,4,5543,93,768,0,92,0.4869791666666667
0,ada,boba_ucb,5,5543,93,896,0,92,0.4609375
0,ada,boba_ucb,6,5543,93,1024,0,92,0.482421875
0,ada,rabvs_budgeted_reliable,1,5543,93,384,84,92,0.5078125
0,ada,rabvs_budgeted_reliable,2,5543,93,512,0,92,0.486328125
0,ada,rabvs_budgeted_reliable,3,5543,93,640,0,92,0.4890625
0,ada,rabvs_budgeted_reliable,4,5543,93,768,0,92,0.4869791666666667
0,ada,rabvs_budgeted_reliable,5,5543,93,896,0,92,0.4609375
0,ada,rabvs_budgeted_reliable,6,5543,93,1024,0,92,0.482421875
0,ada,rabvs_budgeted_no_ucb,1,5543,93,384,84,92,0.4973958333333333
0,ada,rabvs_budgeted_no_ucb,2,5543,93,512,0,92,0.509765625
0,ada,rabvs_budgeted_no_ucb,3,5543,93,640,0,92,0.4953125
0,ada,rabvs_budgeted_no_ucb,4,5543,93,768,0,92,0.4947916666666667
0,ada,rabvs_budgeted_no_ucb,5,5543,93,896,0,92,0.49441964285714285
0,ada,rabvs_budgeted_no_ucb,6,5543,93,1024,0,92,0.5078125
0,ada,rabvs_budgeted_random_parts,1,5543,93,384,0,8,0.4609375
0,ada,rabvs_budgeted_random_parts,2,5543,93,512,21,29,0.505859375
0,ada,rabvs_budgeted_random_parts,3,5543,93,640,0,29,0.4765625
0,ada,rabvs_budgeted_random_parts,4,5543,93,768,0,29,0.51171875
0,ada,rabvs_budgeted_random_parts,5,5543,93,896,0,29,0.5446428571428571
0,ada,rabvs_budgeted_random_parts,6,5543,93,1024,0,29,0.525390625
1,ada,boba_ucb,1,5543,93,384,82,90,0.5026041666666666
1,ada,boba_ucb,2,5543,93,512,0,90,0.525390625
1,ada,boba_ucb,3,5543,93,640,0,90,0.5078125
1,ada,boba_ucb,4,5543,93,768,0,90,0.4856770833333333
1,ada,boba_ucb,5,5543,93,896,0,90,0.47098214285714285
1,ada,boba_ucb,6,5543,93,1024,0,90,0.4921875
1,ada,rabvs_budgeted_reliable,1,5543,93,384,82,90,0.5026041666666666
1,ada,rabvs_budgeted_reliable,2,5543,93,512,0,90,0.525390625
1,ada,rabvs_budgeted_reliable,3,5543,93,640,0,90,0.5078125
1,ada,rabvs_budgeted_reliable,4,5543,93,768,0,90,0.4856770833333333
1,ada,rabvs_budgeted_reliable,5,5543,93,896,0,90,0.47098214285714285
1,ada,rabvs_budgeted_reliable,6,5543,93,1024,0,90,0.4921875
1,ada,rabvs_budgeted_no_ucb,1,5543,93,384,81,89,0.4973958333333333
1,ada,rabvs_budgeted_no_ucb,2,5543,93,512,3,92,0.484375
1,ada,rabvs_budgeted_no_ucb,3,5543,93,640,0,92,0.5
1,ada,rabvs_budgeted_no_ucb,4,5543,93,768,0,92,0.5169270833333334
1,ada,rabvs_budgeted_no_ucb,5,5543,93,896,0,92,0.5033482142857143
1,ada,rabvs_budgeted_no_ucb,6,5543,93,1024,0,92,0.5107421875
1,ada,rabvs_budgeted_random_parts,1,5543,93,384,0,8,0.5234375
1,ada,rabvs_budgeted_random_parts,2,5543,93,512,0,8,0.51953125
1,ada,rabvs_budgeted_random_parts,3,5543,93,640,41,49,0.55
1,ada,rabvs_budgeted_random_parts,4,5543,93,768,17,66,0.5260416666666666
1,ada,rabvs_budgeted_random_parts,5,5543,93,896,0,66,0.5234375
1,ada,rabvs_budgeted_random_parts,6,5543,93,1024,0,66,0.525390625
2,ada,boba_ucb,1,5543,93,384,84,92,0.5026041666666666
2,ada,boba_ucb,2,5543,93,512,0,92,0.525390625
2,ada,boba_ucb,3,5543,93,640,0,92,0.50625
2,ada,boba_ucb,4,5543,93,768,0,92,0.4869791666666667
2,ada,boba_ucb,5,5543,93,896,0,92,0.49888392857142855
2,ada,boba_ucb,6,5543,93,1024,0,92,0.490234375
2,ada,rabvs_budgeted_reliable,1,5543,93,384,84,92,0.5026041666666666
2,ada,rabvs_budgeted_reliable,2,5543,93,512,0,92,0.525390625
2,ada,rabvs_budgeted_reliable,3,5543,93,640,0,92,0.50625
2,ada,rabvs_budgeted_reliable,4,5543,93,768,0,92,0.4869791666666667
2,ada,rabvs_budgeted_reliable,5,5543,93,896,0,92,0.49888392857142855
2,ada,rabvs_budgeted_reliable,6,5543,93,1024,0,92,0.490234375
2,ada,rabvs_budgeted_no_ucb,1,5543,93,384,84,92,0.5078125
2,ada,rabvs_budgeted_no_ucb,2,5543,93,512,0,92,0.509765625
2,ada,rabvs_budgeted_no_ucb,3,5543,93,640,0,92,0.4875
2,ada,rabvs_budgeted_no_ucb,4,5543,93,768,0,92,0.4765625
2,ada,rabvs_budgeted_no_ucb,5,5543,93,896,0,92,0.47879464285714285
2,ada,rabvs_budgeted_no_ucb,6,5543,93,1024,0,92,0.4921875
2,ada,rabvs_budgeted_random_parts,1,5543,93,384,0,8,0.4322916666666667
2,ada,rabvs_budgeted_random_parts,2,5543,93,512,0,8,0.41796875
2,ada,rabvs_budgeted_random_parts,3,5543,93,640,6,14,0.453125
2,ada,rabvs_budgeted_random_parts,4,5543,93,768,4,18,0.4778645833333333
2,ada,rabvs_budgeted_random_parts,5,5543,93,896,9,27,0.4732142857142857
2,ada,rabvs_budgeted_random_parts,6,5543,93,1024,0,27,0.4794921875
0,ada17,boba_ucb,1,36432,532,384,128,136,0.6875
0,ada17,boba_ucb,2,36432,532,512,57,193,0.6953125
0,ada17,boba_ucb,3,36432,532,640,47,240,0.7296875
0,ada17,boba_ucb,4,36432,532,768,7,247,0.6888020833333334
0,ada17,boba_ucb,5,36432,532,896,1,248,0.6529017857142857
0,ada17,boba_ucb,6,36432,532,1024,3,251,0.658203125
0,ada17,rabvs_budgeted_reliable,1,36432,532,384,128,136,0.6875
0,ada17,rabvs_budgeted_reliable,2,36432,532,512,57,193,0.6953125
0,ada17,rabvs_budgeted_reliable,3,36432,532,640,47,240,0.7296875
0,ada17,rabvs_budgeted_reliable,4,36432,532,768,7,247,0.6888020833333334
0,ada17,rabvs_budgeted_reliable,5,36432,532,896,1,248,0.6529017857142857
0,ada17,rabvs_budgeted_reliable,6,36432,532,1024,3,251,0.658203125
0,ada17,rabvs_budgeted_no_ucb,1,36432,532,384,128,136,0.6875
0,ada17,rabvs_budgeted_no_ucb,2,36432,532,512,128,264,0.76171875
0,ada17,rabvs_budgeted_no_ucb,3,36432,532,640,110,374,0.796875
0,ada17,rabvs_budgeted_no_ucb,4,36432,532,768,40,414,0.7721354166666666
0,ada17,rabvs_budgeted_no_ucb,5,36432,532,896,43,457,0.7566964285714286
0,ada17,rabvs_budgeted_no_ucb,6,36432,532,1024,11,468,0.7001953125
0,ada17,rabvs_budgeted_random_parts,1,36432,532,384,4,12,0.5729166666666666
0,ada17,rabvs_budgeted_random_parts,2,36432,532,512,5,17,0.57421875
0,ada17,rabvs_budgeted_random_parts,3,36432,532,640,5,22,0.5421875
0,ada17,rabvs_budgeted_random_parts,4,36432,532,768,3,25,0.5364583333333334
0,ada17,rabvs_budgeted_random_parts,5,36432,532,896,7,32,0.5491071428571429
0,ada17,rabvs_budgeted_random_parts,6,36432,532,1024,0,32,0.5302734375
1,ada17,boba_ucb,1,36432,532,384,128,136,0.6744791666666666
1,ada17,boba_ucb,2,36432,532,512,64,200,0.677734375
1,ada17,boba_ucb,3,36432,532,640,9,209,0.6875
1,ada17,boba_ucb,4,36432,532,768,11,220,0.6940104166666666
1,ada17,boba_ucb,5,36432,532,896,1,221,0.6696428571428571
1,ada17,boba_ucb,6,36432,532,1024,3,224,0.646484375
1,ada17,rabvs_budgeted_reliable,1,36432,532,384,128,136,0.6744791666666666
1,ada17,rabvs_budgeted_reliable,2,36432,532,512,64,200,0.677734375
1,ada17,rabvs_budgeted_reliable,3,36432,532,640,9,209,0.6875
1,ada17,rabvs_budgeted_reliable,4,36432,532,768,11,220,0.6940104166666666
1,ada17,rabvs_budgeted_reliable,5,36432,532,896,1,221,0.6696428571428571
1,ada17,rabvs_budgeted_reliable,6,36432,532,1024,3,224,0.646484375
1,ada17,rabvs_budgeted_no_ucb,1,36432,532,384,128,136,0.6744791666666666
1,ada17,rabvs_budgeted_no_ucb,2,36432,532,512,128,264,0.755859375
1,ada17,rabvs_budgeted_no_ucb,3,36432,532,640,116,380,0.7859375
1,ada17,rabvs_budgeted_no_ucb,4,36432,532,768,44,424,0.7682291666666666
1,ada17,rabvs_budgeted_no_ucb,5,36432,532,896,36,460,0.7801339285714286
1,ada17,rabvs_budgeted_no_ucb,6,36432,532,1024,21,481,0.7392578125
1,ada17,rabvs_budgeted_random_parts,1,36432,532,384,0,8,0.4505208333333333
1,ada17,rabvs_budgeted_random_parts,2,36432,532,512,0,8,0.4921875
1,ada17,rabvs_budgeted_random_parts,3,36432,532,640,2,10,0.49375
1,ada17,rabvs_budgeted_random_parts,4,36432,532,768,7,17,0.5091145833333334
1,ada17,rabvs_budgeted_random_parts,5,36432,532,896,0,17,0.4921875
1,ada17,rabvs_budgeted_random_parts,6,36432,532,1024,9,26,0.486328125
2,ada17,boba_ucb,1,36432,532,384,128,136,0.6744791666666666
2,ada17,boba_ucb,2,36432,532,512,42,178,0.66796875
2,ada17,boba_ucb,3,36432,532,640,19,197,0.6859375
2,ada17,boba_ucb,4,36432,532,768,11,208,0.66796875
2,ada17,boba_ucb,5,36432,532,896,3,211,0.6573660714285714
2,ada17,boba_ucb,6,36432,532,1024,0,211,0.6455078125
2,ada17,rabvs_budgeted_reliable,1,36432,532,384,128,136,0.6744791666666666
2,ada17,rabvs_budgeted_reliable,2,36432,532,512,42,178,0.66796875
2,ada17,rabvs_budgeted_reliable,3,36432,532,640,19,197,0.6859375
2,ada17,rabvs_budgeted_reliable,4,36432,532,768,11,208,0.66796875
2,ada17,rabvs_budgeted_reliable,5,36432,532,896,3,211,0.6573660714285714
2,ada17,rabvs_budgeted_reliable,6,36432,532,1024,0,211,0.6455078125
2,ada17,rabvs_budgeted_no_ucb,1,36432,532,384,128,136,0.6744791666666666
2,ada17,rabvs_budgeted_no_ucb,2,36432,532,512,128,264,0.751953125
2,ada17,rabvs_budgeted_no_ucb,3,36432,532,640,111,375,0.78125
2,ada17,rabvs_budgeted_no_ucb,4,36432,532,768,36,411,0.7838541666666666
2,ada17,rabvs_budgeted_no_ucb,5,36432,532,896,36,447,0.7444196428571429
2,ada17,rabvs_budgeted_no_ucb,6,36432,532,1024,44,491,0.720703125
2,ada17,rabvs_budgeted_random_parts,1,36432,532,384,4,12,0.5390625
2,ada17,rabvs_budgeted_random_parts,2,36432,532,512,4,16,0.51953125
2,ada17,rabvs_budgeted_random_parts,3,36432,532,640,1,17,0.5046875
2,ada17,rabvs_budgeted_random_parts,4,36432,532,768,12,29,0.5234375
2,ada17,rabvs_budgeted_random_parts,5,36432,532,896,13,42,0.5524553571428571
2,ada17,rabvs_budgeted_random_parts,6,36432,532,1024,3,45,0.544921875
0,adrb1,boba_ucb,1,16097,247,384,128,136,0.6145833333333334
0,adrb1,boba_ucb,2,16097,247,512,2,138,0.576171875
0,adrb1,boba_ucb,3,16097,247,640,4,142,0.5734375
0,adrb1,boba_ucb,4,16097,247,768,0,142,0.5729166666666666
0,adrb1,boba_ucb,5,16097,247,896,0,142,0.5502232142857143
0,adrb1,boba_ucb,6,16097,247,1024,0,142,0.53515625
0,adrb1,rabvs_budgeted_reliable,1,16097,247,384,128,136,0.6145833333333334
0,adrb1,rabvs_budgeted_reliable,2,16097,247,512,2,138,0.576171875
0,adrb1,rabvs_budgeted_reliable,3,16097,247,640,4,142,0.5734375
0,adrb1,rabvs_budgeted_reliable,4,16097,247,768,0,142,0.5729166666666666
0,adrb1,rabvs_budgeted_reliable,5,16097,247,896,0,142,0.5502232142857143
0,adrb1,rabvs_budgeted_reliable,6,16097,247,1024,0,142,0.53515625
0,adrb1,rabvs_budgeted_no_ucb,1,16097,247,384,128,136,0.6145833333333334
0,adrb1,rabvs_budgeted_no_ucb,2,16097,247,512,78,214,0.6015625
0,adrb1,rabvs_budgeted_no_ucb,3,16097,247,640,8,222,0.5953125
0,adrb1,rabvs_budgeted_no_ucb,4,16097,247,768,3,225,0.6015625
0,adrb1,rabvs_budgeted_no_ucb,5,16097,247,896,1,226,0.5814732142857143
0,adrb1,rabvs_budgeted_no_ucb,6,16097,247,1024,2,228,0.5673828125
0,adrb1,rabvs_budgeted_random_parts,1,16097,247,384,115,123,0.5703125
0,adrb1,rabvs_budgeted_random_parts,2,16097,247,512,1,124,0.595703125
0,adrb1,rabvs_budgeted_random_parts,3,16097,247,640,4,128,0.5859375
0,adrb1,rabvs_budgeted_random_parts,4,16097,247,768,0,128,0.5716145833333334
0,adrb1,rabvs_budgeted_random_parts,5,16097,247,896,1,129,0.5558035714285714
0,adrb1,rabvs_budgeted_random_parts,6,16097,247,1024,2,131,0.54296875
1,adrb1,boba_ucb,1,16097,247,384,128,136,0.6145833333333334
1,adrb1,boba_ucb,2,16097,247,512,5,141,0.583984375
1,adrb1,boba_ucb,3,16097,247,640,3,144,0.6125
1,adrb1,boba_ucb,4,16097,247,768,0,144,0.6380208333333334
1,adrb1,boba_ucb,5,16097,247,896,0,144,0.6160714285714286
1,adrb1,boba_ucb,6,16097,247,1024,1,145,0.5966796875
1,adrb1,rabvs_budgeted_reliable,1,16097,247,384,128,136,0.6145833333333334
1,adrb1,rabvs_budgeted_reliable,2,16097,247,512,5,141,0.583984375
1,adrb1,rabvs_budgeted_reliable,3,16097,247,640,3,144,0.6125
1,adrb1,rabvs_budgeted_reliable,4,16097,247,768,0,144,0.6380208333333334
1,adrb1,rabvs_budgeted_reliable,5,16097,247,896,0,144,0.6160714285714286
1,adrb1,rabvs_budgeted_reliable,6,16097,247,1024,1,145,0.5966796875
1,adrb1,rabvs_budgeted_no_ucb,1,16097,247,384,128,136,0.6145833333333334
1,adrb1,rabvs_budgeted_no_ucb,2,16097,247,512,83,219,0.591796875
1,adrb1,rabvs_budgeted_no_ucb,3,16097,247,640,4,223,0.621875
1,adrb1,rabvs_budgeted_no_ucb,4,16097,247,768,0,223,0.62890625
1,adrb1,rabvs_budgeted_no_ucb,5,16097,247,896,1,224,0.6116071428571429
1,adrb1,rabvs_budgeted_no_ucb,6,16097,247,1024,0,224,0.619140625
1,adrb1,rabvs_budgeted_random_parts,1,16097,247,384,2,10,0.5598958333333334
1,adrb1,rabvs_budgeted_random_parts,2,16097,247,512,0,10,0.51171875
1,adrb1,rabvs_budgeted_random_parts,3,16097,247,640,0,10,0.5015625
1,adrb1,rabvs_budgeted_random_parts,4,16097,247,768,0,10,0.4778645833333333
1,adrb1,rabvs_budgeted_random_parts,5,16097,247,896,0,10,0.5100446428571429
1,adrb1,rabvs_budgeted_random_parts,6,16097,247,1024,1,11,0.5234375
2,adrb1,boba_ucb,1,16097,247,384,128,136,0.6354166666666666
2,adrb1,boba_ucb,2,16097,247,512,2,138,0.623046875
2,adrb1,boba_ucb,3,16097,247,640,0,138,0.65
2,adrb1,boba_ucb,4,16097,247,768,3,141,0.6171875
2,adrb1,boba_ucb,5,16097,247,896,0,141,0.6171875
2,adrb1,boba_ucb,6,16097,247,1024,0,141,0.6005859375
2,adrb1,rabvs_budgeted_reliable,1,16097,247,384,128,136,0.6354166666666666
2,adrb1,rabvs_budgeted_reliable,2,16097,247,512,2,138,0.623046875
2,adrb1,rabvs_budgeted_reliable,3,16097,247,640,0,138,0.65
2,adrb1,rabvs_budgeted_reliable,4,16097,247,768,3,141,0.6171875
2,adrb1,rabvs_budgeted_reliable,5,16097,247,896,0,141,0.6171875
2,adrb1,rabvs_budgeted_reliable,6,16097,247,1024,0,141,0.6005859375
2,adrb1,rabvs_budgeted_no_ucb,1,16097,247,384,128,136,0.6354166666666666
2,adrb1,rabvs_budgeted_no_ucb,2,16097,247,512,87,223,0.619140625
2,adrb1,rabvs_budgeted_no_ucb,3,16097,247,640,5,228,0.646875
2,adrb1,rabvs_budgeted_no_ucb,4,16097,247,768,1,229,0.6315104166666666
2,adrb1,rabvs_budgeted_no_ucb,5,16097,247,896,4,233,0.6149553571428571
2,adrb1,rabvs_budgeted_no_ucb,6,16097,247,1024,4,237,0.61328125
2,adrb1,rabvs_budgeted_random_parts,1,16097,247,384,45,53,0.5598958333333334
2,adrb1,rabvs_budgeted_random_parts,2,16097,247,512,3,56,0.578125
2,adrb1,rabvs_budgeted_random_parts,3,16097,247,640,0,56,0.575
2,adrb1,rabvs_budgeted_random_parts,4,16097,247,768,0,56,0.5703125
2,adrb1,rabvs_budgeted_random_parts,5,16097,247,896,66,122,0.5770089285714286
2,adrb1,rabvs_budgeted_random_parts,6,16097,247,1024,58,180,0.5908203125
0,adrb2,boba_ucb,1,15231,231,384,127,135,0.6197916666666666
0,adrb2,boba_ucb,2,15231,231,512,0,135,0.564453125
0,adrb2,boba_ucb,3,15231,231,640,0,135,0.546875
0,adrb2,boba_ucb,4,15231,231,768,0,135,0.5533854166666666
0,adrb2,boba_ucb,5,15231,231,896,0,135,0.5301339285714286
0,adrb2,boba_ucb,6,15231,231,1024,0,135,0.5546875
0,adrb2,rabvs_budgeted_reliable,1,15231,231,384,127,135,0.6197916666666666
0,adrb2,rabvs_budgeted_reliable,2,15231,231,512,0,135,0.564453125
0,adrb2,rabvs_budgeted_reliable,3,15231,231,640,0,135,0.546875
0,adrb2,rabvs_budgeted_reliable,4,15231,231,768,0,135,0.5533854166666666
0,adrb2,rabvs_budgeted_reliable,5,15231,231,896,0,135,0.5301339285714286
0,adrb2,rabvs_budgeted_reliable,6,15231,231,1024,0,135,0.5546875
0,adrb2,rabvs_budgeted_no_ucb,1,15231,231,384,127,135,0.6223958333333334
0,adrb2,rabvs_budgeted_no_ucb,2,15231,231,512,63,198,0.578125
0,adrb2,rabvs_budgeted_no_ucb,3,15231,231,640,4,202,0.5828125
0,adrb2,rabvs_budgeted_no_ucb,4,15231,231,768,1,203,0.5703125
0,adrb2,rabvs_budgeted_no_ucb,5,15231,231,896,0,203,0.5513392857142857
0,adrb2,rabvs_budgeted_no_ucb,6,15231,231,1024,1,204,0.546875
0,adrb2,rabvs_budgeted_random_parts,1,15231,231,384,0,8,0.5729166666666666
0,adrb2,rabvs_budgeted_random_parts,2,15231,231,512,31,39,0.54296875
0,adrb2,rabvs_budgeted_random_parts,3,15231,231,640,0,39,0.578125
0,adrb2,rabvs_budgeted_random_parts,4,15231,231,768,0,39,0.5768229166666666
0,adrb2,rabvs_budgeted_random_parts,5,15231,231,896,1,40,0.5993303571428571
0,adrb2,rabvs_budgeted_random_parts,6,15231,231,1024,0,40,0.56640625
1,adrb2,boba_ucb,1,15231,231,384,97,105,0.6302083333333334
1,adrb2,boba_ucb,2,15231,231,512,1,106,0.55078125
1,adrb2,boba_ucb,3,15231,231,640,0,106,0.5390625
1,adrb2,boba_ucb,4,15231,231,768,1,107,0.5403645833333334
1,adrb2,boba_ucb,5,15231,231,896,0,107,0.5502232142857143
1,adrb2,boba_ucb,6,15231,231,1024,0,107,0.541015625
1,adrb2,rabvs_budgeted_reliable,1,15231,231,384,97,105,0.6302083333333334
1,adrb2,rabvs_budgeted_reliable,2,15231,231,512,1,106,0.55078125
1,adrb2,rabvs_budgeted_reliable,3,15231,231,640,0,106,0.5390625
1,adrb2,rabvs_budgeted_reliable,4,15231,231,768,1,107,0.5403645833333334
1,adrb2,rabvs_budgeted_reliable,5,15231,231,896,0,107,0.5502232142857143
1,adrb2,rabvs_budgeted_reliable,6,15231,231,1024,0,107,0.541015625
1,adrb2,rabvs_budgeted_no_ucb,1,15231,231,384,121,129,0.6354166666666666
1,adrb2,rabvs_budgeted_no_ucb,2,15231,231,512,69,198,0.58984375
1,adrb2,rabvs_budgeted_no_ucb,3,15231,231,640,11,209,0.5859375
1,adrb2,rabvs_budgeted_no_ucb,4,15231,231,768,6,215,0.5768229166666666
1,adrb2,rabvs_budgeted_no_ucb,5,15231,231,896,2,217,0.5837053571428571
1,adrb2,rabvs_budgeted_no_ucb,6,15231,231,1024,0,217,0.5673828125
1,adrb2,rabvs_budgeted_random_parts,1,15231,231,384,58,66,0.5520833333333334
1,adrb2,rabvs_budgeted_random_parts,2,15231,231,512,20,86,0.517578125
1,adrb2,rabvs_budgeted_random_parts,3,15231,231,640,0,86,0.5375
1,adrb2,rabvs_budgeted_random_parts,4,15231,231,768,2,88,0.5455729166666666
1,adrb2,rabvs_budgeted_random_parts,5,15231,231,896,0,88,0.5502232142857143
1,adrb2,rabvs_budgeted_random_parts,6,15231,231,1024,0,88,0.556640625
2,adrb2,boba_ucb,1,15231,231,384,128,136,0.5859375
2,adrb2,boba_ucb,2,15231,231,512,4,140,0.5546875
2,adrb2,boba_ucb,3,15231,231,640,0,140,0.553125
2,adrb2,boba_ucb,4,15231,231,768,2,142,0.5377604166666666
2,adrb2,boba_ucb,5,15231,231,896,2,144,0.5647321428571429
2,adrb2,boba_ucb,6,15231,231,1024,1,145,0.568359375
2,adrb2,rabvs_budgeted_reliable,1,15231,231,384,128,136,0.5859375
2,adrb2,rabvs_budgeted_reliable,2,15231,231,512,4,140,0.5546875
2,adrb2,rabvs_budgeted_reliable,3,15231,231,640,0,140,0.553125
2,adrb2,rabvs_budgeted_reliable,4,15231,231,768,2,142,0.5377604166666666
2,adrb2,rabvs_budgeted_reliable,5,15231,231,896,2,144,0.5647321428571429
2,adrb2,rabvs_budgeted_reliable,6,15231,231,1024,1,145,0.568359375
2,adrb2,rabvs_budgeted_no_ucb,1,15231,231,384,128,136,0.5859375
2,adrb2,rabvs_budgeted_no_ucb,2,15231,231,512,68,204,0.587890625
2,adrb2,rabvs_budgeted_no_ucb,3,15231,231,640,10,214,0.575
2,adrb2,rabvs_budgeted_no_ucb,4,15231,231,768,0,214,0.5846354166666666
2,adrb2,rabvs_budgeted_no_ucb,5,15231,231,896,2,216,0.5647321428571429
2,adrb2,rabvs_budgeted_no_ucb,6,15231,231,1024,0,216,0.5458984375
2,adrb2,rabvs_budgeted_random_parts,1,15231,231,384,49,57,0.5104166666666666
2,adrb2,rabvs_budgeted_random_parts,2,15231,231,512,34,91,0.51953125
2,adrb2,rabvs_budgeted_random_parts,3,15231,231,640,1,92,0.525
2,adrb2,rabvs_budgeted_random_parts,4,15231,231,768,1,93,0.53125
2,adrb2,rabvs_budgeted_random_parts,5,15231,231,896,0,93,0.5256696428571429
2,adrb2,rabvs_budgeted_random_parts,6,15231,231,1024,57,150,0.55078125
0,akt1,boba_ucb,1,16743,293,384,128,136,0.3151041666666667
0,akt1,boba_ucb,2,16743,293,512,13,149,0.353515625
0,akt1,boba_ucb,3,16743,293,640,0,149,0.375
0,akt1,boba_ucb,4,16743,293,768,4,153,0.3815104166666667
0,akt1,boba_ucb,5,16743,293,896,2,155,0.3549107142857143
0,akt1,boba_ucb,6,16743,293,1024,0,155,0.359375
0,akt1,rabvs_budgeted_reliable,1,16743,293,384,128,136,0.3151041666666667
0,akt1,rabvs_budgeted_reliable,2,16743,293,512,13,149,0.353515625
0,akt1,rabvs_budgeted_reliable,3,16743,293,640,0,149,0.375
0,akt1,rabvs_budgeted_reliable,4,16743,293,768,4,153,0.3815104166666667
0,akt1,rabvs_budgeted_reliable,5,16743,293,896,2,155,0.3549107142857143
0,akt1,rabvs_budgeted_reliable,6,16743,293,1024,0,155,0.359375
0,akt1,rabvs_budgeted_no_ucb,1,16743,293,384,128,136,0.3151041666666667
0,akt1,rabvs_budgeted_no_ucb,2,16743,293,512,93,229,0.306640625
0,akt1,rabvs_budgeted_no_ucb,3,16743,293,640,12,241,0.315625
0,akt1,rabvs_budgeted_no_ucb,4,16743,293,768,24,265,0.3294270833333333
0,akt1,rabvs_budgeted_no_ucb,5,16743,293,896,4,269,0.3404017857142857
0,akt1,rabvs_budgeted_no_ucb,6,16743,293,1024,3,272,0.3193359375
0,akt1,rabvs_budgeted_random_parts,1,16743,293,384,61,69,0.375
0,akt1,rabvs_budgeted_random_parts,2,16743,293,512,1,70,0.375
0,akt1,rabvs_budgeted_random_parts,3,16743,293,640,3,73,0.3984375
0,akt1,rabvs_budgeted_random_parts,4,16743,293,768,2,75,0.40234375
0,akt1,rabvs_budgeted_random_parts,5,16743,293,896,9,84,0.40401785714285715
0,akt1,rabvs_budgeted_random_parts,6,16743,293,1024,9,93,0.4140625
1,akt1,boba_ucb,1,16743,293,384,128,136,0.296875
1,akt1,boba_ucb,2,16743,293,512,66,202,0.302734375
1,akt1,boba_ucb,3,16743,293,640,0,202,0.3359375
1,akt1,boba_ucb,4,16743,293,768,0,202,0.34765625
1,akt1,boba_ucb,5,16743,293,896,0,202,0.36495535714285715
1,akt1,boba_ucb,6,16743,293,1024,1,203,0.376953125
1,akt1,rabvs_budgeted_reliable,1,16743,293,384,128,136,0.296875
1,akt1,rabvs_budgeted_reliable,2,16743,293,512,66,202,0.302734375
1,akt1,rabvs_budgeted_reliable,3,16743,293,640,0,202,0.3359375
1,akt1,rabvs_budgeted_reliable,4,16743,293,768,0,202,0.34765625
1,akt1,rabvs_budgeted_reliable,5,16743,293,896,0,202,0.36495535714285715
1,akt1,rabvs_budgeted_reliable,6,16743,293,1024,1,203,0.376953125
1,akt1,rabvs_budgeted_no_ucb,1,16743,293,384,128,136,0.296875
1,akt1,rabvs_budgeted_no_ucb,2,16743,293,512,82,218,0.30078125
1,akt1,rabvs_budgeted_no_ucb,3,16743,293,640,16,234,0.340625
1,akt1,rabvs_budgeted_no_ucb,4,16743,293,768,20,254,0.3541666666666667
1,akt1,rabvs_budgeted_no_ucb,5,16743,293,896,7,261,0.3671875
1,akt1,rabvs_budgeted_no_ucb,6,16743,293,1024,6,267,0.3740234375
1,akt1,rabvs_budgeted_random_parts,1,16743,293,384,1,9,0.3619791666666667
1,akt1,rabvs_budgeted_random_parts,2,16743,293,512,3,12,0.36328125
1,akt1,rabvs_budgeted_random_parts,3,16743,293,640,0,12,0.4125
1,akt1,rabvs_budgeted_random_parts,4,16743,293,768,1,13,0.3932291666666667
1,akt1,rabvs_budgeted_random_parts,5,16743,293,896,1,14,0.4174107142857143
1,akt1,rabvs_budgeted_random_parts,6,16743,293,1024,3,17,0.443359375
2,akt1,boba_ucb,1,16743,293,384,128,136,0.328125
2,akt1,boba_ucb,2,16743,293,512,75,211,0.31640625
2,akt1,boba_ucb,3,16743,293,640,12,223,0.3171875
2,akt1,boba_ucb,4,16743,293,768,0,223,0.3203125
2,akt1,boba_ucb,5,16743,293,896,2,225,0.33482142857142855
2,akt1,boba_ucb,6,16743,293,1024,4,229,0.3349609375
2,akt1,rabvs_budgeted_reliable,1,16743,293,384,128,136,0.328125
2,akt1,rabvs_budgeted_reliable,2,16743,293,512,75,211,0.31640625
2,akt1,rabvs_budgeted_reliable,3,16743,293,640,12,223,0.3171875
2,akt1,rabvs_budgeted_reliable,4,16743,293,768,0,223,0.3203125
2,akt1,rabvs_budgeted_reliable,5,16743,293,896,2,225,0.33482142857142855
2,akt1,rabvs_budgeted_reliable,6,16743,293,1024,4,229,0.3349609375
2,akt1,rabvs_budgeted_no_ucb,1,16743,293,384,128,136,0.328125
2,akt1,rabvs_budgeted_no_ucb,2,16743,293,512,88,224,0.3046875
2,akt1,rabvs_budgeted_no_ucb,3,16743,293,640,28,252,0.3515625
2,akt1,rabvs_budgeted_no_ucb,4,16743,293,768,7,259,0.34375
2,akt1,rabvs_budgeted_no_ucb,5,16743,293,896,9,268,0.36160714285714285
2,akt1,rabvs_budgeted_no_ucb,6,16743,293,1024,6,274,0.3603515625
2,akt1,rabvs_budgeted_random_parts,1,16743,293,384,0,8,0.390625
2,akt1,rabvs_budgeted_random_parts,2,16743,293,512,3,11,0.412109375
2,akt1,rabvs_budgeted_random_parts,3,16743,293,640,0,11,0.4140625
2,akt1,rabvs_budgeted_random_parts,4,16743,293,768,0,11,0.4088541666666667
2,akt1,rabvs_budgeted_random_parts,5,16743,293,896,2,13,0.4029017857142857
2,akt1,rabvs_budgeted_random_parts,6,16743,293,1024,0,13,0.388671875
0,akt2,boba_ucb,1,7017,117,384,86,94,0.3723958333333333
0,akt2,boba_ucb,2,7017,117,512,13,107,0.37890625
0,akt2,boba_ucb,3,7017,117,640,0,107,0.4109375
0,akt2,boba_ucb,4,7017,117,768,0,107,0.4088541666666667
0,akt2,boba_ucb,5,7017,117,896,0,107,0.4341517857142857
0,akt2,boba_ucb,6,7017,117,1024,0,107,0.423828125
0,akt2,rabvs_budgeted_reliable,1,7017,117,384,86,94,0.3723958333333333
0,akt2,rabvs_budgeted_reliable,2,7017,117,512,13,107,0.37890625
0,akt2,rabvs_budgeted_reliable,3,7017,117,640,0,107,0.4109375
0,akt2,rabvs_budgeted_reliable,4,7017,117,768,0,107,0.4088541666666667
0,akt2,rabvs_budgeted_reliable,5,7017,117,896,0,107,0.4341517857142857
0,akt2,rabvs_budgeted_reliable,6,7017,117,1024,0,107,0.423828125
0,akt2,rabvs_budgeted_no_ucb,1,7017,117,384,87,95,0.3671875
0,akt2,rabvs_budgeted_no_ucb,2,7017,117,512,15,110,0.37890625
0,akt2,rabvs_budgeted_no_ucb,3,7017,117,640,2,112,0.4171875
0,akt2,rabvs_budgeted_no_ucb,4,7017,117,768,1,113,0.4166666666666667
0,akt2,rabvs_budgeted_no_ucb,5,7017,117,896,0,113,0.4140625
0,akt2,rabvs_budgeted_no_ucb,6,7017,117,1024,1,114,0.4287109375
0,akt2,rabvs_budgeted_random_parts,1,7017,117,384,4,12,0.421875
0,akt2,rabvs_budgeted_random_parts,2,7017,117,512,8,20,0.4765625
0,akt2,rabvs_budgeted_random_parts,3,7017,117,640,2,22,0.4625
0,akt2,rabvs_budgeted_random_parts,4,7017,117,768,1,23,0.4231770833333333
0,akt2,rabvs_budgeted_random_parts,5,7017,117,896,12,35,0.4263392857142857
0,akt2,rabvs_budgeted_random_parts,6,7017,117,1024,0,35,0.43359375
1,akt2,boba_ucb,1,7017,117,384,74,82,0.40625
1,akt2,boba_ucb,2,7017,117,512,28,110,0.43359375
1,akt2,boba_ucb,3,7017,117,640,3,113,0.4140625
1,akt2,boba_ucb,4,7017,117,768,0,113,0.4778645833333333
1,akt2,boba_ucb,5,7017,117,896,0,113,0.453125
1,akt2,boba_ucb,6,7017,117,1024,0,113,0.4404296875
1,akt2,rabvs_budgeted_reliable,1,7017,117,384,74,82,0.40625
1,akt2,rabvs_budgeted_reliable,2,7017,117,512,28,110,0.43359375
1,akt2,rabvs_budgeted_reliable,3,7017,117,640,3,113,0.4140625
1,akt2,rabvs_budgeted_reliable,4,7017,117,768,0,113,0.4778645833333333
1,akt2,rabvs_budgeted_reliable,5,7017,117,896,0,113,0.453125
1,akt2,rabvs_budgeted_reliable,6,7017,117,1024,0,113,0.4404296875
1,akt2,rabvs_budgeted_no_ucb,1,7017,117,384,83,91,0.390625
1,akt2,rabvs_budgeted_no_ucb,2,7017,117,512,20,111,0.41796875
1,akt2,rabvs_budgeted_no_ucb,3,7017,117,640,5,116,0.4015625
1,akt2,rabvs_budgeted_no_ucb,4,7017,117,768,0,116,0.4270833333333333
1,akt2,rabvs_budgeted_no_ucb,5,7017,117,896,0,116,0.4408482142857143
1,akt2,rabvs_budgeted_no_ucb,6,7017,117,1024,0,116,0.470703125
1,akt2,rabvs_budgeted_random_parts,1,7017,117,384,0,8,0.4973958333333333
1,akt2,rabvs_budgeted_random_parts,2,7017,117,512,0,8,0.466796875
1,akt2,rabvs_budgeted_random_parts,3,7017,117,640,2,10,0.4828125
1,akt2,rabvs_budgeted_random_parts,4,7017,117,768,11,21,0.4869791666666667
1,akt2,rabvs_budgeted_random_parts,5,7017,117,896,17,38,0.4810267857142857
1,akt2,rabvs_budgeted_random_parts,6,7017,117,1024,0,38,0.4775390625
2,akt2,boba_ucb,1,7017,117,384,86,94,0.3880208333333333
2,akt2,boba_ucb,2,7017,117,512,9,103,0.4375
2,akt2,boba_ucb,3,7017,117,640,2,105,0.4265625
2,akt2,boba_ucb,4,7017,117,768,1,106,0.453125
2,akt2,boba_ucb,5,7017,117,896,0,106,0.43861607142857145
2,akt2,boba_ucb,6,7017,117,1024,0,106,0.451171875
2,akt2,rabvs_budgeted_reliable,1,7017,117,384,86,94,0.3880208333333333
2,akt2,rabvs_budgeted_reliable,2,7017,117,512,9,103,0.4375
2,akt2,rabvs_budgeted_reliable,3,7017,117,640,2,105,0.4265625
2,akt2,rabvs_budgeted_reliable,4,7017,117,768,1,106,0.453125
2,akt2,rabvs_budgeted_reliable,5,7017,117,896,0,106,0.43861607142857145
2,akt2,rabvs_budgeted_reliable,6,7017,117,1024,0,106,0.451171875
2,akt2,rabvs_budgeted_no_ucb,1,7017,117,384,85,93,0.3958333333333333
2,akt2,rabvs_budgeted_no_ucb,2,7017,117,512,4,97,0.4375
2,akt2,rabvs_budgeted_no_ucb,3,7017,117,640,14,111,0.428125
2,akt2,rabvs_budgeted_no_ucb,4,7017,117,768,4,115,0.453125
2,akt2,rabvs_budgeted_no_ucb,5,7017,117,896,0,115,0.45535714285714285
2,akt2,rabvs_budgeted_no_ucb,6,7017,117,1024,0,115,0.4677734375
2,akt2,rabvs_budgeted_random_parts,1,7017,117,384,0,8,0.4114583333333333
2,akt2,rabvs_budgeted_random_parts,2,7017,117,512,0,8,0.423828125
2,akt2,rabvs_budgeted_random_parts,3,7017,117,640,0,8,0.396875
2,akt2,rabvs_budgeted_random_parts,4,7017,117,768,0,8,0.3854166666666667
2,akt2,rabvs_budgeted_random_parts,5,7017,117,896,1,9,0.43080357142857145
2,akt2,rabvs_budgeted_random_parts,6,7017,117,1024,2,11,0.4326171875
0,aldr,boba_ucb,1,9159,159,384,91,99,0.5390625
0,aldr,boba_ucb,2,9159,159,512,28,127,0.494140625
0,aldr,boba_ucb,3,9159,159,640,0,127,0.540625
0,aldr,boba_ucb,4,9159,159,768,8,135,0.5377604166666666
0,aldr,boba_ucb,5,9159,159,896,5,140,0.5178571428571429
0,aldr,boba_ucb,6,9159,159,1024,0,140,0.5224609375
0,aldr,rabvs_budgeted_reliable,1,9159,159,384,91,99,0.5390625
0,aldr,rabvs_budgeted_reliable,2,9159,159,512,28,127,0.494140625
0,aldr,rabvs_budgeted_reliable,3,9159,159,640,0,127,0.540625
0,aldr,rabvs_budgeted_reliable,4,9159,159,768,8,135,0.5377604166666666
0,aldr,rabvs_budgeted_reliable,5,9159,159,896,5,140,0.5178571428571429
0,aldr,rabvs_budgeted_reliable,6,9159,159,1024,0,140,0.5224609375
0,aldr,rabvs_budgeted_no_ucb,1,9159,159,384,95,103,0.5338541666666666
0,aldr,rabvs_budgeted_no_ucb,2,9159,159,512,39,142,0.517578125
0,aldr,rabvs_budgeted_no_ucb,3,9159,159,640,11,153,0.525
0,aldr,rabvs_budgeted_no_ucb,4,9159,159,768,2,155,0.5247395833333334
0,aldr,rabvs_budgeted_no_ucb,5,9159,159,896,3,158,0.5267857142857143
0,aldr,rabvs_budgeted_no_ucb,6,9159,159,1024,0,158,0.5234375
0,aldr,rabvs_budgeted_random_parts,1,9159,159,384,8,16,0.5364583333333334
0,aldr,rabvs_budgeted_random_parts,2,9159,159,512,41,57,0.52734375
0,aldr,rabvs_budgeted_random_parts,3,9159,159,640,0,57,0.5109375
0,aldr,rabvs_budgeted_random_parts,4,9159,159,768,0,57,0.5065104166666666
0,aldr,rabvs_budgeted_random_parts,5,9159,159,896,2,59,0.49107142857142855
0,aldr,rabvs_budgeted_random_parts,6,9159,159,1024,15,74,0.50390625
1,aldr,boba_ucb,1,9159,159,384,97,105,0.4661458333333333
1,aldr,boba_ucb,2,9159,159,512,6,111,0.4609375
1,aldr,boba_ucb,3,9159,159,640,5,116,0.4734375
1,aldr,boba_ucb,4,9159,159,768,4,120,0.4830729166666667
1,aldr,boba_ucb,5,9159,159,896,1,121,0.4888392857142857
1,aldr,boba_ucb,6,9159,159,1024,0,121,0.4775390625
1,aldr,rabvs_budgeted_reliable,1,9159,159,384,97,105,0.4661458333333333
1,aldr,rabvs_budgeted_reliable,2,9159,159,512,6,111,0.4609375
1,aldr,rabvs_budgeted_reliable,3,9159,159,640,5,116,0.4734375
1,aldr,rabvs_budgeted_reliable,4,9159,159,768,4,120,0.4830729166666667
1,aldr,rabvs_budgeted_reliable,5,9159,159,896,1,121,0.4888392857142857
1,aldr,rabvs_budgeted_reliable,6,9159,159,1024,0,121,0.4775390625
1,aldr,rabvs_budgeted_no_ucb,1,9159,159,384,96,104,0.4713541666666667
1,aldr,rabvs_budgeted_no_ucb,2,9159,159,512,35,139,0.498046875
1,aldr,rabvs_budgeted_no_ucb,3,9159,159,640,3,142,0.50625
1,aldr,rabvs_budgeted_no_ucb,4,9159,159,768,7,149,0.4934895833333333
1,aldr,rabvs_budgeted_no_ucb,5,9159,159,896,7,156,0.4921875
1,aldr,rabvs_budgeted_no_ucb,6,9159,159,1024,2,158,0.5302734375
1,aldr,rabvs_budgeted_random_parts,1,9159,159,384,1,9,0.4713541666666667
1,aldr,rabvs_budgeted_random_parts,2,9159,159,512,34,43,0.462890625
1,aldr,rabvs_budgeted_random_parts,3,9159,159,640,1,44,0.4484375
1,aldr,rabvs_budgeted_random_parts,4,9159,159,768,2,46,0.44140625
1,aldr,rabvs_budgeted_random_parts,5,9159,159,896,0,46,0.45089285714285715
1,aldr,rabvs_budgeted_random_parts,6,9159,159,1024,2,48,0.474609375
2,aldr,boba_ucb,1,9159,159,384,101,109,0.3828125
2,aldr,boba_ucb,2,9159,159,512,9,118,0.455078125
2,aldr,boba_ucb,3,9159,159,640,1,119,0.496875
2,aldr,boba_ucb,4,9159,159,768,15,134,0.4895833333333333
2,aldr,boba_ucb,5,9159,159,896,0,134,0.5055803571428571
2,aldr,boba_ucb,6,9159,159,1024,0,134,0.5078125
2,aldr,rabvs_budgeted_reliable,1,9159,159,384,101,109,0.3828125
2,aldr,rabvs_budgeted_reliable,2,9159,159,512,9,118,0.455078125
2,aldr,rabvs_budgeted_reliable,3,9159,159,640,1,119,0.496875
2,aldr,rabvs_budgeted_reliable,4,9159,159,768,15,134,0.4895833333333333
2,aldr,rabvs_budgeted_reliable,5,9159,159,896,0,134,0.5055803571428571
2,aldr,rabvs_budgeted_reliable,6,9159,159,1024,0,134,0.5078125
2,aldr,rabvs_budgeted_no_ucb,1,9159,159,384,104,112,0.390625
2,aldr,rabvs_budgeted_no_ucb,2,9159,159,512,34,146,0.45703125
2,aldr,rabvs_budgeted_no_ucb,3,9159,159,640,6,152,0.4890625
2,aldr,rabvs_budgeted_no_ucb,4,9159,159,768,5,157,0.4973958333333333
2,aldr,rabvs_budgeted_no_ucb,5,9159,159,896,2,159,0.49441964285714285
2,aldr,rabvs_budgeted_no_ucb,6,9159,159,1024,0,159,0.49609375
2,aldr,rabvs_budgeted_random_parts,1,9159,159,384,0,8,0.3776041666666667
2,aldr,rabvs_budgeted_random_parts,2,9159,159,512,1,9,0.408203125
2,aldr,rabvs_budgeted_random_parts,3,9159,159,640,29,38,0.46875
2,aldr,rabvs_budgeted_random_parts,4,9159,159,768,0,38,0.4453125
2,aldr,rabvs_budgeted_random_parts,5,9159,159,896,1,39,0.47879464285714285
2,aldr,rabvs_budgeted_random_parts,6,9159,159,1024,24,63,0.4677734375
0,ampc,boba_ucb,1,2898,48,384,22,30,0.4921875
0,ampc,boba_ucb,2,2898,48,512,0,30,0.455078125
0,ampc,boba_ucb,3,2898,48,640,0,30,0.496875
0,ampc,boba_ucb,4,2898,48,768,1,31,0.5286458333333334
0,ampc,boba_ucb,5,2898,48,896,7,38,0.5256696428571429
0,ampc,boba_ucb,6,2898,48,1024,6,44,0.513671875
0,ampc,rabvs_budgeted_reliable,1,2898,48,384,22,30,0.4921875
0,ampc,rabvs_budgeted_reliable,2,2898,48,512,0,30,0.455078125
0,ampc,rabvs_budgeted_reliable,3,2898,48,640,0,30,0.496875
0,ampc,rabvs_budgeted_reliable,4,2898,48,768,1,31,0.5286458333333334
0,ampc,rabvs_budgeted_reliable,5,2898,48,896,7,38,0.5256696428571429
0,ampc,rabvs_budgeted_reliable,6,2898,48,1024,6,44,0.513671875
0,ampc,rabvs_budgeted_no_ucb,1,2898,48,384,28,36,0.4895833333333333
0,ampc,rabvs_budgeted_no_ucb,2,2898,48,512,4,40,0.47265625
0,ampc,rabvs_budgeted_no_ucb,3,2898,48,640,1,41,0.4875
0,ampc,rabvs_budgeted_no_ucb,4,2898,48,768,2,43,0.484375
0,ampc,rabvs_budgeted_no_ucb,5,2898,48,896,0,43,0.5011160714285714
0,ampc,rabvs_budgeted_no_ucb,6,2898,48,1024,1,44,0.5068359375
0,ampc,rabvs_budgeted_random_parts,1,2898,48,384,16,24,0.5364583333333334
0,ampc,rabvs_budgeted_random_parts,2,2898,48,512,9,33,0.51953125
0,ampc,rabvs_budgeted_random_parts,3,2898,48,640,0,33,0.521875
0,ampc,rabvs_budgeted_random_parts,4,2898,48,768,0,33,0.5221354166666666
0,ampc,rabvs_budgeted_random_parts,5,2898,48,896,3,36,0.4955357142857143
0,ampc,rabvs_budgeted_random_parts,6,2898,48,1024,1,37,0.48828125
1,ampc,boba_ucb,1,2898,48,384,27,35,0.5104166666666666
1,ampc,boba_ucb,2,2898,48,512,0,35,0.51953125
1,ampc,boba_ucb,3,2898,48,640,0,35,0.5375
1,ampc,boba_ucb,4,2898,48,768,3,38,0.5455729166666666
1,ampc,boba_ucb,5,2898,48,896,6,44,0.5100446428571429
1,ampc,boba_ucb,6,2898,48,1024,1,45,0.5009765625
1,ampc,rabvs_budgeted_reliable,1,2898,48,384,27,35,0.5104166666666666
1,ampc,rabvs_budgeted_reliable,2,2898,48,512,0,35,0.51953125
1,ampc,rabvs_budgeted_reliable,3,2898,48,640,0,35,0.5375
1,ampc,rabvs_budgeted_reliable,4,2898,48,768,3,38,0.5455729166666666
1,ampc,rabvs_budgeted_reliable,5,2898,48,896,6,44,0.5100446428571429
1,ampc,rabvs_budgeted_reliable,6,2898,48,1024,1,45,0.5009765625
1,ampc,rabvs_budgeted_no_ucb,1,2898,48,384,27,35,0.4713541666666667
1,ampc,rabvs_budgeted_no_ucb,2,2898,48,512,8,43,0.451171875
1,ampc,rabvs_budgeted_no_ucb,3,2898,48,640,0,43,0.45625
1,ampc,rabvs_budgeted_no_ucb,4,2898,48,768,1,44,0.4505208333333333
1,ampc,rabvs_budgeted_no_ucb,5,2898,48,896,1,45,0.4888392857142857
1,ampc,rabvs_budgeted_no_ucb,6,2898,48,1024,2,47,0.4755859375
1,ampc,rabvs_budgeted_random_parts,1,2898,48,384,0,8,0.4817708333333333
1,ampc,rabvs_budgeted_random_parts,2,2898,48,512,20,28,0.458984375
1,ampc,rabvs_budgeted_random_parts,3,2898,48,640,6,34,0.459375
1,ampc,rabvs_budgeted_random_parts,4,2898,48,768,2,36,0.4440104166666667
1,ampc,rabvs_budgeted_random_parts,5,2898,48,896,0,36,0.47544642857142855
1,ampc,rabvs_budgeted_random_parts,6,2898,48,1024,1,37,0.4775390625
2,ampc,boba_ucb,1,2898,48,384,27,35,0.4921875
2,ampc,boba_ucb,2,2898,48,512,1,36,0.478515625
2,ampc,boba_ucb,3,2898,48,640,0,36,0.440625
2,ampc,boba_ucb,4,2898,48,768,5,41,0.4479166666666667
2,ampc,boba_ucb,5,2898,48,896,0,41,0.45424107142857145
2,ampc,boba_ucb,6,2898,48,1024,0,41,0.50390625
2,ampc,rabvs_budgeted_reliable,1,2898,48,384,27,35,0.4921875
2,ampc,rabvs_budgeted_reliable,2,2898,48,512,1,36,0.478515625
2,ampc,rabvs_budgeted_reliable,3,2898,48,640,0,36,0.440625
2,ampc,rabvs_budgeted_reliable,4,2898,48,768,5,41,0.4479166666666667
2,ampc,rabvs_budgeted_reliable,5,2898,48,896,0,41,0.45424107142857145
2,ampc,rabvs_budgeted_reliable,6,2898,48,1024,0,41,0.50390625
2,ampc,rabvs_budgeted_no_ucb,1,2898,48,384,32,40,0.5078125
2,ampc,rabvs_budgeted_no_ucb,2,2898,48,512,1,41,0.458984375
2,ampc,rabvs_budgeted_no_ucb,3,2898,48,640,0,41,0.475
2,ampc,rabvs_budgeted_no_ucb,4,2898,48,768,0,41,0.46875
2,ampc,rabvs_budgeted_no_ucb,5,2898,48,896,3,44,0.48549107142857145
2,ampc,rabvs_budgeted_no_ucb,6,2898,48,1024,1,45,0.46875
2,ampc,rabvs_budgeted_random_parts,1,2898,48,384,4,12,0.53125
2,ampc,rabvs_budgeted_random_parts,2,2898,48,512,3,15,0.486328125
2,ampc,rabvs_budgeted_random_parts,3,2898,48,640,2,17,0.459375
2,ampc,rabvs_budgeted_random_parts,4,2898,48,768,1,18,0.45703125
2,ampc,rabvs_budgeted_random_parts,5,2898,48,896,0,18,0.4564732142857143
2,ampc,rabvs_budgeted_random_parts,6,2898,48,1024,2,20,0.4482421875
0,andr,boba_ucb,1,14619,269,384,99,107,0.4192708333333333
0,andr,boba_ucb,2,14619,269,512,7,114,0.45703125
0,andr,boba_ucb,3,14619,269,640,17,131,0.50625
0,andr,boba_ucb,4,14619,269,768,3,134,0.5091145833333334
0,andr,boba_ucb,5,14619,269,896,2,136,0.5066964285714286
0,andr,boba_ucb,6,14619,269,1024,4,140,0.5107421875
0,andr,rabvs_budgeted_reliable,1,14619,269,384,99,107,0.4192708333333333
0,andr,rabvs_budgeted_reliable,2,14619,269,512,7,114,0.45703125
0,andr,rabvs_budgeted_reliable,3,14619,269,640,17,131,0.50625
0,andr,rabvs_budgeted_reliable,4,14619,269,768,3,134,0.5091145833333334
0,andr,rabvs_budgeted_reliable,5,14619,269,896,2,136,0.5066964285714286
0,andr,rabvs_budgeted_reliable,6,14619,269,1024,4,140,0.5107421875
0,andr,rabvs_budgeted_no_ucb,1,14619,269,384,112,120,0.4348958333333333
0,andr,rabvs_budgeted_no_ucb,2,14619,269,512,66,186,0.427734375
0,andr,rabvs_budgeted_no_ucb,3,14619,269,640,14,200,0.453125
0,andr,rabvs_budgeted_no_ucb,4,14619,269,768,14,214,0.4895833333333333
0,andr,rabvs_budgeted_no_ucb,5,14619,269,896,3,217,0.49888392857142855
0,andr,rabvs_budgeted_no_ucb,6,14619,269,1024,5,222,0.505859375
0,andr,rabvs_budgeted_random_parts,1,14619,269,384,5,13,0.5078125
0,andr,rabvs_budgeted_random_parts,2,14619,269,512,1,14,0.4765625
0,andr,rabvs_budgeted_random_parts,3,14619,269,640,17,31,0.4765625
0,andr,rabvs_budgeted_random_parts,4,14619,269,768,1,32,0.5143229166666666
0,andr,rabvs_budgeted_random_parts,5,14619,269,896,0,32,0.4966517857142857
0,andr,rabvs_budgeted_random_parts,6,14619,269,1024,0,32,0.4794921875
1,andr,boba_ucb,1,14619,269,384,105,113,0.4401041666666667
1,andr,boba_ucb,2,14619,269,512,53,166,0.4765625
1,andr,boba_ucb,3,14619,269,640,9,175,0.48125
1,andr,boba_ucb,4,14619,269,768,13,188,0.5091145833333334
1,andr,boba_ucb,5,14619,269,896,10,198,0.5279017857142857
1,andr,boba_ucb,6,14619,269,1024,1,199,0.51953125
1,andr,rabvs_budgeted_reliable,1,14619,269,384,105,113,0.4401041666666667
1,andr,rabvs_budgeted_reliable,2,14619,269,512,53,166,0.4765625
1,andr,rabvs_budgeted_reliable,3,14619,269,640,9,175,0.48125
1,andr,rabvs_budgeted_reliable,4,14619,269,768,13,188,0.5091145833333334
1,andr,rabvs_budgeted_reliable,5,14619,269,896,10,198,0.5279017857142857
1,andr,rabvs_budgeted_reliable,6,14619,269,1024,1,199,0.51953125
1,andr,rabvs_budgeted_no_ucb,1,14619,269,384,105,113,0.4401041666666667
1,andr,rabvs_budgeted_no_ucb,2,14619,269,512,72,185,0.451171875
1,andr,rabvs_budgeted_no_ucb,3,14619,269,640,23,208,0.4921875
1,andr,rabvs_budgeted_no_ucb,4,14619,269,768,4,212,0.5638020833333334
1,andr,rabvs_budgeted_no_ucb,5,14619,269,896,8,220,0.5613839285714286
1,andr,rabvs_budgeted_no_ucb,6,14619,269,1024,9,229,0.5458984375
1,andr,rabvs_budgeted_random_parts,1,14619,269,384,17,25,0.4296875
1,andr,rabvs_budgeted_random_parts,2,14619,269,512,6,31,0.427734375
1,andr,rabvs_budgeted_random_parts,3,14619,269,640,7,38,0.4734375
1,andr,rabvs_budgeted_random_parts,4,14619,269,768,14,52,0.5364583333333334
1,andr,rabvs_budgeted_random_parts,5,14619,269,896,3,55,0.5100446428571429
1,andr,rabvs_budgeted_random_parts,6,14619,269,1024,58,113,0.5146484375
2,andr,boba_ucb,1,14619,269,384,86,94,0.4348958333333333
2,andr,boba_ucb,2,14619,269,512,19,113,0.427734375
2,andr,boba_ucb,3,14619,269,640,4,117,0.503125
2,andr,boba_ucb,4,14619,269,768,61,178,0.4934895833333333
2,andr,boba_ucb,5,14619,269,896,5,183,0.5066964285714286
2,andr,boba_ucb,6,14619,269,1024,9,192,0.5205078125
2,andr,rabvs_budgeted_reliable,1,14619,269,384,86,94,0.4348958333333333
2,andr,rabvs_budgeted_reliable,2,14619,269,512,19,113,0.427734375
2,andr,rabvs_budgeted_reliable,3,14619,269,640,4,117,0.503125
2,andr,rabvs_budgeted_reliable,4,14619,269,768,61,178,0.4934895833333333
2,andr,rabvs_budgeted_reliable,5,14619,269,896,5,183,0.5066964285714286
2,andr,rabvs_budgeted_reliable,6,14619,269,1024,9,192,0.5205078125
2,andr,rabvs_budgeted_no_ucb,1,14619,269,384,116,124,0.4244791666666667
2,andr,rabvs_budgeted_no_ucb,2,14619,269,512,65,189,0.42578125
2,andr,rabvs_budgeted_no_ucb,3,14619,269,640,16,205,0.49375
2,andr,rabvs_budgeted_no_ucb,4,14619,269,768,6,211,0.4817708333333333
2,andr,rabvs_budgeted_no_ucb,5,14619,269,896,8,219,0.49330357142857145
2,andr,rabvs_budgeted_no_ucb,6,14619,269,1024,5,224,0.501953125
2,andr,rabvs_budgeted_random_parts,1,14619,269,384,0,8,0.4635416666666667
2,andr,rabvs_budgeted_random_parts,2,14619,269,512,0,8,0.458984375
2,andr,rabvs_budgeted_random_parts,3,14619,269,640,43,51,0.478125
2,andr,rabvs_budgeted_random_parts,4,14619,269,768,52,103,0.4544270833333333
2,andr,rabvs_budgeted_random_parts,5,14619,269,896,2,105,0.46763392857142855
2,andr,rabvs_budgeted_random_parts,6,14619,269,1024,4,109,0.4658203125
0,aofb,boba_ucb,1,7022,122,384,57,65,0.4166666666666667
0,aofb,boba_ucb,2,7022,122,512,10,75,0.421875
0,aofb,boba_ucb,3,7022,122,640,5,80,0.40625
0,aofb,boba_ucb,4,7022,122,768,1,81,0.3932291666666667
0,aofb,boba_ucb,5,7022,122,896,3,84,0.41183035714285715
0,aofb,boba_ucb,6,7022,122,1024,0,84,0.419921875
0,aofb,rabvs_budgeted_reliable,1,7022,122,384,57,65,0.4166666666666667
0,aofb,rabvs_budgeted_reliable,2,7022,122,512,10,75,0.421875
0,aofb,rabvs_budgeted_reliable,3,7022,122,640,5,80,0.40625
0,aofb,rabvs_budgeted_reliable,4,7022,122,768,1,81,0.3932291666666667
0,aofb,rabvs_budgeted_reliable,5,7022,122,896,3,84,0.41183035714285715
0,aofb,rabvs_budgeted_reliable,6,7022,122,1024,0,84,0.419921875
0,aofb,rabvs_budgeted_no_ucb,1,7022,122,384,57,65,0.4166666666666667
0,aofb,rabvs_budgeted_no_ucb,2,7022,122,512,12,77,0.390625
0,aofb,rabvs_budgeted_no_ucb,3,7022,122,640,10,87,0.4203125
0,aofb,rabvs_budgeted_no_ucb,4,7022,122,768,9,96,0.4244791666666667
0,aofb,rabvs_budgeted_no_ucb,5,7022,122,896,2,98,0.4174107142857143
0,aofb,rabvs_budgeted_no_ucb,6,7022,122,1024,5,103,0.423828125
0,aofb,rabvs_budgeted_random_parts,1,7022,122,384,11,19,0.4296875
0,aofb,rabvs_budgeted_random_parts,2,7022,122,512,2,21,0.431640625
0,aofb,rabvs_budgeted_random_parts,3,7022,122,640,2,23,0.453125
0,aofb,rabvs_budgeted_random_parts,4,7022,122,768,2,25,0.4453125
0,aofb,rabvs_budgeted_random_parts,5,7022,122,896,19,44,0.46205357142857145
0,aofb,rabvs_budgeted_random_parts,6,7022,122,1024,1,45,0.4521484375
1,aofb,boba_ucb,1,7022,122,384,33,41,0.4296875
1,aofb,boba_ucb,2,7022,122,512,24,65,0.4375
1,aofb,boba_ucb,3,7022,122,640,3,68,0.4359375
1,aofb,boba_ucb,4,7022,122,768,1,69,0.4505208333333333
1,aofb,boba_ucb,5,7022,122,896,1,70,0.4453125
1,aofb,boba_ucb,6,7022,122,1024,1,71,0.4443359375
1,aofb,rabvs_budgeted_reliable,1,7022,122,384,33,41,0.4296875
1,aofb,rabvs_budgeted_reliable,2,7022,122,512,24,65,0.4375
1,aofb,rabvs_budgeted_reliable,3,7022,122,640,3,68,0.4359375
1,aofb,rabvs_budgeted_reliable,4,7022,122,768,1,69,0.4505208333333333
1,aofb,rabvs_budgeted_reliable,5,7022,122,896,1,70,0.4453125
1,aofb,rabvs_budgeted_reliable,6,7022,122,1024,1,71,0.4443359375
1,aofb,rabvs_budgeted_no_ucb,1,7022,122,384,62,70,0.4505208333333333
1,aofb,rabvs_budgeted_no_ucb,2,7022,122,512,7,77,0.443359375
1,aofb,rabvs_budgeted_no_ucb,3,7022,122,640,6,83,0.4265625
1,aofb,rabvs_budgeted_no_ucb,4,7022,122,768,3,86,0.4309895833333333
1,aofb,rabvs_budgeted_no_ucb,5,7022,122,896,4,90,0.42745535714285715
1,aofb,rabvs_budgeted_no_ucb,6,7022,122,1024,7,97,0.4375
1,aofb,rabvs_budgeted_random_parts,1,7022,122,384,7,15,0.3828125
1,aofb,rabvs_budgeted_random_parts,2,7022,122,512,27,42,0.40234375
1,aofb,rabvs_budgeted_random_parts,3,7022,122,640,2,44,0.4171875
1,aofb,rabvs_budgeted_random_parts,4,7022,122,768,2,46,0.43359375
1,aofb,rabvs_budgeted_random_parts,5,7022,122,896,0,46,0.41629464285714285
1,aofb,rabvs_budgeted_random_parts,6,7022,122,1024,23,69,0.44140625
2,aofb,boba_ucb,1,7022,122,384,37,45,0.3541666666666667
2,aofb,boba_ucb,2,7022,122,512,8,53,0.375
2,aofb,boba_ucb,3,7022,122,640,11,64,0.3796875
2,aofb,boba_ucb,4,7022,122,768,3,67,0.4205729166666667
2,aofb,boba_ucb,5,7022,122,896,10,77,0.42299107142857145
2,aofb,boba_ucb,6,7022,122,1024,17,94,0.4365234375
2,aofb,rabvs_budgeted_reliable,1,7022,122,384,37,45,0.3541666666666667
2,aofb,rabvs_budgeted_reliable,2,7022,122,512,8,53,0.375
2,aofb,rabvs_budgeted_reliable,3,7022,122,640,11,64,0.3796875
2,aofb,rabvs_budgeted_reliable,4,7022,122,768,3,67,0.4205729166666667
2,aofb,rabvs_budgeted_reliable,5,7022,122,896,10,77,0.42299107142857145
2,aofb,rabvs_budgeted_reliable,6,7022,122,1024,17,94,0.4365234375
2,aofb,rabvs_budgeted_no_ucb,1,7022,122,384,37,45,0.3697916666666667
2,aofb,rabvs_budgeted_no_ucb,2,7022,122,512,30,75,0.3984375
2,aofb,rabvs_budgeted_no_ucb,3,7022,122,640,7,82,0.415625
2,aofb,rabvs_budgeted_no_ucb,4,7022,122,768,6,88,0.4140625
2,aofb,rabvs_budgeted_no_ucb,5,7022,122,896,11,99,0.4330357142857143
2,aofb,rabvs_budgeted_no_ucb,6,7022,122,1024,7,106,0.416015625
2,aofb,rabvs_budgeted_random_parts,1,7022,122,384,27,35,0.3515625
2,aofb,rabvs_budgeted_random_parts,2,7022,122,512,1,36,0.392578125
2,aofb,rabvs_budgeted_random_parts,3,7022,122,640,9,45,0.375
2,aofb,rabvs_budgeted_random_parts,4,7022,122,768,0,45,0.3736979166666667
2,aofb,rabvs_budgeted_random_parts,5,7022,122,896,5,50,0.38392857142857145
2,aofb,rabvs_budgeted_random_parts,6,7022,122,1024,4,54,0.3916015625
0,bace1,boba_ucb,1,18383,283,384,127,135,0.3567708333333333
0,bace1,boba_ucb,2,18383,283,512,43,178,0.37109375
0,bace1,boba_ucb,3,18383,283,640,2,180,0.403125
0,bace1,boba_ucb,4,18383,283,768,7,187,0.40234375
0,bace1,boba_ucb,5,18383,283,896,0,187,0.41629464285714285
0,bace1,boba_ucb,6,18383,283,1024,0,187,0.4287109375
0,bace1,rabvs_budgeted_reliable,1,18383,283,384,127,135,0.3567708333333333
0,bace1,rabvs_budgeted_reliable,2,18383,283,512,43,178,0.37109375
0,bace1,rabvs_budgeted_reliable,3,18383,283,640,2,180,0.403125
0,bace1,rabvs_budgeted_reliable,4,18383,283,768,7,187,0.40234375
0,bace1,rabvs_budgeted_reliable,5,18383,283,896,0,187,0.41629464285714285
0,bace1,rabvs_budgeted_reliable,6,18383,283,1024,0,187,0.4287109375
0,bace1,rabvs_budgeted_no_ucb,1,18383,283,384,127,135,0.359375
0,bace1,rabvs_budgeted_no_ucb,2,18383,283,512,78,213,0.32421875
0,bace1,rabvs_budgeted_no_ucb,3,18383,283,640,21,234,0.3328125
0,bace1,rabvs_budgeted_no_ucb,4,18383,283,768,20,254,0.3515625
0,bace1,rabvs_budgeted_no_ucb,5,18383,283,896,11,265,0.3872767857142857
0,bace1,rabvs_budgeted_no_ucb,6,18383,283,1024,4,269,0.3994140625
0,bace1,rabvs_budgeted_random_parts,1,18383,283,384,23,31,0.5286458333333334
0,bace1,rabvs_budgeted_random_parts,2,18383,283,512,86,117,0.43359375
0,bace1,rabvs_budgeted_random_parts,3,18383,283,640,4,121,0.446875
0,bace1,rabvs_budgeted_random_parts,4,18383,283,768,25,146,0.4427083333333333
0,bace1,rabvs_budgeted_random_parts,5,18383,283,896,0,146,0.4029017857142857
0,bace1,rabvs_budgeted_random_parts,6,18383,283,1024,0,146,0.40625
1,bace1,boba_ucb,1,18383,283,384,39,47,0.4375
1,bace1,boba_ucb,2,18383,283,512,36,83,0.396484375
1,bace1,boba_ucb,3,18383,283,640,3,86,0.396875
1,bace1,boba_ucb,4,18383,283,768,6,92,0.4244791666666667
1,bace1,boba_ucb,5,18383,283,896,1,93,0.44642857142857145
1,bace1,boba_ucb,6,18383,283,1024,1,94,0.451171875
1,bace1,rabvs_budgeted_reliable,1,18383,283,384,39,47,0.4375
1,bace1,rabvs_budgeted_reliable,2,18383,283,512,36,83,0.396484375
1,bace1,rabvs_budgeted_reliable,3,18383,283,640,3,86,0.396875
1,bace1,rabvs_budgeted_reliable,4,18383,283,768,6,92,0.4244791666666667
1,bace1,rabvs_budgeted_reliable,5,18383,283,896,1,93,0.44642857142857145
1,bace1,rabvs_budgeted_reliable,6,18383,283,1024,1,94,0.451171875
1,bace1,rabvs_budgeted_no_ucb,1,18383,283,384,59,67,0.4453125
1,bace1,rabvs_budgeted_no_ucb,2,18383,283,512,109,176,0.369140625
1,bace1,rabvs_budgeted_no_ucb,3,18383,283,640,66,242,0.346875
1,bace1,rabvs_budgeted_no_ucb,4,18383,283,768,13,255,0.33984375
1,bace1,rabvs_budgeted_no_ucb,5,18383,283,896,5,260,0.390625
1,bace1,rabvs_budgeted_no_ucb,6,18383,283,1024,5,265,0.4013671875
1,bace1,rabvs_budgeted_random_parts,1,18383,283,384,68,76,0.4010416666666667
1,bace1,rabvs_budgeted_random_parts,2,18383,283,512,1,77,0.421875
1,bace1,rabvs_budgeted_random_parts,3,18383,283,640,24,101,0.4234375
1,bace1,rabvs_budgeted_random_parts,4,18383,283,768,4,105,0.40625
1,bace1,rabvs_budgeted_random_parts,5,18383,283,896,2,107,0.42299107142857145
1,bace1,rabvs_budgeted_random_parts,6,18383,283,1024,12,119,0.4228515625
2,bace1,boba_ucb,1,18383,283,384,128,136,0.3177083333333333
2,bace1,boba_ucb,2,18383,283,512,26,162,0.330078125
2,bace1,boba_ucb,3,18383,283,640,17,179,0.3453125
2,bace1,boba_ucb,4,18383,283,768,18,197,0.33203125
2,bace1,boba_ucb,5,18383,283,896,9,206,0.3482142857142857
2,bace1,boba_ucb,6,18383,283,1024,8,214,0.375
2,bace1,rabvs_budgeted_reliable,1,18383,283,384,128,136,0.3177083333333333
2,bace1,rabvs_budgeted_reliable,2,18383,283,512,26,162,0.330078125
2,bace1,rabvs_budgeted_reliable,3,18383,283,640,17,179,0.3453125
2,bace1,rabvs_budgeted_reliable,4,18383,283,768,18,197,0.33203125
2,bace1,rabvs_budgeted_reliable,5,18383,283,896,9,206,0.3482142857142857
2,bace1,rabvs_budgeted_reliable,6,18383,283,1024,8,214,0.375
2,bace1,rabvs_budgeted_no_ucb,1,18383,283,384,128,136,0.3177083333333333
2,bace1,rabvs_budgeted_no_ucb,2,18383,283,512,72,208,0.302734375
2,bace1,rabvs_budgeted_no_ucb,3,18383,283,640,18,226,0.309375
2,bace1,rabvs_budgeted_no_ucb,4,18383,283,768,8,234,0.35546875
2,bace1,rabvs_budgeted_no_ucb,5,18383,283,896,17,251,0.34375
2,bace1,rabvs_budgeted_no_ucb,6,18383,283,1024,5,256,0.3603515625
2,bace1,rabvs_budgeted_random_parts,1,18383,283,384,7,15,0.375
2,bace1,rabvs_budgeted_random_parts,2,18383,283,512,9,24,0.41015625
2,bace1,rabvs_budgeted_random_parts,3,18383,283,640,8,32,0.4
2,bace1,rabvs_budgeted_random_parts,4,18383,283,768,18,50,0.3984375
2,bace1,rabvs_budgeted_random_parts,5,18383,283,896,5,55,0.41964285714285715
2,bace1,rabvs_budgeted_random_parts,6,18383,283,1024,105,160,0.392578125
0,braf,boba_ucb,1,10102,152,384,125,133,0.3828125
0,braf,boba_ucb,2,10102,152,512,1,134,0.38671875
0,braf,boba_ucb,3,10102,152,640,1,135,0.41875
0,braf,boba_ucb,4,10102,152,768,0,135,0.4166666666666667
0,braf,boba_ucb,5,10102,152,896,0,135,0.43861607142857145
0,braf,boba_ucb,6,10102,152,1024,0,135,0.4541015625
0,braf,rabvs_budgeted_reliable,1,10102,152,384,125,133,0.3828125
0,braf,rabvs_budgeted_reliable,2,10102,152,512,1,134,0.38671875
0,braf,rabvs_budgeted_reliable,3,10102,152,640,1,135,0.41875
0,braf,rabvs_budgeted_reliable,4,10102,152,768,0,135,0.4166666666666667
0,braf,rabvs_budgeted_reliable,5,10102,152,896,0,135,0.43861607142857145
0,braf,rabvs_budgeted_reliable,6,10102,152,1024,0,135,0.4541015625
0,braf,rabvs_budgeted_no_ucb,1,10102,152,384,125,133,0.3828125
0,braf,rabvs_budgeted_no_ucb,2,10102,152,512,12,145,0.390625
0,braf,rabvs_budgeted_no_ucb,3,10102,152,640,2,147,0.3875
0,braf,rabvs_budgeted_no_ucb,4,10102,152,768,1,148,0.3893229166666667
0,braf,rabvs_budgeted_no_ucb,5,10102,152,896,1,149,0.40736607142857145
0,braf,rabvs_budgeted_no_ucb,6,10102,152,1024,0,149,0.4189453125
0,braf,rabvs_budgeted_random_parts,1,10102,152,384,0,8,0.4401041666666667
0,braf,rabvs_budgeted_random_parts,2,10102,152,512,0,8,0.4453125
0,braf,rabvs_budgeted_random_parts,3,10102,152,640,1,9,0.4296875
0,braf,rabvs_budgeted_random_parts,4,10102,152,768,0,9,0.4322916666666667
0,braf,rabvs_budgeted_random_parts,5,10102,152,896,0,9,0.42857142857142855
0,braf,rabvs_budgeted_random_parts,6,10102,152,1024,0,9,0.443359375
1,braf,boba_ucb,1,10102,152,384,125,133,0.3671875
1,braf,boba_ucb,2,10102,152,512,7,140,0.369140625
1,braf,boba_ucb,3,10102,152,640,0,140,0.3859375
1,braf,boba_ucb,4,10102,152,768,0,140,0.3802083333333333
1,braf,boba_ucb,5,10102,152,896,0,140,0.36607142857142855
1,braf,boba_ucb,6,10102,152,1024,0,140,0.3857421875
1,braf,rabvs_budgeted_reliable,1,10102,152,384,125,133,0.3671875
1,braf,rabvs_budgeted_reliable,2,10102,152,512,7,140,0.369140625
1,braf,rabvs_budgeted_reliable,3,10102,152,640,0,140,0.3859375
1,braf,rabvs_budgeted_reliable,4,10102,152,768,0,140,0.3802083333333333
1,braf,rabvs_budgeted_reliable,5,10102,152,896,0,140,0.36607142857142855
1,braf,rabvs_budgeted_reliable,6,10102,152,1024,0,140,0.3857421875
1,braf,rabvs_budgeted_no_ucb,1,10102,152,384,124,132,0.3697916666666667
1,braf,rabvs_budgeted_no_ucb,2,10102,152,512,16,148,0.37890625
1,braf,rabvs_budgeted_no_ucb,3,10102,152,640,1,149,0.4
1,braf,rabvs_budgeted_no_ucb,4,10102,152,768,0,149,0.4010416666666667
1,braf,rabvs_budgeted_no_ucb,5,10102,152,896,0,149,0.40848214285714285
1,braf,rabvs_budgeted_no_ucb,6,10102,152,1024,0,149,0.4306640625
1,braf,rabvs_budgeted_random_parts,1,10102,152,384,15,23,0.3776041666666667
1,braf,rabvs_budgeted_random_parts,2,10102,152,512,51,74,0.37109375
1,braf,rabvs_budgeted_random_parts,3,10102,152,640,0,74,0.415625
1,braf,rabvs_budgeted_random_parts,4,10102,152,768,0,74,0.3919270833333333
1,braf,rabvs_budgeted_random_parts,5,10102,152,896,1,75,0.38392857142857145
1,braf,rabvs_budgeted_random_parts,6,10102,152,1024,38,113,0.3994140625
2,braf,boba_ucb,1,10102,152,384,124,132,0.3697916666666667
2,braf,boba_ucb,2,10102,152,512,7,139,0.359375
2,braf,boba_ucb,3,10102,152,640,0,139,0.36875
2,braf,boba_ucb,4,10102,152,768,0,139,0.3723958333333333
2,braf,boba_ucb,5,10102,152,896,1,140,0.37276785714285715
2,braf,boba_ucb,6,10102,152,1024,0,140,0.37890625
2,braf,rabvs_budgeted_reliable,1,10102,152,384,124,132,0.3697916666666667
2,braf,rabvs_budgeted_reliable,2,10102,152,512,7,139,0.359375
2,braf,rabvs_budgeted_reliable,3,10102,152,640,0,139,0.36875
2,braf,rabvs_budgeted_reliable,4,10102,152,768,0,139,0.3723958333333333
2,braf,rabvs_budgeted_reliable,5,10102,152,896,1,140,0.37276785714285715
2,braf,rabvs_budgeted_reliable,6,10102,152,1024,0,140,0.37890625
2,braf,rabvs_budgeted_no_ucb,1,10102,152,384,122,130,0.3723958333333333
2,braf,rabvs_budgeted_no_ucb,2,10102,152,512,17,147,0.3515625
2,braf,rabvs_budgeted_no_ucb,3,10102,152,640,1,148,0.3640625
2,braf,rabvs_budgeted_no_ucb,4,10102,152,768,0,148,0.3932291666666667
2,braf,rabvs_budgeted_no_ucb,5,10102,152,896,0,148,0.3828125
2,braf,rabvs_budgeted_no_ucb,6,10102,152,1024,1,149,0.4208984375
2,braf,rabvs_budgeted_random_parts,1,10102,152,384,34,42,0.3645833333333333
2,braf,rabvs_budgeted_random_parts,2,10102,152,512,0,42,0.404296875
2,braf,rabvs_budgeted_random_parts,3,10102,152,640,3,45,0.4078125
2,braf,rabvs_budgeted_random_parts,4,10102,152,768,0,45,0.4296875
2,braf,rabvs_budgeted_random_parts,5,10102,152,896,0,45,0.4408482142857143
2,braf,rabvs_budgeted_random_parts,6,10102,152,1024,31,76,0.4453125
0,cah2,boba_ucb,1,31664,492,384,128,136,0.53125
0,cah2,boba_ucb,2,31664,492,512,34,170,0.52734375
0,cah2,boba_ucb,3,31664,492,640,17,187,0.5328125
0,cah2,boba_ucb,4,31664,492,768,1,188,0.5208333333333334
0,cah2,boba_ucb,5,31664,492,896,0,188,0.49888392857142855
0,cah2,boba_ucb,6,31664,492,1024,0,188,0.4931640625
0,cah2,rabvs_budgeted_reliable,1,31664,492,384,128,136,0.53125
0,cah2,rabvs_budgeted_reliable,2,31664,492,512,34,170,0.52734375
0,cah2,rabvs_budgeted_reliable,3,31664,492,640,17,187,0.5328125
0,cah2,rabvs_budgeted_reliable,4,31664,492,768,1,188,0.5208333333333334
0,cah2,rabvs_budgeted_reliable,5,31664,492,896,0,188,0.49888392857142855
0,cah2,rabvs_budgeted_reliable,6,31664,492,1024,0,188,0.4931640625
0,cah2,rabvs_budgeted_no_ucb,1,31664,492,384,128,136,0.5286458333333334
0,cah2,rabvs_budgeted_no_ucb,2,31664,492,512,128,264,0.591796875
0,cah2,rabvs_budgeted_no_ucb,3,31664,492,640,124,388,0.5671875
0,cah2,rabvs_budgeted_no_ucb,4,31664,492,768,62,450,0.5625
0,cah2,rabvs_budgeted_no_ucb,5,31664,492,896,26,476,0.5870535714285714
0,cah2,rabvs_budgeted_no_ucb,6,31664,492,1024,10,486,0.591796875
0,cah2,rabvs_budgeted_random_parts,1,31664,492,384,108,116,0.4947916666666667
0,cah2,rabvs_budgeted_random_parts,2,31664,492,512,0,116,0.564453125
0,cah2,rabvs_budgeted_random_parts,3,31664,492,640,3,119,0.575
0,cah2,rabvs_budgeted_random_parts,4,31664,492,768,1,120,0.55859375
0,cah2,rabvs_budgeted_random_parts,5,31664,492,896,0,120,0.5524553571428571
0,cah2,rabvs_budgeted_random_parts,6,31664,492,1024,2,122,0.5400390625
1,cah2,boba_ucb,1,31664,492,384,118,126,0.5859375
1,cah2,boba_ucb,2,31664,492,512,32,158,0.556640625
1,cah2,boba_ucb,3,31664,492,640,72,230,0.54375
1,cah2,boba_ucb,4,31664,492,768,0,230,0.5729166666666666
1,cah2,boba_ucb,5,31664,492,896,1,231,0.5714285714285714
1,cah2,boba_ucb,6,31664,492,1024,0,231,0.564453125
1,cah2,rabvs_budgeted_reliable,1,31664,492,384,118,126,0.5859375
1,cah2,rabvs_budgeted_reliable,2,31664,492,512,32,158,0.556640625
1,cah2,rabvs_budgeted_reliable,3,31664,492,640,72,230,0.54375
1,cah2,rabvs_budgeted_reliable,4,31664,492,768,0,230,0.5729166666666666
1,cah2,rabvs_budgeted_reliable,5,31664,492,896,1,231,0.5714285714285714
1,cah2,rabvs_budgeted_reliable,6,31664,492,1024,0,231,0.564453125
1,cah2,rabvs_budgeted_no_ucb,1,31664,492,384,128,136,0.5338541666666666
1,cah2,rabvs_budgeted_no_ucb,2,31664,492,512,128,264,0.5625
1,cah2,rabvs_budgeted_no_ucb,3,31664,492,640,115,379,0.584375
1,cah2,rabvs_budgeted_no_ucb,4,31664,492,768,75,454,0.57421875
1,cah2,rabvs_budgeted_no_ucb,5,31664,492,896,21,475,0.5892857142857143
1,cah2,rabvs_budgeted_no_ucb,6,31664,492,1024,8,483,0.5849609375
1,cah2,rabvs_budgeted_random_parts,1,31664,492,384,18,26,0.5260416666666666
1,cah2,rabvs_budgeted_random_parts,2,31664,492,512,0,26,0.57421875
1,cah2,rabvs_budgeted_random_parts,3,31664,492,640,15,41,0.5578125
1,cah2,rabvs_budgeted_random_parts,4,31664,492,768,1,42,0.5546875
1,cah2,rabvs_budgeted_random_parts,5,31664,492,896,0,42,0.5200892857142857
1,cah2,rabvs_budgeted_random_parts,6,31664,492,1024,0,42,0.5166015625
2,cah2,boba_ucb,1,31664,492,384,128,136,0.5390625
2,cah2,boba_ucb,2,31664,492,512,39,175,0.578125
2,cah2,boba_ucb,3,31664,492,640,114,289,0.56875
2,cah2,boba_ucb,4,31664,492,768,1,290,0.5924479166666666
2,cah2,boba_ucb,5,31664,492,896,3,293,0.5892857142857143
2,cah2,boba_ucb,6,31664,492,1024,1,294,0.6005859375
2,cah2,rabvs_budgeted_reliable,1,31664,492,384,128,136,0.5390625
2,cah2,rabvs_budgeted_reliable,2,31664,492,512,39,175,0.578125
2,cah2,rabvs_budgeted_reliable,3,31664,492,640,114,289,0.56875
2,cah2,rabvs_budgeted_reliable,4,31664,492,768,1,290,0.5924479166666666
2,cah2,rabvs_budgeted_reliable,5,31664,492,896,3,293,0.5892857142857143
2,cah2,rabvs_budgeted_reliable,6,31664,492,1024,1,294,0.6005859375
2,cah2,rabvs_budgeted_no_ucb,1,31664,492,384,128,136,0.5390625
2,cah2,rabvs_budgeted_no_ucb,2,31664,492,512,128,264,0.568359375
2,cah2,rabvs_budgeted_no_ucb,3,31664,492,640,113,377,0.5796875
2,cah2,rabvs_budgeted_no_ucb,4,31664,492,768,71,448,0.5833333333333334
2,cah2,rabvs_budgeted_no_ucb,5,31664,492,896,28,476,0.5959821428571429
2,cah2,rabvs_budgeted_no_ucb,6,31664,492,1024,8,484,0.5908203125
2,cah2,rabvs_budgeted_random_parts,1,31664,492,384,2,10,0.4791666666666667
2,cah2,rabvs_budgeted_random_parts,2,31664,492,512,6,16,0.525390625
2,cah2,rabvs_budgeted_random_parts,3,31664,492,640,125,141,0.5828125
2,cah2,rabvs_budgeted_random_parts,4,31664,492,768,1,142,0.5716145833333334
2,cah2,rabvs_budgeted_random_parts,5,31664,492,896,8,150,0.5580357142857143
2,cah2,rabvs_budgeted_random_parts,6,31664,492,1024,3,153,0.5771484375
0,casp3,boba_ucb,1,10899,199,384,118,126,0.4921875
0,casp3,boba_ucb,2,10899,199,512,4,130,0.53125
0,casp3,boba_ucb,3,10899,199,640,4,134,0.5203125
0,casp3,boba_ucb,4,10899,199,768,0,134,0.5
0,casp3,boba_ucb,5,10899,199,896,0,134,0.5022321428571429
0,casp3,boba_ucb,6,10899,199,1024,1,135,0.494140625
0,casp3,rabvs_budgeted_reliable,1,10899,199,384,118,126,0.4921875
0,casp3,rabvs_budgeted_reliable,2,10899,199,512,4,130,0.53125
0,casp3,rabvs_budgeted_reliable,3,10899,199,640,4,134,0.5203125
0,casp3,rabvs_budgeted_reliable,4,10899,199,768,0,134,0.5
0,casp3,rabvs_budgeted_reliable,5,10899,199,896,0,134,0.5022321428571429
0,casp3,rabvs_budgeted_reliable,6,10899,199,1024,1,135,0.494140625
0,casp3,rabvs_budgeted_no_ucb,1,10899,199,384,118,126,0.4973958333333333
0,casp3,rabvs_budgeted_no_ucb,2,10899,199,512,57,183,0.482421875
0,casp3,rabvs_budgeted_no_ucb,3,10899,199,640,9,192,0.490625
0,casp3,rabvs_budgeted_no_ucb,4,10899,199,768,3,195,0.4817708333333333
0,casp3,rabvs_budgeted_no_ucb,5,10899,199,896,0,195,0.5
0,casp3,rabvs_budgeted_no_ucb,6,10899,199,1024,0,195,0.474609375
0,casp3,rabvs_budgeted_random_parts,1,10899,199,384,2,10,0.5182291666666666
0,casp3,rabvs_budgeted_random_parts,2,10899,199,512,30,40,0.505859375
0,casp3,rabvs_budgeted_random_parts,3,10899,199,640,18,58,0.5265625
0,casp3,rabvs_budgeted_random_parts,4,10899,199,768,5,63,0.5520833333333334
0,casp3,rabvs_budgeted_random_parts,5,10899,199,896,0,63,0.5558035714285714
0,casp3,rabvs_budgeted_random_parts,6,10899,199,1024,4,67,0.55078125
1,casp3,boba_ucb,1,10899,199,384,128,136,0.4453125
1,casp3,boba_ucb,2,10899,199,512,12,148,0.4609375
1,casp3,boba_ucb,3,10899,199,640,2,150,0.46875
1,casp3,boba_ucb,4,10899,199,768,0,150,0.4830729166666667
1,casp3,boba_ucb,5,10899,199,896,1,151,0.46316964285714285
1,casp3,boba_ucb,6,10899,199,1024,0,151,0.466796875
1,casp3,rabvs_budgeted_reliable,1,10899,199,384,128,136,0.4453125
1,casp3,rabvs_budgeted_reliable,2,10899,199,512,12,148,0.4609375
1,casp3,rabvs_budgeted_reliable,3,10899,199,640,2,150,0.46875
1,casp3,rabvs_budgeted_reliable,4,10899,199,768,0,150,0.4830729166666667
1,casp3,rabvs_budgeted_reliable,5,10899,199,896,1,151,0.46316964285714285
1,casp3,rabvs_budgeted_reliable,6,10899,199,1024,0,151,0.466796875
1,casp3,rabvs_budgeted_no_ucb,1,10899,199,384,128,136,0.4453125
1,casp3,rabvs_budgeted_no_ucb,2,10899,199,512,42,178,0.4765625
1,casp3,rabvs_budgeted_no_ucb,3,10899,199,640,6,184,0.496875
1,casp3,rabvs_budgeted_no_ucb,4,10899,199,768,6,190,0.4830729166666667
1,casp3,rabvs_budgeted_no_ucb,5,10899,199,896,1,191,0.5133928571428571
1,casp3,rabvs_budgeted_no_ucb,6,10899,199,1024,2,193,0.51171875
1,casp3,rabvs_budgeted_random_parts,1,10899,199,384,0,8,0.4791666666666667
1,casp3,rabvs_budgeted_random_parts,2,10899,199,512,1,9,0.505859375
1,casp3,rabvs_budgeted_random_parts,3,10899,199,640,0,9,0.4921875
1,casp3,rabvs_budgeted_random_parts,4,10899,199,768,1,10,0.4973958333333333
1,casp3,rabvs_budgeted_random_parts,5,10899,199,896,2,12,0.48660714285714285
1,casp3,rabvs_budgeted_random_parts,6,10899,199,1024,45,57,0.482421875
2,casp3,boba_ucb,1,10899,199,384,125,133,0.4661458333333333
2,casp3,boba_ucb,2,10899,199,512,20,153,0.494140625
2,casp3,boba_ucb,3,10899,199,640,3,156,0.51875
2,casp3,boba_ucb,4,10899,199,768,6,162,0.5390625
2,casp3,boba_ucb,5,10899,199,896,2,164,0.5591517857142857
2,casp3,boba_ucb,6,10899,199,1024,0,164,0.5498046875
2,casp3,rabvs_budgeted_reliable,1,10899,199,384,125,133,0.4661458333333333
2,casp3,rabvs_budgeted_reliable,2,10899,199,512,20,153,0.494140625
2,casp3,rabvs_budgeted_reliable,3,10899,199,640,3,156,0.51875
2,casp3,rabvs_budgeted_reliable,4,10899,199,768,6,162,0.5390625
2,casp3,rabvs_budgeted_reliable,5,10899,199,896,2,164,0.5591517857142857
2,casp3,rabvs_budgeted_reliable,6,10899,199,1024,0,164,0.5498046875
2,casp3,rabvs_budgeted_no_ucb,1,10899,199,384,125,133,0.484375
2,casp3,rabvs_budgeted_no_ucb,2,10899,199,512,41,174,0.515625
2,casp3,rabvs_budgeted_no_ucb,3,10899,199,640,10,184,0.509375
2,casp3,rabvs_budgeted_no_ucb,4,10899,199,768,4,188,0.484375
2,casp3,rabvs_budgeted_no_ucb,5,10899,199,896,3,191,0.5133928571428571
2,casp3,rabvs_budgeted_no_ucb,6,10899,199,1024,1,192,0.5361328125
2,casp3,rabvs_budgeted_random_parts,1,10899,199,384,34,42,0.5052083333333334
2,casp3,rabvs_budgeted_random_parts,2,10899,199,512,2,44,0.486328125
2,casp3,rabvs_budgeted_random_parts,3,10899,199,640,2,46,0.4890625
2,casp3,rabvs_budgeted_random_parts,4,10899,199,768,3,49,0.49609375
2,casp3,rabvs_budgeted_random_parts,5,10899,199,896,2,51,0.5212053571428571
2,casp3,rabvs_budgeted_random_parts,6,10899,199,1024,32,83,0.513671875
0,cdk2,boba_ucb,1,28324,474,384,88,96,0.3958333333333333
0,cdk2,boba_ucb,2,28324,474,512,20,116,0.45703125
0,cdk2,boba_ucb,3,28324,474,640,23,139,0.45
0,cdk2,boba_ucb,4,28324,474,768,6,145,0.4505208333333333
0,cdk2,boba_ucb,5,28324,474,896,5,150,0.46763392857142855
0,cdk2,boba_ucb,6,28324,474,1024,25,175,0.4638671875
0,cdk2,rabvs_budgeted_reliable,1,28324,474,384,88,96,0.3958333333333333
0,cdk2,rabvs_budgeted_reliable,2,28324,474,512,20,116,0.45703125
0,cdk2,rabvs_budgeted_reliable,3,28324,474,640,23,139,0.45
0,cdk2,rabvs_budgeted_reliable,4,28324,474,768,6,145,0.4505208333333333
0,cdk2,rabvs_budgeted_reliable,5,28324,474,896,5,150,0.46763392857142855
0,cdk2,rabvs_budgeted_reliable,6,28324,474,1024,25,175,0.4638671875
0,cdk2,rabvs_budgeted_no_ucb,1,28324,474,384,85,93,0.4088541666666667
0,cdk2,rabvs_budgeted_no_ucb,2,28324,474,512,82,175,0.41796875
0,cdk2,rabvs_budgeted_no_ucb,3,28324,474,640,59,234,0.4109375
0,cdk2,rabvs_budgeted_no_ucb,4,28324,474,768,43,277,0.3802083333333333
0,cdk2,rabvs_budgeted_no_ucb,5,28324,474,896,17,294,0.42857142857142855
0,cdk2,rabvs_budgeted_no_ucb,6,28324,474,1024,15,309,0.44140625
0,cdk2,rabvs_budgeted_random_parts,1,28324,474,384,8,16,0.4583333333333333
0,cdk2,rabvs_budgeted_random_parts,2,28324,474,512,51,67,0.462890625
0,cdk2,rabvs_budgeted_random_parts,3,28324,474,640,52,119,0.4640625
0,cdk2,rabvs_budgeted_random_parts,4,28324,474,768,14,133,0.4947916666666667
0,cdk2,rabvs_budgeted_random_parts,5,28324,474,896,5,138,0.49888392857142855
0,cdk2,rabvs_budgeted_random_parts,6,28324,474,1024,1,139,0.4892578125
1,cdk2,boba_ucb,1,28324,474,384,70,78,0.4609375
1,cdk2,boba_ucb,2,28324,474,512,4,82,0.4296875
1,cdk2,boba_ucb,3,28324,474,640,57,139,0.4390625
1,cdk2,boba_ucb,4,28324,474,768,7,146,0.4518229166666667
1,cdk2,boba_ucb,5,28324,474,896,37,183,0.43526785714285715
1,cdk2,boba_ucb,6,28324,474,1024,37,220,0.4501953125
1,cdk2,rabvs_budgeted_reliable,1,28324,474,384,70,78,0.4609375
1,cdk2,rabvs_budgeted_reliable,2,28324,474,512,4,82,0.4296875
1,cdk2,rabvs_budgeted_reliable,3,28324,474,640,57,139,0.4390625
1,cdk2,rabvs_budgeted_reliable,4,28324,474,768,7,146,0.4518229166666667
1,cdk2,rabvs_budgeted_reliable,5,28324,474,896,37,183,0.43526785714285715
1,cdk2,rabvs_budgeted_reliable,6,28324,474,1024,37,220,0.4501953125
1,cdk2,rabvs_budgeted_no_ucb,1,28324,474,384,79,87,0.4557291666666667
1,cdk2,rabvs_budgeted_no_ucb,2,28324,474,512,69,156,0.412109375
1,cdk2,rabvs_budgeted_no_ucb,3,28324,474,640,81,237,0.4015625
1,cdk2,rabvs_budgeted_no_ucb,4,28324,474,768,31,268,0.390625
1,cdk2,rabvs_budgeted_no_ucb,5,28324,474,896,32,300,0.41183035714285715
1,cdk2,rabvs_budgeted_no_ucb,6,28324,474,1024,14,314,0.4306640625
1,cdk2,rabvs_budgeted_random_parts,1,28324,474,384,2,10,0.4427083333333333
1,cdk2,rabvs_budgeted_random_parts,2,28324,474,512,4,14,0.412109375
1,cdk2,rabvs_budgeted_random_parts,3,28324,474,640,94,108,0.4328125
1,cdk2,rabvs_budgeted_random_parts,4,28324,474,768,3,111,0.4453125
1,cdk2,rabvs_budgeted_random_parts,5,28324,474,896,4,115,0.4575892857142857
1,cdk2,rabvs_budgeted_random_parts,6,28324,474,1024,7,122,0.455078125
2,cdk2,boba_ucb,1,28324,474,384,41,49,0.5520833333333334
2,cdk2,boba_ucb,2,28324,474,512,40,89,0.572265625
2,cdk2,boba_ucb,3,28324,474,640,42,131,0.578125
2,cdk2,boba_ucb,4,28324,474,768,6,137,0.56640625
2,cdk2,boba_ucb,5,28324,474,896,1,138,0.5580357142857143
2,cdk2,boba_ucb,6,28324,474,1024,3,141,0.546875
2,cdk2,rabvs_budgeted_reliable,1,28324,474,384,41,49,0.5520833333333334
2,cdk2,rabvs_budgeted_reliable,2,28324,474,512,40,89,0.572265625
2,cdk2,rabvs_budgeted_reliable,3,28324,474,640,42,131,0.578125
2,cdk2,rabvs_budgeted_reliable,4,28324,474,768,6,137,0.56640625
2,cdk2,rabvs_budgeted_reliable,5,28324,474,896,1,138,0.5580357142857143
2,cdk2,rabvs_budgeted_reliable,6,28324,474,1024,3,141,0.546875
2,cdk2,rabvs_budgeted_no_ucb,1,28324,474,384,92,100,0.46875
2,cdk2,rabvs_budgeted_no_ucb,2,28324,474,512,70,170,0.478515625
2,cdk2,rabvs_budgeted_no_ucb,3,28324,474,640,43,213,0.45625
2,cdk2,rabvs_budgeted_no_ucb,4,28324,474,768,39,252,0.4661458333333333
2,cdk2,rabvs_budgeted_no_ucb,5,28324,474,896,33,285,0.4575892857142857
2,cdk2,rabvs_budgeted_no_ucb,6,28324,474,1024,17,302,0.44921875
2,cdk2,rabvs_budgeted_random_parts,1,28324,474,384,3,11,0.5416666666666666
2,cdk2,rabvs_budgeted_random_parts,2,28324,474,512,14,25,0.546875
2,cdk2,rabvs_budgeted_random_parts,3,28324,474,640,3,28,0.5796875
2,cdk2,rabvs_budgeted_random_parts,4,28324,474,768,2,30,0.5859375
2,cdk2,rabvs_budgeted_random_parts,5,28324,474,896,31,61,0.5725446428571429
2,cdk2,rabvs_budgeted_random_parts,6,28324,474,1024,8,69,0.556640625
0,comt,boba_ucb,1,3891,41,384,30,38,0.6015625
0,comt,boba_ucb,2,3891,41,512,0,38,0.587890625
0,comt,boba_ucb,3,3891,41,640,0,38,0.5640625
0,comt,boba_ucb,4,3891,41,768,0,38,0.5091145833333334
0,comt,boba_ucb,5,3891,41,896,0,38,0.4877232142857143
0,comt,boba_ucb,6,3891,41,1024,0,38,0.4833984375
0,comt,rabvs_budgeted_reliable,1,3891,41,384,30,38,0.6015625
0,comt,rabvs_budgeted_reliable,2,3891,41,512,0,38,0.587890625
0,comt,rabvs_budgeted_reliable,3,3891,41,640,0,38,0.5640625
0,comt,rabvs_budgeted_reliable,4,3891,41,768,0,38,0.5091145833333334
0,comt,rabvs_budgeted_reliable,5,3891,41,896,0,38,0.4877232142857143
0,comt,rabvs_budgeted_reliable,6,3891,41,1024,0,38,0.4833984375
0,comt,rabvs_budgeted_no_ucb,1,3891,41,384,33,41,0.6015625
0,comt,rabvs_budgeted_no_ucb,2,3891,41,512,0,41,0.578125
0,comt,rabvs_budgeted_no_ucb,3,3891,41,640,0,41,0.5875
0,comt,rabvs_budgeted_no_ucb,4,3891,41,768,0,41,0.5677083333333334
0,comt,rabvs_budgeted_no_ucb,5,3891,41,896,0,41,0.5580357142857143
0,comt,rabvs_budgeted_no_ucb,6,3891,41,1024,0,41,0.5322265625
0,comt,rabvs_budgeted_random_parts,1,3891,41,384,2,10,0.4270833333333333
0,comt,rabvs_budgeted_random_parts,2,3891,41,512,1,11,0.44921875
0,comt,rabvs_budgeted_random_parts,3,3891,41,640,30,41,0.503125
0,comt,rabvs_budgeted_random_parts,4,3891,41,768,0,41,0.4778645833333333
0,comt,rabvs_budgeted_random_parts,5,3891,41,896,0,41,0.4921875
0,comt,rabvs_budgeted_random_parts,6,3891,41,1024,0,41,0.4921875
1,comt,boba_ucb,1,3891,41,384,31,39,0.5755208333333334
1,comt,boba_ucb,2,3891,41,512,0,39,0.537109375
1,comt,boba_ucb,3,3891,41,640,0,39,0.5234375
1,comt,boba_ucb,4,3891,41,768,0,39,0.515625
1,comt,boba_ucb,5,3891,41,896,0,39,0.5323660714285714
1,comt,boba_ucb,6,3891,41,1024,0,39,0.5126953125
1,comt,rabvs_budgeted_reliable,1,3891,41,384,31,39,0.5755208333333334
1,comt,rabvs_budgeted_reliable,2,3891,41,512,0,39,0.537109375
1,comt,rabvs_budgeted_reliable,3,3891,41,640,0,39,0.5234375
1,comt,rabvs_budgeted_reliable,4,3891,41,768,0,39,0.515625
1,comt,rabvs_budgeted_reliable,5,3891,41,896,0,39,0.5323660714285714
1,comt,rabvs_budgeted_reliable,6,3891,41,1024,0,39,0.5126953125
1,comt,rabvs_budgeted_no_ucb,1,3891,41,384,33,41,0.5729166666666666
1,comt,rabvs_budgeted_no_ucb,2,3891,41,512,0,41,0.5390625
1,comt,rabvs_budgeted_no_ucb,3,3891,41,640,0,41,0.5671875
1,comt,rabvs_budgeted_no_ucb,4,3891,41,768,0,41,0.5533854166666666
1,comt,rabvs_budgeted_no_ucb,5,3891,41,896,0,41,0.5345982142857143
1,comt,rabvs_budgeted_no_ucb,6,3891,41,1024,0,41,0.5302734375
1,comt,rabvs_budgeted_random_parts,1,3891,41,384,9,17,0.4609375
1,comt,rabvs_budgeted_random_parts,2,3891,41,512,0,17,0.49609375
1,comt,rabvs_budgeted_random_parts,3,3891,41,640,0,17,0.5203125
1,comt,rabvs_budgeted_random_parts,4,3891,41,768,13,30,0.5299479166666666
1,comt,rabvs_budgeted_random_parts,5,3891,41,896,0,30,0.4921875
1,comt,rabvs_budgeted_random_parts,6,3891,41,1024,0,30,0.4951171875
2,comt,boba_ucb,1,3891,41,384,33,41,0.640625
2,comt,boba_ucb,2,3891,41,512,0,41,0.5859375
2,comt,boba_ucb,3,3891,41,640,0,41,0.53125
2,comt,boba_ucb,4,3891,41,768,0,41,0.5091145833333334
2,comt,boba_ucb,5,3891,41,896,0,41,0.49107142857142855
2,comt,boba_ucb,6,3891,41,1024,0,41,0.4619140625
2,comt,rabvs_budgeted_reliable,1,3891,41,384,33,41,0.640625
2,comt,rabvs_budgeted_reliable,2,3891,41,512,0,41,0.5859375
2,comt,rabvs_budgeted_reliable,3,3891,41,640,0,41,0.53125
2,comt,rabvs_budgeted_reliable,4,3891,41,768,0,41,0.5091145833333334
2,comt,rabvs_budgeted_reliable,5,3891,41,896,0,41,0.49107142857142855
2,comt,rabvs_budgeted_reliable,6,3891,41,1024,0,41,0.4619140625
2,comt,rabvs_budgeted_no_ucb,1,3891,41,384,33,41,0.6432291666666666
2,comt,rabvs_budgeted_no_ucb,2,3891,41,512,0,41,0.611328125
2,comt,rabvs_budgeted_no_ucb,3,3891,41,640,0,41,0.5734375
2,comt,rabvs_budgeted_no_ucb,4,3891,41,768,0,41,0.5833333333333334
2,comt,rabvs_budgeted_no_ucb,5,3891,41,896,0,41,0.5658482142857143
2,comt,rabvs_budgeted_no_ucb,6,3891,41,1024,0,41,0.53515625
2,comt,rabvs_budgeted_random_parts,1,3891,41,384,11,19,0.4791666666666667
2,comt,rabvs_budgeted_random_parts,2,3891,41,512,0,19,0.44921875
2,comt,rabvs_budgeted_random_parts,3,3891,41,640,0,19,0.45
2,comt,rabvs_budgeted_random_parts,4,3891,41,768,12,31,0.5052083333333334
2,comt,rabvs_budgeted_random_parts,5,3891,41,896,0,31,0.5145089285714286
2,comt,rabvs_budgeted_random_parts,6,3891,41,1024,10,41,0.5458984375
0,cp2c9,boba_ucb,1,7570,120,384,40,48,0.4427083333333333
0,cp2c9,boba_ucb,2,7570,120,512,4,52,0.439453125
0,cp2c9,boba_ucb,3,7570,120,640,2,54,0.459375
0,cp2c9,boba_ucb,4,7570,120,768,16,70,0.4453125
0,cp2c9,boba_ucb,5,7570,120,896,0,70,0.453125
0,cp2c9,boba_ucb,6,7570,120,1024,4,74,0.4560546875
0,cp2c9,rabvs_budgeted_reliable,1,7570,120,384,40,48,0.4427083333333333
0,cp2c9,rabvs_budgeted_reliable,2,7570,120,512,4,52,0.439453125
0,cp2c9,rabvs_budgeted_reliable,3,7570,120,640,2,54,0.459375
0,cp2c9,rabvs_budgeted_reliable,4,7570,120,768,16,70,0.4453125
0,cp2c9,rabvs_budgeted_reliable,5,7570,120,896,0,70,0.453125
0,cp2c9,rabvs_budgeted_reliable,6,7570,120,1024,4,74,0.4560546875
0,cp2c9,rabvs_budgeted_no_ucb,1,7570,120,384,41,49,0.421875
0,cp2c9,rabvs_budgeted_no_ucb,2,7570,120,512,11,60,0.435546875
0,cp2c9,rabvs_budgeted_no_ucb,3,7570,120,640,16,76,0.440625
0,cp2c9,rabvs_budgeted_no_ucb,4,7570,120,768,6,82,0.4544270833333333
0,cp2c9,rabvs_budgeted_no_ucb,5,7570,120,896,7,89,0.4453125
0,cp2c9,rabvs_budgeted_no_ucb,6,7570,120,1024,3,92,0.4736328125
0,cp2c9,rabvs_budgeted_random_parts,1,7570,120,384,2,10,0.5026041666666666
0,cp2c9,rabvs_budgeted_random_parts,2,7570,120,512,5,15,0.478515625
0,cp2c9,rabvs_budgeted_random_parts,3,7570,120,640,4,19,0.4625
0,cp2c9,rabvs_budgeted_random_parts,4,7570,120,768,13,32,0.4635416666666667
0,cp2c9,rabvs_budgeted_random_parts,5,7570,120,896,3,35,0.4799107142857143
0,cp2c9,rabvs_budgeted_random_parts,6,7570,120,1024,1,36,0.498046875
1,cp2c9,boba_ucb,1,7570,120,384,28,36,0.4296875
1,cp2c9,boba_ucb,2,7570,120,512,12,48,0.431640625
1,cp2c9,boba_ucb,3,7570,120,640,11,59,0.4421875
1,cp2c9,boba_ucb,4,7570,120,768,3,62,0.4348958333333333
1,cp2c9,boba_ucb,5,7570,120,896,4,66,0.43861607142857145
1,cp2c9,boba_ucb,6,7570,120,1024,0,66,0.4560546875
1,cp2c9,rabvs_budgeted_reliable,1,7570,120,384,28,36,0.4296875
1,cp2c9,rabvs_budgeted_reliable,2,7570,120,512,12,48,0.431640625
1,cp2c9,rabvs_budgeted_reliable,3,7570,120,640,11,59,0.4421875
1,cp2c9,rabvs_budgeted_reliable,4,7570,120,768,3,62,0.4348958333333333
1,cp2c9,rabvs_budgeted_reliable,5,7570,120,896,4,66,0.43861607142857145
1,cp2c9,rabvs_budgeted_reliable,6,7570,120,1024,0,66,0.4560546875
1,cp2c9,rabvs_budgeted_no_ucb,1,7570,120,384,45,53,0.4296875
1,cp2c9,rabvs_budgeted_no_ucb,2,7570,120,512,16,69,0.458984375
1,cp2c9,rabvs_budgeted_no_ucb,3,7570,120,640,7,76,0.471875
1,cp2c9,rabvs_budgeted_no_ucb,4,7570,120,768,5,81,0.47265625
1,cp2c9,rabvs_budgeted_no_ucb,5,7570,120,896,0,81,0.4877232142857143
1,cp2c9,rabvs_budgeted_no_ucb,6,7570,120,1024,1,82,0.48828125
1,cp2c9,rabvs_budgeted_random_parts,1,7570,120,384,1,9,0.4739583333333333
1,cp2c9,rabvs_budgeted_random_parts,2,7570,120,512,4,13,0.46484375
1,cp2c9,rabvs_budgeted_random_parts,3,7570,120,640,2,15,0.4984375
1,cp2c9,rabvs_budgeted_random_parts,4,7570,120,768,2,17,0.4895833333333333
1,cp2c9,rabvs_budgeted_random_parts,5,7570,120,896,14,31,0.47544642857142855
1,cp2c9,rabvs_budgeted_random_parts,6,7570,120,1024,31,62,0.462890625
2,cp2c9,boba_ucb,1,7570,120,384,33,41,0.4322916666666667
2,cp2c9,boba_ucb,2,7570,120,512,23,64,0.43359375
2,cp2c9,boba_ucb,3,7570,120,640,4,68,0.446875
2,cp2c9,boba_ucb,4,7570,120,768,4,72,0.4296875
2,cp2c9,boba_ucb,5,7570,120,896,2,74,0.44642857142857145
2,cp2c9,boba_ucb,6,7570,120,1024,0,74,0.4453125
2,cp2c9,rabvs_budgeted_reliable,1,7570,120,384,33,41,0.4322916666666667
2,cp2c9,rabvs_budgeted_reliable,2,7570,120,512,23,64,0.43359375
2,cp2c9,rabvs_budgeted_reliable,3,7570,120,640,4,68,0.446875
2,cp2c9,rabvs_budgeted_reliable,4,7570,120,768,4,72,0.4296875
2,cp2c9,rabvs_budgeted_reliable,5,7570,120,896,2,74,0.44642857142857145
2,cp2c9,rabvs_budgeted_reliable,6,7570,120,1024,0,74,0.4453125
2,cp2c9,rabvs_budgeted_no_ucb,1,7570,120,384,34,42,0.4088541666666667
2,cp2c9,rabvs_budgeted_no_ucb,2,7570,120,512,26,68,0.40234375
2,cp2c9,rabvs_budgeted_no_ucb,3,7570,120,640,14,82,0.390625
2,cp2c9,rabvs_budgeted_no_ucb,4,7570,120,768,4,86,0.4088541666666667
2,cp2c9,rabvs_budgeted_no_ucb,5,7570,120,896,3,89,0.41294642857142855
2,cp2c9,rabvs_budgeted_no_ucb,6,7570,120,1024,1,90,0.4189453125
2,cp2c9,rabvs_budgeted_random_parts,1,7570,120,384,10,18,0.4375
2,cp2c9,rabvs_budgeted_random_parts,2,7570,120,512,3,21,0.466796875
2,cp2c9,rabvs_budgeted_random_parts,3,7570,120,640,1,22,0.4609375
2,cp2c9,rabvs_budgeted_random_parts,4,7570,120,768,27,49,0.4635416666666667
2,cp2c9,rabvs_budgeted_random_parts,5,7570,120,896,10,59,0.46763392857142855
2,cp2c9,rabvs_budgeted_random_parts,6,7570,120,1024,0,59,0.4765625
0,cp3a4,boba_ucb,1,11970,170,384,27,35,0.4036458333333333
0,cp3a4,boba_ucb,2,11970,170,512,28,63,0.353515625
0,cp3a4,boba_ucb,3,11970,170,640,7,70,0.3453125
0,cp3a4,boba_ucb,4,11970,170,768,5,75,0.3528645833333333
0,cp3a4,boba_ucb,5,11970,170,896,1,76,0.38058035714285715
0,cp3a4,boba_ucb,6,11970,170,1024,2,78,0.3984375
0,cp3a4,rabvs_budgeted_reliable,1,11970,170,384,27,35,0.4036458333333333
0,cp3a4,rabvs_budgeted_reliable,2,11970,170,512,28,63,0.353515625
0,cp3a4,rabvs_budgeted_reliable,3,11970,170,640,7,70,0.3453125
0,cp3a4,rabvs_budgeted_reliable,4,11970,170,768,5,75,0.3528645833333333
0,cp3a4,rabvs_budgeted_reliable,5,11970,170,896,1,76,0.38058035714285715
0,cp3a4,rabvs_budgeted_reliable,6,11970,170,1024,2,78,0.3984375
0,cp3a4,rabvs_budgeted_no_ucb,1,11970,170,384,42,50,0.3645833333333333
0,cp3a4,rabvs_budgeted_no_ucb,2,11970,170,512,22,72,0.330078125
0,cp3a4,rabvs_budgeted_no_ucb,3,11970,170,640,23,95,0.3234375
0,cp3a4,rabvs_budgeted_no_ucb,4,11970,170,768,14,109,0.3385416666666667
0,cp3a4,rabvs_budgeted_no_ucb,5,11970,170,896,3,112,0.32924107142857145
0,cp3a4,rabvs_budgeted_no_ucb,6,11970,170,1024,7,119,0.32421875
0,cp3a4,rabvs_budgeted_random_parts,1,11970,170,384,1,9,0.4817708333333333
0,cp3a4,rabvs_budgeted_random_parts,2,11970,170,512,6,15,0.4453125
0,cp3a4,rabvs_budgeted_random_parts,3,11970,170,640,11,26,0.409375
0,cp3a4,rabvs_budgeted_random_parts,4,11970,170,768,12,38,0.42578125
0,cp3a4,rabvs_budgeted_random_parts,5,11970,170,896,25,63,0.40625
0,cp3a4,rabvs_budgeted_random_parts,6,11970,170,1024,4,67,0.39453125
1,cp3a4,boba_ucb,1,11970,170,384,20,28,0.4036458333333333
1,cp3a4,boba_ucb,2,11970,170,512,19,47,0.392578125
1,cp3a4,boba_ucb,3,11970,170,640,11,58,0.3671875
1,cp3a4,boba_ucb,4,11970,170,768,7,65,0.38671875
1,cp3a4,boba_ucb,5,11970,170,896,12,77,0.38058035714285715
1,cp3a4,boba_ucb,6,11970,170,1024,2,79,0.3837890625
1,cp3a4,rabvs_budgeted_reliable,1,11970,170,384,20,28,0.4036458333333333
1,cp3a4,rabvs_budgeted_reliable,2,11970,170,512,19,47,0.392578125
1,cp3a4,rabvs_budgeted_reliable,3,11970,170,640,11,58,0.3671875
1,cp3a4,rabvs_budgeted_reliable,4,11970,170,768,7,65,0.38671875
1,cp3a4,rabvs_budgeted_reliable,5,11970,170,896,12,77,0.38058035714285715
1,cp3a4,rabvs_budgeted_reliable,6,11970,170,1024,2,79,0.3837890625
1,cp3a4,rabvs_budgeted_no_ucb,1,11970,170,384,26,34,0.3802083333333333
1,cp3a4,rabvs_budgeted_no_ucb,2,11970,170,512,25,59,0.390625
1,cp3a4,rabvs_budgeted_no_ucb,3,11970,170,640,19,78,0.384375
1,cp3a4,rabvs_budgeted_no_ucb,4,11970,170,768,17,95,0.359375
1,cp3a4,rabvs_budgeted_no_ucb,5,11970,170,896,10,105,0.37276785714285715
1,cp3a4,rabvs_budgeted_no_ucb,6,11970,170,1024,8,113,0.3525390625
1,cp3a4,rabvs_budgeted_random_parts,1,11970,170,384,6,14,0.3932291666666667
1,cp3a4,rabvs_budgeted_random_parts,2,11970,170,512,11,25,0.38671875
1,cp3a4,rabvs_budgeted_random_parts,3,11970,170,640,5,30,0.3875
1,cp3a4,rabvs_budgeted_random_parts,4,11970,170,768,4,34,0.3932291666666667
1,cp3a4,rabvs_budgeted_random_parts,5,11970,170,896,2,36,0.3828125
1,cp3a4,rabvs_budgeted_random_parts,6,11970,170,1024,6,42,0.3994140625
2,cp3a4,boba_ucb,1,11970,170,384,16,24,0.4270833333333333
2,cp3a4,boba_ucb,2,11970,170,512,23,47,0.396484375
2,cp3a4,boba_ucb,3,11970,170,640,17,64,0.4078125
2,cp3a4,boba_ucb,4,11970,170,768,2,66,0.40234375
2,cp3a4,boba_ucb,5,11970,170,896,8,74,0.3939732142857143
2,cp3a4,boba_ucb,6,11970,170,1024,14,88,0.3876953125
2,cp3a4,rabvs_budgeted_reliable,1,11970,170,384,16,24,0.4270833333333333
2,cp3a4,rabvs_budgeted_reliable,2,11970,170,512,23,47,0.396484375
2,cp3a4,rabvs_budgeted_reliable,3,11970,170,640,17,64,0.4078125
2,cp3a4,rabvs_budgeted_reliable,4,11970,170,768,2,66,0.40234375
2,cp3a4,rabvs_budgeted_reliable,5,11970,170,896,8,74,0.3939732142857143
2,cp3a4,rabvs_budgeted_reliable,6,11970,170,1024,14,88,0.3876953125
2,cp3a4,rabvs_budgeted_no_ucb,1,11970,170,384,32,40,0.3932291666666667
2,cp3a4,rabvs_budgeted_no_ucb,2,11970,170,512,24,64,0.392578125
2,cp3a4,rabvs_budgeted_no_ucb,3,11970,170,640,19,83,0.3890625
2,cp3a4,rabvs_budgeted_no_ucb,4,11970,170,768,6,89,0.3776041666666667
2,cp3a4,rabvs_budgeted_no_ucb,5,11970,170,896,18,107,0.37723214285714285
2,cp3a4,rabvs_budgeted_no_ucb,6,11970,170,1024,8,115,0.3671875
2,cp3a4,rabvs_budgeted_random_parts,1,11970,170,384,6,14,0.40625
2,cp3a4,rabvs_budgeted_random_parts,2,11970,170,512,8,22,0.455078125
2,cp3a4,rabvs_budgeted_random_parts,3,11970,170,640,13,35,0.4359375
2,cp3a4,rabvs_budgeted_random_parts,4,11970,170,768,5,40,0.4075520833333333
2,cp3a4,rabvs_budgeted_random_parts,5,11970,170,896,5,45,0.4095982142857143
2,cp3a4,rabvs_budgeted_random_parts,6,11970,170,1024,2,47,0.4013671875
0,csf1r,boba_ucb,1,12315,166,384,106,114,0.4036458333333333
0,csf1r,boba_ucb,2,12315,166,512,8,122,0.384765625
0,csf1r,boba_ucb,3,12315,166,640,6,128,0.4296875
0,csf1r,boba_ucb,4,12315,166,768,0,128,0.3997395833333333
0,csf1r,boba_ucb,5,12315,166,896,0,128,0.4330357142857143
0,csf1r,boba_ucb,6,12315,166,1024,1,129,0.4169921875
0,csf1r,rabvs_budgeted_reliable,1,12315,166,384,106,114,0.4036458333333333
0,csf1r,rabvs_budgeted_reliable,2,12315,166,512,8,122,0.384765625
0,csf1r,rabvs_budgeted_reliable,3,12315,166,640,6,128,0.4296875
0,csf1r,rabvs_budgeted_reliable,4,12315,166,768,0,128,0.3997395833333333
0,csf1r,rabvs_budgeted_reliable,5,12315,166,896,0,128,0.4330357142857143
0,csf1r,rabvs_budgeted_reliable,6,12315,166,1024,1,129,0.4169921875
0,csf1r,rabvs_budgeted_no_ucb,1,12315,166,384,110,118,0.4114583333333333
0,csf1r,rabvs_budgeted_no_ucb,2,12315,166,512,24,142,0.390625
0,csf1r,rabvs_budgeted_no_ucb,3,12315,166,640,6,148,0.4265625
0,csf1r,rabvs_budgeted_no_ucb,4,12315,166,768,3,151,0.4401041666666667
0,csf1r,rabvs_budgeted_no_ucb,5,12315,166,896,3,154,0.42075892857142855
0,csf1r,rabvs_budgeted_no_ucb,6,12315,166,1024,5,159,0.4033203125
0,csf1r,rabvs_budgeted_random_parts,1,12315,166,384,44,52,0.4375
0,csf1r,rabvs_budgeted_random_parts,2,12315,166,512,6,58,0.392578125
0,csf1r,rabvs_budgeted_random_parts,3,12315,166,640,0,58,0.4359375
0,csf1r,rabvs_budgeted_random_parts,4,12315,166,768,4,62,0.4153645833333333
0,csf1r,rabvs_budgeted_random_parts,5,12315,166,896,5,67,0.4330357142857143
0,csf1r,rabvs_budgeted_random_parts,6,12315,166,1024,0,67,0.423828125
1,csf1r,boba_ucb,1,12315,166,384,96,104,0.4192708333333333
1,csf1r,boba_ucb,2,12315,166,512,12,116,0.41796875
1,csf1r,boba_ucb,3,12315,166,640,2,118,0.4421875
1,csf1r,boba_ucb,4,12315,166,768,1,119,0.4244791666666667
1,csf1r,boba_ucb,5,12315,166,896,0,119,0.4263392857142857
1,csf1r,boba_ucb,6,12315,166,1024,7,126,0.451171875
1,csf1r,rabvs_budgeted_reliable,1,12315,166,384,96,104,0.4192708333333333
1,csf1r,rabvs_budgeted_reliable,2,12315,166,512,12,116,0.41796875
1,csf1r,rabvs_budgeted_reliable,3,12315,166,640,2,118,0.4421875
1,csf1r,rabvs_budgeted_reliable,4,12315,166,768,1,119,0.4244791666666667
1,csf1r,rabvs_budgeted_reliable,5,12315,166,896,0,119,0.4263392857142857
1,csf1r,rabvs_budgeted_reliable,6,12315,166,1024,7,126,0.451171875
1,csf1r,rabvs_budgeted_no_ucb,1,12315,166,384,94,102,0.4140625
1,csf1r,rabvs_budgeted_no_ucb,2,12315,166,512,44,146,0.37890625
1,csf1r,rabvs_budgeted_no_ucb,3,12315,166,640,3,149,0.384375
1,csf1r,rabvs_budgeted_no_ucb,4,12315,166,768,7,156,0.3697916666666667
1,csf1r,rabvs_budgeted_no_ucb,5,12315,166,896,4,160,0.38839285714285715
1,csf1r,rabvs_budgeted_no_ucb,6,12315,166,1024,0,160,0.3984375
1,csf1r,rabvs_budgeted_random_parts,1,12315,166,384,32,40,0.3932291666666667
1,csf1r,rabvs_budgeted_random_parts,2,12315,166,512,27,67,0.3671875
1,csf1r,rabvs_budgeted_random_parts,3,12315,166,640,15,82,0.375
1,csf1r,rabvs_budgeted_random_parts,4,12315,166,768,4,86,0.35546875
1,csf1r,rabvs_budgeted_random_parts,5,12315,166,896,1,87,0.3515625
1,csf1r,rabvs_budgeted_random_parts,6,12315,166,1024,0,87,0.373046875
2,csf1r,boba_ucb,1,12315,166,384,79,87,0.4375
2,csf1r,boba_ucb,2,12315,166,512,44,131,0.392578125
2,csf1r,boba_ucb,3,12315,166,640,3,134,0.371875
2,csf1r,boba_ucb,4,12315,166,768,1,135,0.3841145833333333
2,csf1r,boba_ucb,5,12315,166,896,2,137,0.36941964285714285
2,csf1r,boba_ucb,6,12315,166,1024,0,137,0.37890625
2,csf1r,rabvs_budgeted_reliable,1,12315,166,384,79,87,0.4375
2,csf1r,rabvs_budgeted_reliable,2,12315,166,512,44,131,0.392578125
2,csf1r,rabvs_budgeted_reliable,3,12315,166,640,3,134,0.371875
2,csf1r,rabvs_budgeted_reliable,4,12315,166,768,1,135,0.3841145833333333
2,csf1r,rabvs_budgeted_reliable,5,12315,166,896,2,137,0.36941964285714285
2,csf1r,rabvs_budgeted_reliable,6,12315,166,1024,0,137,0.37890625
2,csf1r,rabvs_budgeted_no_ucb,1,12315,166,384,106,114,0.3984375
2,csf1r,rabvs_budgeted_no_ucb,2,12315,166,512,20,134,0.41796875
2,csf1r,rabvs_budgeted_no_ucb,3,12315,166,640,11,145,0.3828125
2,csf1r,rabvs_budgeted_no_ucb,4,12315,166,768,6,151,0.4036458333333333
2,csf1r,rabvs_budgeted_no_ucb,5,12315,166,896,4,155,0.3950892857142857
2,csf1r,rabvs_budgeted_no_ucb,6,12315,166,1024,2,157,0.3896484375
2,csf1r,rabvs_budgeted_random_parts,1,12315,166,384,0,8,0.4609375
2,csf1r,rabvs_budgeted_random_parts,2,12315,166,512,1,9,0.4375
2,csf1r,rabvs_budgeted_random_parts,3,12315,166,640,0,9,0.453125
2,csf1r,rabvs_budgeted_random_parts,4,12315,166,768,2,11,0.4479166666666667
2,csf1r,rabvs_budgeted_random_parts,5,12315,166,896,2,13,0.45089285714285715
2,csf1r,rabvs_budgeted_random_parts,6,12315,166,1024,0,13,0.44921875
0,cxcr4,boba_ucb,1,3446,40,384,30,38,0.3098958333333333
0,cxcr4,boba_ucb,2,3446,40,512,0,38,0.345703125
0,cxcr4,boba_ucb,3,3446,40,640,0,38,0.3671875
0,cxcr4,boba_ucb,4,3446,40,768,2,40,0.3763020833333333
0,cxcr4,boba_ucb,5,3446,40,896,0,40,0.36160714285714285
0,cxcr4,boba_ucb,6,3446,40,1024,0,40,0.3505859375
0,cxcr4,rabvs_budgeted_reliable,1,3446,40,384,30,38,0.3098958333333333
0,cxcr4,rabvs_budgeted_reliable,2,3446,40,512,0,38,0.345703125
0,cxcr4,rabvs_budgeted_reliable,3,3446,40,640,0,38,0.3671875
0,cxcr4,rabvs_budgeted_reliable,4,3446,40,768,2,40,0.3763020833333333
0,cxcr4,rabvs_budgeted_reliable,5,3446,40,896,0,40,0.36160714285714285
0,cxcr4,rabvs_budgeted_reliable,6,3446,40,1024,0,40,0.3505859375
0,cxcr4,rabvs_budgeted_no_ucb,1,3446,40,384,31,39,0.328125
0,cxcr4,rabvs_budgeted_no_ucb,2,3446,40,512,1,40,0.349609375
0,cxcr4,rabvs_budgeted_no_ucb,3,3446,40,640,0,40,0.340625
0,cxcr4,rabvs_budgeted_no_ucb,4,3446,40,768,0,40,0.3255208333333333
0,cxcr4,rabvs_budgeted_no_ucb,5,3446,40,896,0,40,0.33035714285714285
0,cxcr4,rabvs_budgeted_no_ucb,6,3446,40,1024,0,40,0.322265625
0,cxcr4,rabvs_budgeted_random_parts,1,3446,40,384,2,10,0.3151041666666667
0,cxcr4,rabvs_budgeted_random_parts,2,3446,40,512,13,23,0.29296875
0,cxcr4,rabvs_budgeted_random_parts,3,3446,40,640,0,23,0.3109375
0,cxcr4,rabvs_budgeted_random_parts,4,3446,40,768,0,23,0.33203125
0,cxcr4,rabvs_budgeted_random_parts,5,3446,40,896,0,23,0.3236607142857143
0,cxcr4,rabvs_budgeted_random_parts,6,3446,40,1024,0,23,0.31640625
1,cxcr4,boba_ucb,1,3446,40,384,27,35,0.3515625
1,cxcr4,boba_ucb,2,3446,40,512,0,35,0.296875
1,cxcr4,boba_ucb,3,3446,40,640,0,35,0.2765625
1,cxcr4,boba_ucb,4,3446,40,768,0,35,0.2916666666666667
1,cxcr4,boba_ucb,5,3446,40,896,4,39,0.32254464285714285
1,cxcr4,boba_ucb,6,3446,40,1024,1,40,0.330078125
1,cxcr4,rabvs_budgeted_reliable,1,3446,40,384,27,35,0.3515625
1,cxcr4,rabvs_budgeted_reliable,2,3446,40,512,0,35,0.296875
1,cxcr4,rabvs_budgeted_reliable,3,3446,40,640,0,35,0.2765625
1,cxcr4,rabvs_budgeted_reliable,4,3446,40,768,0,35,0.2916666666666667
1,cxcr4,rabvs_budgeted_reliable,5,3446,40,896,4,39,0.32254464285714285
1,cxcr4,rabvs_budgeted_reliable,6,3446,40,1024,1,40,0.330078125
1,cxcr4,rabvs_budgeted_no_ucb,1,3446,40,384,31,39,0.3411458333333333
1,cxcr4,rabvs_budgeted_no_ucb,2,3446,40,512,0,39,0.30859375
1,cxcr4,rabvs_budgeted_no_ucb,3,3446,40,640,1,40,0.3421875
1,cxcr4,rabvs_budgeted_no_ucb,4,3446,40,768,0,40,0.35546875
1,cxcr4,rabvs_budgeted_no_ucb,5,3446,40,896,0,40,0.32700892857142855
1,cxcr4,rabvs_budgeted_no_ucb,6,3446,40,1024,0,40,0.3212890625
1,cxcr4,rabvs_budgeted_random_parts,1,3446,40,384,17,25,0.3203125
1,cxcr4,rabvs_budgeted_random_parts,2,3446,40,512,5,30,0.298828125
1,cxcr4,rabvs_budgeted_random_parts,3,3446,40,640,0,30,0.3203125
1,cxcr4,rabvs_budgeted_random_parts,4,3446,40,768,9,39,0.3255208333333333
1,cxcr4,rabvs_budgeted_random_parts,5,3446,40,896,1,40,0.33705357142857145
1,cxcr4,rabvs_budgeted_random_parts,6,3446,40,1024,0,40,0.3310546875
2,cxcr4,boba_ucb,1,3446,40,384,30,38,0.3020833333333333
2,cxcr4,boba_ucb,2,3446,40,512,0,38,0.2890625
2,cxcr4,boba_ucb,3,3446,40,640,0,38,0.2828125
2,cxcr4,boba_ucb,4,3446,40,768,0,38,0.2981770833333333
2,cxcr4,boba_ucb,5,3446,40,896,2,40,0.3314732142857143
2,cxcr4,boba_ucb,6,3446,40,1024,0,40,0.33984375
2,cxcr4,rabvs_budgeted_reliable,1,3446,40,384,30,38,0.3020833333333333
2,cxcr4,rabvs_budgeted_reliable,2,3446,40,512,0,38,0.2890625
2,cxcr4,rabvs_budgeted_reliable,3,3446,40,640,0,38,0.2828125
2,cxcr4,rabvs_budgeted_reliable,4,3446,40,768,0,38,0.2981770833333333
2,cxcr4,rabvs_budgeted_reliable,5,3446,40,896,2,40,0.3314732142857143
2,cxcr4,rabvs_budgeted_reliable,6,3446,40,1024,0,40,0.33984375
2,cxcr4,rabvs_budgeted_no_ucb,1,3446,40,384,32,40,0.3255208333333333
2,cxcr4,rabvs_budgeted_no_ucb,2,3446,40,512,0,40,0.35546875
2,cxcr4,rabvs_budgeted_no_ucb,3,3446,40,640,0,40,0.34375
2,cxcr4,rabvs_budgeted_no_ucb,4,3446,40,768,0,40,0.3346354166666667
2,cxcr4,rabvs_budgeted_no_ucb,5,3446,40,896,0,40,0.32142857142857145
2,cxcr4,rabvs_budgeted_no_ucb,6,3446,40,1024,0,40,0.3134765625
2,cxcr4,rabvs_budgeted_random_parts,1,3446,40,384,1,9,0.3359375
2,cxcr4,rabvs_budgeted_random_parts,2,3446,40,512,13,22,0.345703125
2,cxcr4,rabvs_budgeted_random_parts,3,3446,40,640,4,26,0.3265625
2,cxcr4,rabvs_budgeted_random_parts,4,3446,40,768,3,29,0.3125
2,cxcr4,rabvs_budgeted_random_parts,5,3446,40,896,0,29,0.29464285714285715
2,cxcr4,rabvs_budgeted_random_parts,6,3446,40,1024,0,29,0.298828125
0,def,boba_ucb,1,5802,102,384,82,90,0.6380208333333334
0,def,boba_ucb,2,5802,102,512,1,91,0.59375
0,def,boba_ucb,3,5802,102,640,0,91,0.565625
0,def,boba_ucb,4,5802,102,768,0,91,0.5520833333333334
0,def,boba_ucb,5,5802,102,896,0,91,0.5345982142857143
0,def,boba_ucb,6,5802,102,1024,0,91,0.5361328125
0,def,rabvs_budgeted_reliable,1,5802,102,384,82,90,0.6380208333333334
0,def,rabvs_budgeted_reliable,2,5802,102,512,1,91,0.59375
0,def,rabvs_budgeted_reliable,3,5802,102,640,0,91,0.565625
0,def,rabvs_budgeted_reliable,4,5802,102,768,0,91,0.5520833333333334
0,def,rabvs_budgeted_reliable,5,5802,102,896,0,91,0.5345982142857143
0,def,rabvs_budgeted_reliable,6,5802,102,1024,0,91,0.5361328125
0,def,rabvs_budgeted_no_ucb,1,5802,102,384,84,92,0.6328125
0,def,rabvs_budgeted_no_ucb,2,5802,102,512,8,100,0.6484375
0,def,rabvs_budgeted_no_ucb,3,5802,102,640,1,101,0.609375
0,def,rabvs_budgeted_no_ucb,4,5802,102,768,1,102,0.5690104166666666
0,def,rabvs_budgeted_no_ucb,5,5802,102,896,0,102,0.5591517857142857
0,def,rabvs_budgeted_no_ucb,6,5802,102,1024,0,102,0.541015625
0,def,rabvs_budgeted_random_parts,1,5802,102,384,0,8,0.546875
0,def,rabvs_budgeted_random_parts,2,5802,102,512,0,8,0.564453125
0,def,rabvs_budgeted_random_parts,3,5802,102,640,0,8,0.571875
0,def,rabvs_budgeted_random_parts,4,5802,102,768,0,8,0.54296875
0,def,rabvs_budgeted_random_parts,5,5802,102,896,0,8,0.5357142857142857
0,def,rabvs_budgeted_random_parts,6,5802,102,1024,1,9,0.52734375
1,def,boba_ucb,1,5802,102,384,80,88,0.6067708333333334
1,def,boba_ucb,2,5802,102,512,8,96,0.56640625
1,def,boba_ucb,3,5802,102,640,0,96,0.546875
1,def,boba_ucb,4,5802,102,768,0,96,0.5182291666666666
1,def,boba_ucb,5,5802,102,896,0,96,0.5379464285714286
1,def,boba_ucb,6,5802,102,1024,0,96,0.53125
1,def,rabvs_budgeted_reliable,1,5802,102,384,80,88,0.6067708333333334
1,def,rabvs_budgeted_reliable,2,5802,102,512,8,96,0.56640625
1,def,rabvs_budgeted_reliable,3,5802,102,640,0,96,0.546875
1,def,rabvs_budgeted_reliable,4,5802,102,768,0,96,0.5182291666666666
1,def,rabvs_budgeted_reliable,5,5802,102,896,0,96,0.5379464285714286
1,def,rabvs_budgeted_reliable,6,5802,102,1024,0,96,0.53125
1,def,rabvs_budgeted_no_ucb,1,5802,102,384,84,92,0.6015625
1,def,rabvs_budgeted_no_ucb,2,5802,102,512,8,100,0.576171875
1,def,rabvs_budgeted_no_ucb,3,5802,102,640,2,102,0.5625
1,def,rabvs_budgeted_no_ucb,4,5802,102,768,0,102,0.5546875
1,def,rabvs_budgeted_no_ucb,5,5802,102,896,0,102,0.5424107142857143
1,def,rabvs_budgeted_no_ucb,6,5802,102,1024,0,102,0.5419921875
1,def,rabvs_budgeted_random_parts,1,5802,102,384,0,8,0.4895833333333333
1,def,rabvs_budgeted_random_parts,2,5802,102,512,46,54,0.533203125
1,def,rabvs_budgeted_random_parts,3,5802,102,640,3,57,0.5484375
1,def,rabvs_budgeted_random_parts,4,5802,102,768,1,58,0.56640625
1,def,rabvs_budgeted_random_parts,5,5802,102,896,0,58,0.578125
1,def,rabvs_budgeted_random_parts,6,5802,102,1024,4,62,0.5693359375
2,def,boba_ucb,1,5802,102,384,84,92,0.625
2,def,boba_ucb,2,5802,102,512,0,92,0.611328125
2,def,boba_ucb,3,5802,102,640,2,94,0.5796875
2,def,boba_ucb,4,5802,102,768,0,94,0.55859375
2,def,boba_ucb,5,5802,102,896,0,94,0.5424107142857143
2,def,boba_ucb,6,5802,102,1024,0,94,0.5390625
2,def,rabvs_budgeted_reliable,1,5802,102,384,84,92,0.625
2,def,rabvs_budgeted_reliable,2,5802,102,512,0,92,0.611328125
2,def,rabvs_budgeted_reliable,3,5802,102,640,2,94,0.5796875
2,def,rabvs_budgeted_reliable,4,5802,102,768,0,94,0.55859375
2,def,rabvs_budgeted_reliable,5,5802,102,896,0,94,0.5424107142857143
2,def,rabvs_budgeted_reliable,6,5802,102,1024,0,94,0.5390625
2,def,rabvs_budgeted_no_ucb,1,5802,102,384,84,92,0.6067708333333334
2,def,rabvs_budgeted_no_ucb,2,5802,102,512,7,99,0.6484375
2,def,rabvs_budgeted_no_ucb,3,5802,102,640,1,100,0.6
2,def,rabvs_budgeted_no_ucb,4,5802,102,768,2,102,0.5703125
2,def,rabvs_budgeted_no_ucb,5,5802,102,896,0,102,0.5513392857142857
2,def,rabvs_budgeted_no_ucb,6,5802,102,1024,0,102,0.5546875
2,def,rabvs_budgeted_random_parts,1,5802,102,384,0,8,0.5130208333333334
2,def,rabvs_budgeted_random_parts,2,5802,102,512,0,8,0.46484375
2,def,rabvs_budgeted_random_parts,3,5802,102,640,1,9,0.4890625
2,def,rabvs_budgeted_random_parts,4,5802,102,768,0,9,0.5221354166666666
2,def,rabvs_budgeted_random_parts,5,5802,102,896,0,9,0.5145089285714286
2,def,rabvs_budgeted_random_parts,6,5802,102,1024,26,35,0.5390625
0,dhi1,boba_ucb,1,19680,330,384,71,79,0.3958333333333333
0,dhi1,boba_ucb,2,19680,330,512,32,111,0.365234375
0,dhi1,boba_ucb,3,19680,330,640,39,150,0.365625
0,dhi1,boba_ucb,4,19680,330,768,18,168,0.3502604166666667
0,dhi1,boba_ucb,5,19680,330,896,9,177,0.34598214285714285
0,dhi1,boba_ucb,6,19680,330,1024,3,180,0.35546875
0,dhi1,rabvs_budgeted_reliable,1,19680,330,384,71,79,0.3958333333333333
0,dhi1,rabvs_budgeted_reliable,2,19680,330,512,32,111,0.365234375
0,dhi1,rabvs_budgeted_reliable,3,19680,330,640,39,150,0.365625
0,dhi1,rabvs_budgeted_reliable,4,19680,330,768,18,168,0.3502604166666667
0,dhi1,rabvs_budgeted_reliable,5,19680,330,896,9,177,0.34598214285714285
0,dhi1,rabvs_budgeted_reliable,6,19680,330,1024,3,180,0.35546875
0,dhi1,rabvs_budgeted_no_ucb,1,19680,330,384,87,95,0.3723958333333333
0,dhi1,rabvs_budgeted_no_ucb,2,19680,330,512,64,159,0.322265625
0,dhi1,rabvs_budgeted_no_ucb,3,19680,330,640,45,204,0.3078125
0,dhi1,rabvs_budgeted_no_ucb,4,19680,330,768,28,232,0.3268229166666667
0,dhi1,rabvs_budgeted_no_ucb,5,19680,330,896,12,244,0.3314732142857143
0,dhi1,rabvs_budgeted_no_ucb,6,19680,330,1024,12,256,0.3505859375
0,dhi1,rabvs_budgeted_random_parts,1,19680,330,384,27,35,0.40625
0,dhi1,rabvs_budgeted_random_parts,2,19680,330,512,1,36,0.427734375
0,dhi1,rabvs_budgeted_random_parts,3,19680,330,640,17,53,0.4109375
0,dhi1,rabvs_budgeted_random_parts,4,19680,330,768,15,68,0.4192708333333333
0,dhi1,rabvs_budgeted_random_parts,5,19680,330,896,3,71,0.39285714285714285
0,dhi1,rabvs_budgeted_random_parts,6,19680,330,1024,20,91,0.40234375
1,dhi1,boba_ucb,1,19680,330,384,30,38,0.4244791666666667
1,dhi1,boba_ucb,2,19680,330,512,53,91,0.40234375
1,dhi1,boba_ucb,3,19680,330,640,27,118,0.3640625
1,dhi1,boba_ucb,4,19680,330,768,7,125,0.41015625
1,dhi1,boba_ucb,5,19680,330,896,13,138,0.41183035714285715
1,dhi1,boba_ucb,6,19680,330,1024,2,140,0.4140625
1,dhi1,rabvs_budgeted_reliable,1,19680,330,384,30,38,0.4244791666666667
1,dhi1,rabvs_budgeted_reliable,2,19680,330,512,53,91,0.40234375
1,dhi1,rabvs_budgeted_reliable,3,19680,330,640,27,118,0.3640625
1,dhi1,rabvs_budgeted_reliable,4,19680,330,768,7,125,0.41015625
1,dhi1,rabvs_budgeted_reliable,5,19680,330,896,13,138,0.41183035714285715
1,dhi1,rabvs_budgeted_reliable,6,19680,330,1024,2,140,0.4140625
1,dhi1,rabvs_budgeted_no_ucb,1,19680,330,384,47,55,0.4036458333333333
1,dhi1,rabvs_budgeted_no_ucb,2,19680,330,512,75,130,0.359375
1,dhi1,rabvs_budgeted_no_ucb,3,19680,330,640,54,184,0.321875
1,dhi1,rabvs_budgeted_no_ucb,4,19680,330,768,73,257,0.3020833333333333
1,dhi1,rabvs_budgeted_no_ucb,5,19680,330,896,14,271,0.30245535714285715
1,dhi1,rabvs_budgeted_no_ucb,6,19680,330,1024,13,284,0.3125
1,dhi1,rabvs_budgeted_random_parts,1,19680,330,384,3,11,0.5026041666666666
1,dhi1,rabvs_budgeted_random_parts,2,19680,330,512,5,16,0.48828125
1,dhi1,rabvs_budgeted_random_parts,3,19680,330,640,3,19,0.45625
1,dhi1,rabvs_budgeted_random_parts,4,19680,330,768,35,54,0.4375
1,dhi1,rabvs_budgeted_random_parts,5,19680,330,896,0,54,0.42075892857142855
1,dhi1,rabvs_budgeted_random_parts,6,19680,330,1024,9,63,0.423828125
2,dhi1,boba_ucb,1,19680,330,384,90,98,0.359375
2,dhi1,boba_ucb,2,19680,330,512,24,122,0.361328125
2,dhi1,boba_ucb,3,19680,330,640,9,131,0.3953125
2,dhi1,boba_ucb,4,19680,330,768,10,141,0.3971354166666667
2,dhi1,boba_ucb,5,19680,330,896,28,169,0.37723214285714285
2,dhi1,boba_ucb,6,19680,330,1024,0,169,0.4091796875
2,dhi1,rabvs_budgeted_reliable,1,19680,330,384,90,98,0.359375
2,dhi1,rabvs_budgeted_reliable,2,19680,330,512,24,122,0.361328125
2,dhi1,rabvs_budgeted_reliable,3,19680,330,640,9,131,0.3953125
2,dhi1,rabvs_budgeted_reliable,4,19680,330,768,10,141,0.3971354166666667
2,dhi1,rabvs_budgeted_reliable,5,19680,330,896,28,169,0.37723214285714285
2,dhi1,rabvs_budgeted_reliable,6,19680,330,1024,0,169,0.4091796875
2,dhi1,rabvs_budgeted_no_ucb,1,19680,330,384,95,103,0.34375
2,dhi1,rabvs_budgeted_no_ucb,2,19680,330,512,69,172,0.302734375
2,dhi1,rabvs_budgeted_no_ucb,3,19680,330,640,60,232,0.284375
2,dhi1,rabvs_budgeted_no_ucb,4,19680,330,768,21,253,0.3151041666666667
2,dhi1,rabvs_budgeted_no_ucb,5,19680,330,896,9,262,0.32924107142857145
2,dhi1,rabvs_budgeted_no_ucb,6,19680,330,1024,17,279,0.341796875
2,dhi1,rabvs_budgeted_random_parts,1,19680,330,384,6,14,0.4427083333333333
2,dhi1,rabvs_budgeted_random_parts,2,19680,330,512,4,18,0.392578125
2,dhi1,rabvs_budgeted_random_parts,3,19680,330,640,33,51,0.375
2,dhi1,rabvs_budgeted_random_parts,4,19680,330,768,9,60,0.3776041666666667
2,dhi1,rabvs_budgeted_random_parts,5,19680,330,896,3,63,0.40513392857142855
2,dhi1,rabvs_budgeted_random_parts,6,19680,330,1024,28,91,0.40625
0,dpp4,boba_ucb,1,41482,533,384,128,136,0.4973958333333333
0,dpp4,boba_ucb,2,41482,533,512,90,226,0.4375
0,dpp4,boba_ucb,3,41482,533,640,7,233,0.4125
0,dpp4,boba_ucb,4,41482,533,768,8,241,0.4010416666666667
0,dpp4,boba_ucb,5,41482,533,896,6,247,0.38839285714285715
0,dpp4,boba_ucb,6,41482,533,1024,4,251,0.3876953125
0,dpp4,rabvs_budgeted_reliable,1,41482,533,384,128,136,0.4973958333333333
0,dpp4,rabvs_budgeted_reliable,2,41482,533,512,90,226,0.4375
0,dpp4,rabvs_budgeted_reliable,3,41482,533,640,7,233,0.4125
0,dpp4,rabvs_budgeted_reliable,4,41482,533,768,8,241,0.4010416666666667
0,dpp4,rabvs_budgeted_reliable,5,41482,533,896,6,247,0.38839285714285715
0,dpp4,rabvs_budgeted_reliable,6,41482,533,1024,4,251,0.3876953125
0,dpp4,rabvs_budgeted_no_ucb,1,41482,533,384,128,136,0.4973958333333333
0,dpp4,rabvs_budgeted_no_ucb,2,41482,533,512,113,249,0.4609375
0,dpp4,rabvs_budgeted_no_ucb,3,41482,533,640,120,369,0.3953125
0,dpp4,rabvs_budgeted_no_ucb,4,41482,533,768,63,432,0.3606770833333333
0,dpp4,rabvs_budgeted_no_ucb,5,41482,533,896,21,453,0.36495535714285715
0,dpp4,rabvs_budgeted_no_ucb,6,41482,533,1024,13,466,0.3662109375
0,dpp4,rabvs_budgeted_random_parts,1,41482,533,384,2,10,0.3645833333333333
0,dpp4,rabvs_budgeted_random_parts,2,41482,533,512,2,12,0.361328125
0,dpp4,rabvs_budgeted_random_parts,3,41482,533,640,0,12,0.3828125
0,dpp4,rabvs_budgeted_random_parts,4,41482,533,768,1,13,0.4127604166666667
0,dpp4,rabvs_budgeted_random_parts,5,41482,533,896,4,17,0.41517857142857145
0,dpp4,rabvs_budgeted_random_parts,6,41482,533,1024,1,18,0.4248046875
1,dpp4,boba_ucb,1,41482,533,384,128,136,0.3828125
1,dpp4,boba_ucb,2,41482,533,512,23,159,0.3984375
1,dpp4,boba_ucb,3,41482,533,640,4,163,0.3859375
1,dpp4,boba_ucb,4,41482,533,768,13,176,0.37890625
1,dpp4,boba_ucb,5,41482,533,896,7,183,0.38169642857142855
1,dpp4,boba_ucb,6,41482,533,1024,2,185,0.37890625
1,dpp4,rabvs_budgeted_reliable,1,41482,533,384,128,136,0.3828125
1,dpp4,rabvs_budgeted_reliable,2,41482,533,512,23,159,0.3984375
1,dpp4,rabvs_budgeted_reliable,3,41482,533,640,4,163,0.3859375
1,dpp4,rabvs_budgeted_reliable,4,41482,533,768,13,176,0.37890625
1,dpp4,rabvs_budgeted_reliable,5,41482,533,896,7,183,0.38169642857142855
1,dpp4,rabvs_budgeted_reliable,6,41482,533,1024,2,185,0.37890625
1,dpp4,rabvs_budgeted_no_ucb,1,41482,533,384,127,135,0.3854166666666667
1,dpp4,rabvs_budgeted_no_ucb,2,41482,533,512,128,263,0.36328125
1,dpp4,rabvs_budgeted_no_ucb,3,41482,533,640,108,371,0.3671875
1,dpp4,rabvs_budgeted_no_ucb,4,41482,533,768,51,422,0.35546875
1,dpp4,rabvs_budgeted_no_ucb,5,41482,533,896,20,442,0.3671875
1,dpp4,rabvs_budgeted_no_ucb,6,41482,533,1024,17,459,0.3564453125
1,dpp4,rabvs_budgeted_random_parts,1,41482,533,384,1,9,0.3489583333333333
1,dpp4,rabvs_budgeted_random_parts,2,41482,533,512,2,11,0.328125
1,dpp4,rabvs_budgeted_random_parts,3,41482,533,640,81,92,0.3734375
1,dpp4,rabvs_budgeted_random_parts,4,41482,533,768,12,104,0.37890625
1,dpp4,rabvs_budgeted_random_parts,5,41482,533,896,5,109,0.37388392857142855
1,dpp4,rabvs_budgeted_random_parts,6,41482,533,1024,0,109,0.359375
2,dpp4,boba_ucb,1,41482,533,384,122,130,0.390625
2,dpp4,boba_ucb,2,41482,533,512,42,172,0.3984375
2,dpp4,boba_ucb,3,41482,533,640,7,179,0.4046875
2,dpp4,boba_ucb,4,41482,533,768,11,190,0.4205729166666667
2,dpp4,boba_ucb,5,41482,533,896,1,191,0.4174107142857143
2,dpp4,boba_ucb,6,41482,533,1024,4,195,0.4072265625
2,dpp4,rabvs_budgeted_reliable,1,41482,533,384,122,130,0.390625
2,dpp4,rabvs_budgeted_reliable,2,41482,533,512,42,172,0.3984375
2,dpp4,rabvs_budgeted_reliable,3,41482,533,640,7,179,0.4046875
2,dpp4,rabvs_budgeted_reliable,4,41482,533,768,11,190,0.4205729166666667
2,dpp4,rabvs_budgeted_reliable,5,41482,533,896,1,191,0.4174107142857143
2,dpp4,rabvs_budgeted_reliable,6,41482,533,1024,4,195,0.4072265625
2,dpp4,rabvs_budgeted_no_ucb,1,41482,533,384,123,131,0.3880208333333333
2,dpp4,rabvs_budgeted_no_ucb,2,41482,533,512,128,259,0.369140625
2,dpp4,rabvs_budgeted_no_ucb,3,41482,533,640,119,378,0.35625
2,dpp4,rabvs_budgeted_no_ucb,4,41482,533,768,46,424,0.3736979166666667
2,dpp4,rabvs_budgeted_no_ucb,5,41482,533,896,10,434,0.36160714285714285
2,dpp4,rabvs_budgeted_no_ucb,6,41482,533,1024,17,451,0.35546875
2,dpp4,rabvs_budgeted_random_parts,1,41482,533,384,3,11,0.4010416666666667
2,dpp4,rabvs_budgeted_random_parts,2,41482,533,512,128,139,0.447265625
2,dpp4,rabvs_budgeted_random_parts,3,41482,533,640,126,265,0.378125
2,dpp4,rabvs_budgeted_random_parts,4,41482,533,768,12,277,0.3606770833333333
2,dpp4,rabvs_budgeted_random_parts,5,41482,533,896,11,288,0.33370535714285715
2,dpp4,rabvs_budgeted_random_parts,6,41482,533,1024,0,288,0.357421875
0,drd3,boba_ucb,1,34530,480,384,128,136,0.5208333333333334
0,drd3,boba_ucb,2,34530,480,512,47,183,0.498046875
0,drd3,boba_ucb,3,34530,480,640,13,196,0.434375
0,drd3,boba_ucb,4,34530,480,768,32,228,0.4309895833333333
0,drd3,boba_ucb,5,34530,480,896,2,230,0.45200892857142855
0,drd3,boba_ucb,6,34530,480,1024,2,232,0.423828125
0,drd3,rabvs_budgeted_reliable,1,34530,480,384,128,136,0.5208333333333334
0,drd3,rabvs_budgeted_reliable,2,34530,480,512,47,183,0.498046875
0,drd3,rabvs_budgeted_reliable,3,34530,480,640,13,196,0.434375
0,drd3,rabvs_budgeted_reliable,4,34530,480,768,32,228,0.4309895833333333
0,drd3,rabvs_budgeted_reliable,5,34530,480,896,2,230,0.45200892857142855
0,drd3,rabvs_budgeted_reliable,6,34530,480,1024,2,232,0.423828125
0,drd3,rabvs_budgeted_no_ucb,1,34530,480,384,128,136,0.515625
0,drd3,rabvs_budgeted_no_ucb,2,34530,480,512,127,263,0.50390625
0,drd3,rabvs_budgeted_no_ucb,3,34530,480,640,80,343,0.4953125
0,drd3,rabvs_budgeted_no_ucb,4,34530,480,768,49,392,0.4700520833333333
0,drd3,rabvs_budgeted_no_ucb,5,34530,480,896,18,410,0.4419642857142857
0,drd3,rabvs_budgeted_no_ucb,6,34530,480,1024,11,421,0.4384765625
0,drd3,rabvs_budgeted_random_parts,1,34530,480,384,6,14,0.3619791666666667
0,drd3,rabvs_budgeted_random_parts,2,34530,480,512,13,27,0.380859375
0,drd3,rabvs_budgeted_random_parts,3,34530,480,640,0,27,0.40625
0,drd3,rabvs_budgeted_random_parts,4,34530,480,768,0,27,0.3919270833333333
0,drd3,rabvs_budgeted_random_parts,5,34530,480,896,16,43,0.38058035714285715
0,drd3,rabvs_budgeted_random_parts,6,34530,480,1024,0,43,0.3955078125
1,drd3,boba_ucb,1,34530,480,384,128,136,0.5130208333333334
1,drd3,boba_ucb,2,34530,480,512,48,184,0.484375
1,drd3,boba_ucb,3,34530,480,640,2,186,0.46875
1,drd3,boba_ucb,4,34530,480,768,3,189,0.4869791666666667
1,drd3,boba_ucb,5,34530,480,896,7,196,0.4810267857142857
1,drd3,boba_ucb,6,34530,480,1024,0,196,0.4609375
1,drd3,rabvs_budgeted_reliable,1,34530,480,384,128,136,0.5130208333333334
1,drd3,rabvs_budgeted_reliable,2,34530,480,512,48,184,0.484375
1,drd3,rabvs_budgeted_reliable,3,34530,480,640,2,186,0.46875
1,drd3,rabvs_budgeted_reliable,4,34530,480,768,3,189,0.4869791666666667
1,drd3,rabvs_budgeted_reliable,5,34530,480,896,7,196,0.4810267857142857
1,drd3,rabvs_budgeted_reliable,6,34530,480,1024,0,196,0.4609375
1,drd3,rabvs_budgeted_no_ucb,1,34530,480,384,128,136,0.5130208333333334
1,drd3,rabvs_budgeted_no_ucb,2,34530,480,512,126,262,0.53125
1,drd3,rabvs_budgeted_no_ucb,3,34530,480,640,78,340,0.5046875
1,drd3,rabvs_budgeted_no_ucb,4,34530,480,768,45,385,0.4908854166666667
1,drd3,rabvs_budgeted_no_ucb,5,34530,480,896,26,411,0.484375
1,drd3,rabvs_budgeted_no_ucb,6,34530,480,1024,15,426,0.4755859375
1,drd3,rabvs_budgeted_random_parts,1,34530,480,384,9,17,0.3697916666666667
1,drd3,rabvs_budgeted_random_parts,2,34530,480,512,4,21,0.3828125
1,drd3,rabvs_budgeted_random_parts,3,34530,480,640,7,28,0.4234375
1,drd3,rabvs_budgeted_random_parts,4,34530,480,768,7,35,0.44140625
1,drd3,rabvs_budgeted_random_parts,5,34530,480,896,2,37,0.41517857142857145
1,drd3,rabvs_budgeted_random_parts,6,34530,480,1024,9,46,0.41796875
2,drd3,boba_ucb,1,34530,480,384,128,136,0.4947916666666667
2,drd3,boba_ucb,2,34530,480,512,84,220,0.484375
2,drd3,boba_ucb,3,34530,480,640,3,223,0.509375
2,drd3,boba_ucb,4,34530,480,768,2,225,0.4622395833333333
2,drd3,boba_ucb,5,34530,480,896,58,283,0.4453125
2,drd3,boba_ucb,6,34530,480,1024,1,284,0.4423828125
2,drd3,rabvs_budgeted_reliable,1,34530,480,384,128,136,0.4947916666666667
2,drd3,rabvs_budgeted_reliable,2,34530,480,512,84,220,0.484375
2,drd3,rabvs_budgeted_reliable,3,34530,480,640,3,223,0.509375
2,drd3,rabvs_budgeted_reliable,4,34530,480,768,2,225,0.4622395833333333
2,drd3,rabvs_budgeted_reliable,5,34530,480,896,58,283,0.4453125
2,drd3,rabvs_budgeted_reliable,6,34530,480,1024,1,284,0.4423828125
2,drd3,rabvs_budgeted_no_ucb,1,34530,480,384,128,136,0.4947916666666667
2,drd3,rabvs_budgeted_no_ucb,2,34530,480,512,125,261,0.52734375
2,drd3,rabvs_budgeted_no_ucb,3,34530,480,640,83,344,0.4953125
2,drd3,rabvs_budgeted_no_ucb,4,34530,480,768,50,394,0.4635416666666667
2,drd3,rabvs_budgeted_no_ucb,5,34530,480,896,9,403,0.4575892857142857
2,drd3,rabvs_budgeted_no_ucb,6,34530,480,1024,25,428,0.45703125
2,drd3,rabvs_budgeted_random_parts,1,34530,480,384,42,50,0.3489583333333333
2,drd3,rabvs_budgeted_random_parts,2,34530,480,512,2,52,0.388671875
2,drd3,rabvs_budgeted_random_parts,3,34530,480,640,1,53,0.34375
2,drd3,rabvs_budgeted_random_parts,4,34530,480,768,26,79,0.3580729166666667
2,drd3,rabvs_budgeted_random_parts,5,34530,480,896,43,122,0.36830357142857145
2,drd3,rabvs_budgeted_random_parts,6,34530,480,1024,5,127,0.4072265625
0,dyr,boba_ucb,1,17431,231,384,128,136,0.3802083333333333
0,dyr,boba_ucb,2,17431,231,512,19,155,0.40625
0,dyr,boba_ucb,3,17431,231,640,4,159,0.475
0,dyr,boba_ucb,4,17431,231,768,0,159,0.4947916666666667
0,dyr,boba_ucb,5,17431,231,896,1,160,0.5078125
0,dyr,boba_ucb,6,17431,231,1024,0,160,0.53515625
0,dyr,rabvs_budgeted_reliable,1,17431,231,384,128,136,0.3802083333333333
0,dyr,rabvs_budgeted_reliable,2,17431,231,512,19,155,0.40625
0,dyr,rabvs_budgeted_reliable,3,17431,231,640,4,159,0.475
0,dyr,rabvs_budgeted_reliable,4,17431,231,768,0,159,0.4947916666666667
0,dyr,rabvs_budgeted_reliable,5,17431,231,896,1,160,0.5078125
0,dyr,rabvs_budgeted_reliable,6,17431,231,1024,0,160,0.53515625
0,dyr,rabvs_budgeted_no_ucb,1,17431,231,384,128,136,0.3802083333333333
0,dyr,rabvs_budgeted_no_ucb,2,17431,231,512,67,203,0.39453125
0,dyr,rabvs_budgeted_no_ucb,3,17431,231,640,17,220,0.4546875
0,dyr,rabvs_budgeted_no_ucb,4,17431,231,768,4,224,0.5078125
0,dyr,rabvs_budgeted_no_ucb,5,17431,231,896,3,227,0.4877232142857143
0,dyr,rabvs_budgeted_no_ucb,6,17431,231,1024,0,227,0.4951171875
0,dyr,rabvs_budgeted_random_parts,1,17431,231,384,0,8,0.4609375
0,dyr,rabvs_budgeted_random_parts,2,17431,231,512,7,15,0.48828125
0,dyr,rabvs_budgeted_random_parts,3,17431,231,640,51,66,0.4640625
0,dyr,rabvs_budgeted_random_parts,4,17431,231,768,2,68,0.4895833333333333
0,dyr,rabvs_budgeted_random_parts,5,17431,231,896,0,68,0.5167410714285714
0,dyr,rabvs_budgeted_random_parts,6,17431,231,1024,0,68,0.533203125
1,dyr,boba_ucb,1,17431,231,384,128,136,0.3984375
1,dyr,boba_ucb,2,17431,231,512,22,158,0.427734375
1,dyr,boba_ucb,3,17431,231,640,2,160,0.465625
1,dyr,boba_ucb,4,17431,231,768,0,160,0.48046875
1,dyr,boba_ucb,5,17431,231,896,0,160,0.4877232142857143
1,dyr,boba_ucb,6,17431,231,1024,0,160,0.5078125
1,dyr,rabvs_budgeted_reliable,1,17431,231,384,128,136,0.3984375
1,dyr,rabvs_budgeted_reliable,2,17431,231,512,22,158,0.427734375
1,dyr,rabvs_budgeted_reliable,3,17431,231,640,2,160,0.465625
1,dyr,rabvs_budgeted_reliable,4,17431,231,768,0,160,0.48046875
1,dyr,rabvs_budgeted_reliable,5,17431,231,896,0,160,0.4877232142857143
1,dyr,rabvs_budgeted_reliable,6,17431,231,1024,0,160,0.5078125
1,dyr,rabvs_budgeted_no_ucb,1,17431,231,384,128,136,0.3984375
1,dyr,rabvs_budgeted_no_ucb,2,17431,231,512,71,207,0.3984375
1,dyr,rabvs_budgeted_no_ucb,3,17431,231,640,8,215,0.446875
1,dyr,rabvs_budgeted_no_ucb,4,17431,231,768,7,222,0.5208333333333334
1,dyr,rabvs_budgeted_no_ucb,5,17431,231,896,2,224,0.5100446428571429
1,dyr,rabvs_budgeted_no_ucb,6,17431,231,1024,3,227,0.515625
1,dyr,rabvs_budgeted_random_parts,1,17431,231,384,0,8,0.5208333333333334
1,dyr,rabvs_budgeted_random_parts,2,17431,231,512,0,8,0.5703125
1,dyr,rabvs_budgeted_random_parts,3,17431,231,640,3,11,0.5734375
1,dyr,rabvs_budgeted_random_parts,4,17431,231,768,1,12,0.6119791666666666
1,dyr,rabvs_budgeted_random_parts,5,17431,231,896,0,12,0.6294642857142857
1,dyr,rabvs_budgeted_random_parts,6,17431,231,1024,0,12,0.5927734375
2,dyr,boba_ucb,1,17431,231,384,128,136,0.4348958333333333
2,dyr,boba_ucb,2,17431,231,512,21,157,0.4765625
2,dyr,boba_ucb,3,17431,231,640,6,163,0.5140625
2,dyr,boba_ucb,4,17431,231,768,1,164,0.5338541666666666
2,dyr,boba_ucb,5,17431,231,896,0,164,0.515625
2,dyr,boba_ucb,6,17431,231,1024,1,165,0.55078125
2,dyr,rabvs_budgeted_reliable,1,17431,231,384,128,136,0.4348958333333333
2,dyr,rabvs_budgeted_reliable,2,17431,231,512,21,157,0.4765625
2,dyr,rabvs_budgeted_reliable,3,17431,231,640,6,163,0.5140625
2,dyr,rabvs_budgeted_reliable,4,17431,231,768,1,164,0.5338541666666666
2,dyr,rabvs_budgeted_reliable,5,17431,231,896,0,164,0.515625
2,dyr,rabvs_budgeted_reliable,6,17431,231,1024,1,165,0.55078125
2,dyr,rabvs_budgeted_no_ucb,1,17431,231,384,128,136,0.4401041666666667
2,dyr,rabvs_budgeted_no_ucb,2,17431,231,512,78,214,0.42578125
2,dyr,rabvs_budgeted_no_ucb,3,17431,231,640,7,221,0.4609375
2,dyr,rabvs_budgeted_no_ucb,4,17431,231,768,5,226,0.45703125
2,dyr,rabvs_budgeted_no_ucb,5,17431,231,896,0,226,0.5089285714285714
2,dyr,rabvs_budgeted_no_ucb,6,17431,231,1024,2,228,0.5126953125
2,dyr,rabvs_budgeted_random_parts,1,17431,231,384,0,8,0.6171875
2,dyr,rabvs_budgeted_random_parts,2,17431,231,512,13,21,0.669921875
2,dyr,rabvs_budgeted_random_parts,3,17431,231,640,0,21,0.621875
2,dyr,rabvs_budgeted_random_parts,4,17431,231,768,116,137,0.5481770833333334
2,dyr,rabvs_budgeted_random_parts,5,17431,231,896,0,137,0.5424107142857143
2,dyr,rabvs_budgeted_random_parts,6,17431,231,1024,0,137,0.5380859375
0,egfr,boba_ucb,1,35592,542,384,128,136,0.4583333333333333
0,egfr,boba_ucb,2,35592,542,512,44,180,0.455078125
0,egfr,boba_ucb,3,35592,542,640,12,192,0.45625
0,egfr,boba_ucb,4,35592,542,768,5,197,0.4661458333333333
0,egfr,boba_ucb,5,35592,542,896,0,197,0.49888392857142855
0,egfr,boba_ucb,6,35592,542,1024,3,200,0.4921875
0,egfr,rabvs_budgeted_reliable,1,35592,542,384,128,136,0.4583333333333333
0,egfr,rabvs_budgeted_reliable,2,35592,542,512,44,180,0.455078125
0,egfr,rabvs_budgeted_reliable,3,35592,542,640,12,192,0.45625
0,egfr,rabvs_budgeted_reliable,4,35592,542,768,5,197,0.4661458333333333
0,egfr,rabvs_budgeted_reliable,5,35592,542,896,0,197,0.49888392857142855
0,egfr,rabvs_budgeted_reliable,6,35592,542,1024,3,200,0.4921875
0,egfr,rabvs_budgeted_no_ucb,1,35592,542,384,128,136,0.4583333333333333
0,egfr,rabvs_budgeted_no_ucb,2,35592,542,512,128,264,0.462890625
0,egfr,rabvs_budgeted_no_ucb,3,35592,542,640,128,392,0.46875
0,egfr,rabvs_budgeted_no_ucb,4,35592,542,768,67,459,0.4401041666666667
0,egfr,rabvs_budgeted_no_ucb,5,35592,542,896,24,483,0.45089285714285715
0,egfr,rabvs_budgeted_no_ucb,6,35592,542,1024,8,491,0.4775390625
0,egfr,rabvs_budgeted_random_parts,1,35592,542,384,0,8,0.546875
0,egfr,rabvs_budgeted_random_parts,2,35592,542,512,2,10,0.544921875
0,egfr,rabvs_budgeted_random_parts,3,35592,542,640,19,29,0.5265625
0,egfr,rabvs_budgeted_random_parts,4,35592,542,768,1,30,0.5130208333333334
0,egfr,rabvs_budgeted_random_parts,5,35592,542,896,0,30,0.5078125
0,egfr,rabvs_budgeted_random_parts,6,35592,542,1024,1,31,0.509765625
1,egfr,boba_ucb,1,35592,542,384,128,136,0.4557291666666667
1,egfr,boba_ucb,2,35592,542,512,75,211,0.48046875
1,egfr,boba_ucb,3,35592,542,640,26,237,0.484375
1,egfr,boba_ucb,4,35592,542,768,20,257,0.4661458333333333
1,egfr,boba_ucb,5,35592,542,896,0,257,0.46875
1,egfr,boba_ucb,6,35592,542,1024,0,257,0.501953125
1,egfr,rabvs_budgeted_reliable,1,35592,542,384,128,136,0.4557291666666667
1,egfr,rabvs_budgeted_reliable,2,35592,542,512,75,211,0.48046875
1,egfr,rabvs_budgeted_reliable,3,35592,542,640,26,237,0.484375
1,egfr,rabvs_budgeted_reliable,4,35592,542,768,20,257,0.4661458333333333
1,egfr,rabvs_budgeted_reliable,5,35592,542,896,0,257,0.46875
1,egfr,rabvs_budgeted_reliable,6,35592,542,1024,0,257,0.501953125
1,egfr,rabvs_budgeted_no_ucb,1,35592,542,384,128,136,0.4557291666666667
1,egfr,rabvs_budgeted_no_ucb,2,35592,542,512,128,264,0.4375
1,egfr,rabvs_budgeted_no_ucb,3,35592,542,640,128,392,0.453125
1,egfr,rabvs_budgeted_no_ucb,4,35592,542,768,68,460,0.4479166666666667
1,egfr,rabvs_budgeted_no_ucb,5,35592,542,896,13,473,0.4330357142857143
1,egfr,rabvs_budgeted_no_ucb,6,35592,542,1024,19,492,0.44921875
1,egfr,rabvs_budgeted_random_parts,1,35592,542,384,1,9,0.375
1,egfr,rabvs_budgeted_random_parts,2,35592,542,512,108,117,0.419921875
1,egfr,rabvs_budgeted_random_parts,3,35592,542,640,124,241,0.40625
1,egfr,rabvs_budgeted_random_parts,4,35592,542,768,27,268,0.4296875
1,egfr,rabvs_budgeted_random_parts,5,35592,542,896,1,269,0.44308035714285715
1,egfr,rabvs_budgeted_random_parts,6,35592,542,1024,6,275,0.4677734375
2,egfr,boba_ucb,1,35592,542,384,128,136,0.5442708333333334
2,egfr,boba_ucb,2,35592,542,512,49,185,0.544921875
2,egfr,boba_ucb,3,35592,542,640,6,191,0.5828125
2,egfr,boba_ucb,4,35592,542,768,3,194,0.5872395833333334
2,egfr,boba_ucb,5,35592,542,896,1,195,0.6071428571428571
2,egfr,boba_ucb,6,35592,542,1024,2,197,0.5947265625
2,egfr,rabvs_budgeted_reliable,1,35592,542,384,128,136,0.5442708333333334
2,egfr,rabvs_budgeted_reliable,2,35592,542,512,49,185,0.544921875
2,egfr,rabvs_budgeted_reliable,3,35592,542,640,6,191,0.5828125
2,egfr,rabvs_budgeted_reliable,4,35592,542,768,3,194,0.5872395833333334
2,egfr,rabvs_budgeted_reliable,5,35592,542,896,1,195,0.6071428571428571
2,egfr,rabvs_budgeted_reliable,6,35592,542,1024,2,197,0.5947265625
2,egfr,rabvs_budgeted_no_ucb,1,35592,542,384,128,136,0.5442708333333334
2,egfr,rabvs_budgeted_no_ucb,2,35592,542,512,128,264,0.509765625
2,egfr,rabvs_budgeted_no_ucb,3,35592,542,640,128,392,0.48125
2,egfr,rabvs_budgeted_no_ucb,4,35592,542,768,71,463,0.4674479166666667
2,egfr,rabvs_budgeted_no_ucb,5,35592,542,896,26,489,0.47433035714285715
2,egfr,rabvs_budgeted_no_ucb,6,35592,542,1024,14,503,0.5078125
2,egfr,rabvs_budgeted_random_parts,1,35592,542,384,100,108,0.4375
2,egfr,rabvs_budgeted_random_parts,2,35592,542,512,8,116,0.453125
2,egfr,rabvs_budgeted_random_parts,3,35592,542,640,3,119,0.475
2,egfr,rabvs_budgeted_random_parts,4,35592,542,768,2,121,0.44921875
2,egfr,rabvs_budgeted_random_parts,5,35592,542,896,4,125,0.4497767857142857
2,egfr,rabvs_budgeted_random_parts,6,35592,542,1024,1,126,0.4609375
0,esr1,boba_ucb,1,21068,383,384,128,136,0.3723958333333333
0,esr1,boba_ucb,2,21068,383,512,125,261,0.373046875
0,esr1,boba_ucb,3,21068,383,640,10,271,0.415625
0,esr1,boba_ucb,4,21068,383,768,1,272,0.4596354166666667
0,esr1,boba_ucb,5,21068,383,896,0,272,0.47544642857142855
0,esr1,boba_ucb,6,21068,383,1024,1,273,0.4765625
0,esr1,rabvs_budgeted_reliable,1,21068,383,384,128,136,0.3723958333333333
0,esr1,rabvs_budgeted_reliable,2,21068,383,512,125,261,0.373046875
0,esr1,rabvs_budgeted_reliable,3,21068,383,640,10,271,0.415625
0,esr1,rabvs_budgeted_reliable,4,21068,383,768,1,272,0.4596354166666667
0,esr1,rabvs_budgeted_reliable,5,21068,383,896,0,272,0.47544642857142855
0,esr1,rabvs_budgeted_reliable,6,21068,383,1024,1,273,0.4765625
0,esr1,rabvs_budgeted_no_ucb,1,21068,383,384,128,136,0.3723958333333333
0,esr1,rabvs_budgeted_no_ucb,2,21068,383,512,128,264,0.37109375
0,esr1,rabvs_budgeted_no_ucb,3,21068,383,640,83,347,0.3734375
0,esr1,rabvs_budgeted_no_ucb,4,21068,383,768,15,362,0.41796875
0,esr1,rabvs_budgeted_no_ucb,5,21068,383,896,5,367,0.41629464285714285
0,esr1,rabvs_budgeted_no_ucb,6,21068,383,1024,1,368,0.4375
0,esr1,rabvs_budgeted_random_parts,1,21068,383,384,7,15,0.4661458333333333
0,esr1,rabvs_budgeted_random_parts,2,21068,383,512,8,23,0.482421875
0,esr1,rabvs_budgeted_random_parts,3,21068,383,640,0,23,0.5375
0,esr1,rabvs_budgeted_random_parts,4,21068,383,768,12,35,0.5234375
0,esr1,rabvs_budgeted_random_parts,5,21068,383,896,6,41,0.49888392857142855
0,esr1,rabvs_budgeted_random_parts,6,21068,383,1024,0,41,0.509765625
1,esr1,boba_ucb,1,21068,383,384,128,136,0.3880208333333333
1,esr1,boba_ucb,2,21068,383,512,121,257,0.388671875
1,esr1,boba_ucb,3,21068,383,640,25,282,0.43125
1,esr1,boba_ucb,4,21068,383,768,1,283,0.4518229166666667
1,esr1,boba_ucb,5,21068,383,896,7,290,0.43861607142857145
1,esr1,boba_ucb,6,21068,383,1024,0,290,0.4423828125
1,esr1,rabvs_budgeted_reliable,1,21068,383,384,128,136,0.3880208333333333
1,esr1,rabvs_budgeted_reliable,2,21068,383,512,121,257,0.388671875
1,esr1,rabvs_budgeted_reliable,3,21068,383,640,25,282,0.43125
1,esr1,rabvs_budgeted_reliable,4,21068,383,768,1,283,0.4518229166666667
1,esr1,rabvs_budgeted_reliable,5,21068,383,896,7,290,0.43861607142857145
1,esr1,rabvs_budgeted_reliable,6,21068,383,1024,0,290,0.4423828125
1,esr1,rabvs_budgeted_no_ucb,1,21068,383,384,128,136,0.3880208333333333
1,esr1,rabvs_budgeted_no_ucb,2,21068,383,512,125,261,0.38671875
1,esr1,rabvs_budgeted_no_ucb,3,21068,383,640,79,340,0.4140625
1,esr1,rabvs_budgeted_no_ucb,4,21068,383,768,12,352,0.4361979166666667
1,esr1,rabvs_budgeted_no_ucb,5,21068,383,896,14,366,0.43861607142857145
1,esr1,rabvs_budgeted_no_ucb,6,21068,383,1024,6,372,0.458984375
1,esr1,rabvs_budgeted_random_parts,1,21068,383,384,27,35,0.4609375
1,esr1,rabvs_budgeted_random_parts,2,21068,383,512,128,163,0.4296875
1,esr1,rabvs_budgeted_random_parts,3,21068,383,640,2,165,0.484375
1,esr1,rabvs_budgeted_random_parts,4,21068,383,768,36,201,0.5013020833333334
1,esr1,rabvs_budgeted_random_parts,5,21068,383,896,0,201,0.5022321428571429
1,esr1,rabvs_budgeted_random_parts,6,21068,383,1024,3,204,0.48828125
2,esr1,boba_ucb,1,21068,383,384,128,136,0.3671875
2,esr1,boba_ucb,2,21068,383,512,91,227,0.3828125
2,esr1,boba_ucb,3,21068,383,640,1,228,0.4296875
2,esr1,boba_ucb,4,21068,383,768,4,232,0.4635416666666667
2,esr1,boba_ucb,5,21068,383,896,1,233,0.4720982142857143
2,esr1,boba_ucb,6,21068,383,1024,0,233,0.4892578125
2,esr1,rabvs_budgeted_reliable,1,21068,383,384,128,136,0.3671875
2,esr1,rabvs_budgeted_reliable,2,21068,383,512,91,227,0.3828125
2,esr1,rabvs_budgeted_reliable,3,21068,383,640,1,228,0.4296875
2,esr1,rabvs_budgeted_reliable,4,21068,383,768,4,232,0.4635416666666667
2,esr1,rabvs_budgeted_reliable,5,21068,383,896,1,233,0.4720982142857143
2,esr1,rabvs_budgeted_reliable,6,21068,383,1024,0,233,0.4892578125
2,esr1,rabvs_budgeted_no_ucb,1,21068,383,384,128,136,0.3671875
2,esr1,rabvs_budgeted_no_ucb,2,21068,383,512,128,264,0.36328125
2,esr1,rabvs_budgeted_no_ucb,3,21068,383,640,78,342,0.3890625
2,esr1,rabvs_budgeted_no_ucb,4,21068,383,768,13,355,0.4505208333333333
2,esr1,rabvs_budgeted_no_ucb,5,21068,383,896,7,362,0.45424107142857145
2,esr1,rabvs_budgeted_no_ucb,6,21068,383,1024,5,367,0.482421875
2,esr1,rabvs_budgeted_random_parts,1,21068,383,384,1,9,0.484375
2,esr1,rabvs_budgeted_random_parts,2,21068,383,512,0,9,0.42578125
2,esr1,rabvs_budgeted_random_parts,3,21068,383,640,73,82,0.421875
2,esr1,rabvs_budgeted_random_parts,4,21068,383,768,8,90,0.45703125
2,esr1,rabvs_budgeted_random_parts,5,21068,383,896,0,90,0.4921875
2,esr1,rabvs_budgeted_random_parts,6,21068,383,1024,2,92,0.5
0,esr2,boba_ucb,1,20566,367,384,128,136,0.3255208333333333
0,esr2,boba_ucb,2,20566,367,512,124,260,0.341796875
0,esr2,boba_ucb,3,20566,367,640,27,287,0.4109375
0,esr2,boba_ucb,4,20566,367,768,3,290,0.43359375
0,esr2,boba_ucb,5,20566,367,896,0,290,0.4575892857142857
0,esr2,boba_ucb,6,20566,367,1024,0,290,0.4697265625
0,esr2,rabvs_budgeted_reliable,1,20566,367,384,128,136,0.3255208333333333
0,esr2,rabvs_budgeted_reliable,2,20566,367,512,124,260,0.341796875
0,esr2,rabvs_budgeted_reliable,3,20566,367,640,27,287,0.4109375
0,esr2,rabvs_budgeted_reliable,4,20566,367,768,3,290,0.43359375
0,esr2,rabvs_budgeted_reliable,5,20566,367,896,0,290,0.4575892857142857
0,esr2,rabvs_budgeted_reliable,6,20566,367,1024,0,290,0.4697265625
0,esr2,rabvs_budgeted_no_ucb,1,20566,367,384,128,136,0.3255208333333333
0,esr2,rabvs_budgeted_no_ucb,2,20566,367,512,128,264,0.33984375
0,esr2,rabvs_budgeted_no_ucb,3,20566,367,640,61,325,0.384375
0,esr2,rabvs_budgeted_no_ucb,4,20566,367,768,13,338,0.40234375
0,esr2,rabvs_budgeted_no_ucb,5,20566,367,896,8,346,0.4174107142857143
0,esr2,rabvs_budgeted_no_ucb,6,20566,367,1024,6,352,0.451171875
0,esr2,rabvs_budgeted_random_parts,1,20566,367,384,1,9,0.4348958333333333
0,esr2,rabvs_budgeted_random_parts,2,20566,367,512,1,10,0.45703125
0,esr2,rabvs_budgeted_random_parts,3,20566,367,640,7,17,0.4390625
0,esr2,rabvs_budgeted_random_parts,4,20566,367,768,42,59,0.40234375
0,esr2,rabvs_budgeted_random_parts,5,20566,367,896,0,59,0.40401785714285715
0,esr2,rabvs_budgeted_random_parts,6,20566,367,1024,0,59,0.4111328125
1,esr2,boba_ucb,1,20566,367,384,128,136,0.328125
1,esr2,boba_ucb,2,20566,367,512,41,177,0.365234375
1,esr2,boba_ucb,3,20566,367,640,3,180,0.4078125
1,esr2,boba_ucb,4,20566,367,768,1,181,0.3997395833333333
1,esr2,boba_ucb,5,20566,367,896,0,181,0.4330357142857143
1,esr2,boba_ucb,6,20566,367,1024,0,181,0.447265625
1,esr2,rabvs_budgeted_reliable,1,20566,367,384,128,136,0.328125
1,esr2,rabvs_budgeted_reliable,2,20566,367,512,41,177,0.365234375
1,esr2,rabvs_budgeted_reliable,3,20566,367,640,3,180,0.4078125
1,esr2,rabvs_budgeted_reliable,4,20566,367,768,1,181,0.3997395833333333
1,esr2,rabvs_budgeted_reliable,5,20566,367,896,0,181,0.4330357142857143
1,esr2,rabvs_budgeted_reliable,6,20566,367,1024,0,181,0.447265625
1,esr2,rabvs_budgeted_no_ucb,1,20566,367,384,128,136,0.328125
1,esr2,rabvs_budgeted_no_ucb,2,20566,367,512,128,264,0.33203125
1,esr2,rabvs_budgeted_no_ucb,3,20566,367,640,66,330,0.365625
1,esr2,rabvs_budgeted_no_ucb,4,20566,367,768,6,336,0.38671875
1,esr2,rabvs_budgeted_no_ucb,5,20566,367,896,7,343,0.44308035714285715
1,esr2,rabvs_budgeted_no_ucb,6,20566,367,1024,10,353,0.470703125
1,esr2,rabvs_budgeted_random_parts,1,20566,367,384,1,9,0.4895833333333333
1,esr2,rabvs_budgeted_random_parts,2,20566,367,512,0,9,0.462890625
1,esr2,rabvs_budgeted_random_parts,3,20566,367,640,0,9,0.4546875
1,esr2,rabvs_budgeted_random_parts,4,20566,367,768,91,100,0.4466145833333333
1,esr2,rabvs_budgeted_random_parts,5,20566,367,896,18,118,0.4609375
1,esr2,rabvs_budgeted_random_parts,6,20566,367,1024,0,118,0.4794921875
2,esr2,boba_ucb,1,20566,367,384,128,136,0.3359375
2,esr2,boba_ucb,2,20566,367,512,34,170,0.36328125
2,esr2,boba_ucb,3,20566,367,640,0,170,0.425
2,esr2,boba_ucb,4,20566,367,768,0,170,0.4088541666666667
2,esr2,boba_ucb,5,20566,367,896,0,170,0.4453125
2,esr2,boba_ucb,6,20566,367,1024,0,170,0.43359375
2,esr2,rabvs_budgeted_reliable,1,20566,367,384,128,136,0.3359375
2,esr2,rabvs_budgeted_reliable,2,20566,367,512,34,170,0.36328125
2,esr2,rabvs_budgeted_reliable,3,20566,367,640,0,170,0.425
2,esr2,rabvs_budgeted_reliable,4,20566,367,768,0,170,0.4088541666666667
2,esr2,rabvs_budgeted_reliable,5,20566,367,896,0,170,0.4453125
2,esr2,rabvs_budgeted_reliable,6,20566,367,1024,0,170,0.43359375
2,esr2,rabvs_budgeted_no_ucb,1,20566,367,384,128,136,0.3359375
2,esr2,rabvs_budgeted_no_ucb,2,20566,367,512,128,264,0.333984375
2,esr2,rabvs_budgeted_no_ucb,3,20566,367,640,69,333,0.3625
2,esr2,rabvs_budgeted_no_ucb,4,20566,367,768,5,338,0.4361979166666667
2,esr2,rabvs_budgeted_no_ucb,5,20566,367,896,12,350,0.45982142857142855
2,esr2,rabvs_budgeted_no_ucb,6,20566,367,1024,4,354,0.47265625
2,esr2,rabvs_budgeted_random_parts,1,20566,367,384,52,60,0.3776041666666667
2,esr2,rabvs_budgeted_random_parts,2,20566,367,512,9,69,0.396484375
2,esr2,rabvs_budgeted_random_parts,3,20566,367,640,59,128,0.4
2,esr2,rabvs_budgeted_random_parts,4,20566,367,768,0,128,0.43359375
2,esr2,rabvs_budgeted_random_parts,5,20566,367,896,0,128,0.42299107142857145
2,esr2,rabvs_budgeted_random_parts,6,20566,367,1024,5,133,0.4462890625
0,fa10,boba_ucb,1,28862,537,384,126,134,0.5520833333333334
0,fa10,boba_ucb,2,28862,537,512,54,188,0.49609375
0,fa10,boba_ucb,3,28862,537,640,26,214,0.4796875
0,fa10,boba_ucb,4,28862,537,768,7,221,0.45703125
0,fa10,boba_ucb,5,28862,537,896,8,229,0.4575892857142857
0,fa10,boba_ucb,6,28862,537,1024,2,231,0.4736328125
0,fa10,rabvs_budgeted_reliable,1,28862,537,384,126,134,0.5520833333333334
0,fa10,rabvs_budgeted_reliable,2,28862,537,512,54,188,0.49609375
0,fa10,rabvs_budgeted_reliable,3,28862,537,640,26,214,0.4796875
0,fa10,rabvs_budgeted_reliable,4,28862,537,768,7,221,0.45703125
0,fa10,rabvs_budgeted_reliable,5,28862,537,896,8,229,0.4575892857142857
0,fa10,rabvs_budgeted_reliable,6,28862,537,1024,2,231,0.4736328125
0,fa10,rabvs_budgeted_no_ucb,1,28862,537,384,126,134,0.5520833333333334
0,fa10,rabvs_budgeted_no_ucb,2,28862,537,512,126,260,0.552734375
0,fa10,rabvs_budgeted_no_ucb,3,28862,537,640,98,358,0.5078125
0,fa10,rabvs_budgeted_no_ucb,4,28862,537,768,69,427,0.4778645833333333
0,fa10,rabvs_budgeted_no_ucb,5,28862,537,896,37,464,0.46205357142857145
0,fa10,rabvs_budgeted_no_ucb,6,28862,537,1024,14,478,0.478515625
0,fa10,rabvs_budgeted_random_parts,1,28862,537,384,4,12,0.3958333333333333
0,fa10,rabvs_budgeted_random_parts,2,28862,537,512,57,69,0.388671875
0,fa10,rabvs_budgeted_random_parts,3,28862,537,640,111,180,0.490625
0,fa10,rabvs_budgeted_random_parts,4,28862,537,768,4,184,0.4921875
0,fa10,rabvs_budgeted_random_parts,5,28862,537,896,49,233,0.5133928571428571
0,fa10,rabvs_budgeted_random_parts,6,28862,537,1024,0,233,0.5166015625
1,fa10,boba_ucb,1,28862,537,384,127,135,0.5833333333333334
1,fa10,boba_ucb,2,28862,537,512,86,221,0.53125
1,fa10,boba_ucb,3,28862,537,640,3,224,0.525
1,fa10,boba_ucb,4,28862,537,768,42,266,0.4869791666666667
1,fa10,boba_ucb,5,28862,537,896,4,270,0.4810267857142857
1,fa10,boba_ucb,6,28862,537,1024,0,270,0.4814453125
1,fa10,rabvs_budgeted_reliable,1,28862,537,384,127,135,0.5833333333333334
1,fa10,rabvs_budgeted_reliable,2,28862,537,512,86,221,0.53125
1,fa10,rabvs_budgeted_reliable,3,28862,537,640,3,224,0.525
1,fa10,rabvs_budgeted_reliable,4,28862,537,768,42,266,0.4869791666666667
1,fa10,rabvs_budgeted_reliable,5,28862,537,896,4,270,0.4810267857142857
1,fa10,rabvs_budgeted_reliable,6,28862,537,1024,0,270,0.4814453125
1,fa10,rabvs_budgeted_no_ucb,1,28862,537,384,128,136,0.5833333333333334
1,fa10,rabvs_budgeted_no_ucb,2,28862,537,512,115,251,0.578125
1,fa10,rabvs_budgeted_no_ucb,3,28862,537,640,112,363,0.5234375
1,fa10,rabvs_budgeted_no_ucb,4,28862,537,768,73,436,0.4700520833333333
1,fa10,rabvs_budgeted_no_ucb,5,28862,537,896,34,470,0.4609375
1,fa10,rabvs_budgeted_no_ucb,6,28862,537,1024,21,491,0.4501953125
1,fa10,rabvs_budgeted_random_parts,1,28862,537,384,5,13,0.4739583333333333
1,fa10,rabvs_budgeted_random_parts,2,28862,537,512,0,13,0.474609375
1,fa10,rabvs_budgeted_random_parts,3,28862,537,640,2,15,0.4625
1,fa10,rabvs_budgeted_random_parts,4,28862,537,768,85,100,0.5338541666666666
1,fa10,rabvs_budgeted_random_parts,5,28862,537,896,45,145,0.49776785714285715
1,fa10,rabvs_budgeted_random_parts,6,28862,537,1024,0,145,0.4677734375
2,fa10,boba_ucb,1,28862,537,384,128,136,0.3776041666666667
2,fa10,boba_ucb,2,28862,537,512,78,214,0.390625
2,fa10,boba_ucb,3,28862,537,640,36,250,0.41875
2,fa10,boba_ucb,4,28862,537,768,4,254,0.4375
2,fa10,boba_ucb,5,28862,537,896,3,257,0.43973214285714285
2,fa10,boba_ucb,6,28862,537,1024,61,318,0.423828125
2,fa10,rabvs_budgeted_reliable,1,28862,537,384,128,136,0.3776041666666667
2,fa10,rabvs_budgeted_reliable,2,28862,537,512,78,214,0.390625
2,fa10,rabvs_budgeted_reliable,3,28862,537,640,36,250,0.41875
2,fa10,rabvs_budgeted_reliable,4,28862,537,768,4,254,0.4375
2,fa10,rabvs_budgeted_reliable,5,28862,537,896,3,257,0.43973214285714285
2,fa10,rabvs_budgeted_reliable,6,28862,537,1024,61,318,0.423828125
2,fa10,rabvs_budgeted_no_ucb,1,28862,537,384,128,136,0.3776041666666667
2,fa10,rabvs_budgeted_no_ucb,2,28862,537,512,106,242,0.375
2,fa10,rabvs_budgeted_no_ucb,3,28862,537,640,106,348,0.3890625
2,fa10,rabvs_budgeted_no_ucb,4,28862,537,768,78,426,0.4192708333333333
2,fa10,rabvs_budgeted_no_ucb,5,28862,537,896,53,479,0.46875
2,fa10,rabvs_budgeted_no_ucb,6,28862,537,1024,18,497,0.4619140625
2,fa10,rabvs_budgeted_random_parts,1,28862,537,384,3,11,0.4192708333333333
2,fa10,rabvs_budgeted_random_parts,2,28862,537,512,87,98,0.38671875
2,fa10,rabvs_budgeted_random_parts,3,28862,537,640,28,126,0.3671875
2,fa10,rabvs_budgeted_random_parts,4,28862,537,768,9,135,0.3802083333333333
2,fa10,rabvs_budgeted_random_parts,5,28862,537,896,1,136,0.390625
2,fa10,rabvs_budgeted_random_parts,6,28862,537,1024,1,137,0.4072265625
0,fa7,boba_ucb,1,6364,114,384,104,112,0.703125
0,fa7,boba_ucb,2,6364,114,512,0,112,0.6328125
0,fa7,boba_ucb,3,6364,114,640,0,112,0.6375
0,fa7,boba_ucb,4,6364,114,768,0,112,0.6171875
0,fa7,boba_ucb,5,6364,114,896,0,112,0.6160714285714286
0,fa7,boba_ucb,6,6364,114,1024,0,112,0.5966796875
0,fa7,rabvs_budgeted_reliable,1,6364,114,384,104,112,0.703125
0,fa7,rabvs_budgeted_reliable,2,6364,114,512,0,112,0.6328125
0,fa7,rabvs_budgeted_reliable,3,6364,114,640,0,112,0.6375
0,fa7,rabvs_budgeted_reliable,4,6364,114,768,0,112,0.6171875
0,fa7,rabvs_budgeted_reliable,5,6364,114,896,0,112,0.6160714285714286
0,fa7,rabvs_budgeted_reliable,6,6364,114,1024,0,112,0.5966796875
0,fa7,rabvs_budgeted_no_ucb,1,6364,114,384,104,112,0.7057291666666666
0,fa7,rabvs_budgeted_no_ucb,2,6364,114,512,2,114,0.654296875
0,fa7,rabvs_budgeted_no_ucb,3,6364,114,640,0,114,0.6203125
0,fa7,rabvs_budgeted_no_ucb,4,6364,114,768,0,114,0.5963541666666666
0,fa7,rabvs_budgeted_no_ucb,5,6364,114,896,0,114,0.5848214285714286
0,fa7,rabvs_budgeted_no_ucb,6,6364,114,1024,0,114,0.5966796875
0,fa7,rabvs_budgeted_random_parts,1,6364,114,384,0,8,0.6119791666666666
0,fa7,rabvs_budgeted_random_parts,2,6364,114,512,0,8,0.58984375
0,fa7,rabvs_budgeted_random_parts,3,6364,114,640,3,11,0.590625
0,fa7,rabvs_budgeted_random_parts,4,6364,114,768,24,35,0.6002604166666666
0,fa7,rabvs_budgeted_random_parts,5,6364,114,896,32,67,0.6138392857142857
0,fa7,rabvs_budgeted_random_parts,6,6364,114,1024,0,67,0.607421875
1,fa7,boba_ucb,1,6364,114,384,101,109,0.6458333333333334
1,fa7,boba_ucb,2,6364,114,512,0,109,0.611328125
1,fa7,boba_ucb,3,6364,114,640,0,109,0.6140625
1,fa7,boba_ucb,4,6364,114,768,0,109,0.6028645833333334
1,fa7,boba_ucb,5,6364,114,896,0,109,0.6339285714285714
1,fa7,boba_ucb,6,6364,114,1024,0,109,0.615234375
1,fa7,rabvs_budgeted_reliable,1,6364,114,384,101,109,0.6458333333333334
1,fa7,rabvs_budgeted_reliable,2,6364,114,512,0,109,0.611328125
1,fa7,rabvs_budgeted_reliable,3,6364,114,640,0,109,0.6140625
1,fa7,rabvs_budgeted_reliable,4,6364,114,768,0,109,0.6028645833333334
1,fa7,rabvs_budgeted_reliable,5,6364,114,896,0,109,0.6339285714285714
1,fa7,rabvs_budgeted_reliable,6,6364,114,1024,0,109,0.615234375
1,fa7,rabvs_budgeted_no_ucb,1,6364,114,384,105,113,0.6458333333333334
1,fa7,rabvs_budgeted_no_ucb,2,6364,114,512,1,114,0.62890625
1,fa7,rabvs_budgeted_no_ucb,3,6364,114,640,0,114,0.609375
1,fa7,rabvs_budgeted_no_ucb,4,6364,114,768,0,114,0.6315104166666666
1,fa7,rabvs_budgeted_no_ucb,5,6364,114,896,0,114,0.6283482142857143
1,fa7,rabvs_budgeted_no_ucb,6,6364,114,1024,0,114,0.6064453125
1,fa7,rabvs_budgeted_random_parts,1,6364,114,384,23,31,0.6015625
1,fa7,rabvs_budgeted_random_parts,2,6364,114,512,0,31,0.623046875
1,fa7,rabvs_budgeted_random_parts,3,6364,114,640,0,31,0.5828125
1,fa7,rabvs_budgeted_random_parts,4,6364,114,768,0,31,0.5716145833333334
1,fa7,rabvs_budgeted_random_parts,5,6364,114,896,0,31,0.5546875
1,fa7,rabvs_budgeted_random_parts,6,6364,114,1024,10,41,0.5458984375
2,fa7,boba_ucb,1,6364,114,384,93,101,0.6276041666666666
2,fa7,boba_ucb,2,6364,114,512,0,101,0.587890625
2,fa7,boba_ucb,3,6364,114,640,0,101,0.553125
2,fa7,boba_ucb,4,6364,114,768,0,101,0.5911458333333334
2,fa7,boba_ucb,5,6364,114,896,0,101,0.5725446428571429
2,fa7,boba_ucb,6,6364,114,1024,0,101,0.5859375
2,fa7,rabvs_budgeted_reliable,1,6364,114,384,93,101,0.6276041666666666
2,fa7,rabvs_budgeted_reliable,2,6364,114,512,0,101,0.587890625
2,fa7,rabvs_budgeted_reliable,3,6364,114,640,0,101,0.553125
2,fa7,rabvs_budgeted_reliable,4,6364,114,768,0,101,0.5911458333333334
2,fa7,rabvs_budgeted_reliable,5,6364,114,896,0,101,0.5725446428571429
2,fa7,rabvs_budgeted_reliable,6,6364,114,1024,0,101,0.5859375
2,fa7,rabvs_budgeted_no_ucb,1,6364,114,384,94,102,0.6302083333333334
2,fa7,rabvs_budgeted_no_ucb,2,6364,114,512,12,114,0.578125
2,fa7,rabvs_budgeted_no_ucb,3,6364,114,640,0,114,0.6125
2,fa7,rabvs_budgeted_no_ucb,4,6364,114,768,0,114,0.58984375
2,fa7,rabvs_budgeted_no_ucb,5,6364,114,896,0,114,0.5725446428571429
2,fa7,rabvs_budgeted_no_ucb,6,6364,114,1024,0,114,0.5556640625
2,fa7,rabvs_budgeted_random_parts,1,6364,114,384,0,8,0.5338541666666666
2,fa7,rabvs_budgeted_random_parts,2,6364,114,512,0,8,0.580078125
2,fa7,rabvs_budgeted_random_parts,3,6364,114,640,5,13,0.5671875
2,fa7,rabvs_budgeted_random_parts,4,6364,114,768,12,25,0.5625
2,fa7,rabvs_budgeted_random_parts,5,6364,114,896,0,25,0.5457589285714286
2,fa7,rabvs_budgeted_random_parts,6,6364,114,1024,0,25,0.552734375
0,fabp4,boba_ucb,1,2797,47,384,28,36,0.5911458333333334
0,fabp4,boba_ucb,2,2797,47,512,0,36,0.58984375
0,fabp4,boba_ucb,3,2797,47,640,5,41,0.58125
0,fabp4,boba_ucb,4,2797,47,768,0,41,0.55078125
0,fabp4,boba_ucb,5,2797,47,896,0,41,0.5513392857142857
0,fabp4,boba_ucb,6,2797,47,1024,0,41,0.544921875
0,fabp4,rabvs_budgeted_reliable,1,2797,47,384,28,36,0.5911458333333334
0,fabp4,rabvs_budgeted_reliable,2,2797,47,512,0,36,0.58984375
0,fabp4,rabvs_budgeted_reliable,3,2797,47,640,5,41,0.58125
0,fabp4,rabvs_budgeted_reliable,4,2797,47,768,0,41,0.55078125
0,fabp4,rabvs_budgeted_reliable,5,2797,47,896,0,41,0.5513392857142857
0,fabp4,rabvs_budgeted_reliable,6,2797,47,1024,0,41,0.544921875
0,fabp4,rabvs_budgeted_no_ucb,1,2797,47,384,33,41,0.5755208333333334
0,fabp4,rabvs_budgeted_no_ucb,2,2797,47,512,4,45,0.58984375
0,fabp4,rabvs_budgeted_no_ucb,3,2797,47,640,0,45,0.5796875
0,fabp4,rabvs_budgeted_no_ucb,4,2797,47,768,0,45,0.58984375
0,fabp4,rabvs_budgeted_no_ucb,5,2797,47,896,0,45,0.5837053571428571
0,fabp4,rabvs_budgeted_no_ucb,6,2797,47,1024,0,45,0.5732421875
0,fabp4,rabvs_budgeted_random_parts,1,2797,47,384,12,20,0.5260416666666666
0,fabp4,rabvs_budgeted_random_parts,2,2797,47,512,0,20,0.529296875
0,fabp4,rabvs_budgeted_random_parts,3,2797,47,640,1,21,0.4921875
0,fabp4,rabvs_budgeted_random_parts,4,2797,47,768,15,36,0.4921875
0,fabp4,rabvs_budgeted_random_parts,5,2797,47,896,1,37,0.49441964285714285
0,fabp4,rabvs_budgeted_random_parts,6,2797,47,1024,0,37,0.4794921875
1,fabp4,boba_ucb,1,2797,47,384,32,40,0.515625
1,fabp4,boba_ucb,2,2797,47,512,0,40,0.5078125
1,fabp4,boba_ucb,3,2797,47,640,1,41,0.5171875
1,fabp4,boba_ucb,4,2797,47,768,0,41,0.546875
1,fabp4,boba_ucb,5,2797,47,896,0,41,0.5502232142857143
1,fabp4,boba_ucb,6,2797,47,1024,4,45,0.564453125
1,fabp4,rabvs_budgeted_reliable,1,2797,47,384,32,40,0.515625
1,fabp4,rabvs_budgeted_reliable,2,2797,47,512,0,40,0.5078125
1,fabp4,rabvs_budgeted_reliable,3,2797,47,640,1,41,0.5171875
1,fabp4,rabvs_budgeted_reliable,4,2797,47,768,0,41,0.546875
1,fabp4,rabvs_budgeted_reliable,5,2797,47,896,0,41,0.5502232142857143
1,fabp4,rabvs_budgeted_reliable,6,2797,47,1024,4,45,0.564453125
1,fabp4,rabvs_budgeted_no_ucb,1,2797,47,384,37,45,0.5416666666666666
1,fabp4,rabvs_budgeted_no_ucb,2,2797,47,512,0,45,0.564453125
1,fabp4,rabvs_budgeted_no_ucb,3,2797,47,640,1,46,0.5625
1,fabp4,rabvs_budgeted_no_ucb,4,2797,47,768,0,46,0.5729166666666666
1,fabp4,rabvs_budgeted_no_ucb,5,2797,47,896,0,46,0.5546875
1,fabp4,rabvs_budgeted_no_ucb,6,2797,47,1024,0,46,0.578125
1,fabp4,rabvs_budgeted_random_parts,1,2797,47,384,0,8,0.5234375
1,fabp4,rabvs_budgeted_random_parts,2,2797,47,512,0,8,0.53515625
1,fabp4,rabvs_budgeted_random_parts,3,2797,47,640,3,11,0.5421875
1,fabp4,rabvs_budgeted_random_parts,4,2797,47,768,2,13,0.5520833333333334
1,fabp4,rabvs_budgeted_random_parts,5,2797,47,896,13,26,0.5357142857142857
1,fabp4,rabvs_budgeted_random_parts,6,2797,47,1024,0,26,0.5361328125
2,fabp4,boba_ucb,1,2797,47,384,28,36,0.578125
2,fabp4,boba_ucb,2,2797,47,512,0,36,0.5859375
2,fabp4,boba_ucb,3,2797,47,640,0,36,0.5921875
2,fabp4,boba_ucb,4,2797,47,768,6,42,0.5859375
2,fabp4,boba_ucb,5,2797,47,896,0,42,0.5647321428571429
2,fabp4,boba_ucb,6,2797,47,1024,0,42,0.5810546875
2,fabp4,rabvs_budgeted_reliable,1,2797,47,384,28,36,0.578125
2,fabp4,rabvs_budgeted_reliable,2,2797,47,512,0,36,0.5859375
2,fabp4,rabvs_budgeted_reliable,3,2797,47,640,0,36,0.5921875
2,fabp4,rabvs_budgeted_reliable,4,2797,47,768,6,42,0.5859375
2,fabp4,rabvs_budgeted_reliable,5,2797,47,896,0,42,0.5647321428571429
2,fabp4,rabvs_budgeted_reliable,6,2797,47,1024,0,42,0.5810546875
2,fabp4,rabvs_budgeted_no_ucb,1,2797,47,384,34,42,0.578125
2,fabp4,rabvs_budgeted_no_ucb,2,2797,47,512,3,45,0.560546875
2,fabp4,rabvs_budgeted_no_ucb,3,2797,47,640,1,46,0.546875
2,fabp4,rabvs_budgeted_no_ucb,4,2797,47,768,0,46,0.5520833333333334
2,fabp4,rabvs_budgeted_no_ucb,5,2797,47,896,0,46,0.5580357142857143
2,fabp4,rabvs_budgeted_no_ucb,6,2797,47,1024,0,46,0.5791015625
2,fabp4,rabvs_budgeted_random_parts,1,2797,47,384,0,8,0.515625
2,fabp4,rabvs_budgeted_random_parts,2,2797,47,512,10,18,0.5546875
2,fabp4,rabvs_budgeted_random_parts,3,2797,47,640,0,18,0.5671875
2,fabp4,rabvs_budgeted_random_parts,4,2797,47,768,0,18,0.5846354166666666
2,fabp4,rabvs_budgeted_random_parts,5,2797,47,896,0,18,0.5870535714285714
2,fabp4,rabvs_budgeted_random_parts,6,2797,47,1024,0,18,0.560546875
0,fak1,boba_ucb,1,5450,100,384,83,91,0.4296875
0,fak1,boba_ucb,2,5450,100,512,0,91,0.48828125
0,fak1,boba_ucb,3,5450,100,640,0,91,0.4921875
0,fak1,boba_ucb,4,5450,100,768,0,91,0.5026041666666666
0,fak1,boba_ucb,5,5450,100,896,0,91,0.49330357142857145
0,fak1,boba_ucb,6,5450,100,1024,0,91,0.5
0,fak1,rabvs_budgeted_reliable,1,5450,100,384,83,91,0.4296875
0,fak1,rabvs_budgeted_reliable,2,5450,100,512,0,91,0.48828125
0,fak1,rabvs_budgeted_reliable,3,5450,100,640,0,91,0.4921875
0,fak1,rabvs_budgeted_reliable,4,5450,100,768,0,91,0.5026041666666666
0,fak1,rabvs_budgeted_reliable,5,5450,100,896,0,91,0.49330357142857145
0,fak1,rabvs_budgeted_reliable,6,5450,100,1024,0,91,0.5
0,fak1,rabvs_budgeted_no_ucb,1,5450,100,384,86,94,0.4192708333333333
0,fak1,rabvs_budgeted_no_ucb,2,5450,100,512,3,97,0.458984375
0,fak1,rabvs_budgeted_no_ucb,3,5450,100,640,0,97,0.44375
0,fak1,rabvs_budgeted_no_ucb,4,5450,100,768,1,98,0.4661458333333333
0,fak1,rabvs_budgeted_no_ucb,5,5450,100,896,0,98,0.46986607142857145
0,fak1,rabvs_budgeted_no_ucb,6,5450,100,1024,1,99,0.482421875
0,fak1,rabvs_budgeted_random_parts,1,5450,100,384,20,28,0.5416666666666666
0,fak1,rabvs_budgeted_random_parts,2,5450,100,512,33,61,0.544921875
0,fak1,rabvs_budgeted_random_parts,3,5450,100,640,1,62,0.5234375
0,fak1,rabvs_budgeted_random_parts,4,5450,100,768,0,62,0.5338541666666666
0,fak1,rabvs_budgeted_random_parts,5,5450,100,896,0,62,0.5279017857142857
0,fak1,rabvs_budgeted_random_parts,6,5450,100,1024,31,93,0.525390625
1,fak1,boba_ucb,1,5450,100,384,87,95,0.3854166666666667
1,fak1,boba_ucb,2,5450,100,512,2,97,0.38671875
1,fak1,boba_ucb,3,5450,100,640,0,97,0.403125
1,fak1,boba_ucb,4,5450,100,768,0,97,0.4296875
1,fak1,boba_ucb,5,5450,100,896,0,97,0.44754464285714285
1,fak1,boba_ucb,6,5450,100,1024,0,97,0.47265625
1,fak1,rabvs_budgeted_reliable,1,5450,100,384,87,95,0.3854166666666667
1,fak1,rabvs_budgeted_reliable,2,5450,100,512,2,97,0.38671875
1,fak1,rabvs_budgeted_reliable,3,5450,100,640,0,97,0.403125
1,fak1,rabvs_budgeted_reliable,4,5450,100,768,0,97,0.4296875
1,fak1,rabvs_budgeted_reliable,5,5450,100,896,0,97,0.44754464285714285
1,fak1,rabvs_budgeted_reliable,6,5450,100,1024,0,97,0.47265625
1,fak1,rabvs_budgeted_no_ucb,1,5450,100,384,85,93,0.3776041666666667
1,fak1,rabvs_budgeted_no_ucb,2,5450,100,512,2,95,0.408203125
1,fak1,rabvs_budgeted_no_ucb,3,5450,100,640,2,97,0.4171875
1,fak1,rabvs_budgeted_no_ucb,4,5450,100,768,1,98,0.45703125
1,fak1,rabvs_budgeted_no_ucb,5,5450,100,896,0,98,0.44419642857142855
1,fak1,rabvs_budgeted_no_ucb,6,5450,100,1024,1,99,0.4638671875
1,fak1,rabvs_budgeted_random_parts,1,5450,100,384,0,8,0.4739583333333333
1,fak1,rabvs_budgeted_random_parts,2,5450,100,512,0,8,0.5078125
1,fak1,rabvs_budgeted_random_parts,3,5450,100,640,0,8,0.48125
1,fak1,rabvs_budgeted_random_parts,4,5450,100,768,30,38,0.4830729166666667
1,fak1,rabvs_budgeted_random_parts,5,5450,100,896,33,71,0.4810267857142857
1,fak1,rabvs_budgeted_random_parts,6,5450,100,1024,0,71,0.4873046875
2,fak1,boba_ucb,1,5450,100,384,87,95,0.3880208333333333
2,fak1,boba_ucb,2,5450,100,512,1,96,0.431640625
2,fak1,boba_ucb,3,5450,100,640,0,96,0.459375
2,fak1,boba_ucb,4,5450,100,768,1,97,0.4348958333333333
2,fak1,boba_ucb,5,5450,100,896,0,97,0.4296875
2,fak1,boba_ucb,6,5450,100,1024,1,98,0.44921875
2,fak1,rabvs_budgeted_reliable,1,5450,100,384,87,95,0.3880208333333333
2,fak1,rabvs_budgeted_reliable,2,5450,100,512,1,96,0.431640625
2,fak1,rabvs_budgeted_reliable,3,5450,100,640,0,96,0.459375
2,fak1,rabvs_budgeted_reliable,4,5450,100,768,1,97,0.4348958333333333
2,fak1,rabvs_budgeted_reliable,5,5450,100,896,0,97,0.4296875
2,fak1,rabvs_budgeted_reliable,6,5450,100,1024,1,98,0.44921875
2,fak1,rabvs_budgeted_no_ucb,1,5450,100,384,87,95,0.3958333333333333
2,fak1,rabvs_budgeted_no_ucb,2,5450,100,512,1,96,0.40234375
2,fak1,rabvs_budgeted_no_ucb,3,5450,100,640,0,96,0.4578125
2,fak1,rabvs_budgeted_no_ucb,4,5450,100,768,2,98,0.4466145833333333
2,fak1,rabvs_budgeted_no_ucb,5,5450,100,896,0,98,0.453125
2,fak1,rabvs_budgeted_no_ucb,6,5450,100,1024,0,98,0.4501953125
2,fak1,rabvs_budgeted_random_parts,1,5450,100,384,13,21,0.4817708333333333
2,fak1,rabvs_budgeted_random_parts,2,5450,100,512,0,21,0.4765625
2,fak1,rabvs_budgeted_random_parts,3,5450,100,640,0,21,0.471875
2,fak1,rabvs_budgeted_random_parts,4,5450,100,768,21,42,0.44921875
2,fak1,rabvs_budgeted_random_parts,5,5450,100,896,17,59,0.4575892857142857
2,fak1,rabvs_budgeted_random_parts,6,5450,100,1024,0,59,0.484375
0,fgfr1,boba_ucb,1,8839,139,384,76,84,0.5182291666666666
0,fgfr1,boba_ucb,2,8839,139,512,9,93,0.515625
0,fgfr1,boba_ucb,3,8839,139,640,1,94,0.490625
0,fgfr1,boba_ucb,4,8839,139,768,1,95,0.5221354166666666
0,fgfr1,boba_ucb,5,8839,139,896,0,95,0.5078125
0,fgfr1,boba_ucb,6,8839,139,1024,0,95,0.4970703125
0,fgfr1,rabvs_budgeted_reliable,1,8839,139,384,76,84,0.5182291666666666
0,fgfr1,rabvs_budgeted_reliable,2,8839,139,512,9,93,0.515625
0,fgfr1,rabvs_budgeted_reliable,3,8839,139,640,1,94,0.490625
0,fgfr1,rabvs_budgeted_reliable,4,8839,139,768,1,95,0.5221354166666666
0,fgfr1,rabvs_budgeted_reliable,5,8839,139,896,0,95,0.5078125
0,fgfr1,rabvs_budgeted_reliable,6,8839,139,1024,0,95,0.4970703125
0,fgfr1,rabvs_budgeted_no_ucb,1,8839,139,384,83,91,0.5208333333333334
0,fgfr1,rabvs_budgeted_no_ucb,2,8839,139,512,31,122,0.498046875
0,fgfr1,rabvs_budgeted_no_ucb,3,8839,139,640,5,127,0.51875
0,fgfr1,rabvs_budgeted_no_ucb,4,8839,139,768,3,130,0.515625
0,fgfr1,rabvs_budgeted_no_ucb,5,8839,139,896,1,131,0.53125
0,fgfr1,rabvs_budgeted_no_ucb,6,8839,139,1024,2,133,0.5283203125
0,fgfr1,rabvs_budgeted_random_parts,1,8839,139,384,14,22,0.4947916666666667
0,fgfr1,rabvs_budgeted_random_parts,2,8839,139,512,4,26,0.556640625
0,fgfr1,rabvs_budgeted_random_parts,3,8839,139,640,2,28,0.5140625
0,fgfr1,rabvs_budgeted_random_parts,4,8839,139,768,18,46,0.5013020833333334
0,fgfr1,rabvs_budgeted_random_parts,5,8839,139,896,0,46,0.48660714285714285
0,fgfr1,rabvs_budgeted_random_parts,6,8839,139,1024,1,47,0.486328125
1,fgfr1,boba_ucb,1,8839,139,384,91,99,0.4791666666666667
1,fgfr1,boba_ucb,2,8839,139,512,7,106,0.51953125
1,fgfr1,boba_ucb,3,8839,139,640,9,115,0.4984375
1,fgfr1,boba_ucb,4,8839,139,768,0,115,0.484375
1,fgfr1,boba_ucb,5,8839,139,896,0,115,0.47098214285714285
1,fgfr1,boba_ucb,6,8839,139,1024,0,115,0.4765625
1,fgfr1,rabvs_budgeted_reliable,1,8839,139,384,91,99,0.4791666666666667
1,fgfr1,rabvs_budgeted_reliable,2,8839,139,512,7,106,0.51953125
1,fgfr1,rabvs_budgeted_reliable,3,8839,139,640,9,115,0.4984375
1,fgfr1,rabvs_budgeted_reliable,4,8839,139,768,0,115,0.484375
1,fgfr1,rabvs_budgeted_reliable,5,8839,139,896,0,115,0.47098214285714285
1,fgfr1,rabvs_budgeted_reliable,6,8839,139,1024,0,115,0.4765625
1,fgfr1,rabvs_budgeted_no_ucb,1,8839,139,384,95,103,0.4895833333333333
1,fgfr1,rabvs_budgeted_no_ucb,2,8839,139,512,9,112,0.490234375
1,fgfr1,rabvs_budgeted_no_ucb,3,8839,139,640,0,112,0.490625
1,fgfr1,rabvs_budgeted_no_ucb,4,8839,139,768,5,117,0.5065104166666666
1,fgfr1,rabvs_budgeted_no_ucb,5,8839,139,896,9,126,0.5234375
1,fgfr1,rabvs_budgeted_no_ucb,6,8839,139,1024,7,133,0.5615234375
1,fgfr1,rabvs_budgeted_random_parts,1,8839,139,384,36,44,0.4427083333333333
1,fgfr1,rabvs_budgeted_random_parts,2,8839,139,512,3,47,0.4453125
1,fgfr1,rabvs_budgeted_random_parts,3,8839,139,640,5,52,0.4609375
1,fgfr1,rabvs_budgeted_random_parts,4,8839,139,768,1,53,0.4361979166666667
1,fgfr1,rabvs_budgeted_random_parts,5,8839,139,896,3,56,0.4341517857142857
1,fgfr1,rabvs_budgeted_random_parts,6,8839,139,1024,1,57,0.474609375
2,fgfr1,boba_ucb,1,8839,139,384,95,103,0.4479166666666667
2,fgfr1,boba_ucb,2,8839,139,512,4,107,0.478515625
2,fgfr1,boba_ucb,3,8839,139,640,0,107,0.5
2,fgfr1,boba_ucb,4,8839,139,768,2,109,0.5104166666666666
2,fgfr1,boba_ucb,5,8839,139,896,0,109,0.5100446428571429
2,fgfr1,boba_ucb,6,8839,139,1024,1,110,0.5078125
2,fgfr1,rabvs_budgeted_reliable,1,8839,139,384,95,103,0.4479166666666667
2,fgfr1,rabvs_budgeted_reliable,2,8839,139,512,4,107,0.478515625
2,fgfr1,rabvs_budgeted_reliable,3,8839,139,640,0,107,0.5
2,fgfr1,rabvs_budgeted_reliable,4,8839,139,768,2,109,0.5104166666666666
2,fgfr1,rabvs_budgeted_reliable,5,8839,139,896,0,109,0.5100446428571429
2,fgfr1,rabvs_budgeted_reliable,6,8839,139,1024,1,110,0.5078125
2,fgfr1,rabvs_budgeted_no_ucb,1,8839,139,384,95,103,0.453125
2,fgfr1,rabvs_budgeted_no_ucb,2,8839,139,512,8,111,0.48828125
2,fgfr1,rabvs_budgeted_no_ucb,3,8839,139,640,4,115,0.4921875
2,fgfr1,rabvs_budgeted_no_ucb,4,8839,139,768,2,117,0.5078125
2,fgfr1,rabvs_budgeted_no_ucb,5,8839,139,896,1,118,0.5323660714285714
2,fgfr1,rabvs_budgeted_no_ucb,6,8839,139,1024,2,120,0.5087890625
2,fgfr1,rabvs_budgeted_random_parts,1,8839,139,384,3,11,0.4739583333333333
2,fgfr1,rabvs_budgeted_random_parts,2,8839,139,512,5,16,0.490234375
2,fgfr1,rabvs_budgeted_random_parts,3,8839,139,640,42,58,0.5
2,fgfr1,rabvs_budgeted_random_parts,4,8839,139,768,14,72,0.4908854166666667
2,fgfr1,rabvs_budgeted_random_parts,5,8839,139,896,0,72,0.4966517857142857
2,fgfr1,rabvs_budgeted_random_parts,6,8839,139,1024,0,72,0.482421875
0,fkb1a,boba_ucb,1,5911,111,384,102,110,0.5729166666666666
0,fkb1a,boba_ucb,2,5911,111,512,1,111,0.517578125
0,fkb1a,boba_ucb,3,5911,111,640,0,111,0.5234375
0,fkb1a,boba_ucb,4,5911,111,768,0,111,0.5065104166666666
0,fkb1a,boba_ucb,5,5911,111,896,0,111,0.49441964285714285
0,fkb1a,boba_ucb,6,5911,111,1024,0,111,0.4912109375
0,fkb1a,rabvs_budgeted_reliable,1,5911,111,384,102,110,0.5729166666666666
0,fkb1a,rabvs_budgeted_reliable,2,5911,111,512,1,111,0.517578125
0,fkb1a,rabvs_budgeted_reliable,3,5911,111,640,0,111,0.5234375
0,fkb1a,rabvs_budgeted_reliable,4,5911,111,768,0,111,0.5065104166666666
0,fkb1a,rabvs_budgeted_reliable,5,5911,111,896,0,111,0.49441964285714285
0,fkb1a,rabvs_budgeted_reliable,6,5911,111,1024,0,111,0.4912109375
0,fkb1a,rabvs_budgeted_no_ucb,1,5911,111,384,102,110,0.5729166666666666
0,fkb1a,rabvs_budgeted_no_ucb,2,5911,111,512,1,111,0.533203125
0,fkb1a,rabvs_budgeted_no_ucb,3,5911,111,640,0,111,0.5484375
0,fkb1a,rabvs_budgeted_no_ucb,4,5911,111,768,0,111,0.515625
0,fkb1a,rabvs_budgeted_no_ucb,5,5911,111,896,0,111,0.48549107142857145
0,fkb1a,rabvs_budgeted_no_ucb,6,5911,111,1024,0,111,0.4921875
0,fkb1a,rabvs_budgeted_random_parts,1,5911,111,384,0,8,0.5026041666666666
0,fkb1a,rabvs_budgeted_random_parts,2,5911,111,512,0,8,0.49609375
0,fkb1a,rabvs_budgeted_random_parts,3,5911,111,640,29,37,0.503125
0,fkb1a,rabvs_budgeted_random_parts,4,5911,111,768,0,37,0.5
0,fkb1a,rabvs_budgeted_random_parts,5,5911,111,896,0,37,0.4765625
0,fkb1a,rabvs_budgeted_random_parts,6,5911,111,1024,0,37,0.4541015625
1,fkb1a,boba_ucb,1,5911,111,384,101,109,0.5598958333333334
1,fkb1a,boba_ucb,2,5911,111,512,0,109,0.548828125
1,fkb1a,boba_ucb,3,5911,111,640,0,109,0.534375
1,fkb1a,boba_ucb,4,5911,111,768,0,109,0.5234375
1,fkb1a,boba_ucb,5,5911,111,896,0,109,0.5200892857142857
1,fkb1a,boba_ucb,6,5911,111,1024,0,109,0.525390625
1,fkb1a,rabvs_budgeted_reliable,1,5911,111,384,101,109,0.5598958333333334
1,fkb1a,rabvs_budgeted_reliable,2,5911,111,512,0,109,0.548828125
1,fkb1a,rabvs_budgeted_reliable,3,5911,111,640,0,109,0.534375
1,fkb1a,rabvs_budgeted_reliable,4,5911,111,768,0,109,0.5234375
1,fkb1a,rabvs_budgeted_reliable,5,5911,111,896,0,109,0.5200892857142857
1,fkb1a,rabvs_budgeted_reliable,6,5911,111,1024,0,109,0.525390625
1,fkb1a,rabvs_budgeted_no_ucb,1,5911,111,384,102,110,0.5755208333333334
1,fkb1a,rabvs_budgeted_no_ucb,2,5911,111,512,1,111,0.5546875
1,fkb1a,rabvs_budgeted_no_ucb,3,5911,111,640,0,111,0.55
1,fkb1a,rabvs_budgeted_no_ucb,4,5911,111,768,0,111,0.5364583333333334
1,fkb1a,rabvs_budgeted_no_ucb,5,5911,111,896,0,111,0.5122767857142857
1,fkb1a,rabvs_budgeted_no_ucb,6,5911,111,1024,0,111,0.48828125
1,fkb1a,rabvs_budgeted_random_parts,1,5911,111,384,0,8,0.4609375
1,fkb1a,rabvs_budgeted_random_parts,2,5911,111,512,0,8,0.439453125
1,fkb1a,rabvs_budgeted_random_parts,3,5911,111,640,0,8,0.4390625
1,fkb1a,rabvs_budgeted_random_parts,4,5911,111,768,0,8,0.4505208333333333
1,fkb1a,rabvs_budgeted_random_parts,5,5911,111,896,0,8,0.45424107142857145
1,fkb1a,rabvs_budgeted_random_parts,6,5911,111,1024,23,31,0.4609375
2,fkb1a,boba_ucb,1,5911,111,384,102,110,0.5859375
2,fkb1a,boba_ucb,2,5911,111,512,0,110,0.546875
2,fkb1a,boba_ucb,3,5911,111,640,0,110,0.5421875
2,fkb1a,boba_ucb,4,5911,111,768,0,110,0.5052083333333334
2,fkb1a,boba_ucb,5,5911,111,896,0,110,0.5
2,fkb1a,boba_ucb,6,5911,111,1024,0,110,0.4716796875
2,fkb1a,rabvs_budgeted_reliable,1,5911,111,384,102,110,0.5859375
2,fkb1a,rabvs_budgeted_reliable,2,5911,111,512,0,110,0.546875
2,fkb1a,rabvs_budgeted_reliable,3,5911,111,640,0,110,0.5421875
2,fkb1a,rabvs_budgeted_reliable,4,5911,111,768,0,110,0.5052083333333334
2,fkb1a,rabvs_budgeted_reliable,5,5911,111,896,0,110,0.5
2,fkb1a,rabvs_budgeted_reliable,6,5911,111,1024,0,110,0.4716796875
2,fkb1a,rabvs_budgeted_no_ucb,1,5911,111,384,103,111,0.5833333333333334
2,fkb1a,rabvs_budgeted_no_ucb,2,5911,111,512,0,111,0.5546875
2,fkb1a,rabvs_budgeted_no_ucb,3,5911,111,640,0,111,0.5390625
2,fkb1a,rabvs_budgeted_no_ucb,4,5911,111,768,0,111,0.5494791666666666
2,fkb1a,rabvs_budgeted_no_ucb,5,5911,111,896,0,111,0.5178571428571429
2,fkb1a,rabvs_budgeted_no_ucb,6,5911,111,1024,0,111,0.5068359375
2,fkb1a,rabvs_budgeted_random_parts,1,5911,111,384,15,23,0.4401041666666667
2,fkb1a,rabvs_budgeted_random_parts,2,5911,111,512,1,24,0.45703125
2,fkb1a,rabvs_budgeted_random_parts,3,5911,111,640,23,47,0.471875
2,fkb1a,rabvs_budgeted_random_parts,4,5911,111,768,0,47,0.4739583333333333
2,fkb1a,rabvs_budgeted_random_parts,5,5911,111,896,0,47,0.4810267857142857
2,fkb1a,rabvs_budgeted_random_parts,6,5911,111,1024,0,47,0.4736328125
0,fnta,boba_ucb,1,50592,592,384,128,136,0.3385416666666667
0,fnta,boba_ucb,2,50592,592,512,89,225,0.31640625
0,fnta,boba_ucb,3,50592,592,640,7,232,0.3
0,fnta,boba_ucb,4,50592,592,768,3,235,0.3385416666666667
0,fnta,boba_ucb,5,50592,592,896,3,238,0.36495535714285715
0,fnta,boba_ucb,6,50592,592,1024,2,240,0.3818359375
0,fnta,rabvs_budgeted_reliable,1,50592,592,384,128,136,0.3385416666666667
0,fnta,rabvs_budgeted_reliable,2,50592,592,512,89,225,0.31640625
0,fnta,rabvs_budgeted_reliable,3,50592,592,640,7,232,0.3
0,fnta,rabvs_budgeted_reliable,4,50592,592,768,3,235,0.3385416666666667
0,fnta,rabvs_budgeted_reliable,5,50592,592,896,3,238,0.36495535714285715
0,fnta,rabvs_budgeted_reliable,6,50592,592,1024,2,240,0.3818359375
0,fnta,rabvs_budgeted_no_ucb,1,50592,592,384,128,136,0.3385416666666667
0,fnta,rabvs_budgeted_no_ucb,2,50592,592,512,128,264,0.30859375
0,fnta,rabvs_budgeted_no_ucb,3,50592,592,640,101,365,0.29375
0,fnta,rabvs_budgeted_no_ucb,4,50592,592,768,113,478,0.2721354166666667
0,fnta,rabvs_budgeted_no_ucb,5,50592,592,896,48,526,0.29017857142857145
0,fnta,rabvs_budgeted_no_ucb,6,50592,592,1024,5,531,0.30859375
0,fnta,rabvs_budgeted_random_parts,1,50592,592,384,126,134,0.3567708333333333
0,fnta,rabvs_budgeted_random_parts,2,50592,592,512,24,158,0.40234375
0,fnta,rabvs_budgeted_random_parts,3,50592,592,640,1,159,0.39375
0,fnta,rabvs_budgeted_random_parts,4,50592,592,768,1,160,0.37109375
0,fnta,rabvs_budgeted_random_parts,5,50592,592,896,45,205,0.3716517857142857
0,fnta,rabvs_budgeted_random_parts,6,50592,592,1024,0,205,0.380859375
1,fnta,boba_ucb,1,50592,592,384,126,134,0.3098958333333333
1,fnta,boba_ucb,2,50592,592,512,77,211,0.34375
1,fnta,boba_ucb,3,50592,592,640,3,214,0.35625
1,fnta,boba_ucb,4,50592,592,768,128,342,0.3111979166666667
1,fnta,boba_ucb,5,50592,592,896,3,345,0.33816964285714285
1,fnta,boba_ucb,6,50592,592,1024,0,345,0.3271484375
1,fnta,rabvs_budgeted_reliable,1,50592,592,384,126,134,0.3098958333333333
1,fnta,rabvs_budgeted_reliable,2,50592,592,512,77,211,0.34375
1,fnta,rabvs_budgeted_reliable,3,50592,592,640,3,214,0.35625
1,fnta,rabvs_budgeted_reliable,4,50592,592,768,128,342,0.3111979166666667
1,fnta,rabvs_budgeted_reliable,5,50592,592,896,3,345,0.33816964285714285
1,fnta,rabvs_budgeted_reliable,6,50592,592,1024,0,345,0.3271484375
1,fnta,rabvs_budgeted_no_ucb,1,50592,592,384,127,135,0.3046875
1,fnta,rabvs_budgeted_no_ucb,2,50592,592,512,128,263,0.251953125
1,fnta,rabvs_budgeted_no_ucb,3,50592,592,640,127,390,0.265625
1,fnta,rabvs_budgeted_no_ucb,4,50592,592,768,97,487,0.265625
1,fnta,rabvs_budgeted_no_ucb,5,50592,592,896,44,531,0.26785714285714285
1,fnta,rabvs_budgeted_no_ucb,6,50592,592,1024,5,536,0.2646484375
1,fnta,rabvs_budgeted_random_parts,1,50592,592,384,1,9,0.3828125
1,fnta,rabvs_budgeted_random_parts,2,50592,592,512,0,9,0.333984375
1,fnta,rabvs_budgeted_random_parts,3,50592,592,640,1,10,0.371875
1,fnta,rabvs_budgeted_random_parts,4,50592,592,768,12,22,0.3684895833333333
1,fnta,rabvs_budgeted_random_parts,5,50592,592,896,3,25,0.39732142857142855
1,fnta,rabvs_budgeted_random_parts,6,50592,592,1024,128,153,0.359375
2,fnta,boba_ucb,1,50592,592,384,128,136,0.3072916666666667
2,fnta,boba_ucb,2,50592,592,512,31,167,0.30078125
2,fnta,boba_ucb,3,50592,592,640,9,176,0.3515625
2,fnta,boba_ucb,4,50592,592,768,85,261,0.3619791666666667
2,fnta,boba_ucb,5,50592,592,896,3,264,0.35714285714285715
2,fnta,boba_ucb,6,50592,592,1024,0,264,0.37890625
2,fnta,rabvs_budgeted_reliable,1,50592,592,384,128,136,0.3072916666666667
2,fnta,rabvs_budgeted_reliable,2,50592,592,512,31,167,0.30078125
2,fnta,rabvs_budgeted_reliable,3,50592,592,640,9,176,0.3515625
2,fnta,rabvs_budgeted_reliable,4,50592,592,768,85,261,0.3619791666666667
2,fnta,rabvs_budgeted_reliable,5,50592,592,896,3,264,0.35714285714285715
2,fnta,rabvs_budgeted_reliable,6,50592,592,1024,0,264,0.37890625
2,fnta,rabvs_budgeted_no_ucb,1,50592,592,384,128,136,0.3072916666666667
2,fnta,rabvs_budgeted_no_ucb,2,50592,592,512,128,264,0.26171875
2,fnta,rabvs_budgeted_no_ucb,3,50592,592,640,124,388,0.2546875
2,fnta,rabvs_budgeted_no_ucb,4,50592,592,768,80,468,0.265625
2,fnta,rabvs_budgeted_no_ucb,5,50592,592,896,51,519,0.27120535714285715
2,fnta,rabvs_budgeted_no_ucb,6,50592,592,1024,19,538,0.2783203125
2,fnta,rabvs_budgeted_random_parts,1,50592,592,384,2,10,0.484375
2,fnta,rabvs_budgeted_random_parts,2,50592,592,512,6,16,0.47265625
2,fnta,rabvs_budgeted_random_parts,3,50592,592,640,1,17,0.44375
2,fnta,rabvs_budgeted_random_parts,4,50592,592,768,2,19,0.4622395833333333
2,fnta,rabvs_budgeted_random_parts,5,50592,592,896,2,21,0.4765625
2,fnta,rabvs_budgeted_random_parts,6,50592,592,1024,5,26,0.4580078125
0,fpps,boba_ucb,1,8935,85,384,77,85,0.6067708333333334
0,fpps,boba_ucb,2,8935,85,512,0,85,0.603515625
0,fpps,boba_ucb,3,8935,85,640,0,85,0.53125
0,fpps,boba_ucb,4,8935,85,768,0,85,0.49609375
0,fpps,boba_ucb,5,8935,85,896,0,85,0.4720982142857143
0,fpps,boba_ucb,6,8935,85,1024,0,85,0.4697265625
0,fpps,rabvs_budgeted_reliable,1,8935,85,384,77,85,0.6067708333333334
0,fpps,rabvs_budgeted_reliable,2,8935,85,512,0,85,0.603515625
0,fpps,rabvs_budgeted_reliable,3,8935,85,640,0,85,0.53125
0,fpps,rabvs_budgeted_reliable,4,8935,85,768,0,85,0.49609375
0,fpps,rabvs_budgeted_reliable,5,8935,85,896,0,85,0.4720982142857143
0,fpps,rabvs_budgeted_reliable,6,8935,85,1024,0,85,0.4697265625
0,fpps,rabvs_budgeted_no_ucb,1,8935,85,384,77,85,0.6067708333333334
0,fpps,rabvs_budgeted_no_ucb,2,8935,85,512,0,85,0.630859375
0,fpps,rabvs_budgeted_no_ucb,3,8935,85,640,0,85,0.61875
0,fpps,rabvs_budgeted_no_ucb,4,8935,85,768,0,85,0.6328125
0,fpps,rabvs_budgeted_no_ucb,5,8935,85,896,0,85,0.640625
0,fpps,rabvs_budgeted_no_ucb,6,8935,85,1024,0,85,0.61328125
0,fpps,rabvs_budgeted_random_parts,1,8935,85,384,0,8,0.5208333333333334
0,fpps,rabvs_budgeted_random_parts,2,8935,85,512,0,8,0.486328125
0,fpps,rabvs_budgeted_random_parts,3,8935,85,640,0,8,0.5375
0,fpps,rabvs_budgeted_random_parts,4,8935,85,768,0,8,0.5807291666666666
0,fpps,rabvs_budgeted_random_parts,5,8935,85,896,23,31,0.5725446428571429
0,fpps,rabvs_budgeted_random_parts,6,8935,85,1024,0,31,0.5439453125
1,fpps,boba_ucb,1,8935,85,384,77,85,0.5963541666666666
1,fpps,boba_ucb,2,8935,85,512,0,85,0.642578125
1,fpps,boba_ucb,3,8935,85,640,0,85,0.6109375
1,fpps,boba_ucb,4,8935,85,768,0,85,0.5598958333333334
1,fpps,boba_ucb,5,8935,85,896,0,85,0.5178571428571429
1,fpps,boba_ucb,6,8935,85,1024,0,85,0.5224609375
1,fpps,rabvs_budgeted_reliable,1,8935,85,384,77,85,0.5963541666666666
1,fpps,rabvs_budgeted_reliable,2,8935,85,512,0,85,0.642578125
1,fpps,rabvs_budgeted_reliable,3,8935,85,640,0,85,0.6109375
1,fpps,rabvs_budgeted_reliable,4,8935,85,768,0,85,0.5598958333333334
1,fpps,rabvs_budgeted_reliable,5,8935,85,896,0,85,0.5178571428571429
1,fpps,rabvs_budgeted_reliable,6,8935,85,1024,0,85,0.5224609375
1,fpps,rabvs_budgeted_no_ucb,1,8935,85,384,77,85,0.59375
1,fpps,rabvs_budgeted_no_ucb,2,8935,85,512,0,85,0.619140625
1,fpps,rabvs_budgeted_no_ucb,3,8935,85,640,0,85,0.6515625
1,fpps,rabvs_budgeted_no_ucb,4,8935,85,768,0,85,0.64453125
1,fpps,rabvs_budgeted_no_ucb,5,8935,85,896,0,85,0.6372767857142857
1,fpps,rabvs_budgeted_no_ucb,6,8935,85,1024,0,85,0.6328125
1,fpps,rabvs_budgeted_random_parts,1,8935,85,384,0,8,0.4140625
1,fpps,rabvs_budgeted_random_parts,2,8935,85,512,0,8,0.455078125
1,fpps,rabvs_budgeted_random_parts,3,8935,85,640,0,8,0.4546875
1,fpps,rabvs_budgeted_random_parts,4,8935,85,768,0,8,0.4752604166666667
1,fpps,rabvs_budgeted_random_parts,5,8935,85,896,0,8,0.46651785714285715
1,fpps,rabvs_budgeted_random_parts,6,8935,85,1024,0,8,0.4970703125
2,fpps,boba_ucb,1,8935,85,384,77,85,0.5729166666666666
2,fpps,boba_ucb,2,8935,85,512,0,85,0.546875
2,fpps,boba_ucb,3,8935,85,640,0,85,0.5328125
2,fpps,boba_ucb,4,8935,85,768,0,85,0.546875
2,fpps,boba_ucb,5,8935,85,896,0,85,0.5424107142857143
2,fpps,boba_ucb,6,8935,85,1024,0,85,0.525390625
2,fpps,rabvs_budgeted_reliable,1,8935,85,384,77,85,0.5729166666666666
2,fpps,rabvs_budgeted_reliable,2,8935,85,512,0,85,0.546875
2,fpps,rabvs_budgeted_reliable,3,8935,85,640,0,85,0.5328125
2,fpps,rabvs_budgeted_reliable,4,8935,85,768,0,85,0.546875
2,fpps,rabvs_budgeted_reliable,5,8935,85,896,0,85,0.5424107142857143
2,fpps,rabvs_budgeted_reliable,6,8935,85,1024,0,85,0.525390625
2,fpps,rabvs_budgeted_no_ucb,1,8935,85,384,77,85,0.5885416666666666
2,fpps,rabvs_budgeted_no_ucb,2,8935,85,512,0,85,0.587890625
2,fpps,rabvs_budgeted_no_ucb,3,8935,85,640,0,85,0.6296875
2,fpps,rabvs_budgeted_no_ucb,4,8935,85,768,0,85,0.6236979166666666
2,fpps,rabvs_budgeted_no_ucb,5,8935,85,896,0,85,0.640625
2,fpps,rabvs_budgeted_no_ucb,6,8935,85,1024,0,85,0.609375
2,fpps,rabvs_budgeted_random_parts,1,8935,85,384,0,8,0.4947916666666667
2,fpps,rabvs_budgeted_random_parts,2,8935,85,512,0,8,0.484375
2,fpps,rabvs_budgeted_random_parts,3,8935,85,640,0,8,0.5140625
2,fpps,rabvs_budgeted_random_parts,4,8935,85,768,0,8,0.5065104166666666
2,fpps,rabvs_budgeted_random_parts,5,8935,85,896,0,8,0.5055803571428571
2,fpps,rabvs_budgeted_random_parts,6,8935,85,1024,0,8,0.51171875
0,gcr,boba_ucb,1,15257,258,384,87,95,0.3984375
0,gcr,boba_ucb,2,15257,258,512,48,143,0.38671875
0,gcr,boba_ucb,3,15257,258,640,53,196,0.4125
0,gcr,boba_ucb,4,15257,258,768,1,197,0.4505208333333333
0,gcr,boba_ucb,5,15257,258,896,0,197,0.4375
0,gcr,boba_ucb,6,15257,258,1024,0,197,0.427734375
0,gcr,rabvs_budgeted_reliable,1,15257,258,384,87,95,0.3984375
0,gcr,rabvs_budgeted_reliable,2,15257,258,512,48,143,0.38671875
0,gcr,rabvs_budgeted_reliable,3,15257,258,640,53,196,0.4125
0,gcr,rabvs_budgeted_reliable,4,15257,258,768,1,197,0.4505208333333333
0,gcr,rabvs_budgeted_reliable,5,15257,258,896,0,197,0.4375
0,gcr,rabvs_budgeted_reliable,6,15257,258,1024,0,197,0.427734375
0,gcr,rabvs_budgeted_no_ucb,1,15257,258,384,107,115,0.4010416666666667
0,gcr,rabvs_budgeted_no_ucb,2,15257,258,512,72,187,0.390625
0,gcr,rabvs_budgeted_no_ucb,3,15257,258,640,21,208,0.3859375
0,gcr,rabvs_budgeted_no_ucb,4,15257,258,768,8,216,0.42578125
0,gcr,rabvs_budgeted_no_ucb,5,15257,258,896,11,227,0.44642857142857145
0,gcr,rabvs_budgeted_no_ucb,6,15257,258,1024,10,237,0.458984375
0,gcr,rabvs_budgeted_random_parts,1,15257,258,384,3,11,0.4791666666666667
0,gcr,rabvs_budgeted_random_parts,2,15257,258,512,6,17,0.48046875
0,gcr,rabvs_budgeted_random_parts,3,15257,258,640,24,41,0.459375
0,gcr,rabvs_budgeted_random_parts,4,15257,258,768,0,41,0.4921875
0,gcr,rabvs_budgeted_random_parts,5,15257,258,896,1,42,0.5212053571428571
0,gcr,rabvs_budgeted_random_parts,6,15257,258,1024,3,45,0.54296875
1,gcr,boba_ucb,1,15257,258,384,73,81,0.4661458333333333
1,gcr,boba_ucb,2,15257,258,512,52,133,0.47265625
1,gcr,boba_ucb,3,15257,258,640,4,137,0.45625
1,gcr,boba_ucb,4,15257,258,768,16,153,0.4752604166666667
1,gcr,boba_ucb,5,15257,258,896,1,154,0.48549107142857145
1,gcr,boba_ucb,6,15257,258,1024,1,155,0.47265625
1,gcr,rabvs_budgeted_reliable,1,15257,258,384,73,81,0.4661458333333333
1,gcr,rabvs_budgeted_reliable,2,15257,258,512,52,133,0.47265625
1,gcr,rabvs_budgeted_reliable,3,15257,258,640,4,137,0.45625
1,gcr,rabvs_budgeted_reliable,4,15257,258,768,16,153,0.4752604166666667
1,gcr,rabvs_budgeted_reliable,5,15257,258,896,1,154,0.48549107142857145
1,gcr,rabvs_budgeted_reliable,6,15257,258,1024,1,155,0.47265625
1,gcr,rabvs_budgeted_no_ucb,1,15257,258,384,80,88,0.4869791666666667
1,gcr,rabvs_budgeted_no_ucb,2,15257,258,512,98,186,0.42578125
1,gcr,rabvs_budgeted_no_ucb,3,15257,258,640,25,211,0.425
1,gcr,rabvs_budgeted_no_ucb,4,15257,258,768,14,225,0.4635416666666667
1,gcr,rabvs_budgeted_no_ucb,5,15257,258,896,11,236,0.45424107142857145
1,gcr,rabvs_budgeted_no_ucb,6,15257,258,1024,2,238,0.470703125
1,gcr,rabvs_budgeted_random_parts,1,15257,258,384,0,8,0.4947916666666667
1,gcr,rabvs_budgeted_random_parts,2,15257,258,512,33,41,0.45703125
1,gcr,rabvs_budgeted_random_parts,3,15257,258,640,0,41,0.4890625
1,gcr,rabvs_budgeted_random_parts,4,15257,258,768,15,56,0.5260416666666666
1,gcr,rabvs_budgeted_random_parts,5,15257,258,896,9,65,0.5122767857142857
1,gcr,rabvs_budgeted_random_parts,6,15257,258,1024,1,66,0.498046875
2,gcr,boba_ucb,1,15257,258,384,112,120,0.40625
2,gcr,boba_ucb,2,15257,258,512,26,146,0.41796875
2,gcr,boba_ucb,3,15257,258,640,6,152,0.4484375
2,gcr,boba_ucb,4,15257,258,768,0,152,0.4401041666666667
2,gcr,boba_ucb,5,15257,258,896,2,154,0.45200892857142855
2,gcr,boba_ucb,6,15257,258,1024,0,154,0.4443359375
2,gcr,rabvs_budgeted_reliable,1,15257,258,384,112,120,0.40625
2,gcr,rabvs_budgeted_reliable,2,15257,258,512,26,146,0.41796875
2,gcr,rabvs_budgeted_reliable,3,15257,258,640,6,152,0.4484375
2,gcr,rabvs_budgeted_reliable,4,15257,258,768,0,152,0.4401041666666667
2,gcr,rabvs_budgeted_reliable,5,15257,258,896,2,154,0.45200892857142855
2,gcr,rabvs_budgeted_reliable,6,15257,258,1024,0,154,0.4443359375
2,gcr,rabvs_budgeted_no_ucb,1,15257,258,384,110,118,0.4036458333333333
2,gcr,rabvs_budgeted_no_ucb,2,15257,258,512,79,197,0.3828125
2,gcr,rabvs_budgeted_no_ucb,3,15257,258,640,17,214,0.403125
2,gcr,rabvs_budgeted_no_ucb,4,15257,258,768,11,225,0.4114583333333333
2,gcr,rabvs_budgeted_no_ucb,5,15257,258,896,8,233,0.421875
2,gcr,rabvs_budgeted_no_ucb,6,15257,258,1024,6,239,0.4423828125
2,gcr,rabvs_budgeted_random_parts,1,15257,258,384,2,10,0.4036458333333333
2,gcr,rabvs_budgeted_random_parts,2,15257,258,512,2,12,0.396484375
2,gcr,rabvs_budgeted_random_parts,3,15257,258,640,0,12,0.4125
2,gcr,rabvs_budgeted_random_parts,4,15257,258,768,11,23,0.4114583333333333
2,gcr,rabvs_budgeted_random_parts,5,15257,258,896,4,27,0.43191964285714285
2,gcr,rabvs_budgeted_random_parts,6,15257,258,1024,0,27,0.427734375
0,glcm,boba_ucb,1,3854,54,384,43,51,0.5130208333333334
0,glcm,boba_ucb,2,3854,54,512,1,52,0.486328125
0,glcm,boba_ucb,3,3854,54,640,0,52,0.4921875
0,glcm,boba_ucb,4,3854,54,768,2,54,0.4934895833333333
0,glcm,boba_ucb,5,3854,54,896,0,54,0.5111607142857143
0,glcm,boba_ucb,6,3854,54,1024,0,54,0.4921875
0,glcm,rabvs_budgeted_reliable,1,3854,54,384,43,51,0.5130208333333334
0,glcm,rabvs_budgeted_reliable,2,3854,54,512,1,52,0.486328125
0,glcm,rabvs_budgeted_reliable,3,3854,54,640,0,52,0.4921875
0,glcm,rabvs_budgeted_reliable,4,3854,54,768,2,54,0.4934895833333333
0,glcm,rabvs_budgeted_reliable,5,3854,54,896,0,54,0.5111607142857143
0,glcm,rabvs_budgeted_reliable,6,3854,54,1024,0,54,0.4921875
0,glcm,rabvs_budgeted_no_ucb,1,3854,54,384,43,51,0.5052083333333334
0,glcm,rabvs_budgeted_no_ucb,2,3854,54,512,0,51,0.52734375
0,glcm,rabvs_budgeted_no_ucb,3,3854,54,640,0,51,0.515625
0,glcm,rabvs_budgeted_no_ucb,4,3854,54,768,2,53,0.51953125
0,glcm,rabvs_budgeted_no_ucb,5,3854,54,896,1,54,0.53125
0,glcm,rabvs_budgeted_no_ucb,6,3854,54,1024,0,54,0.533203125
0,glcm,rabvs_budgeted_random_parts,1,3854,54,384,0,8,0.5260416666666666
0,glcm,rabvs_budgeted_random_parts,2,3854,54,512,0,8,0.5
0,glcm,rabvs_budgeted_random_parts,3,3854,54,640,0,8,0.503125
0,glcm,rabvs_budgeted_random_parts,4,3854,54,768,4,12,0.4947916666666667
0,glcm,rabvs_budgeted_random_parts,5,3854,54,896,5,17,0.49776785714285715
0,glcm,rabvs_budgeted_random_parts,6,3854,54,1024,18,35,0.4990234375
1,glcm,boba_ucb,1,3854,54,384,34,42,0.4869791666666667
1,glcm,boba_ucb,2,3854,54,512,4,46,0.51953125
1,glcm,boba_ucb,3,3854,54,640,0,46,0.5078125
1,glcm,boba_ucb,4,3854,54,768,0,46,0.5208333333333334
1,glcm,boba_ucb,5,3854,54,896,0,46,0.5167410714285714
1,glcm,boba_ucb,6,3854,54,1024,0,46,0.5244140625
1,glcm,rabvs_budgeted_reliable,1,3854,54,384,34,42,0.4869791666666667
1,glcm,rabvs_budgeted_reliable,2,3854,54,512,4,46,0.51953125
1,glcm,rabvs_budgeted_reliable,3,3854,54,640,0,46,0.5078125
1,glcm,rabvs_budgeted_reliable,4,3854,54,768,0,46,0.5208333333333334
1,glcm,rabvs_budgeted_reliable,5,3854,54,896,0,46,0.5167410714285714
1,glcm,rabvs_budgeted_reliable,6,3854,54,1024,0,46,0.5244140625
1,glcm,rabvs_budgeted_no_ucb,1,3854,54,384,33,41,0.4921875
1,glcm,rabvs_budgeted_no_ucb,2,3854,54,512,3,44,0.486328125
1,glcm,rabvs_budgeted_no_ucb,3,3854,54,640,3,47,0.48125
1,glcm,rabvs_budgeted_no_ucb,4,3854,54,768,1,48,0.4973958333333333
1,glcm,rabvs_budgeted_no_ucb,5,3854,54,896,3,51,0.5033482142857143
1,glcm,rabvs_budgeted_no_ucb,6,3854,54,1024,3,54,0.494140625
1,glcm,rabvs_budgeted_random_parts,1,3854,54,384,16,24,0.5208333333333334
1,glcm,rabvs_budgeted_random_parts,2,3854,54,512,1,25,0.544921875
1,glcm,rabvs_budgeted_random_parts,3,3854,54,640,0,25,0.515625
1,glcm,rabvs_budgeted_random_parts,4,3854,54,768,12,37,0.5078125
1,glcm,rabvs_budgeted_random_parts,5,3854,54,896,0,37,0.49107142857142855
1,glcm,rabvs_budgeted_random_parts,6,3854,54,1024,1,38,0.48046875
2,glcm,boba_ucb,1,3854,54,384,37,45,0.578125
2,glcm,boba_ucb,2,3854,54,512,0,45,0.57421875
2,glcm,boba_ucb,3,3854,54,640,0,45,0.55
2,glcm,boba_ucb,4,3854,54,768,0,45,0.5533854166666666
2,glcm,boba_ucb,5,3854,54,896,0,45,0.5691964285714286
2,glcm,boba_ucb,6,3854,54,1024,6,51,0.5458984375
2,glcm,rabvs_budgeted_reliable,1,3854,54,384,37,45,0.578125
2,glcm,rabvs_budgeted_reliable,2,3854,54,512,0,45,0.57421875
2,glcm,rabvs_budgeted_reliable,3,3854,54,640,0,45,0.55
2,glcm,rabvs_budgeted_reliable,4,3854,54,768,0,45,0.5533854166666666
2,glcm,rabvs_budgeted_reliable,5,3854,54,896,0,45,0.5691964285714286
2,glcm,rabvs_budgeted_reliable,6,3854,54,1024,6,51,0.5458984375
2,glcm,rabvs_budgeted_no_ucb,1,3854,54,384,35,43,0.5755208333333334
2,glcm,rabvs_budgeted_no_ucb,2,3854,54,512,3,46,0.517578125
2,glcm,rabvs_budgeted_no_ucb,3,3854,54,640,2,48,0.54375
2,glcm,rabvs_budgeted_no_ucb,4,3854,54,768,0,48,0.5286458333333334
2,glcm,rabvs_budgeted_no_ucb,5,3854,54,896,0,48,0.5111607142857143
2,glcm,rabvs_budgeted_no_ucb,6,3854,54,1024,0,48,0.5126953125
2,glcm,rabvs_budgeted_random_parts,1,3854,54,384,7,15,0.5052083333333334
2,glcm,rabvs_budgeted_random_parts,2,3854,54,512,0,15,0.54296875
2,glcm,rabvs_budgeted_random_parts,3,3854,54,640,0,15,0.54375
2,glcm,rabvs_budgeted_random_parts,4,3854,54,768,6,21,0.52734375
2,glcm,rabvs_budgeted_random_parts,5,3854,54,896,0,21,0.5033482142857143
2,glcm,rabvs_budgeted_random_parts,6,3854,54,1024,1,22,0.5107421875
0,gria2,boba_ucb,1,12003,158,384,96,104,0.5234375
0,gria2,boba_ucb,2,12003,158,512,2,106,0.509765625
0,gria2,boba_ucb,3,12003,158,640,0,106,0.5359375
0,gria2,boba_ucb,4,12003,158,768,3,109,0.5234375
0,gria2,boba_ucb,5,12003,158,896,2,111,0.5178571428571429
0,gria2,boba_ucb,6,12003,158,1024,1,112,0.5087890625
0,gria2,rabvs_budgeted_reliable,1,12003,158,384,96,104,0.5234375
0,gria2,rabvs_budgeted_reliable,2,12003,158,512,2,106,0.509765625
0,gria2,rabvs_budgeted_reliable,3,12003,158,640,0,106,0.5359375
0,gria2,rabvs_budgeted_reliable,4,12003,158,768,3,109,0.5234375
0,gria2,rabvs_budgeted_reliable,5,12003,158,896,2,111,0.5178571428571429
0,gria2,rabvs_budgeted_reliable,6,12003,158,1024,1,112,0.5087890625
0,gria2,rabvs_budgeted_no_ucb,1,12003,158,384,98,106,0.5208333333333334
0,gria2,rabvs_budgeted_no_ucb,2,12003,158,512,14,120,0.548828125
0,gria2,rabvs_budgeted_no_ucb,3,12003,158,640,0,120,0.6015625
0,gria2,rabvs_budgeted_no_ucb,4,12003,158,768,8,128,0.6028645833333334
0,gria2,rabvs_budgeted_no_ucb,5,12003,158,896,10,138,0.5792410714285714
0,gria2,rabvs_budgeted_no_ucb,6,12003,158,1024,6,144,0.58984375
0,gria2,rabvs_budgeted_random_parts,1,12003,158,384,0,8,0.5625
0,gria2,rabvs_budgeted_random_parts,2,12003,158,512,0,8,0.56640625
0,gria2,rabvs_budgeted_random_parts,3,12003,158,640,1,9,0.584375
0,gria2,rabvs_budgeted_random_parts,4,12003,158,768,31,40,0.5833333333333334
0,gria2,rabvs_budgeted_random_parts,5,12003,158,896,0,40,0.5993303571428571
0,gria2,rabvs_budgeted_random_parts,6,12003,158,1024,1,41,0.6025390625
1,gria2,boba_ucb,1,12003,158,384,78,86,0.5755208333333334
1,gria2,boba_ucb,2,12003,158,512,4,90,0.666015625
1,gria2,boba_ucb,3,12003,158,640,4,94,0.6609375
1,gria2,boba_ucb,4,12003,158,768,15,109,0.625
1,gria2,boba_ucb,5,12003,158,896,4,113,0.5848214285714286
1,gria2,boba_ucb,6,12003,158,1024,3,116,0.5693359375
1,gria2,rabvs_budgeted_reliable,1,12003,158,384,78,86,0.5755208333333334
1,gria2,rabvs_budgeted_reliable,2,12003,158,512,4,90,0.666015625
1,gria2,rabvs_budgeted_reliable,3,12003,158,640,4,94,0.6609375
1,gria2,rabvs_budgeted_reliable,4,12003,158,768,15,109,0.625
1,gria2,rabvs_budgeted_reliable,5,12003,158,896,4,113,0.5848214285714286
1,gria2,rabvs_budgeted_reliable,6,12003,158,1024,3,116,0.5693359375
1,gria2,rabvs_budgeted_no_ucb,1,12003,158,384,89,97,0.5416666666666666
1,gria2,rabvs_budgeted_no_ucb,2,12003,158,512,30,127,0.59375
1,gria2,rabvs_budgeted_no_ucb,3,12003,158,640,10,137,0.59375
1,gria2,rabvs_budgeted_no_ucb,4,12003,158,768,9,146,0.58984375
1,gria2,rabvs_budgeted_no_ucb,5,12003,158,896,1,147,0.5993303571428571
1,gria2,rabvs_budgeted_no_ucb,6,12003,158,1024,2,149,0.591796875
1,gria2,rabvs_budgeted_random_parts,1,12003,158,384,19,27,0.4791666666666667
1,gria2,rabvs_budgeted_random_parts,2,12003,158,512,1,28,0.494140625
1,gria2,rabvs_budgeted_random_parts,3,12003,158,640,4,32,0.5046875
1,gria2,rabvs_budgeted_random_parts,4,12003,158,768,3,35,0.4947916666666667
1,gria2,rabvs_budgeted_random_parts,5,12003,158,896,0,35,0.4966517857142857
1,gria2,rabvs_budgeted_random_parts,6,12003,158,1024,2,37,0.51953125
2,gria2,boba_ucb,1,12003,158,384,44,52,0.5338541666666666
2,gria2,boba_ucb,2,12003,158,512,5,57,0.62109375
2,gria2,boba_ucb,3,12003,158,640,8,65,0.621875
2,gria2,boba_ucb,4,12003,158,768,40,105,0.5963541666666666
2,gria2,boba_ucb,5,12003,158,896,0,105,0.5770089285714286
2,gria2,boba_ucb,6,12003,158,1024,6,111,0.55859375
2,gria2,rabvs_budgeted_reliable,1,12003,158,384,44,52,0.5338541666666666
2,gria2,rabvs_budgeted_reliable,2,12003,158,512,5,57,0.62109375
2,gria2,rabvs_budgeted_reliable,3,12003,158,640,8,65,0.621875
2,gria2,rabvs_budgeted_reliable,4,12003,158,768,40,105,0.5963541666666666
2,gria2,rabvs_budgeted_reliable,5,12003,158,896,0,105,0.5770089285714286
2,gria2,rabvs_budgeted_reliable,6,12003,158,1024,6,111,0.55859375
2,gria2,rabvs_budgeted_no_ucb,1,12003,158,384,73,81,0.4869791666666667
2,gria2,rabvs_budgeted_no_ucb,2,12003,158,512,32,113,0.529296875
2,gria2,rabvs_budgeted_no_ucb,3,12003,158,640,6,119,0.559375
2,gria2,rabvs_budgeted_no_ucb,4,12003,158,768,7,126,0.5559895833333334
2,gria2,rabvs_budgeted_no_ucb,5,12003,158,896,4,130,0.5569196428571429
2,gria2,rabvs_budgeted_no_ucb,6,12003,158,1024,1,131,0.537109375
2,gria2,rabvs_budgeted_random_parts,1,12003,158,384,10,18,0.4791666666666667
2,gria2,rabvs_budgeted_random_parts,2,12003,158,512,47,65,0.533203125
2,gria2,rabvs_budgeted_random_parts,3,12003,158,640,8,73,0.5375
2,gria2,rabvs_budgeted_random_parts,4,12003,158,768,0,73,0.578125
2,gria2,rabvs_budgeted_random_parts,5,12003,158,896,0,73,0.5368303571428571
2,gria2,rabvs_budgeted_random_parts,6,12003,158,1024,3,76,0.521484375
0,grik1,boba_ucb,1,6651,101,384,62,70,0.4166666666666667
0,grik1,boba_ucb,2,6651,101,512,11,81,0.4765625
0,grik1,boba_ucb,3,6651,101,640,7,88,0.5375
0,grik1,boba_ucb,4,6651,101,768,0,88,0.5299479166666666
0,grik1,boba_ucb,5,6651,101,896,0,88,0.5100446428571429
0,grik1,boba_ucb,6,6651,101,1024,0,88,0.5078125
0,grik1,rabvs_budgeted_reliable,1,6651,101,384,62,70,0.4166666666666667
0,grik1,rabvs_budgeted_reliable,2,6651,101,512,11,81,0.4765625
0,grik1,rabvs_budgeted_reliable,3,6651,101,640,7,88,0.5375
0,grik1,rabvs_budgeted_reliable,4,6651,101,768,0,88,0.5299479166666666
0,grik1,rabvs_budgeted_reliable,5,6651,101,896,0,88,0.5100446428571429
0,grik1,rabvs_budgeted_reliable,6,6651,101,1024,0,88,0.5078125
0,grik1,rabvs_budgeted_no_ucb,1,6651,101,384,66,74,0.4401041666666667
0,grik1,rabvs_budgeted_no_ucb,2,6651,101,512,24,98,0.44921875
0,grik1,rabvs_budgeted_no_ucb,3,6651,101,640,3,101,0.5140625
0,grik1,rabvs_budgeted_no_ucb,4,6651,101,768,0,101,0.4947916666666667
0,grik1,rabvs_budgeted_no_ucb,5,6651,101,896,0,101,0.4810267857142857
0,grik1,rabvs_budgeted_no_ucb,6,6651,101,1024,0,101,0.5029296875
0,grik1,rabvs_budgeted_random_parts,1,6651,101,384,0,8,0.4557291666666667
0,grik1,rabvs_budgeted_random_parts,2,6651,101,512,0,8,0.458984375
0,grik1,rabvs_budgeted_random_parts,3,6651,101,640,0,8,0.43125
0,grik1,rabvs_budgeted_random_parts,4,6651,101,768,19,27,0.4192708333333333
0,grik1,rabvs_budgeted_random_parts,5,6651,101,896,0,27,0.41183035714285715
0,grik1,rabvs_budgeted_random_parts,6,6651,101,1024,14,41,0.4365234375
1,grik1,boba_ucb,1,6651,101,384,81,89,0.3932291666666667
1,grik1,boba_ucb,2,6651,101,512,2,91,0.498046875
1,grik1,boba_ucb,3,6651,101,640,0,91,0.490625
1,grik1,boba_ucb,4,6651,101,768,0,91,0.5143229166666666
1,grik1,boba_ucb,5,6651,101,896,0,91,0.5133928571428571
1,grik1,boba_ucb,6,6651,101,1024,0,91,0.5009765625
1,grik1,rabvs_budgeted_reliable,1,6651,101,384,81,89,0.3932291666666667
1,grik1,rabvs_budgeted_reliable,2,6651,101,512,2,91,0.498046875
1,grik1,rabvs_budgeted_reliable,3,6651,101,640,0,91,0.490625
1,grik1,rabvs_budgeted_reliable,4,6651,101,768,0,91,0.5143229166666666
1,grik1,rabvs_budgeted_reliable,5,6651,101,896,0,91,0.5133928571428571
1,grik1,rabvs_budgeted_reliable,6,6651,101,1024,0,91,0.5009765625
1,grik1,rabvs_budgeted_no_ucb,1,6651,101,384,82,90,0.4088541666666667
1,grik1,rabvs_budgeted_no_ucb,2,6651,101,512,6,96,0.515625
1,grik1,rabvs_budgeted_no_ucb,3,6651,101,640,5,101,0.4953125
1,grik1,rabvs_budgeted_no_ucb,4,6651,101,768,0,101,0.484375
1,grik1,rabvs_budgeted_no_ucb,5,6651,101,896,0,101,0.49888392857142855
1,grik1,rabvs_budgeted_no_ucb,6,6651,101,1024,0,101,0.5078125
1,grik1,rabvs_budgeted_random_parts,1,6651,101,384,4,12,0.4244791666666667
1,grik1,rabvs_budgeted_random_parts,2,6651,101,512,23,35,0.419921875
1,grik1,rabvs_budgeted_random_parts,3,6651,101,640,0,35,0.409375
1,grik1,rabvs_budgeted_random_parts,4,6651,101,768,0,35,0.4244791666666667
1,grik1,rabvs_budgeted_random_parts,5,6651,101,896,0,35,0.4296875
1,grik1,rabvs_budgeted_random_parts,6,6651,101,1024,1,36,0.4375
2,grik1,boba_ucb,1,6651,101,384,67,75,0.4635416666666667
2,grik1,boba_ucb,2,6651,101,512,17,92,0.53515625
2,grik1,boba_ucb,3,6651,101,640,1,93,0.553125
2,grik1,boba_ucb,4,6651,101,768,0,93,0.5559895833333334
2,grik1,boba_ucb,5,6651,101,896,0,93,0.5546875
2,grik1,boba_ucb,6,6651,101,1024,0,93,0.51953125
2,grik1,rabvs_budgeted_reliable,1,6651,101,384,67,75,0.4635416666666667
2,grik1,rabvs_budgeted_reliable,2,6651,101,512,17,92,0.53515625
2,grik1,rabvs_budgeted_reliable,3,6651,101,640,1,93,0.553125
2,grik1,rabvs_budgeted_reliable,4,6651,101,768,0,93,0.5559895833333334
2,grik1,rabvs_budgeted_reliable,5,6651,101,896,0,93,0.5546875
2,grik1,rabvs_budgeted_reliable,6,6651,101,1024,0,93,0.51953125
2,grik1,rabvs_budgeted_no_ucb,1,6651,101,384,75,83,0.46875
2,grik1,rabvs_budgeted_no_ucb,2,6651,101,512,13,96,0.5390625
2,grik1,rabvs_budgeted_no_ucb,3,6651,101,640,4,100,0.51875
2,grik1,rabvs_budgeted_no_ucb,4,6651,101,768,1,101,0.5091145833333334
2,grik1,rabvs_budgeted_no_ucb,5,6651,101,896,0,101,0.5011160714285714
2,grik1,rabvs_budgeted_no_ucb,6,6651,101,1024,0,101,0.51171875
2,grik1,rabvs_budgeted_random_parts,1,6651,101,384,0,8,0.3932291666666667
2,grik1,rabvs_budgeted_random_parts,2,6651,101,512,0,8,0.390625
2,grik1,rabvs_budgeted_random_parts,3,6651,101,640,1,9,0.40625
2,grik1,rabvs_budgeted_random_parts,4,6651,101,768,2,11,0.4036458333333333
2,grik1,rabvs_budgeted_random_parts,5,6651,101,896,0,11,0.4252232142857143
2,grik1,rabvs_budgeted_random_parts,6,6651,101,1024,13,24,0.44140625
0,hdac2,boba_ucb,1,10485,185,384,125,133,0.6614583333333334
0,hdac2,boba_ucb,2,10485,185,512,12,145,0.6796875
0,hdac2,boba_ucb,3,10485,185,640,1,146,0.6578125
0,hdac2,boba_ucb,4,10485,185,768,0,146,0.6380208333333334
0,hdac2,boba_ucb,5,10485,185,896,0,146,0.6305803571428571
0,hdac2,boba_ucb,6,10485,185,1024,0,146,0.609375
0,hdac2,rabvs_budgeted_reliable,1,10485,185,384,125,133,0.6614583333333334
0,hdac2,rabvs_budgeted_reliable,2,10485,185,512,12,145,0.6796875
0,hdac2,rabvs_budgeted_reliable,3,10485,185,640,1,146,0.6578125
0,hdac2,rabvs_budgeted_reliable,4,10485,185,768,0,146,0.6380208333333334
0,hdac2,rabvs_budgeted_reliable,5,10485,185,896,0,146,0.6305803571428571
0,hdac2,rabvs_budgeted_reliable,6,10485,185,1024,0,146,0.609375
0,hdac2,rabvs_budgeted_no_ucb,1,10485,185,384,126,134,0.6614583333333334
0,hdac2,rabvs_budgeted_no_ucb,2,10485,185,512,39,173,0.7109375
0,hdac2,rabvs_budgeted_no_ucb,3,10485,185,640,2,175,0.6796875
0,hdac2,rabvs_budgeted_no_ucb,4,10485,185,768,4,179,0.6770833333333334
0,hdac2,rabvs_budgeted_no_ucb,5,10485,185,896,1,180,0.6875
0,hdac2,rabvs_budgeted_no_ucb,6,10485,185,1024,0,180,0.6669921875
0,hdac2,rabvs_budgeted_random_parts,1,10485,185,384,1,9,0.484375
0,hdac2,rabvs_budgeted_random_parts,2,10485,185,512,75,84,0.58984375
0,hdac2,rabvs_budgeted_random_parts,3,10485,185,640,1,85,0.5859375
0,hdac2,rabvs_budgeted_random_parts,4,10485,185,768,3,88,0.578125
0,hdac2,rabvs_budgeted_random_parts,5,10485,185,896,0,88,0.5558035714285714
0,hdac2,rabvs_budgeted_random_parts,6,10485,185,1024,12,100,0.5888671875
1,hdac2,boba_ucb,1,10485,185,384,122,130,0.6692708333333334
1,hdac2,boba_ucb,2,10485,185,512,3,133,0.693359375
1,hdac2,boba_ucb,3,10485,185,640,5,138,0.6484375
1,hdac2,boba_ucb,4,10485,185,768,0,138,0.6315104166666666
1,hdac2,boba_ucb,5,10485,185,896,0,138,0.6194196428571429
1,hdac2,boba_ucb,6,10485,185,1024,2,140,0.611328125
1,hdac2,rabvs_budgeted_reliable,1,10485,185,384,122,130,0.6692708333333334
1,hdac2,rabvs_budgeted_reliable,2,10485,185,512,3,133,0.693359375
1,hdac2,rabvs_budgeted_reliable,3,10485,185,640,5,138,0.6484375
1,hdac2,rabvs_budgeted_reliable,4,10485,185,768,0,138,0.6315104166666666
1,hdac2,rabvs_budgeted_reliable,5,10485,185,896,0,138,0.6194196428571429
1,hdac2,rabvs_budgeted_reliable,6,10485,185,1024,2,140,0.611328125
1,hdac2,rabvs_budgeted_no_ucb,1,10485,185,384,120,128,0.6692708333333334
1,hdac2,rabvs_budgeted_no_ucb,2,10485,185,512,47,175,0.701171875
1,hdac2,rabvs_budgeted_no_ucb,3,10485,185,640,3,178,0.65625
1,hdac2,rabvs_budgeted_no_ucb,4,10485,185,768,0,178,0.6575520833333334
1,hdac2,rabvs_budgeted_no_ucb,5,10485,185,896,1,179,0.6640625
1,hdac2,rabvs_budgeted_no_ucb,6,10485,185,1024,0,179,0.6640625
1,hdac2,rabvs_budgeted_random_parts,1,10485,185,384,6,14,0.515625
1,hdac2,rabvs_budgeted_random_parts,2,10485,185,512,20,34,0.580078125
1,hdac2,rabvs_budgeted_random_parts,3,10485,185,640,0,34,0.5671875
1,hdac2,rabvs_budgeted_random_parts,4,10485,185,768,0,34,0.5625
1,hdac2,rabvs_budgeted_random_parts,5,10485,185,896,2,36,0.5625
1,hdac2,rabvs_budgeted_random_parts,6,10485,185,1024,27,63,0.587890625
2,hdac2,boba_ucb,1,10485,185,384,104,112,0.6692708333333334
2,hdac2,boba_ucb,2,10485,185,512,19,131,0.658203125
2,hdac2,boba_ucb,3,10485,185,640,0,131,0.671875
2,hdac2,boba_ucb,4,10485,185,768,1,132,0.6432291666666666
2,hdac2,boba_ucb,5,10485,185,896,0,132,0.6316964285714286
2,hdac2,boba_ucb,6,10485,185,1024,0,132,0.630859375
2,hdac2,rabvs_budgeted_reliable,1,10485,185,384,104,112,0.6692708333333334
2,hdac2,rabvs_budgeted_reliable,2,10485,185,512,19,131,0.658203125
2,hdac2,rabvs_budgeted_reliable,3,10485,185,640,0,131,0.671875
2,hdac2,rabvs_budgeted_reliable,4,10485,185,768,1,132,0.6432291666666666
2,hdac2,rabvs_budgeted_reliable,5,10485,185,896,0,132,0.6316964285714286
2,hdac2,rabvs_budgeted_reliable,6,10485,185,1024,0,132,0.630859375
2,hdac2,rabvs_budgeted_no_ucb,1,10485,185,384,105,113,0.671875
2,hdac2,rabvs_budgeted_no_ucb,2,10485,185,512,49,162,0.67578125
2,hdac2,rabvs_budgeted_no_ucb,3,10485,185,640,17,179,0.7078125
2,hdac2,rabvs_budgeted_no_ucb,4,10485,185,768,0,179,0.7018229166666666
2,hdac2,rabvs_budgeted_no_ucb,5,10485,185,896,0,179,0.6729910714285714
2,hdac2,rabvs_budgeted_no_ucb,6,10485,185,1024,0,179,0.658203125
2,hdac2,rabvs_budgeted_random_parts,1,10485,185,384,0,8,0.453125
2,hdac2,rabvs_budgeted_random_parts,2,10485,185,512,0,8,0.484375
2,hdac2,rabvs_budgeted_random_parts,3,10485,185,640,0,8,0.4828125
2,hdac2,rabvs_budgeted_random_parts,4,10485,185,768,4,12,0.5442708333333334
2,hdac2,rabvs_budgeted_random_parts,5,10485,185,896,0,12,0.5491071428571429
2,hdac2,rabvs_budgeted_random_parts,6,10485,185,1024,3,15,0.5458984375
0,hdac8,boba_ucb,1,10620,170,384,128,136,0.65625
0,hdac8,boba_ucb,2,10620,170,512,15,151,0.662109375
0,hdac8,boba_ucb,3,10620,170,640,4,155,0.6375
0,hdac8,boba_ucb,4,10620,170,768,0,155,0.6119791666666666
0,hdac8,boba_ucb,5,10620,170,896,0,155,0.578125
0,hdac8,boba_ucb,6,10620,170,1024,0,155,0.5673828125
0,hdac8,rabvs_budgeted_reliable,1,10620,170,384,128,136,0.65625
0,hdac8,rabvs_budgeted_reliable,2,10620,170,512,15,151,0.662109375
0,hdac8,rabvs_budgeted_reliable,3,10620,170,640,4,155,0.6375
0,hdac8,rabvs_budgeted_reliable,4,10620,170,768,0,155,0.6119791666666666
0,hdac8,rabvs_budgeted_reliable,5,10620,170,896,0,155,0.578125
0,hdac8,rabvs_budgeted_reliable,6,10620,170,1024,0,155,0.5673828125
0,hdac8,rabvs_budgeted_no_ucb,1,10620,170,384,128,136,0.65625
0,hdac8,rabvs_budgeted_no_ucb,2,10620,170,512,23,159,0.6640625
0,hdac8,rabvs_budgeted_no_ucb,3,10620,170,640,7,166,0.6296875
0,hdac8,rabvs_budgeted_no_ucb,4,10620,170,768,0,166,0.6197916666666666
0,hdac8,rabvs_budgeted_no_ucb,5,10620,170,896,0,166,0.59375
0,hdac8,rabvs_budgeted_no_ucb,6,10620,170,1024,0,166,0.587890625
0,hdac8,rabvs_budgeted_random_parts,1,10620,170,384,2,10,0.5572916666666666
0,hdac8,rabvs_budgeted_random_parts,2,10620,170,512,1,11,0.53125
0,hdac8,rabvs_budgeted_random_parts,3,10620,170,640,1,12,0.4875
0,hdac8,rabvs_budgeted_random_parts,4,10620,170,768,1,13,0.4908854166666667
0,hdac8,rabvs_budgeted_random_parts,5,10620,170,896,0,13,0.484375
0,hdac8,rabvs_budgeted_random_parts,6,10620,170,1024,2,15,0.474609375
1,hdac8,boba_ucb,1,10620,170,384,124,132,0.6223958333333334
1,hdac8,boba_ucb,2,10620,170,512,18,150,0.634765625
1,hdac8,boba_ucb,3,10620,170,640,5,155,0.6140625
1,hdac8,boba_ucb,4,10620,170,768,1,156,0.58984375
1,hdac8,boba_ucb,5,10620,170,896,0,156,0.5758928571428571
1,hdac8,boba_ucb,6,10620,170,1024,0,156,0.5859375
1,hdac8,rabvs_budgeted_reliable,1,10620,170,384,124,132,0.6223958333333334
1,hdac8,rabvs_budgeted_reliable,2,10620,170,512,18,150,0.634765625
1,hdac8,rabvs_budgeted_reliable,3,10620,170,640,5,155,0.6140625
1,hdac8,rabvs_budgeted_reliable,4,10620,170,768,1,156,0.58984375
1,hdac8,rabvs_budgeted_reliable,5,10620,170,896,0,156,0.5758928571428571
1,hdac8,rabvs_budgeted_reliable,6,10620,170,1024,0,156,0.5859375
1,hdac8,rabvs_budgeted_no_ucb,1,10620,170,384,122,130,0.6223958333333334
1,hdac8,rabvs_budgeted_no_ucb,2,10620,170,512,32,162,0.62890625
1,hdac8,rabvs_budgeted_no_ucb,3,10620,170,640,3,165,0.615625
1,hdac8,rabvs_budgeted_no_ucb,4,10620,170,768,1,166,0.5989583333333334
1,hdac8,rabvs_budgeted_no_ucb,5,10620,170,896,0,166,0.5714285714285714
1,hdac8,rabvs_budgeted_no_ucb,6,10620,170,1024,0,166,0.5625
1,hdac8,rabvs_budgeted_random_parts,1,10620,170,384,3,11,0.5
1,hdac8,rabvs_budgeted_random_parts,2,10620,170,512,0,11,0.48828125
1,hdac8,rabvs_budgeted_random_parts,3,10620,170,640,12,23,0.4703125
1,hdac8,rabvs_budgeted_random_parts,4,10620,170,768,41,64,0.5130208333333334
1,hdac8,rabvs_budgeted_random_parts,5,10620,170,896,3,67,0.5189732142857143
1,hdac8,rabvs_budgeted_random_parts,6,10620,170,1024,4,71,0.5224609375
2,hdac8,boba_ucb,1,10620,170,384,120,128,0.6536458333333334
2,hdac8,boba_ucb,2,10620,170,512,6,134,0.625
2,hdac8,boba_ucb,3,10620,170,640,1,135,0.6421875
2,hdac8,boba_ucb,4,10620,170,768,0,135,0.6028645833333334
2,hdac8,boba_ucb,5,10620,170,896,0,135,0.5970982142857143
2,hdac8,boba_ucb,6,10620,170,1024,0,135,0.5908203125
2,hdac8,rabvs_budgeted_reliable,1,10620,170,384,120,128,0.6536458333333334
2,hdac8,rabvs_budgeted_reliable,2,10620,170,512,6,134,0.625
2,hdac8,rabvs_budgeted_reliable,3,10620,170,640,1,135,0.6421875
2,hdac8,rabvs_budgeted_reliable,4,10620,170,768,0,135,0.6028645833333334
2,hdac8,rabvs_budgeted_reliable,5,10620,170,896,0,135,0.5970982142857143
2,hdac8,rabvs_budgeted_reliable,6,10620,170,1024,0,135,0.5908203125
2,hdac8,rabvs_budgeted_no_ucb,1,10620,170,384,120,128,0.6510416666666666
2,hdac8,rabvs_budgeted_no_ucb,2,10620,170,512,35,163,0.66796875
2,hdac8,rabvs_budgeted_no_ucb,3,10620,170,640,3,166,0.634375
2,hdac8,rabvs_budgeted_no_ucb,4,10620,170,768,0,166,0.6354166666666666
2,hdac8,rabvs_budgeted_no_ucb,5,10620,170,896,0,166,0.6026785714285714
2,hdac8,rabvs_budgeted_no_ucb,6,10620,170,1024,0,166,0.5859375
2,hdac8,rabvs_budgeted_random_parts,1,10620,170,384,32,40,0.5078125
2,hdac8,rabvs_budgeted_random_parts,2,10620,170,512,0,40,0.50390625
2,hdac8,rabvs_budgeted_random_parts,3,10620,170,640,5,45,0.5
2,hdac8,rabvs_budgeted_random_parts,4,10620,170,768,3,48,0.4817708333333333
2,hdac8,rabvs_budgeted_random_parts,5,10620,170,896,1,49,0.4888392857142857
2,hdac8,rabvs_budgeted_random_parts,6,10620,170,1024,38,87,0.501953125
0,hivint,boba_ucb,1,6750,100,384,46,54,0.4765625
0,hivint,boba_ucb,2,6750,100,512,43,97,0.498046875
0,hivint,boba_ucb,3,6750,100,640,1,98,0.4890625
0,hivint,boba_ucb,4,6750,100,768,0,98,0.4609375
0,hivint,boba_ucb,5,6750,100,896,0,98,0.4564732142857143
0,hivint,boba_ucb,6,6750,100,1024,0,98,0.447265625
0,hivint,rabvs_budgeted_reliable,1,6750,100,384,46,54,0.4765625
0,hivint,rabvs_budgeted_reliable,2,6750,100,512,43,97,0.498046875
0,hivint,rabvs_budgeted_reliable,3,6750,100,640,1,98,0.4890625
0,hivint,rabvs_budgeted_reliable,4,6750,100,768,0,98,0.4609375
0,hivint,rabvs_budgeted_reliable,5,6750,100,896,0,98,0.4564732142857143
0,hivint,rabvs_budgeted_reliable,6,6750,100,1024,0,98,0.447265625
0,hivint,rabvs_budgeted_no_ucb,1,6750,100,384,86,94,0.5104166666666666
0,hivint,rabvs_budgeted_no_ucb,2,6750,100,512,3,97,0.4921875
0,hivint,rabvs_budgeted_no_ucb,3,6750,100,640,1,98,0.5046875
0,hivint,rabvs_budgeted_no_ucb,4,6750,100,768,0,98,0.4739583333333333
0,hivint,rabvs_budgeted_no_ucb,5,6750,100,896,0,98,0.48660714285714285
0,hivint,rabvs_budgeted_no_ucb,6,6750,100,1024,0,98,0.4794921875
0,hivint,rabvs_budgeted_random_parts,1,6750,100,384,0,8,0.4609375
0,hivint,rabvs_budgeted_random_parts,2,6750,100,512,0,8,0.451171875
0,hivint,rabvs_budgeted_random_parts,3,6750,100,640,11,19,0.471875
0,hivint,rabvs_budgeted_random_parts,4,6750,100,768,42,61,0.5052083333333334
0,hivint,rabvs_budgeted_random_parts,5,6750,100,896,1,62,0.5
0,hivint,rabvs_budgeted_random_parts,6,6750,100,1024,16,78,0.4814453125
1,hivint,boba_ucb,1,6750,100,384,78,86,0.4869791666666667
1,hivint,boba_ucb,2,6750,100,512,0,86,0.4765625
1,hivint,boba_ucb,3,6750,100,640,7,93,0.4875
1,hivint,boba_ucb,4,6750,100,768,1,94,0.4791666666666667
1,hivint,boba_ucb,5,6750,100,896,0,94,0.46763392857142855
1,hivint,boba_ucb,6,6750,100,1024,0,94,0.4453125
1,hivint,rabvs_budgeted_reliable,1,6750,100,384,78,86,0.4869791666666667
1,hivint,rabvs_budgeted_reliable,2,6750,100,512,0,86,0.4765625
1,hivint,rabvs_budgeted_reliable,3,6750,100,640,7,93,0.4875
1,hivint,rabvs_budgeted_reliable,4,6750,100,768,1,94,0.4791666666666667
1,hivint,rabvs_budgeted_reliable,5,6750,100,896,0,94,0.46763392857142855
1,hivint,rabvs_budgeted_reliable,6,6750,100,1024,0,94,0.4453125
1,hivint,rabvs_budgeted_no_ucb,1,6750,100,384,78,86,0.484375
1,hivint,rabvs_budgeted_no_ucb,2,6750,100,512,10,96,0.47265625
1,hivint,rabvs_budgeted_no_ucb,3,6750,100,640,0,96,0.471875
1,hivint,rabvs_budgeted_no_ucb,4,6750,100,768,2,98,0.484375
1,hivint,rabvs_budgeted_no_ucb,5,6750,100,896,0,98,0.4654017857142857
1,hivint,rabvs_budgeted_no_ucb,6,6750,100,1024,0,98,0.466796875
1,hivint,rabvs_budgeted_random_parts,1,6750,100,384,0,8,0.4036458333333333
1,hivint,rabvs_budgeted_random_parts,2,6750,100,512,0,8,0.43359375
1,hivint,rabvs_budgeted_random_parts,3,6750,100,640,9,17,0.49375
1,hivint,rabvs_budgeted_random_parts,4,6750,100,768,1,18,0.5234375
1,hivint,rabvs_budgeted_random_parts,5,6750,100,896,0,18,0.5111607142857143
1,hivint,rabvs_budgeted_random_parts,6,6750,100,1024,10,28,0.515625
2,hivint,boba_ucb,1,6750,100,384,87,95,0.5
2,hivint,boba_ucb,2,6750,100,512,1,96,0.51953125
2,hivint,boba_ucb,3,6750,100,640,0,96,0.4984375
2,hivint,boba_ucb,4,6750,100,768,0,96,0.4791666666666667
2,hivint,boba_ucb,5,6750,100,896,0,96,0.4799107142857143
2,hivint,boba_ucb,6,6750,100,1024,0,96,0.4736328125
2,hivint,rabvs_budgeted_reliable,1,6750,100,384,87,95,0.5
2,hivint,rabvs_budgeted_reliable,2,6750,100,512,1,96,0.51953125
2,hivint,rabvs_budgeted_reliable,3,6750,100,640,0,96,0.4984375
2,hivint,rabvs_budgeted_reliable,4,6750,100,768,0,96,0.4791666666666667
2,hivint,rabvs_budgeted_reliable,5,6750,100,896,0,96,0.4799107142857143
2,hivint,rabvs_budgeted_reliable,6,6750,100,1024,0,96,0.4736328125
2,hivint,rabvs_budgeted_no_ucb,1,6750,100,384,88,96,0.5026041666666666
2,hivint,rabvs_budgeted_no_ucb,2,6750,100,512,0,96,0.529296875
2,hivint,rabvs_budgeted_no_ucb,3,6750,100,640,0,96,0.4921875
2,hivint,rabvs_budgeted_no_ucb,4,6750,100,768,2,98,0.48828125
2,hivint,rabvs_budgeted_no_ucb,5,6750,100,896,0,98,0.4888392857142857
2,hivint,rabvs_budgeted_no_ucb,6,6750,100,1024,0,98,0.470703125
2,hivint,rabvs_budgeted_random_parts,1,6750,100,384,3,11,0.4609375
2,hivint,rabvs_budgeted_random_parts,2,6750,100,512,25,36,0.453125
2,hivint,rabvs_budgeted_random_parts,3,6750,100,640,1,37,0.4546875
2,hivint,rabvs_budgeted_random_parts,4,6750,100,768,0,37,0.4557291666666667
2,hivint,rabvs_budgeted_random_parts,5,6750,100,896,0,37,0.4732142857142857
2,hivint,rabvs_budgeted_random_parts,6,6750,100,1024,0,37,0.48828125
0,hivpr,boba_ucb,1,36286,536,384,128,136,0.4583333333333333
0,hivpr,boba_ucb,2,36286,536,512,84,220,0.421875
0,hivpr,boba_ucb,3,36286,536,640,3,223,0.434375
0,hivpr,boba_ucb,4,36286,536,768,1,224,0.44140625
0,hivpr,boba_ucb,5,36286,536,896,1,225,0.4609375
0,hivpr,boba_ucb,6,36286,536,1024,0,225,0.5009765625
0,hivpr,rabvs_budgeted_reliable,1,36286,536,384,128,136,0.4583333333333333
0,hivpr,rabvs_budgeted_reliable,2,36286,536,512,84,220,0.421875
0,hivpr,rabvs_budgeted_reliable,3,36286,536,640,3,223,0.434375
0,hivpr,rabvs_budgeted_reliable,4,36286,536,768,1,224,0.44140625
0,hivpr,rabvs_budgeted_reliable,5,36286,536,896,1,225,0.4609375
0,hivpr,rabvs_budgeted_reliable,6,36286,536,1024,0,225,0.5009765625
0,hivpr,rabvs_budgeted_no_ucb,1,36286,536,384,128,136,0.4583333333333333
0,hivpr,rabvs_budgeted_no_ucb,2,36286,536,512,115,251,0.443359375
0,hivpr,rabvs_budgeted_no_ucb,3,36286,536,640,88,339,0.41875
0,hivpr,rabvs_budgeted_no_ucb,4,36286,536,768,93,432,0.3932291666666667
0,hivpr,rabvs_budgeted_no_ucb,5,36286,536,896,63,495,0.40401785714285715
0,hivpr,rabvs_budgeted_no_ucb,6,36286,536,1024,10,505,0.41796875
0,hivpr,rabvs_budgeted_random_parts,1,36286,536,384,1,9,0.6067708333333334
0,hivpr,rabvs_budgeted_random_parts,2,36286,536,512,0,9,0.548828125
0,hivpr,rabvs_budgeted_random_parts,3,36286,536,640,72,81,0.5265625
0,hivpr,rabvs_budgeted_random_parts,4,36286,536,768,8,89,0.53125
0,hivpr,rabvs_budgeted_random_parts,5,36286,536,896,3,92,0.5234375
0,hivpr,rabvs_budgeted_random_parts,6,36286,536,1024,17,109,0.517578125
1,hivpr,boba_ucb,1,36286,536,384,106,114,0.4921875
1,hivpr,boba_ucb,2,36286,536,512,23,137,0.484375
1,hivpr,boba_ucb,3,36286,536,640,16,153,0.5
1,hivpr,boba_ucb,4,36286,536,768,128,281,0.4479166666666667
1,hivpr,boba_ucb,5,36286,536,896,1,282,0.46205357142857145
1,hivpr,boba_ucb,6,36286,536,1024,1,283,0.490234375
1,hivpr,rabvs_budgeted_reliable,1,36286,536,384,106,114,0.4921875
1,hivpr,rabvs_budgeted_reliable,2,36286,536,512,23,137,0.484375
1,hivpr,rabvs_budgeted_reliable,3,36286,536,640,16,153,0.5
1,hivpr,rabvs_budgeted_reliable,4,36286,536,768,128,281,0.4479166666666667
1,hivpr,rabvs_budgeted_reliable,5,36286,536,896,1,282,0.46205357142857145
1,hivpr,rabvs_budgeted_reliable,6,36286,536,1024,1,283,0.490234375
1,hivpr,rabvs_budgeted_no_ucb,1,36286,536,384,124,132,0.4375
1,hivpr,rabvs_budgeted_no_ucb,2,36286,536,512,127,259,0.376953125
1,hivpr,rabvs_budgeted_no_ucb,3,36286,536,640,122,381,0.3734375
1,hivpr,rabvs_budgeted_no_ucb,4,36286,536,768,82,463,0.3697916666666667
1,hivpr,rabvs_budgeted_no_ucb,5,36286,536,896,37,500,0.40513392857142855
1,hivpr,rabvs_budgeted_no_ucb,6,36286,536,1024,4,504,0.4404296875
1,hivpr,rabvs_budgeted_random_parts,1,36286,536,384,7,15,0.5494791666666666
1,hivpr,rabvs_budgeted_random_parts,2,36286,536,512,25,40,0.591796875
1,hivpr,rabvs_budgeted_random_parts,3,36286,536,640,0,40,0.6265625
1,hivpr,rabvs_budgeted_random_parts,4,36286,536,768,2,42,0.6158854166666666
1,hivpr,rabvs_budgeted_random_parts,5,36286,536,896,0,42,0.6060267857142857
1,hivpr,rabvs_budgeted_random_parts,6,36286,536,1024,15,57,0.595703125
2,hivpr,boba_ucb,1,36286,536,384,127,135,0.4296875
2,hivpr,boba_ucb,2,36286,536,512,4,139,0.3984375
2,hivpr,boba_ucb,3,36286,536,640,2,141,0.45
2,hivpr,boba_ucb,4,36286,536,768,2,143,0.4674479166666667
2,hivpr,boba_ucb,5,36286,536,896,0,143,0.4799107142857143
2,hivpr,boba_ucb,6,36286,536,1024,0,143,0.494140625
2,hivpr,rabvs_budgeted_reliable,1,36286,536,384,127,135,0.4296875
2,hivpr,rabvs_budgeted_reliable,2,36286,536,512,4,139,0.3984375
2,hivpr,rabvs_budgeted_reliable,3,36286,536,640,2,141,0.45
2,hivpr,rabvs_budgeted_reliable,4,36286,536,768,2,143,0.4674479166666667
2,hivpr,rabvs_budgeted_reliable,5,36286,536,896,0,143,0.4799107142857143
2,hivpr,rabvs_budgeted_reliable,6,36286,536,1024,0,143,0.494140625
2,hivpr,rabvs_budgeted_no_ucb,1,36286,536,384,127,135,0.4296875
2,hivpr,rabvs_budgeted_no_ucb,2,36286,536,512,120,255,0.37109375
2,hivpr,rabvs_budgeted_no_ucb,3,36286,536,640,115,370,0.3453125
2,hivpr,rabvs_budgeted_no_ucb,4,36286,536,768,84,454,0.3697916666666667
2,hivpr,rabvs_budgeted_no_ucb,5,36286,536,896,31,485,0.3984375
2,hivpr,rabvs_budgeted_no_ucb,6,36286,536,1024,16,501,0.4296875
2,hivpr,rabvs_budgeted_random_parts,1,36286,536,384,2,10,0.5234375
2,hivpr,rabvs_budgeted_random_parts,2,36286,536,512,127,137,0.43359375
2,hivpr,rabvs_budgeted_random_parts,3,36286,536,640,81,218,0.40625
2,hivpr,rabvs_budgeted_random_parts,4,36286,536,768,0,218,0.4036458333333333
2,hivpr,rabvs_budgeted_random_parts,5,36286,536,896,0,218,0.4453125
2,hivpr,rabvs_budgeted_random_parts,6,36286,536,1024,0,218,0.419921875
0,hivrt,boba_ucb,1,19229,338,384,98,106,0.453125
0,hivrt,boba_ucb,2,19229,338,512,12,118,0.4453125
0,hivrt,boba_ucb,3,19229,338,640,10,128,0.459375
0,hivrt,boba_ucb,4,19229,338,768,23,151,0.453125
0,hivrt,boba_ucb,5,19229,338,896,2,153,0.45424107142857145
0,hivrt,boba_ucb,6,19229,338,1024,1,154,0.47265625
0,hivrt,rabvs_budgeted_reliable,1,19229,338,384,98,106,0.453125
0,hivrt,rabvs_budgeted_reliable,2,19229,338,512,12,118,0.4453125
0,hivrt,rabvs_budgeted_reliable,3,19229,338,640,10,128,0.459375
0,hivrt,rabvs_budgeted_reliable,4,19229,338,768,23,151,0.453125
0,hivrt,rabvs_budgeted_reliable,5,19229,338,896,2,153,0.45424107142857145
0,hivrt,rabvs_budgeted_reliable,6,19229,338,1024,1,154,0.47265625
0,hivrt,rabvs_budgeted_no_ucb,1,19229,338,384,104,112,0.453125
0,hivrt,rabvs_budgeted_no_ucb,2,19229,338,512,52,164,0.482421875
0,hivrt,rabvs_budgeted_no_ucb,3,19229,338,640,5,169,0.48125
0,hivrt,rabvs_budgeted_no_ucb,4,19229,338,768,19,188,0.4778645833333333
0,hivrt,rabvs_budgeted_no_ucb,5,19229,338,896,13,201,0.49107142857142855
0,hivrt,rabvs_budgeted_no_ucb,6,19229,338,1024,9,210,0.4775390625
0,hivrt,rabvs_budgeted_random_parts,1,19229,338,384,71,79,0.40625
0,hivrt,rabvs_budgeted_random_parts,2,19229,338,512,2,81,0.412109375
0,hivrt,rabvs_budgeted_random_parts,3,19229,338,640,0,81,0.43125
0,hivrt,rabvs_budgeted_random_parts,4,19229,338,768,2,83,0.4791666666666667
0,hivrt,rabvs_budgeted_random_parts,5,19229,338,896,6,89,0.46205357142857145
0,hivrt,rabvs_budgeted_random_parts,6,19229,338,1024,5,94,0.439453125
1,hivrt,boba_ucb,1,19229,338,384,91,99,0.4322916666666667
1,hivrt,boba_ucb,2,19229,338,512,13,112,0.40625
1,hivrt,boba_ucb,3,19229,338,640,26,138,0.409375
1,hivrt,boba_ucb,4,19229,338,768,1,139,0.39453125
1,hivrt,boba_ucb,5,19229,338,896,1,140,0.42857142857142855
1,hivrt,boba_ucb,6,19229,338,1024,4,144,0.4228515625
1,hivrt,rabvs_budgeted_reliable,1,19229,338,384,91,99,0.4322916666666667
1,hivrt,rabvs_budgeted_reliable,2,19229,338,512,13,112,0.40625
1,hivrt,rabvs_budgeted_reliable,3,19229,338,640,26,138,0.409375
1,hivrt,rabvs_budgeted_reliable,4,19229,338,768,1,139,0.39453125
1,hivrt,rabvs_budgeted_reliable,5,19229,338,896,1,140,0.42857142857142855
1,hivrt,rabvs_budgeted_reliable,6,19229,338,1024,4,144,0.4228515625
1,hivrt,rabvs_budgeted_no_ucb,1,19229,338,384,106,114,0.421875
1,hivrt,rabvs_budgeted_no_ucb,2,19229,338,512,51,165,0.4140625
1,hivrt,rabvs_budgeted_no_ucb,3,19229,338,640,5,170,0.3984375
1,hivrt,rabvs_budgeted_no_ucb,4,19229,338,768,19,189,0.40625
1,hivrt,rabvs_budgeted_no_ucb,5,19229,338,896,19,208,0.40513392857142855
1,hivrt,rabvs_budgeted_no_ucb,6,19229,338,1024,11,219,0.431640625
1,hivrt,rabvs_budgeted_random_parts,1,19229,338,384,1,9,0.4583333333333333
1,hivrt,rabvs_budgeted_random_parts,2,19229,338,512,2,11,0.462890625
1,hivrt,rabvs_budgeted_random_parts,3,19229,338,640,0,11,0.45
1,hivrt,rabvs_budgeted_random_parts,4,19229,338,768,8,19,0.4466145833333333
1,hivrt,rabvs_budgeted_random_parts,5,19229,338,896,7,26,0.4564732142857143
1,hivrt,rabvs_budgeted_random_parts,6,19229,338,1024,34,60,0.4541015625
2,hivrt,boba_ucb,1,19229,338,384,78,86,0.4114583333333333
2,hivrt,boba_ucb,2,19229,338,512,22,108,0.466796875
2,hivrt,boba_ucb,3,19229,338,640,16,124,0.4796875
2,hivrt,boba_ucb,4,19229,338,768,7,131,0.48828125
2,hivrt,boba_ucb,5,19229,338,896,6,137,0.4888392857142857
2,hivrt,boba_ucb,6,19229,338,1024,2,139,0.4736328125
2,hivrt,rabvs_budgeted_reliable,1,19229,338,384,78,86,0.4114583333333333
2,hivrt,rabvs_budgeted_reliable,2,19229,338,512,22,108,0.466796875
2,hivrt,rabvs_budgeted_reliable,3,19229,338,640,16,124,0.4796875
2,hivrt,rabvs_budgeted_reliable,4,19229,338,768,7,131,0.48828125
2,hivrt,rabvs_budgeted_reliable,5,19229,338,896,6,137,0.4888392857142857
2,hivrt,rabvs_budgeted_reliable,6,19229,338,1024,2,139,0.4736328125
2,hivrt,rabvs_budgeted_no_ucb,1,19229,338,384,77,85,0.4088541666666667
2,hivrt,rabvs_budgeted_no_ucb,2,19229,338,512,70,155,0.4609375
2,hivrt,rabvs_budgeted_no_ucb,3,19229,338,640,18,173,0.4734375
2,hivrt,rabvs_budgeted_no_ucb,4,19229,338,768,21,194,0.48046875
2,hivrt,rabvs_budgeted_no_ucb,5,19229,338,896,28,222,0.47767857142857145
2,hivrt,rabvs_budgeted_no_ucb,6,19229,338,1024,10,232,0.4755859375
2,hivrt,rabvs_budgeted_random_parts,1,19229,338,384,3,11,0.421875
2,hivrt,rabvs_budgeted_random_parts,2,19229,338,512,3,14,0.46875
2,hivrt,rabvs_budgeted_random_parts,3,19229,338,640,2,16,0.45
2,hivrt,rabvs_budgeted_random_parts,4,19229,338,768,8,24,0.4700520833333333
2,hivrt,rabvs_budgeted_random_parts,5,19229,338,896,1,25,0.46316964285714285
2,hivrt,rabvs_budgeted_random_parts,6,19229,338,1024,2,27,0.462890625
0,hmdh,boba_ucb,1,8920,170,384,127,135,0.4010416666666667
0,hmdh,boba_ucb,2,8920,170,512,30,165,0.408203125
0,hmdh,boba_ucb,3,8920,170,640,0,165,0.4140625
0,hmdh,boba_ucb,4,8920,170,768,0,165,0.4544270833333333
0,hmdh,boba_ucb,5,8920,170,896,0,165,0.47098214285714285
0,hmdh,boba_ucb,6,8920,170,1024,0,165,0.4921875
0,hmdh,rabvs_budgeted_reliable,1,8920,170,384,127,135,0.4010416666666667
0,hmdh,rabvs_budgeted_reliable,2,8920,170,512,30,165,0.408203125
0,hmdh,rabvs_budgeted_reliable,3,8920,170,640,0,165,0.4140625
0,hmdh,rabvs_budgeted_reliable,4,8920,170,768,0,165,0.4544270833333333
0,hmdh,rabvs_budgeted_reliable,5,8920,170,896,0,165,0.47098214285714285
0,hmdh,rabvs_budgeted_reliable,6,8920,170,1024,0,165,0.4921875
0,hmdh,rabvs_budgeted_no_ucb,1,8920,170,384,128,136,0.3984375
0,hmdh,rabvs_budgeted_no_ucb,2,8920,170,512,34,170,0.423828125
0,hmdh,rabvs_budgeted_no_ucb,3,8920,170,640,0,170,0.4375
0,hmdh,rabvs_budgeted_no_ucb,4,8920,170,768,0,170,0.44921875
0,hmdh,rabvs_budgeted_no_ucb,5,8920,170,896,0,170,0.45870535714285715
0,hmdh,rabvs_budgeted_no_ucb,6,8920,170,1024,0,170,0.4560546875
0,hmdh,rabvs_budgeted_random_parts,1,8920,170,384,0,8,0.484375
0,hmdh,rabvs_budgeted_random_parts,2,8920,170,512,0,8,0.525390625
0,hmdh,rabvs_budgeted_random_parts,3,8920,170,640,15,23,0.51875
0,hmdh,rabvs_budgeted_random_parts,4,8920,170,768,0,23,0.5455729166666666
0,hmdh,rabvs_budgeted_random_parts,5,8920,170,896,0,23,0.5479910714285714
0,hmdh,rabvs_budgeted_random_parts,6,8920,170,1024,0,23,0.53125
1,hmdh,boba_ucb,1,8920,170,384,128,136,0.3958333333333333
1,hmdh,boba_ucb,2,8920,170,512,13,149,0.42578125
1,hmdh,boba_ucb,3,8920,170,640,0,149,0.434375
1,hmdh,boba_ucb,4,8920,170,768,0,149,0.4713541666666667
1,hmdh,boba_ucb,5,8920,170,896,0,149,0.46763392857142855
1,hmdh,boba_ucb,6,8920,170,1024,0,149,0.484375
1,hmdh,rabvs_budgeted_reliable,1,8920,170,384,128,136,0.3958333333333333
1,hmdh,rabvs_budgeted_reliable,2,8920,170,512,13,149,0.42578125
1,hmdh,rabvs_budgeted_reliable,3,8920,170,640,0,149,0.434375
1,hmdh,rabvs_budgeted_reliable,4,8920,170,768,0,149,0.4713541666666667
1,hmdh,rabvs_budgeted_reliable,5,8920,170,896,0,149,0.46763392857142855
1,hmdh,rabvs_budgeted_reliable,6,8920,170,1024,0,149,0.484375
1,hmdh,rabvs_budgeted_no_ucb,1,8920,170,384,128,136,0.3958333333333333
1,hmdh,rabvs_budgeted_no_ucb,2,8920,170,512,33,169,0.423828125
1,hmdh,rabvs_budgeted_no_ucb,3,8920,170,640,0,169,0.4234375
1,hmdh,rabvs_budgeted_no_ucb,4,8920,170,768,1,170,0.4466145833333333
1,hmdh,rabvs_budgeted_no_ucb,5,8920,170,896,0,170,0.46316964285714285
1,hmdh,rabvs_budgeted_no_ucb,6,8920,170,1024,0,170,0.4775390625
1,hmdh,rabvs_budgeted_random_parts,1,8920,170,384,0,8,0.5364583333333334
1,hmdh,rabvs_budgeted_random_parts,2,8920,170,512,0,8,0.548828125
1,hmdh,rabvs_budgeted_random_parts,3,8920,170,640,1,9,0.5453125
1,hmdh,rabvs_budgeted_random_parts,4,8920,170,768,0,9,0.5416666666666666
1,hmdh,rabvs_budgeted_random_parts,5,8920,170,896,23,32,0.5178571428571429
1,hmdh,rabvs_budgeted_random_parts,6,8920,170,1024,0,32,0.529296875
2,hmdh,boba_ucb,1,8920,170,384,128,136,0.4166666666666667
2,hmdh,boba_ucb,2,8920,170,512,28,164,0.4375
2,hmdh,boba_ucb,3,8920,170,640,0,164,0.46875
2,hmdh,boba_ucb,4,8920,170,768,0,164,0.4609375
2,hmdh,boba_ucb,5,8920,170,896,0,164,0.46205357142857145
2,hmdh,boba_ucb,6,8920,170,1024,0,164,0.4677734375
2,hmdh,rabvs_budgeted_reliable,1,8920,170,384,128,136,0.4166666666666667
2,hmdh,rabvs_budgeted_reliable,2,8920,170,512,28,164,0.4375
2,hmdh,rabvs_budgeted_reliable,3,8920,170,640,0,164,0.46875
2,hmdh,rabvs_budgeted_reliable,4,8920,170,768,0,164,0.4609375
2,hmdh,rabvs_budgeted_reliable,5,8920,170,896,0,164,0.46205357142857145
2,hmdh,rabvs_budgeted_reliable,6,8920,170,1024,0,164,0.4677734375
2,hmdh,rabvs_budgeted_no_ucb,1,8920,170,384,128,136,0.4166666666666667
2,hmdh,rabvs_budgeted_no_ucb,2,8920,170,512,34,170,0.431640625
2,hmdh,rabvs_budgeted_no_ucb,3,8920,170,640,0,170,0.453125
2,hmdh,rabvs_budgeted_no_ucb,4,8920,170,768,0,170,0.4622395833333333
2,hmdh,rabvs_budgeted_no_ucb,5,8920,170,896,0,170,0.46763392857142855
2,hmdh,rabvs_budgeted_no_ucb,6,8920,170,1024,0,170,0.482421875
2,hmdh,rabvs_budgeted_random_parts,1,8920,170,384,60,68,0.46875
2,hmdh,rabvs_budgeted_random_parts,2,8920,170,512,0,68,0.44140625
2,hmdh,rabvs_budgeted_random_parts,3,8920,170,640,0,68,0.48125
2,hmdh,rabvs_budgeted_random_parts,4,8920,170,768,0,68,0.5221354166666666
2,hmdh,rabvs_budgeted_random_parts,5,8920,170,896,1,69,0.5122767857142857
2,hmdh,rabvs_budgeted_random_parts,6,8920,170,1024,43,112,0.4931640625
0,hs90a,boba_ucb,1,4938,88,384,63,71,0.4505208333333333
0,hs90a,boba_ucb,2,4938,88,512,6,77,0.49609375
0,hs90a,boba_ucb,3,4938,88,640,0,77,0.515625
0,hs90a,boba_ucb,4,4938,88,768,0,77,0.5026041666666666
0,hs90a,boba_ucb,5,4938,88,896,0,77,0.5078125
0,hs90a,boba_ucb,6,4938,88,1024,0,77,0.484375
0,hs90a,rabvs_budgeted_reliable,1,4938,88,384,63,71,0.4505208333333333
0,hs90a,rabvs_budgeted_reliable,2,4938,88,512,6,77,0.49609375
0,hs90a,rabvs_budgeted_reliable,3,4938,88,640,0,77,0.515625
0,hs90a,rabvs_budgeted_reliable,4,4938,88,768,0,77,0.5026041666666666
0,hs90a,rabvs_budgeted_reliable,5,4938,88,896,0,77,0.5078125
0,hs90a,rabvs_budgeted_reliable,6,4938,88,1024,0,77,0.484375
0,hs90a,rabvs_budgeted_no_ucb,1,4938,88,384,64,72,0.4583333333333333
0,hs90a,rabvs_budgeted_no_ucb,2,4938,88,512,7,79,0.5078125
0,hs90a,rabvs_budgeted_no_ucb,3,4938,88,640,9,88,0.49375
0,hs90a,rabvs_budgeted_no_ucb,4,4938,88,768,0,88,0.5182291666666666
0,hs90a,rabvs_budgeted_no_ucb,5,4938,88,896,0,88,0.515625
0,hs90a,rabvs_budgeted_no_ucb,6,4938,88,1024,0,88,0.4892578125
0,hs90a,rabvs_budgeted_random_parts,1,4938,88,384,6,14,0.46875
0,hs90a,rabvs_budgeted_random_parts,2,4938,88,512,0,14,0.4765625
0,hs90a,rabvs_budgeted_random_parts,3,4938,88,640,0,14,0.4765625
0,hs90a,rabvs_budgeted_random_parts,4,4938,88,768,0,14,0.4557291666666667
0,hs90a,rabvs_budgeted_random_parts,5,4938,88,896,13,27,0.4720982142857143
0,hs90a,rabvs_budgeted_random_parts,6,4938,88,1024,0,27,0.462890625
1,hs90a,boba_ucb,1,4938,88,384,78,86,0.5078125
1,hs90a,boba_ucb,2,4938,88,512,0,86,0.529296875
1,hs90a,boba_ucb,3,4938,88,640,0,86,0.528125
1,hs90a,boba_ucb,4,4938,88,768,0,86,0.5286458333333334
1,hs90a,boba_ucb,5,4938,88,896,0,86,0.5089285714285714
1,hs90a,boba_ucb,6,4938,88,1024,0,86,0.4951171875
1,hs90a,rabvs_budgeted_reliable,1,4938,88,384,78,86,0.5078125
1,hs90a,rabvs_budgeted_reliable,2,4938,88,512,0,86,0.529296875
1,hs90a,rabvs_budgeted_reliable,3,4938,88,640,0,86,0.528125
1,hs90a,rabvs_budgeted_reliable,4,4938,88,768,0,86,0.5286458333333334
1,hs90a,rabvs_budgeted_reliable,5,4938,88,896,0,86,0.5089285714285714
1,hs90a,rabvs_budgeted_reliable,6,4938,88,1024,0,86,0.4951171875
1,hs90a,rabvs_budgeted_no_ucb,1,4938,88,384,78,86,0.5052083333333334
1,hs90a,rabvs_budgeted_no_ucb,2,4938,88,512,0,86,0.515625
1,hs90a,rabvs_budgeted_no_ucb,3,4938,88,640,1,87,0.521875
1,hs90a,rabvs_budgeted_no_ucb,4,4938,88,768,1,88,0.51171875
1,hs90a,rabvs_budgeted_no_ucb,5,4938,88,896,0,88,0.5078125
1,hs90a,rabvs_budgeted_no_ucb,6,4938,88,1024,0,88,0.5146484375
1,hs90a,rabvs_budgeted_random_parts,1,4938,88,384,0,8,0.5338541666666666
1,hs90a,rabvs_budgeted_random_parts,2,4938,88,512,15,23,0.515625
1,hs90a,rabvs_budgeted_random_parts,3,4938,88,640,12,35,0.5265625
1,hs90a,rabvs_budgeted_random_parts,4,4938,88,768,35,70,0.5208333333333334
1,hs90a,rabvs_budgeted_random_parts,5,4938,88,896,1,71,0.5022321428571429
1,hs90a,rabvs_budgeted_random_parts,6,4938,88,1024,0,71,0.505859375
2,hs90a,boba_ucb,1,4938,88,384,78,86,0.5208333333333334
2,hs90a,boba_ucb,2,4938,88,512,0,86,0.5
2,hs90a,boba_ucb,3,4938,88,640,2,88,0.4765625
2,hs90a,boba_ucb,4,4938,88,768,0,88,0.4817708333333333
2,hs90a,boba_ucb,5,4938,88,896,0,88,0.47879464285714285
2,hs90a,boba_ucb,6,4938,88,1024,0,88,0.4658203125
2,hs90a,rabvs_budgeted_reliable,1,4938,88,384,78,86,0.5208333333333334
2,hs90a,rabvs_budgeted_reliable,2,4938,88,512,0,86,0.5
2,hs90a,rabvs_budgeted_reliable,3,4938,88,640,2,88,0.4765625
2,hs90a,rabvs_budgeted_reliable,4,4938,88,768,0,88,0.4817708333333333
2,hs90a,rabvs_budgeted_reliable,5,4938,88,896,0,88,0.47879464285714285
2,hs90a,rabvs_budgeted_reliable,6,4938,88,1024,0,88,0.4658203125
2,hs90a,rabvs_budgeted_no_ucb,1,4938,88,384,78,86,0.5234375
2,hs90a,rabvs_budgeted_no_ucb,2,4938,88,512,0,86,0.53125
2,hs90a,rabvs_budgeted_no_ucb,3,4938,88,640,0,86,0.5109375
2,hs90a,rabvs_budgeted_no_ucb,4,4938,88,768,2,88,0.5013020833333334
2,hs90a,rabvs_budgeted_no_ucb,5,4938,88,896,0,88,0.5189732142857143
2,hs90a,rabvs_budgeted_no_ucb,6,4938,88,1024,0,88,0.515625
2,hs90a,rabvs_budgeted_random_parts,1,4938,88,384,2,10,0.53125
2,hs90a,rabvs_budgeted_random_parts,2,4938,88,512,0,10,0.521484375
2,hs90a,rabvs_budgeted_random_parts,3,4938,88,640,12,22,0.5359375
2,hs90a,rabvs_budgeted_random_parts,4,4938,88,768,0,22,0.5065104166666666
2,hs90a,rabvs_budgeted_random_parts,5,4938,88,896,0,22,0.49330357142857145
2,hs90a,rabvs_budgeted_random_parts,6,4938,88,1024,0,22,0.494140625
0,hxk4,boba_ucb,1,4792,92,384,84,92,0.4270833333333333
0,hxk4,boba_ucb,2,4792,92,512,0,92,0.404296875
0,hxk4,boba_ucb,3,4792,92,640,0,92,0.4484375
0,hxk4,boba_ucb,4,4792,92,768,0,92,0.4283854166666667
0,hxk4,boba_ucb,5,4792,92,896,0,92,0.4575892857142857
0,hxk4,boba_ucb,6,4792,92,1024,0,92,0.474609375
0,hxk4,rabvs_budgeted_reliable,1,4792,92,384,84,92,0.4270833333333333
0,hxk4,rabvs_budgeted_reliable,2,4792,92,512,0,92,0.404296875
0,hxk4,rabvs_budgeted_reliable,3,4792,92,640,0,92,0.4484375
0,hxk4,rabvs_budgeted_reliable,4,4792,92,768,0,92,0.4283854166666667
0,hxk4,rabvs_budgeted_reliable,5,4792,92,896,0,92,0.4575892857142857
0,hxk4,rabvs_budgeted_reliable,6,4792,92,1024,0,92,0.474609375
0,hxk4,rabvs_budgeted_no_ucb,1,4792,92,384,84,92,0.4296875
0,hxk4,rabvs_budgeted_no_ucb,2,4792,92,512,0,92,0.443359375
0,hxk4,rabvs_budgeted_no_ucb,3,4792,92,640,0,92,0.4453125
0,hxk4,rabvs_budgeted_no_ucb,4,4792,92,768,0,92,0.453125
0,hxk4,rabvs_budgeted_no_ucb,5,4792,92,896,0,92,0.43191964285714285
0,hxk4,rabvs_budgeted_no_ucb,6,4792,92,1024,0,92,0.42578125
0,hxk4,rabvs_budgeted_random_parts,1,4792,92,384,16,24,0.4661458333333333
0,hxk4,rabvs_budgeted_random_parts,2,4792,92,512,0,24,0.5234375
0,hxk4,rabvs_budgeted_random_parts,3,4792,92,640,0,24,0.5265625
0,hxk4,rabvs_budgeted_random_parts,4,4792,92,768,0,24,0.5104166666666666
0,hxk4,rabvs_budgeted_random_parts,5,4792,92,896,0,24,0.5078125
0,hxk4,rabvs_budgeted_random_parts,6,4792,92,1024,0,24,0.5185546875
1,hxk4,boba_ucb,1,4792,92,384,72,80,0.4244791666666667
1,hxk4,boba_ucb,2,4792,92,512,11,91,0.44140625
1,hxk4,boba_ucb,3,4792,92,640,0,91,0.4359375
1,hxk4,boba_ucb,4,4792,92,768,0,91,0.4270833333333333
1,hxk4,boba_ucb,5,4792,92,896,0,91,0.4497767857142857
1,hxk4,boba_ucb,6,4792,92,1024,0,91,0.4814453125
1,hxk4,rabvs_budgeted_reliable,1,4792,92,384,72,80,0.4244791666666667
1,hxk4,rabvs_budgeted_reliable,2,4792,92,512,11,91,0.44140625
1,hxk4,rabvs_budgeted_reliable,3,4792,92,640,0,91,0.4359375
1,hxk4,rabvs_budgeted_reliable,4,4792,92,768,0,91,0.4270833333333333
1,hxk4,rabvs_budgeted_reliable,5,4792,92,896,0,91,0.4497767857142857
1,hxk4,rabvs_budgeted_reliable,6,4792,92,1024,0,91,0.4814453125
1,hxk4,rabvs_budgeted_no_ucb,1,4792,92,384,72,80,0.4140625
1,hxk4,rabvs_budgeted_no_ucb,2,4792,92,512,12,92,0.43359375
1,hxk4,rabvs_budgeted_no_ucb,3,4792,92,640,0,92,0.4359375
1,hxk4,rabvs_budgeted_no_ucb,4,4792,92,768,0,92,0.4427083333333333
1,hxk4,rabvs_budgeted_no_ucb,5,4792,92,896,0,92,0.4609375
1,hxk4,rabvs_budgeted_no_ucb,6,4792,92,1024,0,92,0.4775390625
1,hxk4,rabvs_budgeted_random_parts,1,4792,92,384,13,21,0.46875
1,hxk4,rabvs_budgeted_random_parts,2,4792,92,512,0,21,0.498046875
1,hxk4,rabvs_budgeted_random_parts,3,4792,92,640,0,21,0.4703125
1,hxk4,rabvs_budgeted_random_parts,4,4792,92,768,0,21,0.4609375
1,hxk4,rabvs_budgeted_random_parts,5,4792,92,896,32,53,0.4564732142857143
1,hxk4,rabvs_budgeted_random_parts,6,4792,92,1024,18,71,0.466796875
2,hxk4,boba_ucb,1,4792,92,384,81,89,0.4010416666666667
2,hxk4,boba_ucb,2,4792,92,512,0,89,0.427734375
2,hxk4,boba_ucb,3,4792,92,640,0,89,0.4578125
2,hxk4,boba_ucb,4,4792,92,768,0,89,0.4700520833333333
2,hxk4,boba_ucb,5,4792,92,896,0,89,0.4720982142857143
2,hxk4,boba_ucb,6,4792,92,1024,0,89,0.4736328125
2,hxk4,rabvs_budgeted_reliable,1,4792,92,384,81,89,0.4010416666666667
2,hxk4,rabvs_budgeted_reliable,2,4792,92,512,0,89,0.427734375
2,hxk4,rabvs_budgeted_reliable,3,4792,92,640,0,89,0.4578125
2,hxk4,rabvs_budgeted_reliable,4,4792,92,768,0,89,0.4700520833333333
2,hxk4,rabvs_budgeted_reliable,5,4792,92,896,0,89,0.4720982142857143
2,hxk4,rabvs_budgeted_reliable,6,4792,92,1024,0,89,0.4736328125
2,hxk4,rabvs_budgeted_no_ucb,1,4792,92,384,83,91,0.40625
2,hxk4,rabvs_budgeted_no_ucb,2,4792,92,512,1,92,0.4140625
2,hxk4,rabvs_budgeted_no_ucb,3,4792,92,640,0,92,0.434375
2,hxk4,rabvs_budgeted_no_ucb,4,4792,92,768,0,92,0.4361979166666667
2,hxk4,rabvs_budgeted_no_ucb,5,4792,92,896,0,92,0.45200892857142855
2,hxk4,rabvs_budgeted_no_ucb,6,4792,92,1024,0,92,0.4638671875
2,hxk4,rabvs_budgeted_random_parts,1,4792,92,384,0,8,0.4375
2,hxk4,rabvs_budgeted_random_parts,2,4792,92,512,13,21,0.466796875
2,hxk4,rabvs_budgeted_random_parts,3,4792,92,640,0,21,0.4671875
2,hxk4,rabvs_budgeted_random_parts,4,4792,92,768,13,34,0.46484375
2,hxk4,rabvs_budgeted_random_parts,5,4792,92,896,18,52,0.4564732142857143
2,hxk4,rabvs_budgeted_random_parts,6,4792,92,1024,1,53,0.44921875
0,igf1r,boba_ucb,1,9448,148,384,121,129,0.3776041666666667
0,igf1r,boba_ucb,2,9448,148,512,0,129,0.40625
0,igf1r,boba_ucb,3,9448,148,640,0,129,0.396875
0,igf1r,boba_ucb,4,9448,148,768,1,130,0.3919270833333333
0,igf1r,boba_ucb,5,9448,148,896,0,130,0.40066964285714285
0,igf1r,boba_ucb,6,9448,148,1024,0,130,0.3876953125
0,igf1r,rabvs_budgeted_reliable,1,9448,148,384,121,129,0.3776041666666667
0,igf1r,rabvs_budgeted_reliable,2,9448,148,512,0,129,0.40625
0,igf1r,rabvs_budgeted_reliable,3,9448,148,640,0,129,0.396875
0,igf1r,rabvs_budgeted_reliable,4,9448,148,768,1,130,0.3919270833333333
0,igf1r,rabvs_budgeted_reliable,5,9448,148,896,0,130,0.40066964285714285
0,igf1r,rabvs_budgeted_reliable,6,9448,148,1024,0,130,0.3876953125
0,igf1r,rabvs_budgeted_no_ucb,1,9448,148,384,120,128,0.3776041666666667
0,igf1r,rabvs_budgeted_no_ucb,2,9448,148,512,9,137,0.3984375
0,igf1r,rabvs_budgeted_no_ucb,3,9448,148,640,1,138,0.3734375
0,igf1r,rabvs_budgeted_no_ucb,4,9448,148,768,0,138,0.3815104166666667
0,igf1r,rabvs_budgeted_no_ucb,5,9448,148,896,1,139,0.41183035714285715
0,igf1r,rabvs_budgeted_no_ucb,6,9448,148,1024,1,140,0.4111328125
0,igf1r,rabvs_budgeted_random_parts,1,9448,148,384,7,15,0.4609375
0,igf1r,rabvs_budgeted_random_parts,2,9448,148,512,0,15,0.45703125
0,igf1r,rabvs_budgeted_random_parts,3,9448,148,640,1,16,0.4578125
0,igf1r,rabvs_budgeted_random_parts,4,9448,148,768,15,31,0.453125
0,igf1r,rabvs_budgeted_random_parts,5,9448,148,896,0,31,0.44308035714285715
0,igf1r,rabvs_budgeted_random_parts,6,9448,148,1024,0,31,0.4560546875
1,igf1r,boba_ucb,1,9448,148,384,91,99,0.359375
1,igf1r,boba_ucb,2,9448,148,512,24,123,0.365234375
1,igf1r,boba_ucb,3,9448,148,640,1,124,0.384375
1,igf1r,boba_ucb,4,9448,148,768,0,124,0.4440104166666667
1,igf1r,boba_ucb,5,9448,148,896,1,125,0.46986607142857145
1,igf1r,boba_ucb,6,9448,148,1024,0,125,0.494140625
1,igf1r,rabvs_budgeted_reliable,1,9448,148,384,91,99,0.359375
1,igf1r,rabvs_budgeted_reliable,2,9448,148,512,24,123,0.365234375
1,igf1r,rabvs_budgeted_reliable,3,9448,148,640,1,124,0.384375
1,igf1r,rabvs_budgeted_reliable,4,9448,148,768,0,124,0.4440104166666667
1,igf1r,rabvs_budgeted_reliable,5,9448,148,896,1,125,0.46986607142857145
1,igf1r,rabvs_budgeted_reliable,6,9448,148,1024,0,125,0.494140625
1,igf1r,rabvs_budgeted_no_ucb,1,9448,148,384,95,103,0.3645833333333333
1,igf1r,rabvs_budgeted_no_ucb,2,9448,148,512,32,135,0.37109375
1,igf1r,rabvs_budgeted_no_ucb,3,9448,148,640,2,137,0.3765625
1,igf1r,rabvs_budgeted_no_ucb,4,9448,148,768,1,138,0.40625
1,igf1r,rabvs_budgeted_no_ucb,5,9448,148,896,0,138,0.4252232142857143
1,igf1r,rabvs_budgeted_no_ucb,6,9448,148,1024,1,139,0.4453125
1,igf1r,rabvs_budgeted_random_parts,1,9448,148,384,32,40,0.4453125
1,igf1r,rabvs_budgeted_random_parts,2,9448,148,512,2,42,0.4921875
1,igf1r,rabvs_budgeted_random_parts,3,9448,148,640,6,48,0.48125
1,igf1r,rabvs_budgeted_random_parts,4,9448,148,768,0,48,0.4934895833333333
1,igf1r,rabvs_budgeted_random_parts,5,9448,148,896,1,49,0.49776785714285715
1,igf1r,rabvs_budgeted_random_parts,6,9448,148,1024,0,49,0.4990234375
2,igf1r,boba_ucb,1,9448,148,384,98,106,0.4244791666666667
2,igf1r,boba_ucb,2,9448,148,512,2,108,0.45703125
2,igf1r,boba_ucb,3,9448,148,640,9,117,0.471875
2,igf1r,boba_ucb,4,9448,148,768,0,117,0.4622395833333333
2,igf1r,boba_ucb,5,9448,148,896,1,118,0.4720982142857143
2,igf1r,boba_ucb,6,9448,148,1024,0,118,0.4921875
2,igf1r,rabvs_budgeted_reliable,1,9448,148,384,98,106,0.4244791666666667
2,igf1r,rabvs_budgeted_reliable,2,9448,148,512,2,108,0.45703125
2,igf1r,rabvs_budgeted_reliable,3,9448,148,640,9,117,0.471875
2,igf1r,rabvs_budgeted_reliable,4,9448,148,768,0,117,0.4622395833333333
2,igf1r,rabvs_budgeted_reliable,5,9448,148,896,1,118,0.4720982142857143
2,igf1r,rabvs_budgeted_reliable,6,9448,148,1024,0,118,0.4921875
2,igf1r,rabvs_budgeted_no_ucb,1,9448,148,384,102,110,0.4114583333333333
2,igf1r,rabvs_budgeted_no_ucb,2,9448,148,512,27,137,0.439453125
2,igf1r,rabvs_budgeted_no_ucb,3,9448,148,640,2,139,0.4140625
2,igf1r,rabvs_budgeted_no_ucb,4,9448,148,768,0,139,0.4505208333333333
2,igf1r,rabvs_budgeted_no_ucb,5,9448,148,896,0,139,0.4375
2,igf1r,rabvs_budgeted_no_ucb,6,9448,148,1024,0,139,0.435546875
2,igf1r,rabvs_budgeted_random_parts,1,9448,148,384,0,8,0.53125
2,igf1r,rabvs_budgeted_random_parts,2,9448,148,512,0,8,0.470703125
2,igf1r,rabvs_budgeted_random_parts,3,9448,148,640,0,8,0.4453125
2,igf1r,rabvs_budgeted_random_parts,4,9448,148,768,3,11,0.4401041666666667
2,igf1r,rabvs_budgeted_random_parts,5,9448,148,896,52,63,0.43526785714285715
2,igf1r,rabvs_budgeted_random_parts,6,9448,148,1024,0,63,0.4423828125
0,inha,boba_ucb,1,2343,43,384,31,39,0.4609375
0,inha,boba_ucb,2,2343,43,512,0,39,0.439453125
0,inha,boba_ucb,3,2343,43,640,0,39,0.4359375
0,inha,boba_ucb,4,2343,43,768,2,41,0.4596354166666667
0,inha,boba_ucb,5,2343,43,896,0,41,0.4375
0,inha,boba_ucb,6,2343,43,1024,0,41,0.43359375
0,inha,rabvs_budgeted_reliable,1,2343,43,384,31,39,0.4609375
0,inha,rabvs_budgeted_reliable,2,2343,43,512,0,39,0.439453125
0,inha,rabvs_budgeted_reliable,3,2343,43,640,0,39,0.4359375
0,inha,rabvs_budgeted_reliable,4,2343,43,768,2,41,0.4596354166666667
0,inha,rabvs_budgeted_reliable,5,2343,43,896,0,41,0.4375
0,inha,rabvs_budgeted_reliable,6,2343,43,1024,0,41,0.43359375
0,inha,rabvs_budgeted_no_ucb,1,2343,43,384,35,43,0.4921875
0,inha,rabvs_budgeted_no_ucb,2,2343,43,512,0,43,0.48828125
0,inha,rabvs_budgeted_no_ucb,3,2343,43,640,0,43,0.5015625
0,inha,rabvs_budgeted_no_ucb,4,2343,43,768,0,43,0.4739583333333333
0,inha,rabvs_budgeted_no_ucb,5,2343,43,896,0,43,0.4732142857142857
0,inha,rabvs_budgeted_no_ucb,6,2343,43,1024,0,43,0.462890625
0,inha,rabvs_budgeted_random_parts,1,2343,43,384,15,23,0.4505208333333333
0,inha,rabvs_budgeted_random_parts,2,2343,43,512,0,23,0.44140625
0,inha,rabvs_budgeted_random_parts,3,2343,43,640,0,23,0.4453125
0,inha,rabvs_budgeted_random_parts,4,2343,43,768,7,30,0.4765625
0,inha,rabvs_budgeted_random_parts,5,2343,43,896,0,30,0.4765625
0,inha,rabvs_budgeted_random_parts,6,2343,43,1024,9,39,0.4619140625
1,inha,boba_ucb,1,2343,43,384,33,41,0.5130208333333334
1,inha,boba_ucb,2,2343,43,512,0,41,0.505859375
1,inha,boba_ucb,3,2343,43,640,0,41,0.4765625
1,inha,boba_ucb,4,2343,43,768,0,41,0.47265625
1,inha,boba_ucb,5,2343,43,896,2,43,0.45870535714285715
1,inha,boba_ucb,6,2343,43,1024,0,43,0.46875
1,inha,rabvs_budgeted_reliable,1,2343,43,384,33,41,0.5130208333333334
1,inha,rabvs_budgeted_reliable,2,2343,43,512,0,41,0.505859375
1,inha,rabvs_budgeted_reliable,3,2343,43,640,0,41,0.4765625
1,inha,rabvs_budgeted_reliable,4,2343,43,768,0,41,0.47265625
1,inha,rabvs_budgeted_reliable,5,2343,43,896,2,43,0.45870535714285715
1,inha,rabvs_budgeted_reliable,6,2343,43,1024,0,43,0.46875
1,inha,rabvs_budgeted_no_ucb,1,2343,43,384,33,41,0.5130208333333334
1,inha,rabvs_budgeted_no_ucb,2,2343,43,512,2,43,0.5
1,inha,rabvs_budgeted_no_ucb,3,2343,43,640,0,43,0.50625
1,inha,rabvs_budgeted_no_ucb,4,2343,43,768,0,43,0.5013020833333334
1,inha,rabvs_budgeted_no_ucb,5,2343,43,896,0,43,0.49107142857142855
1,inha,rabvs_budgeted_no_ucb,6,2343,43,1024,0,43,0.4775390625
1,inha,rabvs_budgeted_random_parts,1,2343,43,384,0,8,0.4947916666666667
1,inha,rabvs_budgeted_random_parts,2,2343,43,512,0,8,0.4609375
1,inha,rabvs_budgeted_random_parts,3,2343,43,640,11,19,0.4515625
1,inha,rabvs_budgeted_random_parts,4,2343,43,768,2,21,0.4479166666666667
1,inha,rabvs_budgeted_random_parts,5,2343,43,896,0,21,0.47433035714285715
1,inha,rabvs_budgeted_random_parts,6,2343,43,1024,2,23,0.47265625
2,inha,boba_ucb,1,2343,43,384,30,38,0.4661458333333333
2,inha,boba_ucb,2,2343,43,512,2,40,0.509765625
2,inha,boba_ucb,3,2343,43,640,0,40,0.5125
2,inha,boba_ucb,4,2343,43,768,2,42,0.4934895833333333
2,inha,boba_ucb,5,2343,43,896,1,43,0.49330357142857145
2,inha,boba_ucb,6,2343,43,1024,0,43,0.4833984375
2,inha,rabvs_budgeted_reliable,1,2343,43,384,30,38,0.4661458333333333
2,inha,rabvs_budgeted_reliable,2,2343,43,512,2,40,0.509765625
2,inha,rabvs_budgeted_reliable,3,2343,43,640,0,40,0.5125
2,inha,rabvs_budgeted_reliable,4,2343,43,768,2,42,0.4934895833333333
2,inha,rabvs_budgeted_reliable,5,2343,43,896,1,43,0.49330357142857145
2,inha,rabvs_budgeted_reliable,6,2343,43,1024,0,43,0.4833984375
2,inha,rabvs_budgeted_no_ucb,1,2343,43,384,31,39,0.5286458333333334
2,inha,rabvs_budgeted_no_ucb,2,2343,43,512,1,40,0.51171875
2,inha,rabvs_budgeted_no_ucb,3,2343,43,640,3,43,0.48125
2,inha,rabvs_budgeted_no_ucb,4,2343,43,768,0,43,0.4739583333333333
2,inha,rabvs_budgeted_no_ucb,5,2343,43,896,0,43,0.45870535714285715
2,inha,rabvs_budgeted_no_ucb,6,2343,43,1024,0,43,0.4794921875
2,inha,rabvs_budgeted_random_parts,1,2343,43,384,1,9,0.4765625
2,inha,rabvs_budgeted_random_parts,2,2343,43,512,2,11,0.513671875
2,inha,rabvs_budgeted_random_parts,3,2343,43,640,19,30,0.521875
2,inha,rabvs_budgeted_random_parts,4,2343,43,768,11,41,0.5091145833333334
2,inha,rabvs_budgeted_random_parts,5,2343,43,896,0,41,0.4810267857142857
2,inha,rabvs_budgeted_random_parts,6,2343,43,1024,0,41,0.47265625
0,ital,boba_ucb,1,8638,138,384,97,105,0.515625
0,ital,boba_ucb,2,8638,138,512,19,124,0.51171875
0,ital,boba_ucb,3,8638,138,640,0,124,0.50625
0,ital,boba_ucb,4,8638,138,768,0,124,0.5182291666666666
0,ital,boba_ucb,5,8638,138,896,0,124,0.5267857142857143
0,ital,boba_ucb,6,8638,138,1024,0,124,0.4921875
0,ital,rabvs_budgeted_reliable,1,8638,138,384,97,105,0.515625
0,ital,rabvs_budgeted_reliable,2,8638,138,512,19,124,0.51171875
0,ital,rabvs_budgeted_reliable,3,8638,138,640,0,124,0.50625
0,ital,rabvs_budgeted_reliable,4,8638,138,768,0,124,0.5182291666666666
0,ital,rabvs_budgeted_reliable,5,8638,138,896,0,124,0.5267857142857143
0,ital,rabvs_budgeted_reliable,6,8638,138,1024,0,124,0.4921875
0,ital,rabvs_budgeted_no_ucb,1,8638,138,384,98,106,0.5234375
0,ital,rabvs_budgeted_no_ucb,2,8638,138,512,24,130,0.5234375
0,ital,rabvs_budgeted_no_ucb,3,8638,138,640,4,134,0.525
0,ital,rabvs_budgeted_no_ucb,4,8638,138,768,0,134,0.51171875
0,ital,rabvs_budgeted_no_ucb,5,8638,138,896,2,136,0.5234375
0,ital,rabvs_budgeted_no_ucb,6,8638,138,1024,0,136,0.5078125
0,ital,rabvs_budgeted_random_parts,1,8638,138,384,1,9,0.546875
0,ital,rabvs_budgeted_random_parts,2,8638,138,512,2,11,0.546875
0,ital,rabvs_budgeted_random_parts,3,8638,138,640,2,13,0.5546875
0,ital,rabvs_budgeted_random_parts,4,8638,138,768,22,35,0.5338541666666666
0,ital,rabvs_budgeted_random_parts,5,8638,138,896,0,35,0.5267857142857143
0,ital,rabvs_budgeted_random_parts,6,8638,138,1024,0,35,0.529296875
1,ital,boba_ucb,1,8638,138,384,106,114,0.5677083333333334
1,ital,boba_ucb,2,8638,138,512,8,122,0.490234375
1,ital,boba_ucb,3,8638,138,640,1,123,0.4828125
1,ital,boba_ucb,4,8638,138,768,0,123,0.5182291666666666
1,ital,boba_ucb,5,8638,138,896,0,123,0.5078125
1,ital,boba_ucb,6,8638,138,1024,0,123,0.5146484375
1,ital,rabvs_budgeted_reliable,1,8638,138,384,106,114,0.5677083333333334
1,ital,rabvs_budgeted_reliable,2,8638,138,512,8,122,0.490234375
1,ital,rabvs_budgeted_reliable,3,8638,138,640,1,123,0.4828125
1,ital,rabvs_budgeted_reliable,4,8638,138,768,0,123,0.5182291666666666
1,ital,rabvs_budgeted_reliable,5,8638,138,896,0,123,0.5078125
1,ital,rabvs_budgeted_reliable,6,8638,138,1024,0,123,0.5146484375
1,ital,rabvs_budgeted_no_ucb,1,8638,138,384,107,115,0.5651041666666666
1,ital,rabvs_budgeted_no_ucb,2,8638,138,512,13,128,0.505859375
1,ital,rabvs_budgeted_no_ucb,3,8638,138,640,3,131,0.4734375
1,ital,rabvs_budgeted_no_ucb,4,8638,138,768,3,134,0.4921875
1,ital,rabvs_budgeted_no_ucb,5,8638,138,896,1,135,0.5033482142857143
1,ital,rabvs_budgeted_no_ucb,6,8638,138,1024,1,136,0.4951171875
1,ital,rabvs_budgeted_random_parts,1,8638,138,384,9,17,0.5416666666666666
1,ital,rabvs_budgeted_random_parts,2,8638,138,512,46,63,0.552734375
1,ital,rabvs_budgeted_random_parts,3,8638,138,640,0,63,0.496875
1,ital,rabvs_budgeted_random_parts,4,8638,138,768,14,77,0.4830729166666667
1,ital,rabvs_budgeted_random_parts,5,8638,138,896,3,80,0.48660714285714285
1,ital,rabvs_budgeted_random_parts,6,8638,138,1024,0,80,0.4716796875
2,ital,boba_ucb,1,8638,138,384,82,90,0.4895833333333333
2,ital,boba_ucb,2,8638,138,512,14,104,0.478515625
2,ital,boba_ucb,3,8638,138,640,8,112,0.4765625
2,ital,boba_ucb,4,8638,138,768,2,114,0.4921875
2,ital,boba_ucb,5,8638,138,896,3,117,0.515625
2,ital,boba_ucb,6,8638,138,1024,0,117,0.5205078125
2,ital,rabvs_budgeted_reliable,1,8638,138,384,82,90,0.4895833333333333
2,ital,rabvs_budgeted_reliable,2,8638,138,512,14,104,0.478515625
2,ital,rabvs_budgeted_reliable,3,8638,138,640,8,112,0.4765625
2,ital,rabvs_budgeted_reliable,4,8638,138,768,2,114,0.4921875
2,ital,rabvs_budgeted_reliable,5,8638,138,896,3,117,0.515625
2,ital,rabvs_budgeted_reliable,6,8638,138,1024,0,117,0.5205078125
2,ital,rabvs_budgeted_no_ucb,1,8638,138,384,85,93,0.5078125
2,ital,rabvs_budgeted_no_ucb,2,8638,138,512,10,103,0.482421875
2,ital,rabvs_budgeted_no_ucb,3,8638,138,640,3,106,0.46875
2,ital,rabvs_budgeted_no_ucb,4,8638,138,768,21,127,0.4778645833333333
2,ital,rabvs_budgeted_no_ucb,5,8638,138,896,7,134,0.47098214285714285
2,ital,rabvs_budgeted_no_ucb,6,8638,138,1024,1,135,0.486328125
2,ital,rabvs_budgeted_random_parts,1,8638,138,384,7,15,0.4713541666666667
2,ital,rabvs_budgeted_random_parts,2,8638,138,512,0,15,0.494140625
2,ital,rabvs_budgeted_random_parts,3,8638,138,640,0,15,0.5015625
2,ital,rabvs_budgeted_random_parts,4,8638,138,768,5,20,0.51171875
2,ital,rabvs_budgeted_random_parts,5,8638,138,896,1,21,0.5390625
2,ital,rabvs_budgeted_random_parts,6,8638,138,1024,0,21,0.5439453125
0,jak2,boba_ucb,1,6607,107,384,71,79,0.4114583333333333
0,jak2,boba_ucb,2,6607,107,512,4,83,0.455078125
0,jak2,boba_ucb,3,6607,107,640,5,88,0.4203125
0,jak2,boba_ucb,4,6607,107,768,0,88,0.4453125
0,jak2,boba_ucb,5,6607,107,896,0,88,0.4486607142857143
0,jak2,boba_ucb,6,6607,107,1024,1,89,0.4697265625
0,jak2,rabvs_budgeted_reliable,1,6607,107,384,71,79,0.4114583333333333
0,jak2,rabvs_budgeted_reliable,2,6607,107,512,4,83,0.455078125
0,jak2,rabvs_budgeted_reliable,3,6607,107,640,5,88,0.4203125
0,jak2,rabvs_budgeted_reliable,4,6607,107,768,0,88,0.4453125
0,jak2,rabvs_budgeted_reliable,5,6607,107,896,0,88,0.4486607142857143
0,jak2,rabvs_budgeted_reliable,6,6607,107,1024,1,89,0.4697265625
0,jak2,rabvs_budgeted_no_ucb,1,6607,107,384,71,79,0.4166666666666667
0,jak2,rabvs_budgeted_no_ucb,2,6607,107,512,19,98,0.43359375
0,jak2,rabvs_budgeted_no_ucb,3,6607,107,640,5,103,0.43125
0,jak2,rabvs_budgeted_no_ucb,4,6607,107,768,2,105,0.4049479166666667
0,jak2,rabvs_budgeted_no_ucb,5,6607,107,896,0,105,0.40848214285714285
0,jak2,rabvs_budgeted_no_ucb,6,6607,107,1024,1,106,0.4111328125
0,jak2,rabvs_budgeted_random_parts,1,6607,107,384,2,10,0.4453125
0,jak2,rabvs_budgeted_random_parts,2,6607,107,512,1,11,0.46875
0,jak2,rabvs_budgeted_random_parts,3,6607,107,640,0,11,0.4625
0,jak2,rabvs_budgeted_random_parts,4,6607,107,768,0,11,0.4518229166666667
0,jak2,rabvs_budgeted_random_parts,5,6607,107,896,0,11,0.5022321428571429
0,jak2,rabvs_budgeted_random_parts,6,6607,107,1024,0,11,0.490234375
1,jak2,boba_ucb,1,6607,107,384,68,76,0.3984375
1,jak2,boba_ucb,2,6607,107,512,18,94,0.373046875
1,jak2,boba_ucb,3,6607,107,640,2,96,0.3921875
1,jak2,boba_ucb,4,6607,107,768,2,98,0.3971354166666667
1,jak2,boba_ucb,5,6607,107,896,0,98,0.38504464285714285
1,jak2,boba_ucb,6,6607,107,1024,0,98,0.3662109375
1,jak2,rabvs_budgeted_reliable,1,6607,107,384,68,76,0.3984375
1,jak2,rabvs_budgeted_reliable,2,6607,107,512,18,94,0.373046875
1,jak2,rabvs_budgeted_reliable,3,6607,107,640,2,96,0.3921875
1,jak2,rabvs_budgeted_reliable,4,6607,107,768,2,98,0.3971354166666667
1,jak2,rabvs_budgeted_reliable,5,6607,107,896,0,98,0.38504464285714285
1,jak2,rabvs_budgeted_reliable,6,6607,107,1024,0,98,0.3662109375
1,jak2,rabvs_budgeted_no_ucb,1,6607,107,384,82,90,0.3958333333333333
1,jak2,rabvs_budgeted_no_ucb,2,6607,107,512,7,97,0.35546875
1,jak2,rabvs_budgeted_no_ucb,3,6607,107,640,5,102,0.3984375
1,jak2,rabvs_budgeted_no_ucb,4,6607,107,768,0,102,0.3919270833333333
1,jak2,rabvs_budgeted_no_ucb,5,6607,107,896,3,105,0.4017857142857143
1,jak2,rabvs_budgeted_no_ucb,6,6607,107,1024,1,106,0.4189453125
1,jak2,rabvs_budgeted_random_parts,1,6607,107,384,8,16,0.4453125
1,jak2,rabvs_budgeted_random_parts,2,6607,107,512,15,31,0.451171875
1,jak2,rabvs_budgeted_random_parts,3,6607,107,640,1,32,0.4921875
1,jak2,rabvs_budgeted_random_parts,4,6607,107,768,0,32,0.46484375
1,jak2,rabvs_budgeted_random_parts,5,6607,107,896,4,36,0.45535714285714285
1,jak2,rabvs_budgeted_random_parts,6,6607,107,1024,1,37,0.5009765625
2,jak2,boba_ucb,1,6607,107,384,87,95,0.390625
2,jak2,boba_ucb,2,6607,107,512,1,96,0.375
2,jak2,boba_ucb,3,6607,107,640,1,97,0.4109375
2,jak2,boba_ucb,4,6607,107,768,0,97,0.3984375
2,jak2,boba_ucb,5,6607,107,896,0,97,0.3984375
2,jak2,boba_ucb,6,6607,107,1024,0,97,0.392578125
2,jak2,rabvs_budgeted_reliable,1,6607,107,384,87,95,0.390625
2,jak2,rabvs_budgeted_reliable,2,6607,107,512,1,96,0.375
2,jak2,rabvs_budgeted_reliable,3,6607,107,640,1,97,0.4109375
2,jak2,rabvs_budgeted_reliable,4,6607,107,768,0,97,0.3984375
2,jak2,rabvs_budgeted_reliable,5,6607,107,896,0,97,0.3984375
2,jak2,rabvs_budgeted_reliable,6,6607,107,1024,0,97,0.392578125
2,jak2,rabvs_budgeted_no_ucb,1,6607,107,384,87,95,0.3932291666666667
2,jak2,rabvs_budgeted_no_ucb,2,6607,107,512,5,100,0.408203125
2,jak2,rabvs_budgeted_no_ucb,3,6607,107,640,4,104,0.3984375
2,jak2,rabvs_budgeted_no_ucb,4,6607,107,768,1,105,0.3658854166666667
2,jak2,rabvs_budgeted_no_ucb,5,6607,107,896,0,105,0.3705357142857143
2,jak2,rabvs_budgeted_no_ucb,6,6607,107,1024,0,105,0.4072265625
2,jak2,rabvs_budgeted_random_parts,1,6607,107,384,15,23,0.4166666666666667
2,jak2,rabvs_budgeted_random_parts,2,6607,107,512,16,39,0.451171875
2,jak2,rabvs_budgeted_random_parts,3,6607,107,640,11,50,0.4609375
2,jak2,rabvs_budgeted_random_parts,4,6607,107,768,13,63,0.46484375
2,jak2,rabvs_budgeted_random_parts,5,6607,107,896,1,64,0.45982142857142855
2,jak2,rabvs_budgeted_random_parts,6,6607,107,1024,5,69,0.455078125
0,kif11,boba_ucb,1,6966,116,384,84,92,0.375
0,kif11,boba_ucb,2,6966,116,512,2,94,0.373046875
0,kif11,boba_ucb,3,6966,116,640,0,94,0.3703125
0,kif11,boba_ucb,4,6966,116,768,0,94,0.3776041666666667
0,kif11,boba_ucb,5,6966,116,896,0,94,0.3872767857142857
0,kif11,boba_ucb,6,6966,116,1024,0,94,0.4091796875
0,kif11,rabvs_budgeted_reliable,1,6966,116,384,84,92,0.375
0,kif11,rabvs_budgeted_reliable,2,6966,116,512,2,94,0.373046875
0,kif11,rabvs_budgeted_reliable,3,6966,116,640,0,94,0.3703125
0,kif11,rabvs_budgeted_reliable,4,6966,116,768,0,94,0.3776041666666667
0,kif11,rabvs_budgeted_reliable,5,6966,116,896,0,94,0.3872767857142857
0,kif11,rabvs_budgeted_reliable,6,6966,116,1024,0,94,0.4091796875
0,kif11,rabvs_budgeted_no_ucb,1,6966,116,384,89,97,0.3802083333333333
0,kif11,rabvs_budgeted_no_ucb,2,6966,116,512,3,100,0.419921875
0,kif11,rabvs_budgeted_no_ucb,3,6966,116,640,13,113,0.396875
0,kif11,rabvs_budgeted_no_ucb,4,6966,116,768,0,113,0.4192708333333333
0,kif11,rabvs_budgeted_no_ucb,5,6966,116,896,0,113,0.4330357142857143
0,kif11,rabvs_budgeted_no_ucb,6,6966,116,1024,0,113,0.41015625
0,kif11,rabvs_budgeted_random_parts,1,6966,116,384,2,10,0.4244791666666667
0,kif11,rabvs_budgeted_random_parts,2,6966,116,512,10,20,0.388671875
0,kif11,rabvs_budgeted_random_parts,3,6966,116,640,15,35,0.4171875
0,kif11,rabvs_budgeted_random_parts,4,6966,116,768,0,35,0.4036458333333333
0,kif11,rabvs_budgeted_random_parts,5,6966,116,896,3,38,0.38392857142857145
0,kif11,rabvs_budgeted_random_parts,6,6966,116,1024,0,38,0.3779296875
1,kif11,boba_ucb,1,6966,116,384,68,76,0.3515625
1,kif11,boba_ucb,2,6966,116,512,2,78,0.369140625
1,kif11,boba_ucb,3,6966,116,640,1,79,0.384375
1,kif11,boba_ucb,4,6966,116,768,3,82,0.38671875
1,kif11,boba_ucb,5,6966,116,896,0,82,0.37388392857142855
1,kif11,boba_ucb,6,6966,116,1024,3,85,0.3876953125
1,kif11,rabvs_budgeted_reliable,1,6966,116,384,68,76,0.3515625
1,kif11,rabvs_budgeted_reliable,2,6966,116,512,2,78,0.369140625
1,kif11,rabvs_budgeted_reliable,3,6966,116,640,1,79,0.384375
1,kif11,rabvs_budgeted_reliable,4,6966,116,768,3,82,0.38671875
1,kif11,rabvs_budgeted_reliable,5,6966,116,896,0,82,0.37388392857142855
1,kif11,rabvs_budgeted_reliable,6,6966,116,1024,3,85,0.3876953125
1,kif11,rabvs_budgeted_no_ucb,1,6966,116,384,60,68,0.3802083333333333
1,kif11,rabvs_budgeted_no_ucb,2,6966,116,512,34,102,0.380859375
1,kif11,rabvs_budgeted_no_ucb,3,6966,116,640,4,106,0.4171875
1,kif11,rabvs_budgeted_no_ucb,4,6966,116,768,0,106,0.4309895833333333
1,kif11,rabvs_budgeted_no_ucb,5,6966,116,896,2,108,0.4330357142857143
1,kif11,rabvs_budgeted_no_ucb,6,6966,116,1024,0,108,0.443359375
1,kif11,rabvs_budgeted_random_parts,1,6966,116,384,22,30,0.3802083333333333
1,kif11,rabvs_budgeted_random_parts,2,6966,116,512,2,32,0.369140625
1,kif11,rabvs_budgeted_random_parts,3,6966,116,640,1,33,0.3625
1,kif11,rabvs_budgeted_random_parts,4,6966,116,768,21,54,0.3515625
1,kif11,rabvs_budgeted_random_parts,5,6966,116,896,3,57,0.36049107142857145
1,kif11,rabvs_budgeted_random_parts,6,6966,116,1024,0,57,0.3798828125
2,kif11,boba_ucb,1,6966,116,384,59,67,0.3307291666666667
2,kif11,boba_ucb,2,6966,116,512,27,94,0.380859375
2,kif11,boba_ucb,3,6966,116,640,4,98,0.4109375
2,kif11,boba_ucb,4,6966,116,768,1,99,0.4049479166666667
2,kif11,boba_ucb,5,6966,116,896,0,99,0.4107142857142857
2,kif11,boba_ucb,6,6966,116,1024,0,99,0.4130859375
2,kif11,rabvs_budgeted_reliable,1,6966,116,384,59,67,0.3307291666666667
2,kif11,rabvs_budgeted_reliable,2,6966,116,512,27,94,0.380859375
2,kif11,rabvs_budgeted_reliable,3,6966,116,640,4,98,0.4109375
2,kif11,rabvs_budgeted_reliable,4,6966,116,768,1,99,0.4049479166666667
2,kif11,rabvs_budgeted_reliable,5,6966,116,896,0,99,0.4107142857142857
2,kif11,rabvs_budgeted_reliable,6,6966,116,1024,0,99,0.4130859375
2,kif11,rabvs_budgeted_no_ucb,1,6966,116,384,57,65,0.3255208333333333
2,kif11,rabvs_budgeted_no_ucb,2,6966,116,512,25,90,0.380859375
2,kif11,rabvs_budgeted_no_ucb,3,6966,116,640,4,94,0.3828125
2,kif11,rabvs_budgeted_no_ucb,4,6966,116,768,9,103,0.4075520833333333
2,kif11,rabvs_budgeted_no_ucb,5,6966,116,896,1,104,0.43191964285714285
2,kif11,rabvs_budgeted_no_ucb,6,6966,116,1024,0,104,0.4443359375
2,kif11,rabvs_budgeted_random_parts,1,6966,116,384,15,23,0.4322916666666667
2,kif11,rabvs_budgeted_random_parts,2,6966,116,512,8,31,0.388671875
2,kif11,rabvs_budgeted_random_parts,3,6966,116,640,2,33,0.38125
2,kif11,rabvs_budgeted_random_parts,4,6966,116,768,0,33,0.3580729166666667
2,kif11,rabvs_budgeted_random_parts,5,6966,116,896,0,33,0.3515625
2,kif11,rabvs_budgeted_random_parts,6,6966,116,1024,3,36,0.34765625
0,kit,boba_ucb,1,10616,166,384,118,126,0.390625
0,kit,boba_ucb,2,10616,166,512,8,134,0.43359375
0,kit,boba_ucb,3,10616,166,640,0,134,0.4484375
0,kit,boba_ucb,4,10616,166,768,1,135,0.453125
0,kit,boba_ucb,5,10616,166,896,3,138,0.4419642857142857
0,kit,boba_ucb,6,10616,166,1024,1,139,0.453125
0,kit,rabvs_budgeted_reliable,1,10616,166,384,118,126,0.390625
0,kit,rabvs_budgeted_reliable,2,10616,166,512,8,134,0.43359375
0,kit,rabvs_budgeted_reliable,3,10616,166,640,0,134,0.4484375
0,kit,rabvs_budgeted_reliable,4,10616,166,768,1,135,0.453125
0,kit,rabvs_budgeted_reliable,5,10616,166,896,3,138,0.4419642857142857
0,kit,rabvs_budgeted_reliable,6,10616,166,1024,1,139,0.453125
0,kit,rabvs_budgeted_no_ucb,1,10616,166,384,117,125,0.3932291666666667
0,kit,rabvs_budgeted_no_ucb,2,10616,166,512,23,148,0.38671875
0,kit,rabvs_budgeted_no_ucb,3,10616,166,640,1,149,0.38125
0,kit,rabvs_budgeted_no_ucb,4,10616,166,768,5,154,0.41015625
0,kit,rabvs_budgeted_no_ucb,5,10616,166,896,0,154,0.44308035714285715
0,kit,rabvs_budgeted_no_ucb,6,10616,166,1024,1,155,0.4560546875
0,kit,rabvs_budgeted_random_parts,1,10616,166,384,43,51,0.4557291666666667
0,kit,rabvs_budgeted_random_parts,2,10616,166,512,1,52,0.435546875
0,kit,rabvs_budgeted_random_parts,3,10616,166,640,36,88,0.415625
0,kit,rabvs_budgeted_random_parts,4,10616,166,768,0,88,0.421875
0,kit,rabvs_budgeted_random_parts,5,10616,166,896,0,88,0.41183035714285715
0,kit,rabvs_budgeted_random_parts,6,10616,166,1024,22,110,0.4267578125
1,kit,boba_ucb,1,10616,166,384,80,88,0.4192708333333333
1,kit,boba_ucb,2,10616,166,512,2,90,0.416015625
1,kit,boba_ucb,3,10616,166,640,3,93,0.45
1,kit,boba_ucb,4,10616,166,768,0,93,0.4908854166666667
1,kit,boba_ucb,5,10616,166,896,0,93,0.49776785714285715
1,kit,boba_ucb,6,10616,166,1024,0,93,0.4658203125
1,kit,rabvs_budgeted_reliable,1,10616,166,384,80,88,0.4192708333333333
1,kit,rabvs_budgeted_reliable,2,10616,166,512,2,90,0.416015625
1,kit,rabvs_budgeted_reliable,3,10616,166,640,3,93,0.45
1,kit,rabvs_budgeted_reliable,4,10616,166,768,0,93,0.4908854166666667
1,kit,rabvs_budgeted_reliable,5,10616,166,896,0,93,0.49776785714285715
1,kit,rabvs_budgeted_reliable,6,10616,166,1024,0,93,0.4658203125
1,kit,rabvs_budgeted_no_ucb,1,10616,166,384,74,82,0.3880208333333333
1,kit,rabvs_budgeted_no_ucb,2,10616,166,512,58,140,0.376953125
1,kit,rabvs_budgeted_no_ucb,3,10616,166,640,14,154,0.3890625
1,kit,rabvs_budgeted_no_ucb,4,10616,166,768,4,158,0.41015625
1,kit,rabvs_budgeted_no_ucb,5,10616,166,896,2,160,0.41629464285714285
1,kit,rabvs_budgeted_no_ucb,6,10616,166,1024,1,161,0.4365234375
1,kit,rabvs_budgeted_random_parts,1,10616,166,384,0,8,0.4244791666666667
1,kit,rabvs_budgeted_random_parts,2,10616,166,512,59,67,0.4140625
1,kit,rabvs_budgeted_random_parts,3,10616,166,640,0,67,0.4
1,kit,rabvs_budgeted_random_parts,4,10616,166,768,43,110,0.3828125
1,kit,rabvs_budgeted_random_parts,5,10616,166,896,1,111,0.40066964285714285
1,kit,rabvs_budgeted_random_parts,6,10616,166,1024,0,111,0.41796875
2,kit,boba_ucb,1,10616,166,384,89,97,0.421875
2,kit,boba_ucb,2,10616,166,512,11,108,0.431640625
2,kit,boba_ucb,3,10616,166,640,6,114,0.453125
2,kit,boba_ucb,4,10616,166,768,1,115,0.4661458333333333
2,kit,boba_ucb,5,10616,166,896,0,115,0.45982142857142855
2,kit,boba_ucb,6,10616,166,1024,0,115,0.4873046875
2,kit,rabvs_budgeted_reliable,1,10616,166,384,89,97,0.421875
2,kit,rabvs_budgeted_reliable,2,10616,166,512,11,108,0.431640625
2,kit,rabvs_budgeted_reliable,3,10616,166,640,6,114,0.453125
2,kit,rabvs_budgeted_reliable,4,10616,166,768,1,115,0.4661458333333333
2,kit,rabvs_budgeted_reliable,5,10616,166,896,0,115,0.45982142857142855
2,kit,rabvs_budgeted_reliable,6,10616,166,1024,0,115,0.4873046875
2,kit,rabvs_budgeted_no_ucb,1,10616,166,384,89,97,0.421875
2,kit,rabvs_budgeted_no_ucb,2,10616,166,512,43,140,0.400390625
2,kit,rabvs_budgeted_no_ucb,3,10616,166,640,12,152,0.415625
2,kit,rabvs_budgeted_no_ucb,4,10616,166,768,3,155,0.4192708333333333
2,kit,rabvs_budgeted_no_ucb,5,10616,166,896,5,160,0.42857142857142855
2,kit,rabvs_budgeted_no_ucb,6,10616,166,1024,1,161,0.447265625
2,kit,rabvs_budgeted_random_parts,1,10616,166,384,0,8,0.484375
2,kit,rabvs_budgeted_random_parts,2,10616,166,512,4,12,0.451171875
2,kit,rabvs_budgeted_random_parts,3,10616,166,640,25,37,0.453125
2,kit,rabvs_budgeted_random_parts,4,10616,166,768,0,37,0.4505208333333333
2,kit,rabvs_budgeted_random_parts,5,10616,166,896,0,37,0.4453125
2,kit,rabvs_budgeted_random_parts,6,10616,166,1024,57,94,0.416015625
0,kith,boba_ucb,1,2907,57,384,47,55,0.3958333333333333
0,kith,boba_ucb,2,2907,57,512,0,55,0.40625
0,kith,boba_ucb,3,2907,57,640,0,55,0.3734375
0,kith,boba_ucb,4,2907,57,768,1,56,0.3697916666666667
0,kith,boba_ucb,5,2907,57,896,0,56,0.4140625
0,kith,boba_ucb,6,2907,57,1024,0,56,0.4150390625
0,kith,rabvs_budgeted_reliable,1,2907,57,384,47,55,0.3958333333333333
0,kith,rabvs_budgeted_reliable,2,2907,57,512,0,55,0.40625
0,kith,rabvs_budgeted_reliable,3,2907,57,640,0,55,0.3734375
0,kith,rabvs_budgeted_reliable,4,2907,57,768,1,56,0.3697916666666667
0,kith,rabvs_budgeted_reliable,5,2907,57,896,0,56,0.4140625
0,kith,rabvs_budgeted_reliable,6,2907,57,1024,0,56,0.4150390625
0,kith,rabvs_budgeted_no_ucb,1,2907,57,384,49,57,0.3880208333333333
0,kith,rabvs_budgeted_no_ucb,2,2907,57,512,0,57,0.421875
0,kith,rabvs_budgeted_no_ucb,3,2907,57,640,0,57,0.4015625
0,kith,rabvs_budgeted_no_ucb,4,2907,57,768,0,57,0.4322916666666667
0,kith,rabvs_budgeted_no_ucb,5,2907,57,896,0,57,0.4263392857142857
0,kith,rabvs_budgeted_no_ucb,6,2907,57,1024,0,57,0.4150390625
0,kith,rabvs_budgeted_random_parts,1,2907,57,384,0,8,0.3854166666666667
0,kith,rabvs_budgeted_random_parts,2,2907,57,512,0,8,0.3984375
0,kith,rabvs_budgeted_random_parts,3,2907,57,640,0,8,0.4265625
0,kith,rabvs_budgeted_random_parts,4,2907,57,768,0,8,0.4127604166666667
0,kith,rabvs_budgeted_random_parts,5,2907,57,896,0,8,0.40625
0,kith,rabvs_budgeted_random_parts,6,2907,57,1024,0,8,0.4189453125
1,kith,boba_ucb,1,2907,57,384,45,53,0.40625
1,kith,boba_ucb,2,2907,57,512,0,53,0.4609375
1,kith,boba_ucb,3,2907,57,640,0,53,0.4171875
1,kith,boba_ucb,4,2907,57,768,0,53,0.4153645833333333
1,kith,boba_ucb,5,2907,57,896,0,53,0.42410714285714285
1,kith,boba_ucb,6,2907,57,1024,4,57,0.4052734375
1,kith,rabvs_budgeted_reliable,1,2907,57,384,45,53,0.40625
1,kith,rabvs_budgeted_reliable,2,2907,57,512,0,53,0.4609375
1,kith,rabvs_budgeted_reliable,3,2907,57,640,0,53,0.4171875
1,kith,rabvs_budgeted_reliable,4,2907,57,768,0,53,0.4153645833333333
1,kith,rabvs_budgeted_reliable,5,2907,57,896,0,53,0.42410714285714285
1,kith,rabvs_budgeted_reliable,6,2907,57,1024,4,57,0.4052734375
1,kith,rabvs_budgeted_no_ucb,1,2907,57,384,49,57,0.3828125
1,kith,rabvs_budgeted_no_ucb,2,2907,57,512,0,57,0.408203125
1,kith,rabvs_budgeted_no_ucb,3,2907,57,640,0,57,0.409375
1,kith,rabvs_budgeted_no_ucb,4,2907,57,768,0,57,0.4283854166666667
1,kith,rabvs_budgeted_no_ucb,5,2907,57,896,0,57,0.43191964285714285
1,kith,rabvs_budgeted_no_ucb,6,2907,57,1024,0,57,0.4375
1,kith,rabvs_budgeted_random_parts,1,2907,57,384,15,23,0.4192708333333333
1,kith,rabvs_budgeted_random_parts,2,2907,57,512,0,23,0.408203125
1,kith,rabvs_budgeted_random_parts,3,2907,57,640,0,23,0.4
1,kith,rabvs_budgeted_random_parts,4,2907,57,768,14,37,0.40234375
1,kith,rabvs_budgeted_random_parts,5,2907,57,896,4,41,0.40066964285714285
1,kith,rabvs_budgeted_random_parts,6,2907,57,1024,0,41,0.4208984375
2,kith,boba_ucb,1,2907,57,384,49,57,0.40625
2,kith,boba_ucb,2,2907,57,512,0,57,0.455078125
2,kith,boba_ucb,3,2907,57,640,0,57,0.446875
2,kith,boba_ucb,4,2907,57,768,0,57,0.4388020833333333
2,kith,boba_ucb,5,2907,57,896,0,57,0.4252232142857143
2,kith,boba_ucb,6,2907,57,1024,0,57,0.44921875
2,kith,rabvs_budgeted_reliable,1,2907,57,384,49,57,0.40625
2,kith,rabvs_budgeted_reliable,2,2907,57,512,0,57,0.455078125
2,kith,rabvs_budgeted_reliable,3,2907,57,640,0,57,0.446875
2,kith,rabvs_budgeted_reliable,4,2907,57,768,0,57,0.4388020833333333
2,kith,rabvs_budgeted_reliable,5,2907,57,896,0,57,0.4252232142857143
2,kith,rabvs_budgeted_reliable,6,2907,57,1024,0,57,0.44921875
2,kith,rabvs_budgeted_no_ucb,1,2907,57,384,49,57,0.3828125
2,kith,rabvs_budgeted_no_ucb,2,2907,57,512,0,57,0.435546875
2,kith,rabvs_budgeted_no_ucb,3,2907,57,640,0,57,0.4234375
2,kith,rabvs_budgeted_no_ucb,4,2907,57,768,0,57,0.42578125
2,kith,rabvs_budgeted_no_ucb,5,2907,57,896,0,57,0.4263392857142857
2,kith,rabvs_budgeted_no_ucb,6,2907,57,1024,0,57,0.4228515625
2,kith,rabvs_budgeted_random_parts,1,2907,57,384,18,26,0.3854166666666667
2,kith,rabvs_budgeted_random_parts,2,2907,57,512,13,39,0.404296875
2,kith,rabvs_budgeted_random_parts,3,2907,57,640,0,39,0.39375
2,kith,rabvs_budgeted_random_parts,4,2907,57,768,0,39,0.4322916666666667
2,kith,rabvs_budgeted_random_parts,5,2907,57,896,10,49,0.4375
2,kith,rabvs_budgeted_random_parts,6,2907,57,1024,0,49,0.421875
0,kpcb,boba_ucb,1,8835,135,384,84,92,0.546875
0,kpcb,boba_ucb,2,8835,135,512,7,99,0.5390625
0,kpcb,boba_ucb,3,8835,135,640,0,99,0.5609375
0,kpcb,boba_ucb,4,8835,135,768,1,100,0.5598958333333334
0,kpcb,boba_ucb,5,8835,135,896,0,100,0.5535714285714286
0,kpcb,boba_ucb,6,8835,135,1024,0,100,0.5263671875
0,kpcb,rabvs_budgeted_reliable,1,8835,135,384,84,92,0.546875
0,kpcb,rabvs_budgeted_reliable,2,8835,135,512,7,99,0.5390625
0,kpcb,rabvs_budgeted_reliable,3,8835,135,640,0,99,0.5609375
0,kpcb,rabvs_budgeted_reliable,4,8835,135,768,1,100,0.5598958333333334
0,kpcb,rabvs_budgeted_reliable,5,8835,135,896,0,100,0.5535714285714286
0,kpcb,rabvs_budgeted_reliable,6,8835,135,1024,0,100,0.5263671875
0,kpcb,rabvs_budgeted_no_ucb,1,8835,135,384,86,94,0.546875
0,kpcb,rabvs_budgeted_no_ucb,2,8835,135,512,8,102,0.548828125
0,kpcb,rabvs_budgeted_no_ucb,3,8835,135,640,2,104,0.5453125
0,kpcb,rabvs_budgeted_no_ucb,4,8835,135,768,2,106,0.5716145833333334
0,kpcb,rabvs_budgeted_no_ucb,5,8835,135,896,5,111,0.5636160714285714
0,kpcb,rabvs_budgeted_no_ucb,6,8835,135,1024,0,111,0.5673828125
0,kpcb,rabvs_budgeted_random_parts,1,8835,135,384,8,16,0.4817708333333333
0,kpcb,rabvs_budgeted_random_parts,2,8835,135,512,49,65,0.55078125
0,kpcb,rabvs_budgeted_random_parts,3,8835,135,640,3,68,0.5359375
0,kpcb,rabvs_budgeted_random_parts,4,8835,135,768,0,68,0.546875
0,kpcb,rabvs_budgeted_random_parts,5,8835,135,896,0,68,0.5390625
0,kpcb,rabvs_budgeted_random_parts,6,8835,135,1024,0,68,0.525390625
1,kpcb,boba_ucb,1,8835,135,384,98,106,0.5208333333333334
1,kpcb,boba_ucb,2,8835,135,512,1,107,0.560546875
1,kpcb,boba_ucb,3,8835,135,640,1,108,0.5578125
1,kpcb,boba_ucb,4,8835,135,768,2,110,0.5598958333333334
1,kpcb,boba_ucb,5,8835,135,896,0,110,0.5680803571428571
1,kpcb,boba_ucb,6,8835,135,1024,0,110,0.576171875
1,kpcb,rabvs_budgeted_reliable,1,8835,135,384,98,106,0.5208333333333334
1,kpcb,rabvs_budgeted_reliable,2,8835,135,512,1,107,0.560546875
1,kpcb,rabvs_budgeted_reliable,3,8835,135,640,1,108,0.5578125
1,kpcb,rabvs_budgeted_reliable,4,8835,135,768,2,110,0.5598958333333334
1,kpcb,rabvs_budgeted_reliable,5,8835,135,896,0,110,0.5680803571428571
1,kpcb,rabvs_budgeted_reliable,6,8835,135,1024,0,110,0.576171875
1,kpcb,rabvs_budgeted_no_ucb,1,8835,135,384,98,106,0.515625
1,kpcb,rabvs_budgeted_no_ucb,2,8835,135,512,8,114,0.548828125
1,kpcb,rabvs_budgeted_no_ucb,3,8835,135,640,5,119,0.5609375
1,kpcb,rabvs_budgeted_no_ucb,4,8835,135,768,1,120,0.55859375
1,kpcb,rabvs_budgeted_no_ucb,5,8835,135,896,5,125,0.5401785714285714
1,kpcb,rabvs_budgeted_no_ucb,6,8835,135,1024,0,125,0.560546875
1,kpcb,rabvs_budgeted_random_parts,1,8835,135,384,2,10,0.4895833333333333
1,kpcb,rabvs_budgeted_random_parts,2,8835,135,512,0,10,0.462890625
1,kpcb,rabvs_budgeted_random_parts,3,8835,135,640,2,12,0.44375
1,kpcb,rabvs_budgeted_random_parts,4,8835,135,768,0,12,0.4453125
1,kpcb,rabvs_budgeted_random_parts,5,8835,135,896,62,74,0.47767857142857145
1,kpcb,rabvs_budgeted_random_parts,6,8835,135,1024,0,74,0.49609375
2,kpcb,boba_ucb,1,8835,135,384,87,95,0.5104166666666666
2,kpcb,boba_ucb,2,8835,135,512,3,98,0.541015625
2,kpcb,boba_ucb,3,8835,135,640,14,112,0.5625
2,kpcb,boba_ucb,4,8835,135,768,0,112,0.5755208333333334
2,kpcb,boba_ucb,5,8835,135,896,1,113,0.5636160714285714
2,kpcb,boba_ucb,6,8835,135,1024,0,113,0.5537109375
2,kpcb,rabvs_budgeted_reliable,1,8835,135,384,87,95,0.5104166666666666
2,kpcb,rabvs_budgeted_reliable,2,8835,135,512,3,98,0.541015625
2,kpcb,rabvs_budgeted_reliable,3,8835,135,640,14,112,0.5625
2,kpcb,rabvs_budgeted_reliable,4,8835,135,768,0,112,0.5755208333333334
2,kpcb,rabvs_budgeted_reliable,5,8835,135,896,1,113,0.5636160714285714
2,kpcb,rabvs_budgeted_reliable,6,8835,135,1024,0,113,0.5537109375
2,kpcb,rabvs_budgeted_no_ucb,1,8835,135,384,92,100,0.5104166666666666
2,kpcb,rabvs_budgeted_no_ucb,2,8835,135,512,4,104,0.5
2,kpcb,rabvs_budgeted_no_ucb,3,8835,135,640,4,108,0.5046875
2,kpcb,rabvs_budgeted_no_ucb,4,8835,135,768,1,109,0.5208333333333334
2,kpcb,rabvs_budgeted_no_ucb,5,8835,135,896,0,109,0.5122767857142857
2,kpcb,rabvs_budgeted_no_ucb,6,8835,135,1024,3,112,0.5048828125
2,kpcb,rabvs_budgeted_random_parts,1,8835,135,384,1,9,0.4921875
2,kpcb,rabvs_budgeted_random_parts,2,8835,135,512,15,24,0.482421875
2,kpcb,rabvs_budgeted_random_parts,3,8835,135,640,1,25,0.4921875
2,kpcb,rabvs_budgeted_random_parts,4,8835,135,768,1,26,0.50390625
2,kpcb,rabvs_budgeted_random_parts,5,8835,135,896,0,26,0.4955357142857143
2,kpcb,rabvs_budgeted_random_parts,6,8835,135,1024,37,63,0.509765625
0,lck,boba_ucb,1,27820,420,384,128,136,0.3333333333333333
0,lck,boba_ucb,2,27820,420,512,24,160,0.337890625
0,lck,boba_ucb,3,27820,420,640,29,189,0.3421875
0,lck,boba_ucb,4,27820,420,768,4,193,0.359375
0,lck,boba_ucb,5,27820,420,896,11,204,0.3671875
0,lck,boba_ucb,6,27820,420,1024,1,205,0.3837890625
0,lck,rabvs_budgeted_reliable,1,27820,420,384,128,136,0.3333333333333333
0,lck,rabvs_budgeted_reliable,2,27820,420,512,24,160,0.337890625
0,lck,rabvs_budgeted_reliable,3,27820,420,640,29,189,0.3421875
0,lck,rabvs_budgeted_reliable,4,27820,420,768,4,193,0.359375
0,lck,rabvs_budgeted_reliable,5,27820,420,896,11,204,0.3671875
0,lck,rabvs_budgeted_reliable,6,27820,420,1024,1,205,0.3837890625
0,lck,rabvs_budgeted_no_ucb,1,27820,420,384,128,136,0.3333333333333333
0,lck,rabvs_budgeted_no_ucb,2,27820,420,512,127,263,0.27734375
0,lck,rabvs_budgeted_no_ucb,3,27820,420,640,66,329,0.275
0,lck,rabvs_budgeted_no_ucb,4,27820,420,768,34,363,0.28515625
0,lck,rabvs_budgeted_no_ucb,5,27820,420,896,8,371,0.28683035714285715
0,lck,rabvs_budgeted_no_ucb,6,27820,420,1024,9,380,0.2919921875
0,lck,rabvs_budgeted_random_parts,1,27820,420,384,6,14,0.375
0,lck,rabvs_budgeted_random_parts,2,27820,420,512,1,15,0.388671875
0,lck,rabvs_budgeted_random_parts,3,27820,420,640,1,16,0.4171875
0,lck,rabvs_budgeted_random_parts,4,27820,420,768,69,85,0.4036458333333333
0,lck,rabvs_budgeted_random_parts,5,27820,420,896,7,92,0.4095982142857143
0,lck,rabvs_budgeted_random_parts,6,27820,420,1024,102,194,0.376953125
1,lck,boba_ucb,1,27820,420,384,128,136,0.3411458333333333
1,lck,boba_ucb,2,27820,420,512,38,174,0.337890625
1,lck,boba_ucb,3,27820,420,640,7,181,0.3296875
1,lck,boba_ucb,4,27820,420,768,5,186,0.3411458333333333
1,lck,boba_ucb,5,27820,420,896,3,189,0.35379464285714285
1,lck,boba_ucb,6,27820,420,1024,0,189,0.357421875
1,lck,rabvs_budgeted_reliable,1,27820,420,384,128,136,0.3411458333333333
1,lck,rabvs_budgeted_reliable,2,27820,420,512,38,174,0.337890625
1,lck,rabvs_budgeted_reliable,3,27820,420,640,7,181,0.3296875
1,lck,rabvs_budgeted_reliable,4,27820,420,768,5,186,0.3411458333333333
1,lck,rabvs_budgeted_reliable,5,27820,420,896,3,189,0.35379464285714285
1,lck,rabvs_budgeted_reliable,6,27820,420,1024,0,189,0.357421875
1,lck,rabvs_budgeted_no_ucb,1,27820,420,384,128,136,0.3411458333333333
1,lck,rabvs_budgeted_no_ucb,2,27820,420,512,126,262,0.302734375
1,lck,rabvs_budgeted_no_ucb,3,27820,420,640,72,334,0.271875
1,lck,rabvs_budgeted_no_ucb,4,27820,420,768,21,355,0.2864583333333333
1,lck,rabvs_budgeted_no_ucb,5,27820,420,896,15,370,0.29129464285714285
1,lck,rabvs_budgeted_no_ucb,6,27820,420,1024,4,374,0.3017578125
1,lck,rabvs_budgeted_random_parts,1,27820,420,384,3,11,0.3880208333333333
1,lck,rabvs_budgeted_random_parts,2,27820,420,512,4,15,0.470703125
1,lck,rabvs_budgeted_random_parts,3,27820,420,640,1,16,0.49375
1,lck,rabvs_budgeted_random_parts,4,27820,420,768,8,24,0.4765625
1,lck,rabvs_budgeted_random_parts,5,27820,420,896,0,24,0.45535714285714285
1,lck,rabvs_budgeted_random_parts,6,27820,420,1024,128,152,0.419921875
2,lck,boba_ucb,1,27820,420,384,128,136,0.3541666666666667
2,lck,boba_ucb,2,27820,420,512,37,173,0.33984375
2,lck,boba_ucb,3,27820,420,640,35,208,0.31875
2,lck,boba_ucb,4,27820,420,768,1,209,0.36328125
2,lck,boba_ucb,5,27820,420,896,2,211,0.36160714285714285
2,lck,boba_ucb,6,27820,420,1024,0,211,0.3642578125
2,lck,rabvs_budgeted_reliable,1,27820,420,384,128,136,0.3541666666666667
2,lck,rabvs_budgeted_reliable,2,27820,420,512,37,173,0.33984375
2,lck,rabvs_budgeted_reliable,3,27820,420,640,35,208,0.31875
2,lck,rabvs_budgeted_reliable,4,27820,420,768,1,209,0.36328125
2,lck,rabvs_budgeted_reliable,5,27820,420,896,2,211,0.36160714285714285
2,lck,rabvs_budgeted_reliable,6,27820,420,1024,0,211,0.3642578125
2,lck,rabvs_budgeted_no_ucb,1,27820,420,384,128,136,0.3541666666666667
2,lck,rabvs_budgeted_no_ucb,2,27820,420,512,122,258,0.3046875
2,lck,rabvs_budgeted_no_ucb,3,27820,420,640,89,347,0.275
2,lck,rabvs_budgeted_no_ucb,4,27820,420,768,15,362,0.3020833333333333
2,lck,rabvs_budgeted_no_ucb,5,27820,420,896,15,377,0.32142857142857145
2,lck,rabvs_budgeted_no_ucb,6,27820,420,1024,1,378,0.3251953125
2,lck,rabvs_budgeted_random_parts,1,27820,420,384,2,10,0.4375
2,lck,rabvs_budgeted_random_parts,2,27820,420,512,2,12,0.466796875
2,lck,rabvs_budgeted_random_parts,3,27820,420,640,53,65,0.440625
2,lck,rabvs_budgeted_random_parts,4,27820,420,768,5,70,0.4739583333333333
2,lck,rabvs_budgeted_random_parts,5,27820,420,896,2,72,0.46875
2,lck,rabvs_budgeted_random_parts,6,27820,420,1024,8,80,0.451171875
0,lkha4,boba_ucb,1,9621,171,384,128,136,0.3489583333333333
0,lkha4,boba_ucb,2,9621,171,512,7,143,0.39453125
0,lkha4,boba_ucb,3,9621,171,640,7,150,0.409375
0,lkha4,boba_ucb,4,9621,171,768,1,151,0.4010416666666667
0,lkha4,boba_ucb,5,9621,171,896,0,151,0.40736607142857145
0,lkha4,boba_ucb,6,9621,171,1024,0,151,0.404296875
0,lkha4,rabvs_budgeted_reliable,1,9621,171,384,128,136,0.3489583333333333
0,lkha4,rabvs_budgeted_reliable,2,9621,171,512,7,143,0.39453125
0,lkha4,rabvs_budgeted_reliable,3,9621,171,640,7,150,0.409375
0,lkha4,rabvs_budgeted_reliable,4,9621,171,768,1,151,0.4010416666666667
0,lkha4,rabvs_budgeted_reliable,5,9621,171,896,0,151,0.40736607142857145
0,lkha4,rabvs_budgeted_reliable,6,9621,171,1024,0,151,0.404296875
0,lkha4,rabvs_budgeted_no_ucb,1,9621,171,384,128,136,0.3489583333333333
0,lkha4,rabvs_budgeted_no_ucb,2,9621,171,512,25,161,0.380859375
0,lkha4,rabvs_budgeted_no_ucb,3,9621,171,640,7,168,0.3828125
0,lkha4,rabvs_budgeted_no_ucb,4,9621,171,768,0,168,0.375
0,lkha4,rabvs_budgeted_no_ucb,5,9621,171,896,0,168,0.35714285714285715
0,lkha4,rabvs_budgeted_no_ucb,6,9621,171,1024,2,170,0.3701171875
0,lkha4,rabvs_budgeted_random_parts,1,9621,171,384,41,49,0.4348958333333333
0,lkha4,rabvs_budgeted_random_parts,2,9621,171,512,7,56,0.470703125
0,lkha4,rabvs_budgeted_random_parts,3,9621,171,640,0,56,0.4609375
0,lkha4,rabvs_budgeted_random_parts,4,9621,171,768,0,56,0.4635416666666667
0,lkha4,rabvs_budgeted_random_parts,5,9621,171,896,17,73,0.44419642857142855
0,lkha4,rabvs_budgeted_random_parts,6,9621,171,1024,0,73,0.4267578125
1,lkha4,boba_ucb,1,9621,171,384,127,135,0.3880208333333333
1,lkha4,boba_ucb,2,9621,171,512,2,137,0.4140625
1,lkha4,boba_ucb,3,9621,171,640,10,147,0.396875
1,lkha4,boba_ucb,4,9621,171,768,1,148,0.3841145833333333
1,lkha4,boba_ucb,5,9621,171,896,0,148,0.3872767857142857
1,lkha4,boba_ucb,6,9621,171,1024,1,149,0.39453125
1,lkha4,rabvs_budgeted_reliable,1,9621,171,384,127,135,0.3880208333333333
1,lkha4,rabvs_budgeted_reliable,2,9621,171,512,2,137,0.4140625
1,lkha4,rabvs_budgeted_reliable,3,9621,171,640,10,147,0.396875
1,lkha4,rabvs_budgeted_reliable,4,9621,171,768,1,148,0.3841145833333333
1,lkha4,rabvs_budgeted_reliable,5,9621,171,896,0,148,0.3872767857142857
1,lkha4,rabvs_budgeted_reliable,6,9621,171,1024,1,149,0.39453125
1,lkha4,rabvs_budgeted_no_ucb,1,9621,171,384,127,135,0.3880208333333333
1,lkha4,rabvs_budgeted_no_ucb,2,9621,171,512,32,167,0.416015625
1,lkha4,rabvs_budgeted_no_ucb,3,9621,171,640,0,167,0.3984375
1,lkha4,rabvs_budgeted_no_ucb,4,9621,171,768,1,168,0.4010416666666667
1,lkha4,rabvs_budgeted_no_ucb,5,9621,171,896,1,169,0.4029017857142857
1,lkha4,rabvs_budgeted_no_ucb,6,9621,171,1024,0,169,0.4052734375
1,lkha4,rabvs_budgeted_random_parts,1,9621,171,384,0,8,0.4583333333333333
1,lkha4,rabvs_budgeted_random_parts,2,9621,171,512,1,9,0.431640625
1,lkha4,rabvs_budgeted_random_parts,3,9621,171,640,0,9,0.4796875
1,lkha4,rabvs_budgeted_random_parts,4,9621,171,768,65,74,0.4361979166666667
1,lkha4,rabvs_budgeted_random_parts,5,9621,171,896,22,96,0.4296875
1,lkha4,rabvs_budgeted_random_parts,6,9621,171,1024,15,111,0.412109375
2,lkha4,boba_ucb,1,9621,171,384,128,136,0.3385416666666667
2,lkha4,boba_ucb,2,9621,171,512,1,137,0.388671875
2,lkha4,boba_ucb,3,9621,171,640,0,137,0.3890625
2,lkha4,boba_ucb,4,9621,171,768,2,139,0.3984375
2,lkha4,boba_ucb,5,9621,171,896,0,139,0.43191964285714285
2,lkha4,boba_ucb,6,9621,171,1024,0,139,0.4462890625
2,lkha4,rabvs_budgeted_reliable,1,9621,171,384,128,136,0.3385416666666667
2,lkha4,rabvs_budgeted_reliable,2,9621,171,512,1,137,0.388671875
2,lkha4,rabvs_budgeted_reliable,3,9621,171,640,0,137,0.3890625
2,lkha4,rabvs_budgeted_reliable,4,9621,171,768,2,139,0.3984375
2,lkha4,rabvs_budgeted_reliable,5,9621,171,896,0,139,0.43191964285714285
2,lkha4,rabvs_budgeted_reliable,6,9621,171,1024,0,139,0.4462890625
2,lkha4,rabvs_budgeted_no_ucb,1,9621,171,384,128,136,0.34375
2,lkha4,rabvs_budgeted_no_ucb,2,9621,171,512,26,162,0.373046875
2,lkha4,rabvs_budgeted_no_ucb,3,9621,171,640,5,167,0.3859375
2,lkha4,rabvs_budgeted_no_ucb,4,9621,171,768,2,169,0.3880208333333333
2,lkha4,rabvs_budgeted_no_ucb,5,9621,171,896,0,169,0.3783482142857143
2,lkha4,rabvs_budgeted_no_ucb,6,9621,171,1024,1,170,0.3837890625
2,lkha4,rabvs_budgeted_random_parts,1,9621,171,384,17,25,0.5078125
2,lkha4,rabvs_budgeted_random_parts,2,9621,171,512,6,31,0.48828125
2,lkha4,rabvs_budgeted_random_parts,3,9621,171,640,12,43,0.4734375
2,lkha4,rabvs_budgeted_random_parts,4,9621,171,768,23,66,0.4479166666666667
2,lkha4,rabvs_budgeted_random_parts,5,9621,171,896,0,66,0.46316964285714285
2,lkha4,rabvs_budgeted_random_parts,6,9621,171,1024,0,66,0.4775390625
0,mapk2,boba_ucb,1,6251,101,384,76,84,0.3880208333333333
0,mapk2,boba_ucb,2,6251,101,512,2,86,0.376953125
0,mapk2,boba_ucb,3,6251,101,640,2,88,0.3890625
0,mapk2,boba_ucb,4,6251,101,768,4,92,0.4075520833333333
0,mapk2,boba_ucb,5,6251,101,896,0,92,0.44419642857142855
0,mapk2,boba_ucb,6,6251,101,1024,0,92,0.4482421875
0,mapk2,rabvs_budgeted_reliable,1,6251,101,384,76,84,0.3880208333333333
0,mapk2,rabvs_budgeted_reliable,2,6251,101,512,2,86,0.376953125
0,mapk2,rabvs_budgeted_reliable,3,6251,101,640,2,88,0.3890625
0,mapk2,rabvs_budgeted_reliable,4,6251,101,768,4,92,0.4075520833333333
0,mapk2,rabvs_budgeted_reliable,5,6251,101,896,0,92,0.44419642857142855
0,mapk2,rabvs_budgeted_reliable,6,6251,101,1024,0,92,0.4482421875
0,mapk2,rabvs_budgeted_no_ucb,1,6251,101,384,78,86,0.4010416666666667
0,mapk2,rabvs_budgeted_no_ucb,2,6251,101,512,7,93,0.4140625
0,mapk2,rabvs_budgeted_no_ucb,3,6251,101,640,2,95,0.4375
0,mapk2,rabvs_budgeted_no_ucb,4,6251,101,768,1,96,0.4192708333333333
0,mapk2,rabvs_budgeted_no_ucb,5,6251,101,896,0,96,0.4174107142857143
0,mapk2,rabvs_budgeted_no_ucb,6,6251,101,1024,0,96,0.4208984375
0,mapk2,rabvs_budgeted_random_parts,1,6251,101,384,0,8,0.5104166666666666
0,mapk2,rabvs_budgeted_random_parts,2,6251,101,512,1,9,0.46875
0,mapk2,rabvs_budgeted_random_parts,3,6251,101,640,16,25,0.453125
0,mapk2,rabvs_budgeted_random_parts,4,6251,101,768,5,30,0.4661458333333333
0,mapk2,rabvs_budgeted_random_parts,5,6251,101,896,1,31,0.4654017857142857
0,mapk2,rabvs_budgeted_random_parts,6,6251,101,1024,0,31,0.4462890625
1,mapk2,boba_ucb,1,6251,101,384,81,89,0.3958333333333333
1,mapk2,boba_ucb,2,6251,101,512,4,93,0.38671875
1,mapk2,boba_ucb,3,6251,101,640,1,94,0.4109375
1,mapk2,boba_ucb,4,6251,101,768,0,94,0.4322916666666667
1,mapk2,boba_ucb,5,6251,101,896,4,98,0.4419642857142857
1,mapk2,boba_ucb,6,6251,101,1024,0,98,0.4501953125
1,mapk2,rabvs_budgeted_reliable,1,6251,101,384,81,89,0.3958333333333333
1,mapk2,rabvs_budgeted_reliable,2,6251,101,512,4,93,0.38671875
1,mapk2,rabvs_budgeted_reliable,3,6251,101,640,1,94,0.4109375
1,mapk2,rabvs_budgeted_reliable,4,6251,101,768,0,94,0.4322916666666667
1,mapk2,rabvs_budgeted_reliable,5,6251,101,896,4,98,0.4419642857142857
1,mapk2,rabvs_budgeted_reliable,6,6251,101,1024,0,98,0.4501953125
1,mapk2,rabvs_budgeted_no_ucb,1,6251,101,384,82,90,0.390625
1,mapk2,rabvs_budgeted_no_ucb,2,6251,101,512,6,96,0.40234375
1,mapk2,rabvs_budgeted_no_ucb,3,6251,101,640,1,97,0.425
1,mapk2,rabvs_budgeted_no_ucb,4,6251,101,768,0,97,0.4205729166666667
1,mapk2,rabvs_budgeted_no_ucb,5,6251,101,896,3,100,0.42857142857142855
1,mapk2,rabvs_budgeted_no_ucb,6,6251,101,1024,1,101,0.4384765625
1,mapk2,rabvs_budgeted_random_parts,1,6251,101,384,3,11,0.4609375
1,mapk2,rabvs_budgeted_random_parts,2,6251,101,512,17,28,0.43359375
1,mapk2,rabvs_budgeted_random_parts,3,6251,101,640,0,28,0.4328125
1,mapk2,rabvs_budgeted_random_parts,4,6251,101,768,13,41,0.4401041666666667
1,mapk2,rabvs_budgeted_random_parts,5,6251,101,896,0,41,0.4497767857142857
1,mapk2,rabvs_budgeted_random_parts,6,6251,101,1024,1,42,0.455078125
2,mapk2,boba_ucb,1,6251,101,384,79,87,0.3385416666666667
2,mapk2,boba_ucb,2,6251,101,512,4,91,0.345703125
2,mapk2,boba_ucb,3,6251,101,640,1,92,0.4078125
2,mapk2,boba_ucb,4,6251,101,768,2,94,0.41796875
2,mapk2,boba_ucb,5,6251,101,896,4,98,0.4419642857142857
2,mapk2,boba_ucb,6,6251,101,1024,0,98,0.4609375
2,mapk2,rabvs_budgeted_reliable,1,6251,101,384,79,87,0.3385416666666667
2,mapk2,rabvs_budgeted_reliable,2,6251,101,512,4,91,0.345703125
2,mapk2,rabvs_budgeted_reliable,3,6251,101,640,1,92,0.4078125
2,mapk2,rabvs_budgeted_reliable,4,6251,101,768,2,94,0.41796875
2,mapk2,rabvs_budgeted_reliable,5,6251,101,896,4,98,0.4419642857142857
2,mapk2,rabvs_budgeted_reliable,6,6251,101,1024,0,98,0.4609375
2,mapk2,rabvs_budgeted_no_ucb,1,6251,101,384,83,91,0.3515625
2,mapk2,rabvs_budgeted_no_ucb,2,6251,101,512,5,96,0.40234375
2,mapk2,rabvs_budgeted_no_ucb,3,6251,101,640,2,98,0.3859375
2,mapk2,rabvs_budgeted_no_ucb,4,6251,101,768,1,99,0.4127604166666667
2,mapk2,rabvs_budgeted_no_ucb,5,6251,101,896,2,101,0.4185267857142857
2,mapk2,rabvs_budgeted_no_ucb,6,6251,101,1024,0,101,0.435546875
2,mapk2,rabvs_budgeted_random_parts,1,6251,101,384,0,8,0.4140625
2,mapk2,rabvs_budgeted_random_parts,2,6251,101,512,2,10,0.412109375
2,mapk2,rabvs_budgeted_random_parts,3,6251,101,640,0,10,0.40625
2,mapk2,rabvs_budgeted_random_parts,4,6251,101,768,15,25,0.41015625
2,mapk2,rabvs_budgeted_random_parts,5,6251,101,896,0,25,0.42075892857142855
2,mapk2,rabvs_budgeted_random_parts,6,6251,101,1024,2,27,0.4404296875
0,mcr,boba_ucb,1,5244,94,384,64,72,0.4713541666666667
0,mcr,boba_ucb,2,5244,94,512,9,81,0.478515625
0,mcr,boba_ucb,3,5244,94,640,7,88,0.4609375
0,mcr,boba_ucb,4,5244,94,768,0,88,0.4869791666666667
0,mcr,boba_ucb,5,5244,94,896,0,88,0.48325892857142855
0,mcr,boba_ucb,6,5244,94,1024,0,88,0.4921875
0,mcr,rabvs_budgeted_reliable,1,5244,94,384,64,72,0.4713541666666667
0,mcr,rabvs_budgeted_reliable,2,5244,94,512,9,81,0.478515625
0,mcr,rabvs_budgeted_reliable,3,5244,94,640,7,88,0.4609375
0,mcr,rabvs_budgeted_reliable,4,5244,94,768,0,88,0.4869791666666667
0,mcr,rabvs_budgeted_reliable,5,5244,94,896,0,88,0.48325892857142855
0,mcr,rabvs_budgeted_reliable,6,5244,94,1024,0,88,0.4921875
0,mcr,rabvs_budgeted_no_ucb,1,5244,94,384,63,71,0.4765625
0,mcr,rabvs_budgeted_no_ucb,2,5244,94,512,15,86,0.494140625
0,mcr,rabvs_budgeted_no_ucb,3,5244,94,640,5,91,0.503125
0,mcr,rabvs_budgeted_no_ucb,4,5244,94,768,0,91,0.48828125
0,mcr,rabvs_budgeted_no_ucb,5,5244,94,896,1,92,0.5234375
0,mcr,rabvs_budgeted_no_ucb,6,5244,94,1024,2,94,0.5009765625
0,mcr,rabvs_budgeted_random_parts,1,5244,94,384,1,9,0.5208333333333334
0,mcr,rabvs_budgeted_random_parts,2,5244,94,512,3,12,0.51171875
0,mcr,rabvs_budgeted_random_parts,3,5244,94,640,14,26,0.49375
0,mcr,rabvs_budgeted_random_parts,4,5244,94,768,11,37,0.48828125
0,mcr,rabvs_budgeted_random_parts,5,5244,94,896,0,37,0.5145089285714286
0,mcr,rabvs_budgeted_random_parts,6,5244,94,1024,0,37,0.5419921875
1,mcr,boba_ucb,1,5244,94,384,42,50,0.4583333333333333
1,mcr,boba_ucb,2,5244,94,512,19,69,0.45703125
1,mcr,boba_ucb,3,5244,94,640,8,77,0.478125
1,mcr,boba_ucb,4,5244,94,768,0,77,0.5026041666666666
1,mcr,boba_ucb,5,5244,94,896,2,79,0.484375
1,mcr,boba_ucb,6,5244,94,1024,0,79,0.48046875
1,mcr,rabvs_budgeted_reliable,1,5244,94,384,42,50,0.4583333333333333
1,mcr,rabvs_budgeted_reliable,2,5244,94,512,19,69,0.45703125
1,mcr,rabvs_budgeted_reliable,3,5244,94,640,8,77,0.478125
1,mcr,rabvs_budgeted_reliable,4,5244,94,768,0,77,0.5026041666666666
1,mcr,rabvs_budgeted_reliable,5,5244,94,896,2,79,0.484375
1,mcr,rabvs_budgeted_reliable,6,5244,94,1024,0,79,0.48046875
1,mcr,rabvs_budgeted_no_ucb,1,5244,94,384,42,50,0.4635416666666667
1,mcr,rabvs_budgeted_no_ucb,2,5244,94,512,25,75,0.466796875
1,mcr,rabvs_budgeted_no_ucb,3,5244,94,640,14,89,0.471875
1,mcr,rabvs_budgeted_no_ucb,4,5244,94,768,2,91,0.46484375
1,mcr,rabvs_budgeted_no_ucb,5,5244,94,896,0,91,0.45870535714285715
1,mcr,rabvs_budgeted_no_ucb,6,5244,94,1024,0,91,0.48828125
1,mcr,rabvs_budgeted_random_parts,1,5244,94,384,0,8,0.4635416666666667
1,mcr,rabvs_budgeted_random_parts,2,5244,94,512,6,14,0.4921875
1,mcr,rabvs_budgeted_random_parts,3,5244,94,640,0,14,0.528125
1,mcr,rabvs_budgeted_random_parts,4,5244,94,768,4,18,0.5221354166666666
1,mcr,rabvs_budgeted_random_parts,5,5244,94,896,0,18,0.5267857142857143
1,mcr,rabvs_budgeted_random_parts,6,5244,94,1024,10,28,0.5302734375
2,mcr,boba_ucb,1,5244,94,384,76,84,0.4348958333333333
2,mcr,boba_ucb,2,5244,94,512,3,87,0.501953125
2,mcr,boba_ucb,3,5244,94,640,0,87,0.490625
2,mcr,boba_ucb,4,5244,94,768,0,87,0.4869791666666667
2,mcr,boba_ucb,5,5244,94,896,0,87,0.47433035714285715
2,mcr,boba_ucb,6,5244,94,1024,0,87,0.4912109375
2,mcr,rabvs_budgeted_reliable,1,5244,94,384,76,84,0.4348958333333333
2,mcr,rabvs_budgeted_reliable,2,5244,94,512,3,87,0.501953125
2,mcr,rabvs_budgeted_reliable,3,5244,94,640,0,87,0.490625
2,mcr,rabvs_budgeted_reliable,4,5244,94,768,0,87,0.4869791666666667
2,mcr,rabvs_budgeted_reliable,5,5244,94,896,0,87,0.47433035714285715
2,mcr,rabvs_budgeted_reliable,6,5244,94,1024,0,87,0.4912109375
2,mcr,rabvs_budgeted_no_ucb,1,5244,94,384,76,84,0.4375
2,mcr,rabvs_budgeted_no_ucb,2,5244,94,512,3,87,0.49609375
2,mcr,rabvs_budgeted_no_ucb,3,5244,94,640,2,89,0.5
2,mcr,rabvs_budgeted_no_ucb,4,5244,94,768,0,89,0.5013020833333334
2,mcr,rabvs_budgeted_no_ucb,5,5244,94,896,0,89,0.5033482142857143
2,mcr,rabvs_budgeted_no_ucb,6,5244,94,1024,2,91,0.521484375
2,mcr,rabvs_budgeted_random_parts,1,5244,94,384,0,8,0.4661458333333333
2,mcr,rabvs_budgeted_random_parts,2,5244,94,512,0,8,0.462890625
2,mcr,rabvs_budgeted_random_parts,3,5244,94,640,10,18,0.44375
2,mcr,rabvs_budgeted_random_parts,4,5244,94,768,17,35,0.46875
2,mcr,rabvs_budgeted_random_parts,5,5244,94,896,1,36,0.47879464285714285
2,mcr,rabvs_budgeted_random_parts,6,5244,94,1024,0,36,0.4775390625
0,met,boba_ucb,1,11416,166,384,106,114,0.4453125
0,met,boba_ucb,2,11416,166,512,14,128,0.48046875
0,met,boba_ucb,3,11416,166,640,0,128,0.465625
0,met,boba_ucb,4,11416,166,768,0,128,0.44140625
0,met,boba_ucb,5,11416,166,896,0,128,0.45200892857142855
0,met,boba_ucb,6,11416,166,1024,0,128,0.4521484375
0,met,rabvs_budgeted_reliable,1,11416,166,384,106,114,0.4453125
0,met,rabvs_budgeted_reliable,2,11416,166,512,14,128,0.48046875
0,met,rabvs_budgeted_reliable,3,11416,166,640,0,128,0.465625
0,met,rabvs_budgeted_reliable,4,11416,166,768,0,128,0.44140625
0,met,rabvs_budgeted_reliable,5,11416,166,896,0,128,0.45200892857142855
0,met,rabvs_budgeted_reliable,6,11416,166,1024,0,128,0.4521484375
0,met,rabvs_budgeted_no_ucb,1,11416,166,384,110,118,0.4322916666666667
0,met,rabvs_budgeted_no_ucb,2,11416,166,512,26,144,0.458984375
0,met,rabvs_budgeted_no_ucb,3,11416,166,640,8,152,0.453125
0,met,rabvs_budgeted_no_ucb,4,11416,166,768,5,157,0.4453125
0,met,rabvs_budgeted_no_ucb,5,11416,166,896,0,157,0.45535714285714285
0,met,rabvs_budgeted_no_ucb,6,11416,166,1024,0,157,0.4306640625
0,met,rabvs_budgeted_random_parts,1,11416,166,384,28,36,0.4166666666666667
0,met,rabvs_budgeted_random_parts,2,11416,166,512,1,37,0.3984375
0,met,rabvs_budgeted_random_parts,3,11416,166,640,0,37,0.409375
0,met,rabvs_budgeted_random_parts,4,11416,166,768,0,37,0.4427083333333333
0,met,rabvs_budgeted_random_parts,5,11416,166,896,6,43,0.43973214285714285
0,met,rabvs_budgeted_random_parts,6,11416,166,1024,2,45,0.4541015625
1,met,boba_ucb,1,11416,166,384,107,115,0.4140625
1,met,boba_ucb,2,11416,166,512,11,126,0.435546875
1,met,boba_ucb,3,11416,166,640,1,127,0.503125
1,met,boba_ucb,4,11416,166,768,0,127,0.4700520833333333
1,met,boba_ucb,5,11416,166,896,1,128,0.45200892857142855
1,met,boba_ucb,6,11416,166,1024,0,128,0.44921875
1,met,rabvs_budgeted_reliable,1,11416,166,384,107,115,0.4140625
1,met,rabvs_budgeted_reliable,2,11416,166,512,11,126,0.435546875
1,met,rabvs_budgeted_reliable,3,11416,166,640,1,127,0.503125
1,met,rabvs_budgeted_reliable,4,11416,166,768,0,127,0.4700520833333333
1,met,rabvs_budgeted_reliable,5,11416,166,896,1,128,0.45200892857142855
1,met,rabvs_budgeted_reliable,6,11416,166,1024,0,128,0.44921875
1,met,rabvs_budgeted_no_ucb,1,11416,166,384,109,117,0.4166666666666667
1,met,rabvs_budgeted_no_ucb,2,11416,166,512,28,145,0.4140625
1,met,rabvs_budgeted_no_ucb,3,11416,166,640,4,149,0.4171875
1,met,rabvs_budgeted_no_ucb,4,11416,166,768,3,152,0.4739583333333333
1,met,rabvs_budgeted_no_ucb,5,11416,166,896,3,155,0.4453125
1,met,rabvs_budgeted_no_ucb,6,11416,166,1024,3,158,0.4384765625
1,met,rabvs_budgeted_random_parts,1,11416,166,384,0,8,0.421875
1,met,rabvs_budgeted_random_parts,2,11416,166,512,0,8,0.416015625
1,met,rabvs_budgeted_random_parts,3,11416,166,640,1,9,0.434375
1,met,rabvs_budgeted_random_parts,4,11416,166,768,0,9,0.4114583333333333
1,met,rabvs_budgeted_random_parts,5,11416,166,896,4,13,0.4341517857142857
1,met,rabvs_budgeted_random_parts,6,11416,166,1024,0,13,0.458984375
2,met,boba_ucb,1,11416,166,384,109,117,0.4427083333333333
2,met,boba_ucb,2,11416,166,512,9,126,0.423828125
2,met,boba_ucb,3,11416,166,640,0,126,0.440625
2,met,boba_ucb,4,11416,166,768,4,130,0.4036458333333333
2,met,boba_ucb,5,11416,166,896,0,130,0.42410714285714285
2,met,boba_ucb,6,11416,166,1024,0,130,0.439453125
2,met,rabvs_budgeted_reliable,1,11416,166,384,109,117,0.4427083333333333
2,met,rabvs_budgeted_reliable,2,11416,166,512,9,126,0.423828125
2,met,rabvs_budgeted_reliable,3,11416,166,640,0,126,0.440625
2,met,rabvs_budgeted_reliable,4,11416,166,768,4,130,0.4036458333333333
2,met,rabvs_budgeted_reliable,5,11416,166,896,0,130,0.42410714285714285
2,met,rabvs_budgeted_reliable,6,11416,166,1024,0,130,0.439453125
2,met,rabvs_budgeted_no_ucb,1,11416,166,384,116,124,0.4348958333333333
2,met,rabvs_budgeted_no_ucb,2,11416,166,512,23,147,0.416015625
2,met,rabvs_budgeted_no_ucb,3,11416,166,640,7,154,0.471875
2,met,rabvs_budgeted_no_ucb,4,11416,166,768,2,156,0.43359375
2,met,rabvs_budgeted_no_ucb,5,11416,166,896,1,157,0.45535714285714285
2,met,rabvs_budgeted_no_ucb,6,11416,166,1024,0,157,0.439453125
2,met,rabvs_budgeted_random_parts,1,11416,166,384,34,42,0.5
2,met,rabvs_budgeted_random_parts,2,11416,166,512,32,74,0.513671875
2,met,rabvs_budgeted_random_parts,3,11416,166,640,1,75,0.496875
2,met,rabvs_budgeted_random_parts,4,11416,166,768,8,83,0.4674479166666667
2,met,rabvs_budgeted_random_parts,5,11416,166,896,21,104,0.44308035714285715
2,met,rabvs_budgeted_random_parts,6,11416,166,1024,0,104,0.4453125
0,mk01,boba_ucb,1,4629,79,384,44,52,0.4296875
0,mk01,boba_ucb,2,4629,79,512,6,58,0.5078125
0,mk01,boba_ucb,3,4629,79,640,2,60,0.5203125
0,mk01,boba_ucb,4,4629,79,768,0,60,0.5234375
0,mk01,boba_ucb,5,4629,79,896,0,60,0.5
0,mk01,boba_ucb,6,4629,79,1024,0,60,0.4970703125
0,mk01,rabvs_budgeted_reliable,1,4629,79,384,44,52,0.4296875
0,mk01,rabvs_budgeted_reliable,2,4629,79,512,6,58,0.5078125
0,mk01,rabvs_budgeted_reliable,3,4629,79,640,2,60,0.5203125
0,mk01,rabvs_budgeted_reliable,4,4629,79,768,0,60,0.5234375
0,mk01,rabvs_budgeted_reliable,5,4629,79,896,0,60,0.5
0,mk01,rabvs_budgeted_reliable,6,4629,79,1024,0,60,0.4970703125
0,mk01,rabvs_budgeted_no_ucb,1,4629,79,384,48,56,0.4453125
0,mk01,rabvs_budgeted_no_ucb,2,4629,79,512,6,62,0.45703125
0,mk01,rabvs_budgeted_no_ucb,3,4629,79,640,6,68,0.4609375
0,mk01,rabvs_budgeted_no_ucb,4,4629,79,768,7,75,0.4518229166666667
0,mk01,rabvs_budgeted_no_ucb,5,4629,79,896,0,75,0.4720982142857143
0,mk01,rabvs_budgeted_no_ucb,6,4629,79,1024,1,76,0.48046875
0,mk01,rabvs_budgeted_random_parts,1,4629,79,384,11,19,0.5130208333333334
0,mk01,rabvs_budgeted_random_parts,2,4629,79,512,0,19,0.47265625
0,mk01,rabvs_budgeted_random_parts,3,4629,79,640,0,19,0.53125
0,mk01,rabvs_budgeted_random_parts,4,4629,79,768,20,39,0.51953125
0,mk01,rabvs_budgeted_random_parts,5,4629,79,896,0,39,0.5334821428571429
0,mk01,rabvs_budgeted_random_parts,6,4629,79,1024,2,41,0.541015625
1,mk01,boba_ucb,1,4629,79,384,56,64,0.4635416666666667
1,mk01,boba_ucb,2,4629,79,512,1,65,0.48046875
1,mk01,boba_ucb,3,4629,79,640,0,65,0.4734375
1,mk01,boba_ucb,4,4629,79,768,0,65,0.4765625
1,mk01,boba_ucb,5,4629,79,896,0,65,0.47098214285714285
1,mk01,boba_ucb,6,4629,79,1024,3,68,0.501953125
1,mk01,rabvs_budgeted_reliable,1,4629,79,384,56,64,0.4635416666666667
1,mk01,rabvs_budgeted_reliable,2,4629,79,512,1,65,0.48046875
1,mk01,rabvs_budgeted_reliable,3,4629,79,640,0,65,0.4734375
1,mk01,rabvs_budgeted_reliable,4,4629,79,768,0,65,0.4765625
1,mk01,rabvs_budgeted_reliable,5,4629,79,896,0,65,0.47098214285714285
1,mk01,rabvs_budgeted_reliable,6,4629,79,1024,3,68,0.501953125
1,mk01,rabvs_budgeted_no_ucb,1,4629,79,384,60,68,0.4713541666666667
1,mk01,rabvs_budgeted_no_ucb,2,4629,79,512,5,73,0.455078125
1,mk01,rabvs_budgeted_no_ucb,3,4629,79,640,0,73,0.4625
1,mk01,rabvs_budgeted_no_ucb,4,4629,79,768,0,73,0.4635416666666667
1,mk01,rabvs_budgeted_no_ucb,5,4629,79,896,0,73,0.48660714285714285
1,mk01,rabvs_budgeted_no_ucb,6,4629,79,1024,0,73,0.509765625
1,mk01,rabvs_budgeted_random_parts,1,4629,79,384,0,8,0.5208333333333334
1,mk01,rabvs_budgeted_random_parts,2,4629,79,512,1,9,0.4921875
1,mk01,rabvs_budgeted_random_parts,3,4629,79,640,3,12,0.51875
1,mk01,rabvs_budgeted_random_parts,4,4629,79,768,1,13,0.5130208333333334
1,mk01,rabvs_budgeted_random_parts,5,4629,79,896,7,20,0.5223214285714286
1,mk01,rabvs_budgeted_random_parts,6,4629,79,1024,0,20,0.5419921875
2,mk01,boba_ucb,1,4629,79,384,49,57,0.46875
2,mk01,boba_ucb,2,4629,79,512,4,61,0.44921875
2,mk01,boba_ucb,3,4629,79,640,0,61,0.4359375
2,mk01,boba_ucb,4,4629,79,768,0,61,0.4075520833333333
2,mk01,boba_ucb,5,4629,79,896,0,61,0.4107142857142857
2,mk01,boba_ucb,6,4629,79,1024,0,61,0.4404296875
2,mk01,rabvs_budgeted_reliable,1,4629,79,384,49,57,0.46875
2,mk01,rabvs_budgeted_reliable,2,4629,79,512,4,61,0.44921875
2,mk01,rabvs_budgeted_reliable,3,4629,79,640,0,61,0.4359375
2,mk01,rabvs_budgeted_reliable,4,4629,79,768,0,61,0.4075520833333333
2,mk01,rabvs_budgeted_reliable,5,4629,79,896,0,61,0.4107142857142857
2,mk01,rabvs_budgeted_reliable,6,4629,79,1024,0,61,0.4404296875
2,mk01,rabvs_budgeted_no_ucb,1,4629,79,384,52,60,0.4817708333333333
2,mk01,rabvs_budgeted_no_ucb,2,4629,79,512,2,62,0.482421875
2,mk01,rabvs_budgeted_no_ucb,3,4629,79,640,4,66,0.4453125
2,mk01,rabvs_budgeted_no_ucb,4,4629,79,768,3,69,0.4505208333333333
2,mk01,rabvs_budgeted_no_ucb,5,4629,79,896,5,74,0.48549107142857145
2,mk01,rabvs_budgeted_no_ucb,6,4629,79,1024,2,76,0.4931640625
2,mk01,rabvs_budgeted_random_parts,1,4629,79,384,21,29,0.515625
2,mk01,rabvs_budgeted_random_parts,2,4629,79,512,0,29,0.513671875
2,mk01,rabvs_budgeted_random_parts,3,4629,79,640,0,29,0.50625
2,mk01,rabvs_budgeted_random_parts,4,4629,79,768,0,29,0.515625
2,mk01,rabvs_budgeted_random_parts,5,4629,79,896,0,29,0.5178571428571429
2,mk01,rabvs_budgeted_random_parts,6,4629,79,1024,0,29,0.4892578125
0,mk10,boba_ucb,1,6704,104,384,62,70,0.4114583333333333
0,mk10,boba_ucb,2,6704,104,512,11,81,0.41796875
0,mk10,boba_ucb,3,6704,104,640,1,82,0.490625
0,mk10,boba_ucb,4,6704,104,768,2,84,0.4622395833333333
0,mk10,boba_ucb,5,6704,104,896,6,90,0.4609375
0,mk10,boba_ucb,6,6704,104,1024,0,90,0.4697265625
0,mk10,rabvs_budgeted_reliable,1,6704,104,384,62,70,0.4114583333333333
0,mk10,rabvs_budgeted_reliable,2,6704,104,512,11,81,0.41796875
0,mk10,rabvs_budgeted_reliable,3,6704,104,640,1,82,0.490625
0,mk10,rabvs_budgeted_reliable,4,6704,104,768,2,84,0.4622395833333333
0,mk10,rabvs_budgeted_reliable,5,6704,104,896,6,90,0.4609375
0,mk10,rabvs_budgeted_reliable,6,6704,104,1024,0,90,0.4697265625
0,mk10,rabvs_budgeted_no_ucb,1,6704,104,384,67,75,0.3932291666666667
0,mk10,rabvs_budgeted_no_ucb,2,6704,104,512,10,85,0.388671875
0,mk10,rabvs_budgeted_no_ucb,3,6704,104,640,1,86,0.4375
0,mk10,rabvs_budgeted_no_ucb,4,6704,104,768,2,88,0.4453125
0,mk10,rabvs_budgeted_no_ucb,5,6704,104,896,0,88,0.46205357142857145
0,mk10,rabvs_budgeted_no_ucb,6,6704,104,1024,2,90,0.4560546875
0,mk10,rabvs_budgeted_random_parts,1,6704,104,384,0,8,0.4557291666666667
0,mk10,rabvs_budgeted_random_parts,2,6704,104,512,0,8,0.466796875
0,mk10,rabvs_budgeted_random_parts,3,6704,104,640,13,21,0.459375
0,mk10,rabvs_budgeted_random_parts,4,6704,104,768,2,23,0.4583333333333333
0,mk10,rabvs_budgeted_random_parts,5,6704,104,896,9,32,0.46763392857142855
0,mk10,rabvs_budgeted_random_parts,6,6704,104,1024,0,32,0.470703125
1,mk10,boba_ucb,1,6704,104,384,59,67,0.4088541666666667
1,mk10,boba_ucb,2,6704,104,512,3,70,0.4453125
1,mk10,boba_ucb,3,6704,104,640,1,71,0.44375
1,mk10,boba_ucb,4,6704,104,768,5,76,0.4427083333333333
1,mk10,boba_ucb,5,6704,104,896,5,81,0.4486607142857143
1,mk10,boba_ucb,6,6704,104,1024,0,81,0.4501953125
1,mk10,rabvs_budgeted_reliable,1,6704,104,384,59,67,0.4088541666666667
1,mk10,rabvs_budgeted_reliable,2,6704,104,512,3,70,0.4453125
1,mk10,rabvs_budgeted_reliable,3,6704,104,640,1,71,0.44375
1,mk10,rabvs_budgeted_reliable,4,6704,104,768,5,76,0.4427083333333333
1,mk10,rabvs_budgeted_reliable,5,6704,104,896,5,81,0.4486607142857143
1,mk10,rabvs_budgeted_reliable,6,6704,104,1024,0,81,0.4501953125
1,mk10,rabvs_budgeted_no_ucb,1,6704,104,384,67,75,0.4036458333333333
1,mk10,rabvs_budgeted_no_ucb,2,6704,104,512,8,83,0.412109375
1,mk10,rabvs_budgeted_no_ucb,3,6704,104,640,6,89,0.4125
1,mk10,rabvs_budgeted_no_ucb,4,6704,104,768,5,94,0.4361979166666667
1,mk10,rabvs_budgeted_no_ucb,5,6704,104,896,2,96,0.45870535714285715
1,mk10,rabvs_budgeted_no_ucb,6,6704,104,1024,0,96,0.4697265625
1,mk10,rabvs_budgeted_random_parts,1,6704,104,384,0,8,0.4791666666666667
1,mk10,rabvs_budgeted_random_parts,2,6704,104,512,1,9,0.46484375
1,mk10,rabvs_budgeted_random_parts,3,6704,104,640,7,16,0.4578125
1,mk10,rabvs_budgeted_random_parts,4,6704,104,768,0,16,0.4375
1,mk10,rabvs_budgeted_random_parts,5,6704,104,896,21,37,0.4375
1,mk10,rabvs_budgeted_random_parts,6,6704,104,1024,0,37,0.44140625
2,mk10,boba_ucb,1,6704,104,384,61,69,0.3984375
2,mk10,boba_ucb,2,6704,104,512,0,69,0.431640625
2,mk10,boba_ucb,3,6704,104,640,1,70,0.4296875
2,mk10,boba_ucb,4,6704,104,768,1,71,0.4088541666666667
2,mk10,boba_ucb,5,6704,104,896,0,71,0.40625
2,mk10,boba_ucb,6,6704,104,1024,1,72,0.3896484375
2,mk10,rabvs_budgeted_reliable,1,6704,104,384,61,69,0.3984375
2,mk10,rabvs_budgeted_reliable,2,6704,104,512,0,69,0.431640625
2,mk10,rabvs_budgeted_reliable,3,6704,104,640,1,70,0.4296875
2,mk10,rabvs_budgeted_reliable,4,6704,104,768,1,71,0.4088541666666667
2,mk10,rabvs_budgeted_reliable,5,6704,104,896,0,71,0.40625
2,mk10,rabvs_budgeted_reliable,6,6704,104,1024,1,72,0.3896484375
2,mk10,rabvs_budgeted_no_ucb,1,6704,104,384,62,70,0.4010416666666667
2,mk10,rabvs_budgeted_no_ucb,2,6704,104,512,12,82,0.384765625
2,mk10,rabvs_budgeted_no_ucb,3,6704,104,640,0,82,0.39375
2,mk10,rabvs_budgeted_no_ucb,4,6704,104,768,2,84,0.40625
2,mk10,rabvs_budgeted_no_ucb,5,6704,104,896,1,85,0.4185267857142857
2,mk10,rabvs_budgeted_no_ucb,6,6704,104,1024,0,85,0.42578125
2,mk10,rabvs_budgeted_random_parts,1,6704,104,384,4,12,0.4817708333333333
2,mk10,rabvs_budgeted_random_parts,2,6704,104,512,1,13,0.447265625
2,mk10,rabvs_budgeted_random_parts,3,6704,104,640,7,20,0.4671875
2,mk10,rabvs_budgeted_random_parts,4,6704,104,768,1,21,0.4583333333333333
2,mk10,rabvs_budgeted_random_parts,5,6704,104,896,0,21,0.46651785714285715
2,mk10,rabvs_budgeted_random_parts,6,6704,104,1024,7,28,0.4521484375
0,mk14,boba_ucb,1,36428,578,384,118,126,0.359375
0,mk14,boba_ucb,2,36428,578,512,86,212,0.33203125
0,mk14,boba_ucb,3,36428,578,640,4,216,0.3625
0,mk14,boba_ucb,4,36428,578,768,35,251,0.3723958333333333
0,mk14,boba_ucb,5,36428,578,896,7,258,0.3783482142857143
0,mk14,boba_ucb,6,36428,578,1024,0,258,0.376953125
0,mk14,rabvs_budgeted_reliable,1,36428,578,384,118,126,0.359375
0,mk14,rabvs_budgeted_reliable,2,36428,578,512,86,212,0.33203125
0,mk14,rabvs_budgeted_reliable,3,36428,578,640,4,216,0.3625
0,mk14,rabvs_budgeted_reliable,4,36428,578,768,35,251,0.3723958333333333
0,mk14,rabvs_budgeted_reliable,5,36428,578,896,7,258,0.3783482142857143
0,mk14,rabvs_budgeted_reliable,6,36428,578,1024,0,258,0.376953125
0,mk14,rabvs_budgeted_no_ucb,1,36428,578,384,119,127,0.3567708333333333
0,mk14,rabvs_budgeted_no_ucb,2,36428,578,512,113,240,0.314453125
0,mk14,rabvs_budgeted_no_ucb,3,36428,578,640,106,346,0.2828125
0,mk14,rabvs_budgeted_no_ucb,4,36428,578,768,90,436,0.2734375
0,mk14,rabvs_budgeted_no_ucb,5,36428,578,896,34,470,0.28683035714285715
0,mk14,rabvs_budgeted_no_ucb,6,36428,578,1024,25,495,0.296875
0,mk14,rabvs_budgeted_random_parts,1,36428,578,384,95,103,0.3359375
0,mk14,rabvs_budgeted_random_parts,2,36428,578,512,1,104,0.359375
0,mk14,rabvs_budgeted_random_parts,3,36428,578,640,0,104,0.3796875
0,mk14,rabvs_budgeted_random_parts,4,36428,578,768,14,118,0.3541666666666667
0,mk14,rabvs_budgeted_random_parts,5,36428,578,896,7,125,0.38169642857142855
0,mk14,rabvs_budgeted_random_parts,6,36428,578,1024,1,126,0.3759765625
1,mk14,boba_ucb,1,36428,578,384,119,127,0.359375
1,mk14,boba_ucb,2,36428,578,512,52,179,0.365234375
1,mk14,boba_ucb,3,36428,578,640,8,187,0.3984375
1,mk14,boba_ucb,4,36428,578,768,108,295,0.3684895833333333
1,mk14,boba_ucb,5,36428,578,896,0,295,0.38839285714285715
1,mk14,boba_ucb,6,36428,578,1024,5,300,0.392578125
1,mk14,rabvs_budgeted_reliable,1,36428,578,384,119,127,0.359375
1,mk14,rabvs_budgeted_reliable,2,36428,578,512,52,179,0.365234375
1,mk14,rabvs_budgeted_reliable,3,36428,578,640,8,187,0.3984375
1,mk14,rabvs_budgeted_reliable,4,36428,578,768,108,295,0.3684895833333333
1,mk14,rabvs_budgeted_reliable,5,36428,578,896,0,295,0.38839285714285715
1,mk14,rabvs_budgeted_reliable,6,36428,578,1024,5,300,0.392578125
1,mk14,rabvs_budgeted_no_ucb,1,36428,578,384,120,128,0.359375
1,mk14,rabvs_budgeted_no_ucb,2,36428,578,512,124,252,0.30078125
1,mk14,rabvs_budgeted_no_ucb,3,36428,578,640,106,358,0.28125
1,mk14,rabvs_budgeted_no_ucb,4,36428,578,768,45,403,0.3020833333333333
1,mk14,rabvs_budgeted_no_ucb,5,36428,578,896,38,441,0.30357142857142855
1,mk14,rabvs_budgeted_no_ucb,6,36428,578,1024,12,453,0.3115234375
1,mk14,rabvs_budgeted_random_parts,1,36428,578,384,4,12,0.4348958333333333
1,mk14,rabvs_budgeted_random_parts,2,36428,578,512,21,33,0.4140625
1,mk14,rabvs_budgeted_random_parts,3,36428,578,640,4,37,0.4046875
1,mk14,rabvs_budgeted_random_parts,4,36428,578,768,88,125,0.3697916666666667
1,mk14,rabvs_budgeted_random_parts,5,36428,578,896,18,143,0.3705357142857143
1,mk14,rabvs_budgeted_random_parts,6,36428,578,1024,5,148,0.39453125
2,mk14,boba_ucb,1,36428,578,384,128,136,0.375
2,mk14,boba_ucb,2,36428,578,512,22,158,0.36328125
2,mk14,boba_ucb,3,36428,578,640,16,174,0.3921875
2,mk14,boba_ucb,4,36428,578,768,9,183,0.3802083333333333
2,mk14,boba_ucb,5,36428,578,896,7,190,0.3783482142857143
2,mk14,boba_ucb,6,36428,578,1024,0,190,0.3525390625
2,mk14,rabvs_budgeted_reliable,1,36428,578,384,128,136,0.375
2,mk14,rabvs_budgeted_reliable,2,36428,578,512,22,158,0.36328125
2,mk14,rabvs_budgeted_reliable,3,36428,578,640,16,174,0.3921875
2,mk14,rabvs_budgeted_reliable,4,36428,578,768,9,183,0.3802083333333333
2,mk14,rabvs_budgeted_reliable,5,36428,578,896,7,190,0.3783482142857143
2,mk14,rabvs_budgeted_reliable,6,36428,578,1024,0,190,0.3525390625
2,mk14,rabvs_budgeted_no_ucb,1,36428,578,384,128,136,0.375
2,mk14,rabvs_budgeted_no_ucb,2,36428,578,512,122,258,0.306640625
2,mk14,rabvs_budgeted_no_ucb,3,36428,578,640,109,367,0.284375
2,mk14,rabvs_budgeted_no_ucb,4,36428,578,768,43,410,0.28515625
2,mk14,rabvs_budgeted_no_ucb,5,36428,578,896,19,429,0.28348214285714285
2,mk14,rabvs_budgeted_no_ucb,6,36428,578,1024,19,448,0.2919921875
2,mk14,rabvs_budgeted_random_parts,1,36428,578,384,93,101,0.4296875
2,mk14,rabvs_budgeted_random_parts,2,36428,578,512,16,117,0.3671875
2,mk14,rabvs_budgeted_random_parts,3,36428,578,640,6,123,0.365625
2,mk14,rabvs_budgeted_random_parts,4,36428,578,768,4,127,0.3489583333333333
2,mk14,rabvs_budgeted_random_parts,5,36428,578,896,7,134,0.3392857142857143
2,mk14,rabvs_budgeted_random_parts,6,36428,578,1024,0,134,0.3388671875
0,mmp13,boba_ucb,1,37772,572,384,128,136,0.6588541666666666
0,mmp13,boba_ucb,2,37772,572,512,21,157,0.625
0,mmp13,boba_ucb,3,37772,572,640,27,184,0.5640625
0,mmp13,boba_ucb,4,37772,572,768,26,210,0.54296875
0,mmp13,boba_ucb,5,37772,572,896,1,211,0.5714285714285714
0,mmp13,boba_ucb,6,37772,572,1024,1,212,0.5693359375
0,mmp13,rabvs_budgeted_reliable,1,37772,572,384,128,136,0.6588541666666666
0,mmp13,rabvs_budgeted_reliable,2,37772,572,512,21,157,0.625
0,mmp13,rabvs_budgeted_reliable,3,37772,572,640,27,184,0.5640625
0,mmp13,rabvs_budgeted_reliable,4,37772,572,768,26,210,0.54296875
0,mmp13,rabvs_budgeted_reliable,5,37772,572,896,1,211,0.5714285714285714
0,mmp13,rabvs_budgeted_reliable,6,37772,572,1024,1,212,0.5693359375
0,mmp13,rabvs_budgeted_no_ucb,1,37772,572,384,128,136,0.6588541666666666
0,mmp13,rabvs_budgeted_no_ucb,2,37772,572,512,128,264,0.73828125
0,mmp13,rabvs_budgeted_no_ucb,3,37772,572,640,114,378,0.7625
0,mmp13,rabvs_budgeted_no_ucb,4,37772,572,768,35,413,0.72265625
0,mmp13,rabvs_budgeted_no_ucb,5,37772,572,896,31,444,0.6741071428571429
0,mmp13,rabvs_budgeted_no_ucb,6,37772,572,1024,43,487,0.6806640625
0,mmp13,rabvs_budgeted_random_parts,1,37772,572,384,19,27,0.5130208333333334
0,mmp13,rabvs_budgeted_random_parts,2,37772,572,512,30,57,0.5
0,mmp13,rabvs_budgeted_random_parts,3,37772,572,640,2,59,0.471875
0,mmp13,rabvs_budgeted_random_parts,4,37772,572,768,2,61,0.4778645833333333
0,mmp13,rabvs_budgeted_random_parts,5,37772,572,896,2,63,0.4765625
0,mmp13,rabvs_budgeted_random_parts,6,37772,572,1024,10,73,0.4765625
1,mmp13,boba_ucb,1,37772,572,384,128,136,0.6666666666666666
1,mmp13,boba_ucb,2,37772,572,512,49,185,0.65625
1,mmp13,boba_ucb,3,37772,572,640,12,197,0.6296875
1,mmp13,boba_ucb,4,37772,572,768,19,216,0.6393229166666666
1,mmp13,boba_ucb,5,37772,572,896,12,228,0.6383928571428571
1,mmp13,boba_ucb,6,37772,572,1024,0,228,0.587890625
1,mmp13,rabvs_budgeted_reliable,1,37772,572,384,128,136,0.6666666666666666
1,mmp13,rabvs_budgeted_reliable,2,37772,572,512,49,185,0.65625
1,mmp13,rabvs_budgeted_reliable,3,37772,572,640,12,197,0.6296875
1,mmp13,rabvs_budgeted_reliable,4,37772,572,768,19,216,0.6393229166666666
1,mmp13,rabvs_budgeted_reliable,5,37772,572,896,12,228,0.6383928571428571
1,mmp13,rabvs_budgeted_reliable,6,37772,572,1024,0,228,0.587890625
1,mmp13,rabvs_budgeted_no_ucb,1,37772,572,384,128,136,0.6666666666666666
1,mmp13,rabvs_budgeted_no_ucb,2,37772,572,512,128,264,0.73828125
1,mmp13,rabvs_budgeted_no_ucb,3,37772,572,640,112,376,0.7515625
1,mmp13,rabvs_budgeted_no_ucb,4,37772,572,768,63,439,0.7044270833333334
1,mmp13,rabvs_budgeted_no_ucb,5,37772,572,896,20,459,0.6741071428571429
1,mmp13,rabvs_budgeted_no_ucb,6,37772,572,1024,12,471,0.658203125
1,mmp13,rabvs_budgeted_random_parts,1,37772,572,384,15,23,0.5885416666666666
1,mmp13,rabvs_budgeted_random_parts,2,37772,572,512,19,42,0.556640625
1,mmp13,rabvs_budgeted_random_parts,3,37772,572,640,3,45,0.5375
1,mmp13,rabvs_budgeted_random_parts,4,37772,572,768,4,49,0.53125
1,mmp13,rabvs_budgeted_random_parts,5,37772,572,896,42,91,0.5290178571428571
1,mmp13,rabvs_budgeted_random_parts,6,37772,572,1024,14,105,0.5322265625
2,mmp13,boba_ucb,1,37772,572,384,128,136,0.6510416666666666
2,mmp13,boba_ucb,2,37772,572,512,66,202,0.669921875
2,mmp13,boba_ucb,3,37772,572,640,9,211,0.621875
2,mmp13,boba_ucb,4,37772,572,768,12,223,0.6158854166666666
2,mmp13,boba_ucb,5,37772,572,896,7,230,0.6160714285714286
2,mmp13,boba_ucb,6,37772,572,1024,1,231,0.595703125
2,mmp13,rabvs_budgeted_reliable,1,37772,572,384,128,136,0.6510416666666666
2,mmp13,rabvs_budgeted_reliable,2,37772,572,512,66,202,0.669921875
2,mmp13,rabvs_budgeted_reliable,3,37772,572,640,9,211,0.621875
2,mmp13,rabvs_budgeted_reliable,4,37772,572,768,12,223,0.6158854166666666
2,mmp13,rabvs_budgeted_reliable,5,37772,572,896,7,230,0.6160714285714286
2,mmp13,rabvs_budgeted_reliable,6,37772,572,1024,1,231,0.595703125
2,mmp13,rabvs_budgeted_no_ucb,1,37772,572,384,128,136,0.6510416666666666
2,mmp13,rabvs_budgeted_no_ucb,2,37772,572,512,128,264,0.724609375
2,mmp13,rabvs_budgeted_no_ucb,3,37772,572,640,105,369,0.753125
2,mmp13,rabvs_budgeted_no_ucb,4,37772,572,768,62,431,0.7317708333333334
2,mmp13,rabvs_budgeted_no_ucb,5,37772,572,896,33,464,0.7109375
2,mmp13,rabvs_budgeted_no_ucb,6,37772,572,1024,29,493,0.7021484375
2,mmp13,rabvs_budgeted_random_parts,1,37772,572,384,36,44,0.5546875
2,mmp13,rabvs_budgeted_random_parts,2,37772,572,512,128,172,0.640625
2,mmp13,rabvs_budgeted_random_parts,3,37772,572,640,4,176,0.603125
2,mmp13,rabvs_budgeted_random_parts,4,37772,572,768,1,177,0.6028645833333334
2,mmp13,rabvs_budgeted_random_parts,5,37772,572,896,5,182,0.5970982142857143
2,mmp13,rabvs_budgeted_random_parts,6,37772,572,1024,10,192,0.62890625
0,mp2k1,boba_ucb,1,8271,121,384,83,91,0.4921875
0,mp2k1,boba_ucb,2,8271,121,512,6,97,0.5078125
0,mp2k1,boba_ucb,3,8271,121,640,2,99,0.49375
0,mp2k1,boba_ucb,4,8271,121,768,1,100,0.5325520833333334
0,mp2k1,boba_ucb,5,8271,121,896,0,100,0.5368303571428571
0,mp2k1,boba_ucb,6,8271,121,1024,3,103,0.5107421875
0,mp2k1,rabvs_budgeted_reliable,1,8271,121,384,83,91,0.4921875
0,mp2k1,rabvs_budgeted_reliable,2,8271,121,512,6,97,0.5078125
0,mp2k1,rabvs_budgeted_reliable,3,8271,121,640,2,99,0.49375
0,mp2k1,rabvs_budgeted_reliable,4,8271,121,768,1,100,0.5325520833333334
0,mp2k1,rabvs_budgeted_reliable,5,8271,121,896,0,100,0.5368303571428571
0,mp2k1,rabvs_budgeted_reliable,6,8271,121,1024,3,103,0.5107421875
0,mp2k1,rabvs_budgeted_no_ucb,1,8271,121,384,86,94,0.4895833333333333
0,mp2k1,rabvs_budgeted_no_ucb,2,8271,121,512,10,104,0.546875
0,mp2k1,rabvs_budgeted_no_ucb,3,8271,121,640,3,107,0.565625
0,mp2k1,rabvs_budgeted_no_ucb,4,8271,121,768,2,109,0.5494791666666666
0,mp2k1,rabvs_budgeted_no_ucb,5,8271,121,896,2,111,0.5334821428571429
0,mp2k1,rabvs_budgeted_no_ucb,6,8271,121,1024,3,114,0.5400390625
0,mp2k1,rabvs_budgeted_random_parts,1,8271,121,384,0,8,0.5182291666666666
0,mp2k1,rabvs_budgeted_random_parts,2,8271,121,512,2,10,0.5
0,mp2k1,rabvs_budgeted_random_parts,3,8271,121,640,1,11,0.4953125
0,mp2k1,rabvs_budgeted_random_parts,4,8271,121,768,6,17,0.4934895833333333
0,mp2k1,rabvs_budgeted_random_parts,5,8271,121,896,44,61,0.49330357142857145
0,mp2k1,rabvs_budgeted_random_parts,6,8271,121,1024,1,62,0.478515625
1,mp2k1,boba_ucb,1,8271,121,384,61,69,0.4895833333333333
1,mp2k1,boba_ucb,2,8271,121,512,21,90,0.521484375
1,mp2k1,boba_ucb,3,8271,121,640,5,95,0.515625
1,mp2k1,boba_ucb,4,8271,121,768,1,96,0.49609375
1,mp2k1,boba_ucb,5,8271,121,896,0,96,0.4921875
1,mp2k1,boba_ucb,6,8271,121,1024,0,96,0.4912109375
1,mp2k1,rabvs_budgeted_reliable,1,8271,121,384,61,69,0.4895833333333333
1,mp2k1,rabvs_budgeted_reliable,2,8271,121,512,21,90,0.521484375
1,mp2k1,rabvs_budgeted_reliable,3,8271,121,640,5,95,0.515625
1,mp2k1,rabvs_budgeted_reliable,4,8271,121,768,1,96,0.49609375
1,mp2k1,rabvs_budgeted_reliable,5,8271,121,896,0,96,0.4921875
1,mp2k1,rabvs_budgeted_reliable,6,8271,121,1024,0,96,0.4912109375
1,mp2k1,rabvs_budgeted_no_ucb,1,8271,121,384,62,70,0.4921875
1,mp2k1,rabvs_budgeted_no_ucb,2,8271,121,512,32,102,0.56640625
1,mp2k1,rabvs_budgeted_no_ucb,3,8271,121,640,8,110,0.5484375
1,mp2k1,rabvs_budgeted_no_ucb,4,8271,121,768,5,115,0.5455729166666666
1,mp2k1,rabvs_budgeted_no_ucb,5,8271,121,896,0,115,0.5591517857142857
1,mp2k1,rabvs_budgeted_no_ucb,6,8271,121,1024,1,116,0.548828125
1,mp2k1,rabvs_budgeted_random_parts,1,8271,121,384,1,9,0.5182291666666666
1,mp2k1,rabvs_budgeted_random_parts,2,8271,121,512,0,9,0.5390625
1,mp2k1,rabvs_budgeted_random_parts,3,8271,121,640,0,9,0.4953125
1,mp2k1,rabvs_budgeted_random_parts,4,8271,121,768,0,9,0.4934895833333333
1,mp2k1,rabvs_budgeted_random_parts,5,8271,121,896,22,31,0.484375
1,mp2k1,rabvs_budgeted_random_parts,6,8271,121,1024,9,40,0.4912109375
2,mp2k1,boba_ucb,1,8271,121,384,79,87,0.4895833333333333
2,mp2k1,boba_ucb,2,8271,121,512,1,88,0.53515625
2,mp2k1,boba_ucb,3,8271,121,640,4,92,0.5390625
2,mp2k1,boba_ucb,4,8271,121,768,1,93,0.51953125
2,mp2k1,boba_ucb,5,8271,121,896,1,94,0.5066964285714286
2,mp2k1,boba_ucb,6,8271,121,1024,0,94,0.5
2,mp2k1,rabvs_budgeted_reliable,1,8271,121,384,79,87,0.4895833333333333
2,mp2k1,rabvs_budgeted_reliable,2,8271,121,512,1,88,0.53515625
2,mp2k1,rabvs_budgeted_reliable,3,8271,121,640,4,92,0.5390625
2,mp2k1,rabvs_budgeted_reliable,4,8271,121,768,1,93,0.51953125
2,mp2k1,rabvs_budgeted_reliable,5,8271,121,896,1,94,0.5066964285714286
2,mp2k1,rabvs_budgeted_reliable,6,8271,121,1024,0,94,0.5
2,mp2k1,rabvs_budgeted_no_ucb,1,8271,121,384,79,87,0.4947916666666667
2,mp2k1,rabvs_budgeted_no_ucb,2,8271,121,512,8,95,0.50390625
2,mp2k1,rabvs_budgeted_no_ucb,3,8271,121,640,6,101,0.534375
2,mp2k1,rabvs_budgeted_no_ucb,4,8271,121,768,4,105,0.53125
2,mp2k1,rabvs_budgeted_no_ucb,5,8271,121,896,4,109,0.5245535714285714
2,mp2k1,rabvs_budgeted_no_ucb,6,8271,121,1024,2,111,0.4921875
2,mp2k1,rabvs_budgeted_random_parts,1,8271,121,384,7,15,0.4453125
2,mp2k1,rabvs_budgeted_random_parts,2,8271,121,512,5,20,0.482421875
2,mp2k1,rabvs_budgeted_random_parts,3,8271,121,640,3,23,0.5125
2,mp2k1,rabvs_budgeted_random_parts,4,8271,121,768,3,26,0.4973958333333333
2,mp2k1,rabvs_budgeted_random_parts,5,8271,121,896,0,26,0.49330357142857145
2,mp2k1,rabvs_budgeted_random_parts,6,8271,121,1024,0,26,0.486328125
0,nos1,boba_ucb,1,8150,100,384,53,61,0.328125
0,nos1,boba_ucb,2,8150,100,512,6,67,0.33984375
0,nos1,boba_ucb,3,8150,100,640,1,68,0.35625
0,nos1,boba_ucb,4,8150,100,768,3,71,0.3450520833333333
0,nos1,boba_ucb,5,8150,100,896,5,76,0.3470982142857143
0,nos1,boba_ucb,6,8150,100,1024,0,76,0.322265625
0,nos1,rabvs_budgeted_reliable,1,8150,100,384,53,61,0.328125
0,nos1,rabvs_budgeted_reliable,2,8150,100,512,6,67,0.33984375
0,nos1,rabvs_budgeted_reliable,3,8150,100,640,1,68,0.35625
0,nos1,rabvs_budgeted_reliable,4,8150,100,768,3,71,0.3450520833333333
0,nos1,rabvs_budgeted_reliable,5,8150,100,896,5,76,0.3470982142857143
0,nos1,rabvs_budgeted_reliable,6,8150,100,1024,0,76,0.322265625
0,nos1,rabvs_budgeted_no_ucb,1,8150,100,384,68,76,0.3177083333333333
0,nos1,rabvs_budgeted_no_ucb,2,8150,100,512,6,82,0.34375
0,nos1,rabvs_budgeted_no_ucb,3,8150,100,640,1,83,0.3703125
0,nos1,rabvs_budgeted_no_ucb,4,8150,100,768,4,87,0.3567708333333333
0,nos1,rabvs_budgeted_no_ucb,5,8150,100,896,3,90,0.36830357142857145
0,nos1,rabvs_budgeted_no_ucb,6,8150,100,1024,0,90,0.3857421875
0,nos1,rabvs_budgeted_random_parts,1,8150,100,384,15,23,0.2838541666666667
0,nos1,rabvs_budgeted_random_parts,2,8150,100,512,2,25,0.328125
0,nos1,rabvs_budgeted_random_parts,3,8150,100,640,0,25,0.3328125
0,nos1,rabvs_budgeted_random_parts,4,8150,100,768,16,41,0.375
0,nos1,rabvs_budgeted_random_parts,5,8150,100,896,0,41,0.38169642857142855
0,nos1,rabvs_budgeted_random_parts,6,8150,100,1024,3,44,0.3779296875
1,nos1,boba_ucb,1,8150,100,384,35,43,0.3671875
1,nos1,boba_ucb,2,8150,100,512,18,61,0.34765625
1,nos1,boba_ucb,3,8150,100,640,2,63,0.3953125
1,nos1,boba_ucb,4,8150,100,768,2,65,0.3971354166666667
1,nos1,boba_ucb,5,8150,100,896,0,65,0.375
1,nos1,boba_ucb,6,8150,100,1024,1,66,0.3759765625
1,nos1,rabvs_budgeted_reliable,1,8150,100,384,35,43,0.3671875
1,nos1,rabvs_budgeted_reliable,2,8150,100,512,18,61,0.34765625
1,nos1,rabvs_budgeted_reliable,3,8150,100,640,2,63,0.3953125
1,nos1,rabvs_budgeted_reliable,4,8150,100,768,2,65,0.3971354166666667
1,nos1,rabvs_budgeted_reliable,5,8150,100,896,0,65,0.375
1,nos1,rabvs_budgeted_reliable,6,8150,100,1024,1,66,0.3759765625
1,nos1,rabvs_budgeted_no_ucb,1,8150,100,384,47,55,0.359375
1,nos1,rabvs_budgeted_no_ucb,2,8150,100,512,10,65,0.34375
1,nos1,rabvs_budgeted_no_ucb,3,8150,100,640,19,84,0.3828125
1,nos1,rabvs_budgeted_no_ucb,4,8150,100,768,3,87,0.36328125
1,nos1,rabvs_budgeted_no_ucb,5,8150,100,896,1,88,0.36495535714285715
1,nos1,rabvs_budgeted_no_ucb,6,8150,100,1024,10,98,0.3701171875
1,nos1,rabvs_budgeted_random_parts,1,8150,100,384,0,8,0.3255208333333333
1,nos1,rabvs_budgeted_random_parts,2,8150,100,512,0,8,0.326171875
1,nos1,rabvs_budgeted_random_parts,3,8150,100,640,13,21,0.340625
1,nos1,rabvs_budgeted_random_parts,4,8150,100,768,11,32,0.3489583333333333
1,nos1,rabvs_budgeted_random_parts,5,8150,100,896,6,38,0.3359375
1,nos1,rabvs_budgeted_random_parts,6,8150,100,1024,3,41,0.3291015625
2,nos1,boba_ucb,1,8150,100,384,39,47,0.3333333333333333
2,nos1,boba_ucb,2,8150,100,512,15,62,0.333984375
2,nos1,boba_ucb,3,8150,100,640,15,77,0.340625
2,nos1,boba_ucb,4,8150,100,768,2,79,0.3684895833333333
2,nos1,boba_ucb,5,8150,100,896,1,80,0.34933035714285715
2,nos1,boba_ucb,6,8150,100,1024,0,80,0.3369140625
2,nos1,rabvs_budgeted_reliable,1,8150,100,384,39,47,0.3333333333333333
2,nos1,rabvs_budgeted_reliable,2,8150,100,512,15,62,0.333984375
2,nos1,rabvs_budgeted_reliable,3,8150,100,640,15,77,0.340625
2,nos1,rabvs_budgeted_reliable,4,8150,100,768,2,79,0.3684895833333333
2,nos1,rabvs_budgeted_reliable,5,8150,100,896,1,80,0.34933035714285715
2,nos1,rabvs_budgeted_reliable,6,8150,100,1024,0,80,0.3369140625
2,nos1,rabvs_budgeted_no_ucb,1,8150,100,384,63,71,0.34375
2,nos1,rabvs_budgeted_no_ucb,2,8150,100,512,13,84,0.310546875
2,nos1,rabvs_budgeted_no_ucb,3,8150,100,640,10,94,0.346875
2,nos1,rabvs_budgeted_no_ucb,4,8150,100,768,1,95,0.33203125
2,nos1,rabvs_budgeted_no_ucb,5,8150,100,896,0,95,0.38058035714285715
2,nos1,rabvs_budgeted_no_ucb,6,8150,100,1024,2,97,0.38671875
2,nos1,rabvs_budgeted_random_parts,1,8150,100,384,0,8,0.28125
2,nos1,rabvs_budgeted_random_parts,2,8150,100,512,5,13,0.287109375
2,nos1,rabvs_budgeted_random_parts,3,8150,100,640,3,16,0.3359375
2,nos1,rabvs_budgeted_random_parts,4,8150,100,768,0,16,0.3255208333333333
2,nos1,rabvs_budgeted_random_parts,5,8150,100,896,0,16,0.3247767857142857
2,nos1,rabvs_budgeted_random_parts,6,8150,100,1024,15,31,0.32421875
0,nram,boba_ucb,1,6298,98,384,89,97,0.5338541666666666
0,nram,boba_ucb,2,6298,98,512,1,98,0.5
0,nram,boba_ucb,3,6298,98,640,0,98,0.5140625
0,nram,boba_ucb,4,6298,98,768,0,98,0.5091145833333334
0,nram,boba_ucb,5,6298,98,896,0,98,0.5357142857142857
0,nram,boba_ucb,6,6298,98,1024,0,98,0.541015625
0,nram,rabvs_budgeted_reliable,1,6298,98,384,89,97,0.5338541666666666
0,nram,rabvs_budgeted_reliable,2,6298,98,512,1,98,0.5
0,nram,rabvs_budgeted_reliable,3,6298,98,640,0,98,0.5140625
0,nram,rabvs_budgeted_reliable,4,6298,98,768,0,98,0.5091145833333334
0,nram,rabvs_budgeted_reliable,5,6298,98,896,0,98,0.5357142857142857
0,nram,rabvs_budgeted_reliable,6,6298,98,1024,0,98,0.541015625
0,nram,rabvs_budgeted_no_ucb,1,6298,98,384,89,97,0.5286458333333334
0,nram,rabvs_budgeted_no_ucb,2,6298,98,512,1,98,0.517578125
0,nram,rabvs_budgeted_no_ucb,3,6298,98,640,0,98,0.5453125
0,nram,rabvs_budgeted_no_ucb,4,6298,98,768,0,98,0.5260416666666666
0,nram,rabvs_budgeted_no_ucb,5,6298,98,896,0,98,0.5189732142857143
0,nram,rabvs_budgeted_no_ucb,6,6298,98,1024,0,98,0.517578125
0,nram,rabvs_budgeted_random_parts,1,6298,98,384,16,24,0.5234375
0,nram,rabvs_budgeted_random_parts,2,6298,98,512,17,41,0.537109375
0,nram,rabvs_budgeted_random_parts,3,6298,98,640,0,41,0.5609375
0,nram,rabvs_budgeted_random_parts,4,6298,98,768,0,41,0.5325520833333334
0,nram,rabvs_budgeted_random_parts,5,6298,98,896,1,42,0.5368303571428571
0,nram,rabvs_budgeted_random_parts,6,6298,98,1024,0,42,0.5234375
1,nram,boba_ucb,1,6298,98,384,88,96,0.5546875
1,nram,boba_ucb,2,6298,98,512,0,96,0.5234375
1,nram,boba_ucb,3,6298,98,640,0,96,0.521875
1,nram,boba_ucb,4,6298,98,768,0,96,0.5247395833333334
1,nram,boba_ucb,5,6298,98,896,0,96,0.5200892857142857
1,nram,boba_ucb,6,6298,98,1024,0,96,0.48828125
1,nram,rabvs_budgeted_reliable,1,6298,98,384,88,96,0.5546875
1,nram,rabvs_budgeted_reliable,2,6298,98,512,0,96,0.5234375
1,nram,rabvs_budgeted_reliable,3,6298,98,640,0,96,0.521875
1,nram,rabvs_budgeted_reliable,4,6298,98,768,0,96,0.5247395833333334
1,nram,rabvs_budgeted_reliable,5,6298,98,896,0,96,0.5200892857142857
1,nram,rabvs_budgeted_reliable,6,6298,98,1024,0,96,0.48828125
1,nram,rabvs_budgeted_no_ucb,1,6298,98,384,89,97,0.5520833333333334
1,nram,rabvs_budgeted_no_ucb,2,6298,98,512,1,98,0.533203125
1,nram,rabvs_budgeted_no_ucb,3,6298,98,640,0,98,0.53125
1,nram,rabvs_budgeted_no_ucb,4,6298,98,768,0,98,0.5677083333333334
1,nram,rabvs_budgeted_no_ucb,5,6298,98,896,0,98,0.5770089285714286
1,nram,rabvs_budgeted_no_ucb,6,6298,98,1024,0,98,0.5419921875
1,nram,rabvs_budgeted_random_parts,1,6298,98,384,0,8,0.5520833333333334
1,nram,rabvs_budgeted_random_parts,2,6298,98,512,17,25,0.52734375
1,nram,rabvs_budgeted_random_parts,3,6298,98,640,0,25,0.5375
1,nram,rabvs_budgeted_random_parts,4,6298,98,768,0,25,0.546875
1,nram,rabvs_budgeted_random_parts,5,6298,98,896,0,25,0.5591517857142857
1,nram,rabvs_budgeted_random_parts,6,6298,98,1024,0,25,0.5517578125
2,nram,boba_ucb,1,6298,98,384,88,96,0.5520833333333334
2,nram,boba_ucb,2,6298,98,512,1,97,0.525390625
2,nram,boba_ucb,3,6298,98,640,0,97,0.5078125
2,nram,boba_ucb,4,6298,98,768,0,97,0.4921875
2,nram,boba_ucb,5,6298,98,896,0,97,0.5245535714285714
2,nram,boba_ucb,6,6298,98,1024,0,97,0.533203125
2,nram,rabvs_budgeted_reliable,1,6298,98,384,88,96,0.5520833333333334
2,nram,rabvs_budgeted_reliable,2,6298,98,512,1,97,0.525390625
2,nram,rabvs_budgeted_reliable,3,6298,98,640,0,97,0.5078125
2,nram,rabvs_budgeted_reliable,4,6298,98,768,0,97,0.4921875
2,nram,rabvs_budgeted_reliable,5,6298,98,896,0,97,0.5245535714285714
2,nram,rabvs_budgeted_reliable,6,6298,98,1024,0,97,0.533203125
2,nram,rabvs_budgeted_no_ucb,1,6298,98,384,89,97,0.5416666666666666
2,nram,rabvs_budgeted_no_ucb,2,6298,98,512,1,98,0.546875
2,nram,rabvs_budgeted_no_ucb,3,6298,98,640,0,98,0.5609375
2,nram,rabvs_budgeted_no_ucb,4,6298,98,768,0,98,0.5533854166666666
2,nram,rabvs_budgeted_no_ucb,5,6298,98,896,0,98,0.546875
2,nram,rabvs_budgeted_no_ucb,6,6298,98,1024,0,98,0.5556640625
2,nram,rabvs_budgeted_random_parts,1,6298,98,384,0,8,0.5078125
2,nram,rabvs_budgeted_random_parts,2,6298,98,512,0,8,0.5234375
2,nram,rabvs_budgeted_random_parts,3,6298,98,640,19,27,0.540625
2,nram,rabvs_budgeted_random_parts,4,6298,98,768,0,27,0.5299479166666666
2,nram,rabvs_budgeted_random_parts,5,6298,98,896,16,43,0.5345982142857143
2,nram,rabvs_budgeted_random_parts,6,6298,98,1024,0,43,0.55859375
0,pa2ga,boba_ucb,1,5249,99,384,72,80,0.6276041666666666
0,pa2ga,boba_ucb,2,5249,99,512,7,87,0.63671875
0,pa2ga,boba_ucb,3,5249,99,640,0,87,0.590625
0,pa2ga,boba_ucb,4,5249,99,768,2,89,0.59765625
0,pa2ga,boba_ucb,5,5249,99,896,0,89,0.6294642857142857
0,pa2ga,boba_ucb,6,5249,99,1024,0,89,0.6220703125
0,pa2ga,rabvs_budgeted_reliable,1,5249,99,384,72,80,0.6276041666666666
0,pa2ga,rabvs_budgeted_reliable,2,5249,99,512,7,87,0.63671875
0,pa2ga,rabvs_budgeted_reliable,3,5249,99,640,0,87,0.590625
0,pa2ga,rabvs_budgeted_reliable,4,5249,99,768,2,89,0.59765625
0,pa2ga,rabvs_budgeted_reliable,5,5249,99,896,0,89,0.6294642857142857
0,pa2ga,rabvs_budgeted_reliable,6,5249,99,1024,0,89,0.6220703125
0,pa2ga,rabvs_budgeted_no_ucb,1,5249,99,384,77,85,0.6354166666666666
0,pa2ga,rabvs_budgeted_no_ucb,2,5249,99,512,4,89,0.671875
0,pa2ga,rabvs_budgeted_no_ucb,3,5249,99,640,6,95,0.625
0,pa2ga,rabvs_budgeted_no_ucb,4,5249,99,768,0,95,0.62890625
0,pa2ga,rabvs_budgeted_no_ucb,5,5249,99,896,0,95,0.6171875
0,pa2ga,rabvs_budgeted_no_ucb,6,5249,99,1024,0,95,0.6064453125
0,pa2ga,rabvs_budgeted_random_parts,1,5249,99,384,4,12,0.5677083333333334
0,pa2ga,rabvs_budgeted_random_parts,2,5249,99,512,0,12,0.59375
0,pa2ga,rabvs_budgeted_random_parts,3,5249,99,640,0,12,0.590625
0,pa2ga,rabvs_budgeted_random_parts,4,5249,99,768,0,12,0.578125
0,pa2ga,rabvs_budgeted_random_parts,5,5249,99,896,15,27,0.5848214285714286
0,pa2ga,rabvs_budgeted_random_parts,6,5249,99,1024,10,37,0.5791015625
1,pa2ga,boba_ucb,1,5249,99,384,82,90,0.6432291666666666
1,pa2ga,boba_ucb,2,5249,99,512,5,95,0.6484375
1,pa2ga,boba_ucb,3,5249,99,640,0,95,0.6515625
1,pa2ga,boba_ucb,4,5249,99,768,0,95,0.6276041666666666
1,pa2ga,boba_ucb,5,5249,99,896,3,98,0.6283482142857143
1,pa2ga,boba_ucb,6,5249,99,1024,0,98,0.619140625
1,pa2ga,rabvs_budgeted_reliable,1,5249,99,384,82,90,0.6432291666666666
1,pa2ga,rabvs_budgeted_reliable,2,5249,99,512,5,95,0.6484375
1,pa2ga,rabvs_budgeted_reliable,3,5249,99,640,0,95,0.6515625
1,pa2ga,rabvs_budgeted_reliable,4,5249,99,768,0,95,0.6276041666666666
1,pa2ga,rabvs_budgeted_reliable,5,5249,99,896,3,98,0.6283482142857143
1,pa2ga,rabvs_budgeted_reliable,6,5249,99,1024,0,98,0.619140625
1,pa2ga,rabvs_budgeted_no_ucb,1,5249,99,384,80,88,0.6458333333333334
1,pa2ga,rabvs_budgeted_no_ucb,2,5249,99,512,7,95,0.59765625
1,pa2ga,rabvs_budgeted_no_ucb,3,5249,99,640,0,95,0.628125
1,pa2ga,rabvs_budgeted_no_ucb,4,5249,99,768,0,95,0.6171875
1,pa2ga,rabvs_budgeted_no_ucb,5,5249,99,896,0,95,0.6160714285714286
1,pa2ga,rabvs_budgeted_no_ucb,6,5249,99,1024,0,95,0.6171875
1,pa2ga,rabvs_budgeted_random_parts,1,5249,99,384,0,8,0.5572916666666666
1,pa2ga,rabvs_budgeted_random_parts,2,5249,99,512,7,15,0.54296875
1,pa2ga,rabvs_budgeted_random_parts,3,5249,99,640,3,18,0.55625
1,pa2ga,rabvs_budgeted_random_parts,4,5249,99,768,0,18,0.5559895833333334
1,pa2ga,rabvs_budgeted_random_parts,5,5249,99,896,0,18,0.5647321428571429
1,pa2ga,rabvs_budgeted_random_parts,6,5249,99,1024,1,19,0.5546875
2,pa2ga,boba_ucb,1,5249,99,384,81,89,0.6640625
2,pa2ga,boba_ucb,2,5249,99,512,0,89,0.619140625
2,pa2ga,boba_ucb,3,5249,99,640,3,92,0.609375
2,pa2ga,boba_ucb,4,5249,99,768,0,92,0.6067708333333334
2,pa2ga,boba_ucb,5,5249,99,896,0,92,0.578125
2,pa2ga,boba_ucb,6,5249,99,1024,0,92,0.5751953125
2,pa2ga,rabvs_budgeted_reliable,1,5249,99,384,81,89,0.6640625
2,pa2ga,rabvs_budgeted_reliable,2,5249,99,512,0,89,0.619140625
2,pa2ga,rabvs_budgeted_reliable,3,5249,99,640,3,92,0.609375
2,pa2ga,rabvs_budgeted_reliable,4,5249,99,768,0,92,0.6067708333333334
2,pa2ga,rabvs_budgeted_reliable,5,5249,99,896,0,92,0.578125
2,pa2ga,rabvs_budgeted_reliable,6,5249,99,1024,0,92,0.5751953125
2,pa2ga,rabvs_budgeted_no_ucb,1,5249,99,384,82,90,0.6484375
2,pa2ga,rabvs_budgeted_no_ucb,2,5249,99,512,6,96,0.6640625
2,pa2ga,rabvs_budgeted_no_ucb,3,5249,99,640,0,96,0.634375
2,pa2ga,rabvs_budgeted_no_ucb,4,5249,99,768,3,99,0.6276041666666666
2,pa2ga,rabvs_budgeted_no_ucb,5,5249,99,896,0,99,0.6339285714285714
2,pa2ga,rabvs_budgeted_no_ucb,6,5249,99,1024,0,99,0.6298828125
2,pa2ga,rabvs_budgeted_random_parts,1,5249,99,384,0,8,0.5885416666666666
2,pa2ga,rabvs_budgeted_random_parts,2,5249,99,512,15,23,0.59375
2,pa2ga,rabvs_budgeted_random_parts,3,5249,99,640,12,35,0.6
2,pa2ga,rabvs_budgeted_random_parts,4,5249,99,768,0,35,0.578125
2,pa2ga,rabvs_budgeted_random_parts,5,5249,99,896,18,53,0.5959821428571429
2,pa2ga,rabvs_budgeted_random_parts,6,5249,99,1024,0,53,0.609375
0,parp1,boba_ucb,1,30558,508,384,128,136,0.22916666666666666
0,parp1,boba_ucb,2,30558,508,512,66,202,0.22265625
0,parp1,boba_ucb,3,30558,508,640,5,207,0.2734375
0,parp1,boba_ucb,4,30558,508,768,5,212,0.2903645833333333
0,parp1,boba_ucb,5,30558,508,896,1,213,0.328125
0,parp1,boba_ucb,6,30558,508,1024,1,214,0.3203125
0,parp1,rabvs_budgeted_reliable,1,30558,508,384,128,136,0.22916666666666666
0,parp1,rabvs_budgeted_reliable,2,30558,508,512,66,202,0.22265625
0,parp1,rabvs_budgeted_reliable,3,30558,508,640,5,207,0.2734375
0,parp1,rabvs_budgeted_reliable,4,30558,508,768,5,212,0.2903645833333333
0,parp1,rabvs_budgeted_reliable,5,30558,508,896,1,213,0.328125
0,parp1,rabvs_budgeted_reliable,6,30558,508,1024,1,214,0.3203125
0,parp1,rabvs_budgeted_no_ucb,1,30558,508,384,128,136,0.22916666666666666
0,parp1,rabvs_budgeted_no_ucb,2,30558,508,512,123,259,0.208984375
0,parp1,rabvs_budgeted_no_ucb,3,30558,508,640,93,352,0.20625
0,parp1,rabvs_budgeted_no_ucb,4,30558,508,768,80,432,0.21354166666666666
0,parp1,rabvs_budgeted_no_ucb,5,30558,508,896,32,464,0.2533482142857143
0,parp1,rabvs_budgeted_no_ucb,6,30558,508,1024,19,483,0.275390625
0,parp1,rabvs_budgeted_random_parts,1,30558,508,384,49,57,0.3072916666666667
0,parp1,rabvs_budgeted_random_parts,2,30558,508,512,1,58,0.353515625
0,parp1,rabvs_budgeted_random_parts,3,30558,508,640,66,124,0.353125
0,parp1,rabvs_budgeted_random_parts,4,30558,508,768,4,128,0.3528645833333333
0,parp1,rabvs_budgeted_random_parts,5,30558,508,896,4,132,0.36607142857142855
0,parp1,rabvs_budgeted_random_parts,6,30558,508,1024,4,136,0.376953125
1,parp1,boba_ucb,1,30558,508,384,125,133,0.3255208333333333
1,parp1,boba_ucb,2,30558,508,512,53,186,0.32421875
1,parp1,boba_ucb,3,30558,508,640,18,204,0.384375
1,parp1,boba_ucb,4,30558,508,768,7,211,0.3697916666666667
1,parp1,boba_ucb,5,30558,508,896,3,214,0.3783482142857143
1,parp1,boba_ucb,6,30558,508,1024,1,215,0.3857421875
1,parp1,rabvs_budgeted_reliable,1,30558,508,384,125,133,0.3255208333333333
1,parp1,rabvs_budgeted_reliable,2,30558,508,512,53,186,0.32421875
1,parp1,rabvs_budgeted_reliable,3,30558,508,640,18,204,0.384375
1,parp1,rabvs_budgeted_reliable,4,30558,508,768,7,211,0.3697916666666667
1,parp1,rabvs_budgeted_reliable,5,30558,508,896,3,214,0.3783482142857143
1,parp1,rabvs_budgeted_reliable,6,30558,508,1024,1,215,0.3857421875
1,parp1,rabvs_budgeted_no_ucb,1,30558,508,384,125,133,0.3255208333333333
1,parp1,rabvs_budgeted_no_ucb,2,30558,508,512,127,260,0.271484375
1,parp1,rabvs_budgeted_no_ucb,3,30558,508,640,118,378,0.246875
1,parp1,rabvs_budgeted_no_ucb,4,30558,508,768,65,443,0.2643229166666667
1,parp1,rabvs_budgeted_no_ucb,5,30558,508,896,20,463,0.30357142857142855
1,parp1,rabvs_budgeted_no_ucb,6,30558,508,1024,5,468,0.3154296875
1,parp1,rabvs_budgeted_random_parts,1,30558,508,384,14,22,0.5052083333333334
1,parp1,rabvs_budgeted_random_parts,2,30558,508,512,0,22,0.4375
1,parp1,rabvs_budgeted_random_parts,3,30558,508,640,31,53,0.40625
1,parp1,rabvs_budgeted_random_parts,4,30558,508,768,2,55,0.40625
1,parp1,rabvs_budgeted_random_parts,5,30558,508,896,5,60,0.39620535714285715
1,parp1,rabvs_budgeted_random_parts,6,30558,508,1024,20,80,0.396484375
2,parp1,boba_ucb,1,30558,508,384,123,131,0.23958333333333334
2,parp1,boba_ucb,2,30558,508,512,12,143,0.2734375
2,parp1,boba_ucb,3,30558,508,640,1,144,0.296875
2,parp1,boba_ucb,4,30558,508,768,0,144,0.31640625
2,parp1,boba_ucb,5,30558,508,896,7,151,0.32589285714285715
2,parp1,boba_ucb,6,30558,508,1024,1,152,0.3603515625
2,parp1,rabvs_budgeted_reliable,1,30558,508,384,123,131,0.23958333333333334
2,parp1,rabvs_budgeted_reliable,2,30558,508,512,12,143,0.2734375
2,parp1,rabvs_budgeted_reliable,3,30558,508,640,1,144,0.296875
2,parp1,rabvs_budgeted_reliable,4,30558,508,768,0,144,0.31640625
2,parp1,rabvs_budgeted_reliable,5,30558,508,896,7,151,0.32589285714285715
2,parp1,rabvs_budgeted_reliable,6,30558,508,1024,1,152,0.3603515625
2,parp1,rabvs_budgeted_no_ucb,1,30558,508,384,123,131,0.23958333333333334
2,parp1,rabvs_budgeted_no_ucb,2,30558,508,512,128,259,0.193359375
2,parp1,rabvs_budgeted_no_ucb,3,30558,508,640,110,369,0.184375
2,parp1,rabvs_budgeted_no_ucb,4,30558,508,768,61,430,0.20963541666666666
2,parp1,rabvs_budgeted_no_ucb,5,30558,508,896,32,462,0.25669642857142855
2,parp1,rabvs_budgeted_no_ucb,6,30558,508,1024,15,477,0.2900390625
2,parp1,rabvs_budgeted_random_parts,1,30558,508,384,0,8,0.390625
2,parp1,rabvs_budgeted_random_parts,2,30558,508,512,0,8,0.416015625
2,parp1,rabvs_budgeted_random_parts,3,30558,508,640,8,16,0.4078125
2,parp1,rabvs_budgeted_random_parts,4,30558,508,768,6,22,0.41796875
2,parp1,rabvs_budgeted_random_parts,5,30558,508,896,0,22,0.43526785714285715
2,parp1,rabvs_budgeted_random_parts,6,30558,508,1024,117,139,0.390625
0,pde5a,boba_ucb,1,27948,398,384,119,127,0.4348958333333333
0,pde5a,boba_ucb,2,27948,398,512,36,163,0.4375
0,pde5a,boba_ucb,3,27948,398,640,30,193,0.440625
0,pde5a,boba_ucb,4,27948,398,768,10,203,0.4270833333333333
0,pde5a,boba_ucb,5,27948,398,896,2,205,0.4609375
0,pde5a,boba_ucb,6,27948,398,1024,0,205,0.439453125
0,pde5a,rabvs_budgeted_reliable,1,27948,398,384,119,127,0.4348958333333333
0,pde5a,rabvs_budgeted_reliable,2,27948,398,512,36,163,0.4375
0,pde5a,rabvs_budgeted_reliable,3,27948,398,640,30,193,0.440625
0,pde5a,rabvs_budgeted_reliable,4,27948,398,768,10,203,0.4270833333333333
0,pde5a,rabvs_budgeted_reliable,5,27948,398,896,2,205,0.4609375
0,pde5a,rabvs_budgeted_reliable,6,27948,398,1024,0,205,0.439453125
0,pde5a,rabvs_budgeted_no_ucb,1,27948,398,384,121,129,0.4609375
0,pde5a,rabvs_budgeted_no_ucb,2,27948,398,512,102,231,0.4375
0,pde5a,rabvs_budgeted_no_ucb,3,27948,398,640,63,294,0.44375
0,pde5a,rabvs_budgeted_no_ucb,4,27948,398,768,51,345,0.421875
0,pde5a,rabvs_budgeted_no_ucb,5,27948,398,896,9,354,0.4107142857142857
0,pde5a,rabvs_budgeted_no_ucb,6,27948,398,1024,10,364,0.427734375
0,pde5a,rabvs_budgeted_random_parts,1,27948,398,384,11,19,0.4453125
0,pde5a,rabvs_budgeted_random_parts,2,27948,398,512,32,51,0.40234375
0,pde5a,rabvs_budgeted_random_parts,3,27948,398,640,0,51,0.446875
0,pde5a,rabvs_budgeted_random_parts,4,27948,398,768,0,51,0.484375
0,pde5a,rabvs_budgeted_random_parts,5,27948,398,896,3,54,0.45535714285714285
0,pde5a,rabvs_budgeted_random_parts,6,27948,398,1024,61,115,0.4580078125
1,pde5a,boba_ucb,1,27948,398,384,107,115,0.3567708333333333
1,pde5a,boba_ucb,2,27948,398,512,64,179,0.4140625
1,pde5a,boba_ucb,3,27948,398,640,0,179,0.403125
1,pde5a,boba_ucb,4,27948,398,768,0,179,0.4375
1,pde5a,boba_ucb,5,27948,398,896,0,179,0.4419642857142857
1,pde5a,boba_ucb,6,27948,398,1024,0,179,0.41796875
1,pde5a,rabvs_budgeted_reliable,1,27948,398,384,107,115,0.3567708333333333
1,pde5a,rabvs_budgeted_reliable,2,27948,398,512,64,179,0.4140625
1,pde5a,rabvs_budgeted_reliable,3,27948,398,640,0,179,0.403125
1,pde5a,rabvs_budgeted_reliable,4,27948,398,768,0,179,0.4375
1,pde5a,rabvs_budgeted_reliable,5,27948,398,896,0,179,0.4419642857142857
1,pde5a,rabvs_budgeted_reliable,6,27948,398,1024,0,179,0.41796875
1,pde5a,rabvs_budgeted_no_ucb,1,27948,398,384,121,129,0.40625
1,pde5a,rabvs_budgeted_no_ucb,2,27948,398,512,109,238,0.38671875
1,pde5a,rabvs_budgeted_no_ucb,3,27948,398,640,80,318,0.3875
1,pde5a,rabvs_budgeted_no_ucb,4,27948,398,768,30,348,0.4192708333333333
1,pde5a,rabvs_budgeted_no_ucb,5,27948,398,896,5,353,0.40401785714285715
1,pde5a,rabvs_budgeted_no_ucb,6,27948,398,1024,6,359,0.4267578125
1,pde5a,rabvs_budgeted_random_parts,1,27948,398,384,2,10,0.4348958333333333
1,pde5a,rabvs_budgeted_random_parts,2,27948,398,512,0,10,0.4296875
1,pde5a,rabvs_budgeted_random_parts,3,27948,398,640,2,12,0.421875
1,pde5a,rabvs_budgeted_random_parts,4,27948,398,768,66,78,0.41015625
1,pde5a,rabvs_budgeted_random_parts,5,27948,398,896,31,109,0.4341517857142857
1,pde5a,rabvs_budgeted_random_parts,6,27948,398,1024,63,172,0.42578125
2,pde5a,boba_ucb,1,27948,398,384,112,120,0.4817708333333333
2,pde5a,boba_ucb,2,27948,398,512,3,123,0.509765625
2,pde5a,boba_ucb,3,27948,398,640,3,126,0.4765625
2,pde5a,boba_ucb,4,27948,398,768,93,219,0.4427083333333333
2,pde5a,boba_ucb,5,27948,398,896,2,221,0.42075892857142855
2,pde5a,boba_ucb,6,27948,398,1024,0,221,0.431640625
2,pde5a,rabvs_budgeted_reliable,1,27948,398,384,112,120,0.4817708333333333
2,pde5a,rabvs_budgeted_reliable,2,27948,398,512,3,123,0.509765625
2,pde5a,rabvs_budgeted_reliable,3,27948,398,640,3,126,0.4765625
2,pde5a,rabvs_budgeted_reliable,4,27948,398,768,93,219,0.4427083333333333
2,pde5a,rabvs_budgeted_reliable,5,27948,398,896,2,221,0.42075892857142855
2,pde5a,rabvs_budgeted_reliable,6,27948,398,1024,0,221,0.431640625
2,pde5a,rabvs_budgeted_no_ucb,1,27948,398,384,117,125,0.4296875
2,pde5a,rabvs_budgeted_no_ucb,2,27948,398,512,113,238,0.412109375
2,pde5a,rabvs_budgeted_no_ucb,3,27948,398,640,73,311,0.4109375
2,pde5a,rabvs_budgeted_no_ucb,4,27948,398,768,29,340,0.3932291666666667
2,pde5a,rabvs_budgeted_no_ucb,5,27948,398,896,21,361,0.3794642857142857
2,pde5a,rabvs_budgeted_no_ucb,6,27948,398,1024,3,364,0.3779296875
2,pde5a,rabvs_budgeted_random_parts,1,27948,398,384,1,9,0.4791666666666667
2,pde5a,rabvs_budgeted_random_parts,2,27948,398,512,1,10,0.3984375
2,pde5a,rabvs_budgeted_random_parts,3,27948,398,640,66,76,0.4140625
2,pde5a,rabvs_budgeted_random_parts,4,27948,398,768,0,76,0.4518229166666667
2,pde5a,rabvs_budgeted_random_parts,5,27948,398,896,3,79,0.44754464285714285
2,pde5a,rabvs_budgeted_random_parts,6,27948,398,1024,2,81,0.4658203125
0,pgh1,boba_ucb,1,10995,195,384,45,53,0.4322916666666667
0,pgh1,boba_ucb,2,10995,195,512,5,58,0.443359375
0,pgh1,boba_ucb,3,10995,195,640,1,59,0.41875
0,pgh1,boba_ucb,4,10995,195,768,44,103,0.4505208333333333
0,pgh1,boba_ucb,5,10995,195,896,0,103,0.46205357142857145
0,pgh1,boba_ucb,6,10995,195,1024,0,103,0.486328125
0,pgh1,rabvs_budgeted_reliable,1,10995,195,384,45,53,0.4322916666666667
0,pgh1,rabvs_budgeted_reliable,2,10995,195,512,5,58,0.443359375
0,pgh1,rabvs_budgeted_reliable,3,10995,195,640,1,59,0.41875
0,pgh1,rabvs_budgeted_reliable,4,10995,195,768,44,103,0.4505208333333333
0,pgh1,rabvs_budgeted_reliable,5,10995,195,896,0,103,0.46205357142857145
0,pgh1,rabvs_budgeted_reliable,6,10995,195,1024,0,103,0.486328125
0,pgh1,rabvs_budgeted_no_ucb,1,10995,195,384,65,73,0.4322916666666667
0,pgh1,rabvs_budgeted_no_ucb,2,10995,195,512,21,94,0.4296875
0,pgh1,rabvs_budgeted_no_ucb,3,10995,195,640,19,113,0.440625
0,pgh1,rabvs_budgeted_no_ucb,4,10995,195,768,8,121,0.4518229166666667
0,pgh1,rabvs_budgeted_no_ucb,5,10995,195,896,2,123,0.4564732142857143
0,pgh1,rabvs_budgeted_no_ucb,6,10995,195,1024,13,136,0.4658203125
0,pgh1,rabvs_budgeted_random_parts,1,10995,195,384,1,9,0.4635416666666667
0,pgh1,rabvs_budgeted_random_parts,2,10995,195,512,4,13,0.466796875
0,pgh1,rabvs_budgeted_random_parts,3,10995,195,640,0,13,0.4546875
0,pgh1,rabvs_budgeted_random_parts,4,10995,195,768,4,17,0.4453125
0,pgh1,rabvs_budgeted_random_parts,5,10995,195,896,5,22,0.453125
0,pgh1,rabvs_budgeted_random_parts,6,10995,195,1024,12,34,0.4765625
1,pgh1,boba_ucb,1,10995,195,384,18,26,0.5416666666666666
1,pgh1,boba_ucb,2,10995,195,512,6,32,0.498046875
1,pgh1,boba_ucb,3,10995,195,640,2,34,0.484375
1,pgh1,boba_ucb,4,10995,195,768,11,45,0.4765625
1,pgh1,boba_ucb,5,10995,195,896,44,89,0.4810267857142857
1,pgh1,boba_ucb,6,10995,195,1024,0,89,0.4794921875
1,pgh1,rabvs_budgeted_reliable,1,10995,195,384,18,26,0.5416666666666666
1,pgh1,rabvs_budgeted_reliable,2,10995,195,512,6,32,0.498046875
1,pgh1,rabvs_budgeted_reliable,3,10995,195,640,2,34,0.484375
1,pgh1,rabvs_budgeted_reliable,4,10995,195,768,11,45,0.4765625
1,pgh1,rabvs_budgeted_reliable,5,10995,195,896,44,89,0.4810267857142857
1,pgh1,rabvs_budgeted_reliable,6,10995,195,1024,0,89,0.4794921875
1,pgh1,rabvs_budgeted_no_ucb,1,10995,195,384,32,40,0.5416666666666666
1,pgh1,rabvs_budgeted_no_ucb,2,10995,195,512,39,79,0.51953125
1,pgh1,rabvs_budgeted_no_ucb,3,10995,195,640,13,92,0.5078125
1,pgh1,rabvs_budgeted_no_ucb,4,10995,195,768,28,120,0.5247395833333334
1,pgh1,rabvs_budgeted_no_ucb,5,10995,195,896,15,135,0.5267857142857143
1,pgh1,rabvs_budgeted_no_ucb,6,10995,195,1024,8,143,0.525390625
1,pgh1,rabvs_budgeted_random_parts,1,10995,195,384,3,11,0.4609375
1,pgh1,rabvs_budgeted_random_parts,2,10995,195,512,6,17,0.4609375
1,pgh1,rabvs_budgeted_random_parts,3,10995,195,640,22,39,0.5
1,pgh1,rabvs_budgeted_random_parts,4,10995,195,768,2,41,0.4817708333333333
1,pgh1,rabvs_budgeted_random_parts,5,10995,195,896,3,44,0.48214285714285715
1,pgh1,rabvs_budgeted_random_parts,6,10995,195,1024,0,44,0.4794921875
2,pgh1,boba_ucb,1,10995,195,384,38,46,0.4635416666666667
2,pgh1,boba_ucb,2,10995,195,512,4,50,0.451171875
2,pgh1,boba_ucb,3,10995,195,640,2,52,0.453125
2,pgh1,boba_ucb,4,10995,195,768,2,54,0.4765625
2,pgh1,boba_ucb,5,10995,195,896,3,57,0.4966517857142857
2,pgh1,boba_ucb,6,10995,195,1024,39,96,0.4990234375
2,pgh1,rabvs_budgeted_reliable,1,10995,195,384,38,46,0.4635416666666667
2,pgh1,rabvs_budgeted_reliable,2,10995,195,512,4,50,0.451171875
2,pgh1,rabvs_budgeted_reliable,3,10995,195,640,2,52,0.453125
2,pgh1,rabvs_budgeted_reliable,4,10995,195,768,2,54,0.4765625
2,pgh1,rabvs_budgeted_reliable,5,10995,195,896,3,57,0.4966517857142857
2,pgh1,rabvs_budgeted_reliable,6,10995,195,1024,39,96,0.4990234375
2,pgh1,rabvs_budgeted_no_ucb,1,10995,195,384,56,64,0.4583333333333333
2,pgh1,rabvs_budgeted_no_ucb,2,10995,195,512,35,99,0.43359375
2,pgh1,rabvs_budgeted_no_ucb,3,10995,195,640,11,110,0.4359375
2,pgh1,rabvs_budgeted_no_ucb,4,10995,195,768,13,123,0.4479166666666667
2,pgh1,rabvs_budgeted_no_ucb,5,10995,195,896,8,131,0.4654017857142857
2,pgh1,rabvs_budgeted_no_ucb,6,10995,195,1024,9,140,0.4716796875
2,pgh1,rabvs_budgeted_random_parts,1,10995,195,384,11,19,0.4505208333333333
2,pgh1,rabvs_budgeted_random_parts,2,10995,195,512,2,21,0.458984375
2,pgh1,rabvs_budgeted_random_parts,3,10995,195,640,5,26,0.5078125
2,pgh1,rabvs_budgeted_random_parts,4,10995,195,768,70,96,0.50390625
2,pgh1,rabvs_budgeted_random_parts,5,10995,195,896,0,96,0.5
2,pgh1,rabvs_budgeted_random_parts,6,10995,195,1024,2,98,0.5048828125
0,pgh2,boba_ucb,1,23585,435,384,125,133,0.3177083333333333
0,pgh2,boba_ucb,2,23585,435,512,11,144,0.353515625
0,pgh2,boba_ucb,3,23585,435,640,24,168,0.3515625
0,pgh2,boba_ucb,4,23585,435,768,6,174,0.37109375
0,pgh2,boba_ucb,5,23585,435,896,5,179,0.38504464285714285
0,pgh2,boba_ucb,6,23585,435,1024,0,179,0.3876953125
0,pgh2,rabvs_budgeted_reliable,1,23585,435,384,125,133,0.3177083333333333
0,pgh2,rabvs_budgeted_reliable,2,23585,435,512,11,144,0.353515625
0,pgh2,rabvs_budgeted_reliable,3,23585,435,640,24,168,0.3515625
0,pgh2,rabvs_budgeted_reliable,4,23585,435,768,6,174,0.37109375
0,pgh2,rabvs_budgeted_reliable,5,23585,435,896,5,179,0.38504464285714285
0,pgh2,rabvs_budgeted_reliable,6,23585,435,1024,0,179,0.3876953125
0,pgh2,rabvs_budgeted_no_ucb,1,23585,435,384,123,131,0.3203125
0,pgh2,rabvs_budgeted_no_ucb,2,23585,435,512,114,245,0.298828125
0,pgh2,rabvs_budgeted_no_ucb,3,23585,435,640,24,269,0.296875
0,pgh2,rabvs_budgeted_no_ucb,4,23585,435,768,10,279,0.3567708333333333
0,pgh2,rabvs_budgeted_no_ucb,5,23585,435,896,6,285,0.3950892857142857
0,pgh2,rabvs_budgeted_no_ucb,6,23585,435,1024,2,287,0.390625
0,pgh2,rabvs_budgeted_random_parts,1,23585,435,384,6,14,0.3619791666666667
0,pgh2,rabvs_budgeted_random_parts,2,23585,435,512,54,68,0.314453125
0,pgh2,rabvs_budgeted_random_parts,3,23585,435,640,7,75,0.325
0,pgh2,rabvs_budgeted_random_parts,4,23585,435,768,0,75,0.375
0,pgh2,rabvs_budgeted_random_parts,5,23585,435,896,2,77,0.38392857142857145
0,pgh2,rabvs_budgeted_random_parts,6,23585,435,1024,3,80,0.3974609375
1,pgh2,boba_ucb,1,23585,435,384,127,135,0.296875
1,pgh2,boba_ucb,2,23585,435,512,4,139,0.3359375
1,pgh2,boba_ucb,3,23585,435,640,6,145,0.3953125
1,pgh2,boba_ucb,4,23585,435,768,9,154,0.39453125
1,pgh2,boba_ucb,5,23585,435,896,2,156,0.39955357142857145
1,pgh2,boba_ucb,6,23585,435,1024,3,159,0.3984375
1,pgh2,rabvs_budgeted_reliable,1,23585,435,384,127,135,0.296875
1,pgh2,rabvs_budgeted_reliable,2,23585,435,512,4,139,0.3359375
1,pgh2,rabvs_budgeted_reliable,3,23585,435,640,6,145,0.3953125
1,pgh2,rabvs_budgeted_reliable,4,23585,435,768,9,154,0.39453125
1,pgh2,rabvs_budgeted_reliable,5,23585,435,896,2,156,0.39955357142857145
1,pgh2,rabvs_budgeted_reliable,6,23585,435,1024,3,159,0.3984375
1,pgh2,rabvs_budgeted_no_ucb,1,23585,435,384,126,134,0.2942708333333333
1,pgh2,rabvs_budgeted_no_ucb,2,23585,435,512,112,246,0.2890625
1,pgh2,rabvs_budgeted_no_ucb,3,23585,435,640,22,268,0.3515625
1,pgh2,rabvs_budgeted_no_ucb,4,23585,435,768,13,281,0.35546875
1,pgh2,rabvs_budgeted_no_ucb,5,23585,435,896,10,291,0.3627232142857143
1,pgh2,rabvs_budgeted_no_ucb,6,23585,435,1024,11,302,0.3779296875
1,pgh2,rabvs_budgeted_random_parts,1,23585,435,384,3,11,0.3671875
1,pgh2,rabvs_budgeted_random_parts,2,23585,435,512,5,16,0.390625
1,pgh2,rabvs_budgeted_random_parts,3,23585,435,640,5,21,0.421875
1,pgh2,rabvs_budgeted_random_parts,4,23585,435,768,1,22,0.4348958333333333
1,pgh2,rabvs_budgeted_random_parts,5,23585,435,896,10,32,0.4174107142857143
1,pgh2,rabvs_budgeted_random_parts,6,23585,435,1024,13,45,0.4033203125
2,pgh2,boba_ucb,1,23585,435,384,113,121,0.2890625
2,pgh2,boba_ucb,2,23585,435,512,5,126,0.3203125
2,pgh2,boba_ucb,3,23585,435,640,2,128,0.384375
2,pgh2,boba_ucb,4,23585,435,768,7,135,0.3893229166666667
2,pgh2,boba_ucb,5,23585,435,896,3,138,0.3861607142857143
2,pgh2,boba_ucb,6,23585,435,1024,4,142,0.40234375
2,pgh2,rabvs_budgeted_reliable,1,23585,435,384,113,121,0.2890625
2,pgh2,rabvs_budgeted_reliable,2,23585,435,512,5,126,0.3203125
2,pgh2,rabvs_budgeted_reliable,3,23585,435,640,2,128,0.384375
2,pgh2,rabvs_budgeted_reliable,4,23585,435,768,7,135,0.3893229166666667
2,pgh2,rabvs_budgeted_reliable,5,23585,435,896,3,138,0.3861607142857143
2,pgh2,rabvs_budgeted_reliable,6,23585,435,1024,4,142,0.40234375
2,pgh2,rabvs_budgeted_no_ucb,1,23585,435,384,115,123,0.3020833333333333
2,pgh2,rabvs_budgeted_no_ucb,2,23585,435,512,127,250,0.2734375
2,pgh2,rabvs_budgeted_no_ucb,3,23585,435,640,19,269,0.340625
2,pgh2,rabvs_budgeted_no_ucb,4,23585,435,768,5,274,0.40234375
2,pgh2,rabvs_budgeted_no_ucb,5,23585,435,896,12,286,0.40513392857142855
2,pgh2,rabvs_budgeted_no_ucb,6,23585,435,1024,11,297,0.4150390625
2,pgh2,rabvs_budgeted_random_parts,1,23585,435,384,3,11,0.3541666666666667
2,pgh2,rabvs_budgeted_random_parts,2,23585,435,512,61,72,0.345703125
2,pgh2,rabvs_budgeted_random_parts,3,23585,435,640,5,77,0.3703125
2,pgh2,rabvs_budgeted_random_parts,4,23585,435,768,2,79,0.39453125
2,pgh2,rabvs_budgeted_random_parts,5,23585,435,896,128,207,0.36495535714285715
2,pgh2,rabvs_budgeted_random_parts,6,23585,435,1024,3,210,0.3701171875
0,plk1,boba_ucb,1,6907,107,384,63,71,0.4244791666666667
0,plk1,boba_ucb,2,6907,107,512,21,92,0.4140625
0,plk1,boba_ucb,3,6907,107,640,0,92,0.459375
0,plk1,boba_ucb,4,6907,107,768,3,95,0.4674479166666667
0,plk1,boba_ucb,5,6907,107,896,1,96,0.45870535714285715
0,plk1,boba_ucb,6,6907,107,1024,2,98,0.47265625
0,plk1,rabvs_budgeted_reliable,1,6907,107,384,63,71,0.4244791666666667
0,plk1,rabvs_budgeted_reliable,2,6907,107,512,21,92,0.4140625
0,plk1,rabvs_budgeted_reliable,3,6907,107,640,0,92,0.459375
0,plk1,rabvs_budgeted_reliable,4,6907,107,768,3,95,0.4674479166666667
0,plk1,rabvs_budgeted_reliable,5,6907,107,896,1,96,0.45870535714285715
0,plk1,rabvs_budgeted_reliable,6,6907,107,1024,2,98,0.47265625
0,plk1,rabvs_budgeted_no_ucb,1,6907,107,384,73,81,0.4010416666666667
0,plk1,rabvs_budgeted_no_ucb,2,6907,107,512,10,91,0.41015625
0,plk1,rabvs_budgeted_no_ucb,3,6907,107,640,9,100,0.43125
0,plk1,rabvs_budgeted_no_ucb,4,6907,107,768,0,100,0.4114583333333333
0,plk1,rabvs_budgeted_no_ucb,5,6907,107,896,2,102,0.45424107142857145
0,plk1,rabvs_budgeted_no_ucb,6,6907,107,1024,2,104,0.4892578125
0,plk1,rabvs_budgeted_random_parts,1,6907,107,384,1,9,0.4088541666666667
0,plk1,rabvs_budgeted_random_parts,2,6907,107,512,20,29,0.4140625
0,plk1,rabvs_budgeted_random_parts,3,6907,107,640,1,30,0.403125
0,plk1,rabvs_budgeted_random_parts,4,6907,107,768,1,31,0.3971354166666667
0,plk1,rabvs_budgeted_random_parts,5,6907,107,896,3,34,0.4107142857142857
0,plk1,rabvs_budgeted_random_parts,6,6907,107,1024,1,35,0.427734375
1,plk1,boba_ucb,1,6907,107,384,75,83,0.3723958333333333
1,plk1,boba_ucb,2,6907,107,512,3,86,0.412109375
1,plk1,boba_ucb,3,6907,107,640,0,86,0.4328125
1,plk1,boba_ucb,4,6907,107,768,1,87,0.44921875
1,plk1,boba_ucb,5,6907,107,896,0,87,0.4330357142857143
1,plk1,boba_ucb,6,6907,107,1024,1,88,0.4365234375
1,plk1,rabvs_budgeted_reliable,1,6907,107,384,75,83,0.3723958333333333
1,plk1,rabvs_budgeted_reliable,2,6907,107,512,3,86,0.412109375
1,plk1,rabvs_budgeted_reliable,3,6907,107,640,0,86,0.4328125
1,plk1,rabvs_budgeted_reliable,4,6907,107,768,1,87,0.44921875
1,plk1,rabvs_budgeted_reliable,5,6907,107,896,0,87,0.4330357142857143
1,plk1,rabvs_budgeted_reliable,6,6907,107,1024,1,88,0.4365234375
1,plk1,rabvs_budgeted_no_ucb,1,6907,107,384,75,83,0.3802083333333333
1,plk1,rabvs_budgeted_no_ucb,2,6907,107,512,6,89,0.40625
1,plk1,rabvs_budgeted_no_ucb,3,6907,107,640,1,90,0.4390625
1,plk1,rabvs_budgeted_no_ucb,4,6907,107,768,1,91,0.4739583333333333
1,plk1,rabvs_budgeted_no_ucb,5,6907,107,896,2,93,0.4799107142857143
1,plk1,rabvs_budgeted_no_ucb,6,6907,107,1024,1,94,0.4697265625
1,plk1,rabvs_budgeted_random_parts,1,6907,107,384,0,8,0.4375
1,plk1,rabvs_budgeted_random_parts,2,6907,107,512,1,9,0.44140625
1,plk1,rabvs_budgeted_random_parts,3,6907,107,640,25,34,0.4125
1,plk1,rabvs_budgeted_random_parts,4,6907,107,768,0,34,0.4361979166666667
1,plk1,rabvs_budgeted_random_parts,5,6907,107,896,12,46,0.4185267857142857
1,plk1,rabvs_budgeted_random_parts,6,6907,107,1024,2,48,0.4365234375
2,plk1,boba_ucb,1,6907,107,384,76,84,0.3723958333333333
2,plk1,boba_ucb,2,6907,107,512,2,86,0.419921875
2,plk1,boba_ucb,3,6907,107,640,1,87,0.4296875
2,plk1,boba_ucb,4,6907,107,768,0,87,0.4296875
2,plk1,boba_ucb,5,6907,107,896,0,87,0.4810267857142857
2,plk1,boba_ucb,6,6907,107,1024,0,87,0.48046875
2,plk1,rabvs_budgeted_reliable,1,6907,107,384,76,84,0.3723958333333333
2,plk1,rabvs_budgeted_reliable,2,6907,107,512,2,86,0.419921875
2,plk1,rabvs_budgeted_reliable,3,6907,107,640,1,87,0.4296875
2,plk1,rabvs_budgeted_reliable,4,6907,107,768,0,87,0.4296875
2,plk1,rabvs_budgeted_reliable,5,6907,107,896,0,87,0.4810267857142857
2,plk1,rabvs_budgeted_reliable,6,6907,107,1024,0,87,0.48046875
2,plk1,rabvs_budgeted_no_ucb,1,6907,107,384,70,78,0.3854166666666667
2,plk1,rabvs_budgeted_no_ucb,2,6907,107,512,7,85,0.419921875
2,plk1,rabvs_budgeted_no_ucb,3,6907,107,640,11,96,0.4234375
2,plk1,rabvs_budgeted_no_ucb,4,6907,107,768,3,99,0.4401041666666667
2,plk1,rabvs_budgeted_no_ucb,5,6907,107,896,1,100,0.45424107142857145
2,plk1,rabvs_budgeted_no_ucb,6,6907,107,1024,0,100,0.46875
2,plk1,rabvs_budgeted_random_parts,1,6907,107,384,0,8,0.4973958333333333
2,plk1,rabvs_budgeted_random_parts,2,6907,107,512,7,15,0.48046875
2,plk1,rabvs_budgeted_random_parts,3,6907,107,640,14,29,0.46875
2,plk1,rabvs_budgeted_random_parts,4,6907,107,768,0,29,0.4895833333333333
2,plk1,rabvs_budgeted_random_parts,5,6907,107,896,0,29,0.49107142857142855
2,plk1,rabvs_budgeted_random_parts,6,6907,107,1024,0,29,0.4873046875
0,pnph,boba_ucb,1,7053,103,384,94,102,0.3984375
0,pnph,boba_ucb,2,7053,103,512,0,102,0.423828125
0,pnph,boba_ucb,3,7053,103,640,0,102,0.453125
0,pnph,boba_ucb,4,7053,103,768,0,102,0.47265625
0,pnph,boba_ucb,5,7053,103,896,0,102,0.47098214285714285
0,pnph,boba_ucb,6,7053,103,1024,0,102,0.4892578125
0,pnph,rabvs_budgeted_reliable,1,7053,103,384,94,102,0.3984375
0,pnph,rabvs_budgeted_reliable,2,7053,103,512,0,102,0.423828125
0,pnph,rabvs_budgeted_reliable,3,7053,103,640,0,102,0.453125
0,pnph,rabvs_budgeted_reliable,4,7053,103,768,0,102,0.47265625
0,pnph,rabvs_budgeted_reliable,5,7053,103,896,0,102,0.47098214285714285
0,pnph,rabvs_budgeted_reliable,6,7053,103,1024,0,102,0.4892578125
0,pnph,rabvs_budgeted_no_ucb,1,7053,103,384,94,102,0.4036458333333333
0,pnph,rabvs_budgeted_no_ucb,2,7053,103,512,1,103,0.427734375
0,pnph,rabvs_budgeted_no_ucb,3,7053,103,640,0,103,0.4640625
0,pnph,rabvs_budgeted_no_ucb,4,7053,103,768,0,103,0.4869791666666667
0,pnph,rabvs_budgeted_no_ucb,5,7053,103,896,0,103,0.47544642857142855
0,pnph,rabvs_budgeted_no_ucb,6,7053,103,1024,0,103,0.4765625
0,pnph,rabvs_budgeted_random_parts,1,7053,103,384,0,8,0.4895833333333333
0,pnph,rabvs_budgeted_random_parts,2,7053,103,512,0,8,0.517578125
0,pnph,rabvs_budgeted_random_parts,3,7053,103,640,0,8,0.55625
0,pnph,rabvs_budgeted_random_parts,4,7053,103,768,0,8,0.5520833333333334
0,pnph,rabvs_budgeted_random_parts,5,7053,103,896,0,8,0.5546875
0,pnph,rabvs_budgeted_random_parts,6,7053,103,1024,27,35,0.5361328125
1,pnph,boba_ucb,1,7053,103,384,91,99,0.4505208333333333
1,pnph,boba_ucb,2,7053,103,512,0,99,0.4765625
1,pnph,boba_ucb,3,7053,103,640,0,99,0.5015625
1,pnph,boba_ucb,4,7053,103,768,0,99,0.5130208333333334
1,pnph,boba_ucb,5,7053,103,896,0,99,0.5089285714285714
1,pnph,boba_ucb,6,7053,103,1024,0,99,0.4990234375
1,pnph,rabvs_budgeted_reliable,1,7053,103,384,91,99,0.4505208333333333
1,pnph,rabvs_budgeted_reliable,2,7053,103,512,0,99,0.4765625
1,pnph,rabvs_budgeted_reliable,3,7053,103,640,0,99,0.5015625
1,pnph,rabvs_budgeted_reliable,4,7053,103,768,0,99,0.5130208333333334
1,pnph,rabvs_budgeted_reliable,5,7053,103,896,0,99,0.5089285714285714
1,pnph,rabvs_budgeted_reliable,6,7053,103,1024,0,99,0.4990234375
1,pnph,rabvs_budgeted_no_ucb,1,7053,103,384,94,102,0.4401041666666667
1,pnph,rabvs_budgeted_no_ucb,2,7053,103,512,1,103,0.498046875
1,pnph,rabvs_budgeted_no_ucb,3,7053,103,640,0,103,0.5109375
1,pnph,rabvs_budgeted_no_ucb,4,7053,103,768,0,103,0.5286458333333334
1,pnph,rabvs_budgeted_no_ucb,5,7053,103,896,0,103,0.5145089285714286
1,pnph,rabvs_budgeted_no_ucb,6,7053,103,1024,0,103,0.548828125
1,pnph,rabvs_budgeted_random_parts,1,7053,103,384,3,11,0.53125
1,pnph,rabvs_budgeted_random_parts,2,7053,103,512,0,11,0.572265625
1,pnph,rabvs_budgeted_random_parts,3,7053,103,640,0,11,0.559375
1,pnph,rabvs_budgeted_random_parts,4,7053,103,768,0,11,0.578125
1,pnph,rabvs_budgeted_random_parts,5,7053,103,896,0,11,0.5803571428571429
1,pnph,rabvs_budgeted_random_parts,6,7053,103,1024,0,11,0.564453125
2,pnph,boba_ucb,1,7053,103,384,92,100,0.4244791666666667
2,pnph,boba_ucb,2,7053,103,512,0,100,0.466796875
2,pnph,boba_ucb,3,7053,103,640,0,100,0.4921875
2,pnph,boba_ucb,4,7053,103,768,0,100,0.5130208333333334
2,pnph,boba_ucb,5,7053,103,896,0,100,0.4955357142857143
2,pnph,boba_ucb,6,7053,103,1024,0,100,0.482421875
2,pnph,rabvs_budgeted_reliable,1,7053,103,384,92,100,0.4244791666666667
2,pnph,rabvs_budgeted_reliable,2,7053,103,512,0,100,0.466796875
2,pnph,rabvs_budgeted_reliable,3,7053,103,640,0,100,0.4921875
2,pnph,rabvs_budgeted_reliable,4,7053,103,768,0,100,0.5130208333333334
2,pnph,rabvs_budgeted_reliable,5,7053,103,896,0,100,0.4955357142857143
2,pnph,rabvs_budgeted_reliable,6,7053,103,1024,0,100,0.482421875
2,pnph,rabvs_budgeted_no_ucb,1,7053,103,384,92,100,0.421875
2,pnph,rabvs_budgeted_no_ucb,2,7053,103,512,3,103,0.474609375
2,pnph,rabvs_budgeted_no_ucb,3,7053,103,640,0,103,0.459375
2,pnph,rabvs_budgeted_no_ucb,4,7053,103,768,0,103,0.4778645833333333
2,pnph,rabvs_budgeted_no_ucb,5,7053,103,896,0,103,0.47433035714285715
2,pnph,rabvs_budgeted_no_ucb,6,7053,103,1024,0,103,0.5078125
2,pnph,rabvs_budgeted_random_parts,1,7053,103,384,0,8,0.5729166666666666
2,pnph,rabvs_budgeted_random_parts,2,7053,103,512,0,8,0.53125
2,pnph,rabvs_budgeted_random_parts,3,7053,103,640,22,30,0.5359375
2,pnph,rabvs_budgeted_random_parts,4,7053,103,768,0,30,0.5520833333333334
2,pnph,rabvs_budgeted_random_parts,5,7053,103,896,38,68,0.5457589285714286
2,pnph,rabvs_budgeted_random_parts,6,7053,103,1024,0,68,0.5517578125
0,ppara,boba_ucb,1,19772,373,384,128,136,0.5520833333333334
0,ppara,boba_ucb,2,19772,373,512,13,149,0.564453125
0,ppara,boba_ucb,3,19772,373,640,4,153,0.5765625
0,ppara,boba_ucb,4,19772,373,768,0,153,0.5859375
0,ppara,boba_ucb,5,19772,373,896,1,154,0.5982142857142857
0,ppara,boba_ucb,6,19772,373,1024,0,154,0.5986328125
0,ppara,rabvs_budgeted_reliable,1,19772,373,384,128,136,0.5520833333333334
0,ppara,rabvs_budgeted_reliable,2,19772,373,512,13,149,0.564453125
0,ppara,rabvs_budgeted_reliable,3,19772,373,640,4,153,0.5765625
0,ppara,rabvs_budgeted_reliable,4,19772,373,768,0,153,0.5859375
0,ppara,rabvs_budgeted_reliable,5,19772,373,896,1,154,0.5982142857142857
0,ppara,rabvs_budgeted_reliable,6,19772,373,1024,0,154,0.5986328125
0,ppara,rabvs_budgeted_no_ucb,1,19772,373,384,128,136,0.5520833333333334
0,ppara,rabvs_budgeted_no_ucb,2,19772,373,512,128,264,0.51953125
0,ppara,rabvs_budgeted_no_ucb,3,19772,373,640,78,342,0.5109375
0,ppara,rabvs_budgeted_no_ucb,4,19772,373,768,13,355,0.5078125
0,ppara,rabvs_budgeted_no_ucb,5,19772,373,896,10,365,0.5223214285714286
0,ppara,rabvs_budgeted_no_ucb,6,19772,373,1024,3,368,0.5439453125
0,ppara,rabvs_budgeted_random_parts,1,19772,373,384,4,12,0.6432291666666666
0,ppara,rabvs_budgeted_random_parts,2,19772,373,512,2,14,0.595703125
0,ppara,rabvs_budgeted_random_parts,3,19772,373,640,0,14,0.590625
0,ppara,rabvs_budgeted_random_parts,4,19772,373,768,3,17,0.5911458333333334
0,ppara,rabvs_budgeted_random_parts,5,19772,373,896,0,17,0.609375
0,ppara,rabvs_budgeted_random_parts,6,19772,373,1024,0,17,0.5966796875
1,ppara,boba_ucb,1,19772,373,384,128,136,0.4895833333333333
1,ppara,boba_ucb,2,19772,373,512,86,222,0.505859375
1,ppara,boba_ucb,3,19772,373,640,12,234,0.521875
1,ppara,boba_ucb,4,19772,373,768,0,234,0.54296875
1,ppara,boba_ucb,5,19772,373,896,1,235,0.5591517857142857
1,ppara,boba_ucb,6,19772,373,1024,0,235,0.580078125
1,ppara,rabvs_budgeted_reliable,1,19772,373,384,128,136,0.4895833333333333
1,ppara,rabvs_budgeted_reliable,2,19772,373,512,86,222,0.505859375
1,ppara,rabvs_budgeted_reliable,3,19772,373,640,12,234,0.521875
1,ppara,rabvs_budgeted_reliable,4,19772,373,768,0,234,0.54296875
1,ppara,rabvs_budgeted_reliable,5,19772,373,896,1,235,0.5591517857142857
1,ppara,rabvs_budgeted_reliable,6,19772,373,1024,0,235,0.580078125
1,ppara,rabvs_budgeted_no_ucb,1,19772,373,384,128,136,0.4895833333333333
1,ppara,rabvs_budgeted_no_ucb,2,19772,373,512,125,261,0.509765625
1,ppara,rabvs_budgeted_no_ucb,3,19772,373,640,80,341,0.5171875
1,ppara,rabvs_budgeted_no_ucb,4,19772,373,768,22,363,0.5143229166666666
1,ppara,rabvs_budgeted_no_ucb,5,19772,373,896,2,365,0.5401785714285714
1,ppara,rabvs_budgeted_no_ucb,6,19772,373,1024,1,366,0.546875
1,ppara,rabvs_budgeted_random_parts,1,19772,373,384,0,8,0.5859375
1,ppara,rabvs_budgeted_random_parts,2,19772,373,512,0,8,0.55859375
1,ppara,rabvs_budgeted_random_parts,3,19772,373,640,5,13,0.5609375
1,ppara,rabvs_budgeted_random_parts,4,19772,373,768,0,13,0.5690104166666666
1,ppara,rabvs_budgeted_random_parts,5,19772,373,896,3,16,0.5680803571428571
1,ppara,rabvs_budgeted_random_parts,6,19772,373,1024,5,21,0.5693359375
2,ppara,boba_ucb,1,19772,373,384,128,136,0.6145833333333334
2,ppara,boba_ucb,2,19772,373,512,17,153,0.6015625
2,ppara,boba_ucb,3,19772,373,640,7,160,0.5640625
2,ppara,boba_ucb,4,19772,373,768,1,161,0.5703125
2,ppara,boba_ucb,5,19772,373,896,0,161,0.5926339285714286
2,ppara,boba_ucb,6,19772,373,1024,0,161,0.59765625
2,ppara,rabvs_budgeted_reliable,1,19772,373,384,128,136,0.6145833333333334
2,ppara,rabvs_budgeted_reliable,2,19772,373,512,17,153,0.6015625
2,ppara,rabvs_budgeted_reliable,3,19772,373,640,7,160,0.5640625
2,ppara,rabvs_budgeted_reliable,4,19772,373,768,1,161,0.5703125
2,ppara,rabvs_budgeted_reliable,5,19772,373,896,0,161,0.5926339285714286
2,ppara,rabvs_budgeted_reliable,6,19772,373,1024,0,161,0.59765625
2,ppara,rabvs_budgeted_no_ucb,1,19772,373,384,128,136,0.6145833333333334
2,ppara,rabvs_budgeted_no_ucb,2,19772,373,512,128,264,0.5234375
2,ppara,rabvs_budgeted_no_ucb,3,19772,373,640,81,345,0.5015625
2,ppara,rabvs_budgeted_no_ucb,4,19772,373,768,16,361,0.4921875
2,ppara,rabvs_budgeted_no_ucb,5,19772,373,896,7,368,0.5167410714285714
2,ppara,rabvs_budgeted_no_ucb,6,19772,373,1024,1,369,0.541015625
2,ppara,rabvs_budgeted_random_parts,1,19772,373,384,56,64,0.5755208333333334
2,ppara,rabvs_budgeted_random_parts,2,19772,373,512,4,68,0.587890625
2,ppara,rabvs_budgeted_random_parts,3,19772,373,640,1,69,0.559375
2,ppara,rabvs_budgeted_random_parts,4,19772,373,768,8,77,0.5533854166666666
2,ppara,rabvs_budgeted_random_parts,5,19772,373,896,8,85,0.5479910714285714
2,ppara,rabvs_budgeted_random_parts,6,19772,373,1024,62,147,0.591796875
0,ppard,boba_ucb,1,12490,240,384,128,136,0.5390625
0,ppard,boba_ucb,2,12490,240,512,7,143,0.58203125
0,ppard,boba_ucb,3,12490,240,640,2,145,0.5359375
0,ppard,boba_ucb,4,12490,240,768,0,145,0.54296875
0,ppard,boba_ucb,5,12490,240,896,0,145,0.5401785714285714
0,ppard,boba_ucb,6,12490,240,1024,0,145,0.5419921875
0,ppard,rabvs_budgeted_reliable,1,12490,240,384,128,136,0.5390625
0,ppard,rabvs_budgeted_reliable,2,12490,240,512,7,143,0.58203125
0,ppard,rabvs_budgeted_reliable,3,12490,240,640,2,145,0.5359375
0,ppard,rabvs_budgeted_reliable,4,12490,240,768,0,145,0.54296875
0,ppard,rabvs_budgeted_reliable,5,12490,240,896,0,145,0.5401785714285714
0,ppard,rabvs_budgeted_reliable,6,12490,240,1024,0,145,0.5419921875
0,ppard,rabvs_budgeted_no_ucb,1,12490,240,384,128,136,0.5390625
0,ppard,rabvs_budgeted_no_ucb,2,12490,240,512,95,231,0.560546875
0,ppard,rabvs_budgeted_no_ucb,3,12490,240,640,5,236,0.5484375
0,ppard,rabvs_budgeted_no_ucb,4,12490,240,768,1,237,0.5299479166666666
0,ppard,rabvs_budgeted_no_ucb,5,12490,240,896,0,237,0.5736607142857143
0,ppard,rabvs_budgeted_no_ucb,6,12490,240,1024,0,237,0.5791015625
0,ppard,rabvs_budgeted_random_parts,1,12490,240,384,0,8,0.5885416666666666
0,ppard,rabvs_budgeted_random_parts,2,12490,240,512,0,8,0.6171875
0,ppard,rabvs_budgeted_random_parts,3,12490,240,640,0,8,0.6109375
0,ppard,rabvs_budgeted_random_parts,4,12490,240,768,0,8,0.609375
0,ppard,rabvs_budgeted_random_parts,5,12490,240,896,77,85,0.5881696428571429
0,ppard,rabvs_budgeted_random_parts,6,12490,240,1024,1,86,0.5556640625
1,ppard,boba_ucb,1,12490,240,384,121,129,0.4869791666666667
1,ppard,boba_ucb,2,12490,240,512,3,132,0.513671875
1,ppard,boba_ucb,3,12490,240,640,79,211,0.553125
1,ppard,boba_ucb,4,12490,240,768,0,211,0.52734375
1,ppard,boba_ucb,5,12490,240,896,1,212,0.5100446428571429
1,ppard,boba_ucb,6,12490,240,1024,0,212,0.544921875
1,ppard,rabvs_budgeted_reliable,1,12490,240,384,121,129,0.4869791666666667
1,ppard,rabvs_budgeted_reliable,2,12490,240,512,3,132,0.513671875
1,ppard,rabvs_budgeted_reliable,3,12490,240,640,79,211,0.553125
1,ppard,rabvs_budgeted_reliable,4,12490,240,768,0,211,0.52734375
1,ppard,rabvs_budgeted_reliable,5,12490,240,896,1,212,0.5100446428571429
1,ppard,rabvs_budgeted_reliable,6,12490,240,1024,0,212,0.544921875
1,ppard,rabvs_budgeted_no_ucb,1,12490,240,384,128,136,0.5338541666666666
1,ppard,rabvs_budgeted_no_ucb,2,12490,240,512,93,229,0.544921875
1,ppard,rabvs_budgeted_no_ucb,3,12490,240,640,4,233,0.55
1,ppard,rabvs_budgeted_no_ucb,4,12490,240,768,2,235,0.5338541666666666
1,ppard,rabvs_budgeted_no_ucb,5,12490,240,896,2,237,0.5189732142857143
1,ppard,rabvs_budgeted_no_ucb,6,12490,240,1024,1,238,0.52734375
1,ppard,rabvs_budgeted_random_parts,1,12490,240,384,0,8,0.5755208333333334
1,ppard,rabvs_budgeted_random_parts,2,12490,240,512,1,9,0.5234375
1,ppard,rabvs_budgeted_random_parts,3,12490,240,640,3,12,0.521875
1,ppard,rabvs_budgeted_random_parts,4,12490,240,768,0,12,0.5299479166666666
1,ppard,rabvs_budgeted_random_parts,5,12490,240,896,0,12,0.5345982142857143
1,ppard,rabvs_budgeted_random_parts,6,12490,240,1024,0,12,0.5302734375
2,ppard,boba_ucb,1,12490,240,384,128,136,0.515625
2,ppard,boba_ucb,2,12490,240,512,47,183,0.587890625
2,ppard,boba_ucb,3,12490,240,640,0,183,0.53125
2,ppard,boba_ucb,4,12490,240,768,0,183,0.5221354166666666
2,ppard,boba_ucb,5,12490,240,896,0,183,0.5022321428571429
2,ppard,boba_ucb,6,12490,240,1024,0,183,0.5283203125
2,ppard,rabvs_budgeted_reliable,1,12490,240,384,128,136,0.515625
2,ppard,rabvs_budgeted_reliable,2,12490,240,512,47,183,0.587890625
2,ppard,rabvs_budgeted_reliable,3,12490,240,640,0,183,0.53125
2,ppard,rabvs_budgeted_reliable,4,12490,240,768,0,183,0.5221354166666666
2,ppard,rabvs_budgeted_reliable,5,12490,240,896,0,183,0.5022321428571429
2,ppard,rabvs_budgeted_reliable,6,12490,240,1024,0,183,0.5283203125
2,ppard,rabvs_budgeted_no_ucb,1,12490,240,384,128,136,0.515625
2,ppard,rabvs_budgeted_no_ucb,2,12490,240,512,96,232,0.544921875
2,ppard,rabvs_budgeted_no_ucb,3,12490,240,640,3,235,0.5203125
2,ppard,rabvs_budgeted_no_ucb,4,12490,240,768,0,235,0.4986979166666667
2,ppard,rabvs_budgeted_no_ucb,5,12490,240,896,1,236,0.5301339285714286
2,ppard,rabvs_budgeted_no_ucb,6,12490,240,1024,1,237,0.537109375
2,ppard,rabvs_budgeted_random_parts,1,12490,240,384,14,22,0.6119791666666666
2,ppard,rabvs_budgeted_random_parts,2,12490,240,512,0,22,0.55859375
2,ppard,rabvs_budgeted_random_parts,3,12490,240,640,96,118,0.5671875
2,ppard,rabvs_budgeted_random_parts,4,12490,240,768,26,144,0.56640625
2,ppard,rabvs_budgeted_random_parts,5,12490,240,896,0,144,0.5546875
2,ppard,rabvs_budgeted_random_parts,6,12490,240,1024,1,145,0.5517578125
0,pparg,boba_ucb,1,25784,484,384,128,136,0.4713541666666667
0,pparg,boba_ucb,2,25784,484,512,53,189,0.4609375
0,pparg,boba_ucb,3,25784,484,640,3,192,0.4875
0,pparg,boba_ucb,4,25784,484,768,6,198,0.5104166666666666
0,pparg,boba_ucb,5,25784,484,896,1,199,0.5055803571428571
0,pparg,boba_ucb,6,25784,484,1024,0,199,0.544921875
0,pparg,rabvs_budgeted_reliable,1,25784,484,384,128,136,0.4713541666666667
0,pparg,rabvs_budgeted_reliable,2,25784,484,512,53,189,0.4609375
0,pparg,rabvs_budgeted_reliable,3,25784,484,640,3,192,0.4875
0,pparg,rabvs_budgeted_reliable,4,25784,484,768,6,198,0.5104166666666666
0,pparg,rabvs_budgeted_reliable,5,25784,484,896,1,199,0.5055803571428571
0,pparg,rabvs_budgeted_reliable,6,25784,484,1024,0,199,0.544921875
0,pparg,rabvs_budgeted_no_ucb,1,25784,484,384,128,136,0.4713541666666667
0,pparg,rabvs_budgeted_no_ucb,2,25784,484,512,128,264,0.455078125
0,pparg,rabvs_budgeted_no_ucb,3,25784,484,640,109,373,0.4953125
0,pparg,rabvs_budgeted_no_ucb,4,25784,484,768,38,411,0.5182291666666666
0,pparg,rabvs_budgeted_no_ucb,5,25784,484,896,24,435,0.5412946428571429
0,pparg,rabvs_budgeted_no_ucb,6,25784,484,1024,12,447,0.537109375
0,pparg,rabvs_budgeted_random_parts,1,25784,484,384,5,13,0.5364583333333334
0,pparg,rabvs_budgeted_random_parts,2,25784,484,512,20,33,0.517578125
0,pparg,rabvs_budgeted_random_parts,3,25784,484,640,4,37,0.5515625
0,pparg,rabvs_budgeted_random_parts,4,25784,484,768,3,40,0.5455729166666666
0,pparg,rabvs_budgeted_random_parts,5,25784,484,896,0,40,0.5747767857142857
0,pparg,rabvs_budgeted_random_parts,6,25784,484,1024,5,45,0.5830078125
1,pparg,boba_ucb,1,25784,484,384,125,133,0.5130208333333334
1,pparg,boba_ucb,2,25784,484,512,27,160,0.544921875
1,pparg,boba_ucb,3,25784,484,640,29,189,0.5265625
1,pparg,boba_ucb,4,25784,484,768,9,198,0.5260416666666666
1,pparg,boba_ucb,5,25784,484,896,21,219,0.5647321428571429
1,pparg,boba_ucb,6,25784,484,1024,0,219,0.5771484375
1,pparg,rabvs_budgeted_reliable,1,25784,484,384,125,133,0.5130208333333334
1,pparg,rabvs_budgeted_reliable,2,25784,484,512,27,160,0.544921875
1,pparg,rabvs_budgeted_reliable,3,25784,484,640,29,189,0.5265625
1,pparg,rabvs_budgeted_reliable,4,25784,484,768,9,198,0.5260416666666666
1,pparg,rabvs_budgeted_reliable,5,25784,484,896,21,219,0.5647321428571429
1,pparg,rabvs_budgeted_reliable,6,25784,484,1024,0,219,0.5771484375
1,pparg,rabvs_budgeted_no_ucb,1,25784,484,384,126,134,0.515625
1,pparg,rabvs_budgeted_no_ucb,2,25784,484,512,128,262,0.482421875
1,pparg,rabvs_budgeted_no_ucb,3,25784,484,640,114,376,0.503125
1,pparg,rabvs_budgeted_no_ucb,4,25784,484,768,50,426,0.5130208333333334
1,pparg,rabvs_budgeted_no_ucb,5,25784,484,896,13,439,0.5334821428571429
1,pparg,rabvs_budgeted_no_ucb,6,25784,484,1024,7,446,0.5283203125
1,pparg,rabvs_budgeted_random_parts,1,25784,484,384,24,32,0.6197916666666666
1,pparg,rabvs_budgeted_random_parts,2,25784,484,512,5,37,0.6328125
1,pparg,rabvs_budgeted_random_parts,3,25784,484,640,12,49,0.6390625
1,pparg,rabvs_budgeted_random_parts,4,25784,484,768,5,54,0.6536458333333334
1,pparg,rabvs_budgeted_random_parts,5,25784,484,896,1,55,0.6651785714285714
1,pparg,rabvs_budgeted_random_parts,6,25784,484,1024,4,59,0.625
2,pparg,boba_ucb,1,25784,484,384,128,136,0.4505208333333333
2,pparg,boba_ucb,2,25784,484,512,15,151,0.474609375
2,pparg,boba_ucb,3,25784,484,640,5,156,0.5640625
2,pparg,boba_ucb,4,25784,484,768,20,176,0.55078125
2,pparg,boba_ucb,5,25784,484,896,1,177,0.6037946428571429
2,pparg,boba_ucb,6,25784,484,1024,0,177,0.59375
2,pparg,rabvs_budgeted_reliable,1,25784,484,384,128,136,0.4505208333333333
2,pparg,rabvs_budgeted_reliable,2,25784,484,512,15,151,0.474609375
2,pparg,rabvs_budgeted_reliable,3,25784,484,640,5,156,0.5640625
2,pparg,rabvs_budgeted_reliable,4,25784,484,768,20,176,0.55078125
2,pparg,rabvs_budgeted_reliable,5,25784,484,896,1,177,0.6037946428571429
2,pparg,rabvs_budgeted_reliable,6,25784,484,1024,0,177,0.59375
2,pparg,rabvs_budgeted_no_ucb,1,25784,484,384,128,136,0.453125
2,pparg,rabvs_budgeted_no_ucb,2,25784,484,512,126,262,0.46484375
2,pparg,rabvs_budgeted_no_ucb,3,25784,484,640,106,368,0.496875
2,pparg,rabvs_budgeted_no_ucb,4,25784,484,768,42,410,0.52734375
2,pparg,rabvs_budgeted_no_ucb,5,25784,484,896,13,423,0.5424107142857143
2,pparg,rabvs_budgeted_no_ucb,6,25784,484,1024,14,437,0.5400390625
2,pparg,rabvs_budgeted_random_parts,1,25784,484,384,0,8,0.6171875
2,pparg,rabvs_budgeted_random_parts,2,25784,484,512,8,16,0.595703125
2,pparg,rabvs_budgeted_random_parts,3,25784,484,640,15,31,0.5796875
2,pparg,rabvs_budgeted_random_parts,4,25784,484,768,1,32,0.5846354166666666
2,pparg,rabvs_budgeted_random_parts,5,25784,484,896,118,150,0.5691964285714286
2,pparg,rabvs_budgeted_random_parts,6,25784,484,1024,128,278,0.51171875
0,prgr,boba_ucb,1,15943,293,384,119,127,0.4140625
0,prgr,boba_ucb,2,15943,293,512,18,145,0.40625
0,prgr,boba_ucb,3,15943,293,640,12,157,0.446875
0,prgr,boba_ucb,4,15943,293,768,5,162,0.4453125
0,prgr,boba_ucb,5,15943,293,896,8,170,0.42857142857142855
0,prgr,boba_ucb,6,15943,293,1024,4,174,0.4375
0,prgr,rabvs_budgeted_reliable,1,15943,293,384,119,127,0.4140625
0,prgr,rabvs_budgeted_reliable,2,15943,293,512,18,145,0.40625
0,prgr,rabvs_budgeted_reliable,3,15943,293,640,12,157,0.446875
0,prgr,rabvs_budgeted_reliable,4,15943,293,768,5,162,0.4453125
0,prgr,rabvs_budgeted_reliable,5,15943,293,896,8,170,0.42857142857142855
0,prgr,rabvs_budgeted_reliable,6,15943,293,1024,4,174,0.4375
0,prgr,rabvs_budgeted_no_ucb,1,15943,293,384,119,127,0.4140625
0,prgr,rabvs_budgeted_no_ucb,2,15943,293,512,59,186,0.42578125
0,prgr,rabvs_budgeted_no_ucb,3,15943,293,640,17,203,0.409375
0,prgr,rabvs_budgeted_no_ucb,4,15943,293,768,23,226,0.453125
0,prgr,rabvs_budgeted_no_ucb,5,15943,293,896,14,240,0.4564732142857143
0,prgr,rabvs_budgeted_no_ucb,6,15943,293,1024,9,249,0.46484375
0,prgr,rabvs_budgeted_random_parts,1,15943,293,384,47,55,0.4244791666666667
0,prgr,rabvs_budgeted_random_parts,2,15943,293,512,3,58,0.48046875
0,prgr,rabvs_budgeted_random_parts,3,15943,293,640,10,68,0.471875
0,prgr,rabvs_budgeted_random_parts,4,15943,293,768,29,97,0.4778645833333333
0,prgr,rabvs_budgeted_random_parts,5,15943,293,896,1,98,0.4799107142857143
0,prgr,rabvs_budgeted_random_parts,6,15943,293,1024,6,104,0.4443359375
1,prgr,boba_ucb,1,15943,293,384,119,127,0.4114583333333333
1,prgr,boba_ucb,2,15943,293,512,23,150,0.482421875
1,prgr,boba_ucb,3,15943,293,640,5,155,0.4828125
1,prgr,boba_ucb,4,15943,293,768,1,156,0.453125
1,prgr,boba_ucb,5,15943,293,896,4,160,0.44754464285714285
1,prgr,boba_ucb,6,15943,293,1024,7,167,0.4326171875
1,prgr,rabvs_budgeted_reliable,1,15943,293,384,119,127,0.4114583333333333
1,prgr,rabvs_budgeted_reliable,2,15943,293,512,23,150,0.482421875
1,prgr,rabvs_budgeted_reliable,3,15943,293,640,5,155,0.4828125
1,prgr,rabvs_budgeted_reliable,4,15943,293,768,1,156,0.453125
1,prgr,rabvs_budgeted_reliable,5,15943,293,896,4,160,0.44754464285714285
1,prgr,rabvs_budgeted_reliable,6,15943,293,1024,7,167,0.4326171875
1,prgr,rabvs_budgeted_no_ucb,1,15943,293,384,119,127,0.4088541666666667
1,prgr,rabvs_budgeted_no_ucb,2,15943,293,512,55,182,0.419921875
1,prgr,rabvs_budgeted_no_ucb,3,15943,293,640,26,208,0.4046875
1,prgr,rabvs_budgeted_no_ucb,4,15943,293,768,6,214,0.4088541666666667
1,prgr,rabvs_budgeted_no_ucb,5,15943,293,896,15,229,0.41183035714285715
1,prgr,rabvs_budgeted_no_ucb,6,15943,293,1024,10,239,0.4208984375
1,prgr,rabvs_budgeted_random_parts,1,15943,293,384,0,8,0.5494791666666666
1,prgr,rabvs_budgeted_random_parts,2,15943,293,512,46,54,0.517578125
1,prgr,rabvs_budgeted_random_parts,3,15943,293,640,2,56,0.5078125
1,prgr,rabvs_budgeted_random_parts,4,15943,293,768,0,56,0.51171875
1,prgr,rabvs_budgeted_random_parts,5,15943,293,896,32,88,0.5323660714285714
1,prgr,rabvs_budgeted_random_parts,6,15943,293,1024,0,88,0.53515625
2,prgr,boba_ucb,1,15943,293,384,119,127,0.4348958333333333
2,prgr,boba_ucb,2,15943,293,512,15,142,0.416015625
2,prgr,boba_ucb,3,15943,293,640,15,157,0.44375
2,prgr,boba_ucb,4,15943,293,768,9,166,0.4479166666666667
2,prgr,boba_ucb,5,15943,293,896,3,169,0.43973214285714285
2,prgr,boba_ucb,6,15943,293,1024,2,171,0.4375
2,prgr,rabvs_budgeted_reliable,1,15943,293,384,119,127,0.4348958333333333
2,prgr,rabvs_budgeted_reliable,2,15943,293,512,15,142,0.416015625
2,prgr,rabvs_budgeted_reliable,3,15943,293,640,15,157,0.44375
2,prgr,rabvs_budgeted_reliable,4,15943,293,768,9,166,0.4479166666666667
2,prgr,rabvs_budgeted_reliable,5,15943,293,896,3,169,0.43973214285714285
2,prgr,rabvs_budgeted_reliable,6,15943,293,1024,2,171,0.4375
2,prgr,rabvs_budgeted_no_ucb,1,15943,293,384,121,129,0.4427083333333333
2,prgr,rabvs_budgeted_no_ucb,2,15943,293,512,57,186,0.447265625
2,prgr,rabvs_budgeted_no_ucb,3,15943,293,640,36,222,0.4484375
2,prgr,rabvs_budgeted_no_ucb,4,15943,293,768,7,229,0.4479166666666667
2,prgr,rabvs_budgeted_no_ucb,5,15943,293,896,7,236,0.44754464285714285
2,prgr,rabvs_budgeted_no_ucb,6,15943,293,1024,9,245,0.4697265625
2,prgr,rabvs_budgeted_random_parts,1,15943,293,384,2,10,0.4739583333333333
2,prgr,rabvs_budgeted_random_parts,2,15943,293,512,2,12,0.4375
2,prgr,rabvs_budgeted_random_parts,3,15943,293,640,27,39,0.46875
2,prgr,rabvs_budgeted_random_parts,4,15943,293,768,0,39,0.46484375
2,prgr,rabvs_budgeted_random_parts,5,15943,293,896,0,39,0.4486607142857143
2,prgr,rabvs_budgeted_random_parts,6,15943,293,1024,5,44,0.4521484375
0,ptn1,boba_ucb,1,7380,130,384,74,82,0.5364583333333334
0,ptn1,boba_ucb,2,7380,130,512,19,101,0.53515625
0,ptn1,boba_ucb,3,7380,130,640,1,102,0.546875
0,ptn1,boba_ucb,4,7380,130,768,4,106,0.5611979166666666
0,ptn1,boba_ucb,5,7380,130,896,0,106,0.5725446428571429
0,ptn1,boba_ucb,6,7380,130,1024,0,106,0.58203125
0,ptn1,rabvs_budgeted_reliable,1,7380,130,384,74,82,0.5364583333333334
0,ptn1,rabvs_budgeted_reliable,2,7380,130,512,19,101,0.53515625
0,ptn1,rabvs_budgeted_reliable,3,7380,130,640,1,102,0.546875
0,ptn1,rabvs_budgeted_reliable,4,7380,130,768,4,106,0.5611979166666666
0,ptn1,rabvs_budgeted_reliable,5,7380,130,896,0,106,0.5725446428571429
0,ptn1,rabvs_budgeted_reliable,6,7380,130,1024,0,106,0.58203125
0,ptn1,rabvs_budgeted_no_ucb,1,7380,130,384,70,78,0.5416666666666666
0,ptn1,rabvs_budgeted_no_ucb,2,7380,130,512,26,104,0.583984375
0,ptn1,rabvs_budgeted_no_ucb,3,7380,130,640,11,115,0.5453125
0,ptn1,rabvs_budgeted_no_ucb,4,7380,130,768,8,123,0.5794270833333334
0,ptn1,rabvs_budgeted_no_ucb,5,7380,130,896,2,125,0.5669642857142857
0,ptn1,rabvs_budgeted_no_ucb,6,7380,130,1024,2,127,0.5732421875
0,ptn1,rabvs_budgeted_random_parts,1,7380,130,384,21,29,0.5833333333333334
0,ptn1,rabvs_budgeted_random_parts,2,7380,130,512,2,31,0.5859375
0,ptn1,rabvs_budgeted_random_parts,3,7380,130,640,3,34,0.5515625
0,ptn1,rabvs_budgeted_random_parts,4,7380,130,768,7,41,0.56640625
0,ptn1,rabvs_budgeted_random_parts,5,7380,130,896,22,63,0.5591517857142857
0,ptn1,rabvs_budgeted_random_parts,6,7380,130,1024,2,65,0.57421875
1,ptn1,boba_ucb,1,7380,130,384,78,86,0.4869791666666667
1,ptn1,boba_ucb,2,7380,130,512,5,91,0.51953125
1,ptn1,boba_ucb,3,7380,130,640,2,93,0.5296875
1,ptn1,boba_ucb,4,7380,130,768,0,93,0.5455729166666666
1,ptn1,boba_ucb,5,7380,130,896,0,93,0.5602678571428571
1,ptn1,boba_ucb,6,7380,130,1024,0,93,0.58984375
1,ptn1,rabvs_budgeted_reliable,1,7380,130,384,78,86,0.4869791666666667
1,ptn1,rabvs_budgeted_reliable,2,7380,130,512,5,91,0.51953125
1,ptn1,rabvs_budgeted_reliable,3,7380,130,640,2,93,0.5296875
1,ptn1,rabvs_budgeted_reliable,4,7380,130,768,0,93,0.5455729166666666
1,ptn1,rabvs_budgeted_reliable,5,7380,130,896,0,93,0.5602678571428571
1,ptn1,rabvs_budgeted_reliable,6,7380,130,1024,0,93,0.58984375
1,ptn1,rabvs_budgeted_no_ucb,1,7380,130,384,86,94,0.5286458333333334
1,ptn1,rabvs_budgeted_no_ucb,2,7380,130,512,23,117,0.525390625
1,ptn1,rabvs_budgeted_no_ucb,3,7380,130,640,5,122,0.565625
1,ptn1,rabvs_budgeted_no_ucb,4,7380,130,768,2,124,0.5494791666666666
1,ptn1,rabvs_budgeted_no_ucb,5,7380,130,896,2,126,0.5424107142857143
1,ptn1,rabvs_budgeted_no_ucb,6,7380,130,1024,1,127,0.548828125
1,ptn1,rabvs_budgeted_random_parts,1,7380,130,384,0,8,0.5208333333333334
1,ptn1,rabvs_budgeted_random_parts,2,7380,130,512,18,26,0.5
1,ptn1,rabvs_budgeted_random_parts,3,7380,130,640,1,27,0.528125
1,ptn1,rabvs_budgeted_random_parts,4,7380,130,768,17,44,0.5338541666666666
1,ptn1,rabvs_budgeted_random_parts,5,7380,130,896,1,45,0.5279017857142857
1,ptn1,rabvs_budgeted_random_parts,6,7380,130,1024,1,46,0.5498046875
2,ptn1,boba_ucb,1,7380,130,384,98,106,0.5130208333333334
2,ptn1,boba_ucb,2,7380,130,512,6,112,0.541015625
2,ptn1,boba_ucb,3,7380,130,640,0,112,0.55625
2,ptn1,boba_ucb,4,7380,130,768,0,112,0.5872395833333334
2,ptn1,boba_ucb,5,7380,130,896,0,112,0.5691964285714286
2,ptn1,boba_ucb,6,7380,130,1024,0,112,0.57421875
2,ptn1,rabvs_budgeted_reliable,1,7380,130,384,98,106,0.5130208333333334
2,ptn1,rabvs_budgeted_reliable,2,7380,130,512,6,112,0.541015625
2,ptn1,rabvs_budgeted_reliable,3,7380,130,640,0,112,0.55625
2,ptn1,rabvs_budgeted_reliable,4,7380,130,768,0,112,0.5872395833333334
2,ptn1,rabvs_budgeted_reliable,5,7380,130,896,0,112,0.5691964285714286
2,ptn1,rabvs_budgeted_reliable,6,7380,130,1024,0,112,0.57421875
2,ptn1,rabvs_budgeted_no_ucb,1,7380,130,384,97,105,0.515625
2,ptn1,rabvs_budgeted_no_ucb,2,7380,130,512,12,117,0.5234375
2,ptn1,rabvs_budgeted_no_ucb,3,7380,130,640,4,121,0.5484375
2,ptn1,rabvs_budgeted_no_ucb,4,7380,130,768,4,125,0.5494791666666666
2,ptn1,rabvs_budgeted_no_ucb,5,7380,130,896,2,127,0.5580357142857143
2,ptn1,rabvs_budgeted_no_ucb,6,7380,130,1024,0,127,0.55859375
2,ptn1,rabvs_budgeted_random_parts,1,7380,130,384,12,20,0.4713541666666667
2,ptn1,rabvs_budgeted_random_parts,2,7380,130,512,2,22,0.453125
2,ptn1,rabvs_budgeted_random_parts,3,7380,130,640,5,27,0.46875
2,ptn1,rabvs_budgeted_random_parts,4,7380,130,768,5,32,0.4973958333333333
2,ptn1,rabvs_budgeted_random_parts,5,7380,130,896,0,32,0.484375
2,ptn1,rabvs_budgeted_random_parts,6,7380,130,1024,0,32,0.505859375
0,pur2,boba_ucb,1,2750,50,384,42,50,0.5963541666666666
0,pur2,boba_ucb,2,2750,50,512,0,50,0.59765625
0,pur2,boba_ucb,3,2750,50,640,0,50,0.628125
0,pur2,boba_ucb,4,2750,50,768,0,50,0.6341145833333334
0,pur2,boba_ucb,5,2750,50,896,0,50,0.6484375
0,pur2,boba_ucb,6,2750,50,1024,0,50,0.671875
0,pur2,rabvs_budgeted_reliable,1,2750,50,384,42,50,0.5963541666666666
0,pur2,rabvs_budgeted_reliable,2,2750,50,512,0,50,0.59765625
0,pur2,rabvs_budgeted_reliable,3,2750,50,640,0,50,0.628125
0,pur2,rabvs_budgeted_reliable,4,2750,50,768,0,50,0.6341145833333334
0,pur2,rabvs_budgeted_reliable,5,2750,50,896,0,50,0.6484375
0,pur2,rabvs_budgeted_reliable,6,2750,50,1024,0,50,0.671875
0,pur2,rabvs_budgeted_no_ucb,1,2750,50,384,42,50,0.5755208333333334
0,pur2,rabvs_budgeted_no_ucb,2,2750,50,512,0,50,0.59375
0,pur2,rabvs_budgeted_no_ucb,3,2750,50,640,0,50,0.590625
0,pur2,rabvs_budgeted_no_ucb,4,2750,50,768,0,50,0.5963541666666666
0,pur2,rabvs_budgeted_no_ucb,5,2750,50,896,0,50,0.6305803571428571
0,pur2,rabvs_budgeted_no_ucb,6,2750,50,1024,0,50,0.6298828125
0,pur2,rabvs_budgeted_random_parts,1,2750,50,384,28,36,0.578125
0,pur2,rabvs_budgeted_random_parts,2,2750,50,512,0,36,0.626953125
0,pur2,rabvs_budgeted_random_parts,3,2750,50,640,0,36,0.6140625
0,pur2,rabvs_budgeted_random_parts,4,2750,50,768,0,36,0.6041666666666666
0,pur2,rabvs_budgeted_random_parts,5,2750,50,896,0,36,0.6328125
0,pur2,rabvs_budgeted_random_parts,6,2750,50,1024,0,36,0.642578125
1,pur2,boba_ucb,1,2750,50,384,42,50,0.5520833333333334
1,pur2,boba_ucb,2,2750,50,512,0,50,0.603515625
1,pur2,boba_ucb,3,2750,50,640,0,50,0.615625
1,pur2,boba_ucb,4,2750,50,768,0,50,0.6002604166666666
1,pur2,boba_ucb,5,2750,50,896,0,50,0.6149553571428571
1,pur2,boba_ucb,6,2750,50,1024,0,50,0.6357421875
1,pur2,rabvs_budgeted_reliable,1,2750,50,384,42,50,0.5520833333333334
1,pur2,rabvs_budgeted_reliable,2,2750,50,512,0,50,0.603515625
1,pur2,rabvs_budgeted_reliable,3,2750,50,640,0,50,0.615625
1,pur2,rabvs_budgeted_reliable,4,2750,50,768,0,50,0.6002604166666666
1,pur2,rabvs_budgeted_reliable,5,2750,50,896,0,50,0.6149553571428571
1,pur2,rabvs_budgeted_reliable,6,2750,50,1024,0,50,0.6357421875
1,pur2,rabvs_budgeted_no_ucb,1,2750,50,384,42,50,0.5494791666666666
1,pur2,rabvs_budgeted_no_ucb,2,2750,50,512,0,50,0.546875
1,pur2,rabvs_budgeted_no_ucb,3,2750,50,640,0,50,0.571875
1,pur2,rabvs_budgeted_no_ucb,4,2750,50,768,0,50,0.59765625
1,pur2,rabvs_budgeted_no_ucb,5,2750,50,896,0,50,0.5993303571428571
1,pur2,rabvs_budgeted_no_ucb,6,2750,50,1024,0,50,0.623046875
1,pur2,rabvs_budgeted_random_parts,1,2750,50,384,0,8,0.5963541666666666
1,pur2,rabvs_budgeted_random_parts,2,2750,50,512,0,8,0.607421875
1,pur2,rabvs_budgeted_random_parts,3,2750,50,640,19,27,0.5890625
1,pur2,rabvs_budgeted_random_parts,4,2750,50,768,0,27,0.6145833333333334
1,pur2,rabvs_budgeted_random_parts,5,2750,50,896,9,36,0.5993303571428571
1,pur2,rabvs_budgeted_random_parts,6,2750,50,1024,0,36,0.615234375
2,pur2,boba_ucb,1,2750,50,384,42,50,0.5520833333333334
2,pur2,boba_ucb,2,2750,50,512,0,50,0.57421875
2,pur2,boba_ucb,3,2750,50,640,0,50,0.5921875
2,pur2,boba_ucb,4,2750,50,768,0,50,0.6028645833333334
2,pur2,boba_ucb,5,2750,50,896,0,50,0.6272321428571429
2,pur2,boba_ucb,6,2750,50,1024,0,50,0.638671875
2,pur2,rabvs_budgeted_reliable,1,2750,50,384,42,50,0.5520833333333334
2,pur2,rabvs_budgeted_reliable,2,2750,50,512,0,50,0.57421875
2,pur2,rabvs_budgeted_reliable,3,2750,50,640,0,50,0.5921875
2,pur2,rabvs_budgeted_reliable,4,2750,50,768,0,50,0.6028645833333334
2,pur2,rabvs_budgeted_reliable,5,2750,50,896,0,50,0.6272321428571429
2,pur2,rabvs_budgeted_reliable,6,2750,50,1024,0,50,0.638671875
2,pur2,rabvs_budgeted_no_ucb,1,2750,50,384,42,50,0.5390625
2,pur2,rabvs_budgeted_no_ucb,2,2750,50,512,0,50,0.568359375
2,pur2,rabvs_budgeted_no_ucb,3,2750,50,640,0,50,0.5796875
2,pur2,rabvs_budgeted_no_ucb,4,2750,50,768,0,50,0.60546875
2,pur2,rabvs_budgeted_no_ucb,5,2750,50,896,0,50,0.6116071428571429
2,pur2,rabvs_budgeted_no_ucb,6,2750,50,1024,0,50,0.6005859375
2,pur2,rabvs_budgeted_random_parts,1,2750,50,384,28,36,0.5859375
2,pur2,rabvs_budgeted_random_parts,2,2750,50,512,0,36,0.61328125
2,pur2,rabvs_budgeted_random_parts,3,2750,50,640,0,36,0.6421875
2,pur2,rabvs_budgeted_random_parts,4,2750,50,768,14,50,0.6145833333333334
2,pur2,rabvs_budgeted_random_parts,5,2750,50,896,0,50,0.6116071428571429
2,pur2,rabvs_budgeted_random_parts,6,2750,50,1024,0,50,0.61328125
0,pygm,boba_ucb,1,4027,77,384,64,72,0.4427083333333333
0,pygm,boba_ucb,2,4027,77,512,0,72,0.427734375
0,pygm,boba_ucb,3,4027,77,640,0,72,0.4625
0,pygm,boba_ucb,4,4027,77,768,0,72,0.4713541666666667
0,pygm,boba_ucb,5,4027,77,896,0,72,0.5234375
0,pygm,boba_ucb,6,4027,77,1024,0,72,0.5361328125
0,pygm,rabvs_budgeted_reliable,1,4027,77,384,64,72,0.4427083333333333
0,pygm,rabvs_budgeted_reliable,2,4027,77,512,0,72,0.427734375
0,pygm,rabvs_budgeted_reliable,3,4027,77,640,0,72,0.4625
0,pygm,rabvs_budgeted_reliable,4,4027,77,768,0,72,0.4713541666666667
0,pygm,rabvs_budgeted_reliable,5,4027,77,896,0,72,0.5234375
0,pygm,rabvs_budgeted_reliable,6,4027,77,1024,0,72,0.5361328125
0,pygm,rabvs_budgeted_no_ucb,1,4027,77,384,68,76,0.4296875
0,pygm,rabvs_budgeted_no_ucb,2,4027,77,512,1,77,0.416015625
0,pygm,rabvs_budgeted_no_ucb,3,4027,77,640,0,77,0.4296875
0,pygm,rabvs_budgeted_no_ucb,4,4027,77,768,0,77,0.4153645833333333
0,pygm,rabvs_budgeted_no_ucb,5,4027,77,896,0,77,0.4174107142857143
0,pygm,rabvs_budgeted_no_ucb,6,4027,77,1024,0,77,0.419921875
0,pygm,rabvs_budgeted_random_parts,1,4027,77,384,16,24,0.5260416666666666
0,pygm,rabvs_budgeted_random_parts,2,4027,77,512,0,24,0.517578125
0,pygm,rabvs_budgeted_random_parts,3,4027,77,640,0,24,0.5359375
0,pygm,rabvs_budgeted_random_parts,4,4027,77,768,0,24,0.5755208333333334
0,pygm,rabvs_budgeted_random_parts,5,4027,77,896,0,24,0.5758928571428571
0,pygm,rabvs_budgeted_random_parts,6,4027,77,1024,0,24,0.55859375
1,pygm,boba_ucb,1,4027,77,384,65,73,0.4557291666666667
1,pygm,boba_ucb,2,4027,77,512,0,73,0.44921875
1,pygm,boba_ucb,3,4027,77,640,0,73,0.471875
1,pygm,boba_ucb,4,4027,77,768,0,73,0.4583333333333333
1,pygm,boba_ucb,5,4027,77,896,0,73,0.5055803571428571
1,pygm,boba_ucb,6,4027,77,1024,0,73,0.5673828125
1,pygm,rabvs_budgeted_reliable,1,4027,77,384,65,73,0.4557291666666667
1,pygm,rabvs_budgeted_reliable,2,4027,77,512,0,73,0.44921875
1,pygm,rabvs_budgeted_reliable,3,4027,77,640,0,73,0.471875
1,pygm,rabvs_budgeted_reliable,4,4027,77,768,0,73,0.4583333333333333
1,pygm,rabvs_budgeted_reliable,5,4027,77,896,0,73,0.5055803571428571
1,pygm,rabvs_budgeted_reliable,6,4027,77,1024,0,73,0.5673828125
1,pygm,rabvs_budgeted_no_ucb,1,4027,77,384,67,75,0.4557291666666667
1,pygm,rabvs_budgeted_no_ucb,2,4027,77,512,0,75,0.462890625
1,pygm,rabvs_budgeted_no_ucb,3,4027,77,640,0,75,0.465625
1,pygm,rabvs_budgeted_no_ucb,4,4027,77,768,2,77,0.4583333333333333
1,pygm,rabvs_budgeted_no_ucb,5,4027,77,896,0,77,0.44308035714285715
1,pygm,rabvs_budgeted_no_ucb,6,4027,77,1024,0,77,0.45703125
1,pygm,rabvs_budgeted_random_parts,1,4027,77,384,0,8,0.5104166666666666
1,pygm,rabvs_budgeted_random_parts,2,4027,77,512,0,8,0.490234375
1,pygm,rabvs_budgeted_random_parts,3,4027,77,640,0,8,0.4796875
1,pygm,rabvs_budgeted_random_parts,4,4027,77,768,0,8,0.4856770833333333
1,pygm,rabvs_budgeted_random_parts,5,4027,77,896,0,8,0.484375
1,pygm,rabvs_budgeted_random_parts,6,4027,77,1024,21,29,0.4794921875
2,pygm,boba_ucb,1,4027,77,384,60,68,0.4322916666666667
2,pygm,boba_ucb,2,4027,77,512,0,68,0.412109375
2,pygm,boba_ucb,3,4027,77,640,0,68,0.39375
2,pygm,boba_ucb,4,4027,77,768,0,68,0.4466145833333333
2,pygm,boba_ucb,5,4027,77,896,0,68,0.46875
2,pygm,boba_ucb,6,4027,77,1024,0,68,0.51953125
2,pygm,rabvs_budgeted_reliable,1,4027,77,384,60,68,0.4322916666666667
2,pygm,rabvs_budgeted_reliable,2,4027,77,512,0,68,0.412109375
2,pygm,rabvs_budgeted_reliable,3,4027,77,640,0,68,0.39375
2,pygm,rabvs_budgeted_reliable,4,4027,77,768,0,68,0.4466145833333333
2,pygm,rabvs_budgeted_reliable,5,4027,77,896,0,68,0.46875
2,pygm,rabvs_budgeted_reliable,6,4027,77,1024,0,68,0.51953125
2,pygm,rabvs_budgeted_no_ucb,1,4027,77,384,48,56,0.4505208333333333
2,pygm,rabvs_budgeted_no_ucb,2,4027,77,512,17,73,0.421875
2,pygm,rabvs_budgeted_no_ucb,3,4027,77,640,2,75,0.4546875
2,pygm,rabvs_budgeted_no_ucb,4,4027,77,768,2,77,0.43359375
2,pygm,rabvs_budgeted_no_ucb,5,4027,77,896,0,77,0.421875
2,pygm,rabvs_budgeted_no_ucb,6,4027,77,1024,0,77,0.4423828125
2,pygm,rabvs_budgeted_random_parts,1,4027,77,384,0,8,0.4921875
2,pygm,rabvs_budgeted_random_parts,2,4027,77,512,17,25,0.47265625
2,pygm,rabvs_budgeted_random_parts,3,4027,77,640,0,25,0.49375
2,pygm,rabvs_budgeted_random_parts,4,4027,77,768,0,25,0.4830729166666667
2,pygm,rabvs_budgeted_random_parts,5,4027,77,896,16,41,0.49441964285714285
2,pygm,rabvs_budgeted_random_parts,6,4027,77,1024,2,43,0.4853515625
0,pyrd,boba_ucb,1,6561,111,384,91,99,0.390625
0,pyrd,boba_ucb,2,6561,111,512,8,107,0.38671875
0,pyrd,boba_ucb,3,6561,111,640,1,108,0.4359375
0,pyrd,boba_ucb,4,6561,111,768,0,108,0.4114583333333333
0,pyrd,boba_ucb,5,6561,111,896,0,108,0.4296875
0,pyrd,boba_ucb,6,6561,111,1024,0,108,0.4326171875
0,pyrd,rabvs_budgeted_reliable,1,6561,111,384,91,99,0.390625
0,pyrd,rabvs_budgeted_reliable,2,6561,111,512,8,107,0.38671875
0,pyrd,rabvs_budgeted_reliable,3,6561,111,640,1,108,0.4359375
0,pyrd,rabvs_budgeted_reliable,4,6561,111,768,0,108,0.4114583333333333
0,pyrd,rabvs_budgeted_reliable,5,6561,111,896,0,108,0.4296875
0,pyrd,rabvs_budgeted_reliable,6,6561,111,1024,0,108,0.4326171875
0,pyrd,rabvs_budgeted_no_ucb,1,6561,111,384,89,97,0.3958333333333333
0,pyrd,rabvs_budgeted_no_ucb,2,6561,111,512,13,110,0.44140625
0,pyrd,rabvs_budgeted_no_ucb,3,6561,111,640,1,111,0.415625
0,pyrd,rabvs_budgeted_no_ucb,4,6561,111,768,0,111,0.4322916666666667
0,pyrd,rabvs_budgeted_no_ucb,5,6561,111,896,0,111,0.42075892857142855
0,pyrd,rabvs_budgeted_no_ucb,6,6561,111,1024,0,111,0.4150390625
0,pyrd,rabvs_budgeted_random_parts,1,6561,111,384,5,13,0.4088541666666667
0,pyrd,rabvs_budgeted_random_parts,2,6561,111,512,0,13,0.443359375
0,pyrd,rabvs_budgeted_random_parts,3,6561,111,640,1,14,0.4375
0,pyrd,rabvs_budgeted_random_parts,4,6561,111,768,0,14,0.4231770833333333
0,pyrd,rabvs_budgeted_random_parts,5,6561,111,896,0,14,0.4330357142857143
0,pyrd,rabvs_budgeted_random_parts,6,6561,111,1024,0,14,0.4306640625
1,pyrd,boba_ucb,1,6561,111,384,91,99,0.3723958333333333
1,pyrd,boba_ucb,2,6561,111,512,9,108,0.421875
1,pyrd,boba_ucb,3,6561,111,640,2,110,0.403125
1,pyrd,boba_ucb,4,6561,111,768,0,110,0.4088541666666667
1,pyrd,boba_ucb,5,6561,111,896,0,110,0.4140625
1,pyrd,boba_ucb,6,6561,111,1024,0,110,0.4072265625
1,pyrd,rabvs_budgeted_reliable,1,6561,111,384,91,99,0.3723958333333333
1,pyrd,rabvs_budgeted_reliable,2,6561,111,512,9,108,0.421875
1,pyrd,rabvs_budgeted_reliable,3,6561,111,640,2,110,0.403125
1,pyrd,rabvs_budgeted_reliable,4,6561,111,768,0,110,0.4088541666666667
1,pyrd,rabvs_budgeted_reliable,5,6561,111,896,0,110,0.4140625
1,pyrd,rabvs_budgeted_reliable,6,6561,111,1024,0,110,0.4072265625
1,pyrd,rabvs_budgeted_no_ucb,1,6561,111,384,92,100,0.3671875
1,pyrd,rabvs_budgeted_no_ucb,2,6561,111,512,11,111,0.423828125
1,pyrd,rabvs_budgeted_no_ucb,3,6561,111,640,0,111,0.4125
1,pyrd,rabvs_budgeted_no_ucb,4,6561,111,768,0,111,0.4114583333333333
1,pyrd,rabvs_budgeted_no_ucb,5,6561,111,896,0,111,0.41629464285714285
1,pyrd,rabvs_budgeted_no_ucb,6,6561,111,1024,0,111,0.4091796875
1,pyrd,rabvs_budgeted_random_parts,1,6561,111,384,27,35,0.3645833333333333
1,pyrd,rabvs_budgeted_random_parts,2,6561,111,512,0,35,0.408203125
1,pyrd,rabvs_budgeted_random_parts,3,6561,111,640,0,35,0.4359375
1,pyrd,rabvs_budgeted_random_parts,4,6561,111,768,0,35,0.4153645833333333
1,pyrd,rabvs_budgeted_random_parts,5,6561,111,896,6,41,0.43861607142857145
1,pyrd,rabvs_budgeted_random_parts,6,6561,111,1024,0,41,0.4326171875
2,pyrd,boba_ucb,1,6561,111,384,96,104,0.40625
2,pyrd,boba_ucb,2,6561,111,512,4,108,0.427734375
2,pyrd,boba_ucb,3,6561,111,640,0,108,0.4296875
2,pyrd,boba_ucb,4,6561,111,768,0,108,0.4153645833333333
2,pyrd,boba_ucb,5,6561,111,896,0,108,0.4799107142857143
2,pyrd,boba_ucb,6,6561,111,1024,0,108,0.484375
2,pyrd,rabvs_budgeted_reliable,1,6561,111,384,96,104,0.40625
2,pyrd,rabvs_budgeted_reliable,2,6561,111,512,4,108,0.427734375
2,pyrd,rabvs_budgeted_reliable,3,6561,111,640,0,108,0.4296875
2,pyrd,rabvs_budgeted_reliable,4,6561,111,768,0,108,0.4153645833333333
2,pyrd,rabvs_budgeted_reliable,5,6561,111,896,0,108,0.4799107142857143
2,pyrd,rabvs_budgeted_reliable,6,6561,111,1024,0,108,0.484375
2,pyrd,rabvs_budgeted_no_ucb,1,6561,111,384,99,107,0.3984375
2,pyrd,rabvs_budgeted_no_ucb,2,6561,111,512,3,110,0.421875
2,pyrd,rabvs_budgeted_no_ucb,3,6561,111,640,1,111,0.409375
2,pyrd,rabvs_budgeted_no_ucb,4,6561,111,768,0,111,0.4322916666666667
2,pyrd,rabvs_budgeted_no_ucb,5,6561,111,896,0,111,0.43080357142857145
2,pyrd,rabvs_budgeted_no_ucb,6,6561,111,1024,0,111,0.4208984375
2,pyrd,rabvs_budgeted_random_parts,1,6561,111,384,0,8,0.4635416666666667
2,pyrd,rabvs_budgeted_random_parts,2,6561,111,512,0,8,0.43359375
2,pyrd,rabvs_budgeted_random_parts,3,6561,111,640,0,8,0.4015625
2,pyrd,rabvs_budgeted_random_parts,4,6561,111,768,1,9,0.3971354166666667
2,pyrd,rabvs_budgeted_random_parts,5,6561,111,896,0,9,0.4185267857142857
2,pyrd,rabvs_budgeted_random_parts,6,6561,111,1024,27,36,0.4013671875
0,reni,boba_ucb,1,7062,104,384,85,93,0.6171875
0,reni,boba_ucb,2,7062,104,512,4,97,0.62890625
0,reni,boba_ucb,3,7062,104,640,0,97,0.5890625
0,reni,boba_ucb,4,7062,104,768,1,98,0.5546875
0,reni,boba_ucb,5,7062,104,896,1,99,0.5825892857142857
0,reni,boba_ucb,6,7062,104,1024,0,99,0.5673828125
0,reni,rabvs_budgeted_reliable,1,7062,104,384,85,93,0.6171875
0,reni,rabvs_budgeted_reliable,2,7062,104,512,4,97,0.62890625
0,reni,rabvs_budgeted_reliable,3,7062,104,640,0,97,0.5890625
0,reni,rabvs_budgeted_reliable,4,7062,104,768,1,98,0.5546875
0,reni,rabvs_budgeted_reliable,5,7062,104,896,1,99,0.5825892857142857
0,reni,rabvs_budgeted_reliable,6,7062,104,1024,0,99,0.5673828125
0,reni,rabvs_budgeted_no_ucb,1,7062,104,384,86,94,0.6223958333333334
0,reni,rabvs_budgeted_no_ucb,2,7062,104,512,5,99,0.572265625
0,reni,rabvs_budgeted_no_ucb,3,7062,104,640,1,100,0.58125
0,reni,rabvs_budgeted_no_ucb,4,7062,104,768,0,100,0.5651041666666666
0,reni,rabvs_budgeted_no_ucb,5,7062,104,896,0,100,0.5703125
0,reni,rabvs_budgeted_no_ucb,6,7062,104,1024,0,100,0.564453125
0,reni,rabvs_budgeted_random_parts,1,7062,104,384,0,8,0.6145833333333334
0,reni,rabvs_budgeted_random_parts,2,7062,104,512,0,8,0.619140625
0,reni,rabvs_budgeted_random_parts,3,7062,104,640,0,8,0.60625
0,reni,rabvs_budgeted_random_parts,4,7062,104,768,0,8,0.6015625
0,reni,rabvs_budgeted_random_parts,5,7062,104,896,0,8,0.5714285714285714
0,reni,rabvs_budgeted_random_parts,6,7062,104,1024,0,8,0.560546875
1,reni,boba_ucb,1,7062,104,384,87,95,0.6276041666666666
1,reni,boba_ucb,2,7062,104,512,0,95,0.6171875
1,reni,boba_ucb,3,7062,104,640,0,95,0.596875
1,reni,boba_ucb,4,7062,104,768,1,96,0.61328125
1,reni,boba_ucb,5,7062,104,896,0,96,0.5982142857142857
1,reni,boba_ucb,6,7062,104,1024,0,96,0.60546875
1,reni,rabvs_budgeted_reliable,1,7062,104,384,87,95,0.6276041666666666
1,reni,rabvs_budgeted_reliable,2,7062,104,512,0,95,0.6171875
1,reni,rabvs_budgeted_reliable,3,7062,104,640,0,95,0.596875
1,reni,rabvs_budgeted_reliable,4,7062,104,768,1,96,0.61328125
1,reni,rabvs_budgeted_reliable,5,7062,104,896,0,96,0.5982142857142857
1,reni,rabvs_budgeted_reliable,6,7062,104,1024,0,96,0.60546875
1,reni,rabvs_budgeted_no_ucb,1,7062,104,384,90,98,0.6276041666666666
1,reni,rabvs_budgeted_no_ucb,2,7062,104,512,2,100,0.630859375
1,reni,rabvs_budgeted_no_ucb,3,7062,104,640,3,103,0.6234375
1,reni,rabvs_budgeted_no_ucb,4,7062,104,768,0,103,0.6067708333333334
1,reni,rabvs_budgeted_no_ucb,5,7062,104,896,1,104,0.5993303571428571
1,reni,rabvs_budgeted_no_ucb,6,7062,104,1024,0,104,0.6064453125
1,reni,rabvs_budgeted_random_parts,1,7062,104,384,0,8,0.6119791666666666
1,reni,rabvs_budgeted_random_parts,2,7062,104,512,15,23,0.59765625
1,reni,rabvs_budgeted_random_parts,3,7062,104,640,1,24,0.6046875
1,reni,rabvs_budgeted_random_parts,4,7062,104,768,1,25,0.59765625
1,reni,rabvs_budgeted_random_parts,5,7062,104,896,0,25,0.5915178571428571
1,reni,rabvs_budgeted_random_parts,6,7062,104,1024,1,26,0.6103515625
2,reni,boba_ucb,1,7062,104,384,90,98,0.59375
2,reni,boba_ucb,2,7062,104,512,0,98,0.59375
2,reni,boba_ucb,3,7062,104,640,0,98,0.5671875
2,reni,boba_ucb,4,7062,104,768,0,98,0.5481770833333334
2,reni,boba_ucb,5,7062,104,896,0,98,0.5569196428571429
2,reni,boba_ucb,6,7062,104,1024,0,98,0.576171875
2,reni,rabvs_budgeted_reliable,1,7062,104,384,90,98,0.59375
2,reni,rabvs_budgeted_reliable,2,7062,104,512,0,98,0.59375
2,reni,rabvs_budgeted_reliable,3,7062,104,640,0,98,0.5671875
2,reni,rabvs_budgeted_reliable,4,7062,104,768,0,98,0.5481770833333334
2,reni,rabvs_budgeted_reliable,5,7062,104,896,0,98,0.5569196428571429
2,reni,rabvs_budgeted_reliable,6,7062,104,1024,0,98,0.576171875
2,reni,rabvs_budgeted_no_ucb,1,7062,104,384,91,99,0.609375
2,reni,rabvs_budgeted_no_ucb,2,7062,104,512,0,99,0.630859375
2,reni,rabvs_budgeted_no_ucb,3,7062,104,640,0,99,0.6109375
2,reni,rabvs_budgeted_no_ucb,4,7062,104,768,1,100,0.6171875
2,reni,rabvs_budgeted_no_ucb,5,7062,104,896,0,100,0.5859375
2,reni,rabvs_budgeted_no_ucb,6,7062,104,1024,0,100,0.556640625
2,reni,rabvs_budgeted_random_parts,1,7062,104,384,16,24,0.5989583333333334
2,reni,rabvs_budgeted_random_parts,2,7062,104,512,0,24,0.521484375
2,reni,rabvs_budgeted_random_parts,3,7062,104,640,40,64,0.5046875
2,reni,rabvs_budgeted_random_parts,4,7062,104,768,0,64,0.49609375
2,reni,rabvs_budgeted_random_parts,5,7062,104,896,0,64,0.5100446428571429
2,reni,rabvs_budgeted_random_parts,6,7062,104,1024,12,76,0.517578125
0,rock1,boba_ucb,1,6400,100,384,68,76,0.3489583333333333
0,rock1,boba_ucb,2,6400,100,512,4,80,0.361328125
0,rock1,boba_ucb,3,6400,100,640,6,86,0.35
0,rock1,boba_ucb,4,6400,100,768,1,87,0.34375
0,rock1,boba_ucb,5,6400,100,896,0,87,0.32700892857142855
0,rock1,boba_ucb,6,6400,100,1024,0,87,0.326171875
0,rock1,rabvs_budgeted_reliable,1,6400,100,384,68,76,0.3489583333333333
0,rock1,rabvs_budgeted_reliable,2,6400,100,512,4,80,0.361328125
0,rock1,rabvs_budgeted_reliable,3,6400,100,640,6,86,0.35
0,rock1,rabvs_budgeted_reliable,4,6400,100,768,1,87,0.34375
0,rock1,rabvs_budgeted_reliable,5,6400,100,896,0,87,0.32700892857142855
0,rock1,rabvs_budgeted_reliable,6,6400,100,1024,0,87,0.326171875
0,rock1,rabvs_budgeted_no_ucb,1,6400,100,384,71,79,0.359375
0,rock1,rabvs_budgeted_no_ucb,2,6400,100,512,9,88,0.345703125
0,rock1,rabvs_budgeted_no_ucb,3,6400,100,640,0,88,0.36875
0,rock1,rabvs_budgeted_no_ucb,4,6400,100,768,6,94,0.3684895833333333
0,rock1,rabvs_budgeted_no_ucb,5,6400,100,896,4,98,0.33816964285714285
0,rock1,rabvs_budgeted_no_ucb,6,6400,100,1024,0,98,0.36328125
0,rock1,rabvs_budgeted_random_parts,1,6400,100,384,19,27,0.4036458333333333
0,rock1,rabvs_budgeted_random_parts,2,6400,100,512,1,28,0.43359375
0,rock1,rabvs_budgeted_random_parts,3,6400,100,640,6,34,0.453125
0,rock1,rabvs_budgeted_random_parts,4,6400,100,768,0,34,0.4283854166666667
0,rock1,rabvs_budgeted_random_parts,5,6400,100,896,0,34,0.43191964285714285
0,rock1,rabvs_budgeted_random_parts,6,6400,100,1024,0,34,0.44140625
1,rock1,boba_ucb,1,6400,100,384,70,78,0.3177083333333333
1,rock1,boba_ucb,2,6400,100,512,7,85,0.326171875
1,rock1,boba_ucb,3,6400,100,640,4,89,0.34375
1,rock1,boba_ucb,4,6400,100,768,2,91,0.34765625
1,rock1,boba_ucb,5,6400,100,896,0,91,0.3515625
1,rock1,boba_ucb,6,6400,100,1024,0,91,0.3779296875
1,rock1,rabvs_budgeted_reliable,1,6400,100,384,70,78,0.3177083333333333
1,rock1,rabvs_budgeted_reliable,2,6400,100,512,7,85,0.326171875
1,rock1,rabvs_budgeted_reliable,3,6400,100,640,4,89,0.34375
1,rock1,rabvs_budgeted_reliable,4,6400,100,768,2,91,0.34765625
1,rock1,rabvs_budgeted_reliable,5,6400,100,896,0,91,0.3515625
1,rock1,rabvs_budgeted_reliable,6,6400,100,1024,0,91,0.3779296875
1,rock1,rabvs_budgeted_no_ucb,1,6400,100,384,72,80,0.3255208333333333
1,rock1,rabvs_budgeted_no_ucb,2,6400,100,512,12,92,0.322265625
1,rock1,rabvs_budgeted_no_ucb,3,6400,100,640,4,96,0.3734375
1,rock1,rabvs_budgeted_no_ucb,4,6400,100,768,1,97,0.33984375
1,rock1,rabvs_budgeted_no_ucb,5,6400,100,896,1,98,0.3470982142857143
1,rock1,rabvs_budgeted_no_ucb,6,6400,100,1024,1,99,0.3525390625
1,rock1,rabvs_budgeted_random_parts,1,6400,100,384,0,8,0.3645833333333333
1,rock1,rabvs_budgeted_random_parts,2,6400,100,512,0,8,0.34375
1,rock1,rabvs_budgeted_random_parts,3,6400,100,640,1,9,0.3203125
1,rock1,rabvs_budgeted_random_parts,4,6400,100,768,2,11,0.33984375
1,rock1,rabvs_budgeted_random_parts,5,6400,100,896,16,27,0.328125
1,rock1,rabvs_budgeted_random_parts,6,6400,100,1024,4,31,0.333984375
2,rock1,boba_ucb,1,6400,100,384,76,84,0.3411458333333333
2,rock1,boba_ucb,2,6400,100,512,3,87,0.333984375
2,rock1,boba_ucb,3,6400,100,640,1,88,0.340625
2,rock1,boba_ucb,4,6400,100,768,1,89,0.3489583333333333
2,rock1,boba_ucb,5,6400,100,896,0,89,0.3638392857142857
2,rock1,boba_ucb,6,6400,100,1024,0,89,0.37109375
2,rock1,rabvs_budgeted_reliable,1,6400,100,384,76,84,0.3411458333333333
2,rock1,rabvs_budgeted_reliable,2,6400,100,512,3,87,0.333984375
2,rock1,rabvs_budgeted_reliable,3,6400,100,640,1,88,0.340625
2,rock1,rabvs_budgeted_reliable,4,6400,100,768,1,89,0.3489583333333333
2,rock1,rabvs_budgeted_reliable,5,6400,100,896,0,89,0.3638392857142857
2,rock1,rabvs_budgeted_reliable,6,6400,100,1024,0,89,0.37109375
2,rock1,rabvs_budgeted_no_ucb,1,6400,100,384,76,84,0.3333333333333333
2,rock1,rabvs_budgeted_no_ucb,2,6400,100,512,6,90,0.349609375
2,rock1,rabvs_budgeted_no_ucb,3,6400,100,640,1,91,0.3546875
2,rock1,rabvs_budgeted_no_ucb,4,6400,100,768,0,91,0.3776041666666667
2,rock1,rabvs_budgeted_no_ucb,5,6400,100,896,3,94,0.38169642857142855
2,rock1,rabvs_budgeted_no_ucb,6,6400,100,1024,4,98,0.3759765625
2,rock1,rabvs_budgeted_random_parts,1,6400,100,384,0,8,0.3723958333333333
2,rock1,rabvs_budgeted_random_parts,2,6400,100,512,0,8,0.369140625
2,rock1,rabvs_budgeted_random_parts,3,6400,100,640,0,8,0.3453125
2,rock1,rabvs_budgeted_random_parts,4,6400,100,768,2,10,0.3606770833333333
2,rock1,rabvs_budgeted_random_parts,5,6400,100,896,2,12,0.36049107142857145
2,rock1,rabvs_budgeted_random_parts,6,6400,100,1024,1,13,0.357421875
0,rxra,boba_ucb,1,7081,131,384,94,102,0.5416666666666666
0,rxra,boba_ucb,2,7081,131,512,28,130,0.548828125
0,rxra,boba_ucb,3,7081,131,640,0,130,0.5765625
0,rxra,boba_ucb,4,7081,131,768,0,130,0.55078125
0,rxra,boba_ucb,5,7081,131,896,0,130,0.5457589285714286
0,rxra,boba_ucb,6,7081,131,1024,0,130,0.568359375
0,rxra,rabvs_budgeted_reliable,1,7081,131,384,94,102,0.5416666666666666
0,rxra,rabvs_budgeted_reliable,2,7081,131,512,28,130,0.548828125
0,rxra,rabvs_budgeted_reliable,3,7081,131,640,0,130,0.5765625
0,rxra,rabvs_budgeted_reliable,4,7081,131,768,0,130,0.55078125
0,rxra,rabvs_budgeted_reliable,5,7081,131,896,0,130,0.5457589285714286
0,rxra,rabvs_budgeted_reliable,6,7081,131,1024,0,130,0.568359375
0,rxra,rabvs_budgeted_no_ucb,1,7081,131,384,105,113,0.546875
0,rxra,rabvs_budgeted_no_ucb,2,7081,131,512,18,131,0.54296875
0,rxra,rabvs_budgeted_no_ucb,3,7081,131,640,0,131,0.5890625
0,rxra,rabvs_budgeted_no_ucb,4,7081,131,768,0,131,0.5950520833333334
0,rxra,rabvs_budgeted_no_ucb,5,7081,131,896,0,131,0.5870535714285714
0,rxra,rabvs_budgeted_no_ucb,6,7081,131,1024,0,131,0.56640625
0,rxra,rabvs_budgeted_random_parts,1,7081,131,384,0,8,0.5104166666666666
0,rxra,rabvs_budgeted_random_parts,2,7081,131,512,32,40,0.5625
0,rxra,rabvs_budgeted_random_parts,3,7081,131,640,0,40,0.5984375
0,rxra,rabvs_budgeted_random_parts,4,7081,131,768,1,41,0.6158854166666666
0,rxra,rabvs_budgeted_random_parts,5,7081,131,896,0,41,0.5892857142857143
0,rxra,rabvs_budgeted_random_parts,6,7081,131,1024,0,41,0.62109375
1,rxra,boba_ucb,1,7081,131,384,115,123,0.5651041666666666
1,rxra,boba_ucb,2,7081,131,512,2,125,0.55859375
1,rxra,boba_ucb,3,7081,131,640,0,125,0.584375
1,rxra,boba_ucb,4,7081,131,768,0,125,0.55859375
1,rxra,boba_ucb,5,7081,131,896,0,125,0.5558035714285714
1,rxra,boba_ucb,6,7081,131,1024,0,125,0.5458984375
1,rxra,rabvs_budgeted_reliable,1,7081,131,384,115,123,0.5651041666666666
1,rxra,rabvs_budgeted_reliable,2,7081,131,512,2,125,0.55859375
1,rxra,rabvs_budgeted_reliable,3,7081,131,640,0,125,0.584375
1,rxra,rabvs_budgeted_reliable,4,7081,131,768,0,125,0.55859375
1,rxra,rabvs_budgeted_reliable,5,7081,131,896,0,125,0.5558035714285714
1,rxra,rabvs_budgeted_reliable,6,7081,131,1024,0,125,0.5458984375
1,rxra,rabvs_budgeted_no_ucb,1,7081,131,384,116,124,0.5651041666666666
1,rxra,rabvs_budgeted_no_ucb,2,7081,131,512,1,125,0.578125
1,rxra,rabvs_budgeted_no_ucb,3,7081,131,640,6,131,0.6140625
1,rxra,rabvs_budgeted_no_ucb,4,7081,131,768,0,131,0.58203125
1,rxra,rabvs_budgeted_no_ucb,5,7081,131,896,0,131,0.5747767857142857
1,rxra,rabvs_budgeted_no_ucb,6,7081,131,1024,0,131,0.5595703125
1,rxra,rabvs_budgeted_random_parts,1,7081,131,384,23,31,0.5885416666666666
1,rxra,rabvs_budgeted_random_parts,2,7081,131,512,54,85,0.548828125
1,rxra,rabvs_budgeted_random_parts,3,7081,131,640,0,85,0.534375
1,rxra,rabvs_budgeted_random_parts,4,7081,131,768,0,85,0.5807291666666666
1,rxra,rabvs_budgeted_random_parts,5,7081,131,896,0,85,0.5770089285714286
1,rxra,rabvs_budgeted_random_parts,6,7081,131,1024,0,85,0.5869140625
2,rxra,boba_ucb,1,7081,131,384,111,119,0.5651041666666666
2,rxra,boba_ucb,2,7081,131,512,0,119,0.57421875
2,rxra,boba_ucb,3,7081,131,640,4,123,0.59375
2,rxra,boba_ucb,4,7081,131,768,0,123,0.6223958333333334
2,rxra,boba_ucb,5,7081,131,896,0,123,0.6060267857142857
2,rxra,boba_ucb,6,7081,131,1024,0,123,0.62109375
2,rxra,rabvs_budgeted_reliable,1,7081,131,384,111,119,0.5651041666666666
2,rxra,rabvs_budgeted_reliable,2,7081,131,512,0,119,0.57421875
2,rxra,rabvs_budgeted_reliable,3,7081,131,640,4,123,0.59375
2,rxra,rabvs_budgeted_reliable,4,7081,131,768,0,123,0.6223958333333334
2,rxra,rabvs_budgeted_reliable,5,7081,131,896,0,123,0.6060267857142857
2,rxra,rabvs_budgeted_reliable,6,7081,131,1024,0,123,0.62109375
2,rxra,rabvs_budgeted_no_ucb,1,7081,131,384,112,120,0.5651041666666666
2,rxra,rabvs_budgeted_no_ucb,2,7081,131,512,5,125,0.560546875
2,rxra,rabvs_budgeted_no_ucb,3,7081,131,640,5,130,0.5890625
2,rxra,rabvs_budgeted_no_ucb,4,7081,131,768,1,131,0.6028645833333334
2,rxra,rabvs_budgeted_no_ucb,5,7081,131,896,0,131,0.5591517857142857
2,rxra,rabvs_budgeted_no_ucb,6,7081,131,1024,0,131,0.568359375
2,rxra,rabvs_budgeted_random_parts,1,7081,131,384,21,29,0.5416666666666666
2,rxra,rabvs_budgeted_random_parts,2,7081,131,512,0,29,0.53125
2,rxra,rabvs_budgeted_random_parts,3,7081,131,640,0,29,0.53125
2,rxra,rabvs_budgeted_random_parts,4,7081,131,768,1,30,0.5494791666666666
2,rxra,rabvs_budgeted_random_parts,5,7081,131,896,0,30,0.5658482142857143
2,rxra,rabvs_budgeted_random_parts,6,7081,131,1024,0,30,0.533203125
0,sahh,boba_ucb,1,3513,63,384,55,63,0.5442708333333334
0,sahh,boba_ucb,2,3513,63,512,0,63,0.599609375
0,sahh,boba_ucb,3,3513,63,640,0,63,0.5875
0,sahh,boba_ucb,4,3513,63,768,0,63,0.53515625
0,sahh,boba_ucb,5,3513,63,896,0,63,0.5580357142857143
0,sahh,boba_ucb,6,3513,63,1024,0,63,0.5419921875
0,sahh,rabvs_budgeted_reliable,1,3513,63,384,55,63,0.5442708333333334
0,sahh,rabvs_budgeted_reliable,2,3513,63,512,0,63,0.599609375
0,sahh,rabvs_budgeted_reliable,3,3513,63,640,0,63,0.5875
0,sahh,rabvs_budgeted_reliable,4,3513,63,768,0,63,0.53515625
0,sahh,rabvs_budgeted_reliable,5,3513,63,896,0,63,0.5580357142857143
0,sahh,rabvs_budgeted_reliable,6,3513,63,1024,0,63,0.5419921875
0,sahh,rabvs_budgeted_no_ucb,1,3513,63,384,55,63,0.546875
0,sahh,rabvs_budgeted_no_ucb,2,3513,63,512,0,63,0.55859375
0,sahh,rabvs_budgeted_no_ucb,3,3513,63,640,0,63,0.565625
0,sahh,rabvs_budgeted_no_ucb,4,3513,63,768,0,63,0.58203125
0,sahh,rabvs_budgeted_no_ucb,5,3513,63,896,0,63,0.5524553571428571
0,sahh,rabvs_budgeted_no_ucb,6,3513,63,1024,0,63,0.53125
0,sahh,rabvs_budgeted_random_parts,1,3513,63,384,0,8,0.5442708333333334
0,sahh,rabvs_budgeted_random_parts,2,3513,63,512,0,8,0.556640625
0,sahh,rabvs_budgeted_random_parts,3,3513,63,640,0,8,0.546875
0,sahh,rabvs_budgeted_random_parts,4,3513,63,768,0,8,0.5611979166666666
0,sahh,rabvs_budgeted_random_parts,5,3513,63,896,0,8,0.5446428571428571
0,sahh,rabvs_budgeted_random_parts,6,3513,63,1024,0,8,0.546875
1,sahh,boba_ucb,1,3513,63,384,55,63,0.53125
1,sahh,boba_ucb,2,3513,63,512,0,63,0.537109375
1,sahh,boba_ucb,3,3513,63,640,0,63,0.5828125
1,sahh,boba_ucb,4,3513,63,768,0,63,0.5872395833333334
1,sahh,boba_ucb,5,3513,63,896,0,63,0.5848214285714286
1,sahh,boba_ucb,6,3513,63,1024,0,63,0.5517578125
1,sahh,rabvs_budgeted_reliable,1,3513,63,384,55,63,0.53125
1,sahh,rabvs_budgeted_reliable,2,3513,63,512,0,63,0.537109375
1,sahh,rabvs_budgeted_reliable,3,3513,63,640,0,63,0.5828125
1,sahh,rabvs_budgeted_reliable,4,3513,63,768,0,63,0.5872395833333334
1,sahh,rabvs_budgeted_reliable,5,3513,63,896,0,63,0.5848214285714286
1,sahh,rabvs_budgeted_reliable,6,3513,63,1024,0,63,0.5517578125
1,sahh,rabvs_budgeted_no_ucb,1,3513,63,384,55,63,0.5234375
1,sahh,rabvs_budgeted_no_ucb,2,3513,63,512,0,63,0.53125
1,sahh,rabvs_budgeted_no_ucb,3,3513,63,640,0,63,0.5296875
1,sahh,rabvs_budgeted_no_ucb,4,3513,63,768,0,63,0.5208333333333334
1,sahh,rabvs_budgeted_no_ucb,5,3513,63,896,0,63,0.5290178571428571
1,sahh,rabvs_budgeted_no_ucb,6,3513,63,1024,0,63,0.5244140625
1,sahh,rabvs_budgeted_random_parts,1,3513,63,384,0,8,0.4947916666666667
1,sahh,rabvs_budgeted_random_parts,2,3513,63,512,0,8,0.53125
1,sahh,rabvs_budgeted_random_parts,3,3513,63,640,0,8,0.5171875
1,sahh,rabvs_budgeted_random_parts,4,3513,63,768,18,26,0.5286458333333334
1,sahh,rabvs_budgeted_random_parts,5,3513,63,896,37,63,0.5479910714285714
1,sahh,rabvs_budgeted_random_parts,6,3513,63,1024,0,63,0.5498046875
2,sahh,boba_ucb,1,3513,63,384,55,63,0.5442708333333334
2,sahh,boba_ucb,2,3513,63,512,0,63,0.525390625
2,sahh,boba_ucb,3,3513,63,640,0,63,0.53125
2,sahh,boba_ucb,4,3513,63,768,0,63,0.5455729166666666
2,sahh,boba_ucb,5,3513,63,896,0,63,0.5758928571428571
2,sahh,boba_ucb,6,3513,63,1024,0,63,0.56640625
2,sahh,rabvs_budgeted_reliable,1,3513,63,384,55,63,0.5442708333333334
2,sahh,rabvs_budgeted_reliable,2,3513,63,512,0,63,0.525390625
2,sahh,rabvs_budgeted_reliable,3,3513,63,640,0,63,0.53125
2,sahh,rabvs_budgeted_reliable,4,3513,63,768,0,63,0.5455729166666666
2,sahh,rabvs_budgeted_reliable,5,3513,63,896,0,63,0.5758928571428571
2,sahh,rabvs_budgeted_reliable,6,3513,63,1024,0,63,0.56640625
2,sahh,rabvs_budgeted_no_ucb,1,3513,63,384,55,63,0.4869791666666667
2,sahh,rabvs_budgeted_no_ucb,2,3513,63,512,0,63,0.517578125
2,sahh,rabvs_budgeted_no_ucb,3,3513,63,640,0,63,0.546875
2,sahh,rabvs_budgeted_no_ucb,4,3513,63,768,0,63,0.53125
2,sahh,rabvs_budgeted_no_ucb,5,3513,63,896,0,63,0.5401785714285714
2,sahh,rabvs_budgeted_no_ucb,6,3513,63,1024,0,63,0.56640625
2,sahh,rabvs_budgeted_random_parts,1,3513,63,384,0,8,0.5208333333333334
2,sahh,rabvs_budgeted_random_parts,2,3513,63,512,0,8,0.56640625
2,sahh,rabvs_budgeted_random_parts,3,3513,63,640,0,8,0.54375
2,sahh,rabvs_budgeted_random_parts,4,3513,63,768,0,8,0.5247395833333334
2,sahh,rabvs_budgeted_random_parts,5,3513,63,896,0,8,0.515625
2,sahh,rabvs_budgeted_random_parts,6,3513,63,1024,0,8,0.52734375
0,src,boba_ucb,1,35024,524,384,128,136,0.4114583333333333
0,src,boba_ucb,2,35024,524,512,28,164,0.41015625
0,src,boba_ucb,3,35024,524,640,8,172,0.4
0,src,boba_ucb,4,35024,524,768,39,211,0.3854166666666667
0,src,boba_ucb,5,35024,524,896,1,212,0.37611607142857145
0,src,boba_ucb,6,35024,524,1024,0,212,0.3642578125
0,src,rabvs_budgeted_reliable,1,35024,524,384,128,136,0.4114583333333333
0,src,rabvs_budgeted_reliable,2,35024,524,512,28,164,0.41015625
0,src,rabvs_budgeted_reliable,3,35024,524,640,8,172,0.4
0,src,rabvs_budgeted_reliable,4,35024,524,768,39,211,0.3854166666666667
0,src,rabvs_budgeted_reliable,5,35024,524,896,1,212,0.37611607142857145
0,src,rabvs_budgeted_reliable,6,35024,524,1024,0,212,0.3642578125
0,src,rabvs_budgeted_no_ucb,1,35024,524,384,128,136,0.4088541666666667
0,src,rabvs_budgeted_no_ucb,2,35024,524,512,128,264,0.416015625
0,src,rabvs_budgeted_no_ucb,3,35024,524,640,111,375,0.3984375
0,src,rabvs_budgeted_no_ucb,4,35024,524,768,21,396,0.375
0,src,rabvs_budgeted_no_ucb,5,35024,524,896,22,418,0.3939732142857143
0,src,rabvs_budgeted_no_ucb,6,35024,524,1024,12,430,0.412109375
0,src,rabvs_budgeted_random_parts,1,35024,524,384,14,22,0.4088541666666667
0,src,rabvs_budgeted_random_parts,2,35024,524,512,38,60,0.3828125
0,src,rabvs_budgeted_random_parts,3,35024,524,640,128,188,0.3953125
0,src,rabvs_budgeted_random_parts,4,35024,524,768,5,193,0.3802083333333333
0,src,rabvs_budgeted_random_parts,5,35024,524,896,6,199,0.3794642857142857
0,src,rabvs_budgeted_random_parts,6,35024,524,1024,0,199,0.3974609375
1,src,boba_ucb,1,35024,524,384,91,99,0.4609375
1,src,boba_ucb,2,35024,524,512,16,115,0.4921875
1,src,boba_ucb,3,35024,524,640,13,128,0.484375
1,src,boba_ucb,4,35024,524,768,24,152,0.4700520833333333
1,src,boba_ucb,5,35024,524,896,2,154,0.4654017857142857
1,src,boba_ucb,6,35024,524,1024,1,155,0.4560546875
1,src,rabvs_budgeted_reliable,1,35024,524,384,91,99,0.4609375
1,src,rabvs_budgeted_reliable,2,35024,524,512,16,115,0.4921875
1,src,rabvs_budgeted_reliable,3,35024,524,640,13,128,0.484375
1,src,rabvs_budgeted_reliable,4,35024,524,768,24,152,0.4700520833333333
1,src,rabvs_budgeted_reliable,5,35024,524,896,2,154,0.4654017857142857
1,src,rabvs_budgeted_reliable,6,35024,524,1024,1,155,0.4560546875
1,src,rabvs_budgeted_no_ucb,1,35024,524,384,89,97,0.4635416666666667
1,src,rabvs_budgeted_no_ucb,2,35024,524,512,128,225,0.462890625
1,src,rabvs_budgeted_no_ucb,3,35024,524,640,117,342,0.4359375
1,src,rabvs_budgeted_no_ucb,4,35024,524,768,62,404,0.4127604166666667
1,src,rabvs_budgeted_no_ucb,5,35024,524,896,32,436,0.40513392857142855
1,src,rabvs_budgeted_no_ucb,6,35024,524,1024,5,441,0.4111328125
1,src,rabvs_budgeted_random_parts,1,35024,524,384,0,8,0.484375
1,src,rabvs_budgeted_random_parts,2,35024,524,512,2,10,0.470703125
1,src,rabvs_budgeted_random_parts,3,35024,524,640,2,12,0.4796875
1,src,rabvs_budgeted_random_parts,4,35024,524,768,0,12,0.5052083333333334
1,src,rabvs_budgeted_random_parts,5,35024,524,896,20,32,0.5111607142857143
1,src,rabvs_budgeted_random_parts,6,35024,524,1024,2,34,0.48828125
2,src,boba_ucb,1,35024,524,384,128,136,0.4583333333333333
2,src,boba_ucb,2,35024,524,512,48,184,0.431640625
2,src,boba_ucb,3,35024,524,640,14,198,0.465625
2,src,boba_ucb,4,35024,524,768,6,204,0.4427083333333333
2,src,boba_ucb,5,35024,524,896,3,207,0.453125
2,src,boba_ucb,6,35024,524,1024,12,219,0.4443359375
2,src,rabvs_budgeted_reliable,1,35024,524,384,128,136,0.4583333333333333
2,src,rabvs_budgeted_reliable,2,35024,524,512,48,184,0.431640625
2,src,rabvs_budgeted_reliable,3,35024,524,640,14,198,0.465625
2,src,rabvs_budgeted_reliable,4,35024,524,768,6,204,0.4427083333333333
2,src,rabvs_budgeted_reliable,5,35024,524,896,3,207,0.453125
2,src,rabvs_budgeted_reliable,6,35024,524,1024,12,219,0.4443359375
2,src,rabvs_budgeted_no_ucb,1,35024,524,384,128,136,0.4583333333333333
2,src,rabvs_budgeted_no_ucb,2,35024,524,512,128,264,0.443359375
2,src,rabvs_budgeted_no_ucb,3,35024,524,640,109,373,0.4171875
2,src,rabvs_budgeted_no_ucb,4,35024,524,768,43,416,0.4192708333333333
2,src,rabvs_budgeted_no_ucb,5,35024,524,896,11,427,0.39955357142857145
2,src,rabvs_budgeted_no_ucb,6,35024,524,1024,11,438,0.3974609375
2,src,rabvs_budgeted_random_parts,1,35024,524,384,2,10,0.5052083333333334
2,src,rabvs_budgeted_random_parts,2,35024,524,512,2,12,0.4921875
2,src,rabvs_budgeted_random_parts,3,35024,524,640,128,140,0.46875
2,src,rabvs_budgeted_random_parts,4,35024,524,768,1,141,0.45703125
2,src,rabvs_budgeted_random_parts,5,35024,524,896,0,141,0.4453125
2,src,rabvs_budgeted_random_parts,6,35024,524,1024,2,143,0.447265625
0,tgfr1,boba_ucb,1,8633,133,384,119,127,0.3098958333333333
0,tgfr1,boba_ucb,2,8633,133,512,0,127,0.306640625
0,tgfr1,boba_ucb,3,8633,133,640,0,127,0.296875
0,tgfr1,boba_ucb,4,8633,133,768,1,128,0.2942708333333333
0,tgfr1,boba_ucb,5,8633,133,896,0,128,0.3091517857142857
0,tgfr1,boba_ucb,6,8633,133,1024,0,128,0.3310546875
0,tgfr1,rabvs_budgeted_reliable,1,8633,133,384,119,127,0.3098958333333333
0,tgfr1,rabvs_budgeted_reliable,2,8633,133,512,0,127,0.306640625
0,tgfr1,rabvs_budgeted_reliable,3,8633,133,640,0,127,0.296875
0,tgfr1,rabvs_budgeted_reliable,4,8633,133,768,1,128,0.2942708333333333
0,tgfr1,rabvs_budgeted_reliable,5,8633,133,896,0,128,0.3091517857142857
0,tgfr1,rabvs_budgeted_reliable,6,8633,133,1024,0,128,0.3310546875
0,tgfr1,rabvs_budgeted_no_ucb,1,8633,133,384,119,127,0.3098958333333333
0,tgfr1,rabvs_budgeted_no_ucb,2,8633,133,512,2,129,0.298828125
0,tgfr1,rabvs_budgeted_no_ucb,3,8633,133,640,2,131,0.2921875
0,tgfr1,rabvs_budgeted_no_ucb,4,8633,133,768,0,131,0.2916666666666667
0,tgfr1,rabvs_budgeted_no_ucb,5,8633,133,896,1,132,0.31026785714285715
0,tgfr1,rabvs_budgeted_no_ucb,6,8633,133,1024,1,133,0.3212890625
0,tgfr1,rabvs_budgeted_random_parts,1,8633,133,384,2,10,0.4140625
0,tgfr1,rabvs_budgeted_random_parts,2,8633,133,512,1,11,0.388671875
0,tgfr1,rabvs_budgeted_random_parts,3,8633,133,640,0,11,0.4125
0,tgfr1,rabvs_budgeted_random_parts,4,8633,133,768,0,11,0.4140625
0,tgfr1,rabvs_budgeted_random_parts,5,8633,133,896,17,28,0.43191964285714285
0,tgfr1,rabvs_budgeted_random_parts,6,8633,133,1024,16,44,0.41015625
1,tgfr1,boba_ucb,1,8633,133,384,117,125,0.265625
1,tgfr1,boba_ucb,2,8633,133,512,0,125,0.271484375
1,tgfr1,boba_ucb,3,8633,133,640,0,125,0.296875
1,tgfr1,boba_ucb,4,8633,133,768,0,125,0.2890625
1,tgfr1,boba_ucb,5,8633,133,896,0,125,0.2924107142857143
1,tgfr1,boba_ucb,6,8633,133,1024,0,125,0.3134765625
1,tgfr1,rabvs_budgeted_reliable,1,8633,133,384,117,125,0.265625
1,tgfr1,rabvs_budgeted_reliable,2,8633,133,512,0,125,0.271484375
1,tgfr1,rabvs_budgeted_reliable,3,8633,133,640,0,125,0.296875
1,tgfr1,rabvs_budgeted_reliable,4,8633,133,768,0,125,0.2890625
1,tgfr1,rabvs_budgeted_reliable,5,8633,133,896,0,125,0.2924107142857143
1,tgfr1,rabvs_budgeted_reliable,6,8633,133,1024,0,125,0.3134765625
1,tgfr1,rabvs_budgeted_no_ucb,1,8633,133,384,118,126,0.265625
1,tgfr1,rabvs_budgeted_no_ucb,2,8633,133,512,5,131,0.2734375
1,tgfr1,rabvs_budgeted_no_ucb,3,8633,133,640,0,131,0.2890625
1,tgfr1,rabvs_budgeted_no_ucb,4,8633,133,768,1,132,0.2994791666666667
1,tgfr1,rabvs_budgeted_no_ucb,5,8633,133,896,0,132,0.29910714285714285
1,tgfr1,rabvs_budgeted_no_ucb,6,8633,133,1024,1,133,0.296875
1,tgfr1,rabvs_budgeted_random_parts,1,8633,133,384,0,8,0.4453125
1,tgfr1,rabvs_budgeted_random_parts,2,8633,133,512,1,9,0.408203125
1,tgfr1,rabvs_budgeted_random_parts,3,8633,133,640,10,19,0.38125
1,tgfr1,rabvs_budgeted_random_parts,4,8633,133,768,0,19,0.37890625
1,tgfr1,rabvs_budgeted_random_parts,5,8633,133,896,0,19,0.4029017857142857
1,tgfr1,rabvs_budgeted_random_parts,6,8633,133,1024,1,20,0.3798828125
2,tgfr1,boba_ucb,1,8633,133,384,119,127,0.3255208333333333
2,tgfr1,boba_ucb,2,8633,133,512,0,127,0.326171875
2,tgfr1,boba_ucb,3,8633,133,640,1,128,0.3265625
2,tgfr1,boba_ucb,4,8633,133,768,0,128,0.3111979166666667
2,tgfr1,boba_ucb,5,8633,133,896,0,128,0.3002232142857143
2,tgfr1,boba_ucb,6,8633,133,1024,0,128,0.31640625
2,tgfr1,rabvs_budgeted_reliable,1,8633,133,384,119,127,0.3255208333333333
2,tgfr1,rabvs_budgeted_reliable,2,8633,133,512,0,127,0.326171875
2,tgfr1,rabvs_budgeted_reliable,3,8633,133,640,1,128,0.3265625
2,tgfr1,rabvs_budgeted_reliable,4,8633,133,768,0,128,0.3111979166666667
2,tgfr1,rabvs_budgeted_reliable,5,8633,133,896,0,128,0.3002232142857143
2,tgfr1,rabvs_budgeted_reliable,6,8633,133,1024,0,128,0.31640625
2,tgfr1,rabvs_budgeted_no_ucb,1,8633,133,384,119,127,0.3229166666666667
2,tgfr1,rabvs_budgeted_no_ucb,2,8633,133,512,3,130,0.322265625
2,tgfr1,rabvs_budgeted_no_ucb,3,8633,133,640,2,132,0.3375
2,tgfr1,rabvs_budgeted_no_ucb,4,8633,133,768,1,133,0.3098958333333333
2,tgfr1,rabvs_budgeted_no_ucb,5,8633,133,896,0,133,0.3203125
2,tgfr1,rabvs_budgeted_no_ucb,6,8633,133,1024,0,133,0.3349609375
2,tgfr1,rabvs_budgeted_random_parts,1,8633,133,384,1,9,0.4869791666666667
2,tgfr1,rabvs_budgeted_random_parts,2,8633,133,512,1,10,0.447265625
2,tgfr1,rabvs_budgeted_random_parts,3,8633,133,640,0,10,0.4328125
2,tgfr1,rabvs_budgeted_random_parts,4,8633,133,768,0,10,0.4205729166666667
2,tgfr1,rabvs_budgeted_random_parts,5,8633,133,896,1,11,0.45200892857142855
2,tgfr1,rabvs_budgeted_random_parts,6,8633,133,1024,19,30,0.4287109375
0,thb,boba_ucb,1,7553,103,384,84,92,0.5442708333333334
0,thb,boba_ucb,2,7553,103,512,2,94,0.533203125
0,thb,boba_ucb,3,7553,103,640,0,94,0.5078125
0,thb,boba_ucb,4,7553,103,768,0,94,0.5169270833333334
0,thb,boba_ucb,5,7553,103,896,1,95,0.5066964285714286
0,thb,boba_ucb,6,7553,103,1024,0,95,0.5107421875
0,thb,rabvs_budgeted_reliable,1,7553,103,384,84,92,0.5442708333333334
0,thb,rabvs_budgeted_reliable,2,7553,103,512,2,94,0.533203125
0,thb,rabvs_budgeted_reliable,3,7553,103,640,0,94,0.5078125
0,thb,rabvs_budgeted_reliable,4,7553,103,768,0,94,0.5169270833333334
0,thb,rabvs_budgeted_reliable,5,7553,103,896,1,95,0.5066964285714286
0,thb,rabvs_budgeted_reliable,6,7553,103,1024,0,95,0.5107421875
0,thb,rabvs_budgeted_no_ucb,1,7553,103,384,87,95,0.5260416666666666
0,thb,rabvs_budgeted_no_ucb,2,7553,103,512,6,101,0.509765625
0,thb,rabvs_budgeted_no_ucb,3,7553,103,640,0,101,0.4921875
0,thb,rabvs_budgeted_no_ucb,4,7553,103,768,1,102,0.4908854166666667
0,thb,rabvs_budgeted_no_ucb,5,7553,103,896,0,102,0.49776785714285715
0,thb,rabvs_budgeted_no_ucb,6,7553,103,1024,0,102,0.49609375
0,thb,rabvs_budgeted_random_parts,1,7553,103,384,1,9,0.5104166666666666
0,thb,rabvs_budgeted_random_parts,2,7553,103,512,0,9,0.544921875
0,thb,rabvs_budgeted_random_parts,3,7553,103,640,0,9,0.525
0,thb,rabvs_budgeted_random_parts,4,7553,103,768,0,9,0.5598958333333334
0,thb,rabvs_budgeted_random_parts,5,7553,103,896,0,9,0.5625
0,thb,rabvs_budgeted_random_parts,6,7553,103,1024,0,9,0.5693359375
1,thb,boba_ucb,1,7553,103,384,75,83,0.4895833333333333
1,thb,boba_ucb,2,7553,103,512,0,83,0.484375
1,thb,boba_ucb,3,7553,103,640,0,83,0.525
1,thb,boba_ucb,4,7553,103,768,0,83,0.5052083333333334
1,thb,boba_ucb,5,7553,103,896,0,83,0.5055803571428571
1,thb,boba_ucb,6,7553,103,1024,0,83,0.494140625
1,thb,rabvs_budgeted_reliable,1,7553,103,384,75,83,0.4895833333333333
1,thb,rabvs_budgeted_reliable,2,7553,103,512,0,83,0.484375
1,thb,rabvs_budgeted_reliable,3,7553,103,640,0,83,0.525
1,thb,rabvs_budgeted_reliable,4,7553,103,768,0,83,0.5052083333333334
1,thb,rabvs_budgeted_reliable,5,7553,103,896,0,83,0.5055803571428571
1,thb,rabvs_budgeted_reliable,6,7553,103,1024,0,83,0.494140625
1,thb,rabvs_budgeted_no_ucb,1,7553,103,384,85,93,0.5052083333333334
1,thb,rabvs_budgeted_no_ucb,2,7553,103,512,2,95,0.51953125
1,thb,rabvs_budgeted_no_ucb,3,7553,103,640,2,97,0.5140625
1,thb,rabvs_budgeted_no_ucb,4,7553,103,768,0,97,0.5169270833333334
1,thb,rabvs_budgeted_no_ucb,5,7553,103,896,0,97,0.5267857142857143
1,thb,rabvs_budgeted_no_ucb,6,7553,103,1024,0,97,0.5224609375
1,thb,rabvs_budgeted_random_parts,1,7553,103,384,0,8,0.5182291666666666
1,thb,rabvs_budgeted_random_parts,2,7553,103,512,4,12,0.53125
1,thb,rabvs_budgeted_random_parts,3,7553,103,640,0,12,0.5265625
1,thb,rabvs_budgeted_random_parts,4,7553,103,768,1,13,0.5
1,thb,rabvs_budgeted_random_parts,5,7553,103,896,22,35,0.48995535714285715
1,thb,rabvs_budgeted_random_parts,6,7553,103,1024,3,38,0.4814453125
2,thb,boba_ucb,1,7553,103,384,89,97,0.5182291666666666
2,thb,boba_ucb,2,7553,103,512,1,98,0.53125
2,thb,boba_ucb,3,7553,103,640,2,100,0.5
2,thb,boba_ucb,4,7553,103,768,0,100,0.5130208333333334
2,thb,boba_ucb,5,7553,103,896,2,102,0.5223214285714286
2,thb,boba_ucb,6,7553,103,1024,0,102,0.5107421875
2,thb,rabvs_budgeted_reliable,1,7553,103,384,89,97,0.5182291666666666
2,thb,rabvs_budgeted_reliable,2,7553,103,512,1,98,0.53125
2,thb,rabvs_budgeted_reliable,3,7553,103,640,2,100,0.5
2,thb,rabvs_budgeted_reliable,4,7553,103,768,0,100,0.5130208333333334
2,thb,rabvs_budgeted_reliable,5,7553,103,896,2,102,0.5223214285714286
2,thb,rabvs_budgeted_reliable,6,7553,103,1024,0,102,0.5107421875
2,thb,rabvs_budgeted_no_ucb,1,7553,103,384,88,96,0.5234375
2,thb,rabvs_budgeted_no_ucb,2,7553,103,512,3,99,0.5
2,thb,rabvs_budgeted_no_ucb,3,7553,103,640,1,100,0.4984375
2,thb,rabvs_budgeted_no_ucb,4,7553,103,768,2,102,0.4934895833333333
2,thb,rabvs_budgeted_no_ucb,5,7553,103,896,1,103,0.4799107142857143
2,thb,rabvs_budgeted_no_ucb,6,7553,103,1024,0,103,0.482421875
2,thb,rabvs_budgeted_random_parts,1,7553,103,384,0,8,0.4973958333333333
2,thb,rabvs_budgeted_random_parts,2,7553,103,512,23,31,0.51171875
2,thb,rabvs_budgeted_random_parts,3,7553,103,640,0,31,0.5109375
2,thb,rabvs_budgeted_random_parts,4,7553,103,768,0,31,0.5169270833333334
2,thb,rabvs_budgeted_random_parts,5,7553,103,896,0,31,0.5
2,thb,rabvs_budgeted_random_parts,6,7553,103,1024,0,31,0.5087890625
0,thrb,boba_ucb,1,27465,461,384,128,136,0.5078125
0,thrb,boba_ucb,2,27465,461,512,11,147,0.537109375
0,thrb,boba_ucb,3,27465,461,640,6,153,0.5328125
0,thrb,boba_ucb,4,27465,461,768,4,157,0.5143229166666666
0,thrb,boba_ucb,5,27465,461,896,3,160,0.5223214285714286
0,thrb,boba_ucb,6,27465,461,1024,0,160,0.5068359375
0,thrb,rabvs_budgeted_reliable,1,27465,461,384,128,136,0.5078125
0,thrb,rabvs_budgeted_reliable,2,27465,461,512,11,147,0.537109375
0,thrb,rabvs_budgeted_reliable,3,27465,461,640,6,153,0.5328125
0,thrb,rabvs_budgeted_reliable,4,27465,461,768,4,157,0.5143229166666666
0,thrb,rabvs_budgeted_reliable,5,27465,461,896,3,160,0.5223214285714286
0,thrb,rabvs_budgeted_reliable,6,27465,461,1024,0,160,0.5068359375
0,thrb,rabvs_budgeted_no_ucb,1,27465,461,384,128,136,0.5078125
0,thrb,rabvs_budgeted_no_ucb,2,27465,461,512,128,264,0.57421875
0,thrb,rabvs_budgeted_no_ucb,3,27465,461,640,107,371,0.6078125
0,thrb,rabvs_budgeted_no_ucb,4,27465,461,768,28,399,0.6015625
0,thrb,rabvs_budgeted_no_ucb,5,27465,461,896,6,405,0.6060267857142857
0,thrb,rabvs_budgeted_no_ucb,6,27465,461,1024,10,415,0.626953125
0,thrb,rabvs_budgeted_random_parts,1,27465,461,384,21,29,0.5364583333333334
0,thrb,rabvs_budgeted_random_parts,2,27465,461,512,27,56,0.517578125
0,thrb,rabvs_budgeted_random_parts,3,27465,461,640,3,59,0.5234375
0,thrb,rabvs_budgeted_random_parts,4,27465,461,768,0,59,0.5559895833333334
0,thrb,rabvs_budgeted_random_parts,5,27465,461,896,1,60,0.546875
0,thrb,rabvs_budgeted_random_parts,6,27465,461,1024,3,63,0.5673828125
1,thrb,boba_ucb,1,27465,461,384,128,136,0.6484375
1,thrb,boba_ucb,2,27465,461,512,27,163,0.609375
1,thrb,boba_ucb,3,27465,461,640,18,181,0.5984375
1,thrb,boba_ucb,4,27465,461,768,6,187,0.6119791666666666
1,thrb,boba_ucb,5,27465,461,896,2,189,0.6082589285714286
1,thrb,boba_ucb,6,27465,461,1024,4,193,0.6103515625
1,thrb,rabvs_budgeted_reliable,1,27465,461,384,128,136,0.6484375
1,thrb,rabvs_budgeted_reliable,2,27465,461,512,27,163,0.609375
1,thrb,rabvs_budgeted_reliable,3,27465,461,640,18,181,0.5984375
1,thrb,rabvs_budgeted_reliable,4,27465,461,768,6,187,0.6119791666666666
1,thrb,rabvs_budgeted_reliable,5,27465,461,896,2,189,0.6082589285714286
1,thrb,rabvs_budgeted_reliable,6,27465,461,1024,4,193,0.6103515625
1,thrb,rabvs_budgeted_no_ucb,1,27465,461,384,128,136,0.6484375
1,thrb,rabvs_budgeted_no_ucb,2,27465,461,512,128,264,0.625
1,thrb,rabvs_budgeted_no_ucb,3,27465,461,640,94,358,0.603125
1,thrb,rabvs_budgeted_no_ucb,4,27465,461,768,27,385,0.5703125
1,thrb,rabvs_budgeted_no_ucb,5,27465,461,896,36,421,0.5680803571428571
1,thrb,rabvs_budgeted_no_ucb,6,27465,461,1024,10,431,0.583984375
1,thrb,rabvs_budgeted_random_parts,1,27465,461,384,3,11,0.4375
1,thrb,rabvs_budgeted_random_parts,2,27465,461,512,7,18,0.46484375
1,thrb,rabvs_budgeted_random_parts,3,27465,461,640,1,19,0.4890625
1,thrb,rabvs_budgeted_random_parts,4,27465,461,768,2,21,0.5260416666666666
1,thrb,rabvs_budgeted_random_parts,5,27465,461,896,15,36,0.5145089285714286
1,thrb,rabvs_budgeted_random_parts,6,27465,461,1024,119,155,0.54296875
2,thrb,boba_ucb,1,27465,461,384,128,136,0.6979166666666666
2,thrb,boba_ucb,2,27465,461,512,76,212,0.619140625
2,thrb,boba_ucb,3,27465,461,640,8,220,0.6140625
2,thrb,boba_ucb,4,27465,461,768,0,220,0.5911458333333334
2,thrb,boba_ucb,5,27465,461,896,1,221,0.5837053571428571
2,thrb,boba_ucb,6,27465,461,1024,2,223,0.5888671875
2,thrb,rabvs_budgeted_reliable,1,27465,461,384,128,136,0.6979166666666666
2,thrb,rabvs_budgeted_reliable,2,27465,461,512,76,212,0.619140625
2,thrb,rabvs_budgeted_reliable,3,27465,461,640,8,220,0.6140625
2,thrb,rabvs_budgeted_reliable,4,27465,461,768,0,220,0.5911458333333334
2,thrb,rabvs_budgeted_reliable,5,27465,461,896,1,221,0.5837053571428571
2,thrb,rabvs_budgeted_reliable,6,27465,461,1024,2,223,0.5888671875
2,thrb,rabvs_budgeted_no_ucb,1,27465,461,384,128,136,0.6979166666666666
2,thrb,rabvs_budgeted_no_ucb,2,27465,461,512,125,261,0.6875
2,thrb,rabvs_budgeted_no_ucb,3,27465,461,640,68,329,0.60625
2,thrb,rabvs_budgeted_no_ucb,4,27465,461,768,67,396,0.5963541666666666
2,thrb,rabvs_budgeted_no_ucb,5,27465,461,896,19,415,0.5736607142857143
2,thrb,rabvs_budgeted_no_ucb,6,27465,461,1024,10,425,0.6025390625
2,thrb,rabvs_budgeted_random_parts,1,27465,461,384,0,8,0.5677083333333334
2,thrb,rabvs_budgeted_random_parts,2,27465,461,512,6,14,0.55859375
2,thrb,rabvs_budgeted_random_parts,3,27465,461,640,0,14,0.51875
2,thrb,rabvs_budgeted_random_parts,4,27465,461,768,87,101,0.49609375
2,thrb,rabvs_budgeted_random_parts,5,27465,461,896,13,114,0.48660714285714285
2,thrb,rabvs_budgeted_random_parts,6,27465,461,1024,14,128,0.4970703125
0,try1,boba_ucb,1,26429,449,384,128,136,0.7083333333333334
0,try1,boba_ucb,2,26429,449,512,73,209,0.7109375
0,try1,boba_ucb,3,26429,449,640,0,209,0.6484375
0,try1,boba_ucb,4,26429,449,768,0,209,0.5690104166666666
0,try1,boba_ucb,5,26429,449,896,3,212,0.59375
0,try1,boba_ucb,6,26429,449,1024,1,213,0.595703125
0,try1,rabvs_budgeted_reliable,1,26429,449,384,128,136,0.7083333333333334
0,try1,rabvs_budgeted_reliable,2,26429,449,512,73,209,0.7109375
0,try1,rabvs_budgeted_reliable,3,26429,449,640,0,209,0.6484375
0,try1,rabvs_budgeted_reliable,4,26429,449,768,0,209,0.5690104166666666
0,try1,rabvs_budgeted_reliable,5,26429,449,896,3,212,0.59375
0,try1,rabvs_budgeted_reliable,6,26429,449,1024,1,213,0.595703125
0,try1,rabvs_budgeted_no_ucb,1,26429,449,384,128,136,0.7083333333333334
0,try1,rabvs_budgeted_no_ucb,2,26429,449,512,128,264,0.77734375
0,try1,rabvs_budgeted_no_ucb,3,26429,449,640,121,385,0.79375
0,try1,rabvs_budgeted_no_ucb,4,26429,449,768,28,413,0.765625
0,try1,rabvs_budgeted_no_ucb,5,26429,449,896,9,422,0.7421875
0,try1,rabvs_budgeted_no_ucb,6,26429,449,1024,7,429,0.712890625
0,try1,rabvs_budgeted_random_parts,1,26429,449,384,1,9,0.546875
0,try1,rabvs_budgeted_random_parts,2,26429,449,512,0,9,0.5
0,try1,rabvs_budgeted_random_parts,3,26429,449,640,125,134,0.5984375
0,try1,rabvs_budgeted_random_parts,4,26429,449,768,14,148,0.63671875
0,try1,rabvs_budgeted_random_parts,5,26429,449,896,53,201,0.6428571428571429
0,try1,rabvs_budgeted_random_parts,6,26429,449,1024,0,201,0.6376953125
1,try1,boba_ucb,1,26429,449,384,128,136,0.6927083333333334
1,try1,boba_ucb,2,26429,449,512,32,168,0.650390625
1,try1,boba_ucb,3,26429,449,640,0,168,0.6234375
1,try1,boba_ucb,4,26429,449,768,17,185,0.6380208333333334
1,try1,boba_ucb,5,26429,449,896,0,185,0.6395089285714286
1,try1,boba_ucb,6,26429,449,1024,1,186,0.5927734375
1,try1,rabvs_budgeted_reliable,1,26429,449,384,128,136,0.6927083333333334
1,try1,rabvs_budgeted_reliable,2,26429,449,512,32,168,0.650390625
1,try1,rabvs_budgeted_reliable,3,26429,449,640,0,168,0.6234375
1,try1,rabvs_budgeted_reliable,4,26429,449,768,17,185,0.6380208333333334
1,try1,rabvs_budgeted_reliable,5,26429,449,896,0,185,0.6395089285714286
1,try1,rabvs_budgeted_reliable,6,26429,449,1024,1,186,0.5927734375
1,try1,rabvs_budgeted_no_ucb,1,26429,449,384,128,136,0.6927083333333334
1,try1,rabvs_budgeted_no_ucb,2,26429,449,512,128,264,0.763671875
1,try1,rabvs_budgeted_no_ucb,3,26429,449,640,118,382,0.7875
1,try1,rabvs_budgeted_no_ucb,4,26429,449,768,29,411,0.7265625
1,try1,rabvs_budgeted_no_ucb,5,26429,449,896,16,427,0.7042410714285714
1,try1,rabvs_budgeted_no_ucb,6,26429,449,1024,9,436,0.6865234375
1,try1,rabvs_budgeted_random_parts,1,26429,449,384,4,12,0.59375
1,try1,rabvs_budgeted_random_parts,2,26429,449,512,2,14,0.5078125
1,try1,rabvs_budgeted_random_parts,3,26429,449,640,1,15,0.534375
1,try1,rabvs_budgeted_random_parts,4,26429,449,768,8,23,0.5481770833333334
1,try1,rabvs_budgeted_random_parts,5,26429,449,896,117,140,0.5904017857142857
1,try1,rabvs_budgeted_random_parts,6,26429,449,1024,0,140,0.5888671875
2,try1,boba_ucb,1,26429,449,384,128,136,0.7109375
2,try1,boba_ucb,2,26429,449,512,52,188,0.66796875
2,try1,boba_ucb,3,26429,449,640,10,198,0.659375
2,try1,boba_ucb,4,26429,449,768,1,199,0.6171875
2,try1,boba_ucb,5,26429,449,896,0,199,0.6026785714285714
2,try1,boba_ucb,6,26429,449,1024,1,200,0.603515625
2,try1,rabvs_budgeted_reliable,1,26429,449,384,128,136,0.7109375
2,try1,rabvs_budgeted_reliable,2,26429,449,512,52,188,0.66796875
2,try1,rabvs_budgeted_reliable,3,26429,449,640,10,198,0.659375
2,try1,rabvs_budgeted_reliable,4,26429,449,768,1,199,0.6171875
2,try1,rabvs_budgeted_reliable,5,26429,449,896,0,199,0.6026785714285714
2,try1,rabvs_budgeted_reliable,6,26429,449,1024,1,200,0.603515625
2,try1,rabvs_budgeted_no_ucb,1,26429,449,384,128,136,0.7083333333333334
2,try1,rabvs_budgeted_no_ucb,2,26429,449,512,128,264,0.775390625
2,try1,rabvs_budgeted_no_ucb,3,26429,449,640,119,383,0.7921875
2,try1,rabvs_budgeted_no_ucb,4,26429,449,768,29,412,0.7669270833333334
2,try1,rabvs_budgeted_no_ucb,5,26429,449,896,13,425,0.7444196428571429
2,try1,rabvs_budgeted_no_ucb,6,26429,449,1024,4,429,0.7119140625
2,try1,rabvs_budgeted_random_parts,1,26429,449,384,10,18,0.5520833333333334
2,try1,rabvs_budgeted_random_parts,2,26429,449,512,0,18,0.5234375
2,try1,rabvs_budgeted_random_parts,3,26429,449,640,1,19,0.5359375
2,try1,rabvs_budgeted_random_parts,4,26429,449,768,0,19,0.4921875
2,try1,rabvs_budgeted_random_parts,5,26429,449,896,1,20,0.5323660714285714
2,try1,rabvs_budgeted_random_parts,6,26429,449,1024,2,22,0.517578125
0,tryb1,boba_ucb,1,7798,148,384,118,126,0.5104166666666666
0,tryb1,boba_ucb,2,7798,148,512,0,126,0.49609375
0,tryb1,boba_ucb,3,7798,148,640,0,126,0.503125
0,tryb1,boba_ucb,4,7798,148,768,0,126,0.5013020833333334
0,tryb1,boba_ucb,5,7798,148,896,0,126,0.49330357142857145
0,tryb1,boba_ucb,6,7798,148,1024,0,126,0.4736328125
0,tryb1,rabvs_budgeted_reliable,1,7798,148,384,118,126,0.5104166666666666
0,tryb1,rabvs_budgeted_reliable,2,7798,148,512,0,126,0.49609375
0,tryb1,rabvs_budgeted_reliable,3,7798,148,640,0,126,0.503125
0,tryb1,rabvs_budgeted_reliable,4,7798,148,768,0,126,0.5013020833333334
0,tryb1,rabvs_budgeted_reliable,5,7798,148,896,0,126,0.49330357142857145
0,tryb1,rabvs_budgeted_reliable,6,7798,148,1024,0,126,0.4736328125
0,tryb1,rabvs_budgeted_no_ucb,1,7798,148,384,117,125,0.5182291666666666
0,tryb1,rabvs_budgeted_no_ucb,2,7798,148,512,20,145,0.486328125
0,tryb1,rabvs_budgeted_no_ucb,3,7798,148,640,2,147,0.4953125
0,tryb1,rabvs_budgeted_no_ucb,4,7798,148,768,0,147,0.51171875
0,tryb1,rabvs_budgeted_no_ucb,5,7798,148,896,0,147,0.5111607142857143
0,tryb1,rabvs_budgeted_no_ucb,6,7798,148,1024,0,147,0.5087890625
0,tryb1,rabvs_budgeted_random_parts,1,7798,148,384,0,8,0.4921875
0,tryb1,rabvs_budgeted_random_parts,2,7798,148,512,0,8,0.505859375
0,tryb1,rabvs_budgeted_random_parts,3,7798,148,640,0,8,0.515625
0,tryb1,rabvs_budgeted_random_parts,4,7798,148,768,0,8,0.5598958333333334
0,tryb1,rabvs_budgeted_random_parts,5,7798,148,896,13,21,0.5814732142857143
0,tryb1,rabvs_budgeted_random_parts,6,7798,148,1024,0,21,0.591796875
1,tryb1,boba_ucb,1,7798,148,384,115,123,0.5208333333333334
1,tryb1,boba_ucb,2,7798,148,512,10,133,0.482421875
1,tryb1,boba_ucb,3,7798,148,640,0,133,0.478125
1,tryb1,boba_ucb,4,7798,148,768,0,133,0.4778645833333333
1,tryb1,boba_ucb,5,7798,148,896,0,133,0.48549107142857145
1,tryb1,boba_ucb,6,7798,148,1024,0,133,0.478515625
1,tryb1,rabvs_budgeted_reliable,1,7798,148,384,115,123,0.5208333333333334
1,tryb1,rabvs_budgeted_reliable,2,7798,148,512,10,133,0.482421875
1,tryb1,rabvs_budgeted_reliable,3,7798,148,640,0,133,0.478125
1,tryb1,rabvs_budgeted_reliable,4,7798,148,768,0,133,0.4778645833333333
1,tryb1,rabvs_budgeted_reliable,5,7798,148,896,0,133,0.48549107142857145
1,tryb1,rabvs_budgeted_reliable,6,7798,148,1024,0,133,0.478515625
1,tryb1,rabvs_budgeted_no_ucb,1,7798,148,384,115,123,0.5208333333333334
1,tryb1,rabvs_budgeted_no_ucb,2,7798,148,512,22,145,0.5234375
1,tryb1,rabvs_budgeted_no_ucb,3,7798,148,640,2,147,0.5125
1,tryb1,rabvs_budgeted_no_ucb,4,7798,148,768,0,147,0.5065104166666666
1,tryb1,rabvs_budgeted_no_ucb,5,7798,148,896,0,147,0.5100446428571429
1,tryb1,rabvs_budgeted_no_ucb,6,7798,148,1024,0,147,0.5068359375
1,tryb1,rabvs_budgeted_random_parts,1,7798,148,384,29,37,0.515625
1,tryb1,rabvs_budgeted_random_parts,2,7798,148,512,0,37,0.52734375
1,tryb1,rabvs_budgeted_random_parts,3,7798,148,640,53,90,0.49375
1,tryb1,rabvs_budgeted_random_parts,4,7798,148,768,0,90,0.4778645833333333
1,tryb1,rabvs_budgeted_random_parts,5,7798,148,896,1,91,0.46651785714285715
1,tryb1,rabvs_budgeted_random_parts,6,7798,148,1024,0,91,0.4912109375
2,tryb1,boba_ucb,1,7798,148,384,112,120,0.546875
2,tryb1,boba_ucb,2,7798,148,512,7,127,0.529296875
2,tryb1,boba_ucb,3,7798,148,640,0,127,0.5421875
2,tryb1,boba_ucb,4,7798,148,768,0,127,0.51953125
2,tryb1,boba_ucb,5,7798,148,896,0,127,0.5066964285714286
2,tryb1,boba_ucb,6,7798,148,1024,0,127,0.494140625
2,tryb1,rabvs_budgeted_reliable,1,7798,148,384,112,120,0.546875
2,tryb1,rabvs_budgeted_reliable,2,7798,148,512,7,127,0.529296875
2,tryb1,rabvs_budgeted_reliable,3,7798,148,640,0,127,0.5421875
2,tryb1,rabvs_budgeted_reliable,4,7798,148,768,0,127,0.51953125
2,tryb1,rabvs_budgeted_reliable,5,7798,148,896,0,127,0.5066964285714286
2,tryb1,rabvs_budgeted_reliable,6,7798,148,1024,0,127,0.494140625
2,tryb1,rabvs_budgeted_no_ucb,1,7798,148,384,112,120,0.5442708333333334
2,tryb1,rabvs_budgeted_no_ucb,2,7798,148,512,27,147,0.541015625
2,tryb1,rabvs_budgeted_no_ucb,3,7798,148,640,0,147,0.546875
2,tryb1,rabvs_budgeted_no_ucb,4,7798,148,768,0,147,0.546875
2,tryb1,rabvs_budgeted_no_ucb,5,7798,148,896,0,147,0.5301339285714286
2,tryb1,rabvs_budgeted_no_ucb,6,7798,148,1024,0,147,0.5185546875
2,tryb1,rabvs_budgeted_random_parts,1,7798,148,384,14,22,0.5260416666666666
2,tryb1,rabvs_budgeted_random_parts,2,7798,148,512,0,22,0.56640625
2,tryb1,rabvs_budgeted_random_parts,3,7798,148,640,15,37,0.5796875
2,tryb1,rabvs_budgeted_random_parts,4,7798,148,768,0,37,0.57421875
2,tryb1,rabvs_budgeted_random_parts,5,7798,148,896,1,38,0.5591517857142857
2,tryb1,rabvs_budgeted_random_parts,6,7798,148,1024,16,54,0.5517578125
0,tysy,boba_ucb,1,6859,109,384,73,81,0.5286458333333334
0,tysy,boba_ucb,2,6859,109,512,17,98,0.5
0,tysy,boba_ucb,3,6859,109,640,4,102,0.49375
0,tysy,boba_ucb,4,6859,109,768,0,102,0.51171875
0,tysy,boba_ucb,5,6859,109,896,0,102,0.5189732142857143
0,tysy,boba_ucb,6,6859,109,1024,0,102,0.5166015625
0,tysy,rabvs_budgeted_reliable,1,6859,109,384,73,81,0.5286458333333334
0,tysy,rabvs_budgeted_reliable,2,6859,109,512,17,98,0.5
0,tysy,rabvs_budgeted_reliable,3,6859,109,640,4,102,0.49375
0,tysy,rabvs_budgeted_reliable,4,6859,109,768,0,102,0.51171875
0,tysy,rabvs_budgeted_reliable,5,6859,109,896,0,102,0.5189732142857143
0,tysy,rabvs_budgeted_reliable,6,6859,109,1024,0,102,0.5166015625
0,tysy,rabvs_budgeted_no_ucb,1,6859,109,384,74,82,0.5338541666666666
0,tysy,rabvs_budgeted_no_ucb,2,6859,109,512,10,92,0.482421875
0,tysy,rabvs_budgeted_no_ucb,3,6859,109,640,1,93,0.471875
0,tysy,rabvs_budgeted_no_ucb,4,6859,109,768,2,95,0.53515625
0,tysy,rabvs_budgeted_no_ucb,5,6859,109,896,11,106,0.53125
0,tysy,rabvs_budgeted_no_ucb,6,6859,109,1024,3,109,0.544921875
0,tysy,rabvs_budgeted_random_parts,1,6859,109,384,1,9,0.4895833333333333
0,tysy,rabvs_budgeted_random_parts,2,6859,109,512,0,9,0.49609375
0,tysy,rabvs_budgeted_random_parts,3,6859,109,640,0,9,0.515625
0,tysy,rabvs_budgeted_random_parts,4,6859,109,768,0,9,0.5442708333333334
0,tysy,rabvs_budgeted_random_parts,5,6859,109,896,16,25,0.5412946428571429
0,tysy,rabvs_budgeted_random_parts,6,6859,109,1024,12,37,0.5341796875
1,tysy,boba_ucb,1,6859,109,384,75,83,0.484375
1,tysy,boba_ucb,2,6859,109,512,7,90,0.501953125
1,tysy,boba_ucb,3,6859,109,640,0,90,0.5
1,tysy,boba_ucb,4,6859,109,768,11,101,0.5026041666666666
1,tysy,boba_ucb,5,6859,109,896,0,101,0.5357142857142857
1,tysy,boba_ucb,6,6859,109,1024,0,101,0.5400390625
1,tysy,rabvs_budgeted_reliable,1,6859,109,384,75,83,0.484375
1,tysy,rabvs_budgeted_reliable,2,6859,109,512,7,90,0.501953125
1,tysy,rabvs_budgeted_reliable,3,6859,109,640,0,90,0.5
1,tysy,rabvs_budgeted_reliable,4,6859,109,768,11,101,0.5026041666666666
1,tysy,rabvs_budgeted_reliable,5,6859,109,896,0,101,0.5357142857142857
1,tysy,rabvs_budgeted_reliable,6,6859,109,1024,0,101,0.5400390625
1,tysy,rabvs_budgeted_no_ucb,1,6859,109,384,79,87,0.4713541666666667
1,tysy,rabvs_budgeted_no_ucb,2,6859,109,512,8,95,0.49609375
1,tysy,rabvs_budgeted_no_ucb,3,6859,109,640,2,97,0.5421875
1,tysy,rabvs_budgeted_no_ucb,4,6859,109,768,1,98,0.5182291666666666
1,tysy,rabvs_budgeted_no_ucb,5,6859,109,896,8,106,0.5200892857142857
1,tysy,rabvs_budgeted_no_ucb,6,6859,109,1024,3,109,0.5595703125
1,tysy,rabvs_budgeted_random_parts,1,6859,109,384,22,30,0.484375
1,tysy,rabvs_budgeted_random_parts,2,6859,109,512,2,32,0.4453125
1,tysy,rabvs_budgeted_random_parts,3,6859,109,640,0,32,0.4421875
1,tysy,rabvs_budgeted_random_parts,4,6859,109,768,1,33,0.4518229166666667
1,tysy,rabvs_budgeted_random_parts,5,6859,109,896,1,34,0.4799107142857143
1,tysy,rabvs_budgeted_random_parts,6,6859,109,1024,0,34,0.5107421875
2,tysy,boba_ucb,1,6859,109,384,81,89,0.53125
2,tysy,boba_ucb,2,6859,109,512,12,101,0.53515625
2,tysy,boba_ucb,3,6859,109,640,4,105,0.5546875
2,tysy,boba_ucb,4,6859,109,768,0,105,0.5377604166666666
2,tysy,boba_ucb,5,6859,109,896,0,105,0.5591517857142857
2,tysy,boba_ucb,6,6859,109,1024,0,105,0.5537109375
2,tysy,rabvs_budgeted_reliable,1,6859,109,384,81,89,0.53125
2,tysy,rabvs_budgeted_reliable,2,6859,109,512,12,101,0.53515625
2,tysy,rabvs_budgeted_reliable,3,6859,109,640,4,105,0.5546875
2,tysy,rabvs_budgeted_reliable,4,6859,109,768,0,105,0.5377604166666666
2,tysy,rabvs_budgeted_reliable,5,6859,109,896,0,105,0.5591517857142857
2,tysy,rabvs_budgeted_reliable,6,6859,109,1024,0,105,0.5537109375
2,tysy,rabvs_budgeted_no_ucb,1,6859,109,384,94,102,0.5078125
2,tysy,rabvs_budgeted_no_ucb,2,6859,109,512,3,105,0.544921875
2,tysy,rabvs_budgeted_no_ucb,3,6859,109,640,1,106,0.5625
2,tysy,rabvs_budgeted_no_ucb,4,6859,109,768,0,106,0.55078125
2,tysy,rabvs_budgeted_no_ucb,5,6859,109,896,3,109,0.5647321428571429
2,tysy,rabvs_budgeted_no_ucb,6,6859,109,1024,0,109,0.5634765625
2,tysy,rabvs_budgeted_random_parts,1,6859,109,384,1,9,0.5546875
2,tysy,rabvs_budgeted_random_parts,2,6859,109,512,0,9,0.587890625
2,tysy,rabvs_budgeted_random_parts,3,6859,109,640,16,25,0.5703125
2,tysy,rabvs_budgeted_random_parts,4,6859,109,768,16,41,0.5559895833333334
2,tysy,rabvs_budgeted_random_parts,5,6859,109,896,13,54,0.5758928571428571
2,tysy,rabvs_budgeted_random_parts,6,6859,109,1024,0,54,0.576171875
0,urok,boba_ucb,1,10012,162,384,119,127,0.6354166666666666
0,urok,boba_ucb,2,10012,162,512,7,134,0.658203125
0,urok,boba_ucb,3,10012,162,640,1,135,0.634375
0,urok,boba_ucb,4,10012,162,768,1,136,0.5950520833333334
0,urok,boba_ucb,5,10012,162,896,0,136,0.6015625
0,urok,boba_ucb,6,10012,162,1024,0,136,0.5869140625
0,urok,rabvs_budgeted_reliable,1,10012,162,384,119,127,0.6354166666666666
0,urok,rabvs_budgeted_reliable,2,10012,162,512,7,134,0.658203125
0,urok,rabvs_budgeted_reliable,3,10012,162,640,1,135,0.634375
0,urok,rabvs_budgeted_reliable,4,10012,162,768,1,136,0.5950520833333334
0,urok,rabvs_budgeted_reliable,5,10012,162,896,0,136,0.6015625
0,urok,rabvs_budgeted_reliable,6,10012,162,1024,0,136,0.5869140625
0,urok,rabvs_budgeted_no_ucb,1,10012,162,384,120,128,0.6380208333333334
0,urok,rabvs_budgeted_no_ucb,2,10012,162,512,25,153,0.666015625
0,urok,rabvs_budgeted_no_ucb,3,10012,162,640,4,157,0.6421875
0,urok,rabvs_budgeted_no_ucb,4,10012,162,768,1,158,0.6197916666666666
0,urok,rabvs_budgeted_no_ucb,5,10012,162,896,0,158,0.6428571428571429
0,urok,rabvs_budgeted_no_ucb,6,10012,162,1024,0,158,0.6318359375
0,urok,rabvs_budgeted_random_parts,1,10012,162,384,0,8,0.5052083333333334
0,urok,rabvs_budgeted_random_parts,2,10012,162,512,4,12,0.52734375
0,urok,rabvs_budgeted_random_parts,3,10012,162,640,38,50,0.5453125
0,urok,rabvs_budgeted_random_parts,4,10012,162,768,1,51,0.5299479166666666
0,urok,rabvs_budgeted_random_parts,5,10012,162,896,0,51,0.5345982142857143
0,urok,rabvs_budgeted_random_parts,6,10012,162,1024,5,56,0.5400390625
1,urok,boba_ucb,1,10012,162,384,127,135,0.6796875
1,urok,boba_ucb,2,10012,162,512,0,135,0.66015625
1,urok,boba_ucb,3,10012,162,640,1,136,0.621875
1,urok,boba_ucb,4,10012,162,768,0,136,0.6263020833333334
1,urok,boba_ucb,5,10012,162,896,0,136,0.6060267857142857
1,urok,boba_ucb,6,10012,162,1024,0,136,0.6123046875
1,urok,rabvs_budgeted_reliable,1,10012,162,384,127,135,0.6796875
1,urok,rabvs_budgeted_reliable,2,10012,162,512,0,135,0.66015625
1,urok,rabvs_budgeted_reliable,3,10012,162,640,1,136,0.621875
1,urok,rabvs_budgeted_reliable,4,10012,162,768,0,136,0.6263020833333334
1,urok,rabvs_budgeted_reliable,5,10012,162,896,0,136,0.6060267857142857
1,urok,rabvs_budgeted_reliable,6,10012,162,1024,0,136,0.6123046875
1,urok,rabvs_budgeted_no_ucb,1,10012,162,384,127,135,0.6796875
1,urok,rabvs_budgeted_no_ucb,2,10012,162,512,17,152,0.68359375
1,urok,rabvs_budgeted_no_ucb,3,10012,162,640,4,156,0.6359375
1,urok,rabvs_budgeted_no_ucb,4,10012,162,768,1,157,0.6158854166666666
1,urok,rabvs_budgeted_no_ucb,5,10012,162,896,1,158,0.6194196428571429
1,urok,rabvs_budgeted_no_ucb,6,10012,162,1024,0,158,0.6142578125
1,urok,rabvs_budgeted_random_parts,1,10012,162,384,75,83,0.6432291666666666
1,urok,rabvs_budgeted_random_parts,2,10012,162,512,31,114,0.630859375
1,urok,rabvs_budgeted_random_parts,3,10012,162,640,1,115,0.63125
1,urok,rabvs_budgeted_random_parts,4,10012,162,768,2,117,0.61328125
1,urok,rabvs_budgeted_random_parts,5,10012,162,896,0,117,0.6082589285714286
1,urok,rabvs_budgeted_random_parts,6,10012,162,1024,0,117,0.6083984375
2,urok,boba_ucb,1,10012,162,384,120,128,0.6223958333333334
2,urok,boba_ucb,2,10012,162,512,19,147,0.6328125
2,urok,boba_ucb,3,10012,162,640,4,151,0.6109375
2,urok,boba_ucb,4,10012,162,768,0,151,0.6236979166666666
2,urok,boba_ucb,5,10012,162,896,1,152,0.6149553571428571
2,urok,boba_ucb,6,10012,162,1024,0,152,0.6025390625
2,urok,rabvs_budgeted_reliable,1,10012,162,384,120,128,0.6223958333333334
2,urok,rabvs_budgeted_reliable,2,10012,162,512,19,147,0.6328125
2,urok,rabvs_budgeted_reliable,3,10012,162,640,4,151,0.6109375
2,urok,rabvs_budgeted_reliable,4,10012,162,768,0,151,0.6236979166666666
2,urok,rabvs_budgeted_reliable,5,10012,162,896,1,152,0.6149553571428571
2,urok,rabvs_budgeted_reliable,6,10012,162,1024,0,152,0.6025390625
2,urok,rabvs_budgeted_no_ucb,1,10012,162,384,120,128,0.6223958333333334
2,urok,rabvs_budgeted_no_ucb,2,10012,162,512,26,154,0.63671875
2,urok,rabvs_budgeted_no_ucb,3,10012,162,640,3,157,0.6171875
2,urok,rabvs_budgeted_no_ucb,4,10012,162,768,0,157,0.5924479166666666
2,urok,rabvs_budgeted_no_ucb,5,10012,162,896,1,158,0.5926339285714286
2,urok,rabvs_budgeted_no_ucb,6,10012,162,1024,1,159,0.576171875
2,urok,rabvs_budgeted_random_parts,1,10012,162,384,0,8,0.4791666666666667
2,urok,rabvs_budgeted_random_parts,2,10012,162,512,0,8,0.466796875
2,urok,rabvs_budgeted_random_parts,3,10012,162,640,0,8,0.4875
2,urok,rabvs_budgeted_random_parts,4,10012,162,768,1,9,0.5013020833333334
2,urok,rabvs_budgeted_random_parts,5,10012,162,896,17,26,0.5178571428571429
2,urok,rabvs_budgeted_random_parts,6,10012,162,1024,0,26,0.517578125
0,vgfr2,boba_ucb,1,25358,409,384,86,94,0.3802083333333333
0,vgfr2,boba_ucb,2,25358,409,512,63,157,0.388671875
0,vgfr2,boba_ucb,3,25358,409,640,11,168,0.3921875
0,vgfr2,boba_ucb,4,25358,409,768,40,208,0.3971354166666667
0,vgfr2,boba_ucb,5,25358,409,896,1,209,0.4296875
0,vgfr2,boba_ucb,6,25358,409,1024,0,209,0.439453125
0,vgfr2,rabvs_budgeted_reliable,1,25358,409,384,86,94,0.3802083333333333
0,vgfr2,rabvs_budgeted_reliable,2,25358,409,512,63,157,0.388671875
0,vgfr2,rabvs_budgeted_reliable,3,25358,409,640,11,168,0.3921875
0,vgfr2,rabvs_budgeted_reliable,4,25358,409,768,40,208,0.3971354166666667
0,vgfr2,rabvs_budgeted_reliable,5,25358,409,896,1,209,0.4296875
0,vgfr2,rabvs_budgeted_reliable,6,25358,409,1024,0,209,0.439453125
0,vgfr2,rabvs_budgeted_no_ucb,1,25358,409,384,89,97,0.3671875
0,vgfr2,rabvs_budgeted_no_ucb,2,25358,409,512,126,223,0.361328125
0,vgfr2,rabvs_budgeted_no_ucb,3,25358,409,640,91,314,0.365625
0,vgfr2,rabvs_budgeted_no_ucb,4,25358,409,768,39,353,0.4036458333333333
0,vgfr2,rabvs_budgeted_no_ucb,5,25358,409,896,23,376,0.40066964285714285
0,vgfr2,rabvs_budgeted_no_ucb,6,25358,409,1024,14,390,0.404296875
0,vgfr2,rabvs_budgeted_random_parts,1,25358,409,384,5,13,0.453125
0,vgfr2,rabvs_budgeted_random_parts,2,25358,409,512,30,43,0.455078125
0,vgfr2,rabvs_budgeted_random_parts,3,25358,409,640,1,44,0.475
0,vgfr2,rabvs_budgeted_random_parts,4,25358,409,768,4,48,0.4479166666666667
0,vgfr2,rabvs_budgeted_random_parts,5,25358,409,896,5,53,0.484375
0,vgfr2,rabvs_budgeted_random_parts,6,25358,409,1024,34,87,0.4853515625
1,vgfr2,boba_ucb,1,25358,409,384,127,135,0.40625
1,vgfr2,boba_ucb,2,25358,409,512,38,173,0.40625
1,vgfr2,boba_ucb,3,25358,409,640,11,184,0.4546875
1,vgfr2,boba_ucb,4,25358,409,768,9,193,0.4388020833333333
1,vgfr2,boba_ucb,5,25358,409,896,1,194,0.4263392857142857
1,vgfr2,boba_ucb,6,25358,409,1024,4,198,0.4482421875
1,vgfr2,rabvs_budgeted_reliable,1,25358,409,384,127,135,0.40625
1,vgfr2,rabvs_budgeted_reliable,2,25358,409,512,38,173,0.40625
1,vgfr2,rabvs_budgeted_reliable,3,25358,409,640,11,184,0.4546875
1,vgfr2,rabvs_budgeted_reliable,4,25358,409,768,9,193,0.4388020833333333
1,vgfr2,rabvs_budgeted_reliable,5,25358,409,896,1,194,0.4263392857142857
1,vgfr2,rabvs_budgeted_reliable,6,25358,409,1024,4,198,0.4482421875
1,vgfr2,rabvs_budgeted_no_ucb,1,25358,409,384,128,136,0.4114583333333333
1,vgfr2,rabvs_budgeted_no_ucb,2,25358,409,512,124,260,0.3828125
1,vgfr2,rabvs_budgeted_no_ucb,3,25358,409,640,71,331,0.4015625
1,vgfr2,rabvs_budgeted_no_ucb,4,25358,409,768,15,346,0.4205729166666667
1,vgfr2,rabvs_budgeted_no_ucb,5,25358,409,896,21,367,0.421875
1,vgfr2,rabvs_budgeted_no_ucb,6,25358,409,1024,11,378,0.4287109375
1,vgfr2,rabvs_budgeted_random_parts,1,25358,409,384,2,10,0.4375
1,vgfr2,rabvs_budgeted_random_parts,2,25358,409,512,1,11,0.42578125
1,vgfr2,rabvs_budgeted_random_parts,3,25358,409,640,5,16,0.421875
1,vgfr2,rabvs_budgeted_random_parts,4,25358,409,768,16,32,0.4544270833333333
1,vgfr2,rabvs_budgeted_random_parts,5,25358,409,896,41,73,0.4375
1,vgfr2,rabvs_budgeted_random_parts,6,25358,409,1024,6,79,0.4541015625
2,vgfr2,boba_ucb,1,25358,409,384,126,134,0.3958333333333333
2,vgfr2,boba_ucb,2,25358,409,512,68,202,0.40625
2,vgfr2,boba_ucb,3,25358,409,640,7,209,0.396875
2,vgfr2,boba_ucb,4,25358,409,768,10,219,0.3919270833333333
2,vgfr2,boba_ucb,5,25358,409,896,3,222,0.41294642857142855
2,vgfr2,boba_ucb,6,25358,409,1024,1,223,0.4453125
2,vgfr2,rabvs_budgeted_reliable,1,25358,409,384,126,134,0.3958333333333333
2,vgfr2,rabvs_budgeted_reliable,2,25358,409,512,68,202,0.40625
2,vgfr2,rabvs_budgeted_reliable,3,25358,409,640,7,209,0.396875
2,vgfr2,rabvs_budgeted_reliable,4,25358,409,768,10,219,0.3919270833333333
2,vgfr2,rabvs_budgeted_reliable,5,25358,409,896,3,222,0.41294642857142855
2,vgfr2,rabvs_budgeted_reliable,6,25358,409,1024,1,223,0.4453125
2,vgfr2,rabvs_budgeted_no_ucb,1,25358,409,384,127,135,0.3932291666666667
2,vgfr2,rabvs_budgeted_no_ucb,2,25358,409,512,123,258,0.384765625
2,vgfr2,rabvs_budgeted_no_ucb,3,25358,409,640,71,329,0.384375
2,vgfr2,rabvs_budgeted_no_ucb,4,25358,409,768,38,367,0.3958333333333333
2,vgfr2,rabvs_budgeted_no_ucb,5,25358,409,896,10,377,0.39620535714285715
2,vgfr2,rabvs_budgeted_no_ucb,6,25358,409,1024,6,383,0.40234375
2,vgfr2,rabvs_budgeted_random_parts,1,25358,409,384,112,120,0.4010416666666667
2,vgfr2,rabvs_budgeted_random_parts,2,25358,409,512,2,122,0.435546875
2,vgfr2,rabvs_budgeted_random_parts,3,25358,409,640,11,133,0.425
2,vgfr2,rabvs_budgeted_random_parts,4,25358,409,768,13,146,0.4153645833333333
2,vgfr2,rabvs_budgeted_random_parts,5,25358,409,896,3,149,0.4296875
2,vgfr2,rabvs_budgeted_random_parts,6,25358,409,1024,1,150,0.439453125
0,wee1,boba_ucb,1,6252,102,384,93,101,0.5390625
0,wee1,boba_ucb,2,6252,102,512,0,101,0.54296875
0,wee1,boba_ucb,3,6252,102,640,0,101,0.53125
0,wee1,boba_ucb,4,6252,102,768,0,101,0.4895833333333333
0,wee1,boba_ucb,5,6252,102,896,0,101,0.4810267857142857
0,wee1,boba_ucb,6,6252,102,1024,0,101,0.486328125
0,wee1,rabvs_budgeted_reliable,1,6252,102,384,93,101,0.5390625
0,wee1,rabvs_budgeted_reliable,2,6252,102,512,0,101,0.54296875
0,wee1,rabvs_budgeted_reliable,3,6252,102,640,0,101,0.53125
0,wee1,rabvs_budgeted_reliable,4,6252,102,768,0,101,0.4895833333333333
0,wee1,rabvs_budgeted_reliable,5,6252,102,896,0,101,0.4810267857142857
0,wee1,rabvs_budgeted_reliable,6,6252,102,1024,0,101,0.486328125
0,wee1,rabvs_budgeted_no_ucb,1,6252,102,384,94,102,0.546875
0,wee1,rabvs_budgeted_no_ucb,2,6252,102,512,0,102,0.5546875
0,wee1,rabvs_budgeted_no_ucb,3,6252,102,640,0,102,0.521875
0,wee1,rabvs_budgeted_no_ucb,4,6252,102,768,0,102,0.5065104166666666
0,wee1,rabvs_budgeted_no_ucb,5,6252,102,896,0,102,0.5178571428571429
0,wee1,rabvs_budgeted_no_ucb,6,6252,102,1024,0,102,0.5
0,wee1,rabvs_budgeted_random_parts,1,6252,102,384,0,8,0.4192708333333333
0,wee1,rabvs_budgeted_random_parts,2,6252,102,512,1,9,0.5
0,wee1,rabvs_budgeted_random_parts,3,6252,102,640,29,38,0.5109375
0,wee1,rabvs_budgeted_random_parts,4,6252,102,768,0,38,0.49609375
0,wee1,rabvs_budgeted_random_parts,5,6252,102,896,6,44,0.5145089285714286
0,wee1,rabvs_budgeted_random_parts,6,6252,102,1024,0,44,0.5107421875
1,wee1,boba_ucb,1,6252,102,384,94,102,0.5416666666666666
1,wee1,boba_ucb,2,6252,102,512,0,102,0.529296875
1,wee1,boba_ucb,3,6252,102,640,0,102,0.503125
1,wee1,boba_ucb,4,6252,102,768,0,102,0.4908854166666667
1,wee1,boba_ucb,5,6252,102,896,0,102,0.46651785714285715
1,wee1,boba_ucb,6,6252,102,1024,0,102,0.4873046875
1,wee1,rabvs_budgeted_reliable,1,6252,102,384,94,102,0.5416666666666666
1,wee1,rabvs_budgeted_reliable,2,6252,102,512,0,102,0.529296875
1,wee1,rabvs_budgeted_reliable,3,6252,102,640,0,102,0.503125
1,wee1,rabvs_budgeted_reliable,4,6252,102,768,0,102,0.4908854166666667
1,wee1,rabvs_budgeted_reliable,5,6252,102,896,0,102,0.46651785714285715
1,wee1,rabvs_budgeted_reliable,6,6252,102,1024,0,102,0.4873046875
1,wee1,rabvs_budgeted_no_ucb,1,6252,102,384,94,102,0.546875
1,wee1,rabvs_budgeted_no_ucb,2,6252,102,512,0,102,0.546875
1,wee1,rabvs_budgeted_no_ucb,3,6252,102,640,0,102,0.5328125
1,wee1,rabvs_budgeted_no_ucb,4,6252,102,768,0,102,0.51171875
1,wee1,rabvs_budgeted_no_ucb,5,6252,102,896,0,102,0.5178571428571429
1,wee1,rabvs_budgeted_no_ucb,6,6252,102,1024,0,102,0.5048828125
1,wee1,rabvs_budgeted_random_parts,1,6252,102,384,6,14,0.3776041666666667
1,wee1,rabvs_budgeted_random_parts,2,6252,102,512,0,14,0.396484375
1,wee1,rabvs_budgeted_random_parts,3,6252,102,640,23,37,0.4296875
1,wee1,rabvs_budgeted_random_parts,4,6252,102,768,0,37,0.4466145833333333
1,wee1,rabvs_budgeted_random_parts,5,6252,102,896,0,37,0.4609375
1,wee1,rabvs_budgeted_random_parts,6,6252,102,1024,0,37,0.447265625
2,wee1,boba_ucb,1,6252,102,384,94,102,0.5182291666666666
2,wee1,boba_ucb,2,6252,102,512,0,102,0.52734375
2,wee1,boba_ucb,3,6252,102,640,0,102,0.478125
2,wee1,boba_ucb,4,6252,102,768,0,102,0.4739583333333333
2,wee1,boba_ucb,5,6252,102,896,0,102,0.5011160714285714
2,wee1,boba_ucb,6,6252,102,1024,0,102,0.513671875
2,wee1,rabvs_budgeted_reliable,1,6252,102,384,94,102,0.5182291666666666
2,wee1,rabvs_budgeted_reliable,2,6252,102,512,0,102,0.52734375
2,wee1,rabvs_budgeted_reliable,3,6252,102,640,0,102,0.478125
2,wee1,rabvs_budgeted_reliable,4,6252,102,768,0,102,0.4739583333333333
2,wee1,rabvs_budgeted_reliable,5,6252,102,896,0,102,0.5011160714285714
2,wee1,rabvs_budgeted_reliable,6,6252,102,1024,0,102,0.513671875
2,wee1,rabvs_budgeted_no_ucb,1,6252,102,384,94,102,0.53125
2,wee1,rabvs_budgeted_no_ucb,2,6252,102,512,0,102,0.521484375
2,wee1,rabvs_budgeted_no_ucb,3,6252,102,640,0,102,0.5203125
2,wee1,rabvs_budgeted_no_ucb,4,6252,102,768,0,102,0.5078125
2,wee1,rabvs_budgeted_no_ucb,5,6252,102,896,0,102,0.5178571428571429
2,wee1,rabvs_budgeted_no_ucb,6,6252,102,1024,0,102,0.5009765625
2,wee1,rabvs_budgeted_random_parts,1,6252,102,384,0,8,0.3828125
2,wee1,rabvs_budgeted_random_parts,2,6252,102,512,0,8,0.443359375
2,wee1,rabvs_budgeted_random_parts,3,6252,102,640,28,36,0.484375
2,wee1,rabvs_budgeted_random_parts,4,6252,102,768,0,36,0.4752604166666667
2,wee1,rabvs_budgeted_random_parts,5,6252,102,896,0,36,0.45089285714285715
2,wee1,rabvs_budgeted_random_parts,6,6252,102,1024,0,36,0.482421875
0,xiap,boba_ucb,1,5250,100,384,90,98,0.4114583333333333
0,xiap,boba_ucb,2,5250,100,512,0,98,0.462890625
0,xiap,boba_ucb,3,5250,100,640,0,98,0.4921875
0,xiap,boba_ucb,4,5250,100,768,0,98,0.4908854166666667
0,xiap,boba_ucb,5,5250,100,896,0,98,0.5133928571428571
0,xiap,boba_ucb,6,5250,100,1024,0,98,0.517578125
0,xiap,rabvs_budgeted_reliable,1,5250,100,384,90,98,0.4114583333333333
0,xiap,rabvs_budgeted_reliable,2,5250,100,512,0,98,0.462890625
0,xiap,rabvs_budgeted_reliable,3,5250,100,640,0,98,0.4921875
0,xiap,rabvs_budgeted_reliable,4,5250,100,768,0,98,0.4908854166666667
0,xiap,rabvs_budgeted_reliable,5,5250,100,896,0,98,0.5133928571428571
0,xiap,rabvs_budgeted_reliable,6,5250,100,1024,0,98,0.517578125
0,xiap,rabvs_budgeted_no_ucb,1,5250,100,384,90,98,0.4140625
0,xiap,rabvs_budgeted_no_ucb,2,5250,100,512,1,99,0.46484375
0,xiap,rabvs_budgeted_no_ucb,3,5250,100,640,0,99,0.4921875
0,xiap,rabvs_budgeted_no_ucb,4,5250,100,768,0,99,0.4986979166666667
0,xiap,rabvs_budgeted_no_ucb,5,5250,100,896,1,100,0.5089285714285714
0,xiap,rabvs_budgeted_no_ucb,6,5250,100,1024,0,100,0.5107421875
0,xiap,rabvs_budgeted_random_parts,1,5250,100,384,0,8,0.4895833333333333
0,xiap,rabvs_budgeted_random_parts,2,5250,100,512,0,8,0.501953125
0,xiap,rabvs_budgeted_random_parts,3,5250,100,640,0,8,0.496875
0,xiap,rabvs_budgeted_random_parts,4,5250,100,768,0,8,0.5260416666666666
0,xiap,rabvs_budgeted_random_parts,5,5250,100,896,19,27,0.5535714285714286
0,xiap,rabvs_budgeted_random_parts,6,5250,100,1024,1,28,0.5322265625
1,xiap,boba_ucb,1,5250,100,384,87,95,0.3932291666666667
1,xiap,boba_ucb,2,5250,100,512,0,95,0.400390625
1,xiap,boba_ucb,3,5250,100,640,0,95,0.4109375
1,xiap,boba_ucb,4,5250,100,768,0,95,0.4309895833333333
1,xiap,boba_ucb,5,5250,100,896,1,96,0.4453125
1,xiap,boba_ucb,6,5250,100,1024,0,96,0.458984375
1,xiap,rabvs_budgeted_reliable,1,5250,100,384,87,95,0.3932291666666667
1,xiap,rabvs_budgeted_reliable,2,5250,100,512,0,95,0.400390625
1,xiap,rabvs_budgeted_reliable,3,5250,100,640,0,95,0.4109375
1,xiap,rabvs_budgeted_reliable,4,5250,100,768,0,95,0.4309895833333333
1,xiap,rabvs_budgeted_reliable,5,5250,100,896,1,96,0.4453125
1,xiap,rabvs_budgeted_reliable,6,5250,100,1024,0,96,0.458984375
1,xiap,rabvs_budgeted_no_ucb,1,5250,100,384,87,95,0.3932291666666667
1,xiap,rabvs_budgeted_no_ucb,2,5250,100,512,0,95,0.38671875
1,xiap,rabvs_budgeted_no_ucb,3,5250,100,640,0,95,0.384375
1,xiap,rabvs_budgeted_no_ucb,4,5250,100,768,0,95,0.37890625
1,xiap,rabvs_budgeted_no_ucb,5,5250,100,896,0,95,0.37611607142857145
1,xiap,rabvs_budgeted_no_ucb,6,5250,100,1024,4,99,0.3857421875
1,xiap,rabvs_budgeted_random_parts,1,5250,100,384,16,24,0.453125
1,xiap,rabvs_budgeted_random_parts,2,5250,100,512,0,24,0.462890625
1,xiap,rabvs_budgeted_random_parts,3,5250,100,640,0,24,0.4875
1,xiap,rabvs_budgeted_random_parts,4,5250,100,768,0,24,0.4947916666666667
1,xiap,rabvs_budgeted_random_parts,5,5250,100,896,0,24,0.4921875
1,xiap,rabvs_budgeted_random_parts,6,5250,100,1024,0,24,0.4775390625
2,xiap,boba_ucb,1,5250,100,384,89,97,0.4036458333333333
2,xiap,boba_ucb,2,5250,100,512,0,97,0.453125
2,xiap,boba_ucb,3,5250,100,640,0,97,0.45625
2,xiap,boba_ucb,4,5250,100,768,0,97,0.4869791666666667
2,xiap,boba_ucb,5,5250,100,896,0,97,0.4966517857142857
2,xiap,boba_ucb,6,5250,100,1024,0,97,0.490234375
2,xiap,rabvs_budgeted_reliable,1,5250,100,384,89,97,0.4036458333333333
2,xiap,rabvs_budgeted_reliable,2,5250,100,512,0,97,0.453125
2,xiap,rabvs_budgeted_reliable,3,5250,100,640,0,97,0.45625
2,xiap,rabvs_budgeted_reliable,4,5250,100,768,0,97,0.4869791666666667
2,xiap,rabvs_budgeted_reliable,5,5250,100,896,0,97,0.4966517857142857
2,xiap,rabvs_budgeted_reliable,6,5250,100,1024,0,97,0.490234375
2,xiap,rabvs_budgeted_no_ucb,1,5250,100,384,92,100,0.40625
2,xiap,rabvs_budgeted_no_ucb,2,5250,100,512,0,100,0.458984375
2,xiap,rabvs_budgeted_no_ucb,3,5250,100,640,0,100,0.471875
2,xiap,rabvs_budgeted_no_ucb,4,5250,100,768,0,100,0.4908854166666667
2,xiap,rabvs_budgeted_no_ucb,5,5250,100,896,0,100,0.4888392857142857
2,xiap,rabvs_budgeted_no_ucb,6,5250,100,1024,0,100,0.490234375
2,xiap,rabvs_budgeted_random_parts,1,5250,100,384,0,8,0.5
2,xiap,rabvs_budgeted_random_parts,2,5250,100,512,0,8,0.490234375
2,xiap,rabvs_budgeted_random_parts,3,5250,100,640,0,8,0.475
2,xiap,rabvs_budgeted_random_parts,4,5250,100,768,0,8,0.4973958333333333
2,xiap,rabvs_budgeted_random_parts,5,5250,100,896,17,25,0.4877232142857143
2,xiap,rabvs_budgeted_random_parts,6,5250,100,1024,0,25,0.5126953125
