seed,target,method,pool_size,active_count,active_ratio_pool,queried_total,queried_hits,AUBC,ECE,Brier,EF_0.1pct,EF_1pct,neural_inferences,inference_saved_ratio,hits_per_1000_inferences,mean_pairwise_cosine_distance_at1000,PAINS_Brenk_free_ratio_at1000,unseen_initial_scaffold_hit_rate_at1000,high_score_high_unc_hit_rate,high_score_low_unc_hit_rate,false_confidence_gap,Hit@100,Recall@100,unique_scaffold_count@100,Hit@500,Recall@500,unique_scaffold_count@500,Hit@1000,Recall@1000,unique_scaffold_count@1000
0,aa2ar,boba_ucb,32032,482,0.015047452547452548,1024,212,0.7547169811320755,0.001771418499556846,0.003596363660296923,66.4564315352697,66.4564315352697,2560,0.9866799866799867,171.09375,0.55391526222229,0.663,0.441025641025641,0.10362047440699126,0.1891385767790262,0.08551810237203494,100,0.2074688796680498,100,401,0.8319502074688797,492,438,0.9087136929460581,946
0,aa2ar,rabvs_budgeted_reliable,32032,482,0.015047452547452548,1024,212,0.7547169811320755,0.001771418499556846,0.003596363660296923,66.4564315352697,66.248755186722,2560,0.9866799866799867,173.828125,0.5531544089317322,0.8069999999999999,0.44455747711088506,0.10362047440699126,0.1891385767790262,0.08551810237203494,100,0.2074688796680498,100,408,0.8464730290456431,496,445,0.9232365145228216,984
0,aa2ar,rabvs_budgeted_no_ucb,32032,482,0.015047452547452548,1024,416,0.65625,0.004018467054374289,0.003006829023365116,66.4564315352697,66.4564315352697,2560,0.9866799866799867,172.65625,0.5547268986701965,0.815,0.4389505549949546,0.040548970679975045,0.2467207995003123,0.20617182882033727,100,0.2074688796680498,100,420,0.8713692946058091,496,442,0.91701244813278,977
0,aa2ar,rabvs_budgeted_random_parts,32032,482,0.015047452547452548,1024,130,0.7403846153846154,0.001865944349764313,0.004711649963450139,66.4564315352697,64.37966804979253,2560,0.9866799866799867,169.921875,0.5639200210571289,0.8220000000000001,0.43218623481781376,0.12609238451935081,0.1647940074906367,0.038701622971285876,100,0.2074688796680498,100,365,0.7572614107883817,494,435,0.9024896265560166,979
1,aa2ar,boba_ucb,32032,482,0.015047452547452548,1024,257,0.7227626459143969,0.0009160957083783322,0.00315938775837787,66.4564315352697,66.4564315352697,2560,0.9866799866799867,168.359375,0.5578506588935852,0.6950000000000001,0.4298780487804878,0.06803995006242197,0.21473158551810237,0.1466916354556804,100,0.2074688796680498,100,408,0.8464730290456431,495,431,0.8941908713692946,949
1,aa2ar,rabvs_budgeted_reliable,32032,482,0.015047452547452548,1024,257,0.7227626459143969,0.0009160957083783322,0.00315938775837787,66.4564315352697,66.4564315352697,2560,0.9866799866799867,170.703125,0.5579872727394104,0.853,0.43509127789046653,0.06803995006242197,0.21473158551810237,0.1466916354556804,100,0.2074688796680498,100,407,0.8443983402489627,497,437,0.9066390041493776,988
1,aa2ar,rabvs_budgeted_no_ucb,32032,482,0.015047452547452548,1024,416,0.6762820512820513,0.003384410003645358,0.002923729200787509,66.4564315352697,66.4564315352697,2560,0.9866799866799867,173.828125,0.5538120865821838,0.815,0.4432048681541582,0.04744069912609238,0.24032459425717853,0.19288389513108614,100,0.2074688796680498,100,416,0.8630705394190872,499,445,0.9232365145228216,978
1,aa2ar,rabvs_budgeted_random_parts,32032,482,0.015047452547452548,1024,208,0.578125,0.0047214825746932435,0.003992965841194125,66.4564315352697,66.04107883817427,2560,0.9866799866799867,175.390625,0.5746031999588013,0.786,0.4486266531027467,0.09550561797752809,0.19912609238451934,0.10362047440699125,100,0.2074688796680498,100,401,0.8319502074688797,493,449,0.9315352697095436,950
2,aa2ar,boba_ucb,32032,482,0.015047452547452548,1024,179,0.7732774674115456,0.002900783796362872,0.00367441226298184,66.4564315352697,65.2103734439834,2560,0.9866799866799867,173.828125,0.5631047487258911,0.6799999999999999,0.4436548223350254,0.1136079900124844,0.17852684144818975,0.06491885143570536,100,0.2074688796680498,100,410,0.8506224066390041,494,445,0.9232365145228216,948
2,aa2ar,rabvs_budgeted_reliable,32032,482,0.015047452547452548,1024,179,0.7732774674115456,0.002900783796362872,0.00367441226298184,66.4564315352697,65.2103734439834,2560,0.9866799866799867,175.0,0.559679388999939,0.813,0.4457953394123607,0.1136079900124844,0.17852684144818975,0.06491885143570536,100,0.2074688796680498,100,412,0.8547717842323651,497,448,0.9294605809128631,980
2,aa2ar,rabvs_budgeted_no_ucb,32032,482,0.015047452547452548,1024,435,0.64272030651341,0.006191522019806051,0.003094266892516179,66.4564315352697,66.4564315352697,2560,0.9866799866799867,176.171875,0.5520133376121521,0.7969999999999999,0.4483805668016194,0.04744069912609238,0.24469413233458176,0.19725343320848937,100,0.2074688796680498,100,424,0.8796680497925311,500,451,0.9356846473029046,979
2,aa2ar,rabvs_budgeted_random_parts,32032,482,0.015047452547452548,1024,145,0.38620689655172413,0.0024671723851278343,0.005340882703398697,66.4564315352697,61.05684647302904,2560,0.9866799866799867,157.421875,0.5658098459243774,0.823,0.40060851926977686,0.11235955056179775,0.16916354556803995,0.0568039950062422,100,0.2074688796680498,100,349,0.7240663900414938,494,403,0.8360995850622407,980
0,abl1,boba_ucb,10932,182,0.01664837175265276,1024,134,0.7692786069651741,0.0036474837014279847,0.004117960310563925,60.065934065934066,60.065934065934066,1536,0.9765825100622028,113.28125,0.6089486479759216,0.493,0.17678381256656017,0.08043875685557587,0.2376599634369287,0.1572212065813528,100,0.5494505494505495,100,167,0.9175824175824175,472,174,0.9560439560439561,888
0,abl1,rabvs_budgeted_reliable,10932,182,0.01664837175265276,1024,134,0.7692786069651741,0.0036474837014279847,0.004117960310563925,60.065934065934066,60.065934065934066,1536,0.9765825100622028,111.328125,0.5984326004981995,0.871,0.1671794871794872,0.08043875685557587,0.2376599634369287,0.1572212065813528,100,0.5494505494505495,100,168,0.9230769230769231,496,171,0.9395604395604396,995
0,abl1,rabvs_budgeted_no_ucb,10932,182,0.01664837175265276,1024,171,0.7538986354775828,0.007082184658350373,0.003494395919328352,60.065934065934066,60.065934065934066,1536,0.9765825100622028,113.28125,0.6054388880729675,0.866,0.17025641025641025,0.0712979890310786,0.24680073126142596,0.17550274223034734,100,0.5494505494505495,100,173,0.9505494505494505,491,174,0.9560439560439561,990
0,abl1,rabvs_budgeted_random_parts,10932,182,0.01664837175265276,1024,77,0.41233766233766234,0.006613836061309529,0.006779409107360758,60.065934065934066,55.65742514366368,1536,0.9765825100622028,102.86458333333333,0.605716347694397,0.831,0.15447991761071062,0.16270566727605118,0.15539305301645337,-0.0073126142595978105,97,0.532967032967033,100,153,0.8406593406593407,488,158,0.8681318681318682,983
1,abl1,boba_ucb,10932,182,0.01664837175265276,1024,145,0.8241379310344827,0.0037999578673325457,0.003808352545659581,60.065934065934066,60.065934065934066,1536,0.9765825100622028,110.02604166666667,0.609378457069397,0.523,0.17019027484143764,0.062157221206581355,0.24862888482632542,0.18647166361974407,100,0.5494505494505495,100,163,0.8956043956043956,469,169,0.9285714285714286,899
1,abl1,rabvs_budgeted_reliable,10932,182,0.01664837175265276,1024,145,0.8241379310344827,0.0037999578673325457,0.003808352545659581,60.065934065934066,60.065934065934066,1536,0.9765825100622028,108.72395833333333,0.5999730229377747,0.876,0.16408668730650156,0.062157221206581355,0.24862888482632542,0.18647166361974407,100,0.5494505494505495,100,164,0.9010989010989011,490,167,0.9175824175824175,989
1,abl1,rabvs_budgeted_no_ucb,10932,182,0.01664837175265276,1024,171,0.7543859649122807,0.003771013555240067,0.003269678547447337,60.065934065934066,60.065934065934066,1536,0.9765825100622028,109.375,0.6063265204429626,0.893,0.164778578784758,0.054844606946983544,0.26691042047531993,0.2120658135283364,100,0.5494505494505495,100,167,0.9175824175824175,492,168,0.9230769230769231,992
1,abl1,rabvs_budgeted_random_parts,10932,182,0.01664837175265276,1024,100,0.6191666666666666,0.003254322704025686,0.00438138793854992,60.065934065934066,59.51487045065027,1536,0.9765825100622028,96.35416666666667,0.59661865234375,0.891,0.14447884416924664,0.1206581352833638,0.1882998171846435,0.0676416819012797,100,0.5494505494505495,100,147,0.8076923076923077,491,148,0.8131868131868132,990
2,abl1,boba_ucb,10932,182,0.01664837175265276,1024,143,0.7867132867132867,0.006279675159514594,0.003705787231804933,60.065934065934066,60.065934065934066,1536,0.9765825100622028,114.58333333333333,0.6183571219444275,0.5529999999999999,0.17591623036649215,0.08775137111517367,0.2340036563071298,0.14625228519195613,100,0.5494505494505495,100,172,0.945054945054945,476,176,0.967032967032967,909
2,abl1,rabvs_budgeted_reliable,10932,182,0.01664837175265276,1024,143,0.7867132867132867,0.006279675159514594,0.003705787231804933,60.065934065934066,60.065934065934066,1536,0.9765825100622028,113.93229166666667,0.6080565452575684,0.851,0.17163412127440905,0.08775137111517367,0.2340036563071298,0.14625228519195613,100,0.5494505494505495,100,174,0.9560439560439561,494,175,0.9615384615384616,988
2,abl1,rabvs_budgeted_no_ucb,10932,182,0.01664837175265276,1024,170,0.7661764705882353,0.00518082644356899,0.0031082478549563156,60.065934065934066,59.51487045065027,1536,0.9765825100622028,111.97916666666667,0.6081256866455078,0.885,0.16872427983539096,0.06581352833638025,0.24680073126142596,0.18098720292504572,99,0.5439560439560439,100,170,0.9340659340659341,491,172,0.945054945054945,988
2,abl1,rabvs_budgeted_random_parts,10932,182,0.01664837175265276,1024,54,0.39814814814814814,0.010340732897614538,0.0071268145903548505,60.065934065934066,54.555297913096084,1536,0.9765825100622028,104.16666666666667,0.6036589741706848,0.8029999999999999,0.1555783009211873,0.20475319926873858,0.11517367458866545,-0.08957952468007313,92,0.5054945054945055,100,156,0.8571428571428571,492,160,0.8791208791208791,980
0,ace,boba_ucb,17182,282,0.016412524735187988,1024,140,0.8297619047619048,0.001965062387466099,0.0006943985418648533,60.92907801418439,60.92907801418439,1792,0.982617467892756,156.25,0.5589154958724976,0.44499999999999995,0.28450106157112526,0.06976744186046512,0.2561117578579744,0.18634431599750928,100,0.3546099290780142,100,279,0.9893617021276596,448,280,0.9929078014184397,794
0,ace,rabvs_budgeted_reliable,17182,282,0.016412524735187988,1024,140,0.8297619047619048,0.001965062387466099,0.0006943985418648533,60.92907801418439,60.92907801418439,1792,0.982617467892756,155.13392857142858,0.5595576167106628,0.8109999999999999,0.27226202661207777,0.06976744186046512,0.2561117578579744,0.18634431599750928,100,0.3546099290780142,100,277,0.9822695035460993,498,278,0.9858156028368794,998
0,ace,rabvs_budgeted_no_ucb,17182,282,0.016412524735187988,1024,280,0.7773809523809524,0.001693791270968748,0.00032962652239935236,60.92907801418439,60.92907801418439,1792,0.982617467892756,156.80803571428572,0.5686484575271606,0.8009999999999999,0.27561475409836067,0.02441860465116279,0.30267753201396974,0.27825892736280694,100,0.3546099290780142,100,280,0.9929078014184397,497,281,0.9964539007092199,997
0,ace,rabvs_budgeted_random_parts,17182,282,0.016412524735187988,1024,12,0.75,0.004000345372000164,0.0008827510869824392,60.92907801418439,60.92907801418439,1792,0.982617467892756,155.13392857142858,0.5696734189987183,0.767,0.27422680412371137,0.13488372093023257,0.1909196740395809,0.056035953109348335,100,0.3546099290780142,100,278,0.9858156028368794,482,278,0.9858156028368794,976
1,ace,boba_ucb,17182,282,0.016412524735187988,1024,177,0.8130885122410546,0.0020079078973052923,0.0004629689521824532,60.92907801418439,60.92907801418439,1792,0.982617467892756,156.80803571428572,0.5689401030540466,0.487,0.2914847161572052,0.038238702201622246,0.2897196261682243,0.25148092396660204,100,0.3546099290780142,100,280,0.9929078014184397,451,281,0.9964539007092199,806
1,ace,rabvs_budgeted_reliable,17182,282,0.016412524735187988,1024,177,0.8130885122410546,0.0020079078973052923,0.0004629689521824532,60.92907801418439,60.92907801418439,1792,0.982617467892756,155.13392857142858,0.5668160319328308,0.8009999999999999,0.2712384851586489,0.038238702201622246,0.2897196261682243,0.25148092396660204,100,0.3546099290780142,100,278,0.9858156028368794,497,278,0.9858156028368794,997
1,ace,rabvs_budgeted_no_ucb,17182,282,0.016412524735187988,1024,280,0.7755952380952381,0.0015888931958931536,0.00027443582054935027,60.92907801418439,60.92907801418439,1792,0.982617467892756,156.25,0.5694819688796997,0.8029999999999999,0.27300613496932513,0.019767441860465116,0.3073341094295693,0.28756666756910415,100,0.3546099290780142,100,280,0.9929078014184397,497,280,0.9929078014184397,997
1,ace,rabvs_budgeted_random_parts,17182,282,0.016412524735187988,1024,74,0.829954954954955,0.002293054156765401,0.0014213010453029782,60.92907801418439,60.92907801418439,1792,0.982617467892756,153.45982142857142,0.5719373822212219,0.802,0.26816786079836236,0.11265969802555169,0.21445221445221446,0.10179251642666277,100,0.3546099290780142,100,275,0.975177304964539,496,275,0.975177304964539,996
2,ace,boba_ucb,17182,282,0.016412524735187988,1024,172,0.810077519379845,0.002606462355759003,0.00037478895022152937,60.92907801418439,60.92907801418439,1792,0.982617467892756,156.80803571428572,0.5804741978645325,0.40900000000000003,0.2886266094420601,0.03604651162790698,0.2910360884749709,0.2549895768470639,100,0.3546099290780142,100,281,0.9964539007092199,474,281,0.9964539007092199,842
2,ace,rabvs_budgeted_reliable,17182,282,0.016412524735187988,1024,172,0.810077519379845,0.002606462355759003,0.00037478895022152937,60.92907801418439,60.92907801418439,1792,0.982617467892756,156.80803571428572,0.5753692984580994,0.791,0.27533265097236437,0.03604651162790698,0.2910360884749709,0.2549895768470639,100,0.3546099290780142,100,281,0.9964539007092199,497,281,0.9964539007092199,997
2,ace,rabvs_budgeted_no_ucb,17182,282,0.016412524735187988,1024,280,0.7761904761904762,0.0018287992219948909,0.000304784822191857,60.92907801418439,60.92907801418439,1792,0.982617467892756,156.80803571428572,0.5709221363067627,0.802,0.27505112474437626,0.01744186046511628,0.309662398137369,0.29222053767225276,100,0.3546099290780142,100,280,0.9929078014184397,497,281,0.9964539007092199,997
2,ace,rabvs_budgeted_random_parts,17182,282,0.016412524735187988,1024,79,0.6286919831223629,0.0029210847948080306,0.0006460187476335161,60.92907801418439,60.92907801418439,1792,0.982617467892756,155.13392857142858,0.5593525171279907,0.796,0.27394438722966014,0.05813953488372093,0.2689173457508731,0.2107778108671522,100,0.3546099290780142,100,278,0.9858156028368794,490,278,0.9858156028368794,989
0,aces,boba_ucb,26703,453,0.016964386024042242,1024,242,0.7183195592286501,0.0052339790438912836,0.004951769227339755,58.94701986754967,58.94701986754967,2304,0.9856195933041232,172.74305555555554,0.6014504432678223,0.32599999999999996,0.4024767801857585,0.0875748502994012,0.2292134831460674,0.14163863284666622,100,0.22075055187637968,100,367,0.8101545253863135,490,398,0.8785871964679912,916
0,aces,rabvs_budgeted_reliable,26703,453,0.016964386024042242,1024,242,0.7183195592286501,0.0052339790438912836,0.004951769227339755,58.94701986754967,58.94701986754967,2304,0.9856195933041232,171.875,0.6001973152160645,0.527,0.3935091277890467,0.0875748502994012,0.2292134831460674,0.14163863284666622,100,0.22075055187637968,100,368,0.8123620309050773,496,396,0.8741721854304636,968
0,aces,rabvs_budgeted_no_ucb,26703,453,0.016964386024042242,1024,369,0.6881210478771455,0.006967836683386877,0.0047876773043311,58.94701986754967,58.7262445122405,2304,0.9856195933041232,170.57291666666666,0.5912165641784668,0.5509999999999999,0.391260162601626,0.05239520958083832,0.26591760299625467,0.21352239341541634,100,0.22075055187637968,100,377,0.8322295805739515,496,393,0.8675496688741722,976
0,aces,rabvs_budgeted_random_parts,26703,453,0.016964386024042242,1024,74,0.6418918918918919,0.0037824605884409952,0.006991669915083438,58.94701986754967,54.310737406057,2304,0.9856195933041232,139.32291666666666,0.6004620790481567,0.598,0.31808943089430897,0.17964071856287425,0.11910112359550562,-0.06053959496736863,100,0.22075055187637968,100,298,0.6578366445916115,491,321,0.7086092715231788,972
1,aces,boba_ucb,26703,453,0.016964386024042242,1024,290,0.7149425287356321,0.01143225318382625,0.0057355597446971185,58.94701986754967,58.7262445122405,2304,0.9856195933041232,174.91319444444446,0.604804515838623,0.32899999999999996,0.4053224155578301,0.08383233532934131,0.23295880149812734,0.14912646616878603,100,0.22075055187637968,100,376,0.8300220750551877,487,403,0.8896247240618101,905
1,aces,rabvs_budgeted_reliable,26703,453,0.016964386024042242,1024,290,0.7149425287356321,0.01143225318382625,0.0057355597446971185,58.94701986754967,58.7262445122405,2304,0.9856195933041232,176.2152777777778,0.6023543477058411,0.484,0.4040609137055838,0.08383233532934131,0.23295880149812734,0.14912646616878603,100,0.22075055187637968,100,377,0.8322295805739515,492,406,0.8962472406181016,959
1,aces,rabvs_budgeted_no_ucb,26703,453,0.016964386024042242,1024,376,0.6646719858156028,0.009705679354470066,0.004868470699286957,58.94701986754967,58.94701986754967,2304,0.9856195933041232,174.91319444444446,0.5882505178451538,0.52,0.4030612244897959,0.04341317365269461,0.2704119850187266,0.22699881136603198,100,0.22075055187637968,100,380,0.8388520971302428,496,403,0.8896247240618101,974
1,aces,rabvs_budgeted_random_parts,26703,453,0.016964386024042242,1024,163,0.39519427402862983,0.011365023321554953,0.006655295062220039,58.94701986754967,58.50546915693132,2304,0.9856195933041232,167.5347222222222,0.603603720664978,0.507,0.383756345177665,0.07559880239520958,0.23220973782771537,0.1566109354325058,100,0.22075055187637968,100,358,0.7902869757174393,490,386,0.8520971302428256,951
2,aces,boba_ucb,26703,453,0.016964386024042242,1024,202,0.7566006600660066,0.0028534602271377014,0.005182788797653068,58.94701986754967,58.94701986754967,2304,0.9856195933041232,165.79861111111111,0.5877997279167175,0.30400000000000005,0.38676318510858326,0.07784431137724551,0.23370786516853934,0.15586355379129382,100,0.22075055187637968,100,351,0.7748344370860927,481,382,0.8432671081677704,919
2,aces,rabvs_budgeted_reliable,26703,453,0.016964386024042242,1024,202,0.7566006600660066,0.0028534602271377014,0.005182788797653068,58.94701986754967,58.94701986754967,2304,0.9856195933041232,164.0625,0.5852557420730591,0.5680000000000001,0.3752535496957404,0.07784431137724551,0.23370786516853934,0.15586355379129382,100,0.22075055187637968,100,351,0.7748344370860927,493,378,0.8344370860927153,981
2,aces,rabvs_budgeted_no_ucb,26703,453,0.016964386024042242,1024,373,0.6684539767649688,0.006098590502037397,0.004608266106147613,58.94701986754967,58.50546915693132,2304,0.9856195933041232,173.61111111111111,0.5816973447799683,0.548,0.3971631205673759,0.04790419161676647,0.26666666666666666,0.2187624750499002,99,0.2185430463576159,100,366,0.8079470198675497,498,400,0.8830022075055187,983
2,aces,rabvs_budgeted_random_parts,26703,453,0.016964386024042242,1024,164,0.5528455284552846,0.00363309684746634,0.006210003150485146,58.94701986754967,58.06391844631297,2304,0.9856195933041232,158.42013888888889,0.57696932554245,0.629,0.3609706774519717,0.10778443113772455,0.19625468164794008,0.08847025051021552,99,0.2185430463576159,100,332,0.7328918322295805,490,365,0.8057395143487859,977
0,ada,boba_ucb,5543,93,0.016777918094894463,1024,92,0.8333333333333334,0.0028785389049273465,0.00028758651687495743,59.6021505376344,59.6021505376344,1245,0.9625653977990258,73.89558232931726,0.6539822220802307,0.522,0.09195402298850575,0.007194244604316547,0.3249097472924188,0.3177155026881022,92,0.989247311827957,50,92,0.989247311827957,363,92,0.989247311827957,697
0,ada,rabvs_budgeted_reliable,5543,93,0.016777918094894463,1024,92,0.8333333333333334,0.0028785389049273465,0.00028758651687495743,59.6021505376344,59.6021505376344,1245,0.9625653977990258,73.89558232931726,0.6613357663154602,0.945,0.0782608695652174,0.007194244604316547,0.3249097472924188,0.3177155026881022,92,0.989247311827957,50,92,0.989247311827957,450,92,0.989247311827957,950
0,ada,rabvs_budgeted_no_ucb,5543,93,0.016777918094894463,1024,92,0.8333333333333334,0.0020144712883460886,0.00022297947349729706,59.6021505376344,59.6021505376344,1245,0.9625653977990258,73.89558232931726,0.6606478691101074,0.946,0.07834602829162132,0.025179856115107913,0.30685920577617326,0.28167934966106534,92,0.989247311827957,50,92,0.989247311827957,450,92,0.989247311827957,950
0,ada,rabvs_budgeted_random_parts,5543,93,0.016777918094894463,1024,29,0.7729885057471264,0.0045719534643859664,0.0015850065307852878,59.6021505376344,55.2674486803519,1245,0.9625653977990258,41.76706827309237,0.659355878829956,0.958,0.03951701427003293,0.17985611510791366,0.15162454873646208,-0.028231566371451577,51,0.5483870967741935,72,52,0.5591397849462365,471,52,0.5591397849462365,959
1,ada,boba_ucb,5543,93,0.016777918094894463,1024,90,0.8333333333333334,0.002543778832916683,0.0002778856016128629,59.6021505376344,59.6021505376344,1245,0.9625653977990258,73.89558232931726,0.657017707824707,0.531,0.08205128205128205,0.01079136690647482,0.3212996389891697,0.3105082720826949,92,0.989247311827957,50,92,0.989247311827957,363,92,0.989247311827957,701
1,ada,rabvs_budgeted_reliable,5543,93,0.016777918094894463,1024,90,0.8333333333333334,0.002543778832916683,0.0002778856016128629,59.6021505376344,59.6021505376344,1245,0.9625653977990258,73.89558232931726,0.6589155197143555,0.945,0.06994535519125683,0.01079136690647482,0.3212996389891697,0.3105082720826949,92,0.989247311827957,50,92,0.989247311827957,450,92,0.989247311827957,950
1,ada,rabvs_budgeted_no_ucb,5543,93,0.016777918094894463,1024,92,0.8306159420289855,0.0020817280952084177,0.00022481817706817753,59.6021505376344,59.6021505376344,1245,0.9625653977990258,73.89558232931726,0.6609238386154175,0.946,0.0700218818380744,0.014388489208633094,0.3176895306859206,0.3033010414772875,92,0.989247311827957,50,92,0.989247311827957,450,92,0.989247311827957,950
1,ada,rabvs_budgeted_random_parts,5543,93,0.016777918094894463,1024,66,0.5707070707070707,0.00225756273203135,0.00412472296255076,59.6021505376344,59.6021505376344,1245,0.9625653977990258,55.42168674698795,0.6598989367485046,0.953,0.04520396912899669,0.09352517985611511,0.23826714801444043,0.14474196815832532,68,0.7311827956989247,67,68,0.7311827956989247,467,69,0.7419354838709677,966
2,ada,boba_ucb,5543,93,0.016777918094894463,1024,92,0.8333333333333334,0.002498288465884625,0.0002567354722051892,59.6021505376344,59.6021505376344,1245,0.9625653977990258,73.89558232931726,0.6559253334999084,0.5369999999999999,0.08611825192802057,0.01079136690647482,0.3212996389891697,0.3105082720826949,92,0.989247311827957,50,92,0.989247311827957,356,92,0.989247311827957,691
2,ada,rabvs_budgeted_reliable,5543,93,0.016777918094894463,1024,92,0.8333333333333334,0.002498288465884625,0.0002567354722051892,59.6021505376344,59.6021505376344,1245,0.9625653977990258,73.89558232931726,0.6601659059524536,0.946,0.07403314917127071,0.01079136690647482,0.3212996389891697,0.3105082720826949,92,0.989247311827957,50,92,0.989247311827957,450,92,0.989247311827957,950
2,ada,rabvs_budgeted_no_ucb,5543,93,0.016777918094894463,1024,92,0.8333333333333334,0.0020149058200240383,0.0002209333117650343,59.6021505376344,59.6021505376344,1245,0.9625653977990258,73.89558232931726,0.6599537134170532,0.946,0.0739514348785872,0.017985611510791366,0.3140794223826715,0.29609381087188014,92,0.989247311827957,50,92,0.989247311827957,450,92,0.989247311827957,950
2,ada,rabvs_budgeted_random_parts,5543,93,0.016777918094894463,1024,27,0.5216049382716049,0.0034180924952866548,0.00038346151665749395,59.6021505376344,59.6021505376344,1245,0.9625653977990258,53.81526104417671,0.6590031385421753,0.958,0.049778761061946904,0.12589928057553956,0.20577617328519857,0.079876892709659,67,0.7204301075268817,58,67,0.7204301075268817,457,67,0.7204301075268817,957
0,ada17,boba_ucb,36432,532,0.014602547211242864,1024,251,0.7446879150066401,0.0014584634145621777,0.00265877634983096,68.4812030075188,68.4812030075188,2816,0.9871175523349437,170.45454545454544,0.5136094093322754,0.262,0.4860392967942089,0.05214050493962678,0.22941822173435786,0.1772777167947311,100,0.18796992481203006,100,453,0.8515037593984962,492,480,0.9022556390977443,907
0,ada17,rabvs_budgeted_reliable,36432,532,0.014602547211242864,1024,251,0.7446879150066401,0.0014584634145621777,0.00265877634983096,68.4812030075188,68.4812030075188,2816,0.9871175523349437,169.7443181818182,0.5060750842094421,0.479,0.47657841140529533,0.05214050493962678,0.22941822173435786,0.1772777167947311,100,0.18796992481203006,100,452,0.849624060150376,493,478,0.8984962406015038,979
0,ada17,rabvs_budgeted_no_ucb,36432,532,0.014602547211242864,1024,468,0.64494301994302,0.004578763127435344,0.0024355643962354714,68.4812030075188,68.4812030075188,2816,0.9871175523349437,172.23011363636365,0.5080269575119019,0.43999999999999995,0.48370672097759676,0.02854006586169045,0.2519209659714599,0.22338090010976946,100,0.18796992481203006,100,469,0.881578947368421,498,485,0.9116541353383458,975
0,ada17,rabvs_budgeted_random_parts,36432,532,0.014602547211242864,1024,32,0.6145833333333334,0.007681244881260194,0.004119565434663171,68.4812030075188,68.4812030075188,2816,0.9871175523349437,174.0056818181818,0.511698305606842,0.41800000000000004,0.4893184130213632,0.070801317233809,0.21295279912184412,0.1421514818880351,100,0.18796992481203006,100,457,0.8590225563909775,497,490,0.9210526315789473,962
1,ada17,boba_ucb,36432,532,0.014602547211242864,1024,224,0.7663690476190477,0.0025804357372274643,0.0025791202158898284,68.4812030075188,68.4812030075188,2816,0.9871175523349437,176.49147727272725,0.5058586597442627,0.257,0.49744114636642783,0.05817782656421515,0.22447859495060374,0.16630076838638858,100,0.18796992481203006,100,458,0.8609022556390977,498,497,0.9342105263157895,925
1,ada17,rabvs_budgeted_reliable,36432,532,0.014602547211242864,1024,224,0.7663690476190477,0.0025804357372274643,0.0025791202158898284,68.4812030075188,68.29306783442122,2816,0.9871175523349437,173.6505681818182,0.5082663297653198,0.41500000000000004,0.48577235772357724,0.05817782656421515,0.22447859495060374,0.16630076838638858,100,0.18796992481203006,100,455,0.8552631578947368,499,489,0.9191729323308271,982
1,ada17,rabvs_budgeted_no_ucb,36432,532,0.014602547211242864,1024,481,0.6363478863478863,0.006196156348154941,0.0024421166538149933,68.4812030075188,68.4812030075188,2816,0.9871175523349437,176.49147727272725,0.5129216909408569,0.403,0.4949186991869919,0.027442371020856202,0.2579582875960483,0.23051591657519208,100,0.18796992481203006,100,471,0.8853383458646616,497,497,0.9342105263157895,954
1,ada17,rabvs_budgeted_random_parts,36432,532,0.014602547211242864,1024,26,0.4423076923076923,0.0076780043059289675,0.004806490788267441,68.4812030075188,66.97612162273816,2816,0.9871175523349437,154.4744318181818,0.530275821685791,0.394,0.4316109422492401,0.1251372118551043,0.14654226125137212,0.021405049396267833,100,0.18796992481203006,100,401,0.7537593984962406,496,435,0.8176691729323309,959
2,ada17,boba_ucb,36432,532,0.014602547211242864,1024,211,0.764218009478673,0.002057105099898573,0.001970522896478062,68.4812030075188,68.4812030075188,2816,0.9871175523349437,179.33238636363635,0.5122658014297485,0.246,0.5045871559633027,0.05701754385964912,0.23076923076923078,0.17375168690958165,100,0.18796992481203006,100,472,0.8872180451127819,498,505,0.9492481203007519,936
2,ada17,rabvs_budgeted_reliable,36432,532,0.014602547211242864,1024,211,0.764218009478673,0.002057105099898573,0.001970522896478062,68.4812030075188,68.4812030075188,2816,0.9871175523349437,177.20170454545456,0.5077177286148071,0.45499999999999996,0.4964467005076142,0.05701754385964912,0.23076923076923078,0.17375168690958165,100,0.18796992481203006,100,472,0.8872180451127819,498,499,0.9379699248120301,987
2,ada17,rabvs_budgeted_no_ucb,36432,532,0.014602547211242864,1024,491,0.6145621181262729,0.0047375172304804465,0.001935438811749611,68.4812030075188,68.4812030075188,2816,0.9871175523349437,181.10795454545456,0.506850004196167,0.41800000000000004,0.508646998982706,0.03402854006586169,0.25411635565312846,0.22008781558726676,100,0.18796992481203006,100,477,0.8966165413533834,498,510,0.9586466165413534,973
2,ada17,rabvs_budgeted_random_parts,36432,532,0.014602547211242864,1024,45,0.49074074074074076,0.007224927220744597,0.0034356164301521924,68.4812030075188,67.72866231512847,2816,0.9871175523349437,179.6875,0.5188726186752319,0.358,0.5040650406504065,0.09714599341383096,0.19099890230515917,0.09385290889132822,100,0.18796992481203006,100,442,0.8308270676691729,494,506,0.9511278195488722,954
0,adrb1,boba_ucb,16097,247,0.015344474125613468,1024,142,0.8251173708920188,0.0022048715991329227,0.00197033661842764,65.17004048582996,65.17004048582996,1792,0.9814458180613365,128.90625,0.6085168719291687,0.41200000000000003,0.23891891891891892,0.08198757763975155,0.2062111801242236,0.12422360248447205,100,0.4048582995951417,100,229,0.9271255060728745,462,231,0.9352226720647774,836
0,adrb1,rabvs_budgeted_reliable,16097,247,0.015344474125613468,1024,142,0.8251173708920188,0.0022048715991329227,0.00197033661842764,65.17004048582996,65.17004048582996,1792,0.9814458180613365,128.34821428571428,0.603285014629364,0.8180000000000001,0.22540983606557377,0.08198757763975155,0.2062111801242236,0.12422360248447205,100,0.4048582995951417,100,228,0.9230769230769231,499,230,0.9311740890688259,999
0,adrb1,rabvs_budgeted_no_ucb,16097,247,0.015344474125613468,1024,228,0.7814327485380117,0.001714058683232315,0.0015671342110413046,65.17004048582996,65.17004048582996,1792,0.9814458180613365,129.46428571428572,0.6093876957893372,0.8200000000000001,0.22629969418960244,0.02981366459627329,0.2596273291925466,0.2298136645962733,100,0.4048582995951417,100,228,0.9230769230769231,496,232,0.9392712550607287,996
0,adrb1,rabvs_budgeted_random_parts,16097,247,0.015344474125613468,1024,131,0.8091603053435115,0.007088193800192477,0.002421613547960076,65.17004048582996,65.17004048582996,1792,0.9814458180613365,130.02232142857142,0.6153332591056824,0.757,0.2287179487179487,0.03850931677018633,0.25217391304347825,0.21366459627329193,100,0.4048582995951417,100,228,0.9230769230769231,466,233,0.9433198380566802,961
1,adrb1,boba_ucb,16097,247,0.015344474125613468,1024,145,0.8201149425287356,0.0021357847874880456,0.002221063415693598,65.17004048582996,65.17004048582996,1792,0.9814458180613365,127.23214285714285,0.5929229855537415,0.365,0.2576832151300236,0.09813664596273292,0.18633540372670807,0.08819875776397515,100,0.4048582995951417,100,227,0.9190283400809717,424,228,0.9230769230769231,749
1,adrb1,rabvs_budgeted_reliable,16097,247,0.015344474125613468,1024,145,0.8201149425287356,0.0021357847874880456,0.002221063415693598,65.17004048582996,65.17004048582996,1792,0.9814458180613365,127.79017857142857,0.5961601138114929,0.829,0.2255406797116375,0.09813664596273292,0.18633540372670807,0.08819875776397515,100,0.4048582995951417,100,226,0.9149797570850202,500,229,0.9271255060728745,1000
1,adrb1,rabvs_budgeted_no_ucb,16097,247,0.015344474125613468,1024,224,0.7953869047619048,0.0013439309767005706,0.001557671679311334,65.17004048582996,65.17004048582996,1792,0.9814458180613365,128.34821428571428,0.5954729318618774,0.823,0.22587268993839835,0.02236024844720497,0.26583850931677017,0.2434782608695652,100,0.4048582995951417,100,227,0.9190283400809717,500,230,0.9311740890688259,1000
1,adrb1,rabvs_budgeted_random_parts,16097,247,0.015344474125613468,1024,11,0.7651515151515151,0.0035440122883411136,0.004234646736652186,65.17004048582996,65.17004048582996,1792,0.9814458180613365,108.81696428571429,0.5998563766479492,0.854,0.18974358974358974,0.19006211180124225,0.08944099378881988,-0.10062111801242236,100,0.4048582995951417,100,193,0.7813765182186235,500,195,0.7894736842105263,1000
2,adrb1,boba_ucb,16097,247,0.015344474125613468,1024,141,0.8232860520094563,0.0029452166580616304,0.002168412396082448,65.17004048582996,65.17004048582996,1792,0.9814458180613365,132.8125,0.6005519032478333,0.374,0.2650462962962963,0.10062111801242236,0.19627329192546583,0.09565217391304347,100,0.4048582995951417,100,234,0.9473684210526315,438,238,0.9635627530364372,772
2,adrb1,rabvs_budgeted_reliable,16097,247,0.015344474125613468,1024,141,0.8232860520094563,0.0029452166580616304,0.002168412396082448,65.17004048582996,65.17004048582996,1792,0.9814458180613365,131.69642857142858,0.6080278158187866,0.7989999999999999,0.2323439099283521,0.10062111801242236,0.19627329192546583,0.09565217391304347,100,0.4048582995951417,100,235,0.951417004048583,494,236,0.9554655870445344,994
2,adrb1,rabvs_budgeted_no_ucb,16097,247,0.015344474125613468,1024,237,0.7732067510548524,0.003171472389566639,0.0013279805883052182,65.17004048582996,65.17004048582996,1792,0.9814458180613365,133.37053571428572,0.6026116013526917,0.792,0.23565573770491804,0.031055900621118012,0.26956521739130435,0.23850931677018633,100,0.4048582995951417,100,238,0.9635627530364372,495,239,0.9676113360323887,994
2,adrb1,rabvs_budgeted_random_parts,16097,247,0.015344474125613468,1024,180,0.3763888888888889,0.007473214751962651,0.0025633587664258546,65.17004048582996,65.17004048582996,1792,0.9814458180613365,131.69642857142858,0.5987398624420166,0.723,0.23282051282051283,0.04720496894409938,0.25093167701863356,0.2037267080745342,100,0.4048582995951417,100,233,0.9433198380566802,476,236,0.9554655870445344,968
0,adrb2,boba_ucb,15231,231,0.015166436872168603,1024,135,0.8333333333333334,0.0014988233559460765,0.0032871658106419137,65.93506493506494,65.93506493506494,1792,0.9803908694986103,113.83928571428571,0.5927041172981262,0.371,0.22995283018867924,0.06692913385826772,0.2047244094488189,0.13779527559055116,100,0.4329004329004329,100,202,0.8744588744588745,415,204,0.8831168831168831,769
0,adrb2,rabvs_budgeted_reliable,15231,231,0.015166436872168603,1024,135,0.8333333333333334,0.0014988233559460765,0.0032871658106419137,65.93506493506494,65.93506493506494,1792,0.9803908694986103,114.95535714285714,0.5790352821350098,0.844,0.20184426229508196,0.06692913385826772,0.2047244094488189,0.13779527559055116,100,0.4329004329004329,100,200,0.8658008658008658,497,206,0.8917748917748918,997
0,adrb2,rabvs_budgeted_no_ucb,15231,231,0.015166436872168603,1024,204,0.7969771241830066,0.001416458890287416,0.002213179118596391,65.93506493506494,65.93506493506494,1792,0.9803908694986103,116.07142857142857,0.5901957750320435,0.834,0.20473251028806586,0.03407601572739188,0.2440944881889764,0.2100184724615845,100,0.4329004329004329,100,207,0.8961038961038961,493,208,0.9004329004329005,992
0,adrb2,rabvs_budgeted_random_parts,15231,231,0.015166436872168603,1024,40,0.7541666666666667,0.004915947177597071,0.004443171516689466,65.93506493506494,63.332365003417635,1792,0.9803908694986103,112.72321428571429,0.6121425032615662,0.8240000000000001,0.20062370062370063,0.16535433070866143,0.11811023622047244,-0.04724409448818899,100,0.4329004329004329,100,199,0.8614718614718615,483,202,0.8744588744588745,983
1,adrb2,boba_ucb,15231,231,0.015166436872168603,1024,107,0.8286604361370716,0.0018697195539072104,0.00257851482212543,65.93506493506494,65.93506493506494,1792,0.9803908694986103,117.74553571428571,0.603594183921814,0.44299999999999995,0.22494432071269488,0.11811023622047244,0.16141732283464566,0.04330708661417322,100,0.4329004329004329,100,207,0.8961038961038961,447,211,0.9134199134199135,795
1,adrb2,rabvs_budgeted_reliable,15231,231,0.015166436872168603,1024,107,0.8286604361370716,0.0018697195539072104,0.00257851482212543,65.93506493506494,65.93506493506494,1792,0.9803908694986103,117.1875,0.5923222303390503,0.835,0.20594262295081966,0.11811023622047244,0.16141732283464566,0.04330708661417322,100,0.4329004329004329,100,208,0.9004329004329005,494,210,0.9090909090909091,991
1,adrb2,rabvs_budgeted_no_ucb,15231,231,0.015166436872168603,1024,217,0.7772657450076805,0.00462509758099593,0.0016456663601844429,65.93506493506494,65.93506493506494,1792,0.9803908694986103,123.88392857142857,0.5964822769165039,0.788,0.21846153846153846,0.030183727034120734,0.26246719160104987,0.23228346456692914,100,0.4329004329004329,100,219,0.948051948051948,487,222,0.961038961038961,984
1,adrb2,rabvs_budgeted_random_parts,15231,231,0.015166436872168603,1024,88,0.8049242424242424,0.010195398036215643,0.004322433743849543,65.93506493506494,65.93506493506494,1792,0.9803908694986103,119.97767857142857,0.6018643975257874,0.743,0.21845174973488865,0.05511811023622047,0.2388451443569554,0.18372703412073493,100,0.4329004329004329,100,214,0.9264069264069265,451,215,0.9307359307359307,939
2,adrb2,boba_ucb,15231,231,0.015166436872168603,1024,145,0.8120689655172414,0.0038686905824768325,0.002249254427322259,65.93506493506494,65.93506493506494,1792,0.9803908694986103,120.53571428571429,0.6132411956787109,0.43000000000000005,0.23582766439909297,0.07349081364829396,0.2152230971128609,0.14173228346456693,100,0.4329004329004329,100,213,0.922077922077922,441,216,0.935064935064935,793
2,adrb2,rabvs_budgeted_reliable,15231,231,0.015166436872168603,1024,145,0.8120689655172414,0.0038686905824768325,0.002249254427322259,65.93506493506494,65.93506493506494,1792,0.9803908694986103,118.86160714285714,0.6085125207901001,0.8180000000000001,0.21025641025641026,0.07349081364829396,0.2152230971128609,0.14173228346456693,100,0.4329004329004329,100,211,0.9134199134199135,493,213,0.922077922077922,991
2,adrb2,rabvs_budgeted_no_ucb,15231,231,0.015166436872168603,1024,216,0.7901234567901234,0.003195149057048194,0.001512614521676933,65.93506493506494,65.93506493506494,1792,0.9803908694986103,122.20982142857143,0.5941566824913025,0.8049999999999999,0.21707818930041153,0.028871391076115485,0.2650918635170604,0.2362204724409449,100,0.4329004329004329,100,218,0.9437229437229437,490,219,0.948051948051948,989
2,adrb2,rabvs_budgeted_random_parts,15231,231,0.015166436872168603,1024,150,0.525,0.005588897609484858,0.002904045718519493,65.93506493506494,65.93506493506494,1792,0.9803908694986103,116.62946428571429,0.5927392840385437,0.804,0.20636550308008214,0.07217847769028872,0.2178477690288714,0.1456692913385827,100,0.4329004329004329,100,209,0.9047619047619048,484,209,0.9047619047619048,982
0,akt1,boba_ucb,16743,293,0.017499850683867887,1024,155,0.8080645161290323,0.003617799570765707,0.003971850714515586,57.143344709897605,57.143344709897605,1792,0.9821616994166716,148.4375,0.6131390333175659,0.643,0.26735751295336785,0.07875894988066826,0.24850657108721624,0.169747621206548,100,0.3412969283276451,100,259,0.8839590443686007,477,266,0.9078498293515358,885
0,akt1,rabvs_budgeted_reliable,16743,293,0.017499850683867887,1024,155,0.8080645161290323,0.003617799570765707,0.003971850714515586,57.143344709897605,57.143344709897605,1792,0.9821616994166716,148.4375,0.6137902140617371,0.893,0.2635342185903984,0.07875894988066826,0.24850657108721624,0.169747621206548,100,0.3412969283276451,100,260,0.8873720136518771,491,266,0.9078498293515358,984
0,akt1,rabvs_budgeted_no_ucb,16743,293,0.017499850683867887,1024,272,0.7401960784313726,0.006688194886822719,0.00270420357772344,57.143344709897605,57.143344709897605,1792,0.9821616994166716,152.90178571428572,0.6156731247901917,0.896,0.27217125382262997,0.034606205250596656,0.2974910394265233,0.2628848341759266,100,0.3412969283276451,100,272,0.9283276450511946,487,274,0.9351535836177475,974
0,akt1,rabvs_budgeted_random_parts,16743,293,0.017499850683867887,1024,93,0.6863799283154122,0.006606848264127131,0.0038976095085122135,57.143344709897605,57.143344709897605,1792,0.9821616994166716,130.02232142857142,0.6072936654090881,0.899,0.23100616016427106,0.11575178997613365,0.2054958183990442,0.08974402842291056,100,0.3412969283276451,100,227,0.7747440273037542,491,233,0.7952218430034129,971
1,akt1,boba_ucb,16743,293,0.017499850683867887,1024,203,0.8025451559934319,0.001541882500602461,0.0038698599465062057,57.143344709897605,57.143344709897605,1792,0.9821616994166716,147.32142857142858,0.6062536239624023,0.632,0.26283367556468173,0.057279236276849645,0.2628434886499403,0.20556425237309064,100,0.3412969283276451,100,250,0.8532423208191127,472,264,0.9010238907849829,868
1,akt1,rabvs_budgeted_reliable,16743,293,0.017499850683867887,1024,203,0.8025451559934319,0.001541882500602461,0.0038698599465062057,57.143344709897605,57.143344709897605,1792,0.9821616994166716,144.53125,0.6128573417663574,0.9390000000000001,0.25664621676891614,0.057279236276849645,0.2628434886499403,0.20556425237309064,100,0.3412969283276451,100,248,0.8464163822525598,497,259,0.8839590443686007,996
1,akt1,rabvs_budgeted_no_ucb,16743,293,0.017499850683867887,1024,267,0.7294007490636704,0.005383517045717015,0.003016955154316566,57.143344709897605,57.143344709897605,1792,0.9821616994166716,152.34375,0.6217892169952393,0.883,0.27068437180796734,0.034606205250596656,0.2927120669056153,0.25810586165501864,100,0.3412969283276451,100,268,0.9146757679180887,483,273,0.931740614334471,976
1,akt1,rabvs_budgeted_random_parts,16743,293,0.017499850683867887,1024,17,0.6274509803921569,0.004672914156034903,0.008297968446074907,57.143344709897605,55.090290408943204,1792,0.9821616994166716,128.34821428571428,0.6370227932929993,0.859,0.22699386503067484,0.0954653937947494,0.1923536439665472,0.0968882501717978,100,0.3412969283276451,100,211,0.7201365187713311,483,230,0.7849829351535836,976
2,akt1,boba_ucb,16743,293,0.017499850683867887,1024,229,0.774745269286754,0.0012481207103195921,0.003025464788149626,57.143344709897605,57.143344709897605,1792,0.9821616994166716,153.45982142857142,0.5976901650428772,0.646,0.278705636743215,0.060859188544152745,0.26881720430107525,0.20795801575692252,100,0.3412969283276451,100,273,0.931740614334471,480,275,0.9385665529010239,896
2,akt1,rabvs_budgeted_reliable,16743,293,0.017499850683867887,1024,229,0.774745269286754,0.0012481207103195921,0.003025464788149626,57.143344709897605,57.143344709897605,1792,0.9821616994166716,152.34375,0.598107635974884,0.938,0.269857433808554,0.060859188544152745,0.26881720430107525,0.20795801575692252,100,0.3412969283276451,100,268,0.9146757679180887,499,273,0.931740614334471,998
2,akt1,rabvs_budgeted_no_ucb,16743,293,0.017499850683867887,1024,274,0.7347931873479319,0.003560321259763075,0.0021098870441442364,57.143344709897605,57.143344709897605,1792,0.9821616994166716,155.69196428571428,0.60686856508255,0.914,0.2773797338792221,0.046539379474940336,0.2867383512544803,0.24019897177953994,100,0.3412969283276451,100,277,0.9453924914675768,493,279,0.9522184300341296,991
2,akt1,rabvs_budgeted_random_parts,16743,293,0.017499850683867887,1024,13,0.7243589743589743,0.005519342177246053,0.004175622051333033,57.143344709897605,57.143344709897605,1792,0.9821616994166716,131.69642857142858,0.6137080788612366,0.925,0.2331288343558282,0.15632458233890215,0.17801672640382318,0.021692144064921037,100,0.3412969283276451,100,233,0.7952218430034129,495,236,0.8054607508532423,994
0,akt2,boba_ucb,7017,117,0.016673792218896963,1024,107,0.823208722741433,0.004404635736002238,0.0015601119018170823,59.97435897435898,59.97435897435898,1280,0.9695976438173959,89.84375,0.642220139503479,0.548,0.11771177117711772,0.03133903133903134,0.2962962962962963,0.26495726495726496,100,0.8547008547008547,100,115,0.9829059829059829,449,115,0.9829059829059829,845
0,akt2,rabvs_budgeted_reliable,7017,117,0.016673792218896963,1024,107,0.823208722741433,0.004404635736002238,0.0015601119018170823,59.97435897435898,59.97435897435898,1280,0.9695976438173959,89.84375,0.6342980861663818,0.943,0.11145833333333334,0.03133903133903134,0.2962962962962963,0.26495726495726496,100,0.8547008547008547,100,114,0.9743589743589743,495,115,0.9829059829059829,995
0,akt2,rabvs_budgeted_no_ucb,7017,117,0.016673792218896963,1024,114,0.8077485380116959,0.004592206626064516,0.0012183750862970373,59.97435897435898,59.97435897435898,1280,0.9695976438173959,89.84375,0.633364200592041,0.947,0.11122661122661123,0.045584045584045586,0.28205128205128205,0.23646723646723647,100,0.8547008547008547,100,114,0.9743589743589743,495,115,0.9829059829059829,995
0,akt2,rabvs_budgeted_random_parts,7017,117,0.016673792218896963,1024,35,0.5880952380952381,0.013750889862460683,0.0036142426162632715,59.97435897435898,59.117582417582426,1280,0.9695976438173959,86.71875,0.636719822883606,0.889,0.10785340314136126,0.19373219373219372,0.13675213675213677,-0.05698005698005695,99,0.8461538461538461,100,110,0.9401709401709402,485,111,0.9487179487179487,983
1,akt2,boba_ucb,7017,117,0.016673792218896963,1024,113,0.806047197640118,0.006605290990036209,0.001196643037964526,59.97435897435898,59.97435897435898,1280,0.9695976438173959,90.625,0.6461317539215088,0.5569999999999999,0.11986681465038845,0.02849002849002849,0.301994301994302,0.27350427350427353,100,0.8547008547008547,100,116,0.9914529914529915,453,116,0.9914529914529915,829
1,akt2,rabvs_budgeted_reliable,7017,117,0.016673792218896963,1024,113,0.806047197640118,0.006605290990036209,0.001196643037964526,59.97435897435898,59.97435897435898,1280,0.9695976438173959,91.40625,0.6391585469245911,0.938,0.11510031678986272,0.02849002849002849,0.301994301994302,0.27350427350427353,100,0.8547008547008547,100,116,0.9914529914529915,492,117,1.0,992
1,akt2,rabvs_budgeted_no_ucb,7017,117,0.016673792218896963,1024,116,0.8081896551724138,0.005073156574308462,0.0008213080341962673,59.97435897435898,59.97435897435898,1280,0.9695976438173959,91.40625,0.6390896439552307,0.952,0.11522198731501057,0.045454545454545456,0.2849002849002849,0.23944573944573944,100,0.8547008547008547,100,116,0.9914529914529915,498,117,1.0,996
1,akt2,rabvs_budgeted_random_parts,7017,117,0.016673792218896963,1024,38,0.43859649122807015,0.004926027223674767,0.003332913259509261,59.97435897435898,59.97435897435898,1280,0.9695976438173959,80.46875,0.6397565007209778,0.945,0.10106382978723404,0.1168091168091168,0.2022792022792023,0.08547008547008549,90,0.7692307692307693,100,101,0.8632478632478633,496,103,0.8803418803418803,996
2,akt2,boba_ucb,7017,117,0.016673792218896963,1024,106,0.8176100628930818,0.004737306947373464,0.0015174643437964798,59.97435897435898,59.97435897435898,1280,0.9695976438173959,89.84375,0.6479388475418091,0.518,0.11784140969162996,0.039886039886039885,0.28774928774928776,0.24786324786324787,100,0.8547008547008547,100,114,0.9743589743589743,447,115,0.9829059829059829,847
2,akt2,rabvs_budgeted_reliable,7017,117,0.016673792218896963,1024,106,0.8176100628930818,0.004737306947373464,0.0015174643437964798,59.97435897435898,59.97435897435898,1280,0.9695976438173959,91.40625,0.6410221457481384,0.945,0.11377870563674322,0.039886039886039885,0.28774928774928776,0.24786324786324787,100,0.8547008547008547,100,115,0.9829059829059829,499,117,1.0,999
2,akt2,rabvs_budgeted_no_ucb,7017,117,0.016673792218896963,1024,115,0.7855072463768116,0.005264023151419638,0.0009218837028047958,59.97435897435898,59.97435897435898,1280,0.9695976438173959,91.40625,0.6385185122489929,0.942,0.11425576519916142,0.03418803418803419,0.2962962962962963,0.2621082621082621,100,0.8547008547008547,100,117,1.0,497,117,1.0,997
2,akt2,rabvs_budgeted_random_parts,7017,117,0.016673792218896963,1024,11,0.6439393939393939,0.0024390652366638624,0.004873618339184338,59.97435897435898,59.97435897435898,1280,0.9695976438173959,75.78125,0.6380200982093811,0.958,0.09270833333333334,0.1737891737891738,0.150997150997151,-0.022792022792022804,87,0.7435897435897436,100,97,0.8290598290598291,496,97,0.8290598290598291,996
0,aldr,boba_ucb,9159,159,0.017359973796265967,1024,140,0.7720238095238096,0.007228966625478716,0.002972281179659676,57.60377358490566,57.60377358490566,1536,0.9720493503657605,102.86458333333333,0.6394647359848022,0.45599999999999996,0.16836158192090395,0.07641921397379912,0.2685589519650655,0.19213973799126638,100,0.6289308176100629,100,157,0.9874213836477987,450,158,0.9937106918238994,835
0,aldr,rabvs_budgeted_reliable,9159,159,0.017359973796265967,1024,140,0.7720238095238096,0.007228966625478716,0.002972281179659676,57.60377358490566,56.97764561115669,1536,0.9720493503657605,102.86458333333333,0.6323409676551819,0.842,0.15585774058577406,0.07641921397379912,0.2685589519650655,0.19213973799126638,99,0.6226415094339622,100,157,0.9874213836477987,488,158,0.9937106918238994,987
0,aldr,rabvs_budgeted_no_ucb,9159,159,0.017359973796265967,1024,158,0.7790084388185654,0.00882811403972655,0.002431033509116736,57.60377358490566,57.60377358490566,1536,0.9720493503657605,102.86458333333333,0.6342886090278625,0.83,0.15569487983281086,0.06331877729257641,0.2838427947598253,0.22052401746724892,99,0.6226415094339622,100,158,0.9937106918238994,491,158,0.9937106918238994,987
0,aldr,rabvs_budgeted_random_parts,9159,159,0.017359973796265967,1024,74,0.6193693693693694,0.00902215618033999,0.005079024602307317,57.60377358490566,57.60377358490566,1536,0.9720493503657605,100.91145833333333,0.6284884214401245,0.825,0.1524008350730689,0.10698689956331878,0.23799126637554585,0.13100436681222707,98,0.6163522012578616,100,152,0.9559748427672956,493,155,0.9748427672955975,992
1,aldr,boba_ucb,9159,159,0.017359973796265967,1024,121,0.800275482093664,0.007883336558578506,0.0034172471721000863,57.60377358490566,57.60377358490566,1536,0.9720493503657605,102.86458333333333,0.6401938199996948,0.398,0.16910935738444194,0.08078602620087336,0.26419213973799127,0.18340611353711792,100,0.6289308176100629,100,156,0.9811320754716981,445,158,0.9937106918238994,844
1,aldr,rabvs_budgeted_reliable,9159,159,0.017359973796265967,1024,121,0.800275482093664,0.007883336558578506,0.0034172471721000863,57.60377358490566,57.60377358490566,1536,0.9720493503657605,101.5625,0.6365379691123962,0.83,0.15320910973084886,0.08078602620087336,0.26419213973799127,0.18340611353711792,100,0.6289308176100629,100,156,0.9811320754716981,487,156,0.9811320754716981,984
1,aldr,rabvs_budgeted_no_ucb,9159,159,0.017359973796265967,1024,158,0.7563291139240507,0.009305180821141196,0.0025204135279809727,57.60377358490566,57.60377358490566,1536,0.9720493503657605,102.21354166666667,0.6380115151405334,0.817,0.15360824742268042,0.05458515283842795,0.2925764192139738,0.23799126637554585,100,0.6289308176100629,100,157,0.9874213836477987,486,157,0.9874213836477987,983
1,aldr,rabvs_budgeted_random_parts,9159,159,0.017359973796265967,1024,48,0.7204861111111112,0.002828668082221661,0.006730967405470484,57.60377358490566,56.97764561115669,1536,0.9720493503657605,85.9375,0.6332593560218811,0.875,0.12849740932642487,0.12445414847161572,0.1965065502183406,0.07205240174672488,96,0.6037735849056604,100,130,0.8176100628930818,498,132,0.8301886792452831,998
2,aldr,boba_ucb,9159,159,0.017359973796265967,1024,134,0.779228855721393,0.008283040736706408,0.002871375205602609,57.60377358490566,57.60377358490566,1536,0.9720493503657605,103.515625,0.6395612359046936,0.44399999999999995,0.16593406593406593,0.07860262008733625,0.2685589519650655,0.18995633187772926,100,0.6289308176100629,100,158,0.9937106918238994,455,159,1.0,862
2,aldr,rabvs_budgeted_reliable,9159,159,0.017359973796265967,1024,134,0.779228855721393,0.008283040736706408,0.002871375205602609,57.60377358490566,57.60377358490566,1536,0.9720493503657605,102.86458333333333,0.6384804248809814,0.8240000000000001,0.15625,0.07860262008733625,0.2685589519650655,0.18995633187772926,100,0.6289308176100629,100,157,0.9874213836477987,489,158,0.9937106918238994,986
2,aldr,rabvs_budgeted_no_ucb,9159,159,0.017359973796265967,1024,159,0.7856394129979035,0.008871614901310958,0.002514611499003151,57.60377358490566,57.60377358490566,1536,0.9720493503657605,103.515625,0.6400758028030396,0.83,0.15680166147455868,0.06768558951965066,0.2794759825327511,0.21179039301310043,100,0.6289308176100629,100,159,1.0,490,159,1.0,989
2,aldr,rabvs_budgeted_random_parts,9159,159,0.017359973796265967,1024,63,0.421957671957672,0.0068650154689276115,0.004910265116715851,57.60377358490566,57.60377358490566,1536,0.9720493503657605,97.00520833333333,0.6287005543708801,0.835,0.14641744548286603,0.12663755458515283,0.21397379912663755,0.08733624454148473,98,0.6163522012578616,100,148,0.9308176100628931,499,149,0.9371069182389937,998
0,ampc,boba_ucb,2898,48,0.016563146997929608,1024,44,0.6287878787878788,0.013959573586183034,0.005981518175675282,60.37499999999999,60.37499999999999,1139,0.9344950540602714,39.50834064969271,0.6519395709037781,0.512,0.030855539971949508,0.06896551724137931,0.2206896551724138,0.15172413793103448,41,0.8541666666666666,74,44,0.9166666666666666,374,45,0.9375,685
0,ampc,rabvs_budgeted_reliable,2898,48,0.016563146997929608,1024,44,0.6287878787878788,0.013959573586183034,0.005981518175675282,60.37499999999999,58.29310344827586,1139,0.9344950540602714,40.38630377524144,0.6593449115753174,0.837,0.028255528255528257,0.06896551724137931,0.2206896551724138,0.15172413793103448,41,0.8541666666666666,77,41,0.8541666666666666,473,46,0.9583333333333334,850
0,ampc,rabvs_budgeted_no_ucb,2898,48,0.016563146997929608,1024,44,0.7840909090909091,0.011767027365311244,0.004846631517248065,60.37499999999999,60.37499999999999,1139,0.9344950540602714,38.63037752414399,0.6576884388923645,0.857,0.02539298669891173,0.07586206896551724,0.2206896551724138,0.14482758620689656,43,0.8958333333333334,73,43,0.8958333333333334,470,44,0.9166666666666666,859
0,ampc,rabvs_budgeted_random_parts,2898,48,0.016563146997929608,1024,37,0.7454954954954955,0.018818948342318887,0.006961688072599118,60.37499999999999,60.37499999999999,1139,0.9344950540602714,39.50834064969271,0.6571242213249207,0.834,0.026731470230862697,0.07586206896551724,0.2206896551724138,0.14482758620689656,41,0.8541666666666666,74,44,0.9166666666666666,459,45,0.9375,856
1,ampc,boba_ucb,2898,48,0.016563146997929608,1024,45,0.7111111111111111,0.025622834017053498,0.0077778465770575395,60.37499999999999,60.37499999999999,1139,0.9344950540602714,41.26426690079017,0.6698784828186035,0.513,0.0273224043715847,0.08275862068965517,0.2206896551724138,0.13793103448275862,44,0.9166666666666666,77,45,0.9375,408,47,0.9791666666666666,737
1,ampc,rabvs_budgeted_reliable,2898,48,0.016563146997929608,1024,45,0.7111111111111111,0.025622834017053498,0.0077778465770575395,60.37499999999999,60.37499999999999,1139,0.9344950540602714,40.38630377524144,0.6615279912948608,0.819,0.022511848341232227,0.08275862068965517,0.2206896551724138,0.13793103448275862,44,0.9166666666666666,79,45,0.9375,461,46,0.9583333333333334,885
1,ampc,rabvs_budgeted_no_ucb,2898,48,0.016563146997929608,1024,47,0.7659574468085106,0.01893974614262707,0.005273599493341657,60.37499999999999,60.37499999999999,1139,0.9344950540602714,41.26426690079017,0.6594792008399963,0.832,0.023781212841854936,0.08275862068965517,0.22758620689655173,0.14482758620689656,45,0.9375,77,45,0.9375,467,47,0.9791666666666666,884
1,ampc,rabvs_budgeted_random_parts,2898,48,0.016563146997929608,1024,37,0.704954954954955,0.026849476554221798,0.007864038839006262,60.37499999999999,60.37499999999999,1139,0.9344950540602714,40.38630377524144,0.6588342785835266,0.812,0.022919179734620022,0.09655172413793103,0.2206896551724138,0.12413793103448276,43,0.8958333333333334,77,46,0.9583333333333334,456,46,0.9583333333333334,876
2,ampc,boba_ucb,2898,48,0.016563146997929608,1024,41,0.7804878048780488,0.014293406495703579,0.005163784171669302,60.37499999999999,60.37499999999999,1139,0.9344950540602714,40.38630377524144,0.6500496864318848,0.515,0.04499274310595065,0.04827586206896552,0.23448275862068965,0.18620689655172412,41,0.8541666666666666,70,44,0.9166666666666666,351,46,0.9583333333333334,661
2,ampc,rabvs_budgeted_reliable,2898,48,0.016563146997929608,1024,41,0.7804878048780488,0.014293406495703579,0.005163784171669302,60.37499999999999,60.37499999999999,1139,0.9344950540602714,38.63037752414399,0.6547370553016663,0.842,0.03515151515151515,0.04827586206896552,0.23448275862068965,0.18620689655172412,41,0.8541666666666666,75,41,0.8541666666666666,470,44,0.9166666666666666,852
2,ampc,rabvs_budgeted_no_ucb,2898,48,0.016563146997929608,1024,45,0.7759259259259259,0.015756114880202784,0.00518710745823092,60.37499999999999,60.37499999999999,1139,0.9344950540602714,40.38630377524144,0.6548866629600525,0.847,0.03785103785103785,0.08275862068965517,0.22758620689655173,0.14482758620689656,44,0.9166666666666666,72,45,0.9375,454,46,0.9583333333333334,846
2,ampc,rabvs_budgeted_random_parts,2898,48,0.016563146997929608,1024,20,0.7,0.026579560409643155,0.011530117654065579,60.37499999999999,56.211206896551715,1139,0.9344950540602714,36.87445127304653,0.6567890644073486,0.8280000000000001,0.034482758620689655,0.11724137931034483,0.18620689655172415,0.06896551724137932,39,0.8125,68,40,0.8333333333333334,450,42,0.875,850
0,andr,boba_ucb,14619,269,0.01840071140296874,1024,140,0.7601190476190476,0.004695081311248102,0.0059252335015525,54.3457249070632,53.97349391454907,1792,0.9795699660259479,135.04464285714286,0.639824390411377,0.473,0.2549234135667396,0.12995896032831739,0.2079343365253078,0.07797537619699041,100,0.37174721189591076,100,234,0.8698884758364313,459,242,0.8996282527881041,840
0,andr,rabvs_budgeted_reliable,14619,269,0.01840071140296874,1024,140,0.7601190476190476,0.004695081311248102,0.0059252335015525,54.3457249070632,53.601262922034934,1792,0.9795699660259479,132.8125,0.6330455541610718,0.787,0.23632610939112486,0.12995896032831739,0.2079343365253078,0.07797537619699041,99,0.3680297397769517,100,232,0.862453531598513,477,238,0.8847583643122676,969
0,andr,rabvs_budgeted_no_ucb,14619,269,0.01840071140296874,1024,222,0.7417417417417418,0.0041745038411711835,0.005188993632452307,54.3457249070632,54.3457249070632,1792,0.9795699660259479,135.60267857142858,0.6219298839569092,0.792,0.2402464065708419,0.06839945280437756,0.26265389876880985,0.19425444596443228,100,0.37174721189591076,100,230,0.8550185873605948,478,243,0.9033457249070632,973
0,andr,rabvs_budgeted_random_parts,14619,269,0.01840071140296874,1024,32,0.6848958333333334,0.00975798880469017,0.009254072166117806,54.3457249070632,47.64556704180883,1792,0.9795699660259479,117.1875,0.631595253944397,0.719,0.2070030895983522,0.19562243502051985,0.1326949384404925,-0.06292749658002736,98,0.3643122676579926,100,196,0.7286245353159851,477,210,0.7806691449814126,951
1,andr,boba_ucb,14619,269,0.01840071140296874,1024,199,0.7395309882747069,0.011183320339228623,0.006016938306606548,54.3457249070632,53.601262922034934,1792,0.9795699660259479,140.625,0.6405212879180908,0.469,0.2611534276387378,0.08755129958960328,0.265389876880985,0.1778385772913817,100,0.37174721189591076,100,245,0.9107806691449815,464,252,0.9368029739776952,846
1,andr,rabvs_budgeted_reliable,14619,269,0.01840071140296874,1024,199,0.7395309882747069,0.011183320339228623,0.006016938306606548,54.3457249070632,53.97349391454907,1792,0.9795699660259479,141.18303571428572,0.6330664753913879,0.6910000000000001,0.2502596053997923,0.08755129958960328,0.265389876880985,0.1778385772913817,99,0.3680297397769517,100,248,0.9219330855018587,477,253,0.9405204460966543,944
1,andr,rabvs_budgeted_no_ucb,14619,269,0.01840071140296874,1024,229,0.7248908296943232,0.0061526043770201025,0.005520703769335839,54.3457249070632,54.3457249070632,1792,0.9795699660259479,136.71875,0.6242554187774658,0.762,0.2397119341563786,0.07250341997264022,0.2749658002735978,0.2024623803009576,100,0.37174721189591076,100,232,0.862453531598513,481,245,0.9107806691449815,969
1,andr,rabvs_budgeted_random_parts,14619,269,0.01840071140296874,1024,113,0.3613569321533923,0.018227048466251384,0.010898810345015839,54.3457249070632,49.50672200437949,1792,0.9795699660259479,131.69642857142858,0.6403462886810303,0.638,0.23647932131495228,0.16939890710382513,0.17647058823529413,0.007071681131468999,97,0.36059479553903345,100,222,0.8252788104089219,463,236,0.8773234200743495,917
2,andr,boba_ucb,14619,269,0.01840071140296874,1024,192,0.6371527777777778,0.008543133574576168,0.006230957517129265,54.3457249070632,54.3457249070632,1792,0.9795699660259479,136.71875,0.638628363609314,0.489,0.25133689839572193,0.08469945355191257,0.25718194254445964,0.1724824889925471,100,0.37174721189591076,100,230,0.8550185873605948,462,245,0.9107806691449815,868
2,andr,rabvs_budgeted_reliable,14619,269,0.01840071140296874,1024,192,0.6371527777777778,0.008543133574576168,0.006230957517129265,54.3457249070632,54.3457249070632,1792,0.9795699660259479,134.48660714285714,0.6325908303260803,0.748,0.23765432098765432,0.08469945355191257,0.25718194254445964,0.1724824889925471,100,0.37174721189591076,100,234,0.8698884758364313,474,241,0.895910780669145,956
2,andr,rabvs_budgeted_no_ucb,14619,269,0.01840071140296874,1024,224,0.7425595238095238,0.005211285799991992,0.005151890660882376,54.3457249070632,54.3457249070632,1792,0.9795699660259479,128.90625,0.6223127841949463,0.8029999999999999,0.229253112033195,0.0560875512995896,0.2722298221614227,0.21614227086183313,100,0.37174721189591076,100,228,0.8475836431226765,485,231,0.8587360594795539,980
2,andr,rabvs_budgeted_random_parts,14619,269,0.01840071140296874,1024,109,0.49770642201834864,0.013343581338508376,0.007958570179141996,54.3457249070632,50.995645974436016,1792,0.9795699660259479,134.48660714285714,0.631716787815094,0.706,0.24037460978147762,0.17510259917920656,0.17236662106703146,-0.0027359781121751026,98,0.3643122676579926,100,235,0.8736059479553904,477,241,0.895910780669145,959
0,aofb,boba_ucb,7022,122,0.017373967530618057,1024,84,0.7827380952380952,0.018453195276787925,0.010766154712815296,57.55737704918033,53.44613583138174,1280,0.9696192917497389,86.71875,0.6660077571868896,0.514,0.11425339366515837,0.11647727272727272,0.18518518518518517,0.06870791245791245,73,0.5983606557377049,100,103,0.8442622950819673,444,111,0.9098360655737705,849
0,aofb,rabvs_budgeted_reliable,7022,122,0.017373967530618057,1024,84,0.7827380952380952,0.018453195276787925,0.010766154712815296,57.55737704918033,51.8016393442623,1280,0.9696192917497389,82.8125,0.6797586679458618,0.767,0.1043010752688172,0.11647727272727272,0.18518518518518517,0.06870791245791245,75,0.6147540983606558,100,103,0.8442622950819673,479,106,0.8688524590163934,959
0,aofb,rabvs_budgeted_no_ucb,7022,122,0.017373967530618057,1024,103,0.7152103559870551,0.01645318475082962,0.0098965067870812,57.55737704918033,50.15714285714286,1280,0.9696192917497389,83.59375,0.6774612665176392,0.795,0.10503751339764202,0.11079545454545454,0.19943019943019943,0.08863474488474489,79,0.6475409836065574,100,107,0.8770491803278688,487,107,0.8770491803278688,979
0,aofb,rabvs_budgeted_random_parts,7022,122,0.017373967530618057,1024,45,0.5370370370370371,0.018327527517493555,0.012218061579897342,57.55737704918033,46.868149882903985,1280,0.9696192917497389,75.78125,0.6753215789794922,0.802,0.09391675560298826,0.13920454545454544,0.15954415954415954,0.0203396140896141,70,0.5737704918032787,100,93,0.7622950819672131,485,97,0.7950819672131147,979
1,aofb,boba_ucb,7022,122,0.017373967530618057,1024,71,0.7699530516431925,0.01092276418358567,0.010564361168378486,57.55737704918033,49.33489461358314,1280,0.9696192917497389,81.25,0.6814829111099243,0.486,0.10616438356164383,0.11931818181818182,0.16524216524216523,0.045923983423983405,72,0.5901639344262295,99,98,0.8032786885245902,458,104,0.8524590163934426,854
1,aofb,rabvs_budgeted_reliable,7022,122,0.017373967530618057,1024,71,0.7699530516431925,0.01092276418358567,0.010564361168378486,57.55737704918033,50.97939110070258,1280,0.9696192917497389,78.90625,0.6912590265274048,0.8049999999999999,0.0980603448275862,0.11931818181818182,0.16524216524216523,0.045923983423983405,72,0.5901639344262295,100,96,0.7868852459016393,480,101,0.8278688524590164,977
1,aofb,rabvs_budgeted_no_ucb,7022,122,0.017373967530618057,1024,97,0.7207903780068728,0.015092462398511345,0.010276482669317074,57.55737704918033,49.33489461358314,1280,0.9696192917497389,76.5625,0.7063332200050354,0.787,0.09314775160599571,0.10795454545454546,0.18803418803418803,0.08007964257964258,76,0.6229508196721312,100,97,0.7950819672131147,482,98,0.8032786885245902,978
1,aofb,rabvs_budgeted_random_parts,7022,122,0.017373967530618057,1024,69,0.5314009661835749,0.03655380104465581,0.021371513902986035,57.55737704918033,37.82341920374707,1280,0.9696192917497389,71.09375,0.6809899210929871,0.677,0.08690987124463519,0.125,0.15954415954415954,0.03454415954415954,57,0.4672131147540984,100,89,0.7295081967213115,470,91,0.7459016393442623,946
2,aofb,boba_ucb,7022,122,0.017373967530618057,1024,94,0.5859929078014184,0.01956105057122442,0.011766465886946352,57.55737704918033,46.045901639344265,1280,0.9696192917497389,85.9375,0.6710527539253235,0.523,0.11224489795918367,0.11363636363636363,0.19658119658119658,0.08294483294483294,73,0.5983606557377049,100,103,0.8442622950819673,465,110,0.9016393442622951,887
2,aofb,rabvs_budgeted_reliable,7022,122,0.017373967530618057,1024,94,0.5859929078014184,0.01956105057122442,0.011766465886946352,57.55737704918033,46.868149882903985,1280,0.9696192917497389,83.59375,0.6744955778121948,0.767,0.10311493018259936,0.11363636363636363,0.19658119658119658,0.08294483294483294,72,0.5901639344262295,100,103,0.8442622950819673,477,107,0.8770491803278688,969
2,aofb,rabvs_budgeted_no_ucb,7022,122,0.017373967530618057,1024,106,0.6595911949685535,0.026605318189733582,0.013070400754466955,57.55737704918033,46.868149882903985,1280,0.9696192917497389,88.28125,0.6675845384597778,0.75,0.10909090909090909,0.07954545454545454,0.23931623931623933,0.15977078477078477,74,0.6065573770491803,100,110,0.9016393442622951,479,113,0.9262295081967213,967
2,aofb,rabvs_budgeted_random_parts,7022,122,0.017373967530618057,1024,54,0.6805555555555556,0.03764615409536894,0.02187955150781581,32.88992974238876,38.64566744730679,1280,0.9696192917497389,73.4375,0.6594588756561279,0.749,0.09317443120260022,0.09659090909090909,0.1908831908831909,0.0942922817922818,58,0.47540983606557374,100,89,0.7295081967213115,473,94,0.7704918032786885,948
0,bace1,boba_ucb,18383,283,0.015394658108034597,1024,187,0.7959001782531194,0.00590407615411331,0.0028712084379868097,64.95759717314488,64.95759717314488,2048,0.9814321202560337,131.34765625,0.5848487615585327,0.619,0.26831785345717235,0.06521739130434782,0.23177366702937977,0.16655627572503195,100,0.35335689045936397,100,265,0.9363957597173145,465,269,0.950530035335689,854
0,bace1,rabvs_budgeted_reliable,18383,283,0.015394658108034597,1024,187,0.7959001782531194,0.00590407615411331,0.0028712084379868097,64.95759717314488,64.95759717314488,2048,0.9814321202560337,131.34765625,0.5794492363929749,0.851,0.2669404517453799,0.06521739130434782,0.23177366702937977,0.16655627572503195,100,0.35335689045936397,100,265,0.9363957597173145,481,269,0.950530035335689,959
0,bace1,rabvs_budgeted_no_ucb,18383,283,0.015394658108034597,1024,269,0.7236679058240396,0.007024826385984251,0.0023264863773905147,64.95759717314488,64.95759717314488,2048,0.9814321202560337,133.30078125,0.586816668510437,0.843,0.2716049382716049,0.04673913043478261,0.2535364526659412,0.2067973222311586,100,0.35335689045936397,100,271,0.9575971731448764,480,273,0.9646643109540636,965
0,bace1,rabvs_budgeted_random_parts,18383,283,0.015394658108034597,1024,146,0.7060502283105022,0.011354782386329117,0.004989935791696836,64.95759717314488,64.95759717314488,2048,0.9814321202560337,134.27734375,0.5811614990234375,0.8,0.27394438722966014,0.0641304347826087,0.235038084874864,0.17090765009225528,100,0.35335689045936397,100,267,0.9434628975265018,480,275,0.9717314487632509,956
1,bace1,boba_ucb,18383,283,0.015394658108034597,1024,94,0.7526595744680851,0.005235435412315898,0.0028454271419174654,64.95759717314488,64.95759717314488,2048,0.9814321202560337,130.859375,0.5854271054267883,0.627,0.26591375770020537,0.1282608695652174,0.1708378672470076,0.04257699768179021,100,0.35335689045936397,100,260,0.9187279151943463,477,268,0.9469964664310954,892
1,bace1,rabvs_budgeted_reliable,18383,283,0.015394658108034597,1024,94,0.7526595744680851,0.005235435412315898,0.0028454271419174654,64.95759717314488,64.95759717314488,2048,0.9814321202560337,129.8828125,0.5823736786842346,0.875,0.2619775739041794,0.1282608695652174,0.1708378672470076,0.04257699768179021,100,0.35335689045936397,100,261,0.9222614840989399,491,266,0.9399293286219081,979
1,bace1,rabvs_budgeted_no_ucb,18383,283,0.015394658108034597,1024,265,0.6911949685534591,0.006489741911218672,0.002395833776285402,64.95759717314488,64.95759717314488,2048,0.9814321202560337,133.30078125,0.5834548473358154,0.851,0.2696629213483146,0.03369565217391304,0.264417845484222,0.23072219331030894,100,0.35335689045936397,100,266,0.9399293286219081,484,273,0.9646643109540636,964
1,bace1,rabvs_budgeted_random_parts,18383,283,0.015394658108034597,1024,119,0.6827731092436975,0.008909878087810328,0.0035367255690631756,64.95759717314488,64.95759717314488,2048,0.9814321202560337,132.32421875,0.5790080428123474,0.83,0.26653102746693796,0.08043478260869565,0.2176278563656148,0.13719307375691914,100,0.35335689045936397,100,265,0.9363957597173145,484,271,0.9575971731448764,966
2,bace1,boba_ucb,18383,283,0.015394658108034597,1024,214,0.7157320872274143,0.00494533500102739,0.003226926542358759,64.95759717314488,64.95759717314488,2048,0.9814321202560337,126.953125,0.596903383731842,0.611,0.2620041753653445,0.04891304347826087,0.24347826086956523,0.19456521739130436,100,0.35335689045936397,100,254,0.8975265017667845,461,260,0.9187279151943463,853
2,bace1,rabvs_budgeted_reliable,18383,283,0.015394658108034597,1024,214,0.7157320872274143,0.00494533500102739,0.003226926542358759,64.95759717314488,64.95759717314488,2048,0.9814321202560337,127.9296875,0.5829069018363953,0.88,0.26002055498458376,0.04891304347826087,0.24347826086956523,0.19456521739130436,100,0.35335689045936397,100,253,0.8939929328621908,484,262,0.9257950530035336,975
2,bace1,rabvs_budgeted_no_ucb,18383,283,0.015394658108034597,1024,256,0.7259114583333334,0.004633797580686558,0.0026790200801249616,64.95759717314488,64.95759717314488,2048,0.9814321202560337,128.90625,0.5848696827888489,0.861,0.2610030706243603,0.03152173913043478,0.2589771490750816,0.22745540994464686,100,0.35335689045936397,100,258,0.911660777385159,489,264,0.9328621908127208,979
2,bace1,rabvs_budgeted_random_parts,18383,283,0.015394658108034597,1024,160,0.25885416666666666,0.007927712611609187,0.004380394804029492,64.95759717314488,64.95759717314488,2048,0.9814321202560337,121.58203125,0.589737057685852,0.834,0.24564994882292732,0.09891304347826087,0.1893362350380849,0.09042319155982402,100,0.35335689045936397,100,243,0.8586572438162544,471,249,0.8798586572438163,950
0,braf,boba_ucb,10102,152,0.01504652544050683,1024,135,0.8308641975308642,0.002575680160833021,0.0008539447160341692,66.46052631578948,66.46052631578948,1536,0.97465848346862,97.00520833333333,0.617361307144165,0.607,0.15031982942430705,0.029644268774703556,0.26534653465346536,0.2357022658787618,100,0.6578947368421053,100,149,0.9802631578947368,483,149,0.9802631578947368,923
0,braf,rabvs_budgeted_reliable,10102,152,0.01504652544050683,1024,135,0.8308641975308642,0.002575680160833021,0.0008539447160341692,66.46052631578948,66.46052631578948,1536,0.97465848346862,96.35416666666667,0.6071200966835022,0.942,0.14447884416924664,0.029644268774703556,0.26534653465346536,0.2357022658787618,100,0.6578947368421053,100,148,0.9736842105263158,500,148,0.9736842105263158,1000
0,braf,rabvs_budgeted_no_ucb,10102,152,0.01504652544050683,1024,149,0.8165548098434005,0.002553648533956202,0.0006144392687774518,66.46052631578948,66.46052631578948,1536,0.97465848346862,97.00520833333333,0.6064305305480957,0.937,0.1462655601659751,0.019762845849802372,0.27524752475247527,0.2554846789026729,100,0.6578947368421053,100,149,0.9802631578947368,500,149,0.9802631578947368,1000
0,braf,rabvs_budgeted_random_parts,10102,152,0.01504652544050683,1024,9,0.8055555555555556,0.005106660325249917,0.002045050819246383,66.46052631578948,66.46052631578948,1536,0.97465848346862,82.03125,0.607161283493042,0.948,0.12227979274611399,0.24110671936758893,0.053465346534653464,-0.18764137283293547,100,0.6578947368421053,100,126,0.8289473684210527,500,126,0.8289473684210527,1000
1,braf,boba_ucb,10102,152,0.01504652544050683,1024,140,0.8291666666666667,0.0026072097222313833,0.0008965647017215265,66.46052631578948,66.46052631578948,1536,0.97465848346862,97.00520833333333,0.6232867240905762,0.6,0.15276273022751896,0.019762845849802372,0.27524752475247527,0.2554846789026729,100,0.6578947368421053,100,149,0.9802631578947368,455,149,0.9802631578947368,885
1,braf,rabvs_budgeted_reliable,10102,152,0.01504652544050683,1024,140,0.8291666666666667,0.0026072097222313833,0.0008965647017215265,66.46052631578948,66.46052631578948,1536,0.97465848346862,96.35416666666667,0.6106765270233154,0.9410000000000001,0.14675052410901468,0.019762845849802372,0.27524752475247527,0.2554846789026729,100,0.6578947368421053,100,148,0.9736842105263158,498,148,0.9736842105263158,998
1,braf,rabvs_budgeted_no_ucb,10102,152,0.01504652544050683,1024,149,0.8227069351230425,0.002414601173007594,0.0006058932179780073,66.46052631578948,66.46052631578948,1536,0.97465848346862,97.00520833333333,0.6097663640975952,0.94,0.14672216441207075,0.015810276679841896,0.27920792079207923,0.2633976441122373,100,0.6578947368421053,100,149,0.9802631578947368,500,149,0.9802631578947368,1000
1,braf,rabvs_budgeted_random_parts,10102,152,0.01504652544050683,1024,113,0.5383480825958702,0.004825265769442436,0.0014881293263994874,66.46052631578948,66.46052631578948,1536,0.97465848346862,96.35416666666667,0.6109926104545593,0.925,0.145985401459854,0.1067193675889328,0.18811881188118812,0.08139944429225532,100,0.6578947368421053,100,148,0.9736842105263158,500,148,0.9736842105263158,1000
2,braf,boba_ucb,10102,152,0.01504652544050683,1024,140,0.825,0.0027692083798941743,0.00084273805346563,66.46052631578948,66.46052631578948,1536,0.97465848346862,97.00520833333333,0.6199655532836914,0.569,0.149364406779661,0.03162055335968379,0.2633663366336634,0.2317457832739796,100,0.6578947368421053,100,149,0.9802631578947368,472,149,0.9802631578947368,904
2,braf,rabvs_budgeted_reliable,10102,152,0.01504652544050683,1024,140,0.825,0.0027692083798941743,0.00084273805346563,66.46052631578948,66.46052631578948,1536,0.97465848346862,97.00520833333333,0.6100286245346069,0.935,0.14506172839506173,0.03162055335968379,0.2633663366336634,0.2317457832739796,100,0.6578947368421053,100,149,0.9802631578947368,500,149,0.9802631578947368,999
2,braf,rabvs_budgeted_no_ucb,10102,152,0.01504652544050683,1024,149,0.8171140939597316,0.0022773049767565996,0.0006622491496328192,66.46052631578948,66.46052631578948,1536,0.97465848346862,96.35416666666667,0.6073119640350342,0.945,0.14358974358974358,0.03162055335968379,0.2633663366336634,0.2317457832739796,100,0.6578947368421053,100,148,0.9736842105263158,500,148,0.9736842105263158,1000
2,braf,rabvs_budgeted_random_parts,10102,152,0.01504652544050683,1024,76,0.5175438596491229,0.00463324508137204,0.0010387107201954384,66.46052631578948,66.46052631578948,1536,0.97465848346862,93.09895833333333,0.6037242412567139,0.931,0.13946280991735538,0.11462450592885376,0.1801980198019802,0.06557351387312643,100,0.6578947368421053,100,143,0.9407894736842105,500,143,0.9407894736842105,1000
0,cah2,boba_ucb,31664,492,0.015538150581101567,1024,188,0.7934397163120568,0.0032708492575916318,0.0010792647865476282,64.35772357723577,64.35772357723577,2560,0.9865251810678795,190.234375,0.5192264318466187,0.372,0.4968553459119497,0.07512626262626262,0.2337334175615919,0.1586071549353293,100,0.2032520325203252,100,476,0.967479674796748,491,487,0.9898373983739838,818
0,cah2,rabvs_budgeted_reliable,31664,492,0.015538150581101567,1024,188,0.7934397163120568,0.0032708492575916318,0.0010792647865476282,64.35772357723577,64.35772357723577,2560,0.9865251810678795,190.234375,0.540885865688324,0.613,0.4876543209876543,0.07512626262626262,0.2337334175615919,0.1586071549353293,100,0.2032520325203252,100,480,0.975609756097561,496,487,0.9898373983739838,954
0,cah2,rabvs_budgeted_no_ucb,31664,492,0.015538150581101567,1024,486,0.6478052126200274,0.0029174072349730145,0.0007435268831981054,64.35772357723577,64.35772357723577,2560,0.9865251810678795,189.453125,0.5476565361022949,0.669,0.48360655737704916,0.022095959595959596,0.2861655085281112,0.26406954893215157,100,0.2032520325203252,100,482,0.9796747967479674,498,485,0.9857723577235772,984
0,cah2,rabvs_budgeted_random_parts,31664,492,0.015538150581101567,1024,122,0.8114754098360656,0.003228765883688963,0.001305473114230431,64.35772357723577,64.35772357723577,2560,0.9865251810678795,189.0625,0.5418615341186523,0.606,0.4840698869475848,0.09027777777777778,0.21920404295641188,0.1289262651786341,100,0.2032520325203252,100,475,0.9654471544715447,496,484,0.983739837398374,961
1,cah2,boba_ucb,31664,492,0.015538150581101567,1024,231,0.7413419913419913,0.003920700097283212,0.001116992390290192,64.35772357723577,64.35772357723577,2560,0.9865251810678795,190.234375,0.5232086181640625,0.37,0.5064102564102564,0.037247474747474744,0.2716361339229311,0.23438865917545637,100,0.2032520325203252,100,480,0.975609756097561,495,487,0.9898373983739838,823
1,cah2,rabvs_budgeted_reliable,31664,492,0.015538150581101567,1024,231,0.7413419913419913,0.003920700097283212,0.001116992390290192,64.35772357723577,64.35772357723577,2560,0.9865251810678795,189.84375,0.5385612845420837,0.601,0.48813209494324045,0.037247474747474744,0.2716361339229311,0.23438865917545637,100,0.2032520325203252,100,481,0.9776422764227642,499,486,0.9878048780487805,948
1,cah2,rabvs_budgeted_no_ucb,31664,492,0.015538150581101567,1024,483,0.6492408557625949,0.004144332719240722,0.0008579219369015778,64.35772357723577,64.35772357723577,2560,0.9865251810678795,190.234375,0.5605587363243103,0.648,0.48615384615384616,0.02904040404040404,0.2804801010739103,0.25143969703350627,100,0.2032520325203252,100,483,0.9817073170731707,500,487,0.9898373983739838,973
1,cah2,rabvs_budgeted_random_parts,31664,492,0.015538150581101567,1024,42,0.7341269841269841,0.004392794422638939,0.0015629143000869352,64.35772357723577,64.15470236721295,2560,0.9865251810678795,189.453125,0.5296582579612732,0.608,0.4871001031991744,0.11616161616161616,0.19267214150347442,0.07651052534185826,100,0.2032520325203252,100,472,0.959349593495935,495,485,0.9857723577235772,941
2,cah2,boba_ucb,31664,492,0.015538150581101567,1024,294,0.7154195011337868,0.0026243966028229844,0.0008617121773745888,64.35772357723577,64.35772357723577,2560,0.9865251810678795,190.625,0.5445632338523865,0.388,0.5124056094929881,0.04482323232323232,0.26468730259001894,0.21986407026678662,100,0.2032520325203252,100,480,0.975609756097561,496,488,0.991869918699187,870
2,cah2,rabvs_budgeted_reliable,31664,492,0.015538150581101567,1024,294,0.7154195011337868,0.0026243966028229844,0.0008617121773745888,64.35772357723577,64.35772357723577,2560,0.9865251810678795,189.84375,0.5640416741371155,0.651,0.48662551440329216,0.04482323232323232,0.26468730259001894,0.21986407026678662,100,0.2032520325203252,100,478,0.9715447154471545,499,486,0.9878048780487805,982
2,cah2,rabvs_budgeted_no_ucb,31664,492,0.015538150581101567,1024,484,0.6456611570247934,0.004170789321825599,0.0008416289844501695,64.35772357723577,64.35772357723577,2560,0.9865251810678795,190.625,0.5616816282272339,0.654,0.49427679500520294,0.022727272727272728,0.28679722046746686,0.26406994774019416,100,0.2032520325203252,100,484,0.983739837398374,500,488,0.991869918699187,972
2,cah2,rabvs_budgeted_random_parts,31664,492,0.015538150581101567,1024,153,0.5778867102396514,0.003126656567761429,0.0013647212682762315,64.35772357723577,64.35772357723577,2560,0.9865251810678795,190.625,0.536880373954773,0.651,0.49120992761116855,0.08775252525252525,0.22109917877447885,0.1333466535219536,100,0.2032520325203252,100,477,0.9695121951219512,499,488,0.991869918699187,986
0,casp3,boba_ucb,10899,199,0.018258555830810166,1024,135,0.8179012345679012,0.006334956436658693,0.0018459823486047422,54.768844221105525,54.768844221105525,1536,0.97651160656941,128.25520833333334,0.6142216324806213,0.5409999999999999,0.20085470085470086,0.05321100917431193,0.30825688073394497,0.25504587155963304,100,0.5025125628140703,100,195,0.9798994974874372,474,197,0.9899497487437185,929
0,casp3,rabvs_budgeted_reliable,10899,199,0.018258555830810166,1024,135,0.8179012345679012,0.006334956436658693,0.0018459823486047422,54.768844221105525,54.768844221105525,1536,0.97651160656941,126.30208333333334,0.6115640997886658,0.86,0.18993839835728954,0.05321100917431193,0.30825688073394497,0.25504587155963304,100,0.5025125628140703,100,193,0.9698492462311558,497,194,0.9748743718592965,996
0,casp3,rabvs_budgeted_no_ucb,10899,199,0.018258555830810166,1024,195,0.791025641025641,0.006322939995858105,0.001272554115708768,54.768844221105525,54.768844221105525,1536,0.97651160656941,127.60416666666666,0.6165089011192322,0.871,0.19258496395468588,0.03669724770642202,0.3229357798165138,0.28623853211009176,100,0.5025125628140703,100,195,0.9798994974874372,499,196,0.9849246231155779,997
0,casp3,rabvs_budgeted_random_parts,10899,199,0.018258555830810166,1024,67,0.6529850746268657,0.007693404987164247,0.0033796349116738266,54.768844221105525,54.768844221105525,1536,0.97651160656941,108.07291666666667,0.6071418523788452,0.881,0.16168898043254376,0.21834862385321102,0.14128440366972478,-0.07706422018348624,100,0.5025125628140703,100,165,0.8291457286432161,497,166,0.8341708542713567,997
1,casp3,boba_ucb,10899,199,0.018258555830810166,1024,151,0.8195364238410596,0.0041480835783067466,0.0018677520632839843,54.768844221105525,54.768844221105525,1536,0.97651160656941,125.65104166666666,0.6062362194061279,0.511,0.19742489270386265,0.08058608058608059,0.27389705882352944,0.19331097823744886,100,0.5025125628140703,100,192,0.964824120603015,466,193,0.9698492462311558,875
1,casp3,rabvs_budgeted_reliable,10899,199,0.018258555830810166,1024,151,0.8195364238410596,0.0041480835783067466,0.0018677520632839843,54.768844221105525,54.768844221105525,1536,0.97651160656941,123.69791666666667,0.5944714546203613,0.888,0.18717683557394002,0.08058608058608059,0.27389705882352944,0.19331097823744886,100,0.5025125628140703,100,189,0.949748743718593,499,190,0.9547738693467337,998
1,casp3,rabvs_budgeted_no_ucb,10899,199,0.018258555830810166,1024,193,0.783678756476684,0.005356625202760641,0.0015428511393006774,54.768844221105525,54.768844221105525,1536,0.97651160656941,126.953125,0.5975938439369202,0.862,0.19155509783728114,0.03302752293577982,0.3229357798165138,0.28990825688073396,100,0.5025125628140703,100,193,0.9698492462311558,497,195,0.9798994974874372,996
1,casp3,rabvs_budgeted_random_parts,10899,199,0.018258555830810166,1024,57,0.21198830409356725,0.0032487745275176054,0.003574830274476607,54.768844221105525,54.768844221105525,1536,0.97651160656941,93.09895833333333,0.5962178707122803,0.928,0.13786008230452676,0.26055045871559634,0.08440366972477065,-0.1761467889908257,100,0.5025125628140703,100,141,0.7085427135678392,498,143,0.7185929648241206,997
2,casp3,boba_ucb,10899,199,0.018258555830810166,1024,164,0.796239837398374,0.005301916653296178,0.001847070663335016,54.768844221105525,54.768844221105525,1536,0.97651160656941,125.65104166666666,0.6063833832740784,0.44899999999999995,0.19597457627118645,0.04220183486238532,0.3119266055045872,0.26972477064220185,100,0.5025125628140703,100,192,0.964824120603015,463,193,0.9698492462311558,875
2,casp3,rabvs_budgeted_reliable,10899,199,0.018258555830810166,1024,164,0.796239837398374,0.005301916653296178,0.001847070663335016,54.768844221105525,54.768844221105525,1536,0.97651160656941,126.30208333333334,0.5997484922409058,0.848,0.19057377049180327,0.04220183486238532,0.3119266055045872,0.26972477064220185,100,0.5025125628140703,100,192,0.964824120603015,493,194,0.9748743718592965,991
2,casp3,rabvs_budgeted_no_ucb,10899,199,0.018258555830810166,1024,192,0.7808159722222222,0.005002613728437971,0.0015789206115721472,54.768844221105525,54.768844221105525,1536,0.97651160656941,126.30208333333334,0.6010101437568665,0.864,0.18960244648318042,0.031192660550458717,0.3229357798165138,0.29174311926605506,100,0.5025125628140703,100,193,0.9698492462311558,496,194,0.9748743718592965,995
2,casp3,rabvs_budgeted_random_parts,10899,199,0.018258555830810166,1024,83,0.5070281124497992,0.006604801674495565,0.003599798719479234,54.768844221105525,54.768844221105525,1536,0.97651160656941,110.02604166666667,0.5938764214515686,0.847,0.16529774127310062,0.21834862385321102,0.13577981651376148,-0.08256880733944955,100,0.5025125628140703,100,167,0.8391959798994975,489,169,0.8492462311557789,986
0,cdk2,boba_ucb,28324,474,0.01673492444569976,1024,175,0.6528571428571428,0.004359889429361743,0.00885110635412917,59.755274261603375,51.30929910095272,2560,0.9849362142823518,138.28125,0.5785377621650696,0.5820000000000001,0.3548717948717949,0.09597741707833451,0.18573446327683615,0.08975704619850164,95,0.20042194092827004,100,308,0.6497890295358649,479,354,0.7468354430379747,907
0,cdk2,rabvs_budgeted_reliable,28324,474,0.01673492444569976,1024,175,0.6528571428571428,0.004359889429361743,0.00885110635412917,59.755274261603375,52.153896617017786,2560,0.9849362142823518,139.84375,0.5751715898513794,0.694,0.3556910569105691,0.09597741707833451,0.18573446327683615,0.08975704619850164,97,0.20464135021097046,100,314,0.6624472573839663,487,358,0.7552742616033755,945
0,cdk2,rabvs_budgeted_no_ucb,28324,474,0.01673492444569976,1024,309,0.6370010787486515,0.005583775588234144,0.008199645063501897,59.755274261603375,56.16573481832685,2560,0.9849362142823518,138.28125,0.5742295980453491,0.731,0.35300101729399797,0.040931545518701484,0.23375706214689265,0.19282551662819117,99,0.2088607594936709,100,324,0.6835443037974683,487,354,0.7468354430379747,961
0,cdk2,rabvs_budgeted_random_parts,28324,474,0.01673492444569976,1024,139,0.6408872901678657,0.019841791675871006,0.016115989795764316,59.755274261603375,46.87516214161113,2560,0.9849362142823518,139.0625,0.5808539390563965,0.638,0.35728952772073924,0.07057163020465773,0.1998587570621469,0.12928712685748917,87,0.18354430379746836,99,294,0.620253164556962,481,356,0.7510548523206751,934
1,cdk2,boba_ucb,28324,474,0.01673492444569976,1024,220,0.5295454545454545,0.00588920295402055,0.009293039263649295,59.755274261603375,51.73159785898525,2560,0.9849362142823518,133.984375,0.5790138840675354,0.607,0.345679012345679,0.07974594213126324,0.19562146892655366,0.11587552679529042,98,0.20675105485232068,100,296,0.6244725738396625,488,343,0.7236286919831224,946
1,cdk2,rabvs_budgeted_reliable,28324,474,0.01673492444569976,1024,220,0.5295454545454545,0.00588920295402055,0.009293039263649295,57.62115732368897,51.942747238001516,2560,0.9849362142823518,135.9375,0.575295090675354,0.728,0.34831460674157305,0.07974594213126324,0.19562146892655366,0.11587552679529042,98,0.20675105485232068,100,303,0.6392405063291139,492,348,0.7341772151898734,973
1,cdk2,rabvs_budgeted_no_ucb,28324,474,0.01673492444569976,1024,314,0.6165074309978769,0.009284326797566597,0.009329154347766372,59.755274261603375,54.054241028164185,2560,0.9849362142823518,140.234375,0.5668731927871704,0.704,0.3602865916069601,0.0529287226534933,0.22175141242937854,0.16882268977588524,100,0.2109704641350211,100,323,0.6814345991561181,492,359,0.7573839662447257,951
1,cdk2,rabvs_budgeted_random_parts,28324,474,0.01673492444569976,1024,122,0.5655737704918032,0.014496639247766153,0.0141877769710519,57.62115732368897,41.80757704522073,2560,0.9849362142823518,128.515625,0.5899234414100647,0.599,0.32755102040816325,0.10656316160903317,0.1638418079096045,0.057278646300571334,91,0.19198312236286919,100,263,0.5548523206751055,480,329,0.6940928270042194,953
2,cdk2,boba_ucb,28324,474,0.01673492444569976,1024,141,0.6973995271867612,0.005207747741014516,0.009598965825448127,59.755274261603375,48.77550655275753,2560,0.9849362142823518,123.046875,0.5843505859375,0.506,0.3142272262026612,0.11785462244177841,0.1426553672316384,0.024800744789859996,98,0.20675105485232068,100,269,0.5675105485232067,484,315,0.6645569620253164,931
2,cdk2,rabvs_budgeted_reliable,28324,474,0.01673492444569976,1024,141,0.6973995271867612,0.005207747741014516,0.009598965825448127,57.62115732368897,50.042402826855124,2560,0.9849362142823518,130.078125,0.5803480744361877,0.6930000000000001,0.33028455284552843,0.11785462244177841,0.1426553672316384,0.024800744789859996,98,0.20675105485232068,100,278,0.5864978902953587,490,333,0.7025316455696202,973
2,cdk2,rabvs_budgeted_no_ucb,28324,474,0.01673492444569976,1024,302,0.6186534216335541,0.004971973251408628,0.008535755573740925,59.755274261603375,55.53228668127805,2560,0.9849362142823518,135.546875,0.5730318427085876,0.723,0.34486266531027465,0.053634438955539876,0.2076271186440678,0.15399267968852792,99,0.2088607594936709,100,310,0.6540084388185654,489,347,0.7320675105485233,971
2,cdk2,rabvs_budgeted_random_parts,28324,474,0.01673492444569976,1024,69,0.4444444444444444,0.012096574258120949,0.012697934314036935,53.35292344786016,40.751830150139405,2560,0.9849362142823518,119.140625,0.59975665807724,0.661,0.3021363173957274,0.14820042342978124,0.11228813559322035,-0.03591228783656089,88,0.18565400843881857,100,255,0.5379746835443038,481,305,0.6434599156118144,938
0,comt,boba_ucb,3891,41,0.010537136982780776,1024,38,0.8333333333333334,0.00304870112319323,0.0003232308861425519,94.90243902439025,94.90243902439025,1179,0.9494988434849653,34.77523324851569,0.6784406304359436,0.365,0.010854816824966078,0.03076923076923077,0.1794871794871795,0.14871794871794872,41,1.0,60,41,1.0,367,41,1.0,714
0,comt,rabvs_budgeted_reliable,3891,41,0.010537136982780776,1024,38,0.8333333333333334,0.00304870112319323,0.0003232308861425519,94.90243902439025,94.90243902439025,1179,0.9494988434849653,34.77523324851569,0.676937997341156,0.947,0.009174311926605505,0.03076923076923077,0.1794871794871795,0.14871794871794872,41,1.0,71,41,1.0,471,41,1.0,968
0,comt,rabvs_budgeted_no_ucb,3891,41,0.010537136982780776,1024,41,0.8333333333333334,0.002260809996147887,0.00012399005691400713,94.90243902439025,94.90243902439025,1179,0.9494988434849653,34.77523324851569,0.6764086484909058,0.951,0.0091324200913242,0.03076923076923077,0.1794871794871795,0.14871794871794872,41,1.0,71,41,1.0,471,41,1.0,971
0,comt,rabvs_budgeted_random_parts,3891,41,0.010537136982780776,1024,41,0.6483739837398373,0.003528491645151616,0.00037556555486141724,94.90243902439025,94.90243902439025,1179,0.9494988434849653,34.77523324851569,0.6778045892715454,0.949,0.009153318077803204,0.02564102564102564,0.18461538461538463,0.158974358974359,41,1.0,70,41,1.0,470,41,1.0,970
1,comt,boba_ucb,3891,41,0.010537136982780776,1024,39,0.8333333333333334,0.003210370422908792,0.00020142732978303764,94.90243902439025,94.90243902439025,1179,0.9494988434849653,34.77523324851569,0.6795536875724792,0.404,0.018666666666666668,0.020512820512820513,0.18974358974358974,0.1692307692307692,41,1.0,59,41,1.0,367,41,1.0,707
1,comt,rabvs_budgeted_reliable,3891,41,0.010537136982780776,1024,39,0.8333333333333334,0.003210370422908792,0.00020142732978303764,94.90243902439025,94.90243902439025,1179,0.9494988434849653,34.77523324851569,0.6795811653137207,0.944,0.015927189988623434,0.020512820512820513,0.18974358974358974,0.1692307692307692,41,1.0,71,41,1.0,471,41,1.0,965
1,comt,rabvs_budgeted_no_ucb,3891,41,0.010537136982780776,1024,41,0.8333333333333334,0.002515707136400812,0.00012752822406391677,94.90243902439025,94.90243902439025,1179,0.9494988434849653,34.77523324851569,0.6750420928001404,0.956,0.015748031496062992,0.005128205128205128,0.20512820512820512,0.19999999999999998,41,1.0,71,41,1.0,471,41,1.0,971
1,comt,rabvs_budgeted_random_parts,3891,41,0.010537136982780776,1024,30,0.6527777777777778,0.0037131728134258187,0.0003804091659964631,94.90243902439025,94.90243902439025,1179,0.9494988434849653,34.77523324851569,0.6772262454032898,0.942,0.015891032917139614,0.02564102564102564,0.18461538461538463,0.158974358974359,41,1.0,70,41,1.0,470,41,1.0,968
2,comt,boba_ucb,3891,41,0.010537136982780776,1024,41,0.8333333333333334,0.0036517785801893857,0.0001769557527336231,94.90243902439025,94.90243902439025,1179,0.9494988434849653,34.77523324851569,0.6893582940101624,0.42600000000000005,0.008287292817679558,0.005128205128205128,0.20512820512820512,0.19999999999999998,41,1.0,57,41,1.0,372,41,1.0,707
2,comt,rabvs_budgeted_reliable,3891,41,0.010537136982780776,1024,41,0.8333333333333334,0.0036517785801893857,0.0001769557527336231,94.90243902439025,94.90243902439025,1179,0.9494988434849653,34.77523324851569,0.6800861954689026,0.943,0.006825938566552901,0.005128205128205128,0.20512820512820512,0.19999999999999998,41,1.0,71,41,1.0,471,41,1.0,968
2,comt,rabvs_budgeted_no_ucb,3891,41,0.010537136982780776,1024,41,0.8333333333333334,0.002545262052530005,0.00011557108987825726,94.90243902439025,94.90243902439025,1179,0.9494988434849653,34.77523324851569,0.6769908666610718,0.949,0.006818181818181818,0.005128205128205128,0.20512820512820512,0.19999999999999998,41,1.0,71,41,1.0,471,41,1.0,969
2,comt,rabvs_budgeted_random_parts,3891,41,0.010537136982780776,1024,41,0.5284552845528455,0.003899317004001204,0.0003149218424874277,94.90243902439025,94.90243902439025,1179,0.9494988434849653,34.77523324851569,0.6776828169822693,0.938,0.00683371298405467,0.02564102564102564,0.18461538461538463,0.158974358974359,41,1.0,70,41,1.0,470,41,1.0,969
0,cp2c9,boba_ucb,7570,120,0.015852047556142668,1024,74,0.6914414414414415,0.009680013624104575,0.00915984362267192,63.083333333333336,53.952850877192986,1280,0.971818582122413,80.46875,0.6151435971260071,0.536,0.10586881472957423,0.11873350923482849,0.15079365079365079,0.032060141558822294,75,0.625,87,96,0.8,428,103,0.8583333333333333,818
0,cp2c9,rabvs_budgeted_reliable,7570,120,0.015852047556142668,1024,74,0.6914414414414415,0.009680013624104575,0.00915984362267192,63.083333333333336,53.122807017543856,1280,0.971818582122413,79.6875,0.6124365329742432,0.865,0.09639830508474577,0.11873350923482849,0.15079365079365079,0.032060141558822294,73,0.6083333333333333,87,97,0.8083333333333333,473,102,0.85,969
0,cp2c9,rabvs_budgeted_no_ucb,7570,120,0.015852047556142668,1024,92,0.6838768115942029,0.011889348451186525,0.00851708529405225,63.083333333333336,57.27302631578948,1280,0.971818582122413,78.90625,0.6161525845527649,0.845,0.09646302250803858,0.08443271767810026,0.18518518518518517,0.10075246750708491,80,0.6666666666666666,83,95,0.7916666666666666,466,101,0.8416666666666667,961
0,cp2c9,rabvs_budgeted_random_parts,7570,120,0.015852047556142668,1024,36,0.5740740740740741,0.016292086998752363,0.011322810333022609,63.083333333333336,44.82236842105263,1280,0.971818582122413,75.78125,0.6135269403457642,0.8140000000000001,0.09188034188034189,0.13720316622691292,0.12433862433862433,-0.012864541888288589,65,0.5416666666666666,90,95,0.7916666666666666,464,97,0.8083333333333333,951
1,cp2c9,boba_ucb,7570,120,0.015852047556142668,1024,66,0.7222222222222222,0.012832180088491596,0.009783291100762499,63.083333333333336,49.80263157894737,1280,0.971818582122413,82.8125,0.6130696535110474,0.54,0.10577971646673937,0.11873350923482849,0.15079365079365079,0.032060141558822294,72,0.6,86,98,0.8166666666666667,434,106,0.8833333333333333,828
1,cp2c9,rabvs_budgeted_reliable,7570,120,0.015852047556142668,1024,66,0.7222222222222222,0.012832180088491596,0.009783291100762499,63.083333333333336,53.952850877192986,1280,0.971818582122413,82.03125,0.608835756778717,0.838,0.10084033613445378,0.11873350923482849,0.15079365079365079,0.032060141558822294,72,0.6,86,99,0.825,468,105,0.875,961
1,cp2c9,rabvs_budgeted_no_ucb,7570,120,0.015852047556142668,1024,82,0.7611788617886179,0.007512429852171026,0.008144470452256462,63.083333333333336,58.103070175438596,1280,0.971818582122413,74.21875,0.6158788204193115,0.899,0.08872651356993737,0.07387862796833773,0.164021164021164,0.09014253605282628,79,0.6583333333333333,84,88,0.7333333333333333,479,95,0.7916666666666666,978
1,cp2c9,rabvs_budgeted_random_parts,7570,120,0.015852047556142668,1024,62,0.29973118279569894,0.011207413739888098,0.011872854350722455,55.19791666666667,42.33223684210526,1280,0.971818582122413,58.59375,0.6046586036682129,0.882,0.06932773109243698,0.13984168865435356,0.09788359788359788,-0.041958090770755685,54,0.45,92,72,0.6,481,75,0.625,978
2,cp2c9,boba_ucb,7570,120,0.015852047556142668,1024,74,0.7556306306306306,0.015502090843938245,0.01139043719155677,63.083333333333336,49.80263157894737,1280,0.971818582122413,73.4375,0.6228660345077515,0.5469999999999999,0.09414466130884042,0.09234828496042216,0.15608465608465608,0.06373637112423391,69,0.575,89,92,0.7666666666666667,421,94,0.7833333333333333,780
2,cp2c9,rabvs_budgeted_reliable,7570,120,0.015852047556142668,1024,74,0.7556306306306306,0.015502090843938245,0.01139043719155677,63.083333333333336,50.6326754385965,1280,0.971818582122413,79.6875,0.6199284195899963,0.825,0.0967741935483871,0.09234828496042216,0.15608465608465608,0.06373637112423391,68,0.5666666666666667,89,91,0.7583333333333333,457,102,0.85,946
2,cp2c9,rabvs_budgeted_no_ucb,7570,120,0.015852047556142668,1024,90,0.7240740740740741,0.014953505020035217,0.009888441117794003,63.083333333333336,56.442982456140356,1280,0.971818582122413,77.34375,0.6154286861419678,0.853,0.09275053304904052,0.08970976253298153,0.164021164021164,0.07431140148818248,76,0.6333333333333333,86,96,0.8,465,99,0.825,959
2,cp2c9,rabvs_budgeted_random_parts,7570,120,0.015852047556142668,1024,59,0.5353107344632768,0.027095389609013382,0.01765690657643119,63.083333333333336,46.48245614035088,1280,0.971818582122413,67.96875,0.6201445460319519,0.788,0.08021390374331551,0.06068601583113457,0.16137566137566137,0.1006896455445268,62,0.5166666666666667,90,81,0.675,465,87,0.725,950
0,cp3a4,boba_ucb,11970,170,0.014202172096908938,1024,78,0.7275641025641025,0.006734327407037773,0.009150250519546812,70.41176470588236,52.222058823529416,1536,0.9786131996658313,85.28645833333333,0.6126323342323303,0.656,0.13029661016949154,0.09348914858096828,0.13043478260869565,0.03694563402772737,81,0.4764705882352941,98,117,0.6882352941176471,478,131,0.7705882352941177,912
0,cp3a4,rabvs_budgeted_reliable,11970,170,0.014202172096908938,1024,78,0.7275641025641025,0.006734327407037773,0.009150250519546812,70.41176470588236,52.80882352941177,1536,0.9786131996658313,88.54166666666667,0.6029183268547058,0.865,0.13278008298755187,0.09348914858096828,0.13043478260869565,0.03694563402772737,83,0.48823529411764705,100,122,0.7176470588235294,492,136,0.8,986
0,cp3a4,rabvs_budgeted_no_ucb,11970,170,0.014202172096908938,1024,119,0.6617647058823529,0.007950818696247995,0.008438321055715951,70.41176470588236,59.26323529411765,1536,0.9786131996658313,88.54166666666667,0.5976340770721436,0.878,0.13250517598343686,0.07011686143572621,0.15217391304347827,0.08205705160775206,90,0.5294117647058824,100,122,0.7176470588235294,490,136,0.8,981
0,cp3a4,rabvs_budgeted_random_parts,11970,170,0.014202172096908938,1024,67,0.44776119402985076,0.015532159512810659,0.013010414660461581,70.41176470588236,43.42058823529412,1536,0.9786131996658313,88.54166666666667,0.6024982333183289,0.858,0.13264248704663212,0.08514190317195326,0.1254180602006689,0.040276157028715634,72,0.4235294117647059,98,116,0.6823529411764706,488,136,0.8,969
1,cp3a4,boba_ucb,11970,170,0.014202172096908938,1024,79,0.6339662447257384,0.014578609357691487,0.010987489458243505,70.41176470588236,48.701470588235296,1536,0.9786131996658313,86.58854166666667,0.6119781136512756,0.623,0.13312034078807242,0.06844741235392321,0.1588628762541806,0.0904154639002574,78,0.4588235294117647,98,121,0.711764705882353,474,133,0.7823529411764706,894
1,cp3a4,rabvs_budgeted_reliable,11970,170,0.014202172096908938,1024,79,0.6339662447257384,0.014578609357691487,0.010987489458243505,70.41176470588236,51.048529411764704,1536,0.9786131996658313,87.890625,0.601219654083252,0.834,0.13298429319371727,0.06844741235392321,0.1588628762541806,0.0904154639002574,80,0.47058823529411764,100,122,0.7176470588235294,488,135,0.7941176470588235,969
1,cp3a4,rabvs_budgeted_no_ucb,11970,170,0.014202172096908938,1024,113,0.605457227138643,0.016575975227526255,0.010966486780107258,70.41176470588236,52.80882352941177,1536,0.9786131996658313,89.84375,0.6026012301445007,0.863,0.13746065057712487,0.06176961602671119,0.15719063545150502,0.09542101942479383,83,0.48823529411764705,99,123,0.7235294117647059,487,138,0.8117647058823529,964
1,cp3a4,rabvs_budgeted_random_parts,11970,170,0.014202172096908938,1024,42,0.6071428571428571,0.033233514419595954,0.019697427614410467,64.54411764705883,42.83382352941177,1536,0.9786131996658313,79.42708333333333,0.6244868636131287,0.737,0.12297734627831715,0.07846410684474124,0.13210702341137123,0.05364291656662999,67,0.3941176470588235,99,108,0.6352941176470588,474,122,0.7176470588235294,935
2,cp3a4,boba_ucb,11970,170,0.014202172096908938,1024,88,0.5814393939393939,0.006414446259767435,0.00888229292923353,70.41176470588236,53.39558823529412,1536,0.9786131996658313,85.28645833333333,0.6056861877441406,0.646,0.12879581151832462,0.1018363939899833,0.12040133779264214,0.018564943802658843,83,0.48823529411764705,100,116,0.6823529411764706,471,131,0.7705882352941177,908
2,cp3a4,rabvs_budgeted_reliable,11970,170,0.014202172096908938,1024,88,0.5814393939393939,0.006414446259767435,0.00888229292923353,70.41176470588236,53.98235294117648,1536,0.9786131996658313,85.9375,0.5998378396034241,0.865,0.128099173553719,0.1018363939899833,0.12040133779264214,0.018564943802658843,84,0.49411764705882355,100,120,0.7058823529411765,488,132,0.7764705882352941,979
2,cp3a4,rabvs_budgeted_no_ucb,11970,170,0.014202172096908938,1024,115,0.6094202898550725,0.010193358059338136,0.008945462844772049,70.41176470588236,56.91617647058824,1536,0.9786131996658313,89.19270833333333,0.5933335423469543,0.845,0.13271604938271606,0.07679465776293823,0.1488294314381271,0.07203477367518887,88,0.5176470588235295,100,121,0.711764705882353,488,137,0.8058823529411765,971
2,cp3a4,rabvs_budgeted_random_parts,11970,170,0.014202172096908938,1024,47,0.6117021276595744,0.027924892335421937,0.01751466267730892,64.54411764705883,40.48676470588235,1536,0.9786131996658313,85.9375,0.6090095043182373,0.781,0.12863070539419086,0.1001669449081803,0.13043478260869565,0.030267837700515346,61,0.3588235294117647,100,118,0.6941176470588235,485,132,0.7764705882352941,961
0,csf1r,boba_ucb,12315,166,0.013479496548924077,1024,129,0.8107235142118863,0.0023004384269630926,0.0027141710496345083,74.1867469879518,74.1867469879518,1536,0.9792123426715388,100.91145833333333,0.6022519469261169,0.6,0.15605095541401273,0.05357142857142857,0.19805194805194806,0.1444805194805195,100,0.6024096385542169,100,152,0.9156626506024096,472,155,0.9337349397590361,905
0,csf1r,rabvs_budgeted_reliable,12315,166,0.013479496548924077,1024,129,0.8107235142118863,0.0023004384269630926,0.0027141710496345083,74.1867469879518,74.1867469879518,1536,0.9792123426715388,102.21354166666667,0.5950654745101929,0.919,0.15392561983471073,0.05357142857142857,0.19805194805194806,0.1444805194805195,100,0.6024096385542169,100,154,0.927710843373494,495,157,0.9457831325301205,993
0,csf1r,rabvs_budgeted_no_ucb,12315,166,0.013479496548924077,1024,159,0.7688679245283019,0.0047449879315455395,0.0023909204686304985,74.1867469879518,74.1867469879518,1536,0.9792123426715388,104.81770833333333,0.5903502106666565,0.901,0.15724563206577596,0.05032467532467533,0.2077922077922078,0.15746753246753248,100,0.6024096385542169,100,159,0.9578313253012049,498,161,0.9698795180722891,997
0,csf1r,rabvs_budgeted_random_parts,12315,166,0.013479496548924077,1024,67,0.7574626865671642,0.008549222351963938,0.004630016495869619,74.1867469879518,68.15530414340287,1536,0.9792123426715388,100.26041666666667,0.5959084630012512,0.875,0.15098241985522234,0.12175324675324675,0.14123376623376624,0.019480519480519487,98,0.5903614457831325,100,153,0.9216867469879518,487,154,0.927710843373494,985
1,csf1r,boba_ucb,12315,166,0.013479496548924077,1024,126,0.7764550264550265,0.007097167502524527,0.0034801548000035613,74.1867469879518,73.58360270349691,1536,0.9792123426715388,104.81770833333333,0.6101012229919434,0.62,0.16416309012875535,0.06818181818181818,0.19318181818181818,0.125,100,0.6024096385542169,100,158,0.9518072289156626,470,161,0.9698795180722891,912
1,csf1r,rabvs_budgeted_reliable,12315,166,0.013479496548924077,1024,126,0.7764550264550265,0.007097167502524527,0.0034801548000035613,74.1867469879518,73.58360270349691,1536,0.9792123426715388,104.81770833333333,0.5998632907867432,0.883,0.15904365904365905,0.06818181818181818,0.19318181818181818,0.125,100,0.6024096385542169,100,160,0.963855421686747,493,161,0.9698795180722891,989
1,csf1r,rabvs_budgeted_no_ucb,12315,166,0.013479496548924077,1024,160,0.7729166666666667,0.007125435489152806,0.0025027099932214423,74.1867469879518,73.58360270349691,1536,0.9792123426715388,106.11979166666667,0.5974894762039185,0.881,0.16028955532574973,0.04707792207792208,0.21428571428571427,0.1672077922077922,100,0.6024096385542169,100,161,0.9698795180722891,496,163,0.9819277108433735,994
1,csf1r,rabvs_budgeted_random_parts,12315,166,0.013479496548924077,1024,87,0.7385057471264368,0.009739035079146495,0.004758286287314239,74.1867469879518,69.36159271231266,1536,0.9792123426715388,102.86458333333333,0.6001502871513367,0.858,0.15706806282722513,0.09253246753246754,0.17045454545454544,0.0779220779220779,99,0.5963855421686747,100,156,0.9397590361445783,485,158,0.9518072289156626,981
2,csf1r,boba_ucb,12315,166,0.013479496548924077,1024,137,0.7895377128953771,0.0026959260050124496,0.002563328011890403,74.1867469879518,74.1867469879518,1536,0.9792123426715388,99.609375,0.6113795638084412,0.581,0.15343915343915343,0.05194805194805195,0.19642857142857142,0.1444805194805195,100,0.6024096385542169,100,152,0.9156626506024096,464,153,0.9216867469879518,903
2,csf1r,rabvs_budgeted_reliable,12315,166,0.013479496548924077,1024,137,0.7895377128953771,0.0026959260050124496,0.002563328011890403,74.1867469879518,74.1867469879518,1536,0.9792123426715388,100.26041666666667,0.5976721048355103,0.918,0.14989733059548255,0.05194805194805195,0.19642857142857142,0.1444805194805195,100,0.6024096385542169,100,152,0.9156626506024096,495,154,0.927710843373494,992
2,csf1r,rabvs_budgeted_no_ucb,12315,166,0.013479496548924077,1024,157,0.7648619957537155,0.005455441069348272,0.002259244364226044,74.1867469879518,74.1867469879518,1536,0.9792123426715388,104.81770833333333,0.5947022438049316,0.905,0.15660184237461616,0.045454545454545456,0.2159090909090909,0.17045454545454547,100,0.6024096385542169,100,159,0.9578313253012049,494,161,0.9698795180722891,993
2,csf1r,rabvs_budgeted_random_parts,12315,166,0.013479496548924077,1024,13,0.6730769230769231,0.0050607959756024876,0.0045806454773432955,74.1867469879518,57.9018513076697,1536,0.9792123426715388,76.171875,0.6038625836372375,0.914,0.11213991769547325,0.16883116883116883,0.08279220779220779,-0.08603896103896104,89,0.536144578313253,100,111,0.6686746987951807,489,117,0.7048192771084337,987
0,cxcr4,boba_ucb,3446,40,0.011607661056297156,1024,40,0.8125,0.007068136575206273,0.0006540548198200784,86.15,86.15,1161,0.9438479396401626,34.45305770887167,0.6930276155471802,0.647,0.02567237163814181,0.011560693641618497,0.22093023255813954,0.20936953891652105,40,1.0,82,40,1.0,402,40,1.0,777
0,cxcr4,rabvs_budgeted_reliable,3446,40,0.011607661056297156,1024,40,0.8125,0.007068136575206273,0.0006540548198200784,86.15,86.15,1161,0.9438479396401626,34.45305770887167,0.6796186566352844,0.94,0.023890784982935155,0.011560693641618497,0.22093023255813954,0.20936953891652105,40,1.0,83,40,1.0,482,40,1.0,936
0,cxcr4,rabvs_budgeted_no_ucb,3446,40,0.011607661056297156,1024,40,0.83125,0.005187998002487088,0.0004833550301855236,86.15,86.15,1161,0.9438479396401626,34.45305770887167,0.6716479063034058,0.945,0.02364864864864865,0.011560693641618497,0.22093023255813954,0.20936953891652105,40,1.0,83,40,1.0,483,40,1.0,959
0,cxcr4,rabvs_budgeted_random_parts,3446,40,0.011607661056297156,1024,23,0.7862318840579711,0.0031976730554936763,0.0015477689427232993,86.15,86.15,1161,0.9438479396401626,34.45305770887167,0.6730035543441772,0.957,0.02359550561797753,0.10404624277456648,0.12790697674418605,0.023860733969619574,40,1.0,84,40,1.0,483,40,1.0,937
1,cxcr4,boba_ucb,3446,40,0.011607661056297156,1024,40,0.75625,0.006101535400784503,0.0009009482133429678,86.15,86.15,1161,0.9438479396401626,34.45305770887167,0.7014305591583252,0.641,0.022167487684729065,0.017341040462427744,0.21511627906976744,0.1977752386073397,40,1.0,80,40,1.0,414,40,1.0,781
1,cxcr4,rabvs_budgeted_reliable,3446,40,0.011607661056297156,1024,40,0.75625,0.006101535400784503,0.0009009482133429678,86.15,86.15,1161,0.9438479396401626,34.45305770887167,0.6782843470573425,0.946,0.020905923344947737,0.017341040462427744,0.21511627906976744,0.1977752386073397,40,1.0,82,40,1.0,482,40,1.0,937
1,cxcr4,rabvs_budgeted_no_ucb,3446,40,0.011607661056297156,1024,40,0.8270833333333333,0.005351659480932476,0.000520559787620626,86.15,86.15,1161,0.9438479396401626,34.45305770887167,0.672545313835144,0.947,0.020689655172413793,0.017341040462427744,0.21511627906976744,0.1977752386073397,40,1.0,82,40,1.0,481,40,1.0,963
1,cxcr4,rabvs_budgeted_random_parts,3446,40,0.011607661056297156,1024,40,0.7145833333333333,0.00923196181447966,0.0011704800202125085,86.15,86.15,1161,0.9438479396401626,34.45305770887167,0.6726760864257812,0.938,0.02088167053364269,0.017341040462427744,0.21511627906976744,0.1977752386073397,40,1.0,83,40,1.0,480,40,1.0,952
2,cxcr4,boba_ucb,3446,40,0.011607661056297156,1024,40,0.8041666666666667,0.007720716469899716,0.0010621267001642597,86.15,86.15,1161,0.9438479396401626,34.45305770887167,0.7013005018234253,0.636,0.0225,0.011560693641618497,0.22093023255813954,0.20936953891652105,40,1.0,82,40,1.0,390,40,1.0,770
2,cxcr4,rabvs_budgeted_reliable,3446,40,0.011607661056297156,1024,40,0.8041666666666667,0.007720716469899716,0.0010621267001642597,86.15,86.15,1161,0.9438479396401626,34.45305770887167,0.6808634996414185,0.937,0.02054794520547945,0.011560693641618497,0.22093023255813954,0.20936953891652105,40,1.0,83,40,1.0,482,40,1.0,942
2,cxcr4,rabvs_budgeted_no_ucb,3446,40,0.011607661056297156,1024,40,0.8333333333333334,0.0051935649251495805,0.0004632402852816477,86.15,86.15,1161,0.9438479396401626,34.45305770887167,0.6750032901763916,0.95,0.020454545454545454,0.011560693641618497,0.22093023255813954,0.20936953891652105,40,1.0,83,40,1.0,482,40,1.0,956
2,cxcr4,rabvs_budgeted_random_parts,3446,40,0.011607661056297156,1024,29,0.7183908045977011,0.006058528497834151,0.0007912766375898666,86.15,86.15,1161,0.9438479396401626,34.45305770887167,0.6760751605033875,0.946,0.02050113895216401,0.017341040462427744,0.21511627906976744,0.1977752386073397,39,0.975,83,40,1.0,483,40,1.0,950
0,def,boba_ucb,5802,102,0.017580144777662874,1024,91,0.8324175824175825,0.004455391905324795,0.0010376530014675918,56.88235294117647,56.88235294117647,1256,0.9639204871883259,81.21019108280254,0.6365349888801575,0.44299999999999995,0.09228971962616822,0.058419243986254296,0.29310344827586204,0.23468420428960773,99,0.9705882352941176,69,102,1.0,398,102,1.0,795
0,def,rabvs_budgeted_reliable,5802,102,0.017580144777662874,1024,91,0.8324175824175825,0.004455391905324795,0.0010376530014675918,56.88235294117647,56.88235294117647,1256,0.9639204871883259,78.82165605095541,0.6277763843536377,0.889,0.0824524312896406,0.058419243986254296,0.29310344827586204,0.23468420428960773,98,0.9607843137254902,70,99,0.9705882352941176,469,99,0.9705882352941176,969
0,def,rabvs_budgeted_no_ucb,5802,102,0.017580144777662874,1024,102,0.8202614379084967,0.0043726464216410936,0.0003723309123464257,56.88235294117647,56.88235294117647,1256,0.9639204871883259,81.21019108280254,0.6264861226081848,0.886,0.08422174840085288,0.041237113402061855,0.3103448275862069,0.26910771418414503,100,0.9803921568627451,68,102,1.0,465,102,1.0,965
0,def,rabvs_budgeted_random_parts,5802,102,0.017580144777662874,1024,9,0.75,0.006209055200341404,0.002680881061880426,56.88235294117647,56.88235294117647,1256,0.9639204871883259,50.955414012738856,0.6265702247619629,0.909,0.04878048780487805,0.23711340206185566,0.1103448275862069,-0.12676857447564877,59,0.5784313725490197,82,64,0.6274509803921569,474,64,0.6274509803921569,974
1,def,boba_ucb,5802,102,0.017580144777662874,1024,96,0.8263888888888888,0.005133661188483145,0.0007884872874784817,56.88235294117647,56.88235294117647,1256,0.9639204871883259,81.21019108280254,0.6348089575767517,0.46599999999999997,0.10023584905660378,0.048109965635738834,0.30344827586206896,0.25533831022633013,99,0.9705882352941176,69,102,1.0,398,102,1.0,799
1,def,rabvs_budgeted_reliable,5802,102,0.017580144777662874,1024,96,0.8263888888888888,0.005133661188483145,0.0007884872874784817,56.88235294117647,56.88235294117647,1256,0.9639204871883259,81.21019108280254,0.6238126754760742,0.882,0.09090909090909091,0.048109965635738834,0.30344827586206896,0.25533831022633013,99,0.9705882352941176,69,102,1.0,465,102,1.0,965
1,def,rabvs_budgeted_no_ucb,5802,102,0.017580144777662874,1024,102,0.8218954248366013,0.0037950628710000764,0.000460530898716799,56.88235294117647,56.88235294117647,1256,0.9639204871883259,81.21019108280254,0.6246716380119324,0.89,0.09090909090909091,0.037800687285223365,0.3137931034482759,0.27599241616305253,99,0.9705882352941176,69,102,1.0,466,102,1.0,966
1,def,rabvs_budgeted_random_parts,5802,102,0.017580144777662874,1024,62,0.7043010752688172,0.007635750205676151,0.0015631337516170587,56.88235294117647,56.88235294117647,1256,0.9639204871883259,81.21019108280254,0.6254499554634094,0.872,0.09110396570203644,0.07560137457044673,0.27586206896551724,0.2002606943950705,97,0.9509803921568627,69,102,1.0,463,102,1.0,963
2,def,boba_ucb,5802,102,0.017580144777662874,1024,94,0.8280141843971631,0.004541284252191522,0.001037361665343343,56.88235294117647,56.88235294117647,1256,0.9639204871883259,81.21019108280254,0.6355673670768738,0.43600000000000005,0.09953703703703703,0.048109965635738834,0.30344827586206896,0.25533831022633013,99,0.9705882352941176,69,102,1.0,408,102,1.0,808
2,def,rabvs_budgeted_reliable,5802,102,0.017580144777662874,1024,94,0.8280141843971631,0.004541284252191522,0.001037361665343343,56.88235294117647,56.88235294117647,1256,0.9639204871883259,78.82165605095541,0.6289158463478088,0.883,0.08934337997847147,0.048109965635738834,0.30344827586206896,0.25533831022633013,97,0.9509803921568627,70,99,0.9705882352941176,469,99,0.9705882352941176,968
2,def,rabvs_budgeted_no_ucb,5802,102,0.017580144777662874,1024,102,0.8169934640522876,0.004504556563258959,0.00037782761561375167,56.88235294117647,56.88235294117647,1256,0.9639204871883259,81.21019108280254,0.6272664666175842,0.883,0.09178228388473852,0.044673539518900345,0.30689655172413793,0.2622230122052376,100,0.9803921568627451,68,102,1.0,465,102,1.0,965
2,def,rabvs_budgeted_random_parts,5802,102,0.017580144777662874,1024,35,0.26904761904761904,0.006200775749056874,0.0024750764654293475,56.88235294117647,56.88235294117647,1256,0.9639204871883259,68.47133757961784,0.6269267201423645,0.904,0.07502679528403002,0.2508591065292096,0.09310344827586207,-0.15775565825334753,85,0.8333333333333334,75,86,0.8431372549019608,470,86,0.8431372549019608,970
0,dhi1,boba_ucb,19680,330,0.01676829268292683,1024,180,0.6810185185185185,0.007278939748802199,0.007895744951276042,59.63636363636363,53.8846331333641,2048,0.9826558265582656,136.71875,0.5941385626792908,0.6950000000000001,0.2805383022774327,0.11585365853658537,0.19004065040650406,0.07418699186991869,99,0.3,100,256,0.7757575757575758,484,280,0.8484848484848485,931
0,dhi1,rabvs_budgeted_reliable,19680,330,0.01676829268292683,1024,180,0.6810185185185185,0.007278939748802199,0.007895744951276042,59.63636363636363,53.8846331333641,2048,0.9826558265582656,139.6484375,0.584729790687561,0.833,0.2838114754098361,0.11585365853658537,0.19004065040650406,0.07418699186991869,99,0.3,100,263,0.796969696969697,491,286,0.8666666666666667,964
0,dhi1,rabvs_budgeted_no_ucb,19680,330,0.01676829268292683,1024,256,0.6604817708333334,0.007215400760789802,0.0065616737651267845,59.63636363636363,57.517305029995384,2048,0.9826558265582656,137.6953125,0.593348503112793,0.846,0.27942681678607983,0.06707317073170732,0.22154471544715448,0.15447154471544716,100,0.30303030303030304,100,264,0.8,491,282,0.8545454545454545,976
0,dhi1,rabvs_budgeted_random_parts,19680,330,0.01676829268292683,1024,91,0.532967032967033,0.010059939362411344,0.0086024173852292,59.63636363636363,53.58191047531149,2048,0.9826558265582656,134.27734375,0.5824770331382751,0.8220000000000001,0.27384615384615385,0.11788617886178862,0.16971544715447154,0.05182926829268292,99,0.3,100,259,0.7848484848484848,484,275,0.8333333333333334,961
1,dhi1,boba_ucb,19680,330,0.01676829268292683,1024,140,0.6678571428571428,0.012657125606527606,0.007919685396741842,59.63636363636363,55.70096908167974,2048,0.9826558265582656,144.04296875,0.5930675864219666,0.679,0.2980269989615784,0.09654471544715447,0.2184959349593496,0.12195121951219513,100,0.30303030303030304,100,265,0.803030303030303,476,295,0.8939393939393939,879
1,dhi1,rabvs_budgeted_reliable,19680,330,0.01676829268292683,1024,140,0.6678571428571428,0.012657125606527606,0.007919685396741842,59.63636363636363,56.306414397784955,2048,0.9826558265582656,148.4375,0.5869570374488831,0.804,0.3035897435897436,0.09654471544715447,0.2184959349593496,0.12195121951219513,100,0.30303030303030304,100,277,0.8393939393939394,484,304,0.9212121212121213,934
1,dhi1,rabvs_budgeted_no_ucb,19680,330,0.01676829268292683,1024,284,0.5936032863849765,0.016156721293011735,0.007353233760825939,59.63636363636363,58.122750346100595,2048,0.9826558265582656,149.90234375,0.5979534387588501,0.829,0.3060388945752303,0.04878048780487805,0.27134146341463417,0.22256097560975613,100,0.30303030303030304,100,291,0.8818181818181818,490,307,0.9303030303030303,958
1,dhi1,rabvs_budgeted_random_parts,19680,330,0.01676829268292683,1024,63,0.47619047619047616,0.019109845060483792,0.011351649934126538,59.63636363636363,48.435625288417164,2048,0.9826558265582656,144.04296875,0.5960931181907654,0.76,0.29435897435897435,0.14634146341463414,0.16869918699186992,0.022357723577235783,98,0.296969696969697,100,251,0.7606060606060606,477,295,0.8939393939393939,937
2,dhi1,boba_ucb,19680,330,0.01676829268292683,1024,169,0.6868836291913215,0.005005340455542855,0.00589034427559216,59.63636363636363,57.214582371942775,2048,0.9826558265582656,144.04296875,0.6067537665367126,0.6779999999999999,0.3013698630136986,0.12195121951219512,0.19410569105691056,0.07215447154471544,100,0.30303030303030304,100,275,0.8333333333333334,485,295,0.8939393939393939,914
2,dhi1,rabvs_budgeted_reliable,19680,330,0.01676829268292683,1024,169,0.6868836291913215,0.005005340455542855,0.00589034427559216,59.63636363636363,57.82002768804799,2048,0.9826558265582656,146.97265625,0.5969359874725342,0.862,0.30103092783505153,0.12195121951219512,0.19410569105691056,0.07215447154471544,100,0.30303030303030304,100,275,0.8333333333333334,492,301,0.9121212121212121,972
2,dhi1,rabvs_budgeted_no_ucb,19680,330,0.01676829268292683,1024,279,0.6630824372759857,0.009883435383393445,0.005813498653269739,59.63636363636363,58.728195662205806,2048,0.9826558265582656,153.3203125,0.5899190306663513,0.854,0.3154084798345398,0.0741869918699187,0.24898373983739838,0.17479674796747968,100,0.30303030303030304,100,291,0.8818181818181818,489,314,0.9515151515151515,965
2,dhi1,rabvs_budgeted_random_parts,19680,330,0.01676829268292683,1024,91,0.4478021978021978,0.013367153374588813,0.009204482524778434,59.63636363636363,53.27918781725888,2048,0.9826558265582656,148.4375,0.5845857858657837,0.808,0.3053830227743271,0.13922764227642276,0.17886178861788618,0.03963414634146342,97,0.29393939393939394,100,266,0.806060606060606,491,304,0.9212121212121213,966
0,dpp4,boba_ucb,41482,533,0.012848946531025505,1024,251,0.7573041168658698,0.002263250251272377,0.002600900611300136,77.82739212007505,75.95203327380818,3072,0.9876572971409286,163.0859375,0.5386026501655579,0.655,0.5046059365404298,0.07903614457831325,0.1726133076181292,0.09357716303981596,100,0.18761726078799248,100,452,0.8480300187617261,499,501,0.9399624765478424,933
0,dpp4,rabvs_budgeted_reliable,41482,533,0.012848946531025505,1024,251,0.7573041168658698,0.002263250251272377,0.002600900611300136,77.82739212007505,76.13956915843487,3072,0.9876572971409286,163.73697916666666,0.5338752865791321,0.779,0.5045871559633027,0.07903614457831325,0.1726133076181292,0.09357716303981596,100,0.18761726078799248,100,457,0.8574108818011257,500,503,0.9437148217636022,981
0,dpp4,rabvs_budgeted_no_ucb,41482,533,0.012848946531025505,1024,466,0.6452074391988555,0.00966004176012314,0.0034793983606314105,77.82739212007505,76.70217681231493,3072,0.9876572971409286,162.109375,0.5386587977409363,0.74,0.49847405900305186,0.026987951807228915,0.22179363548698167,0.19480568367975276,100,0.18761726078799248,100,453,0.849906191369606,498,498,0.9343339587242027,961
0,dpp4,rabvs_budgeted_random_parts,41482,533,0.012848946531025505,1024,18,0.6296296296296297,0.003719866044560178,0.007173831792761599,72.13270489177688,54.01033477248582,3072,0.9876572971409286,119.140625,0.5572937726974487,0.747,0.36945304437564497,0.1272289156626506,0.09209257473481196,-0.03513634092783864,97,0.18198874296435272,100,298,0.5590994371482176,486,366,0.6866791744840526,958
1,dpp4,boba_ucb,41482,533,0.012848946531025505,1024,185,0.7581081081081081,0.004420690356803463,0.0031664749264399493,77.82739212007505,74.0766744275413,3072,0.9876572971409286,161.1328125,0.5523073077201843,0.645,0.5020618556701031,0.09060240963855422,0.1595949855351977,0.06899257589664347,100,0.18761726078799248,100,435,0.8161350844277674,497,495,0.9287054409005628,923
1,dpp4,rabvs_budgeted_reliable,41482,533,0.012848946531025505,1024,185,0.7581081081081081,0.004420690356803463,0.0031664749264399493,77.82739212007505,75.01435385067475,3072,0.9876572971409286,161.45833333333334,0.545864462852478,0.764,0.4959349593495935,0.09060240963855422,0.1595949855351977,0.06899257589664347,100,0.18761726078799248,100,444,0.8330206378986866,498,496,0.9305816135084428,973
1,dpp4,rabvs_budgeted_no_ucb,41482,533,0.012848946531025505,1024,459,0.6517792302106028,0.005425331907914617,0.002755922302132633,77.82739212007505,77.0772485815683,3072,0.9876572971409286,160.80729166666666,0.5368697047233582,0.765,0.49240121580547114,0.03614457831325301,0.20925747348119575,0.17311289516794273,100,0.18761726078799248,100,454,0.851782363977486,499,494,0.926829268292683,979
1,dpp4,rabvs_budgeted_random_parts,41482,533,0.012848946531025505,1024,109,0.573394495412844,0.008119234992523332,0.00419646218220628,77.82739212007505,75.20188973530144,3072,0.9876572971409286,156.90104166666666,0.5383927822113037,0.677,0.48615384615384616,0.07662650602409639,0.17309546769527484,0.09646896167117845,100,0.18761726078799248,100,442,0.8292682926829268,496,482,0.9043151969981238,926
2,dpp4,boba_ucb,41482,533,0.012848946531025505,1024,195,0.7645299145299145,0.0016353771731465884,0.0028748452361394227,77.82739212007505,75.5769615045548,3072,0.9876572971409286,156.25,0.5282257795333862,0.627,0.47918781725888326,0.0872289156626506,0.1562198649951784,0.06899094933252779,100,0.18761726078799248,100,442,0.8292682926829268,496,480,0.900562851782364,925
2,dpp4,rabvs_budgeted_reliable,41482,533,0.012848946531025505,1024,195,0.7645299145299145,0.0016353771731465884,0.0028748452361394227,77.82739212007505,75.76449738918149,3072,0.9876572971409286,155.2734375,0.5221254825592041,0.78,0.47325933400605447,0.0872289156626506,0.1562198649951784,0.06899094933252779,100,0.18761726078799248,100,443,0.8311444652908068,498,477,0.8949343339587242,977
2,dpp4,rabvs_budgeted_no_ucb,41482,533,0.012848946531025505,1024,451,0.6600147819660015,0.0027729582759828176,0.002704359345824371,77.82739212007505,77.45232035082167,3072,0.9876572971409286,153.64583333333334,0.5341988801956177,0.78,0.46963562753036436,0.02506024096385542,0.210221793635487,0.18516155267163156,100,0.18761726078799248,100,455,0.8536585365853658,498,472,0.8855534709193246,976
2,dpp4,rabvs_budgeted_random_parts,41482,533,0.012848946531025505,1024,288,0.6472800925925926,0.005246473183150024,0.003358633746702899,77.82739212007505,74.82681796604805,3072,0.9876572971409286,153.64583333333334,0.5178555250167847,0.743,0.4691607684529828,0.05202312138728324,0.18427399903521466,0.13225087764793142,100,0.18761726078799248,100,443,0.8311444652908068,495,472,0.8855534709193246,960
0,drd3,boba_ucb,34530,480,0.013900955690703735,1024,232,0.7334770114942529,0.003502818182404218,0.003921647596541306,71.9375,69.01829710144928,2816,0.9864079544357564,150.2130681818182,0.5551525354385376,0.591,0.4256410256410256,0.07643312101910828,0.18829663962920046,0.11186351861009218,100,0.20833333333333334,100,384,0.8,488,423,0.88125,925
0,drd3,rabvs_budgeted_reliable,34530,480,0.013900955690703735,1024,232,0.7334770114942529,0.003502818182404218,0.003921647596541306,71.9375,69.64384057971016,2816,0.9864079544357564,152.69886363636365,0.5503990650177002,0.7010000000000001,0.42929806714140384,0.07643312101910828,0.18829663962920046,0.11186351861009218,100,0.20833333333333334,100,390,0.8125,493,430,0.8958333333333334,970
0,drd3,rabvs_budgeted_no_ucb,34530,480,0.013900955690703735,1024,421,0.6676563737133808,0.00579179862654012,0.003257284635000922,71.9375,71.31195652173913,2816,0.9864079544357564,158.73579545454544,0.5455517768859863,0.6639999999999999,0.44568527918781725,0.03009259259259259,0.2371014492753623,0.20700885668276972,99,0.20625,100,422,0.8791666666666667,498,447,0.93125,974
0,drd3,rabvs_budgeted_random_parts,34530,480,0.013900955690703735,1024,43,0.5910852713178295,0.00361760074291001,0.004597656183220554,71.9375,69.2268115942029,2816,0.9864079544357564,149.85795454545456,0.5499293208122253,0.64,0.4211597151576806,0.11986103068905617,0.14426419466975665,0.024403163980700485,97,0.20208333333333334,100,377,0.7854166666666667,485,422,0.8791666666666667,952
1,drd3,boba_ucb,34530,480,0.013900955690703735,1024,196,0.7831632653061225,0.003624589402871374,0.003308988692592175,71.9375,70.89492753623189,2816,0.9864079544357564,152.69886363636365,0.5743935704231262,0.502,0.43743536711478803,0.09090909090909091,0.17960602549246812,0.08869693458337721,100,0.20833333333333334,100,406,0.8458333333333333,488,430,0.8958333333333334,882
1,drd3,rabvs_budgeted_reliable,34530,480,0.013900955690703735,1024,196,0.7831632653061225,0.003624589402871374,0.003308988692592175,71.9375,71.31195652173913,2816,0.9864079544357564,156.25,0.5619203448295593,0.6950000000000001,0.4400406504065041,0.09090909090909091,0.17960602549246812,0.08869693458337721,99,0.20625,100,409,0.8520833333333333,491,440,0.9166666666666666,978
1,drd3,rabvs_budgeted_no_ucb,34530,480,0.013900955690703735,1024,426,0.656885758998435,0.006342568658921866,0.0029813271980211648,71.9375,71.52047101449276,2816,0.9864079544357564,160.51136363636365,0.5573288798332214,0.6579999999999999,0.4526958290946083,0.034163288940359006,0.23522595596755505,0.20106266702719605,100,0.20833333333333334,100,422,0.8791666666666667,495,452,0.9416666666666667,971
1,drd3,rabvs_budgeted_random_parts,34530,480,0.013900955690703735,1024,46,0.552536231884058,0.0067034420230017815,0.004478935249683538,71.9375,69.43532608695652,2816,0.9864079544357564,150.5681818181818,0.5873194336891174,0.629,0.42276422764227645,0.13781123335263462,0.12804171494785632,-0.009769518404778299,100,0.20833333333333334,100,387,0.80625,492,424,0.8833333333333333,955
2,drd3,boba_ucb,34530,480,0.013900955690703735,1024,284,0.6813380281690141,0.006228520242804076,0.0033868365572044773,71.9375,70.89492753623189,2816,0.9864079544357564,156.96022727272725,0.5737980008125305,0.5349999999999999,0.44319344933469806,0.05037637521713955,0.220162224797219,0.16978584958007945,100,0.20833333333333334,100,411,0.85625,491,442,0.9208333333333333,909
2,drd3,rabvs_budgeted_reliable,34530,480,0.013900955690703735,1024,284,0.6813380281690141,0.006228520242804076,0.0033868365572044773,71.9375,71.10344202898551,2816,0.9864079544357564,159.0909090909091,0.5687437057495117,0.659,0.44523326572008115,0.05037637521713955,0.220162224797219,0.16978584958007945,100,0.20833333333333334,100,416,0.8666666666666667,492,448,0.9333333333333333,968
2,drd3,rabvs_budgeted_no_ucb,34530,480,0.013900955690703735,1024,428,0.6557632398753894,0.005807963288372836,0.0030638495498915724,71.9375,71.31195652173913,2816,0.9864079544357564,159.80113636363635,0.5514866709709167,0.6659999999999999,0.44635627530364375,0.038795599305153444,0.23117033603707995,0.1923747367319265,100,0.20833333333333334,100,429,0.89375,497,450,0.9375,968
2,drd3,rabvs_budgeted_random_parts,34530,480,0.013900955690703735,1024,127,0.5177165354330708,0.00865250944504271,0.005256567024703695,71.9375,69.64384057971016,2816,0.9864079544357564,151.2784090909091,0.5743755102157593,0.611,0.4242115971515768,0.09669947886508395,0.17033603707995365,0.0736365582148697,97,0.20208333333333334,100,395,0.8229166666666666,479,426,0.8875,908
0,dyr,boba_ucb,17431,231,0.013252251735413917,1024,160,0.8135416666666667,0.0025500752963856623,0.0009845804270687886,75.45887445887446,75.45887445887446,1792,0.9828657755340103,126.67410714285715,0.6072916388511658,0.46399999999999997,0.23273113708820403,0.04472477064220184,0.21674311926605505,0.1720183486238532,100,0.4329004329004329,100,226,0.9783549783549783,459,227,0.9826839826839827,823
0,dyr,rabvs_budgeted_reliable,17431,231,0.013252251735413917,1024,160,0.8135416666666667,0.0025500752963856623,0.0009845804270687886,75.45887445887446,75.45887445887446,1792,0.9828657755340103,126.11607142857143,0.6159238219261169,0.926,0.2226762002042901,0.04472477064220184,0.21674311926605505,0.1720183486238532,100,0.4329004329004329,100,226,0.9783549783549783,494,226,0.9783549783549783,994
0,dyr,rabvs_budgeted_no_ucb,17431,231,0.013252251735413917,1024,227,0.7749632892804699,0.003513590074717662,0.0008174541596502511,75.45887445887446,75.45887445887446,1792,0.9828657755340103,127.23214285714285,0.6134256720542908,0.914,0.22517911975435004,0.02981651376146789,0.231651376146789,0.2018348623853211,100,0.4329004329004329,100,227,0.9826839826839827,494,228,0.987012987012987,992
0,dyr,rabvs_budgeted_random_parts,17431,231,0.013252251735413917,1024,68,0.625,0.003695471601772763,0.0021616872585767384,75.45887445887446,75.45887445887446,1792,0.9828657755340103,125.0,0.6208129525184631,0.892,0.2210849539406346,0.08810068649885583,0.1724137931034483,0.08431310660459246,100,0.4329004329004329,100,222,0.961038961038961,478,224,0.9696969696969697,976
1,dyr,boba_ucb,17431,231,0.013252251735413917,1024,160,0.81875,0.0026991233298539227,0.0009530094074317793,75.45887445887446,75.45887445887446,1792,0.9828657755340103,126.67410714285715,0.6022899150848389,0.45999999999999996,0.2302839116719243,0.047018348623853214,0.21330275229357798,0.16628440366972477,100,0.4329004329004329,100,226,0.9783549783549783,449,227,0.9826839826839827,832
1,dyr,rabvs_budgeted_reliable,17431,231,0.013252251735413917,1024,160,0.81875,0.0026991233298539227,0.0009530094074317793,75.45887445887446,75.45887445887446,1792,0.9828657755340103,126.67410714285715,0.6150822639465332,0.915,0.22324159021406728,0.047018348623853214,0.21330275229357798,0.16628440366972477,100,0.4329004329004329,100,226,0.9783549783549783,498,227,0.9826839826839827,998
1,dyr,rabvs_budgeted_no_ucb,17431,231,0.013252251735413917,1024,227,0.7705580029368576,0.0024739301837095455,0.0007392619916687499,75.45887445887446,75.45887445887446,1792,0.9828657755340103,127.23214285714285,0.6078411340713501,0.923,0.22426095820591233,0.027522935779816515,0.23394495412844038,0.20642201834862386,100,0.4329004329004329,100,227,0.9826839826839827,497,228,0.987012987012987,997
1,dyr,rabvs_budgeted_random_parts,17431,231,0.013252251735413917,1024,12,0.7361111111111112,0.004279119371606974,0.0014895138819129318,75.45887445887446,75.45887445887446,1792,0.9828657755340103,117.1875,0.6200007796287537,0.927,0.20549338758901323,0.1720183486238532,0.08944954128440367,-0.08256880733944953,100,0.4329004329004329,100,209,0.9047619047619048,483,210,0.9090909090909091,981
2,dyr,boba_ucb,17431,231,0.013252251735413917,1024,165,0.8065656565656566,0.004058308769470721,0.0010876905574375877,75.45887445887446,75.45887445887446,1792,0.9828657755340103,126.67410714285715,0.6111695170402527,0.498,0.2347266881028939,0.035509736540664374,0.2261768082663605,0.19066707172569614,100,0.4329004329004329,100,227,0.9826839826839827,443,227,0.9826839826839827,788
2,dyr,rabvs_budgeted_reliable,17431,231,0.013252251735413917,1024,165,0.8065656565656566,0.004058308769470721,0.0010876905574375877,75.45887445887446,75.45887445887446,1792,0.9828657755340103,126.67410714285715,0.6171178221702576,0.901,0.22484599589322382,0.035509736540664374,0.2261768082663605,0.19066707172569614,100,0.4329004329004329,100,226,0.9783549783549783,487,227,0.9826839826839827,984
2,dyr,rabvs_budgeted_no_ucb,17431,231,0.013252251735413917,1024,228,0.7814327485380117,0.003480773589939976,0.0007791234692191552,75.45887445887446,75.45887445887446,1792,0.9828657755340103,127.23214285714285,0.6110526323318481,0.917,0.2249488752556237,0.02981651376146789,0.231651376146789,0.2018348623853211,100,0.4329004329004329,100,228,0.987012987012987,494,228,0.987012987012987,994
2,dyr,rabvs_budgeted_random_parts,17431,231,0.013252251735413917,1024,137,0.4726277372262774,0.005608983975207546,0.0016405755770425255,75.45887445887446,75.45887445887446,1792,0.9828657755340103,126.67410714285715,0.6053460240364075,0.89,0.22484599589322382,0.054982817869415807,0.20642201834862386,0.15143920047920806,100,0.4329004329004329,100,226,0.9783549783549783,485,227,0.9826839826839827,980
0,egfr,boba_ucb,35592,542,0.0152281411553158,1024,200,0.7783333333333333,0.0012810208910467014,0.0020606584798803615,65.6678966789668,65.6678966789668,2816,0.9868135161459504,178.26704545454544,0.5452180504798889,0.52,0.5010162601626016,0.06853932584269663,0.2247191011235955,0.15617977528089888,100,0.18450184501845018,100,480,0.8856088560885609,500,502,0.9261992619926199,938
0,egfr,rabvs_budgeted_reliable,35592,542,0.0152281411553158,1024,200,0.7783333333333333,0.0012810208910467014,0.0020606584798803615,65.6678966789668,65.6678966789668,2816,0.9868135161459504,175.42613636363635,0.5440530180931091,0.734,0.4914054600606673,0.06853932584269663,0.2247191011235955,0.15617977528089888,100,0.18450184501845018,100,478,0.8819188191881919,500,494,0.9114391143911439,999
0,egfr,rabvs_budgeted_no_ucb,35592,542,0.0152281411553158,1024,491,0.6488458927359131,0.0032720803508132427,0.0018100223741233136,65.6678966789668,65.6678966789668,2816,0.9868135161459504,180.7528409090909,0.5437064170837402,0.698,0.5050505050505051,0.03146067415730337,0.26348314606741574,0.23202247191011238,100,0.18450184501845018,100,488,0.9003690036900369,500,509,0.9391143911439115,992
0,egfr,rabvs_budgeted_random_parts,35592,542,0.0152281411553158,1024,31,0.6370967741935484,0.0018180899583507776,0.0026203223761507924,65.6678966789668,65.6678966789668,2816,0.9868135161459504,161.57670454545456,0.5547788143157959,0.753,0.4547304170905392,0.12134831460674157,0.1691011235955056,0.04775280898876404,100,0.18450184501845018,100,437,0.8062730627306273,495,455,0.8394833948339483,985
1,egfr,boba_ucb,35592,542,0.0152281411553158,1024,257,0.7512970168612192,0.001463251090413809,0.0018510243842771244,65.6678966789668,65.6678966789668,2816,0.9868135161459504,179.33238636363635,0.5461961627006531,0.515,0.5092402464065708,0.034269662921348316,0.25617977528089886,0.22191011235955055,100,0.18450184501845018,100,487,0.8985239852398524,500,505,0.9317343173431735,928
1,egfr,rabvs_budgeted_reliable,35592,542,0.0152281411553158,1024,257,0.7512970168612192,0.001463251090413809,0.0018510243842771244,65.6678966789668,65.6678966789668,2816,0.9868135161459504,176.8465909090909,0.541368305683136,0.723,0.494949494949495,0.034269662921348316,0.25617977528089886,0.22191011235955055,100,0.18450184501845018,100,487,0.8985239852398524,500,498,0.9188191881918819,995
1,egfr,rabvs_budgeted_no_ucb,35592,542,0.0152281411553158,1024,492,0.6446476964769647,0.002823799057485223,0.0018961959966175843,65.6678966789668,65.6678966789668,2816,0.9868135161459504,177.9119318181818,0.545268714427948,0.7090000000000001,0.496468213925328,0.02752808988764045,0.26685393258426965,0.2393258426966292,100,0.18450184501845018,100,486,0.8966789667896679,500,501,0.9243542435424354,998
1,egfr,rabvs_budgeted_random_parts,35592,542,0.0152281411553158,1024,275,0.6284848484848485,0.0026910241041156915,0.00222055091313897,65.6678966789668,65.6678966789668,2816,0.9868135161459504,177.9119318181818,0.54326331615448,0.7,0.49898785425101216,0.05056179775280899,0.24325842696629213,0.19269662921348313,100,0.18450184501845018,100,474,0.8745387453874539,498,501,0.9243542435424354,994
2,egfr,boba_ucb,35592,542,0.0152281411553158,1024,197,0.7880710659898477,0.0024299989655866524,0.001848644672990762,65.6678966789668,65.6678966789668,2816,0.9868135161459504,183.94886363636365,0.5612179040908813,0.45199999999999996,0.5225409836065574,0.06292134831460675,0.23426966292134832,0.17134831460674158,100,0.18450184501845018,100,487,0.8985239852398524,500,518,0.955719557195572,935
2,egfr,rabvs_budgeted_reliable,35592,542,0.0152281411553158,1024,197,0.7880710659898477,0.0024299989655866524,0.001848644672990762,65.6678966789668,65.6678966789668,2816,0.9868135161459504,184.30397727272725,0.5552757978439331,0.652,0.5187817258883248,0.06292134831460675,0.23426966292134832,0.17134831460674158,100,0.18450184501845018,100,490,0.9040590405904059,500,519,0.9575645756457565,987
2,egfr,rabvs_budgeted_no_ucb,35592,542,0.0152281411553158,1024,503,0.6386679920477137,0.007866116366546213,0.002079529944641416,65.6678966789668,65.6678966789668,2816,0.9868135161459504,183.94886363636365,0.5503710508346558,0.62,0.5156723963599595,0.02359550561797753,0.27191011235955054,0.24831460674157302,100,0.18450184501845018,100,495,0.9132841328413284,500,518,0.955719557195572,983
2,egfr,rabvs_budgeted_random_parts,35592,542,0.0152281411553158,1024,126,0.791005291005291,0.00421797528351875,0.0020083867614327155,65.6678966789668,65.6678966789668,2816,0.9868135161459504,177.20170454545456,0.5496196746826172,0.6759999999999999,0.4984771573604061,0.10561797752808989,0.1904494382022472,0.0848314606741573,100,0.18450184501845018,100,474,0.8745387453874539,500,499,0.9206642066420664,987
0,esr1,boba_ucb,21068,383,0.01817922916271122,1024,273,0.7817460317460317,0.001958302002067948,0.0018392483662322302,55.007832898172325,55.007832898172325,2048,0.9837984937662173,177.734375,0.6163005232810974,0.46299999999999997,0.39555555555555555,0.054079696394686905,0.29914529914529914,0.24506560275061223,100,0.26109660574412535,100,357,0.9321148825065274,472,364,0.9503916449086162,848
0,esr1,rabvs_budgeted_reliable,21068,383,0.01817922916271122,1024,273,0.7817460317460317,0.001958302002067948,0.0018392483662322302,55.007832898172325,55.007832898172325,2048,0.9837984937662173,176.7578125,0.6142839789390564,0.875,0.359026369168357,0.054079696394686905,0.29914529914529914,0.24506560275061223,100,0.26109660574412535,100,357,0.9321148825065274,498,362,0.9451697127937336,996
0,esr1,rabvs_budgeted_no_ucb,21068,383,0.01817922916271122,1024,368,0.7210144927536232,0.005721237416283093,0.0014785398147188233,55.007832898172325,55.007832898172325,2048,0.9837984937662173,183.59375,0.5964566469192505,0.8069999999999999,0.37743589743589745,0.031309297912713474,0.33048433048433046,0.299175032571617,100,0.26109660574412535,100,374,0.9765013054830287,496,376,0.9817232375979112,986
0,esr1,rabvs_budgeted_random_parts,21068,383,0.01817922916271122,1024,41,0.6097560975609756,0.01031198718684479,0.0037038695850041847,55.007832898172325,54.74713226832316,2048,0.9837984937662173,175.78125,0.6128490567207336,0.756,0.3632610939112487,0.12808349146110057,0.2336182336182336,0.10553474215713304,100,0.26109660574412535,100,356,0.9295039164490861,487,360,0.9399477806788512,961
1,esr1,boba_ucb,21068,383,0.01817922916271122,1024,290,0.7614942528735632,0.004088956299143126,0.0015900550448106736,55.007832898172325,55.007832898172325,2048,0.9837984937662173,182.6171875,0.619318425655365,0.46699999999999997,0.38995726495726496,0.05581835383159887,0.30666666666666664,0.25084831283506775,100,0.26109660574412535,100,366,0.9556135770234987,470,374,0.9765013054830287,840
1,esr1,rabvs_budgeted_reliable,21068,383,0.01817922916271122,1024,290,0.7614942528735632,0.004088956299143126,0.0015900550448106736,55.007832898172325,55.007832898172325,2048,0.9837984937662173,183.10546875,0.6141167283058167,0.836,0.37461617195496416,0.05581835383159887,0.30666666666666664,0.25084831283506775,100,0.26109660574412535,100,370,0.9660574412532638,493,375,0.97911227154047,988
1,esr1,rabvs_budgeted_no_ucb,21068,383,0.01817922916271122,1024,372,0.7047491039426523,0.005721267760263468,0.001492145414745776,55.007832898172325,55.007832898172325,2048,0.9837984937662173,183.59375,0.6074193716049194,0.815,0.37679671457905545,0.034123222748815164,0.3279467680608365,0.2938235453120213,100,0.26109660574412535,100,372,0.9712793733681462,496,376,0.9817232375979112,986
1,esr1,rabvs_budgeted_random_parts,21068,383,0.01817922916271122,1024,204,0.6940359477124183,0.007353209674524508,0.0026613674078529354,55.007832898172325,55.007832898172325,2048,0.9837984937662173,182.6171875,0.6129165887832642,0.8,0.37474332648870634,0.05502846299810247,0.3055028462998102,0.25047438330170774,100,0.26109660574412535,100,367,0.95822454308094,481,374,0.9765013054830287,967
2,esr1,boba_ucb,21068,383,0.01817922916271122,1024,233,0.7900572246065808,0.0057013804425653175,0.001648317852387327,55.007832898172325,55.007832898172325,2048,0.9837984937662173,185.546875,0.6243415474891663,0.52,0.3961661341853035,0.08444022770398482,0.27825261158594494,0.19381238388196012,100,0.26109660574412535,100,376,0.9817232375979112,480,380,0.9921671018276762,866
2,esr1,rabvs_budgeted_reliable,21068,383,0.01817922916271122,1024,233,0.7900572246065808,0.0057013804425653175,0.001648317852387327,55.007832898172325,55.007832898172325,2048,0.9837984937662173,186.03515625,0.6209754943847656,0.795,0.37983706720977595,0.08444022770398482,0.27825261158594494,0.19381238388196012,100,0.26109660574412535,100,378,0.9869451697127938,494,381,0.9947780678851175,977
2,esr1,rabvs_budgeted_no_ucb,21068,383,0.01817922916271122,1024,367,0.7150317892824705,0.0036118553242639067,0.001366708316996602,55.007832898172325,55.007832898172325,2048,0.9837984937662173,182.6171875,0.6129797101020813,0.855,0.3719512195121951,0.036053130929791274,0.32288698955365625,0.28683385862386496,100,0.26109660574412535,100,366,0.9556135770234987,499,374,0.9765013054830287,992
2,esr1,rabvs_budgeted_random_parts,21068,383,0.01817922916271122,1024,92,0.582427536231884,0.0066150774973748215,0.0026630332030200534,55.007832898172325,55.007832898172325,2048,0.9837984937662173,175.78125,0.6091344356536865,0.776,0.3628865979381443,0.11480075901328274,0.24216524216524216,0.12736448315195942,100,0.26109660574412535,100,348,0.9086161879895561,486,360,0.9399477806788512,972
0,esr2,boba_ucb,20566,367,0.017844986871535545,1024,290,0.7701149425287356,0.0027457541237389167,0.0016323766830171824,56.038147138964575,56.038147138964575,2048,0.9834030276508152,172.8515625,0.6258530020713806,0.503,0.37814207650273224,0.03984450923226433,0.30642023346303504,0.2665757242307707,100,0.2724795640326976,100,347,0.9455040871934605,459,354,0.9645776566757494,825
0,esr2,rabvs_budgeted_reliable,20566,367,0.017844986871535545,1024,290,0.7701149425287356,0.0027457541237389167,0.0016323766830171824,56.038147138964575,56.038147138964575,2048,0.9834030276508152,171.875,0.6139100790023804,0.87,0.35030549898167007,0.03984450923226433,0.30642023346303504,0.2665757242307707,100,0.2724795640326976,100,346,0.9427792915531336,497,352,0.9591280653950953,995
0,esr2,rabvs_budgeted_no_ucb,20566,367,0.017844986871535545,1024,352,0.7182765151515151,0.0040805824044998235,0.0013416680681610535,56.038147138964575,56.038147138964575,2048,0.9834030276508152,175.29296875,0.6177436709403992,0.838,0.3588957055214724,0.03012633624878523,0.321011673151751,0.29088533690296575,100,0.2724795640326976,100,352,0.9591280653950953,495,359,0.9782016348773842,989
0,esr2,rabvs_budgeted_random_parts,20566,367,0.017844986871535545,1024,59,0.5056497175141242,0.0033818689964304647,0.004274450063826184,56.038147138964575,56.038147138964575,2048,0.9834030276508152,162.59765625,0.6221596002578735,0.845,0.3323108384458078,0.16034985422740525,0.18482490272373542,0.02447504849633017,100,0.2724795640326976,100,325,0.885558583106267,480,333,0.9073569482288828,975
1,esr2,boba_ucb,20566,367,0.017844986871535545,1024,181,0.8080110497237569,0.0036556043971522185,0.0017680914010947842,56.038147138964575,56.038147138964575,2048,0.9834030276508152,175.29296875,0.6291680335998535,0.482,0.38318777292576417,0.11564625850340136,0.23929961089494164,0.12365335239154028,100,0.2724795640326976,100,352,0.9591280653950953,475,359,0.9782016348773842,822
1,esr2,rabvs_budgeted_reliable,20566,367,0.017844986871535545,1024,181,0.8080110497237569,0.0036556043971522185,0.0017680914010947842,56.038147138964575,56.038147138964575,2048,0.9834030276508152,174.31640625,0.628082275390625,0.862,0.3550356052899288,0.11564625850340136,0.23929961089494164,0.12365335239154028,100,0.2724795640326976,100,353,0.9618528610354223,496,357,0.9727520435967303,995
1,esr2,rabvs_budgeted_no_ucb,20566,367,0.017844986871535545,1024,353,0.7164778092540132,0.004078382706655028,0.0014098859395105163,56.038147138964575,56.038147138964575,2048,0.9834030276508152,175.78125,0.6245958805084229,0.854,0.35881753312945974,0.0456754130223518,0.30739299610894943,0.26171758308659765,100,0.2724795640326976,100,353,0.9618528610354223,493,360,0.9809264305177112,988
1,esr2,rabvs_budgeted_random_parts,20566,367,0.017844986871535545,1024,118,0.4230225988700565,0.0050239343966239445,0.002274695180366317,56.038147138964575,56.038147138964575,2048,0.9834030276508152,171.38671875,0.6271294355392456,0.84,0.34928716904276985,0.11661807580174927,0.23151750972762647,0.1148994339258772,100,0.2724795640326976,100,343,0.9346049046321526,488,351,0.9564032697547684,983
2,esr2,boba_ucb,20566,367,0.017844986871535545,1024,170,0.8166666666666667,0.0029393029184492008,0.0020380024160429533,56.038147138964575,56.038147138964575,2048,0.9834030276508152,169.921875,0.6221270561218262,0.5349999999999999,0.3655913978494624,0.1000971817298348,0.24221789883268482,0.14212071710285,100,0.2724795640326976,100,343,0.9346049046321526,468,348,0.9482288828337875,825
2,esr2,rabvs_budgeted_reliable,20566,367,0.017844986871535545,1024,170,0.8166666666666667,0.0029393029184492008,0.0020380024160429533,56.038147138964575,56.038147138964575,2048,0.9834030276508152,168.9453125,0.6192776560783386,0.875,0.34419551934826886,0.1000971817298348,0.24221789883268482,0.14212071710285,100,0.2724795640326976,100,344,0.9373297002724795,497,346,0.9427792915531336,996
2,esr2,rabvs_budgeted_no_ucb,20566,367,0.017844986871535545,1024,354,0.7203389830508474,0.005471395000611344,0.0015022787417238832,56.038147138964575,56.038147138964575,2048,0.9834030276508152,176.26953125,0.6182298064231873,0.827,0.36057201225740554,0.01749271137026239,0.3336575875486381,0.31616487617837574,100,0.2724795640326976,100,353,0.9618528610354223,489,361,0.9836512261580381,989
2,esr2,rabvs_budgeted_random_parts,20566,367,0.017844986871535545,1024,133,0.6885964912280702,0.003295235672840208,0.0025232401907024265,56.038147138964575,56.038147138964575,2048,0.9834030276508152,163.0859375,0.6134429574012756,0.876,0.3316378433367243,0.12536443148688048,0.21498054474708173,0.08961611326020125,100,0.2724795640326976,100,327,0.8910081743869209,494,334,0.9100817438692098,994
0,fa10,boba_ucb,28862,537,0.018605779225278913,1024,231,0.7463924963924964,0.0018046437929494796,0.003523372694041563,53.746741154562386,53.746741154562386,2560,0.985217009678239,197.265625,0.5408234000205994,0.516,0.5102669404517454,0.09626038781163435,0.27165627165627165,0.1753958838446373,100,0.186219739292365,100,452,0.8417132216014898,493,505,0.9404096834264432,920
0,fa10,rabvs_budgeted_reliable,28862,537,0.018605779225278913,1024,231,0.7463924963924964,0.0018046437929494796,0.003523372694041563,53.746741154562386,53.746741154562386,2560,0.985217009678239,199.21875,0.5317431092262268,0.6839999999999999,0.5096446700507614,0.09626038781163435,0.27165627165627165,0.1753958838446373,100,0.186219739292365,100,455,0.8472998137802608,495,510,0.9497206703910615,978
0,fa10,rabvs_budgeted_no_ucb,28862,537,0.018605779225278913,1024,478,0.6328451882845189,0.008031930969752807,0.003836000243166126,53.746741154562386,53.746741154562386,2560,0.985217009678239,199.609375,0.538821280002594,0.65,0.5174897119341564,0.03183391003460208,0.3356449375866852,0.3038110275520831,100,0.186219739292365,100,469,0.8733705772811918,499,511,0.9515828677839852,945
0,fa10,rabvs_budgeted_random_parts,28862,537,0.018605779225278913,1024,233,0.5640200286123033,0.006566587364193267,0.005316500509466929,53.746741154562386,53.00284162301135,2560,0.985217009678239,187.5,0.5350570678710938,0.633,0.47918781725888326,0.10041551246537396,0.25086625086625086,0.15045073840087692,100,0.186219739292365,100,440,0.819366852886406,486,480,0.8938547486033519,941
1,fa10,boba_ucb,28862,537,0.018605779225278913,1024,270,0.7305555555555555,0.0031964924468794224,0.0035814553622336254,53.746741154562386,53.746741154562386,2560,0.985217009678239,198.046875,0.5425370335578918,0.5469999999999999,0.5118191161356629,0.08518005540166206,0.28135828135828134,0.19617822595661927,100,0.186219739292365,100,458,0.8528864059590316,498,507,0.9441340782122905,928
1,fa10,rabvs_budgeted_reliable,28862,537,0.018605779225278913,1024,270,0.7305555555555555,0.0031964924468794224,0.0035814553622336254,53.746741154562386,53.746741154562386,2560,0.985217009678239,199.21875,0.5345784425735474,0.673,0.5096642929806714,0.08518005540166206,0.28135828135828134,0.19617822595661927,100,0.186219739292365,100,460,0.8566108007448789,498,510,0.9497206703910615,973
1,fa10,rabvs_budgeted_no_ucb,28862,537,0.018605779225278913,1024,491,0.6223693143245078,0.00761032001056137,0.0035107942772144925,53.746741154562386,53.746741154562386,2560,0.985217009678239,198.4375,0.5374627113342285,0.643,0.5076297049847406,0.029778393351800554,0.3361053361053361,0.30632694275353556,100,0.186219739292365,100,474,0.88268156424581,499,508,0.9459962756052142,962
1,fa10,rabvs_budgeted_random_parts,28862,537,0.018605779225278913,1024,145,0.4045977011494253,0.004511734160657424,0.005776588299232061,53.746741154562386,53.188816505899105,2560,0.985217009678239,177.34375,0.5328556895256042,0.625,0.45594262295081966,0.1481994459833795,0.20304920304920304,0.05484975706582354,100,0.186219739292365,100,411,0.7653631284916201,486,454,0.845437616387337,947
2,fa10,boba_ucb,28862,537,0.018605779225278913,1024,318,0.629979035639413,0.0016001566319156645,0.0038351916258030742,53.746741154562386,53.746741154562386,2560,0.985217009678239,197.265625,0.5466967225074768,0.61,0.5087001023541453,0.11080332409972299,0.2494802494802495,0.1386769253805265,100,0.186219739292365,100,451,0.839851024208566,494,505,0.9404096834264432,925
2,fa10,rabvs_budgeted_reliable,28862,537,0.018605779225278913,1024,318,0.629979035639413,0.0016001566319156645,0.0038351916258030742,53.746741154562386,53.37479138878687,2560,0.985217009678239,192.96875,0.5381489396095276,0.738,0.49290060851926976,0.11080332409972299,0.2494802494802495,0.1386769253805265,100,0.186219739292365,100,449,0.8361266294227188,496,494,0.9199255121042831,985
2,fa10,rabvs_budgeted_no_ucb,28862,537,0.018605779225278913,1024,497,0.6074782025486251,0.008346521355236194,0.0034432120779547674,53.746741154562386,53.746741154562386,2560,0.985217009678239,199.21875,0.5358568429946899,0.663,0.5101626016260162,0.027008310249307478,0.3388773388773389,0.3118690286280314,100,0.186219739292365,100,477,0.888268156424581,496,510,0.9497206703910615,942
2,fa10,rabvs_budgeted_random_parts,28862,537,0.018605779225278913,1024,137,0.6922141119221411,0.0019114197323519895,0.0068931206081486495,53.746741154562386,52.07296720857255,2560,0.985217009678239,169.921875,0.544055163860321,0.762,0.434826883910387,0.1750865051903114,0.16296809986130376,-0.012118405329007653,100,0.186219739292365,100,382,0.7113594040968343,487,435,0.8100558659217877,969
0,fa7,boba_ucb,6364,114,0.017913262099308613,1024,112,0.8333333333333334,0.0029938461313884454,0.0003176851117440331,55.82456140350877,55.82456140350877,1278,0.9665304839723444,89.2018779342723,0.6256867051124573,0.40900000000000003,0.11764705882352941,0.01567398119122257,0.34276729559748426,0.32709331440626166,100,0.8771929824561403,76,114,1.0,397,114,1.0,753
0,fa7,rabvs_budgeted_reliable,6364,114,0.017913262099308613,1024,112,0.8333333333333334,0.0029938461313884454,0.0003176851117440331,55.82456140350877,55.82456140350877,1278,0.9665304839723444,88.41940532081377,0.6383928060531616,0.896,0.10665258711721225,0.01567398119122257,0.34276729559748426,0.32709331440626166,100,0.8771929824561403,79,113,0.9912280701754386,471,113,0.9912280701754386,971
0,fa7,rabvs_budgeted_no_ucb,6364,114,0.017913262099308613,1024,114,0.8318713450292398,0.0026399553177132874,0.00018379795528339522,55.82456140350877,55.82456140350877,1278,0.9665304839723444,89.2018779342723,0.6372308731079102,0.898,0.10770855332629356,0.018808777429467086,0.33962264150943394,0.32081386407996687,100,0.8771929824561403,78,114,1.0,471,114,1.0,971
0,fa7,rabvs_budgeted_random_parts,6364,114,0.017913262099308613,1024,67,0.39427860696517414,0.004985639206932243,0.0003508482678522403,55.82456140350877,55.82456140350877,1278,0.9665304839723444,86.85446009389672,0.6400290131568909,0.894,0.10454065469904963,0.08150470219435736,0.27672955974842767,0.19522485755407032,100,0.8771929824561403,76,111,0.9736842105263158,471,111,0.9736842105263158,971
1,fa7,boba_ucb,6364,114,0.017913262099308613,1024,109,0.8333333333333334,0.0024792233079924553,0.00042096419046080323,55.82456140350877,55.82456140350877,1278,0.9665304839723444,89.2018779342723,0.6319435834884644,0.389,0.11399548532731377,0.0219435736677116,0.3333333333333333,0.3113897596656217,100,0.8771929824561403,76,113,0.9912280701754386,379,114,1.0,726
1,fa7,rabvs_budgeted_reliable,6364,114,0.017913262099308613,1024,109,0.8333333333333334,0.0024792233079924553,0.00042096419046080323,55.82456140350877,55.82456140350877,1278,0.9665304839723444,88.41940532081377,0.6401410698890686,0.9,0.10649627263045794,0.0219435736677116,0.3333333333333333,0.3113897596656217,100,0.8771929824561403,78,113,0.9912280701754386,471,113,0.9912280701754386,971
1,fa7,rabvs_budgeted_no_ucb,6364,114,0.017913262099308613,1024,114,0.8326023391812866,0.0028063060032907515,0.00020710545129603498,55.82456140350877,55.82456140350877,1278,0.9665304839723444,89.2018779342723,0.6378971338272095,0.899,0.10767590618336886,0.018808777429467086,0.33962264150943394,0.32081386407996687,100,0.8771929824561403,79,114,1.0,471,114,1.0,971
1,fa7,rabvs_budgeted_random_parts,6364,114,0.017913262099308613,1024,41,0.6504065040650406,0.00340702225830056,0.0007108651727002618,55.82456140350877,55.82456140350877,1278,0.9665304839723444,72.76995305164318,0.6418130993843079,0.921,0.0855614973262032,0.2225705329153605,0.13522012578616352,-0.08735040712919698,93,0.8157894736842105,77,93,0.8157894736842105,477,93,0.8157894736842105,977
2,fa7,boba_ucb,6364,114,0.017913262099308613,1024,101,0.8333333333333334,0.0035597946654473845,0.00040125720037253597,55.82456140350877,55.82456140350877,1278,0.9665304839723444,89.2018779342723,0.6213088035583496,0.41500000000000004,0.1148105625717566,0.047021943573667714,0.3113207547169811,0.2642988111433134,100,0.8771929824561403,75,114,1.0,401,114,1.0,752
2,fa7,rabvs_budgeted_reliable,6364,114,0.017913262099308613,1024,101,0.8333333333333334,0.0035597946654473845,0.00040125720037253597,55.82456140350877,55.82456140350877,1278,0.9665304839723444,88.41940532081377,0.6408528685569763,0.9,0.10588235294117647,0.047021943573667714,0.3113207547169811,0.2642988111433134,100,0.8771929824561403,77,113,0.9912280701754386,471,113,0.9912280701754386,971
2,fa7,rabvs_budgeted_no_ucb,6364,114,0.017913262099308613,1024,114,0.8245614035087719,0.002959830593245125,0.00016824009460704957,55.82456140350877,55.82456140350877,1278,0.9665304839723444,89.2018779342723,0.638363778591156,0.899,0.10752688172043011,0.02821316614420063,0.330188679245283,0.3019755131010824,100,0.8771929824561403,78,114,1.0,471,114,1.0,971
2,fa7,rabvs_budgeted_random_parts,6364,114,0.017913262099308613,1024,25,0.5833333333333334,0.0043607602225608595,0.0021436144188072643,55.82456140350877,55.82456140350877,1278,0.9665304839723444,64.9452269170579,0.6416437029838562,0.902,0.07427341227125941,0.1724137931034483,0.18238993710691823,0.009976144003469939,83,0.7280701754385965,77,83,0.7280701754385965,473,83,0.7280701754385965,973
0,fabp4,boba_ucb,2797,47,0.016803718269574545,1024,41,0.8028455284552846,0.0035055768794964737,0.0021455597043591183,59.51063829787233,59.51063829787233,1135,0.9323680133476344,40.52863436123348,0.655773401260376,0.479,0.023289665211062592,0.07857142857142857,0.24285714285714285,0.16428571428571428,44,0.9361702127659575,69,45,0.9574468085106383,379,46,0.9787234042553191,667
0,fabp4,rabvs_budgeted_reliable,2797,47,0.016803718269574545,1024,41,0.8028455284552846,0.0035055768794964737,0.0021455597043591183,59.51063829787233,59.51063829787233,1135,0.9323680133476344,40.52863436123348,0.6607465147972107,0.595,0.019801980198019802,0.07857142857142857,0.24285714285714285,0.16428571428571428,44,0.9361702127659575,72,44,0.9361702127659575,429,46,0.9787234042553191,826
0,fabp4,rabvs_budgeted_no_ucb,2797,47,0.016803718269574545,1024,45,0.825925925925926,0.004468776549894985,0.0011391690116702865,59.51063829787233,59.51063829787233,1135,0.9323680133476344,41.409691629955944,0.6525588631629944,0.642,0.020935960591133004,0.02142857142857143,0.3,0.2785714285714286,45,0.9574468085106383,71,46,0.9787234042553191,444,47,1.0,824
0,fabp4,rabvs_budgeted_random_parts,2797,47,0.016803718269574545,1024,37,0.6418918918918919,0.004337894283848992,0.0023372091338499405,59.51063829787233,59.51063829787233,1135,0.9323680133476344,40.52863436123348,0.657711923122406,0.633,0.019753086419753086,0.07142857142857142,0.2571428571428571,0.1857142857142857,43,0.9148936170212766,72,45,0.9574468085106383,439,46,0.9787234042553191,827
1,fabp4,boba_ucb,2797,47,0.016803718269574545,1024,45,0.7611111111111111,0.00347961757850249,0.0020325769096632036,59.51063829787233,59.51063829787233,1135,0.9323680133476344,40.52863436123348,0.6595140695571899,0.48,0.03215926493108729,0.03571428571428571,0.2857142857142857,0.25,44,0.9361702127659575,67,45,0.9574468085106383,364,46,0.9787234042553191,656
1,fabp4,rabvs_budgeted_reliable,2797,47,0.016803718269574545,1024,45,0.7611111111111111,0.00347961757850249,0.0020325769096632036,59.51063829787233,59.51063829787233,1135,0.9323680133476344,40.52863436123348,0.6547509431838989,0.624,0.026683608640406607,0.03571428571428571,0.2857142857142857,0.25,44,0.9361702127659575,72,45,0.9574468085106383,429,46,0.9787234042553191,817
1,fabp4,rabvs_budgeted_no_ucb,2797,47,0.016803718269574545,1024,46,0.8278985507246377,0.00626686511713707,0.00102422273044243,59.51063829787233,59.51063829787233,1135,0.9323680133476344,41.409691629955944,0.6552621722221375,0.654,0.02795425667090216,0.02857142857142857,0.3,0.2714285714285714,46,0.9787234042553191,71,47,1.0,456,47,1.0,825
1,fabp4,rabvs_budgeted_random_parts,2797,47,0.016803718269574545,1024,26,0.4807692307692308,0.007130054975160936,0.0031186065041259917,59.51063829787233,59.51063829787233,1135,0.9323680133476344,41.409691629955944,0.6587622761726379,0.645,0.028277634961439587,0.08571428571428572,0.24285714285714285,0.15714285714285714,44,0.9361702127659575,73,47,1.0,452,47,1.0,813
2,fabp4,boba_ucb,2797,47,0.016803718269574545,1024,42,0.7738095238095238,0.006727367316102674,0.002381825812766385,59.51063829787233,59.51063829787233,1135,0.9323680133476344,40.52863436123348,0.6614795327186584,0.499,0.04328358208955224,0.02857142857142857,0.29285714285714287,0.2642857142857143,45,0.9574468085106383,67,46,0.9787234042553191,357,46,0.9787234042553191,654
2,fabp4,rabvs_budgeted_reliable,2797,47,0.016803718269574545,1024,42,0.7738095238095238,0.006727367316102674,0.002381825812766385,59.51063829787233,59.51063829787233,1135,0.9323680133476344,40.52863436123348,0.658158004283905,0.639,0.03598014888337469,0.02857142857142857,0.29285714285714287,0.2642857142857143,45,0.9574468085106383,72,45,0.9574468085106383,441,46,0.9787234042553191,809
2,fabp4,rabvs_budgeted_no_ucb,2797,47,0.016803718269574545,1024,46,0.822463768115942,0.006367901061289551,0.0010223750590098832,59.51063829787233,59.51063829787233,1135,0.9323680133476344,41.409691629955944,0.6551920771598816,0.661,0.03654080389768575,0.02142857142857143,0.30714285714285716,0.28571428571428575,46,0.9787234042553191,71,47,1.0,455,47,1.0,810
2,fabp4,rabvs_budgeted_random_parts,2797,47,0.016803718269574545,1024,18,0.7870370370370371,0.007141625639368824,0.001432581186268708,59.51063829787233,59.51063829787233,1135,0.9323680133476344,41.409691629955944,0.6581106185913086,0.655,0.03745318352059925,0.19285714285714287,0.1357142857142857,-0.05714285714285716,46,0.9787234042553191,72,47,1.0,453,47,1.0,804
0,fak1,boba_ucb,5450,100,0.01834862385321101,1024,91,0.8333333333333334,0.0020741054323113552,0.0016476242126354102,54.5,54.5,1242,0.9620183486238532,78.90499194847021,0.6397356986999512,0.481,0.07751937984496124,0.03296703296703297,0.3272058823529412,0.2942388493859082,92,0.92,44,98,0.98,407,98,0.98,843
0,fak1,rabvs_budgeted_reliable,5450,100,0.01834862385321101,1024,91,0.8333333333333334,0.0020741054323113552,0.0016476242126354102,54.5,54.5,1242,0.9620183486238532,78.90499194847021,0.6246551275253296,0.989,0.07667031763417305,0.03296703296703297,0.3272058823529412,0.2942388493859082,93,0.93,44,98,0.98,444,98,0.98,944
0,fak1,rabvs_budgeted_no_ucb,5450,100,0.01834862385321101,1024,99,0.819023569023569,0.00354953689847343,0.0007100881155962985,54.5,54.5,1242,0.9620183486238532,79.71014492753622,0.6213582158088684,0.989,0.07776560788608981,0.03663003663003663,0.3272058823529412,0.29057584572290457,98,0.98,44,99,0.99,444,99,0.99,944
0,fak1,rabvs_budgeted_random_parts,5450,100,0.01834862385321101,1024,93,0.5510752688172043,0.004425271926690353,0.001673792025913953,54.5,54.5,1242,0.9620183486238532,78.09983896940419,0.6280575394630432,0.977,0.07582417582417582,0.029304029304029304,0.3272058823529412,0.29790185304891187,93,0.93,44,97,0.97,443,97,0.97,943
1,fak1,boba_ucb,5450,100,0.01834862385321101,1024,97,0.8316151202749141,0.0031059675395716238,0.0009714520868510226,54.5,54.5,1242,0.9620183486238532,79.71014492753622,0.6435616612434387,0.56,0.04964539007092199,0.029197080291970802,0.3333333333333333,0.3041362530413625,96,0.96,44,99,0.99,396,99,0.99,823
1,fak1,rabvs_budgeted_reliable,5450,100,0.01834862385321101,1024,97,0.8316151202749141,0.0031059675395716238,0.0009714520868510226,54.5,54.5,1242,0.9620183486238532,78.90499194847021,0.6224510073661804,0.986,0.046750285062713795,0.029197080291970802,0.3333333333333333,0.3041362530413625,96,0.96,44,98,0.98,444,98,0.98,944
1,fak1,rabvs_budgeted_no_ucb,5450,100,0.01834862385321101,1024,99,0.8148148148148148,0.0028939893782020114,0.0008003214975467722,54.5,54.5,1242,0.9620183486238532,79.71014492753622,0.6239247918128967,0.988,0.04772727272727273,0.03663003663003663,0.3272058823529412,0.29057584572290457,98,0.98,44,99,0.99,444,99,0.99,944
1,fak1,rabvs_budgeted_random_parts,5450,100,0.01834862385321101,1024,71,0.38615023474178406,0.0010677766939313138,0.001732783947753474,54.5,54.5,1242,0.9620183486238532,78.09983896940419,0.6207941174507141,0.991,0.04540295119182747,0.06227106227106227,0.29411764705882354,0.23184658478776127,91,0.91,44,97,0.97,444,97,0.97,944
2,fak1,boba_ucb,5450,100,0.01834862385321101,1024,98,0.8205782312925171,0.003965871978517062,0.0008241247257299405,54.5,54.5,1242,0.9620183486238532,80.51529790660226,0.6425957083702087,0.492,0.05517241379310345,0.03663003663003663,0.3272058823529412,0.29057584572290457,97,0.97,44,99,0.99,407,100,1.0,831
2,fak1,rabvs_budgeted_reliable,5450,100,0.01834862385321101,1024,98,0.8205782312925171,0.003965871978517062,0.0008241247257299405,54.5,54.5,1242,0.9620183486238532,78.90499194847021,0.6252186894416809,0.984,0.05066079295154185,0.03663003663003663,0.3272058823529412,0.29057584572290457,97,0.97,44,98,0.98,444,98,0.98,944
2,fak1,rabvs_budgeted_no_ucb,5450,100,0.01834862385321101,1024,98,0.8239795918367347,0.004019930979102101,0.000748943951863225,54.5,54.5,1242,0.9620183486238532,78.90499194847021,0.6208363771438599,0.988,0.050997782705099776,0.03296703296703297,0.3272058823529412,0.2942388493859082,98,0.98,44,98,0.98,443,98,0.98,943
2,fak1,rabvs_budgeted_random_parts,5450,100,0.01834862385321101,1024,59,0.5169491525423728,0.0033933108933592885,0.0012949067039126955,54.5,54.5,1242,0.9620183486238532,78.09983896940419,0.6226369738578796,0.987,0.05011135857461024,0.029304029304029304,0.33088235294117646,0.30157832363714715,95,0.95,44,97,0.97,444,97,0.97,944
0,fgfr1,boba_ucb,8839,139,0.01572576083267338,1024,95,0.8184210526315789,0.004014725462067895,0.003013470040516138,63.589928057553955,63.589928057553955,1536,0.9710374476750764,87.23958333333333,0.6221014261245728,0.515,0.13548387096774195,0.09728506787330317,0.20588235294117646,0.10859728506787329,100,0.7194244604316546,100,133,0.9568345323741008,454,134,0.9640287769784173,875
0,fgfr1,rabvs_budgeted_reliable,8839,139,0.01572576083267338,1024,95,0.8184210526315789,0.004014725462067895,0.003013470040516138,63.589928057553955,63.589928057553955,1536,0.9710374476750764,85.28645833333333,0.6120542883872986,0.904,0.1277258566978193,0.09728506787330317,0.20588235294117646,0.10859728506787329,99,0.7122302158273381,100,131,0.9424460431654677,498,131,0.9424460431654677,998
0,fgfr1,rabvs_budgeted_no_ucb,8839,139,0.01572576083267338,1024,133,0.7794486215538847,0.005519147014325123,0.00207160119582352,63.589928057553955,63.589928057553955,1536,0.9710374476750764,87.23958333333333,0.6113959550857544,0.888,0.1305699481865285,0.06561085972850679,0.23755656108597284,0.17194570135746606,100,0.7194244604316546,100,134,0.9640287769784173,497,134,0.9640287769784173,997
0,fgfr1,rabvs_budgeted_random_parts,8839,139,0.01572576083267338,1024,47,0.6400709219858156,0.008336367717234085,0.004243106315260911,63.589928057553955,63.589928057553955,1536,0.9710374476750764,82.03125,0.6266041398048401,0.863,0.12343096234309624,0.08803611738148984,0.21040723981900453,0.12237112243751469,98,0.7050359712230215,100,125,0.8992805755395683,484,126,0.9064748201438849,983
1,fgfr1,boba_ucb,8839,139,0.01572576083267338,1024,115,0.808695652173913,0.0050571125309233226,0.002874303498390289,63.589928057553955,63.589928057553955,1536,0.9710374476750764,85.28645833333333,0.6233168244361877,0.502,0.1354625550660793,0.06334841628959276,0.2330316742081448,0.16968325791855204,100,0.7194244604316546,100,130,0.935251798561151,459,131,0.9424460431654677,869
1,fgfr1,rabvs_budgeted_reliable,8839,139,0.01572576083267338,1024,115,0.808695652173913,0.0050571125309233226,0.002874303498390289,63.589928057553955,63.589928057553955,1536,0.9710374476750764,85.9375,0.6123733520507812,0.899,0.13011542497376705,0.06334841628959276,0.2330316742081448,0.16968325791855204,100,0.7194244604316546,100,131,0.9424460431654677,496,132,0.9496402877697842,996
1,fgfr1,rabvs_budgeted_no_ucb,8839,139,0.01572576083267338,1024,133,0.7330827067669173,0.006387192680149763,0.002421099089272301,63.589928057553955,63.589928057553955,1536,0.9710374476750764,87.890625,0.6144943833351135,0.871,0.13229166666666667,0.0746606334841629,0.22850678733031674,0.15384615384615385,100,0.7194244604316546,100,134,0.9640287769784173,497,135,0.9712230215827338,997
1,fgfr1,rabvs_budgeted_random_parts,8839,139,0.01572576083267338,1024,57,0.7558479532163743,0.006786019466279281,0.004353389482831947,63.589928057553955,63.589928057553955,1536,0.9710374476750764,77.47395833333333,0.610747218132019,0.879,0.11610878661087866,0.12895927601809956,0.14705882352941177,0.01809954751131221,98,0.7050359712230215,100,116,0.8345323741007195,496,119,0.8561151079136691,996
2,fgfr1,boba_ucb,8839,139,0.01572576083267338,1024,110,0.8159090909090909,0.0044561629802302325,0.0034121582078252815,63.589928057553955,63.589928057553955,1536,0.9710374476750764,79.42708333333333,0.6167410612106323,0.495,0.12114771519659936,0.06561085972850679,0.21040723981900453,0.14479638009049772,100,0.7194244604316546,100,119,0.8561151079136691,469,122,0.8776978417266187,907
2,fgfr1,rabvs_budgeted_reliable,8839,139,0.01572576083267338,1024,110,0.8159090909090909,0.0044561629802302325,0.0034121582078252815,63.589928057553955,63.589928057553955,1536,0.9710374476750764,80.078125,0.6120539903640747,0.907,0.11929460580912864,0.06561085972850679,0.21040723981900453,0.14479638009049772,100,0.7194244604316546,100,121,0.8705035971223022,498,123,0.8848920863309353,997
2,fgfr1,rabvs_budgeted_no_ucb,8839,139,0.01572576083267338,1024,120,0.7951388888888888,0.003179616517734298,0.0029901074735184234,63.589928057553955,63.589928057553955,1536,0.9710374476750764,80.078125,0.6148266792297363,0.913,0.11904761904761904,0.049773755656108594,0.2239819004524887,0.1742081447963801,100,0.7194244604316546,100,121,0.8705035971223022,498,123,0.8848920863309353,998
2,fgfr1,rabvs_budgeted_random_parts,8839,139,0.01572576083267338,1024,72,0.6006944444444444,0.010610761337714564,0.00393051536515769,63.589928057553955,63.589928057553955,1536,0.9710374476750764,85.9375,0.6154448986053467,0.859,0.1297071129707113,0.09502262443438914,0.20588235294117646,0.11085972850678733,100,0.7194244604316546,100,130,0.935251798561151,492,132,0.9496402877697842,990
0,fkb1a,boba_ucb,5911,111,0.018778548468956182,1024,111,0.8325825825825826,0.0024844908486741334,0.0001348968834804271,53.252252252252255,53.252252252252255,1260,0.9644730164100829,88.0952380952381,0.6304159760475159,0.43999999999999995,0.11049107142857142,0.013513513513513514,0.3614864864864865,0.347972972972973,100,0.9009009009009009,81,111,1.0,435,111,1.0,840
0,fkb1a,rabvs_budgeted_reliable,5911,111,0.018778548468956182,1024,111,0.8325825825825826,0.0024844908486741334,0.0001348968834804271,53.252252252252255,53.252252252252255,1260,0.9644730164100829,88.0952380952381,0.6133993864059448,0.906,0.10476190476190476,0.013513513513513514,0.3614864864864865,0.347972972972973,100,0.9009009009009009,84,111,1.0,479,111,1.0,979
0,fkb1a,rabvs_budgeted_no_ucb,5911,111,0.018778548468956182,1024,111,0.8325825825825826,0.002034157232972538,0.00012280452501293383,53.252252252252255,53.252252252252255,1260,0.9644730164100829,88.0952380952381,0.6128610372543335,0.907,0.10432033719704953,0.013513513513513514,0.3614864864864865,0.347972972972973,100,0.9009009009009009,84,111,1.0,479,111,1.0,979
0,fkb1a,rabvs_budgeted_random_parts,5911,111,0.018778548468956182,1024,37,0.6373873873873874,0.004573940118165686,0.0005305136053660229,53.252252252252255,53.252252252252255,1260,0.9644730164100829,85.71428571428571,0.6112318634986877,0.894,0.10201912858660998,0.10472972972972973,0.2702702702702703,0.16554054054054057,100,0.9009009009009009,81,108,0.972972972972973,476,108,0.972972972972973,976
1,fkb1a,boba_ucb,5911,111,0.018778548468956182,1024,109,0.8333333333333334,0.0027029724489175547,0.00024344633273773976,53.252252252252255,53.252252252252255,1260,0.9644730164100829,88.0952380952381,0.6282265782356262,0.478,0.11259754738015608,0.02364864864864865,0.35135135135135137,0.32770270270270274,100,0.9009009009009009,81,111,1.0,436,111,1.0,834
1,fkb1a,rabvs_budgeted_reliable,5911,111,0.018778548468956182,1024,109,0.8333333333333334,0.0027029724489175547,0.00024344633273773976,53.252252252252255,53.252252252252255,1260,0.9644730164100829,88.0952380952381,0.6124019026756287,0.904,0.10756123535676251,0.02364864864864865,0.35135135135135137,0.32770270270270274,100,0.9009009009009009,84,111,1.0,479,111,1.0,979
1,fkb1a,rabvs_budgeted_no_ucb,5911,111,0.018778548468956182,1024,111,0.8325825825825826,0.002001198720376427,8.145574392707347e-05,53.252252252252255,53.252252252252255,1260,0.9644730164100829,88.0952380952381,0.6142379641532898,0.905,0.10756123535676251,0.013513513513513514,0.3614864864864865,0.347972972972973,100,0.9009009009009009,85,111,1.0,479,111,1.0,979
1,fkb1a,rabvs_budgeted_random_parts,5911,111,0.018778548468956182,1024,31,0.2768817204301075,0.0025264835547576057,0.000708640959948123,53.252252252252255,53.252252252252255,1260,0.9644730164100829,86.5079365079365,0.6139224171638489,0.909,0.10498409331919406,0.1554054054054054,0.2195945945945946,0.0641891891891892,100,0.9009009009009009,81,109,0.9819819819819819,479,109,0.9819819819819819,979
2,fkb1a,boba_ucb,5911,111,0.018778548468956182,1024,110,0.8333333333333334,0.0022679074487602364,0.00019626353410584922,53.252252252252255,53.252252252252255,1260,0.9644730164100829,88.0952380952381,0.6316395401954651,0.44299999999999995,0.11512415349887133,0.02027027027027027,0.3547297297297297,0.33445945945945943,100,0.9009009009009009,81,111,1.0,427,111,1.0,826
2,fkb1a,rabvs_budgeted_reliable,5911,111,0.018778548468956182,1024,110,0.8333333333333334,0.0022679074487602364,0.00019626353410584922,53.252252252252255,53.252252252252255,1260,0.9644730164100829,88.0952380952381,0.612013578414917,0.907,0.10736842105263159,0.02027027027027027,0.3547297297297297,0.33445945945945943,100,0.9009009009009009,84,111,1.0,479,111,1.0,979
2,fkb1a,rabvs_budgeted_no_ucb,5911,111,0.018778548468956182,1024,111,0.8333333333333334,0.0019546616671179966,7.397539976175432e-05,53.252252252252255,53.252252252252255,1260,0.9644730164100829,88.0952380952381,0.6137662529945374,0.906,0.10759493670886076,0.016891891891891893,0.3581081081081081,0.34121621621621623,100,0.9009009009009009,86,111,1.0,479,111,1.0,979
2,fkb1a,rabvs_budgeted_random_parts,5911,111,0.018778548468956182,1024,47,0.7092198581560284,0.0034303862642407904,0.0002863263868780901,53.252252252252255,53.252252252252255,1260,0.9644730164100829,87.30158730158729,0.6110391616821289,0.906,0.10642781875658588,0.0777027027027027,0.2972972972972973,0.21959459459459463,100,0.9009009009009009,83,110,0.990990990990991,479,110,0.990990990990991,979
0,fnta,boba_ucb,50592,592,0.01170145477545857,1024,240,0.7763888888888889,0.0024441904935019318,0.002066520750729335,85.45945945945945,83.43275291101378,3584,0.9881931267130508,154.296875,0.5253451466560364,0.6990000000000001,0.5522842639593909,0.06640316205533597,0.16403162055335968,0.0976284584980237,100,0.16891891891891891,100,489,0.8260135135135135,498,553,0.9341216216216216,937
0,fnta,rabvs_budgeted_reliable,50592,592,0.01170145477545857,1024,240,0.7763888888888889,0.0024441904935019318,0.002066520750729335,85.45945945945945,83.43275291101378,3584,0.9881931267130508,152.06473214285714,0.5224160552024841,0.846,0.5429726996966633,0.06640316205533597,0.16403162055335968,0.0976284584980237,100,0.16891891891891891,100,490,0.8277027027027027,499,545,0.9206081081081081,988
0,fnta,rabvs_budgeted_no_ucb,50592,592,0.01170145477545857,1024,531,0.617231638418079,0.01216938231019538,0.003467246142068799,85.45945945945945,83.9394295481252,3584,0.9881931267130508,153.18080357142858,0.5233744978904724,0.813,0.5474747474747474,0.010276679841897233,0.21778656126482213,0.2075098814229249,100,0.16891891891891891,100,492,0.831081081081081,500,549,0.9273648648648649,972
0,fnta,rabvs_budgeted_random_parts,50592,592,0.01170145477545857,1024,205,0.6922764227642276,0.008898343781909464,0.003380226922262093,85.45945945945945,81.74383078730905,3584,0.9881931267130508,155.41294642857142,0.5248727202415466,0.78,0.5545454545454546,0.03241106719367589,0.1948616600790514,0.1624505928853755,100,0.16891891891891891,100,482,0.8141891891891891,499,557,0.9408783783783784,955
1,fnta,boba_ucb,50592,592,0.01170145477545857,1024,345,0.6528985507246376,0.002967926502580453,0.0018148536378265654,85.45945945945945,84.61499839760708,3584,0.9881931267130508,154.01785714285714,0.5238660573959351,0.726,0.5557830092118731,0.05691699604743083,0.17233201581027668,0.11541501976284585,100,0.16891891891891891,100,497,0.839527027027027,500,552,0.9324324324324325,946
1,fnta,rabvs_budgeted_reliable,50592,592,0.01170145477545857,1024,345,0.6528985507246376,0.002967926502580453,0.0018148536378265654,85.45945945945945,84.61499839760708,3584,0.9881931267130508,154.01785714285714,0.519325852394104,0.851,0.5501519756838906,0.05691699604743083,0.17233201581027668,0.11541501976284585,100,0.16891891891891891,100,496,0.8378378378378378,500,552,0.9324324324324325,988
1,fnta,rabvs_budgeted_no_ucb,50592,592,0.01170145477545857,1024,536,0.6239116915422885,0.011064741013942505,0.0029938891797776394,85.45945945945945,84.44610618523662,3584,0.9881931267130508,153.73883928571428,0.5200431942939758,0.827,0.5484848484848485,0.0071146245059288534,0.22094861660079052,0.21383399209486167,100,0.16891891891891891,100,496,0.8378378378378378,500,551,0.9307432432432432,977
1,fnta,rabvs_budgeted_random_parts,50592,592,0.01170145477545857,1024,153,0.16013071895424835,0.006161537531335508,0.004044745367798482,85.45945945945945,73.97478901826727,3584,0.9881931267130508,146.20535714285714,0.5313813090324402,0.785,0.5265848670756647,0.11062821019359936,0.11506524317912219,0.0044370329855228235,100,0.16891891891891891,100,437,0.7381756756756757,498,524,0.8851351351351351,954
2,fnta,boba_ucb,50592,592,0.01170145477545857,1024,264,0.6742424242424242,0.0018676701552124504,0.0018811020068356353,85.45945945945945,83.43275291101378,3584,0.9881931267130508,154.296875,0.5266233682632446,0.6910000000000001,0.5557830092118731,0.05612648221343874,0.17233201581027668,0.11620553359683794,100,0.16891891891891891,100,489,0.8260135135135135,499,553,0.9341216216216216,954
2,fnta,rabvs_budgeted_reliable,50592,592,0.01170145477545857,1024,264,0.6742424242424242,0.0018676701552124504,0.0018811020068356353,85.45945945945945,83.26386069864331,3584,0.9881931267130508,152.62276785714286,0.5233103036880493,0.831,0.5434343434343434,0.05612648221343874,0.17233201581027668,0.11620553359683794,100,0.16891891891891891,100,489,0.8260135135135135,499,547,0.9239864864864865,992
2,fnta,rabvs_budgeted_no_ucb,50592,592,0.01170145477545857,1024,538,0.6121437422552665,0.0068385591431206205,0.002142682052691862,85.45945945945945,84.95278282234804,3584,0.9881931267130508,155.13392857142858,0.517775297164917,0.817,0.5525252525252525,0.011857707509881422,0.21541501976284586,0.20355731225296445,100,0.16891891891891891,100,497,0.839527027027027,500,556,0.9391891891891891,984
2,fnta,rabvs_budgeted_random_parts,50592,592,0.01170145477545857,1024,26,0.5833333333333334,0.001931666442604414,0.0031882143073786186,85.45945945945945,77.35263326567674,3584,0.9881931267130508,146.76339285714286,0.5242535471916199,0.854,0.5232323232323233,0.14387351778656127,0.08300395256916997,-0.0608695652173913,100,0.16891891891891891,100,455,0.768581081081081,499,526,0.8885135135135135,986
0,fpps,boba_ucb,8935,85,0.009513150531617236,1024,85,0.8333333333333334,0.002944713516829976,6.923004131536991e-05,105.11764705882352,100.39325842696628,1536,0.9713486289871293,55.338541666666664,0.6708961725234985,0.33299999999999996,0.07174231332357248,0.0022371364653243847,0.18791946308724833,0.18568232662192394,85,1.0,68,85,1.0,354,85,1.0,629
0,fpps,rabvs_budgeted_reliable,8935,85,0.009513150531617236,1024,85,0.8333333333333334,0.002944713516829976,6.923004131536991e-05,105.11764705882352,100.39325842696628,1536,0.9713486289871293,55.338541666666664,0.6189647912979126,0.911,0.0527448869752422,0.0022371364653243847,0.18791946308724833,0.18568232662192394,85,1.0,69,85,1.0,468,85,1.0,968
0,fpps,rabvs_budgeted_no_ucb,8935,85,0.009513150531617236,1024,85,0.8333333333333334,0.0017004246915001925,2.2062734856537813e-05,105.11764705882352,100.39325842696628,1536,0.9713486289871293,55.338541666666664,0.6196354627609253,0.914,0.052801724137931036,0.011185682326621925,0.1789709172259508,0.16778523489932887,85,1.0,68,85,1.0,468,85,1.0,968
0,fpps,rabvs_budgeted_random_parts,8935,85,0.009513150531617236,1024,31,0.40053763440860213,0.00356256887072801,0.00016276852130305133,105.11764705882352,100.39325842696628,1536,0.9713486289871293,55.338541666666664,0.6183863878250122,0.906,0.05285868392664509,0.04697986577181208,0.14317673378076062,0.09619686800894854,85,1.0,67,85,1.0,467,85,1.0,967
1,fpps,boba_ucb,8935,85,0.009513150531617236,1024,85,0.8333333333333334,0.002354737477709443,4.7917491269640056e-05,105.11764705882352,100.39325842696628,1536,0.9713486289871293,55.338541666666664,0.6755195260047913,0.36,0.09469153515064563,0.006711409395973154,0.18344519015659955,0.1767337807606264,85,1.0,67,85,1.0,336,85,1.0,598
1,fpps,rabvs_budgeted_reliable,8935,85,0.009513150531617236,1024,85,0.8333333333333334,0.002354737477709443,4.7917491269640056e-05,105.11764705882352,100.39325842696628,1536,0.9713486289871293,55.338541666666664,0.6168417930603027,0.911,0.06875,0.006711409395973154,0.18344519015659955,0.1767337807606264,85,1.0,68,85,1.0,468,85,1.0,968
1,fpps,rabvs_budgeted_no_ucb,8935,85,0.009513150531617236,1024,85,0.8333333333333334,0.0019029049769546,2.5816472621056323e-05,105.11764705882352,100.39325842696628,1536,0.9713486289871293,55.338541666666664,0.6171558499336243,0.912,0.06875,0.004454342984409799,0.1860986547085202,0.18164431172411039,85,1.0,68,85,1.0,468,85,1.0,968
1,fpps,rabvs_budgeted_random_parts,8935,85,0.009513150531617236,1024,8,0.8333333333333334,0.0030810312890545994,7.681054235300949e-05,105.11764705882352,100.39325842696628,1536,0.9713486289871293,55.338541666666664,0.615203857421875,0.908,0.06875,0.06263982102908278,0.12751677852348994,0.06487695749440717,85,1.0,69,85,1.0,468,85,1.0,968
2,fpps,boba_ucb,8935,85,0.009513150531617236,1024,85,0.8333333333333334,0.0023153691817927873,5.0955597520613984e-05,105.11764705882352,100.39325842696628,1536,0.9713486289871293,55.338541666666664,0.6825017929077148,0.32399999999999995,0.06824512534818941,0.0,0.19101123595505617,0.19101123595505617,85,1.0,67,85,1.0,322,85,1.0,596
2,fpps,rabvs_budgeted_reliable,8935,85,0.009513150531617236,1024,85,0.8333333333333334,0.0023153691817927873,5.0955597520613984e-05,105.11764705882352,100.39325842696628,1536,0.9713486289871293,55.338541666666664,0.6228166222572327,0.913,0.05263157894736842,0.0,0.19101123595505617,0.19101123595505617,85,1.0,69,85,1.0,468,85,1.0,968
2,fpps,rabvs_budgeted_no_ucb,8935,85,0.009513150531617236,1024,85,0.8333333333333334,0.0017152344655126453,2.2409860554351393e-05,105.11764705882352,100.39325842696628,1536,0.9713486289871293,55.338541666666664,0.6221218109130859,0.914,0.05263157894736842,0.0022371364653243847,0.18791946308724833,0.18568232662192394,85,1.0,69,85,1.0,468,85,1.0,968
2,fpps,rabvs_budgeted_random_parts,8935,85,0.009513150531617236,1024,8,0.8333333333333334,0.003570144670416962,0.00015566369537771779,105.11764705882352,100.39325842696628,1536,0.9713486289871293,55.338541666666664,0.6194822788238525,0.901,0.0527448869752422,0.06935123042505593,0.12080536912751678,0.05145413870246085,85,1.0,68,85,1.0,467,85,1.0,967
0,gcr,boba_ucb,15257,258,0.016910270695418495,1024,197,0.7436548223350253,0.003012186742902479,0.0037504676555130153,59.13565891472869,59.13565891472869,1792,0.9804242861200323,133.37053571428572,0.6296003460884094,0.5509999999999999,0.24812030075187969,0.05897771952817824,0.2608125819134993,0.20183486238532108,100,0.3875968992248062,100,229,0.8875968992248062,468,239,0.9263565891472868,848
0,gcr,rabvs_budgeted_reliable,15257,258,0.016910270695418495,1024,197,0.7436548223350253,0.003012186742902479,0.0037504676555130153,59.13565891472869,59.13565891472869,1792,0.9804242861200323,138.39285714285714,0.6170209050178528,0.882,0.2494824016563147,0.05897771952817824,0.2608125819134993,0.20183486238532108,100,0.3875968992248062,100,237,0.9186046511627907,493,248,0.9612403100775194,991
0,gcr,rabvs_budgeted_no_ucb,15257,258,0.016910270695418495,1024,237,0.7130801687763713,0.0064271702544315915,0.003745387076557241,59.13565891472869,59.13565891472869,1792,0.9804242861200323,140.06696428571428,0.6187278032302856,0.848,0.2557651991614256,0.05504587155963303,0.272608125819135,0.21756225425950199,100,0.3875968992248062,100,242,0.937984496124031,483,251,0.9728682170542635,976
0,gcr,rabvs_budgeted_random_parts,15257,258,0.016910270695418495,1024,45,0.6259259259259259,0.009884641478958737,0.009084133784315204,59.13565891472869,47.92693925115266,1792,0.9804242861200323,117.1875,0.6122339963912964,0.789,0.20997920997921,0.1869281045751634,0.1314060446780552,-0.055522059897108206,96,0.37209302325581395,100,193,0.748062015503876,466,210,0.813953488372093,939
1,gcr,boba_ucb,15257,258,0.016910270695418495,1024,155,0.7473118279569892,0.006323969920801584,0.004371224162324342,59.13565891472869,59.13565891472869,1792,0.9804242861200323,133.92857142857142,0.6311119794845581,0.534,0.25,0.06684141546526867,0.254259501965924,0.18741808650065533,100,0.3875968992248062,100,230,0.8914728682170543,460,240,0.9302325581395349,850
1,gcr,rabvs_budgeted_reliable,15257,258,0.016910270695418495,1024,155,0.7473118279569892,0.006323969920801584,0.004371224162324342,59.13565891472869,59.13565891472869,1792,0.9804242861200323,138.95089285714286,0.6177383661270142,0.81,0.24871001031991744,0.06684141546526867,0.254259501965924,0.18741808650065533,100,0.3875968992248062,100,234,0.9069767441860465,476,249,0.9651162790697675,965
1,gcr,rabvs_budgeted_no_ucb,15257,258,0.016910270695418495,1024,238,0.7149859943977591,0.008012727387350413,0.0033315197851112037,59.13565891472869,59.13565891472869,1792,0.9804242861200323,140.625,0.6177220940589905,0.835,0.2533748701973001,0.045871559633027525,0.2857142857142857,0.23984272608125817,100,0.3875968992248062,100,245,0.9496124031007752,488,252,0.9767441860465116,972
1,gcr,rabvs_budgeted_random_parts,15257,258,0.016910270695418495,1024,66,0.6060606060606061,0.01350249555600301,0.007512299456893515,59.13565891472869,52.5650301464255,1792,0.9804242861200323,112.72321428571429,0.6150385737419128,0.751,0.2027168234064786,0.145478374836173,0.1651376146788991,0.01965923984272608,99,0.38372093023255816,100,188,0.7286821705426356,469,202,0.7829457364341085,937
2,gcr,boba_ucb,15257,258,0.016910270695418495,1024,154,0.801948051948052,0.0037150300552604206,0.0038397819473883327,59.13565891472869,59.13565891472869,1792,0.9804242861200323,134.48660714285714,0.6232677698135376,0.577,0.24708377518557795,0.09436435124508519,0.22804718217562253,0.13368283093053734,100,0.3875968992248062,100,234,0.9069767441860465,461,241,0.9341085271317829,867
2,gcr,rabvs_budgeted_reliable,15257,258,0.016910270695418495,1024,154,0.801948051948052,0.0037150300552604206,0.0038397819473883327,59.13565891472869,59.13565891472869,1792,0.9804242861200323,138.39285714285714,0.6090203523635864,0.868,0.24615384615384617,0.09436435124508519,0.22804718217562253,0.13368283093053734,100,0.3875968992248062,100,239,0.9263565891472868,481,248,0.9612403100775194,976
2,gcr,rabvs_budgeted_no_ucb,15257,258,0.016910270695418495,1024,239,0.7304741980474198,0.008365146323860288,0.0036425349478125435,59.13565891472869,59.13565891472869,1792,0.9804242861200323,141.74107142857142,0.6120975017547607,0.836,0.25625,0.05504587155963303,0.2778505897771953,0.22280471821756226,100,0.3875968992248062,100,248,0.9612403100775194,484,254,0.9844961240310077,974
2,gcr,rabvs_budgeted_random_parts,15257,258,0.016910270695418495,1024,27,0.5709876543209876,0.007029024448603845,0.00951627674026356,59.13565891472869,49.472969549576945,1792,0.9804242861200323,111.60714285714286,0.5980105996131897,0.791,0.19834710743801653,0.17955439056356487,0.11533420707732635,-0.06422018348623852,94,0.3643410852713178,100,181,0.7015503875968992,468,200,0.7751937984496124,944
0,glcm,boba_ucb,3854,54,0.01401141670991178,1024,54,0.816358024691358,0.014241470539075131,0.002572078163744532,71.37037037037038,71.37037037037038,1178,0.9490572565300122,45.840407470288625,0.6906476616859436,0.482,0.040106951871657755,0.05181347150259067,0.22797927461139897,0.1761658031088083,54,1.0,63,54,1.0,376,54,1.0,731
0,glcm,rabvs_budgeted_reliable,3854,54,0.01401141670991178,1024,54,0.816358024691358,0.014241470539075131,0.002572078163744532,71.37037037037038,71.37037037037038,1178,0.9490572565300122,45.840407470288625,0.689847469329834,0.862,0.03424657534246575,0.05181347150259067,0.22797927461139897,0.1761658031088083,54,1.0,66,54,1.0,454,54,1.0,920
0,glcm,rabvs_budgeted_no_ucb,3854,54,0.01401141670991178,1024,54,0.8070987654320988,0.006740102793550486,0.0009781221669340103,71.37037037037038,71.37037037037038,1178,0.9490572565300122,45.840407470288625,0.6835522651672363,0.928,0.033936651583710405,0.07253886010362694,0.20725388601036268,0.13471502590673573,54,1.0,68,54,1.0,465,54,1.0,912
0,glcm,rabvs_budgeted_random_parts,3854,54,0.01401141670991178,1024,35,0.31666666666666665,0.015067651243038691,0.006441939010022166,71.37037037037038,65.88034188034189,1178,0.9490572565300122,44.14261460101868,0.6868078708648682,0.891,0.03214695752009185,0.10880829015544041,0.17098445595854922,0.06217616580310881,52,0.9629629629629629,64,52,0.9629629629629629,456,52,0.9629629629629629,913
1,glcm,boba_ucb,3854,54,0.01401141670991178,1024,46,0.8260869565217391,0.011784920662704108,0.0022804071852822873,71.37037037037038,71.37037037037038,1178,0.9490572565300122,45.840407470288625,0.6955420970916748,0.499,0.04025157232704402,0.06217616580310881,0.21761658031088082,0.15544041450777202,54,1.0,68,54,1.0,396,54,1.0,778
1,glcm,rabvs_budgeted_reliable,3854,54,0.01401141670991178,1024,46,0.8260869565217391,0.011784920662704108,0.0022804071852822873,71.37037037037038,71.37037037037038,1178,0.9490572565300122,43.2937181663837,0.6841301918029785,0.881,0.033105022831050226,0.06217616580310881,0.21761658031088082,0.15544041450777202,51,0.9444444444444444,71,51,0.9444444444444444,466,51,0.9444444444444444,918
1,glcm,rabvs_budgeted_no_ucb,3854,54,0.01401141670991178,1024,54,0.7330246913580247,0.0070814136342888185,0.0011406219741338776,71.37037037037038,71.37037037037038,1178,0.9490572565300122,45.840407470288625,0.683560311794281,0.92,0.03636363636363636,0.07772020725388601,0.20207253886010362,0.12435233160621761,54,1.0,71,54,1.0,469,54,1.0,917
1,glcm,rabvs_budgeted_random_parts,3854,54,0.01401141670991178,1024,38,0.6798245614035088,0.010240404319410973,0.004216687389443214,71.37037037037038,71.37037037037038,1178,0.9490572565300122,39.898132427843805,0.6839502453804016,0.888,0.028935185185185185,0.07772020725388601,0.17098445595854922,0.09326424870466321,46,0.8518518518518519,71,47,0.8703703703703703,463,47,0.8703703703703703,920
2,glcm,boba_ucb,3854,54,0.01401141670991178,1024,51,0.7450980392156863,0.009140602832296616,0.002159424863340504,71.37037037037038,71.37037037037038,1178,0.9490572565300122,45.840407470288625,0.6841843724250793,0.508,0.04206241519674356,0.046632124352331605,0.23316062176165803,0.18652849740932642,53,0.9814814814814815,60,54,1.0,373,54,1.0,729
2,glcm,rabvs_budgeted_reliable,3854,54,0.01401141670991178,1024,51,0.7450980392156863,0.009140602832296616,0.002159424863340504,71.37037037037038,71.37037037037038,1178,0.9490572565300122,44.99151103565365,0.6850613951683044,0.901,0.0351288056206089,0.046632124352331605,0.23316062176165803,0.18652849740932642,52,0.9629629629629629,70,53,0.9814814814814815,459,53,0.9814814814814815,895
2,glcm,rabvs_budgeted_no_ucb,3854,54,0.01401141670991178,1024,48,0.8177083333333334,0.0047458601548238865,0.0020816714559466383,71.37037037037038,71.37037037037038,1178,0.9490572565300122,40.74702886247878,0.6819247007369995,0.933,0.028409090909090908,0.05181347150259067,0.20725388601036268,0.15544041450777202,48,0.8888888888888888,73,48,0.8888888888888888,473,48,0.8888888888888888,922
2,glcm,rabvs_budgeted_random_parts,3854,54,0.01401141670991178,1024,22,0.6856060606060606,0.007281208812501488,0.003112589313458963,71.37037037037038,69.54036087369421,1178,0.9490572565300122,44.99151103565365,0.6813062429428101,0.925,0.03456221198156682,0.14507772020725387,0.12953367875647667,-0.015544041450777202,51,0.9444444444444444,72,52,0.9629629629629629,471,53,0.9814814814814815,905
0,gria2,boba_ucb,12003,158,0.01316337582271099,1024,112,0.8035714285714286,0.006370060109083632,0.003974047772141159,75.96835443037975,72.16993670886076,1536,0.9786719986669999,93.09895833333333,0.6420872211456299,0.44499999999999995,0.14745011086474502,0.06156405990016639,0.17833333333333334,0.11676927343316695,100,0.6329113924050633,100,139,0.879746835443038,428,143,0.9050632911392406,820
0,gria2,rabvs_budgeted_reliable,12003,158,0.01316337582271099,1024,112,0.8035714285714286,0.006370060109083632,0.003974047772141159,75.96835443037975,72.80300632911393,1536,0.9786719986669999,89.84375,0.6303555369377136,0.829,0.13527575442247658,0.06156405990016639,0.17833333333333334,0.11676927343316695,100,0.6329113924050633,100,136,0.8607594936708861,481,138,0.8734177215189873,972
0,gria2,rabvs_budgeted_no_ucb,12003,158,0.01316337582271099,1024,144,0.7303240740740741,0.005823417626982191,0.002726496797507126,75.96835443037975,74.70221518987341,1536,0.9786719986669999,97.00520833333333,0.6370983123779297,0.821,0.14270941054808686,0.051580698835274545,0.19666666666666666,0.1450859678313921,100,0.6329113924050633,100,148,0.9367088607594937,491,149,0.9430379746835443,988
0,gria2,rabvs_budgeted_random_parts,12003,158,0.01316337582271099,1024,41,0.49390243902439024,0.006838508240113605,0.005717112521949684,75.96835443037975,67.7384493670886,1536,0.9786719986669999,82.68229166666667,0.6371948719024658,0.8140000000000001,0.12215320910973085,0.09983361064891846,0.12666666666666668,0.026833056017748214,95,0.6012658227848101,100,125,0.7911392405063291,487,127,0.8037974683544303,986
1,gria2,boba_ucb,12003,158,0.01316337582271099,1024,116,0.728448275862069,0.0081335308806729,0.004072318054482291,75.96835443037975,74.70221518987341,1536,0.9786719986669999,97.65625,0.6430932283401489,0.41900000000000004,0.1514161220043573,0.04991680532445923,0.20166666666666666,0.15174986134220741,100,0.6329113924050633,100,142,0.8987341772151899,440,150,0.9493670886075949,839
1,gria2,rabvs_budgeted_reliable,12003,158,0.01316337582271099,1024,116,0.728448275862069,0.0081335308806729,0.004072318054482291,75.96835443037975,74.06914556962025,1536,0.9786719986669999,93.75,0.6427450180053711,0.777,0.13900414937759337,0.04991680532445923,0.20166666666666666,0.15174986134220741,100,0.6329113924050633,100,143,0.9050632911392406,478,144,0.9113924050632911,977
1,gria2,rabvs_budgeted_no_ucb,12003,158,0.01316337582271099,1024,149,0.7606263982102909,0.008155349790684828,0.00303872161926743,75.96835443037975,74.06914556962025,1536,0.9786719986669999,98.30729166666667,0.633029043674469,0.781,0.14507772020725387,0.04658901830282862,0.20833333333333334,0.16174431503050474,99,0.6265822784810127,100,151,0.9556962025316456,489,151,0.9556962025316456,981
1,gria2,rabvs_budgeted_random_parts,12003,158,0.01316337582271099,1024,37,0.7297297297297297,0.010907125061302786,0.005810776075389476,75.96835443037975,67.10537974683544,1536,0.9786719986669999,87.23958333333333,0.6544415950775146,0.75,0.12879581151832462,0.1314475873544093,0.11813643926788686,-0.01331114808652245,94,0.5949367088607594,99,132,0.8354430379746836,456,134,0.8481012658227848,945
2,gria2,boba_ucb,12003,158,0.01316337582271099,1024,111,0.6208708708708709,0.008214614784288877,0.00407953250602528,75.96835443037975,72.80300632911393,1536,0.9786719986669999,99.609375,0.636237382888794,0.41200000000000003,0.15679824561403508,0.06988352745424292,0.18666666666666668,0.11678313921242375,98,0.620253164556962,100,148,0.9367088607594937,436,153,0.9683544303797469,838
2,gria2,rabvs_budgeted_reliable,12003,158,0.01316337582271099,1024,111,0.6208708708708709,0.008214614784288877,0.00407953250602528,75.96835443037975,70.90379746835443,1536,0.9786719986669999,100.26041666666667,0.6354342103004456,0.798,0.14984391259105098,0.06988352745424292,0.18666666666666668,0.11678313921242375,97,0.6139240506329114,100,151,0.9556962025316456,484,154,0.9746835443037974,978
2,gria2,rabvs_budgeted_no_ucb,12003,158,0.01316337582271099,1024,131,0.7557251908396947,0.0076773790304230476,0.004033926631544609,75.96835443037975,74.70221518987341,1536,0.9786719986669999,86.58854166666667,0.6451728940010071,0.832,0.12916666666666668,0.036605657237936774,0.18666666666666668,0.1500610094287299,99,0.6265822784810127,100,132,0.8354430379746836,486,133,0.8417721518987342,980
2,gria2,rabvs_budgeted_random_parts,12003,158,0.01316337582271099,1024,76,0.7258771929824561,0.019423126424486598,0.008274646308005904,75.96835443037975,68.37151898734177,1536,0.9786719986669999,91.796875,0.6470282673835754,0.692,0.1392136025504782,0.07653910149750416,0.17333333333333334,0.09679423183582918,95,0.6012658227848101,100,134,0.8481012658227848,459,141,0.8924050632911392,920
0,grik1,boba_ucb,6651,101,0.015185686362952939,1024,88,0.803030303030303,0.004624612869843551,0.0013617727845164252,65.85148514851485,65.85148514851485,1280,0.9679246228637297,78.90625,0.6700104475021362,0.46699999999999997,0.08957219251336898,0.04804804804804805,0.2552552552552553,0.20720720720720723,95,0.9405940594059405,54,101,1.0,370,101,1.0,690
0,grik1,rabvs_budgeted_reliable,6651,101,0.015185686362952939,1024,88,0.803030303030303,0.004624612869843551,0.0013617727845164252,65.85148514851485,65.85148514851485,1280,0.9679246228637297,76.5625,0.6658322811126709,0.94,0.07205240174672489,0.04804804804804805,0.2552552552552553,0.20720720720720723,94,0.9306930693069307,55,98,0.9702970297029703,452,98,0.9702970297029703,952
0,grik1,rabvs_budgeted_no_ucb,6651,101,0.015185686362952939,1024,101,0.8061056105610561,0.005709753081534181,0.0007245928061676906,65.85148514851485,65.85148514851485,1280,0.9679246228637297,78.90625,0.6658808588981628,0.9339999999999999,0.07290533188248095,0.038922155688622756,0.26426426426426425,0.2253421085756415,99,0.9801980198019802,52,101,1.0,450,101,1.0,950
0,grik1,rabvs_budgeted_random_parts,6651,101,0.015185686362952939,1024,41,0.38414634146341464,0.003402245616246891,0.005334653337435246,65.85148514851485,56.02290527560219,1280,0.9679246228637297,47.65625,0.6620668172836304,0.986,0.033659066232356136,0.1111111111111111,0.15015015015015015,0.03903903903903905,60,0.594059405940594,74,61,0.6039603960396039,474,61,0.6039603960396039,974
1,grik1,boba_ucb,6651,101,0.015185686362952939,1024,91,0.8315018315018315,0.0047673382171678136,0.0011927244252928114,65.85148514851485,65.85148514851485,1280,0.9679246228637297,78.90625,0.6652123928070068,0.481,0.09103078982597054,0.03903903903903904,0.26426426426426425,0.2252252252252252,96,0.9504950495049505,53,101,1.0,366,101,1.0,676
1,grik1,rabvs_budgeted_reliable,6651,101,0.015185686362952939,1024,91,0.8315018315018315,0.0047673382171678136,0.0011927244252928114,65.85148514851485,65.85148514851485,1280,0.9679246228637297,77.34375,0.6634225249290466,0.9390000000000001,0.07173913043478261,0.03903903903903904,0.26426426426426425,0.2252252252252252,95,0.9405940594059405,54,99,0.9801980198019802,450,99,0.9801980198019802,950
1,grik1,rabvs_budgeted_no_ucb,6651,101,0.015185686362952939,1024,101,0.816006600660066,0.0060776185191485504,0.0006929732212797264,65.85148514851485,65.85148514851485,1280,0.9679246228637297,78.90625,0.6641380190849304,0.937,0.07456140350877193,0.04504504504504504,0.25825825825825827,0.21321321321321324,99,0.9801980198019802,53,101,1.0,448,101,1.0,947
1,grik1,rabvs_budgeted_random_parts,6651,101,0.015185686362952939,1024,36,0.7592592592592593,0.008068116320957412,0.0023705063103748748,65.85148514851485,65.85148514851485,1280,0.9679246228637297,67.1875,0.6613563299179077,0.95,0.058305830583058306,0.12612612612612611,0.17417417417417416,0.04804804804804805,82,0.8118811881188119,58,86,0.8514851485148515,450,86,0.8514851485148515,949
2,grik1,boba_ucb,6651,101,0.015185686362952939,1024,93,0.8154121863799283,0.006179476230601242,0.0014415592495023429,65.85148514851485,65.85148514851485,1280,0.9679246228637297,78.90625,0.6802821159362793,0.484,0.10220994475138122,0.04504504504504504,0.25825825825825827,0.21321321321321324,95,0.9405940594059405,53,101,1.0,354,101,1.0,658
2,grik1,rabvs_budgeted_reliable,6651,101,0.015185686362952939,1024,93,0.8154121863799283,0.006179476230601242,0.0014415592495023429,65.85148514851485,65.85148514851485,1280,0.9679246228637297,78.125,0.6695835590362549,0.931,0.08,0.04504504504504504,0.25825825825825827,0.21321321321321324,95,0.9405940594059405,54,100,0.9900990099009901,445,100,0.9900990099009901,945
2,grik1,rabvs_budgeted_no_ucb,6651,101,0.015185686362952939,1024,101,0.8085808580858086,0.0057028817336174575,0.0006274152139558422,65.85148514851485,65.85148514851485,1280,0.9679246228637297,78.90625,0.6635688543319702,0.933,0.07965554359526372,0.03003003003003003,0.2732732732732733,0.24324324324324326,100,0.9900990099009901,52,101,1.0,450,101,1.0,950
2,grik1,rabvs_budgeted_random_parts,6651,101,0.015185686362952939,1024,24,0.3819444444444444,0.00852372732260727,0.0017893703693466904,65.85148514851485,65.85148514851485,1280,0.9679246228637297,67.1875,0.6589646339416504,0.944,0.06337271750805586,0.13813813813813813,0.16516516516516516,0.02702702702702703,86,0.8514851485148515,64,86,0.8514851485148515,461,86,0.8514851485148515,961
0,hdac2,boba_ucb,10485,185,0.01764425369575584,1024,146,0.8247716894977168,0.00357229357356751,0.0014807121396348845,56.67567567567568,56.67567567567568,1536,0.9755841678588459,117.1875,0.6023050546646118,0.347,0.18111964873765093,0.06095238095238095,0.2824427480916031,0.22149036713922213,100,0.5405405405405406,100,180,0.972972972972973,469,180,0.972972972972973,862
0,hdac2,rabvs_budgeted_reliable,10485,185,0.01764425369575584,1024,146,0.8247716894977168,0.00357229357356751,0.0014807121396348845,56.67567567567568,56.67567567567568,1536,0.9755841678588459,115.88541666666667,0.5956477522850037,0.79,0.16979166666666667,0.06095238095238095,0.2824427480916031,0.22149036713922213,100,0.5405405405405406,100,178,0.9621621621621622,498,178,0.9621621621621622,998
0,hdac2,rabvs_budgeted_no_ucb,10485,185,0.01764425369575584,1024,180,0.8,0.004834247081858106,0.0011251316672846398,56.67567567567568,56.67567567567568,1536,0.9755841678588459,117.1875,0.5980469584465027,0.776,0.17151767151767153,0.02666666666666667,0.31679389312977096,0.2901272264631043,100,0.5405405405405406,100,180,0.972972972972973,496,180,0.972972972972973,996
0,hdac2,rabvs_budgeted_random_parts,10485,185,0.01764425369575584,1024,100,0.6658333333333334,0.005048026851442875,0.003808568139837946,56.67567567567568,55.05637065637066,1536,0.9755841678588459,108.72395833333333,0.5847809910774231,0.776,0.15954118873826903,0.15047619047619049,0.19274809160305342,0.04227190112686294,97,0.5243243243243243,100,167,0.9027027027027027,495,167,0.9027027027027027,994
1,hdac2,boba_ucb,10485,185,0.01764425369575584,1024,140,0.8119047619047619,0.004136265308798345,0.001454104978272739,56.67567567567568,56.67567567567568,1536,0.9755841678588459,117.1875,0.6043131351470947,0.33799999999999997,0.18993135011441648,0.06666666666666667,0.2767175572519084,0.21005089058524173,100,0.5405405405405406,100,180,0.972972972972973,459,180,0.972972972972973,833
1,hdac2,rabvs_budgeted_reliable,10485,185,0.01764425369575584,1024,140,0.8119047619047619,0.004136265308798345,0.001454104978272739,56.67567567567568,56.67567567567568,1536,0.9755841678588459,115.88541666666667,0.5985003709793091,0.786,0.17063081695966908,0.06666666666666667,0.2767175572519084,0.21005089058524173,100,0.5405405405405406,100,178,0.9621621621621622,498,178,0.9621621621621622,997
1,hdac2,rabvs_budgeted_no_ucb,10485,185,0.01764425369575584,1024,179,0.8040037243947858,0.004757811804701632,0.001206412531305002,56.67567567567568,56.67567567567568,1536,0.9755841678588459,116.53645833333333,0.5973607301712036,0.771,0.17148760330578514,0.03238095238095238,0.3110687022900763,0.2786877499091239,100,0.5405405405405406,100,179,0.9675675675675676,497,179,0.9675675675675676,997
1,hdac2,rabvs_budgeted_random_parts,10485,185,0.01764425369575584,1024,63,0.4669312169312169,0.0077313365000643945,0.0027593780461018422,56.67567567567568,56.13590733590734,1536,0.9755841678588459,108.07291666666667,0.5864183306694031,0.768,0.1592554291623578,0.12761904761904763,0.21564885496183206,0.08802980734278443,99,0.5351351351351351,100,166,0.8972972972972973,493,166,0.8972972972972973,993
2,hdac2,boba_ucb,10485,185,0.01764425369575584,1024,132,0.8181818181818182,0.003553521651550745,0.001770787206658039,56.67567567567568,56.67567567567568,1536,0.9755841678588459,117.1875,0.5999199151992798,0.34099999999999997,0.19085714285714286,0.07428571428571429,0.26908396946564883,0.19479825517993454,100,0.5405405405405406,100,179,0.9675675675675676,452,180,0.972972972972973,842
2,hdac2,rabvs_budgeted_reliable,10485,185,0.01764425369575584,1024,132,0.8181818181818182,0.003553521651550745,0.001770787206658039,56.67567567567568,56.67567567567568,1536,0.9755841678588459,113.28125,0.5938422679901123,0.802,0.16701244813278007,0.07428571428571429,0.26908396946564883,0.19479825517993454,100,0.5405405405405406,100,174,0.9405405405405406,498,174,0.9405405405405406,998
2,hdac2,rabvs_budgeted_no_ucb,10485,185,0.01764425369575584,1024,179,0.7867783985102421,0.004161480114941804,0.0011813247038574017,56.67567567567568,56.67567567567568,1536,0.9755841678588459,116.53645833333333,0.593795895576477,0.784,0.17345872518286312,0.03428571428571429,0.30916030534351147,0.27487459105779716,100,0.5405405405405406,100,179,0.9675675675675676,499,179,0.9675675675675676,998
2,hdac2,rabvs_budgeted_random_parts,10485,185,0.01764425369575584,1024,15,0.5722222222222222,0.003726178889716152,0.005057355155569537,56.67567567567568,54.516602316602324,1536,0.9755841678588459,95.05208333333333,0.5866568684577942,0.784,0.1392931392931393,0.2057142857142857,0.13740458015267176,-0.06830970556161395,97,0.5243243243243243,100,145,0.7837837837837838,490,146,0.7891891891891892,990
0,hdac8,boba_ucb,10620,170,0.0160075329566855,1024,155,0.8188172043010753,0.003756124682705117,0.0008851624804010181,62.470588235294116,62.470588235294116,1536,0.975894538606403,108.07291666666667,0.597322404384613,0.394,0.16832779623477298,0.04331450094161959,0.2693032015065913,0.22598870056497172,100,0.5882352941176471,100,166,0.9764705882352941,461,166,0.9764705882352941,875
0,hdac8,rabvs_budgeted_reliable,10620,170,0.0160075329566855,1024,155,0.8188172043010753,0.003756124682705117,0.0008851624804010181,62.470588235294116,62.470588235294116,1536,0.975894538606403,108.07291666666667,0.5942831635475159,0.8140000000000001,0.1588296760710554,0.04331450094161959,0.2693032015065913,0.22598870056497172,100,0.5882352941176471,100,166,0.9764705882352941,497,166,0.9764705882352941,997
0,hdac8,rabvs_budgeted_no_ucb,10620,170,0.0160075329566855,1024,166,0.8112449799196787,0.002834231130454124,0.0007432704221660917,62.470588235294116,62.470588235294116,1536,0.975894538606403,108.07291666666667,0.5946109294891357,0.8140000000000001,0.15866388308977036,0.035781544256120526,0.2768361581920904,0.24105461393596989,100,0.5882352941176471,100,166,0.9764705882352941,499,166,0.9764705882352941,999
0,hdac8,rabvs_budgeted_random_parts,10620,170,0.0160075329566855,1024,15,0.6833333333333333,0.00820271058916774,0.002550668387084605,62.470588235294116,61.29189789123196,1536,0.975894538606403,89.84375,0.6188541054725647,0.781,0.13038906414300735,0.1694915254237288,0.14689265536723164,-0.02259887005649716,98,0.5764705882352941,100,137,0.8058823529411765,486,138,0.8117647058823529,985
1,hdac8,boba_ucb,10620,170,0.0160075329566855,1024,156,0.813034188034188,0.0041264317160034985,0.0008991764924039039,62.470588235294116,62.470588235294116,1536,0.975894538606403,109.375,0.6100517511367798,0.379,0.1724137931034483,0.030131826741996232,0.2862523540489642,0.256120527306968,100,0.5882352941176471,100,166,0.9764705882352941,461,168,0.9882352941176471,863
1,hdac8,rabvs_budgeted_reliable,10620,170,0.0160075329566855,1024,156,0.813034188034188,0.0041264317160034985,0.0008991764924039039,62.470588235294116,62.470588235294116,1536,0.975894538606403,108.07291666666667,0.6014547944068909,0.806,0.1588785046728972,0.030131826741996232,0.2862523540489642,0.256120527306968,100,0.5882352941176471,100,166,0.9764705882352941,499,166,0.9764705882352941,999
1,hdac8,rabvs_budgeted_no_ucb,10620,170,0.0160075329566855,1024,166,0.8102409638554217,0.0032701234462049937,0.0007403387710077117,62.470588235294116,62.470588235294116,1536,0.975894538606403,108.07291666666667,0.5980189442634583,0.815,0.15920915712799166,0.03954802259887006,0.2749529190207156,0.23540489642184556,100,0.5882352941176471,100,166,0.9764705882352941,499,166,0.9764705882352941,999
1,hdac8,rabvs_budgeted_random_parts,10620,170,0.0160075329566855,1024,71,0.4835680751173709,0.005393608970084242,0.0015978759961406076,62.470588235294116,61.88124306326304,1536,0.975894538606403,105.46875,0.5996261835098267,0.798,0.15569487983281086,0.10546139359698682,0.21092278719397364,0.10546139359698682,99,0.5823529411764706,100,162,0.9529411764705882,494,162,0.9529411764705882,993
2,hdac8,boba_ucb,10620,170,0.0160075329566855,1024,135,0.8277777777777777,0.0029351606910492218,0.0012928150420395028,62.470588235294116,62.470588235294116,1536,0.975894538606403,108.72395833333333,0.5986754894256592,0.361,0.17260579064587972,0.062146892655367235,0.2523540489642185,0.19020715630885124,100,0.5882352941176471,100,166,0.9764705882352941,464,167,0.9823529411764705,862
2,hdac8,rabvs_budgeted_reliable,10620,170,0.0160075329566855,1024,135,0.8277777777777777,0.0029351606910492218,0.0012928150420395028,56.79144385026738,61.88124306326304,1536,0.975894538606403,108.07291666666667,0.5942596197128296,0.815,0.15975103734439833,0.062146892655367235,0.2523540489642185,0.19020715630885124,99,0.5823529411764706,100,166,0.9764705882352941,500,166,0.9764705882352941,1000
2,hdac8,rabvs_budgeted_no_ucb,10620,170,0.0160075329566855,1024,166,0.8112449799196787,0.003276782037085908,0.0008250311781160427,62.470588235294116,62.470588235294116,1536,0.975894538606403,108.07291666666667,0.6009097695350647,0.8069999999999999,0.15991692627206647,0.030131826741996232,0.2862523540489642,0.256120527306968,100,0.5882352941176471,100,166,0.9764705882352941,499,166,0.9764705882352941,999
2,hdac8,rabvs_budgeted_random_parts,10620,170,0.0160075329566855,1024,87,0.4703065134099617,0.006180278213109489,0.0014490702456478395,56.79144385026738,61.88124306326304,1536,0.975894538606403,98.95833333333333,0.5949943661689758,0.7969999999999999,0.14537902388369678,0.10734463276836158,0.2071563088512241,0.09981167608286252,99,0.5823529411764706,100,152,0.8941176470588236,497,152,0.8941176470588236,997
0,hivint,boba_ucb,6750,100,0.014814814814814815,1024,98,0.79421768707483,0.007318629361597742,0.0013366639210297567,67.5,67.5,1280,0.9683950617283951,77.34375,0.6498690843582153,0.46799999999999997,0.09920182440136831,0.03254437869822485,0.26112759643916916,0.2285832177409443,97,0.97,77,99,0.99,412,99,0.99,815
0,hivint,rabvs_budgeted_reliable,6750,100,0.014814814814814815,1024,98,0.79421768707483,0.007318629361597742,0.0013366639210297567,67.5,67.5,1280,0.9683950617283951,78.125,0.6348274350166321,0.895,0.09312169312169312,0.03254437869822485,0.26112759643916916,0.2285832177409443,97,0.97,77,99,0.99,471,100,1.0,971
0,hivint,rabvs_budgeted_no_ucb,6750,100,0.014814814814814815,1024,98,0.8282312925170068,0.004860782167709735,0.0009957201791345786,67.5,67.5,1280,0.9683950617283951,77.34375,0.6304128170013428,0.914,0.0912906610703043,0.04142011834319527,0.24925816023738873,0.20783804189419347,97,0.97,77,99,0.99,474,99,0.99,974
0,hivint,rabvs_budgeted_random_parts,6750,100,0.014814814814814815,1024,78,0.41239316239316237,0.014226196617530239,0.003210362357804617,67.5,66.50735294117648,1280,0.9683950617283951,67.96875,0.6573610305786133,0.854,0.07953340402969247,0.09763313609467456,0.19584569732937684,0.09821256123470229,86,0.86,79,87,0.87,460,87,0.87,958
1,hivint,boba_ucb,6750,100,0.014814814814814815,1024,94,0.8102836879432624,0.0060283705178811355,0.001230045577847397,67.5,67.5,1280,0.9683950617283951,77.34375,0.6468576192855835,0.487,0.09873708381171067,0.03254437869822485,0.258160237388724,0.22561585869049916,97,0.97,77,98,0.98,405,99,0.99,822
1,hivint,rabvs_budgeted_reliable,6750,100,0.014814814814814815,1024,94,0.8102836879432624,0.0060283705178811355,0.001230045577847397,67.5,67.5,1280,0.9683950617283951,77.34375,0.632453441619873,0.902,0.09062170706006323,0.03254437869822485,0.258160237388724,0.22561585869049916,96,0.96,78,99,0.99,474,99,0.99,974
1,hivint,rabvs_budgeted_no_ucb,6750,100,0.014814814814814815,1024,98,0.8163265306122449,0.005108151883148609,0.0009802294152066514,67.5,67.5,1280,0.9683950617283951,77.34375,0.6304460763931274,0.905,0.09071729957805907,0.03254437869822485,0.258160237388724,0.22561585869049916,98,0.98,77,98,0.98,475,99,0.99,975
1,hivint,rabvs_budgeted_random_parts,6750,100,0.014814814814814815,1024,28,0.47023809523809523,0.006093546103678645,0.002982997430264744,67.5,66.50735294117648,1280,0.9683950617283951,60.9375,0.6377379298210144,0.904,0.06929637526652452,0.15088757396449703,0.142433234421365,-0.008454339543132044,75,0.75,83,78,0.78,479,78,0.78,979
2,hivint,boba_ucb,6750,100,0.014814814814814815,1024,96,0.8324652777777778,0.006230849346619707,0.0012501521357720427,67.5,67.5,1280,0.9683950617283951,78.125,0.6487444043159485,0.44099999999999995,0.09567198177676538,0.023668639053254437,0.27002967359050445,0.24636103453725,96,0.96,78,98,0.98,415,100,1.0,836
2,hivint,rabvs_budgeted_reliable,6750,100,0.014814814814814815,1024,96,0.8324652777777778,0.006230849346619707,0.0012501521357720427,67.5,67.5,1280,0.9683950617283951,77.34375,0.6327915191650391,0.899,0.08820403825717323,0.023668639053254437,0.27002967359050445,0.24636103453725,96,0.96,78,99,0.99,470,99,0.99,970
2,hivint,rabvs_budgeted_no_ucb,6750,100,0.014814814814814815,1024,98,0.8248299319727891,0.0053365752171181235,0.000979107866299306,67.5,67.5,1280,0.9683950617283951,77.34375,0.6278272271156311,0.906,0.08755274261603375,0.03254437869822485,0.258160237388724,0.22561585869049916,98,0.98,77,98,0.98,474,99,0.99,974
2,hivint,rabvs_budgeted_random_parts,6750,100,0.014814814814814815,1024,37,0.7702702702702703,0.008569164594612344,0.001722865563338729,67.5,67.5,1280,0.9683950617283951,76.5625,0.6316165328025818,0.891,0.0870488322717622,0.08579881656804733,0.20771513353115728,0.12191631696310995,95,0.95,78,98,0.98,469,98,0.98,969
0,hivpr,boba_ucb,36286,536,0.0147715372319903,1024,225,0.7944444444444444,0.002504805120299076,0.002486770375362657,67.69776119402985,67.69776119402985,2816,0.9870657186426354,181.10795454545456,0.5021945238113403,0.567,0.5295358649789029,0.07162534435261708,0.211135611907387,0.13951026755476992,100,0.1865671641791045,100,467,0.871268656716418,489,510,0.9514925373134329,836
0,hivpr,rabvs_budgeted_reliable,36286,536,0.0147715372319903,1024,225,0.7944444444444444,0.002504805120299076,0.002486770375362657,67.69776119402985,67.69776119402985,2816,0.9870657186426354,180.39772727272725,0.5084471106529236,0.749,0.5133470225872689,0.07162534435261708,0.211135611907387,0.13951026755476992,100,0.1865671641791045,100,473,0.8824626865671642,492,508,0.9477611940298507,931
0,hivpr,rabvs_budgeted_no_ucb,36286,536,0.0147715372319903,1024,505,0.6064356435643564,0.0044338996255335284,0.0019802510864204135,67.69776119402985,67.69776119402985,2816,0.9870657186426354,180.7528409090909,0.5028202533721924,0.764,0.5101832993890021,0.01486784140969163,0.26806398234969664,0.25319614094000503,100,0.1865671641791045,100,492,0.917910447761194,499,509,0.9496268656716418,955
0,hivpr,rabvs_budgeted_random_parts,36286,536,0.0147715372319903,1024,109,0.5045871559633027,0.0043553495932435364,0.0038222843381045795,67.69776119402985,66.76528514452531,2816,0.9870657186426354,180.04261363636365,0.5066983699798584,0.688,0.508664627930683,0.10743801652892562,0.17640573318632854,0.06896771665740292,100,0.1865671641791045,100,442,0.8246268656716418,487,507,0.9458955223880597,920
1,hivpr,boba_ucb,36286,536,0.0147715372319903,1024,283,0.6192579505300353,0.0025198379997467607,0.0023864670747152377,67.69776119402985,67.69776119402985,2816,0.9870657186426354,180.7528409090909,0.5064848065376282,0.5740000000000001,0.5170278637770898,0.05730027548209366,0.22712238147739802,0.16982210599530437,100,0.1865671641791045,100,468,0.8731343283582089,494,509,0.9496268656716418,867
1,hivpr,rabvs_budgeted_reliable,36286,536,0.0147715372319903,1024,283,0.6192579505300353,0.0025198379997467607,0.0023864670747152377,67.69776119402985,67.69776119402985,2816,0.9870657186426354,181.4630681818182,0.5065982341766357,0.756,0.5101419878296146,0.05730027548209366,0.22712238147739802,0.16982210599530437,100,0.1865671641791045,100,471,0.878731343283582,494,511,0.9533582089552238,950
1,hivpr,rabvs_budgeted_no_ucb,36286,536,0.0147715372319903,1024,504,0.6352513227513228,0.007738398078762295,0.0028508078443652924,67.69776119402985,67.69776119402985,2816,0.9870657186426354,181.4630681818182,0.5115267634391785,0.7150000000000001,0.5174537987679672,0.011570247933884297,0.2717750826901874,0.2602048347563031,100,0.1865671641791045,100,488,0.9104477611940298,498,511,0.9533582089552238,892
1,hivpr,rabvs_budgeted_random_parts,36286,536,0.0147715372319903,1024,57,0.5847953216374269,0.004446931611847488,0.00598530844086382,67.69776119402985,64.90033304551622,2816,0.9870657186426354,170.45454545454544,0.5263758897781372,0.743,0.4840698869475848,0.13443526170798897,0.1378169790518192,0.0033817173438302206,100,0.1865671641791045,100,408,0.7611940298507462,481,480,0.8955223880597015,906
2,hivpr,boba_ucb,36286,536,0.0147715372319903,1024,143,0.8216783216783217,0.001856631218426391,0.003701567526658721,67.69776119402985,67.13827556432713,2816,0.9870657186426354,175.78125,0.5079090595245361,0.627,0.49190283400809715,0.12506887052341598,0.1637265711135612,0.03865770059014523,100,0.1865671641791045,100,438,0.8171641791044776,492,495,0.9235074626865671,897
2,hivpr,rabvs_budgeted_reliable,36286,536,0.0147715372319903,1024,143,0.8216783216783217,0.001856631218426391,0.003701567526658721,67.69776119402985,66.95178035442622,2816,0.9870657186426354,173.29545454545456,0.509972333908081,0.831,0.48582995951417,0.12506887052341598,0.1637265711135612,0.03865770059014523,100,0.1865671641791045,100,437,0.8152985074626866,494,488,0.9104477611940298,972
2,hivpr,rabvs_budgeted_no_ucb,36286,536,0.0147715372319903,1024,501,0.6260811709913506,0.0065413059327609074,0.002231868222415513,67.69776119402985,67.69776119402985,2816,0.9870657186426354,182.88352272727275,0.5036987066268921,0.747,0.5137055837563452,0.014325068870523415,0.27067254685777287,0.25634747798724944,100,0.1865671641791045,100,488,0.9104477611940298,500,515,0.960820895522388,957
2,hivpr,rabvs_budgeted_random_parts,36286,536,0.0147715372319903,1024,218,0.6918960244648318,0.0025458879156611885,0.0038641335839162626,67.69776119402985,66.5787899346244,2816,0.9870657186426354,176.8465909090909,0.5138375163078308,0.808,0.49645390070921985,0.10964187327823692,0.17805953693495039,0.06841766365671346,100,0.1865671641791045,100,436,0.8134328358208955,489,498,0.9291044776119403,948
0,hivrt,boba_ucb,19229,338,0.017577617140776953,1024,154,0.7359307359307359,0.007115729194925495,0.011239745311866526,56.890532544378694,46.519862549309664,2048,0.9822490335777558,107.421875,0.6291679739952087,0.487,0.2201453790238837,0.07692307692307693,0.1768990634755463,0.09997598655246936,99,0.29289940828402367,100,198,0.5857988165680473,468,220,0.650887573964497,889
0,hivrt,rabvs_budgeted_reliable,19229,338,0.017577617140776953,1024,154,0.7359307359307359,0.007115729194925495,0.011239745311866526,56.890532544378694,46.519862549309664,2048,0.9822490335777558,109.86328125,0.6249874234199524,0.7,0.22394220846233232,0.07692307692307693,0.1768990634755463,0.09997598655246936,99,0.29289940828402367,100,200,0.591715976331361,485,225,0.665680473372781,969
0,hivrt,rabvs_budgeted_no_ucb,19229,338,0.017577617140776953,1024,210,0.7007936507936507,0.009916344033695132,0.010347429738892043,56.890532544378694,50.66813054733728,2048,0.9822490335777558,114.2578125,0.6252577304840088,0.7070000000000001,0.23203285420944558,0.05197505197505198,0.2081165452653486,0.1561414932902966,97,0.2869822485207101,100,217,0.6420118343195266,490,234,0.6923076923076923,970
0,hivrt,rabvs_budgeted_random_parts,19229,338,0.017577617140776953,1024,94,0.7455673758865248,0.004196815896265559,0.01118336068439523,56.890532544378694,43.556813979289934,2048,0.9822490335777558,100.5859375,0.6145141124725342,0.766,0.2032854209445585,0.09563409563409564,0.1331945889698231,0.037560493335727474,99,0.29289940828402367,100,190,0.5621301775147929,480,206,0.6094674556213018,958
1,hivrt,boba_ucb,19229,338,0.017577617140776953,1024,144,0.7528935185185185,0.004513135643247387,0.009927378229801963,56.890532544378694,47.112472263313606,2048,0.9822490335777558,110.83984375,0.5884568095207214,0.577,0.23150105708245244,0.09043659043659044,0.17273673257023933,0.08230014213364889,100,0.2958579881656805,100,199,0.5887573964497042,476,227,0.6715976331360947,913
1,hivrt,rabvs_budgeted_reliable,19229,338,0.017577617140776953,1024,144,0.7528935185185185,0.004513135643247387,0.009927378229801963,56.890532544378694,47.112472263313606,2048,0.9822490335777558,103.515625,0.58840012550354,0.8180000000000001,0.2109617373319545,0.09043659043659044,0.17273673257023933,0.08230014213364889,99,0.29289940828402367,100,197,0.5828402366863905,490,212,0.6272189349112426,986
1,hivrt,rabvs_budgeted_no_ucb,19229,338,0.017577617140776953,1024,219,0.6837899543378996,0.008974462982851213,0.009821612221761861,56.890532544378694,53.33487426035502,2048,0.9822490335777558,113.76953125,0.606573760509491,0.731,0.2334710743801653,0.04573804573804574,0.21436004162330904,0.1686219958852633,99,0.29289940828402367,100,216,0.6390532544378699,488,233,0.6893491124260355,966
1,hivrt,rabvs_budgeted_random_parts,19229,338,0.017577617140776953,1024,60,0.28194444444444444,0.011578095029852286,0.013971808597753736,56.890532544378694,40.89007026627218,2048,0.9822490335777558,103.02734375,0.6080685257911682,0.65,0.21256544502617802,0.11850311850311851,0.1259105098855359,0.007407391382417389,95,0.28106508875739644,100,182,0.5384615384615384,473,211,0.6242603550295858,946
2,hivrt,boba_ucb,19229,338,0.017577617140776953,1024,139,0.7344124700239808,0.007100348395246592,0.010594569629964006,56.890532544378694,48.59399654832347,2048,0.9822490335777558,107.91015625,0.6169008612632751,0.494,0.22118380062305296,0.062370062370062374,0.18730489073881373,0.12493482836875136,100,0.2958579881656805,100,200,0.591715976331361,481,221,0.6538461538461539,912
2,hivrt,rabvs_budgeted_reliable,19229,338,0.017577617140776953,1024,139,0.7344124700239808,0.007100348395246592,0.010594569629964006,56.890532544378694,48.001386834319526,2048,0.9822490335777558,107.91015625,0.6122735142707825,0.6819999999999999,0.2182377049180328,0.062370062370062374,0.18730489073881373,0.12493482836875136,100,0.2958579881656805,100,202,0.5976331360946746,489,221,0.6538461538461539,971
2,hivrt,rabvs_budgeted_no_ucb,19229,338,0.017577617140776953,1024,232,0.6483477011494253,0.02014468585986479,0.011252144614963362,56.890532544378694,50.96443540433925,2048,0.9822490335777558,131.8359375,0.615032970905304,0.655,0.2668711656441718,0.056133056133056136,0.2372528616024974,0.18111980546944126,99,0.29289940828402367,100,246,0.727810650887574,495,270,0.7988165680473372,961
2,hivrt,rabvs_budgeted_random_parts,19229,338,0.017577617140776953,1024,27,0.6049382716049383,0.009819660296166648,0.013417560232191405,56.890532544378694,34.075058555226825,2048,0.9822490335777558,94.7265625,0.6209760308265686,0.667,0.193717277486911,0.18191268191268192,0.08012486992715921,-0.10178781198552271,78,0.23076923076923078,100,161,0.47633136094674555,471,194,0.5739644970414202,941
0,hmdh,boba_ucb,8920,170,0.01905829596412556,1024,165,0.8181818181818182,0.0030285727138433427,0.0003537364538792067,52.470588235294116,52.470588235294116,1536,0.9713004484304932,110.67708333333333,0.6166331171989441,0.49,0.19515151515151516,0.02242152466367713,0.35874439461883406,0.3363228699551569,100,0.5882352941176471,100,170,1.0,410,170,1.0,723
0,hmdh,rabvs_budgeted_reliable,8920,170,0.01905829596412556,1024,165,0.8181818181818182,0.0030285727138433427,0.0003537364538792067,52.470588235294116,52.470588235294116,1536,0.9713004484304932,110.67708333333333,0.5997422337532043,0.978,0.16666666666666666,0.02242152466367713,0.35874439461883406,0.3363228699551569,100,0.5882352941176471,100,170,1.0,498,170,1.0,998
0,hmdh,rabvs_budgeted_no_ucb,8920,170,0.01905829596412556,1024,170,0.8166666666666667,0.0020530857000782437,0.00013785012529707726,52.470588235294116,52.470588235294116,1536,0.9713004484304932,110.67708333333333,0.6023353338241577,0.978,0.16597938144329896,0.013452914798206279,0.36771300448430494,0.3542600896860987,100,0.5882352941176471,100,170,1.0,500,170,1.0,1000
0,hmdh,rabvs_budgeted_random_parts,8920,170,0.01905829596412556,1024,23,0.6702898550724637,0.0030571718261264867,0.000510798796120899,52.470588235294116,52.470588235294116,1536,0.9713004484304932,109.375,0.6004756689071655,0.979,0.16476683937823836,0.09865470852017937,0.2802690582959641,0.18161434977578472,100,0.5882352941176471,100,168,0.9882352941176471,500,168,0.9882352941176471,1000
1,hmdh,boba_ucb,8920,170,0.01905829596412556,1024,149,0.8260626398210291,0.0021324629274739044,0.0003744813785620075,52.470588235294116,52.470588235294116,1536,0.9713004484304932,110.67708333333333,0.6201251149177551,0.524,0.18808411214953272,0.0447427293064877,0.33707865168539325,0.29233592237890554,100,0.5882352941176471,100,170,1.0,437,170,1.0,775
1,hmdh,rabvs_budgeted_reliable,8920,170,0.01905829596412556,1024,149,0.8260626398210291,0.0021324629274739044,0.0003744813785620075,52.470588235294116,52.470588235294116,1536,0.9713004484304932,110.67708333333333,0.5996958613395691,0.979,0.16701244813278007,0.0447427293064877,0.33707865168539325,0.29233592237890554,100,0.5882352941176471,100,169,0.9941176470588236,500,170,1.0,1000
1,hmdh,rabvs_budgeted_no_ucb,8920,170,0.01905829596412556,1024,170,0.8147058823529412,0.00222541243877873,0.00015086772787940202,52.470588235294116,52.470588235294116,1536,0.9713004484304932,110.67708333333333,0.604615330696106,0.978,0.16701244813278007,0.01569506726457399,0.3654708520179372,0.34977578475336324,100,0.5882352941176471,100,170,1.0,500,170,1.0,1000
1,hmdh,rabvs_budgeted_random_parts,8920,170,0.01905829596412556,1024,32,0.40625,0.0035331514833186095,0.0004907326633382339,52.470588235294116,52.470588235294116,1536,0.9713004484304932,108.07291666666667,0.6066510677337646,0.976,0.16269430051813472,0.2219730941704036,0.1591928251121076,-0.06278026905829598,100,0.5882352941176471,100,166,0.9764705882352941,497,166,0.9764705882352941,996
2,hmdh,boba_ucb,8920,170,0.01905829596412556,1024,164,0.8191056910569106,0.0025908233171139964,0.0002760644652173965,52.470588235294116,52.470588235294116,1536,0.9713004484304932,110.67708333333333,0.6211885809898376,0.5,0.1872093023255814,0.02242152466367713,0.35874439461883406,0.3363228699551569,100,0.5882352941176471,100,170,1.0,440,170,1.0,801
2,hmdh,rabvs_budgeted_reliable,8920,170,0.01905829596412556,1024,164,0.8191056910569106,0.0025908233171139964,0.0002760644652173965,52.470588235294116,52.470588235294116,1536,0.9713004484304932,110.67708333333333,0.5997541546821594,0.978,0.16632231404958678,0.02242152466367713,0.35874439461883406,0.3363228699551569,100,0.5882352941176471,100,170,1.0,498,170,1.0,998
2,hmdh,rabvs_budgeted_no_ucb,8920,170,0.01905829596412556,1024,170,0.8166666666666667,0.0023672456861087727,0.00017244427430512736,52.470588235294116,52.470588235294116,1536,0.9713004484304932,110.67708333333333,0.6031396389007568,0.978,0.16615067079463364,0.017937219730941704,0.3632286995515695,0.3452914798206278,100,0.5882352941176471,100,170,1.0,500,170,1.0,1000
2,hmdh,rabvs_budgeted_random_parts,8920,170,0.01905829596412556,1024,112,0.5401785714285714,0.003511383806058418,0.0007133232264285757,52.470588235294116,52.470588235294116,1536,0.9713004484304932,110.67708333333333,0.604306697845459,0.976,0.16597938144329896,0.10986547085201794,0.2713004484304933,0.16143497757847536,100,0.5882352941176471,100,170,1.0,498,170,1.0,998
0,hs90a,boba_ucb,4938,88,0.017820980153908466,1024,77,0.8268398268398268,0.0033004870209485874,0.0007740013715433206,56.11363636363636,56.11363636363636,1221,0.9587889833940867,72.07207207207207,0.6606242656707764,0.477,0.060090702947845805,0.06072874493927125,0.29554655870445345,0.2348178137651822,86,0.9772727272727273,41,88,1.0,384,88,1.0,788
0,hs90a,rabvs_budgeted_reliable,4938,88,0.017820980153908466,1024,77,0.8268398268398268,0.0033004870209485874,0.0007740013715433206,56.11363636363636,56.11363636363636,1221,0.9587889833940867,70.43407043407043,0.6370874643325806,0.956,0.05647840531561462,0.06072874493927125,0.29554655870445345,0.2348178137651822,86,0.9772727272727273,43,86,0.9772727272727273,442,86,0.9772727272727273,942
0,hs90a,rabvs_budgeted_no_ucb,4938,88,0.017820980153908466,1024,88,0.8011363636363636,0.003993257123416588,0.00039429991873378016,56.11363636363636,56.11363636363636,1221,0.9587889833940867,72.07207207207207,0.6324228644371033,0.954,0.058693244739756366,0.024291497975708502,0.3319838056680162,0.3076923076923077,88,1.0,43,88,1.0,442,88,1.0,942
0,hs90a,rabvs_budgeted_random_parts,4938,88,0.017820980153908466,1024,27,0.5524691358024691,0.00615478075152238,0.0015880740802334554,56.11363636363636,56.11363636363636,1221,0.9587889833940867,70.43407043407043,0.6338779330253601,0.94,0.05679287305122494,0.044534412955465584,0.3117408906882591,0.26720647773279355,85,0.9659090909090909,42,86,0.9772727272727273,439,86,0.9772727272727273,939
1,hs90a,boba_ucb,4938,88,0.017820980153908466,1024,86,0.8333333333333334,0.0038178680168132533,0.000715799209878692,56.11363636363636,56.11363636363636,1221,0.9587889833940867,72.07207207207207,0.6583356857299805,0.496,0.04948216340621404,0.024291497975708502,0.3319838056680162,0.3076923076923077,86,0.9772727272727273,40,88,1.0,384,88,1.0,797
1,hs90a,rabvs_budgeted_reliable,4938,88,0.017820980153908466,1024,86,0.8333333333333334,0.0038178680168132533,0.000715799209878692,56.11363636363636,56.11363636363636,1221,0.9587889833940867,70.43407043407043,0.6346620917320251,0.957,0.045657015590200446,0.024291497975708502,0.3319838056680162,0.3076923076923077,86,0.9772727272727273,42,86,0.9772727272727273,442,86,0.9772727272727273,942
1,hs90a,rabvs_budgeted_no_ucb,4938,88,0.017820980153908466,1024,88,0.8257575757575758,0.0032787314478099575,0.000408186421470137,56.11363636363636,56.11363636363636,1221,0.9587889833940867,72.07207207207207,0.6349809169769287,0.957,0.04777777777777778,0.03643724696356275,0.31983805668016196,0.2834008097165992,88,1.0,43,88,1.0,442,88,1.0,942
1,hs90a,rabvs_budgeted_random_parts,4938,88,0.017820980153908466,1024,71,0.5598591549295775,0.007498842138584768,0.0016784822104113353,56.11363636363636,56.11363636363636,1221,0.9587889833940867,60.60606060606061,0.6300063133239746,0.961,0.03995560488346282,0.07258064516129033,0.2845528455284553,0.21197220036716496,74,0.8409090909090909,51,74,0.8409090909090909,451,74,0.8409090909090909,951
2,hs90a,boba_ucb,4938,88,0.017820980153908466,1024,88,0.8276515151515151,0.006665400536594631,0.0008032576301252634,56.11363636363636,56.11363636363636,1221,0.9587889833940867,72.07207207207207,0.6573413014411926,0.487,0.038231780167264036,0.016194331983805668,0.340080971659919,0.32388663967611336,88,1.0,41,88,1.0,386,88,1.0,808
2,hs90a,rabvs_budgeted_reliable,4938,88,0.017820980153908466,1024,88,0.8276515151515151,0.006665400536594631,0.0008032576301252634,56.11363636363636,56.11363636363636,1221,0.9587889833940867,72.07207207207207,0.6354683637619019,0.937,0.036322360953461974,0.016194331983805668,0.340080971659919,0.32388663967611336,88,1.0,42,88,1.0,440,88,1.0,940
2,hs90a,rabvs_budgeted_no_ucb,4938,88,0.017820980153908466,1024,88,0.8238636363636364,0.004220761557940392,0.0003352437597074731,56.11363636363636,56.11363636363636,1221,0.9587889833940867,72.07207207207207,0.6336729526519775,0.949,0.036281179138321996,0.024291497975708502,0.3319838056680162,0.3076923076923077,88,1.0,42,88,1.0,442,88,1.0,942
2,hs90a,rabvs_budgeted_random_parts,4938,88,0.017820980153908466,1024,22,0.696969696969697,0.006366508050130802,0.002354095884449284,56.11363636363636,56.11363636363636,1221,0.9587889833940867,66.33906633906633,0.6318836212158203,0.96,0.033632286995515695,0.24696356275303644,0.10931174089068826,-0.13765182186234817,79,0.8977272727272727,48,81,0.9204545454545454,448,81,0.9204545454545454,948
0,hxk4,boba_ucb,4792,92,0.019198664440734557,1024,92,0.8333333333333334,0.00449795188477952,0.0002159537676224194,52.08695652173913,52.08695652173913,1215,0.9577420701168614,75.7201646090535,0.6304590106010437,0.519,0.08452380952380953,0.020833333333333332,0.3625,0.3416666666666667,92,1.0,60,92,1.0,412,92,1.0,787
0,hxk4,rabvs_budgeted_reliable,4792,92,0.019198664440734557,1024,92,0.8333333333333334,0.00449795188477952,0.0002159537676224194,52.08695652173913,52.08695652173913,1215,0.9577420701168614,75.7201646090535,0.6145715117454529,0.978,0.07759562841530054,0.020833333333333332,0.3625,0.3416666666666667,92,1.0,60,92,1.0,460,92,1.0,960
0,hxk4,rabvs_budgeted_no_ucb,4792,92,0.019198664440734557,1024,92,0.8333333333333334,0.0027742233343584608,8.542236514605976e-05,52.08695652173913,52.08695652173913,1215,0.9577420701168614,75.7201646090535,0.6150410175323486,0.981,0.07734204793028322,0.020833333333333332,0.3625,0.3416666666666667,92,1.0,60,92,1.0,460,92,1.0,960
0,hxk4,rabvs_budgeted_random_parts,4792,92,0.019198664440734557,1024,24,0.8333333333333334,0.00539033125535347,0.004216982475723089,52.08695652173913,51.0018115942029,1215,0.9577420701168614,49.382716049382715,0.6140925288200378,0.985,0.04610318331503842,0.25833333333333336,0.12083333333333333,-0.1375,60,0.6521739130434783,70,60,0.6521739130434783,470,60,0.6521739130434783,970
1,hxk4,boba_ucb,4792,92,0.019198664440734557,1024,91,0.8232600732600732,0.004004746154381567,0.0001982286818864015,52.08695652173913,52.08695652173913,1215,0.9577420701168614,75.7201646090535,0.6341361999511719,0.52,0.08294930875576037,0.03333333333333333,0.35,0.31666666666666665,92,1.0,60,92,1.0,417,92,1.0,811
1,hxk4,rabvs_budgeted_reliable,4792,92,0.019198664440734557,1024,91,0.8232600732600732,0.004004746154381567,0.0001982286818864015,52.08695652173913,52.08695652173913,1215,0.9577420701168614,75.7201646090535,0.617789089679718,0.979,0.07851690294438386,0.03333333333333333,0.35,0.31666666666666665,92,1.0,60,92,1.0,460,92,1.0,960
1,hxk4,rabvs_budgeted_no_ucb,4792,92,0.019198664440734557,1024,92,0.822463768115942,0.002815309511309037,7.885747239371863e-05,52.08695652173913,52.08695652173913,1215,0.9577420701168614,75.7201646090535,0.6169047355651855,0.981,0.0787746170678337,0.029166666666666667,0.3541666666666667,0.325,92,1.0,60,92,1.0,460,92,1.0,960
1,hxk4,rabvs_budgeted_random_parts,4792,92,0.019198664440734557,1024,71,0.38028169014084506,0.0018736772886438974,0.003665945529537577,52.08695652173913,52.08695652173913,1215,0.9577420701168614,62.55144032921811,0.6176362037658691,0.987,0.06147091108671789,0.1375,0.24166666666666667,0.10416666666666666,76,0.8260869565217391,66,76,0.8260869565217391,466,76,0.8260869565217391,966
2,hxk4,boba_ucb,4792,92,0.019198664440734557,1024,89,0.8333333333333334,0.003921819239734106,0.0002527461503596665,52.08695652173913,52.08695652173913,1215,0.9577420701168614,75.7201646090535,0.6349517703056335,0.544,0.08896797153024912,0.025,0.35833333333333334,0.3333333333333333,92,1.0,60,92,1.0,406,92,1.0,805
2,hxk4,rabvs_budgeted_reliable,4792,92,0.019198664440734557,1024,89,0.8333333333333334,0.003921819239734106,0.0002527461503596665,52.08695652173913,52.08695652173913,1215,0.9577420701168614,75.7201646090535,0.616521954536438,0.98,0.08187772925764192,0.025,0.35833333333333334,0.3333333333333333,92,1.0,60,92,1.0,460,92,1.0,960
2,hxk4,rabvs_budgeted_no_ucb,4792,92,0.019198664440734557,1024,92,0.832427536231884,0.0028113334116101132,8.108150238260826e-05,52.08695652173913,52.08695652173913,1215,0.9577420701168614,75.7201646090535,0.6153964400291443,0.982,0.08161044613710555,0.025,0.35833333333333334,0.3333333333333333,92,1.0,60,92,1.0,460,92,1.0,960
2,hxk4,rabvs_budgeted_random_parts,4792,92,0.019198664440734557,1024,53,0.49842767295597484,0.006965657707195214,0.0013317030666334456,52.08695652173913,52.08695652173913,1215,0.9577420701168614,63.374485596707814,0.614353358745575,0.98,0.06528835690968444,0.14166666666666666,0.24166666666666667,0.1,77,0.8369565217391305,64,77,0.8369565217391305,464,77,0.8369565217391305,964
0,igf1r,boba_ucb,9448,148,0.015664690939881456,1024,130,0.8301282051282052,0.002930088659368113,0.0015640572696682697,63.83783783783784,63.83783783783784,1536,0.9729043183742591,91.14583333333333,0.6092979907989502,0.577,0.14224137931034483,0.03382663847780127,0.2627118644067797,0.22888522592897842,100,0.6756756756756757,100,139,0.9391891891891891,450,140,0.9459459459459459,865
0,igf1r,rabvs_budgeted_reliable,9448,148,0.015664690939881456,1024,130,0.8301282051282052,0.002930088659368113,0.0015640572696682697,63.83783783783784,63.83783783783784,1536,0.9729043183742591,89.84375,0.6033578515052795,0.963,0.13402061855670103,0.03382663847780127,0.2627118644067797,0.22888522592897842,100,0.6756756756756757,100,138,0.9324324324324325,499,138,0.9324324324324325,999
0,igf1r,rabvs_budgeted_no_ucb,9448,148,0.015664690939881456,1024,140,0.8166666666666667,0.0017906025350595738,0.0013056836522197324,63.83783783783784,63.83783783783784,1536,0.9729043183742591,90.49479166666667,0.6018679141998291,0.964,0.13519091847265222,0.019027484143763214,0.2775423728813559,0.2585148887375927,100,0.6756756756756757,100,139,0.9391891891891891,499,139,0.9391891891891891,999
0,igf1r,rabvs_budgeted_random_parts,9448,148,0.015664690939881456,1024,31,0.6236559139784946,0.005138707866929539,0.0030321655672819955,63.83783783783784,62.479585968947674,1536,0.9729043183742591,75.52083333333333,0.6192438006401062,0.942,0.11191709844559586,0.16279069767441862,0.13559322033898305,-0.027197477335435566,94,0.6351351351351351,100,115,0.777027027027027,495,116,0.7837837837837838,993
1,igf1r,boba_ucb,9448,148,0.015664690939881456,1024,125,0.8106666666666666,0.006096839582641584,0.001977712688742489,63.83783783783784,63.83783783783784,1536,0.9729043183742591,92.44791666666667,0.6204203367233276,0.474,0.1439312567132116,0.040169133192389,0.2584745762711864,0.2183054430787974,100,0.6756756756756757,100,140,0.9459459459459459,435,142,0.9594594594594594,817
1,igf1r,rabvs_budgeted_reliable,9448,148,0.015664690939881456,1024,125,0.8106666666666666,0.006096839582641584,0.001977712688742489,63.83783783783784,63.83783783783784,1536,0.9729043183742591,91.14583333333333,0.6014314889907837,0.935,0.13678756476683937,0.040169133192389,0.2584745762711864,0.2183054430787974,100,0.6756756756756757,100,140,0.9459459459459459,498,140,0.9459459459459459,998
1,igf1r,rabvs_budgeted_no_ucb,9448,148,0.015664690939881456,1024,139,0.802158273381295,0.0028192714923431328,0.0014290558144447046,63.83783783783784,63.83783783783784,1536,0.9729043183742591,89.84375,0.6027427911758423,0.968,0.13485477178423236,0.02959830866807611,0.2690677966101695,0.23946948794209338,100,0.6756756756756757,100,138,0.9324324324324325,500,138,0.9324324324324325,1000
1,igf1r,rabvs_budgeted_random_parts,9448,148,0.015664690939881456,1024,49,0.7874149659863946,0.003680540707960565,0.005853029394009396,63.83783783783784,52.9718228867165,1536,0.9729043183742591,56.640625,0.6050623059272766,0.952,0.08212058212058213,0.17758985200845667,0.1059322033898305,-0.07165764861862617,80,0.5405405405405406,100,87,0.5878378378378378,494,87,0.5878378378378378,992
2,igf1r,boba_ucb,9448,148,0.015664690939881456,1024,118,0.807909604519774,0.006485445239799846,0.0019999885562163797,63.83783783783784,63.83783783783784,1536,0.9729043183742591,94.40104166666667,0.6272488832473755,0.53,0.14826839826839827,0.0507399577167019,0.2521186440677966,0.2013786863510947,100,0.6756756756756757,100,141,0.9527027027027027,448,145,0.9797297297297297,848
2,igf1r,rabvs_budgeted_reliable,9448,148,0.015664690939881456,1024,118,0.807909604519774,0.006485445239799846,0.0019999885562163797,63.83783783783784,63.83783783783784,1536,0.9729043183742591,91.14583333333333,0.6074816584587097,0.9359999999999999,0.13735691987513007,0.0507399577167019,0.2521186440677966,0.2013786863510947,100,0.6756756756756757,100,140,0.9459459459459459,495,140,0.9459459459459459,994
2,igf1r,rabvs_budgeted_no_ucb,9448,148,0.015664690939881456,1024,139,0.8135491606714629,0.003101870453287851,0.0013687005700397993,63.83783783783784,63.83783783783784,1536,0.9729043183742591,89.84375,0.6009047627449036,0.966,0.13547052740434332,0.02959830866807611,0.2690677966101695,0.23946948794209338,100,0.6756756756756757,100,138,0.9324324324324325,500,138,0.9324324324324325,999
2,igf1r,rabvs_budgeted_random_parts,9448,148,0.015664690939881456,1024,63,0.33201058201058203,0.008403294514002494,0.0036229246794663643,63.83783783783784,63.83783783783784,1536,0.9729043183742591,80.72916666666667,0.6064824461936951,0.937,0.12058212058212059,0.1331923890063425,0.163135593220339,0.029943204213996488,99,0.668918918918919,100,124,0.8378378378378378,497,124,0.8378378378378378,995
0,inha,boba_ucb,2343,43,0.01835253947930004,1024,41,0.8130081300813008,0.006164117824007347,0.0007748903467646141,54.48837209302326,54.48837209302326,1117,0.920543462796984,38.49597135183527,0.6815086603164673,0.512,0.023383768913342505,0.05084745762711865,0.3162393162393162,0.2653918586121976,43,1.0,76,43,1.0,412,43,1.0,754
0,inha,rabvs_budgeted_reliable,2343,43,0.01835253947930004,1024,41,0.8130081300813008,0.006164117824007347,0.0007748903467646141,54.48837209302326,54.48837209302326,1117,0.920543462796984,38.49597135183527,0.6800287365913391,0.7170000000000001,0.021739130434782608,0.05084745762711865,0.3162393162393162,0.2653918586121976,43,1.0,79,43,1.0,478,43,1.0,853
0,inha,rabvs_budgeted_no_ucb,2343,43,0.01835253947930004,1024,43,0.8333333333333334,0.005471136861862985,0.00037068590266889215,54.48837209302326,54.48837209302326,1117,0.920543462796984,38.49597135183527,0.6768736839294434,0.777,0.021464646464646464,0.03389830508474576,0.3333333333333333,0.29943502824858753,43,1.0,80,43,1.0,480,43,1.0,856
0,inha,rabvs_budgeted_random_parts,2343,43,0.01835253947930004,1024,39,0.5854700854700855,0.007180795385664815,0.0011151858033254657,54.48837209302326,54.48837209302326,1117,0.920543462796984,34.914950760966875,0.6795209646224976,0.732,0.01643489254108723,0.1440677966101695,0.2222222222222222,0.07815442561205271,39,0.9069767441860465,79,39,0.9069767441860465,478,39,0.9069767441860465,866
1,inha,boba_ucb,2343,43,0.01835253947930004,1024,43,0.8062015503875969,0.006415648052253089,0.0005104606421837262,54.48837209302326,54.48837209302326,1117,0.920543462796984,38.49597135183527,0.6873016953468323,0.514,0.03235294117647059,0.03389830508474576,0.3333333333333333,0.29943502824858753,43,1.0,75,43,1.0,383,43,1.0,713
1,inha,rabvs_budgeted_reliable,2343,43,0.01835253947930004,1024,43,0.8062015503875969,0.006415648052253089,0.0005104606421837262,54.48837209302326,54.48837209302326,1117,0.920543462796984,38.49597135183527,0.6768391132354736,0.763,0.027194066749072928,0.03389830508474576,0.3333333333333333,0.29943502824858753,43,1.0,80,43,1.0,480,43,1.0,858
1,inha,rabvs_budgeted_no_ucb,2343,43,0.01835253947930004,1024,43,0.8294573643410853,0.005837401860657311,0.0004652657560990599,54.48837209302326,54.48837209302326,1117,0.920543462796984,38.49597135183527,0.6799091696739197,0.77,0.027194066749072928,0.0423728813559322,0.3247863247863248,0.2824134434303926,43,1.0,80,43,1.0,480,43,1.0,863
1,inha,rabvs_budgeted_random_parts,2343,43,0.01835253947930004,1024,23,0.6123188405797102,0.005716714747988624,0.0011029309065039622,54.48837209302326,54.48837209302326,1117,0.920543462796984,38.49597135183527,0.6782384514808655,0.716,0.027227722772277228,0.1016949152542373,0.26495726495726496,0.16326234970302766,43,1.0,80,43,1.0,480,43,1.0,869
2,inha,boba_ucb,2343,43,0.01835253947930004,1024,43,0.7965116279069767,0.006204716294609817,0.00044927004184532087,54.48837209302326,54.48837209302326,1117,0.920543462796984,38.49597135183527,0.6845112442970276,0.522,0.027855153203342618,0.03389830508474576,0.3333333333333333,0.29943502824858753,43,1.0,76,43,1.0,390,43,1.0,715
2,inha,rabvs_budgeted_reliable,2343,43,0.01835253947930004,1024,43,0.7965116279069767,0.006204716294609817,0.00044927004184532087,54.48837209302326,54.48837209302326,1117,0.920543462796984,38.49597135183527,0.6828367710113525,0.732,0.025157232704402517,0.03389830508474576,0.3333333333333333,0.29943502824858753,43,1.0,80,43,1.0,480,43,1.0,855
2,inha,rabvs_budgeted_no_ucb,2343,43,0.01835253947930004,1024,43,0.813953488372093,0.005552893119165928,0.000396931012939357,54.48837209302326,54.48837209302326,1117,0.920543462796984,38.49597135183527,0.6780495643615723,0.779,0.025380710659898477,0.03389830508474576,0.3333333333333333,0.29943502824858753,43,1.0,80,43,1.0,480,43,1.0,844
2,inha,rabvs_budgeted_random_parts,2343,43,0.01835253947930004,1024,41,0.6016260162601627,0.005311054070765934,0.0008013424343328299,54.48837209302326,54.48837209302326,1117,0.920543462796984,38.49597135183527,0.6802055835723877,0.729,0.025380710659898477,0.05084745762711865,0.3162393162393162,0.2653918586121976,43,1.0,80,43,1.0,480,43,1.0,863
0,ital,boba_ucb,8638,138,0.015975920351933317,1024,124,0.8205645161290323,0.004104524826446466,0.0016457360900645548,62.594202898550726,62.594202898550726,1536,0.9703635100717759,87.23958333333333,0.620242714881897,0.511,0.13861386138613863,0.034722222222222224,0.27546296296296297,0.24074074074074076,100,0.7246376811594203,100,133,0.9637681159420289,447,134,0.9710144927536232,846
0,ital,rabvs_budgeted_reliable,8638,138,0.015975920351933317,1024,124,0.8205645161290323,0.004104524826446466,0.0016457360900645548,62.594202898550726,62.594202898550726,1536,0.9703635100717759,87.23958333333333,0.6049928665161133,0.888,0.1319371727748691,0.034722222222222224,0.27546296296296297,0.24074074074074076,100,0.7246376811594203,100,133,0.9637681159420289,490,134,0.9710144927536232,990
0,ital,rabvs_budgeted_no_ucb,8638,138,0.015975920351933317,1024,136,0.8026960784313726,0.004900993079744039,0.0009557437734714657,62.594202898550726,62.594202898550726,1536,0.9703635100717759,88.54166666666667,0.6065127849578857,0.888,0.132429614181439,0.023148148148148147,0.2916666666666667,0.26851851851851855,100,0.7246376811594203,100,136,0.9855072463768116,496,136,0.9855072463768116,996
0,ital,rabvs_budgeted_random_parts,8638,138,0.015975920351933317,1024,35,0.5523809523809524,0.010418457590746076,0.004823149583897354,62.594202898550726,62.594202898550726,1536,0.9703635100717759,76.82291666666667,0.6123002171516418,0.847,0.11413612565445026,0.11574074074074074,0.19907407407407407,0.08333333333333333,99,0.717391304347826,100,118,0.855072463768116,479,118,0.855072463768116,972
1,ital,boba_ucb,8638,138,0.015975920351933317,1024,123,0.825880758807588,0.006357642545528751,0.001746304784888708,62.594202898550726,62.594202898550726,1536,0.9703635100717759,87.23958333333333,0.6179906129837036,0.517,0.13891951488423374,0.020833333333333332,0.28935185185185186,0.26851851851851855,100,0.7246376811594203,100,133,0.9637681159420289,445,134,0.9710144927536232,851
1,ital,rabvs_budgeted_reliable,8638,138,0.015975920351933317,1024,123,0.825880758807588,0.006357642545528751,0.001746304784888708,62.594202898550726,62.594202898550726,1536,0.9703635100717759,87.890625,0.6031917333602905,0.872,0.13187954309449637,0.020833333333333332,0.28935185185185186,0.26851851851851855,100,0.7246376811594203,100,134,0.9710144927536232,490,135,0.9782608695652174,986
1,ital,rabvs_budgeted_no_ucb,8638,138,0.015975920351933317,1024,136,0.8008578431372549,0.005152940226887704,0.0009717217638493532,62.594202898550726,62.594202898550726,1536,0.9703635100717759,88.54166666666667,0.6065967679023743,0.888,0.13201663201663202,0.023148148148148147,0.2916666666666667,0.26851851851851855,100,0.7246376811594203,100,136,0.9855072463768116,494,136,0.9855072463768116,994
1,ital,rabvs_budgeted_random_parts,8638,138,0.015975920351933317,1024,80,0.690625,0.013377769082329237,0.003740840886816188,62.594202898550726,62.594202898550726,1536,0.9703635100717759,88.54166666666667,0.6099589467048645,0.833,0.13305613305613306,0.027777777777777776,0.28703703703703703,0.25925925925925924,100,0.7246376811594203,100,135,0.9782608695652174,461,136,0.9855072463768116,957
2,ital,boba_ucb,8638,138,0.015975920351933317,1024,117,0.7841880341880342,0.007285016459044058,0.001520871945089424,62.594202898550726,62.594202898550726,1536,0.9703635100717759,89.84375,0.6304929256439209,0.42900000000000005,0.14098360655737704,0.023148148148148147,0.2962962962962963,0.27314814814814814,100,0.7246376811594203,100,135,0.9782608695652174,429,138,1.0,800
2,ital,rabvs_budgeted_reliable,8638,138,0.015975920351933317,1024,117,0.7841880341880342,0.007285016459044058,0.001520871945089424,62.594202898550726,62.594202898550726,1536,0.9703635100717759,89.19270833333333,0.6099976897239685,0.864,0.13395638629283488,0.023148148148148147,0.2962962962962963,0.27314814814814814,100,0.7246376811594203,100,137,0.9927536231884058,491,137,0.9927536231884058,990
2,ital,rabvs_budgeted_no_ucb,8638,138,0.015975920351933317,1024,135,0.7209876543209877,0.005029787960293397,0.0011836107907351409,62.594202898550726,62.594202898550726,1536,0.9703635100717759,87.890625,0.6109619140625,0.889,0.13097713097713098,0.034722222222222224,0.2777777777777778,0.24305555555555558,100,0.7246376811594203,100,135,0.9782608695652174,492,135,0.9782608695652174,991
2,ital,rabvs_budgeted_random_parts,8638,138,0.015975920351933317,1024,21,0.7063492063492064,0.004934621942145368,0.003979981314168087,62.594202898550726,62.594202898550726,1536,0.9703635100717759,83.33333333333333,0.6042936444282532,0.887,0.1238390092879257,0.12037037037037036,0.18287037037037038,0.06250000000000001,100,0.7246376811594203,100,125,0.9057971014492754,495,128,0.927536231884058,992
0,jak2,boba_ucb,6607,107,0.016194944755562282,1024,89,0.8071161048689138,0.00753269732610936,0.002784414097581166,61.74766355140187,61.74766355140187,1280,0.9677110135714646,82.8125,0.6467506289482117,0.5780000000000001,0.1054897739504844,0.08459214501510574,0.23636363636363636,0.15177149134853063,95,0.8878504672897196,100,106,0.9906542056074766,464,106,0.9906542056074766,900
0,jak2,rabvs_budgeted_reliable,6607,107,0.016194944755562282,1024,89,0.8071161048689138,0.00753269732610936,0.002784414097581166,61.74766355140187,61.74766355140187,1280,0.9677110135714646,81.25,0.6320645809173584,0.938,0.10052356020942409,0.08459214501510574,0.23636363636363636,0.15177149134853063,95,0.8878504672897196,100,103,0.9626168224299065,497,104,0.9719626168224299,997
0,jak2,rabvs_budgeted_no_ucb,6607,107,0.016194944755562282,1024,106,0.7916666666666666,0.007404913930350957,0.001992466639894079,61.74766355140187,61.74766355140187,1280,0.9677110135714646,82.8125,0.6298046708106995,0.937,0.10304942166140904,0.06646525679758308,0.2545454545454545,0.18808019774787144,96,0.897196261682243,100,106,0.9906542056074766,498,106,0.9906542056074766,998
0,jak2,rabvs_budgeted_random_parts,6607,107,0.016194944755562282,1024,11,0.8257575757575758,0.00852821610524975,0.005837269091965514,61.74766355140187,49.585244973095435,1280,0.9677110135714646,53.125,0.624265193939209,0.957,0.06276150627615062,0.24773413897280966,0.06948640483383686,-0.1782477341389728,61,0.5700934579439252,99,68,0.6355140186915887,499,68,0.6355140186915887,999
1,jak2,boba_ucb,6607,107,0.016194944755562282,1024,98,0.8044217687074829,0.005810732365542176,0.0021911116078935514,61.74766355140187,61.74766355140187,1280,0.9677110135714646,82.03125,0.6343961358070374,0.633,0.10543478260869565,0.05740181268882175,0.2606060606060606,0.20320424791723887,96,0.897196261682243,100,105,0.9813084112149533,471,105,0.9813084112149533,910
1,jak2,rabvs_budgeted_reliable,6607,107,0.016194944755562282,1024,98,0.8044217687074829,0.005810732365542176,0.0021911116078935514,61.74766355140187,61.74766355140187,1280,0.9677110135714646,82.8125,0.6201488375663757,0.945,0.10326659641728135,0.05740181268882175,0.2606060606060606,0.20320424791723887,97,0.9065420560747663,100,105,0.9813084112149533,497,106,0.9906542056074766,997
1,jak2,rabvs_budgeted_no_ucb,6607,107,0.016194944755562282,1024,106,0.7924528301886793,0.007009706422967712,0.0019772016234222644,61.74766355140187,61.74766355140187,1280,0.9677110135714646,82.8125,0.6220031380653381,0.9339999999999999,0.10261780104712041,0.0634441087613293,0.25757575757575757,0.19413164881442826,97,0.9065420560747663,100,106,0.9906542056074766,498,106,0.9906542056074766,997
1,jak2,rabvs_budgeted_random_parts,6607,107,0.016194944755562282,1024,37,0.7094594594594594,0.008439780942476478,0.0033960177797490872,61.74766355140187,61.74766355140187,1280,0.9677110135714646,78.90625,0.6181973814964294,0.935,0.0981012658227848,0.18429003021148035,0.1303030303030303,-0.053986999908450045,90,0.8411214953271028,100,100,0.9345794392523364,499,101,0.9439252336448598,999
2,jak2,boba_ucb,6607,107,0.016194944755562282,1024,97,0.8298969072164949,0.0056345316352069,0.002453225881403301,61.74766355140187,61.74766355140187,1280,0.9677110135714646,82.03125,0.6395547986030579,0.604,0.1043010752688172,0.04833836858006042,0.2696969696969697,0.2213586011169093,95,0.8878504672897196,100,105,0.9813084112149533,471,105,0.9813084112149533,916
2,jak2,rabvs_budgeted_reliable,6607,107,0.016194944755562282,1024,97,0.8298969072164949,0.0056345316352069,0.002453225881403301,61.74766355140187,61.74766355140187,1280,0.9677110135714646,82.03125,0.6236175298690796,0.942,0.1027542372881356,0.04833836858006042,0.2696969696969697,0.2213586011169093,96,0.897196261682243,100,104,0.9719626168224299,497,105,0.9813084112149533,997
2,jak2,rabvs_budgeted_no_ucb,6607,107,0.016194944755562282,1024,105,0.8158730158730159,0.005733782801767654,0.0015928565124583593,61.74766355140187,61.74766355140187,1280,0.9677110135714646,82.8125,0.6213627457618713,0.949,0.10283315844700944,0.054380664652567974,0.2636363636363636,0.20925569898379565,98,0.9158878504672897,100,105,0.9813084112149533,498,106,0.9906542056074766,998
2,jak2,rabvs_budgeted_random_parts,6607,107,0.016194944755562282,1024,69,0.6328502415458938,0.00881335179743624,0.0031702927482910293,61.74766355140187,60.812092891532146,1280,0.9677110135714646,72.65625,0.6174547672271729,0.928,0.09032943676939426,0.11178247734138973,0.20606060606060606,0.09427812871921633,89,0.8317757009345794,100,93,0.8691588785046729,495,93,0.8691588785046729,995
0,kif11,boba_ucb,6966,116,0.016652311225954636,1024,94,0.8315602836879432,0.004745478328252823,0.0033920049362806703,60.05172413793104,60.05172413793104,1280,0.9693750598143362,88.28125,0.6469634771347046,0.5660000000000001,0.10829493087557604,0.09169054441260745,0.22701149425287356,0.1353209498402661,96,0.8275862068965517,63,109,0.9396551724137931,404,113,0.9741379310344828,789
0,kif11,rabvs_budgeted_reliable,6966,116,0.016652311225954636,1024,94,0.8315602836879432,0.004745478328252823,0.0033920049362806703,60.05172413793104,59.193842364532024,1280,0.9693750598143362,82.03125,0.6347447037696838,0.944,0.09292502639915523,0.09169054441260745,0.22701149425287356,0.1353209498402661,96,0.8275862068965517,63,105,0.9051724137931034,461,105,0.9051724137931034,961
0,kif11,rabvs_budgeted_no_ucb,6966,116,0.016652311225954636,1024,113,0.8023598820058997,0.009622641709792434,0.002449979047492248,60.05172413793104,60.05172413793104,1280,0.9693750598143362,88.28125,0.635567307472229,0.919,0.09947089947089947,0.054441260744985676,0.27011494252873564,0.21567368178374996,100,0.8620689655172413,63,113,0.9741379310344828,448,113,0.9741379310344828,948
0,kif11,rabvs_budgeted_random_parts,6966,116,0.016652311225954636,1024,38,0.6666666666666666,0.008363067242607826,0.0049301392841344825,60.05172413793104,59.193842364532024,1280,0.9693750598143362,76.5625,0.6250147223472595,0.951,0.08589607635206786,0.1346704871060172,0.16954022988505746,0.03486974277904026,89,0.7672413793103449,64,96,0.8275862068965517,458,98,0.8448275862068966,958
1,kif11,boba_ucb,6966,116,0.016652311225954636,1024,85,0.7872549019607843,0.005850599476661694,0.003154470403321122,60.05172413793104,60.05172413793104,1280,0.9693750598143362,83.59375,0.6500340700149536,0.542,0.10592255125284739,0.08595988538681948,0.22126436781609196,0.13530448242927248,97,0.8362068965517241,66,106,0.9137931034482759,403,107,0.9224137931034483,779
1,kif11,rabvs_budgeted_reliable,6966,116,0.016652311225954636,1024,85,0.7872549019607843,0.005850599476661694,0.003154470403321122,60.05172413793104,60.05172413793104,1280,0.9693750598143362,82.8125,0.6406169533729553,0.937,0.09735449735449736,0.08595988538681948,0.22126436781609196,0.13530448242927248,95,0.8189655172413793,67,106,0.9137931034482759,455,106,0.9137931034482759,955
1,kif11,rabvs_budgeted_no_ucb,6966,116,0.016652311225954636,1024,108,0.7870370370370371,0.008494007370550505,0.002887041179651222,60.05172413793104,60.05172413793104,1280,0.9693750598143362,84.375,0.6395371556282043,0.918,0.09968186638388123,0.045845272206303724,0.26436781609195403,0.21852254388565032,100,0.8620689655172413,65,108,0.9310344827586207,454,108,0.9310344827586207,952
1,kif11,rabvs_budgeted_random_parts,6966,116,0.016652311225954636,1024,57,0.6418128654970761,0.011747346061525802,0.005370725793486306,60.05172413793104,58.335960591133,1280,0.9693750598143362,81.25,0.63942551612854,0.917,0.09574468085106383,0.1489971346704871,0.1781609195402299,0.029163784869742776,84,0.7241379310344828,72,102,0.8793103448275862,452,104,0.896551724137931,950
2,kif11,boba_ucb,6966,116,0.016652311225954636,1024,99,0.7962962962962963,0.006769837655146877,0.0032985868393346635,60.05172413793104,60.05172413793104,1280,0.9693750598143362,90.625,0.6394802927970886,0.5720000000000001,0.11976744186046512,0.06017191977077364,0.26436781609195403,0.2041958963211804,96,0.8275862068965517,64,111,0.9568965517241379,400,116,1.0,775
2,kif11,rabvs_budgeted_reliable,6966,116,0.016652311225954636,1024,99,0.7962962962962963,0.006769837655146877,0.0032985868393346635,60.05172413793104,60.05172413793104,1280,0.9693750598143362,82.8125,0.6296970248222351,0.942,0.09830866807610994,0.06017191977077364,0.26436781609195403,0.2041958963211804,97,0.8362068965517241,63,106,0.9137931034482759,454,106,0.9137931034482759,954
2,kif11,rabvs_budgeted_no_ucb,6966,116,0.016652311225954636,1024,104,0.7620192307692307,0.005628258931846308,0.0027792960531023416,60.05172413793104,60.05172413793104,1280,0.9693750598143362,82.03125,0.641154408454895,0.9410000000000001,0.09725158562367865,0.03724928366762178,0.26436781609195403,0.22711853242433225,100,0.8620689655172413,63,104,0.896551724137931,460,105,0.9051724137931034,960
2,kif11,rabvs_budgeted_random_parts,6966,116,0.016652311225954636,1024,36,0.7384259259259259,0.00708459646128772,0.005277865955439087,60.05172413793104,60.05172413793104,1280,0.9693750598143362,74.21875,0.615879476070404,0.946,0.08649789029535865,0.08882521489971347,0.20114942528735633,0.11232421038764286,87,0.75,64,95,0.8189655172413793,453,95,0.8189655172413793,953
0,kit,boba_ucb,10616,166,0.01563677467972871,1024,139,0.8075539568345323,0.003175442598374272,0.0026875340605308842,63.95180722891567,63.95180722891567,1536,0.975885455915599,103.515625,0.603474497795105,0.531,0.16132478632478633,0.05084745762711865,0.24858757062146894,0.1977401129943503,100,0.6024096385542169,100,157,0.9457831325301205,468,159,0.9578313253012049,900
0,kit,rabvs_budgeted_reliable,10616,166,0.01563677467972871,1024,139,0.8075539568345323,0.003175442598374272,0.0026875340605308842,63.95180722891567,63.95180722891567,1536,0.975885455915599,105.46875,0.5931617021560669,0.911,0.15975103734439833,0.05084745762711865,0.24858757062146894,0.1977401129943503,100,0.6024096385542169,100,159,0.9578313253012049,496,162,0.9759036144578314,996
0,kit,rabvs_budgeted_no_ucb,10616,166,0.01563677467972871,1024,155,0.8010752688172043,0.0031833357799337394,0.0018114859743502327,63.95180722891567,63.95180722891567,1536,0.975885455915599,103.515625,0.5987734198570251,0.921,0.15615305067218202,0.04896421845574388,0.2542372881355932,0.20527306967984932,100,0.6024096385542169,100,157,0.9457831325301205,496,159,0.9578313253012049,996
0,kit,rabvs_budgeted_random_parts,10616,166,0.01563677467972871,1024,110,0.6007575757575757,0.0048348111339127945,0.003925259158152068,63.95180722891567,62.74516935667198,1536,0.975885455915599,98.95833333333333,0.6054274439811707,0.911,0.14814814814814814,0.09774436090225563,0.1977401129943503,0.09999575209209466,98,0.5903614457831325,100,150,0.9036144578313253,488,152,0.9156626506024096,988
1,kit,boba_ucb,10616,166,0.01563677467972871,1024,93,0.8234767025089605,0.004283938381153347,0.003078131556128725,63.95180722891567,63.95180722891567,1536,0.975885455915599,105.46875,0.6158866286277771,0.593,0.161594963273872,0.09792843691148775,0.2071563088512241,0.10922787193973635,100,0.6024096385542169,100,160,0.963855421686747,467,162,0.9759036144578314,885
1,kit,rabvs_budgeted_reliable,10616,166,0.01563677467972871,1024,93,0.8234767025089605,0.004283938381153347,0.003078131556128725,63.95180722891567,63.95180722891567,1536,0.975885455915599,104.16666666666667,0.6050336956977844,0.913,0.158004158004158,0.09792843691148775,0.2071563088512241,0.10922787193973635,100,0.6024096385542169,100,158,0.9518072289156626,488,160,0.963855421686747,988
1,kit,rabvs_budgeted_no_ucb,10616,166,0.01563677467972871,1024,161,0.7593167701863354,0.006016275633536963,0.0019609933838102985,63.95180722891567,63.95180722891567,1536,0.975885455915599,106.11979166666667,0.5998493432998657,0.883,0.1607883817427386,0.04143126177024482,0.2617702448210923,0.22033898305084748,100,0.6024096385542169,100,161,0.9698795180722891,494,163,0.9819277108433735,993
1,kit,rabvs_budgeted_random_parts,10616,166,0.01563677467972871,1024,111,0.6223723723723724,0.013337202992165351,0.0047370618059292165,63.95180722891567,63.95180722891567,1536,0.975885455915599,104.81770833333333,0.5994392037391663,0.835,0.15920915712799166,0.047080979284369114,0.2542372881355932,0.2071563088512241,100,0.6024096385542169,100,158,0.9518072289156626,487,161,0.9698795180722891,984
2,kit,boba_ucb,10616,166,0.01563677467972871,1024,115,0.808695652173913,0.004221028728877052,0.0022631223968543625,63.95180722891567,63.95180722891567,1536,0.975885455915599,104.16666666666667,0.6035695672035217,0.556,0.15816857440166493,0.07344632768361582,0.2278719397363465,0.1544256120527307,100,0.6024096385542169,100,159,0.9578313253012049,475,160,0.963855421686747,909
2,kit,rabvs_budgeted_reliable,10616,166,0.01563677467972871,1024,115,0.808695652173913,0.004221028728877052,0.0022631223968543625,63.95180722891567,63.95180722891567,1536,0.975885455915599,103.515625,0.5955051183700562,0.92,0.15550978372811536,0.07344632768361582,0.2278719397363465,0.1544256120527307,100,0.6024096385542169,100,158,0.9518072289156626,496,159,0.9578313253012049,996
2,kit,rabvs_budgeted_no_ucb,10616,166,0.01563677467972871,1024,161,0.7619047619047619,0.0060253669208495024,0.001944377373571652,63.95180722891567,63.95180722891567,1536,0.975885455915599,106.11979166666667,0.5985205173492432,0.882,0.16012396694214875,0.03766478342749529,0.2655367231638418,0.2278719397363465,100,0.6024096385542169,100,161,0.9698795180722891,492,163,0.9819277108433735,990
2,kit,rabvs_budgeted_random_parts,10616,166,0.01563677467972871,1024,94,0.30851063829787234,0.009458303666481281,0.004851711652544543,63.95180722891567,63.348488292793824,1536,0.975885455915599,97.00520833333333,0.5972210168838501,0.89,0.14536082474226805,0.1694915254237288,0.12994350282485875,-0.03954802259887005,99,0.5963855421686747,100,146,0.8795180722891566,493,149,0.8975903614457831,989
0,kith,boba_ucb,2907,57,0.0196078431372549,1024,56,0.8258928571428571,0.0034250722981135576,0.00016641384809113784,51.0,51.0,1140,0.934640522875817,50.0,0.6682744026184082,0.531,0.05046948356807512,0.03424657534246575,0.3586206896551724,0.3243741143127067,57,1.0,66,57,1.0,436,57,1.0,861
0,kith,rabvs_budgeted_reliable,2907,57,0.0196078431372549,1024,56,0.8258928571428571,0.0034250722981135576,0.00016641384809113784,51.0,51.0,1140,0.934640522875817,50.0,0.6487634778022766,0.963,0.04936854190585534,0.03424657534246575,0.3586206896551724,0.3243741143127067,57,1.0,70,57,1.0,470,57,1.0,945
0,kith,rabvs_budgeted_no_ucb,2907,57,0.0196078431372549,1024,57,0.8333333333333334,0.0025996738782469524,6.686481499000571e-05,51.0,51.0,1140,0.934640522875817,50.0,0.6469494104385376,0.968,0.04903078677309008,0.06164383561643835,0.3310344827586207,0.2693906471421823,57,1.0,70,57,1.0,470,57,1.0,956
0,kith,rabvs_budgeted_random_parts,2907,57,0.0196078431372549,1024,8,0.8333333333333334,0.00422500539765891,0.001521823757285466,51.0,51.0,1140,0.934640522875817,46.49122807017544,0.6448838710784912,0.971,0.04421768707482993,0.1780821917808219,0.21379310344827587,0.035710911667453965,51,0.8947368421052632,75,52,0.9122807017543859,474,53,0.9298245614035088,967
1,kith,boba_ucb,2907,57,0.0196078431372549,1024,57,0.7807017543859649,0.003507974997587363,0.00030932040015885085,51.0,51.0,1140,0.934640522875817,50.0,0.6675047278404236,0.548,0.031990521327014215,0.03424657534246575,0.3586206896551724,0.3243741143127067,57,1.0,69,57,1.0,436,57,1.0,864
1,kith,rabvs_budgeted_reliable,2907,57,0.0196078431372549,1024,57,0.7807017543859649,0.003507974997587363,0.00030932040015885085,51.0,51.0,1140,0.934640522875817,50.0,0.6485123038291931,0.969,0.03169014084507042,0.03424657534246575,0.3586206896551724,0.3243741143127067,57,1.0,70,57,1.0,470,57,1.0,957
1,kith,rabvs_budgeted_no_ucb,2907,57,0.0196078431372549,1024,57,0.8333333333333334,0.002536641610831603,5.8440840383614196e-05,51.0,51.0,1140,0.934640522875817,50.0,0.6478822827339172,0.97,0.031652989449003514,0.0410958904109589,0.35172413793103446,0.31062824752007556,57,1.0,70,57,1.0,470,57,1.0,954
1,kith,rabvs_budgeted_random_parts,2907,57,0.0196078431372549,1024,41,0.6341463414634146,0.004560987948077701,0.0007243056973059368,51.0,51.0,1140,0.934640522875817,46.49122807017544,0.6480451822280884,0.973,0.026806526806526808,0.1095890410958904,0.2827586206896552,0.17316957959376478,53,0.9298245614035088,70,53,0.9298245614035088,470,53,0.9298245614035088,962
2,kith,boba_ucb,2907,57,0.0196078431372549,1024,57,0.8333333333333334,0.0044851027414091315,0.000250432745981534,51.0,51.0,1140,0.934640522875817,50.0,0.6670436859130859,0.5409999999999999,0.03305785123966942,0.0136986301369863,0.3793103448275862,0.3656117146905999,57,1.0,66,57,1.0,438,57,1.0,872
2,kith,rabvs_budgeted_reliable,2907,57,0.0196078431372549,1024,57,0.8333333333333334,0.0044851027414091315,0.000250432745981534,51.0,51.0,1140,0.934640522875817,50.0,0.6513723134994507,0.957,0.03305785123966942,0.0136986301369863,0.3793103448275862,0.3656117146905999,57,1.0,70,57,1.0,470,57,1.0,958
2,kith,rabvs_budgeted_no_ucb,2907,57,0.0196078431372549,1024,57,0.8333333333333334,0.0024130217081131944,5.5125614280847277e-05,51.0,51.0,1140,0.934640522875817,50.0,0.6453842520713806,0.968,0.03286384976525822,0.04794520547945205,0.3448275862068966,0.29688238072744455,57,1.0,70,57,1.0,470,57,1.0,965
2,kith,rabvs_budgeted_random_parts,2907,57,0.0196078431372549,1024,49,0.6921768707482994,0.0034674196809686294,0.0003210588447394381,51.0,51.0,1140,0.934640522875817,50.0,0.6477670073509216,0.973,0.03294117647058824,0.04794520547945205,0.3448275862068966,0.29688238072744455,57,1.0,70,57,1.0,470,57,1.0,955
0,kpcb,boba_ucb,8835,135,0.015280135823429542,1024,100,0.8233333333333334,0.0019184969602800053,0.004312114619499696,65.44444444444444,65.44444444444444,1536,0.9710243350311262,70.3125,0.660848081111908,0.45199999999999996,0.1091703056768559,0.029411764705882353,0.21266968325791855,0.1832579185520362,98,0.725925925925926,100,105,0.7777777777777778,443,108,0.8,845
0,kpcb,rabvs_budgeted_reliable,8835,135,0.015280135823429542,1024,100,0.8233333333333334,0.0019184969602800053,0.004312114619499696,65.44444444444444,65.44444444444444,1536,0.9710243350311262,74.21875,0.6361730694770813,0.896,0.10927835051546392,0.029411764705882353,0.21266968325791855,0.1832579185520362,98,0.725925925925926,100,103,0.762962962962963,497,114,0.8444444444444444,995
0,kpcb,rabvs_budgeted_no_ucb,8835,135,0.015280135823429542,1024,111,0.789039039039039,0.005417394485872859,0.004202157541924046,65.44444444444444,65.44444444444444,1536,0.9710243350311262,82.03125,0.6322013139724731,0.845,0.12190082644628099,0.038461538461538464,0.2171945701357466,0.17873303167420815,99,0.7333333333333333,100,114,0.8444444444444444,496,126,0.9333333333333333,991
0,kpcb,rabvs_budgeted_random_parts,8835,135,0.015280135823429542,1024,68,0.7622549019607843,0.006914623637375879,0.005535747140803336,65.44444444444444,64.70075757575758,1536,0.9710243350311262,76.171875,0.6373048424720764,0.821,0.11318795430944964,0.042986425339366516,0.19909502262443438,0.15610859728506787,96,0.7111111111111111,100,107,0.7925925925925926,484,117,0.8666666666666667,979
1,kpcb,boba_ucb,8835,135,0.015280135823429542,1024,110,0.8227272727272728,0.00344123482015103,0.002857133833046918,65.44444444444444,65.44444444444444,1536,0.9710243350311262,82.68229166666667,0.6410548090934753,0.398,0.1303395399780942,0.05869074492099323,0.22675736961451248,0.16806662469351924,99,0.7333333333333333,100,125,0.9259259259259259,431,127,0.9407407407407408,831
1,kpcb,rabvs_budgeted_reliable,8835,135,0.015280135823429542,1024,110,0.8227272727272728,0.00344123482015103,0.002857133833046918,65.44444444444444,65.44444444444444,1536,0.9710243350311262,82.68229166666667,0.6360647082328796,0.886,0.12408759124087591,0.05869074492099323,0.22675736961451248,0.16806662469351924,99,0.7333333333333333,100,124,0.9185185185185185,493,127,0.9407407407407408,991
1,kpcb,rabvs_budgeted_no_ucb,8835,135,0.015280135823429542,1024,125,0.7913333333333333,0.004794184682157852,0.0019587850054401928,65.44444444444444,65.44444444444444,1536,0.9710243350311262,82.03125,0.6376004815101624,0.869,0.12278876170655567,0.04524886877828054,0.2398190045248869,0.19457013574660634,100,0.7407407407407407,100,126,0.9333333333333333,497,126,0.9333333333333333,995
1,kpcb,rabvs_budgeted_random_parts,8835,135,0.015280135823429542,1024,74,0.33783783783783783,0.005110930132732269,0.00408138978929804,65.44444444444444,65.44444444444444,1536,0.9710243350311262,78.125,0.6267862915992737,0.87,0.11654526534859522,0.05656108597285068,0.2171945701357466,0.16063348416289594,100,0.7407407407407407,100,115,0.8518518518518519,490,120,0.8888888888888888,990
2,kpcb,boba_ucb,8835,135,0.015280135823429542,1024,113,0.7949852507374632,0.005906379293254368,0.0032688966035740222,65.44444444444444,65.44444444444444,1536,0.9710243350311262,82.68229166666667,0.6447180509567261,0.41700000000000004,0.12864864864864864,0.05203619909502263,0.23529411764705882,0.1832579185520362,100,0.7407407407407407,100,126,0.9333333333333333,432,127,0.9407407407407408,811
2,kpcb,rabvs_budgeted_reliable,8835,135,0.015280135823429542,1024,113,0.7949852507374632,0.005906379293254368,0.0032688966035740222,65.44444444444444,64.70075757575758,1536,0.9710243350311262,82.68229166666667,0.6308169960975647,0.854,0.12421711899791232,0.05203619909502263,0.23529411764705882,0.1832579185520362,99,0.7333333333333333,100,127,0.9407407407407408,485,127,0.9407407407407408,984
2,kpcb,rabvs_budgeted_no_ucb,8835,135,0.015280135823429542,1024,112,0.7976190476190477,0.0023236792855847784,0.003622358875644815,65.44444444444444,65.44444444444444,1536,0.9710243350311262,75.52083333333333,0.6314142346382141,0.882,0.11261730969760167,0.03619909502262444,0.2149321266968326,0.17873303167420815,99,0.7333333333333333,100,111,0.8222222222222222,497,116,0.8592592592592593,997
2,kpcb,rabvs_budgeted_random_parts,8835,135,0.015280135823429542,1024,63,0.36243386243386244,0.015147896307693993,0.008372139550956198,65.44444444444444,63.957070707070706,1536,0.9710243350311262,75.52083333333333,0.6404739022254944,0.745,0.11550802139037433,0.04751131221719457,0.21266968325791855,0.16515837104072398,96,0.7111111111111111,100,115,0.8518518518518519,448,116,0.8592592592592593,932
0,lck,boba_ucb,27820,420,0.01509705248023005,1024,205,0.7451219512195122,0.0029010888284643015,0.0031012121189544373,66.23809523809524,66.23809523809524,2304,0.986196980589504,168.4027777777778,0.5479688048362732,0.6859999999999999,0.39117043121149897,0.0927390366642703,0.19122933141624732,0.09849029475197701,100,0.23809523809523808,100,372,0.8857142857142857,488,388,0.9238095238095239,913
0,lck,rabvs_budgeted_reliable,27820,420,0.01509705248023005,1024,205,0.7451219512195122,0.0029010888284643015,0.0031012121189544373,66.23809523809524,66.23809523809524,2304,0.986196980589504,169.27083333333334,0.5449172854423523,0.88,0.390020366598778,0.0927390366642703,0.19122933141624732,0.09849029475197701,100,0.23809523809523808,100,376,0.8952380952380953,493,390,0.9285714285714286,978
0,lck,rabvs_budgeted_no_ucb,27820,420,0.01509705248023005,1024,380,0.6947368421052632,0.0028917488691234095,0.0024711641147045194,66.23809523809524,65.9998287084618,2304,0.986196980589504,169.70486111111111,0.5468937158584595,0.893,0.3906408952187182,0.03666427030913012,0.24730409777138748,0.21063982746225735,100,0.23809523809523808,100,384,0.9142857142857143,495,391,0.930952380952381,979
0,lck,rabvs_budgeted_random_parts,27820,420,0.01509705248023005,1024,194,0.26804123711340205,0.007330266953803171,0.00486076803790836,66.23809523809524,64.5702295306612,2304,0.986196980589504,169.70486111111111,0.5465383529663086,0.792,0.38922764227642276,0.12365204888569374,0.16175413371675054,0.0381020848310568,100,0.23809523809523808,100,360,0.8571428571428571,492,391,0.930952380952381,967
1,lck,boba_ucb,27820,420,0.01509705248023005,1024,189,0.7870370370370371,0.0015591330054212935,0.0038169745388557316,66.23809523809524,65.76156217882837,2304,0.986196980589504,162.76041666666666,0.5528003573417664,0.735,0.3733468972533062,0.07332854061826025,0.2048885693745507,0.13156002875629044,100,0.23809523809523808,100,357,0.85,488,375,0.8928571428571429,923
1,lck,rabvs_budgeted_reliable,27820,420,0.01509705248023005,1024,189,0.7870370370370371,0.0015591330054212935,0.0038169745388557316,66.23809523809524,65.52329564919494,2304,0.986196980589504,164.4965277777778,0.5500743389129639,0.894,0.3766497461928934,0.07332854061826025,0.2048885693745507,0.13156002875629044,100,0.23809523809523808,100,359,0.8547619047619047,491,379,0.9023809523809524,978
1,lck,rabvs_budgeted_no_ucb,27820,420,0.01509705248023005,1024,374,0.7023172905525846,0.0024952645918797124,0.00242130485465275,66.23809523809524,66.23809523809524,2304,0.986196980589504,169.70486111111111,0.5451823472976685,0.889,0.390020366598778,0.02875629043853343,0.2537742631200575,0.2250179726815241,100,0.23809523809523808,100,381,0.9071428571428571,494,391,0.930952380952381,986
1,lck,rabvs_budgeted_random_parts,27820,420,0.01509705248023005,1024,152,0.17598684210526316,0.007299644397140697,0.005032100597854553,66.23809523809524,63.61716341212745,2304,0.986196980589504,166.66666666666666,0.5476884841918945,0.8200000000000001,0.3817258883248731,0.14953271028037382,0.13156002875629044,-0.017972681524083378,100,0.23809523809523808,100,362,0.861904761904762,485,384,0.9142857142857143,954
2,lck,boba_ucb,27820,420,0.01509705248023005,1024,211,0.7697472353870458,0.0013359550272553774,0.002698584002009604,66.23809523809524,66.23809523809524,2304,0.986196980589504,169.70486111111111,0.547104001045227,0.7050000000000001,0.38922764227642276,0.06685837526959022,0.21567217828900073,0.1488138030194105,100,0.23809523809523808,100,376,0.8952380952380953,488,391,0.930952380952381,910
2,lck,rabvs_budgeted_reliable,27820,420,0.01509705248023005,1024,211,0.7697472353870458,0.0013359550272553774,0.002698584002009604,66.23809523809524,66.23809523809524,2304,0.986196980589504,168.83680555555554,0.5480050444602966,0.903,0.38640973630831643,0.06685837526959022,0.21567217828900073,0.1488138030194105,100,0.23809523809523808,100,382,0.9095238095238095,494,389,0.9261904761904762,983
2,lck,rabvs_budgeted_no_ucb,27820,420,0.01509705248023005,1024,378,0.7059082892416225,0.0029647295315095197,0.002431954812995081,66.23809523809524,66.23809523809524,2304,0.986196980589504,168.83680555555554,0.5433998107910156,0.884,0.3852376137512639,0.030913012221423435,0.2523364485981308,0.2214234363767074,100,0.23809523809523808,100,383,0.9119047619047619,495,389,0.9261904761904762,974
2,lck,rabvs_budgeted_random_parts,27820,420,0.01509705248023005,1024,80,0.55,0.0026722859078744513,0.004323508058008526,66.23809523809524,63.37889688249401,2304,0.986196980589504,166.66666666666666,0.554620623588562,0.888,0.3817258883248731,0.16391085549964055,0.1186196980589504,-0.04529115744069015,100,0.23809523809523808,100,358,0.8523809523809524,486,384,0.9142857142857143,973
0,lkha4,boba_ucb,9621,171,0.01777362020579981,1024,151,0.815121412803532,0.0037004250567285206,0.0005257432712858628,56.26315789473685,56.26315789473685,1536,0.9733915393410248,110.67708333333333,0.6422929167747498,0.637,0.18055555555555555,0.04149377593360996,0.31185031185031187,0.2703565359167019,100,0.5847953216374269,100,169,0.9883040935672515,445,170,0.9941520467836257,823
0,lkha4,rabvs_budgeted_reliable,9621,171,0.01777362020579981,1024,151,0.815121412803532,0.0037004250567285206,0.0005257432712858628,56.26315789473685,56.26315789473685,1536,0.9733915393410248,110.02604166666667,0.6289177536964417,0.951,0.16213389121338911,0.04149377593360996,0.31185031185031187,0.2703565359167019,100,0.5847953216374269,100,169,0.9883040935672515,496,169,0.9883040935672515,995
0,lkha4,rabvs_budgeted_no_ucb,9621,171,0.01777362020579981,1024,170,0.8019607843137255,0.0028147876469038794,0.0005158599254790841,56.26315789473685,56.26315789473685,1536,0.9733915393410248,109.375,0.6253884434700012,0.957,0.16058394160583941,0.029045643153526972,0.32432432432432434,0.29527868117079736,100,0.5847953216374269,100,168,0.9824561403508771,498,168,0.9824561403508771,998
0,lkha4,rabvs_budgeted_random_parts,9621,171,0.01777362020579981,1024,73,0.6894977168949772,0.006476176584804564,0.000993712396056943,56.26315789473685,56.26315789473685,1536,0.9733915393410248,110.02604166666667,0.623679518699646,0.9390000000000001,0.16247379454926625,0.04564315352697095,0.30561330561330563,0.25997015208633467,100,0.5847953216374269,100,169,0.9883040935672515,493,169,0.9883040935672515,990
1,lkha4,boba_ucb,9621,171,0.01777362020579981,1024,149,0.8076062639821029,0.004176470958726568,0.0005675367144131922,56.26315789473685,56.26315789473685,1536,0.9733915393410248,110.02604166666667,0.6378175616264343,0.642,0.1806674338319908,0.03941908713692946,0.31185031185031187,0.27243122471338244,100,0.5847953216374269,100,169,0.9883040935672515,451,169,0.9883040935672515,813
1,lkha4,rabvs_budgeted_reliable,9621,171,0.01777362020579981,1024,149,0.8076062639821029,0.004176470958726568,0.0005675367144131922,56.26315789473685,56.26315789473685,1536,0.9733915393410248,110.02604166666667,0.6269360184669495,0.949,0.16152263374485595,0.03941908713692946,0.31185031185031187,0.27243122471338244,100,0.5847953216374269,100,169,0.9883040935672515,495,169,0.9883040935672515,995
1,lkha4,rabvs_budgeted_no_ucb,9621,171,0.01777362020579981,1024,169,0.8116370808678501,0.003456339664440559,0.0004755833164948447,56.26315789473685,56.26315789473685,1536,0.9733915393410248,110.02604166666667,0.6267104148864746,0.951,0.16152263374485595,0.03319502074688797,0.3201663201663202,0.2869712994194322,100,0.5847953216374269,100,169,0.9883040935672515,497,169,0.9883040935672515,997
1,lkha4,rabvs_budgeted_random_parts,9621,171,0.01777362020579981,1024,111,0.3716216216216216,0.004491521229050646,0.0012884760512157166,56.26315789473685,56.26315789473685,1536,0.9733915393410248,105.46875,0.6222385168075562,0.948,0.15503080082135523,0.10580912863070539,0.24740124740124741,0.141592118770542,100,0.5847953216374269,100,162,0.9473684210526315,499,162,0.9473684210526315,998
2,lkha4,boba_ucb,9621,171,0.01777362020579981,1024,139,0.8267386091127098,0.003766273036039327,0.0009294284874447277,56.26315789473685,56.26315789473685,1536,0.9733915393410248,110.02604166666667,0.6552403569221497,0.597,0.18055555555555555,0.03734439834024896,0.31392931392931395,0.276584915589065,100,0.5847953216374269,100,169,0.9883040935672515,460,169,0.9883040935672515,818
2,lkha4,rabvs_budgeted_reliable,9621,171,0.01777362020579981,1024,139,0.8267386091127098,0.003766273036039327,0.0009294284874447277,56.26315789473685,56.26315789473685,1536,0.9733915393410248,109.375,0.6412822604179382,0.942,0.16230366492146597,0.03734439834024896,0.31392931392931395,0.276584915589065,100,0.5847953216374269,100,168,0.9824561403508771,497,168,0.9824561403508771,996
2,lkha4,rabvs_budgeted_no_ucb,9621,171,0.01777362020579981,1024,170,0.803921568627451,0.0028885779968886994,0.0005065249676396792,56.26315789473685,56.26315789473685,1536,0.9733915393410248,110.02604166666667,0.6278330683708191,0.953,0.16216216216216217,0.024896265560165973,0.3284823284823285,0.3035860629221625,100,0.5847953216374269,100,169,0.9883040935672515,498,169,0.9883040935672515,998
2,lkha4,rabvs_budgeted_random_parts,9621,171,0.01777362020579981,1024,66,0.63510101010101,0.007564530659216478,0.0011098334428690478,56.26315789473685,56.26315789473685,1536,0.9733915393410248,110.67708333333333,0.6356620788574219,0.924,0.16405433646812956,0.11801242236024845,0.23541666666666666,0.11740424430641822,100,0.5847953216374269,100,170,0.9941520467836257,493,170,0.9941520467836257,991
0,mapk2,boba_ucb,6251,101,0.016157414813629818,1024,92,0.8079710144927537,0.004935097990047321,0.0017155728154850721,61.8910891089109,61.8910891089109,1274,0.9660321015304218,79.27786499215071,0.6609104871749878,0.54,0.09814612868047982,0.06050955414012739,0.26282051282051283,0.20231095868038546,95,0.9405940594059405,75,100,0.9900990099009901,442,101,1.0,865
0,mapk2,rabvs_budgeted_reliable,6251,101,0.016157414813629818,1024,92,0.8079710144927537,0.004935097990047321,0.0017155728154850721,61.8910891089109,61.8910891089109,1274,0.9660321015304218,74.56828885400314,0.654905378818512,0.97,0.08936170212765958,0.06050955414012739,0.26282051282051283,0.20231095868038546,94,0.9306930693069307,76,95,0.9405940594059405,474,95,0.9405940594059405,974
0,mapk2,rabvs_budgeted_no_ucb,6251,101,0.016157414813629818,1024,96,0.8177083333333334,0.004294324397319564,0.001321698098128547,61.8910891089109,61.8910891089109,1274,0.9660321015304218,76.138147566719,0.6460767984390259,0.967,0.0911983032873807,0.04153354632587859,0.26517571884984026,0.22364217252396168,96,0.9504950495049505,76,96,0.9504950495049505,475,97,0.9603960396039604,975
0,mapk2,rabvs_budgeted_random_parts,6251,101,0.016157414813629818,1024,31,0.6155913978494624,0.00642850730519946,0.002182466743004695,61.8910891089109,61.8910891089109,1274,0.9660321015304218,62.009419152276294,0.6466026902198792,0.961,0.07348242811501597,0.15335463258785942,0.15335463258785942,0.0,78,0.7722772277227723,82,79,0.7821782178217822,482,79,0.7821782178217822,982
1,mapk2,boba_ucb,6251,101,0.016157414813629818,1024,98,0.8035714285714286,0.008496705634527684,0.0015196203002229003,61.8910891089109,61.8910891089109,1274,0.9660321015304218,79.27786499215071,0.6611249446868896,0.5349999999999999,0.09857612267250822,0.038338658146964855,0.28434504792332266,0.2460063897763578,97,0.9603960396039604,77,101,1.0,441,101,1.0,847
1,mapk2,rabvs_budgeted_reliable,6251,101,0.016157414813629818,1024,98,0.8035714285714286,0.008496705634527684,0.0015196203002229003,61.8910891089109,61.8910891089109,1274,0.9660321015304218,79.27786499215071,0.6539896130561829,0.947,0.09523809523809523,0.038338658146964855,0.28434504792332266,0.2460063897763578,95,0.9405940594059405,77,101,1.0,474,101,1.0,974
1,mapk2,rabvs_budgeted_no_ucb,6251,101,0.016157414813629818,1024,101,0.8011551155115512,0.007603122376428744,0.001047667478424339,61.8910891089109,61.8910891089109,1274,0.9660321015304218,79.27786499215071,0.6518553495407104,0.95,0.09473684210526316,0.054313099041533544,0.268370607028754,0.21405750798722045,98,0.9702970297029703,77,101,1.0,473,101,1.0,973
1,mapk2,rabvs_budgeted_random_parts,6251,101,0.016157414813629818,1024,42,0.6527777777777778,0.002928520885934829,0.002357638651341104,61.8910891089109,61.8910891089109,1274,0.9660321015304218,65.93406593406594,0.6557222008705139,0.973,0.07692307692307693,0.08626198083067092,0.22044728434504793,0.13418530351437702,81,0.801980198019802,80,84,0.8316831683168316,479,84,0.8316831683168316,978
2,mapk2,boba_ucb,6251,101,0.016157414813629818,1024,98,0.7950680272108843,0.010666013139907258,0.0015606515929209933,61.8910891089109,61.8910891089109,1274,0.9660321015304218,79.27786499215071,0.656771183013916,0.519,0.09581497797356828,0.04472843450479233,0.2779552715654952,0.23322683706070288,100,0.9900990099009901,75,101,1.0,451,101,1.0,859
2,mapk2,rabvs_budgeted_reliable,6251,101,0.016157414813629818,1024,98,0.7950680272108843,0.010666013139907258,0.0015606515929209933,61.8910891089109,61.8910891089109,1274,0.9660321015304218,79.27786499215071,0.6514517068862915,0.9410000000000001,0.0926517571884984,0.04472843450479233,0.2779552715654952,0.23322683706070288,99,0.9801980198019802,76,101,1.0,473,101,1.0,973
2,mapk2,rabvs_budgeted_no_ucb,6251,101,0.016157414813629818,1024,101,0.8085808580858086,0.00800049023557024,0.0009561505261500003,61.8910891089109,61.8910891089109,1274,0.9660321015304218,79.27786499215071,0.6510120630264282,0.951,0.0924548352816153,0.05750798722044728,0.26517571884984026,0.20766773162939298,99,0.9801980198019802,75,101,1.0,473,101,1.0,973
2,mapk2,rabvs_budgeted_random_parts,6251,101,0.016157414813629818,1024,27,0.5401234567901234,0.006614078949973433,0.003270110891215209,61.8910891089109,51.08470847084708,1274,0.9660321015304218,47.09576138147567,0.649284303188324,0.943,0.050213675213675216,0.22044728434504793,0.09584664536741214,-0.12460063897763579,58,0.5742574257425742,83,60,0.594059405940594,481,60,0.594059405940594,979
0,mcr,boba_ucb,5244,94,0.01792524790236461,1024,88,0.8049242424242424,0.0108726278494884,0.002759636065107114,55.78723404255319,55.78723404255319,1233,0.960812356979405,76.23682076236821,0.6697856187820435,0.46599999999999997,0.09534883720930233,0.057034220532319393,0.3015267175572519,0.24449249702493253,91,0.9680851063829787,76,94,1.0,422,94,1.0,819
0,mcr,rabvs_budgeted_reliable,5244,94,0.01792524790236461,1024,88,0.8049242424242424,0.0108726278494884,0.002759636065107114,55.78723404255319,55.78723404255319,1233,0.960812356979405,75.42579075425792,0.6352819204330444,0.919,0.08690987124463519,0.057034220532319393,0.3015267175572519,0.24449249702493253,91,0.9680851063829787,76,93,0.9893617021276596,473,93,0.9893617021276596,973
0,mcr,rabvs_budgeted_no_ucb,5244,94,0.01792524790236461,1024,94,0.7845744680851063,0.008507147315371097,0.0022511959866119364,55.78723404255319,55.78723404255319,1233,0.960812356979405,75.42579075425792,0.631786584854126,0.938,0.08719052744886975,0.07224334600760456,0.2862595419847328,0.21401619597712823,90,0.9574468085106383,76,93,0.9893617021276596,473,93,0.9893617021276596,973
0,mcr,rabvs_budgeted_random_parts,5244,94,0.01792524790236461,1024,37,0.6081081081081081,0.011047411090896901,0.006488733470281425,55.78723404255319,50.42307692307692,1233,0.960812356979405,58.394160583941606,0.6330721378326416,0.899,0.06514657980456026,0.18631178707224336,0.16412213740458015,-0.022189649667663208,68,0.723404255319149,80,72,0.7659574468085106,465,72,0.7659574468085106,965
1,mcr,boba_ucb,5244,94,0.01792524790236461,1024,79,0.7732067510548524,0.005660132077011295,0.0026365705367672855,55.78723404255319,55.78723404255319,1233,0.960812356979405,74.61476074614761,0.6690117120742798,0.44599999999999995,0.09239766081871345,0.09885931558935361,0.2480916030534351,0.14923228746408151,87,0.925531914893617,77,91,0.9680851063829787,415,92,0.9787234042553191,819
1,mcr,rabvs_budgeted_reliable,5244,94,0.01792524790236461,1024,79,0.7732067510548524,0.005660132077011295,0.0026365705367672855,55.78723404255319,55.78723404255319,1233,0.960812356979405,73.80373073803732,0.6298069953918457,0.947,0.0851528384279476,0.09885931558935361,0.2480916030534351,0.14923228746408151,87,0.925531914893617,77,91,0.9680851063829787,474,91,0.9680851063829787,974
1,mcr,rabvs_budgeted_no_ucb,5244,94,0.01792524790236461,1024,91,0.7628205128205128,0.006470448083618095,0.001853437727432184,55.78723404255319,55.78723404255319,1233,0.960812356979405,73.80373073803732,0.6288344860076904,0.945,0.0851528384279476,0.060836501901140684,0.2900763358778626,0.2292398339767219,91,0.9680851063829787,76,91,0.9680851063829787,474,91,0.9680851063829787,974
1,mcr,rabvs_budgeted_random_parts,5244,94,0.01792524790236461,1024,28,0.4880952380952381,0.0108246143662813,0.007219437335258369,55.78723404255319,49.35024549918166,1233,0.960812356979405,47.039740470397405,0.6176806688308716,0.923,0.05016357688113413,0.17490494296577946,0.16412213740458015,-0.010782805561199316,53,0.5638297872340425,84,58,0.6170212765957447,480,58,0.6170212765957447,980
2,mcr,boba_ucb,5244,94,0.01792524790236461,1024,87,0.8304597701149425,0.009320413168014963,0.003026956897960637,55.78723404255319,55.78723404255319,1233,0.960812356979405,73.80373073803732,0.6709870100021362,0.44299999999999995,0.09654350417163289,0.045627376425855515,0.29389312977099236,0.24826575334513684,88,0.9361702127659575,75,89,0.9468085106382979,417,91,0.9680851063829787,811
2,mcr,rabvs_budgeted_reliable,5244,94,0.01792524790236461,1024,87,0.8304597701149425,0.009320413168014963,0.003026956897960637,55.78723404255319,55.78723404255319,1233,0.960812356979405,73.80373073803732,0.6307560801506042,0.933,0.08756756756756756,0.045627376425855515,0.29389312977099236,0.24826575334513684,88,0.9361702127659575,77,91,0.9680851063829787,474,91,0.9680851063829787,974
2,mcr,rabvs_budgeted_no_ucb,5244,94,0.01792524790236461,1024,91,0.8086080586080586,0.005054839964551948,0.0018910223994202204,55.78723404255319,55.78723404255319,1233,0.960812356979405,73.80373073803732,0.6307538151741028,0.949,0.08737864077669903,0.053231939163498096,0.2900763358778626,0.23684439671436447,89,0.9468085106382979,76,90,0.9574468085106383,474,91,0.9680851063829787,974
2,mcr,rabvs_budgeted_random_parts,5244,94,0.01792524790236461,1024,36,0.5509259259259259,0.006114026430501638,0.004686705028340143,55.78723404255319,55.78723404255319,1233,0.960812356979405,62.4493106244931,0.6271226406097412,0.954,0.07204301075268817,0.21292775665399238,0.1450381679389313,-0.0678895887150611,63,0.6702127659574468,87,76,0.8085106382978723,480,77,0.8191489361702128,980
0,met,boba_ucb,11416,166,0.014540995094604065,1024,128,0.82421875,0.003420595632015245,0.0022515586555984304,68.7710843373494,68.7710843373494,1536,0.9775753328661527,102.86458333333333,0.6102299094200134,0.5860000000000001,0.15625,0.05604203152364273,0.22416812609457093,0.1681260945709282,100,0.6024096385542169,100,157,0.9457831325301205,471,158,0.9518072289156626,920
0,met,rabvs_budgeted_reliable,11416,166,0.014540995094604065,1024,128,0.82421875,0.003420595632015245,0.0022515586555984304,68.7710843373494,68.7710843373494,1536,0.9775753328661527,101.5625,0.6012116074562073,0.924,0.15273477812177502,0.05604203152364273,0.22416812609457093,0.1681260945709282,100,0.6024096385542169,100,156,0.9397590361445783,499,156,0.9397590361445783,999
0,met,rabvs_budgeted_no_ucb,11416,166,0.014540995094604065,1024,157,0.7935244161358811,0.0032786949013995682,0.0014546095264017604,68.7710843373494,68.7710843373494,1536,0.9775753328661527,102.86458333333333,0.6104791760444641,0.909,0.15479876160990713,0.03852889667250438,0.2381786339754816,0.19964973730297725,100,0.6024096385542169,100,157,0.9457831325301205,500,158,0.9518072289156626,999
0,met,rabvs_budgeted_random_parts,11416,166,0.014540995094604065,1024,45,0.7203703703703703,0.004195155860878445,0.002848881086547383,68.7710843373494,68.7710843373494,1536,0.9775753328661527,101.5625,0.6050307750701904,0.908,0.15242018537590113,0.08581436077057793,0.19439579684763572,0.1085814360770578,100,0.6024096385542169,100,156,0.9397590361445783,498,156,0.9397590361445783,998
1,met,boba_ucb,11416,166,0.014540995094604065,1024,128,0.8196614583333334,0.0028369806309405977,0.002569838181372901,68.7710843373494,68.7710843373494,1536,0.9775753328661527,100.26041666666667,0.6230902075767517,0.517,0.15113871635610765,0.05779334500875657,0.2119089316987741,0.15411558669001751,100,0.6024096385542169,100,151,0.9096385542168675,480,154,0.927710843373494,913
1,met,rabvs_budgeted_reliable,11416,166,0.014540995094604065,1024,128,0.8196614583333334,0.0028369806309405977,0.002569838181372901,68.7710843373494,68.7710843373494,1536,0.9775753328661527,102.21354166666667,0.6130729913711548,0.899,0.15297741273100615,0.05779334500875657,0.2119089316987741,0.15411558669001751,100,0.6024096385542169,100,154,0.927710843373494,499,157,0.9457831325301205,998
1,met,rabvs_budgeted_no_ucb,11416,166,0.014540995094604065,1024,158,0.7790084388185654,0.0029359062432034125,0.0015539193012984597,68.7710843373494,68.7710843373494,1536,0.9775753328661527,102.86458333333333,0.6107564568519592,0.908,0.15432098765432098,0.043782837127845885,0.2329246935201401,0.18914185639229422,100,0.6024096385542169,100,157,0.9457831325301205,499,158,0.9518072289156626,998
1,met,rabvs_budgeted_random_parts,11416,166,0.014540995094604065,1024,13,0.6346153846153846,0.0032986241943049263,0.005083131920721709,68.7710843373494,65.75480870851828,1536,0.9775753328661527,94.40104166666667,0.639008104801178,0.889,0.14285714285714285,0.1085814360770578,0.14185639229422067,0.03327495621716288,100,0.6024096385542169,100,136,0.8192771084337349,493,145,0.8734939759036144,991
2,met,boba_ucb,11416,166,0.014540995094604065,1024,130,0.8147435897435897,0.003910604222140933,0.0020220472077781874,68.7710843373494,68.7710843373494,1536,0.9775753328661527,104.16666666666667,0.6173509955406189,0.602,0.15833333333333333,0.07005253940455342,0.21015761821366025,0.14010507880910683,100,0.6024096385542169,100,158,0.9518072289156626,481,160,0.963855421686747,925
2,met,rabvs_budgeted_reliable,11416,166,0.014540995094604065,1024,130,0.8147435897435897,0.003910604222140933,0.0020220472077781874,68.7710843373494,68.7710843373494,1536,0.9775753328661527,101.5625,0.6101636290550232,0.917,0.15257731958762888,0.07005253940455342,0.21015761821366025,0.14010507880910683,100,0.6024096385542169,100,156,0.9397590361445783,498,156,0.9397590361445783,997
2,met,rabvs_budgeted_no_ucb,11416,166,0.014540995094604065,1024,157,0.8009554140127388,0.0037141000537758836,0.0015265853483284885,68.7710843373494,68.7710843373494,1536,0.9775753328661527,102.86458333333333,0.6085551381111145,0.9,0.15495867768595042,0.040280210157618214,0.2381786339754816,0.1978984238178634,100,0.6024096385542169,100,158,0.9518072289156626,499,158,0.9518072289156626,998
2,met,rabvs_budgeted_random_parts,11416,166,0.014540995094604065,1024,104,0.655448717948718,0.008791969777316697,0.0031108531320059737,68.7710843373494,68.7710843373494,1536,0.9775753328661527,103.515625,0.6074877977371216,0.851,0.1551901336073998,0.04903677758318739,0.23117338003502627,0.18213660245183888,100,0.6024096385542169,100,159,0.9578313253012049,497,159,0.9578313253012049,995
0,mk01,boba_ucb,4629,79,0.017066321019658673,1024,60,0.8166666666666667,0.004840097712773416,0.004511284329096486,58.594936708860764,58.594936708860764,1209,0.9564700799308706,58.7262200165426,0.6429550647735596,0.505,0.03415783274440518,0.05603448275862069,0.23809523809523808,0.1820607553366174,64,0.810126582278481,64,68,0.8607594936708861,411,71,0.8987341772151899,810
0,mk01,rabvs_budgeted_reliable,4629,79,0.017066321019658673,1024,60,0.8166666666666667,0.004840097712773416,0.004511284329096486,58.594936708860764,58.594936708860764,1209,0.9564700799308706,59.55334987593052,0.6516435146331787,0.942,0.033821871476888386,0.05603448275862069,0.23809523809523808,0.1820607553366174,64,0.810126582278481,64,71,0.8987341772151899,463,72,0.9113924050632911,958
0,mk01,rabvs_budgeted_no_ucb,4629,79,0.017066321019658673,1024,76,0.7587719298245614,0.01126030604549241,0.0033399647693167552,58.594936708860764,58.594936708860764,1209,0.9564700799308706,64.51612903225806,0.6441200971603394,0.931,0.04044943820224719,0.08189655172413793,0.2510822510822511,0.16918569935811315,74,0.9367088607594937,62,78,0.9873417721518988,453,78,0.9873417721518988,952
0,mk01,rabvs_budgeted_random_parts,4629,79,0.017066321019658673,1024,41,0.5934959349593496,0.0034850452773689923,0.005588876223261838,58.594936708860764,58.594936708860764,1209,0.9564700799308706,51.28205128205128,0.6504160761833191,0.993,0.022753128555176336,0.05172413793103448,0.22077922077922077,0.1690550828481863,56,0.7088607594936709,65,62,0.7848101265822784,465,62,0.7848101265822784,940
1,mk01,boba_ucb,4629,79,0.017066321019658673,1024,68,0.7990196078431373,0.01015713153518306,0.0038349734633520635,58.594936708860764,58.594936708860764,1209,0.9564700799308706,61.20760959470637,0.6585379242897034,0.513,0.05549263873159683,0.08620689655172414,0.22943722943722944,0.1432303328855053,70,0.8860759493670886,64,73,0.9240506329113924,413,74,0.9367088607594937,827
1,mk01,rabvs_budgeted_reliable,4629,79,0.017066321019658673,1024,68,0.7990196078431373,0.01015713153518306,0.0038349734633520635,58.594936708860764,58.594936708860764,1209,0.9564700799308706,58.7262200165426,0.6506589651107788,0.947,0.05,0.08620689655172414,0.22943722943722944,0.1432303328855053,69,0.8734177215189873,64,71,0.8987341772151899,459,71,0.8987341772151899,959
1,mk01,rabvs_budgeted_no_ucb,4629,79,0.017066321019658673,1024,73,0.8276255707762558,0.0073515352564793735,0.0028375823089754337,58.594936708860764,58.594936708860764,1209,0.9564700799308706,61.20760959470637,0.647304117679596,0.947,0.05308775731310943,0.06465517241379311,0.2554112554112554,0.19075608299746233,73,0.9240506329113924,62,74,0.9367088607594937,456,74,0.9367088607594937,956
1,mk01,rabvs_budgeted_random_parts,4629,79,0.017066321019658673,1024,20,0.5666666666666667,0.011990931896240781,0.005778325160093296,58.594936708860764,45.856906989543205,1209,0.9564700799308706,36.39371381306866,0.6447528600692749,0.929,0.028077753779697623,0.24568965517241378,0.0735930735930736,-0.17209658157934019,43,0.5443037974683544,84,44,0.5569620253164557,475,44,0.5569620253164557,974
2,mk01,boba_ucb,4629,79,0.017066321019658673,1024,61,0.8278688524590164,0.004399366713670752,0.004104589752462213,58.594936708860764,58.594936708860764,1209,0.9564700799308706,61.20760959470637,0.6518065929412842,0.565,0.055304740406320545,0.07327586206896551,0.22077922077922077,0.14750335871025527,65,0.8227848101265823,61,69,0.8734177215189873,415,74,0.9367088607594937,813
2,mk01,rabvs_budgeted_reliable,4629,79,0.017066321019658673,1024,61,0.8278688524590164,0.004399366713670752,0.004104589752462213,58.594936708860764,58.594936708860764,1209,0.9564700799308706,55.4177005789909,0.6461761593818665,0.98,0.04590163934426229,0.07327586206896551,0.22077922077922077,0.14750335871025527,63,0.7974683544303798,64,66,0.8354430379746836,463,67,0.8481012658227848,963
2,mk01,rabvs_budgeted_no_ucb,4629,79,0.017066321019658673,1024,76,0.743421052631579,0.011690604628965309,0.002938756296411494,58.594936708860764,58.594936708860764,1209,0.9564700799308706,62.86186931348222,0.6458694338798523,0.942,0.05585980284775466,0.06465517241379311,0.26406926406926406,0.19941409165547097,74,0.9367088607594937,63,76,0.9620253164556962,459,76,0.9620253164556962,959
2,mk01,rabvs_budgeted_random_parts,4629,79,0.017066321019658673,1024,29,0.8333333333333334,0.0029416422027927886,0.0054105633659607645,58.594936708860764,43.30930104567969,1209,0.9564700799308706,37.220843672456574,0.6383102536201477,0.967,0.022123893805309734,0.15517241379310345,0.12121212121212122,-0.03396029258098224,37,0.46835443037974683,78,37,0.46835443037974683,478,45,0.569620253164557,967
0,mk10,boba_ucb,6704,104,0.015513126491646777,1024,90,0.7722222222222223,0.014246961186074861,0.005770836577022584,64.46153846153847,61.575200918484505,1280,0.9681782020684169,77.34375,0.6375780701637268,0.5389999999999999,0.09848484848484848,0.05654761904761905,0.23880597014925373,0.18225835110163469,86,0.8269230769230769,100,97,0.9326923076923077,470,99,0.9519230769230769,910
0,mk10,rabvs_budgeted_reliable,6704,104,0.015513126491646777,1024,90,0.7722222222222223,0.014246961186074861,0.005770836577022584,64.46153846153847,61.575200918484505,1280,0.9681782020684169,77.34375,0.6247825622558594,0.88,0.0962962962962963,0.05654761904761905,0.23880597014925373,0.18225835110163469,86,0.8269230769230769,100,98,0.9423076923076923,493,99,0.9519230769230769,990
0,mk10,rabvs_budgeted_no_ucb,6704,104,0.015513126491646777,1024,90,0.7953703703703704,0.011493167458037442,0.005531112470628979,64.46153846153847,62.53731343283582,1280,0.9681782020684169,73.4375,0.6222753524780273,0.884,0.091005291005291,0.05654761904761905,0.21492537313432836,0.15837775408670932,85,0.8173076923076923,100,91,0.875,496,94,0.9038461538461539,994
0,mk10,rabvs_budgeted_random_parts,6704,104,0.015513126491646777,1024,32,0.5416666666666666,0.012959044131308094,0.006420322020244859,64.46153846153847,58.688863375430536,1280,0.9681782020684169,71.09375,0.6171668767929077,0.898,0.08755274261603375,0.12202380952380952,0.16119402985074627,0.03917022032693675,78,0.75,100,88,0.8461538461538461,497,91,0.875,994
1,mk10,boba_ucb,6704,104,0.015513126491646777,1024,81,0.7654320987654321,0.01600261480367398,0.006095782535053814,64.46153846153847,62.53731343283582,1280,0.9681782020684169,78.125,0.6363782286643982,0.552,0.09714889123548047,0.0625,0.22686567164179106,0.16436567164179106,88,0.8461538461538461,100,96,0.9230769230769231,481,100,0.9615384615384616,931
1,mk10,rabvs_budgeted_reliable,6704,104,0.015513126491646777,1024,81,0.7654320987654321,0.01600261480367398,0.006095782535053814,64.46153846153847,63.49942594718714,1280,0.9681782020684169,78.125,0.6231625080108643,0.87,0.09563409563409564,0.0625,0.22686567164179106,0.16436567164179106,90,0.8653846153846154,100,99,0.9519230769230769,496,100,0.9615384615384616,993
1,mk10,rabvs_budgeted_no_ucb,6704,104,0.015513126491646777,1024,96,0.7769097222222222,0.012304060131944424,0.004596223510223442,64.46153846153847,64.46153846153847,1280,0.9681782020684169,77.34375,0.6243764162063599,0.905,0.09518828451882845,0.05357142857142857,0.23880597014925373,0.18523454157782515,89,0.8557692307692307,100,97,0.9326923076923077,497,99,0.9519230769230769,996
1,mk10,rabvs_budgeted_random_parts,6704,104,0.015513126491646777,1024,37,0.4527027027027027,0.020220983321456033,0.008757051515821972,64.46153846153847,55.802525832376574,1280,0.9681782020684169,61.71875,0.6233147382736206,0.89,0.07481559536354057,0.11011904761904762,0.18208955223880596,0.07197050461975835,67,0.6442307692307693,99,75,0.7211538461538461,490,79,0.7596153846153846,986
2,mk10,boba_ucb,6704,104,0.015513126491646777,1024,72,0.8136574074074074,0.003098800098222264,0.004834542920632904,64.46153846153847,64.46153846153847,1280,0.9681782020684169,68.75,0.6266443729400635,0.595,0.087527352297593,0.0744047619047619,0.18507462686567164,0.11066986496090973,79,0.7596153846153846,100,86,0.8269230769230769,457,88,0.8461538461538461,893
2,mk10,rabvs_budgeted_reliable,6704,104,0.015513126491646777,1024,72,0.8136574074074074,0.003098800098222264,0.004834542920632904,64.46153846153847,63.49942594718714,1280,0.9681782020684169,67.96875,0.6127952933311462,0.951,0.08307045215562565,0.0744047619047619,0.18507462686567164,0.11066986496090973,80,0.7692307692307693,100,85,0.8173076923076923,498,87,0.8365384615384616,995
2,mk10,rabvs_budgeted_no_ucb,6704,104,0.015513126491646777,1024,85,0.8049019607843138,0.0064177995649956745,0.004986765055641514,64.46153846153847,64.46153846153847,1280,0.9681782020684169,67.96875,0.6196555495262146,0.929,0.08315789473684211,0.050595238095238096,0.208955223880597,0.15835998578535893,85,0.8173076923076923,100,85,0.8173076923076923,497,87,0.8365384615384616,996
2,mk10,rabvs_budgeted_random_parts,6704,104,0.015513126491646777,1024,28,0.5654761904761905,0.019999209036514705,0.011338530361280965,64.46153846153847,51.9540757749713,1280,0.9681782020684169,72.65625,0.6287404894828796,0.86,0.08994708994708994,0.1130952380952381,0.1701492537313433,0.057054015636105196,65,0.625,99,90,0.8653846153846154,491,93,0.8942307692307693,986
0,mk14,boba_ucb,36428,578,0.015866915559459755,1024,258,0.729328165374677,0.0035361887902485337,0.005407119135372374,63.024221453287204,58.695634815011985,2816,0.9871161377694814,180.39772727272725,0.5485047101974487,0.729,0.5102040816326531,0.09165751920965971,0.21691378363536518,0.12525626442570548,100,0.17301038062283736,100,417,0.7214532871972318,497,508,0.8788927335640139,955
0,mk14,rabvs_budgeted_reliable,36428,578,0.015866915559459755,1024,258,0.729328165374677,0.0035361887902485337,0.005407119135372374,63.024221453287204,59.561352142667026,2816,0.9871161377694814,184.30397727272725,0.5440072417259216,0.7969999999999999,0.5177304964539007,0.09165751920965971,0.21691378363536518,0.12525626442570548,100,0.17301038062283736,100,422,0.7301038062283737,497,519,0.8979238754325259,979
0,mk14,rabvs_budgeted_no_ucb,36428,578,0.015866915559459755,1024,495,0.6070707070707071,0.01054217002196307,0.0050474494701866,63.024221453287204,62.33164759116317,2816,0.9871161377694814,189.2755681818182,0.5426437258720398,0.7969999999999999,0.5361875637104995,0.03512623490669594,0.2729269632070291,0.23780072830033314,100,0.17301038062283736,100,458,0.7923875432525952,499,533,0.9221453287197232,977
0,mk14,rabvs_budgeted_random_parts,36428,578,0.015866915559459755,1024,126,0.748015873015873,0.0059048394953834455,0.007036552337043847,63.024221453287204,55.579052435453825,2816,0.9871161377694814,172.58522727272725,0.5563184022903442,0.765,0.48282828282828283,0.16081229418221735,0.1416803953871499,-0.019131898795067437,100,0.17301038062283736,100,391,0.6764705882352942,494,486,0.8408304498269896,973
1,mk14,boba_ucb,36428,578,0.015866915559459755,1024,300,0.6497222222222222,0.003190358398161567,0.004989591103951288,63.024221453287204,59.907639073729044,2816,0.9871161377694814,181.4630681818182,0.5396671295166016,0.732,0.513265306122449,0.07958287596048298,0.22954420647995608,0.14996133051947308,100,0.17301038062283736,100,430,0.7439446366782007,495,511,0.884083044982699,949
1,mk14,rabvs_budgeted_reliable,36428,578,0.015866915559459755,1024,300,0.6497222222222222,0.003190358398161567,0.004989591103951288,63.024221453287204,60.60021293585308,2816,0.9871161377694814,184.30397727272725,0.5372648239135742,0.7989999999999999,0.5198372329603256,0.07958287596048298,0.22954420647995608,0.14996133051947308,100,0.17301038062283736,100,435,0.7525951557093425,498,519,0.8979238754325259,964
1,mk14,rabvs_budgeted_no_ucb,36428,578,0.015866915559459755,1024,453,0.641832229580574,0.00936734541813179,0.006016371106615057,63.024221453287204,61.63907372903913,2816,0.9871161377694814,175.78125,0.5492818355560303,0.8009999999999999,0.49442755825734547,0.030186608122941824,0.2685337726523888,0.238347164529447,100,0.17301038062283736,100,444,0.7681660899653979,500,495,0.856401384083045,985
1,mk14,rabvs_budgeted_random_parts,36428,578,0.015866915559459755,1024,148,0.47072072072072074,0.0048187588362432155,0.0070945013298328845,63.024221453287204,56.09848283204685,2816,0.9871161377694814,169.0340909090909,0.5453908443450928,0.802,0.47657841140529533,0.12458836443468715,0.1702361339923119,0.04564776955762476,100,0.17301038062283736,100,398,0.6885813148788927,493,476,0.8235294117647058,973
2,mk14,boba_ucb,36428,578,0.015866915559459755,1024,190,0.7614035087719299,0.0034171999586105626,0.004941450904539219,63.024221453287204,60.427069470322074,2816,0.9871161377694814,180.7528409090909,0.5375959277153015,0.774,0.5112244897959184,0.11800219538968167,0.19055464030752334,0.07255244491784167,100,0.17301038062283736,100,436,0.754325259515571,495,509,0.8806228373702422,953
2,mk14,rabvs_budgeted_reliable,36428,578,0.015866915559459755,1024,190,0.7614035087719299,0.0034171999586105626,0.004941450904539219,63.024221453287204,60.60021293585308,2816,0.9871161377694814,182.17329545454544,0.5357263684272766,0.838,0.5147808358817533,0.11800219538968167,0.19055464030752334,0.07255244491784167,100,0.17301038062283736,100,435,0.7525951557093425,496,513,0.8875432525951558,971
2,mk14,rabvs_budgeted_no_ucb,36428,578,0.015866915559459755,1024,448,0.6532738095238095,0.004116974152533541,0.004807475615948756,63.024221453287204,61.98536066010114,2816,0.9871161377694814,180.39772727272725,0.5473419427871704,0.8109999999999999,0.5128205128205128,0.047749725576289793,0.2553542009884679,0.2076044754121781,100,0.17301038062283736,100,444,0.7681660899653979,500,508,0.8788927335640139,977
2,mk14,rabvs_budgeted_random_parts,36428,578,0.015866915559459755,1024,134,0.7692786069651741,0.001891090772070936,0.006276585600096919,63.024221453287204,58.00306095288794,2816,0.9871161377694814,172.58522727272725,0.5466230511665344,0.782,0.5021008403361344,0.14434687156970363,0.15101592531576058,0.0066690537460569466,100,0.17301038062283736,100,411,0.7110726643598616,488,486,0.8408304498269896,940
0,mmp13,boba_ucb,37772,572,0.015143492534152283,1024,212,0.7358490566037735,0.002982311624956485,0.003196408458175891,66.03496503496503,66.03496503496503,2816,0.9875745702283879,183.94886363636365,0.5114854574203491,0.364,0.518935516888434,0.08417151932239281,0.21069348861831658,0.12652196929592377,100,0.17482517482517482,100,471,0.8234265734265734,494,518,0.9055944055944056,920
0,mmp13,rabvs_budgeted_reliable,37772,572,0.015143492534152283,1024,212,0.7358490566037735,0.002982311624956485,0.003196408458175891,66.03496503496503,65.86026936026936,2816,0.9875745702283879,180.7528409090909,0.510653018951416,0.515,0.5060975609756098,0.08417151932239281,0.21069348861831658,0.12652196929592377,100,0.17482517482517482,100,468,0.8181818181818182,496,509,0.8898601398601399,968
0,mmp13,rabvs_budgeted_no_ucb,37772,572,0.015143492534152283,1024,487,0.6196098562628337,0.006770888480602985,0.0036756953257022426,66.03496503496503,66.03496503496503,2816,0.9875745702283879,181.4630681818182,0.5130969882011414,0.45599999999999996,0.5091649694501018,0.04023292747485442,0.25727898358920065,0.21704605611434624,100,0.17482517482517482,100,466,0.8146853146853147,497,511,0.8933566433566433,963
0,mmp13,rabvs_budgeted_random_parts,37772,572,0.015143492534152283,1024,73,0.6621004566210046,0.008010578548225003,0.004738508246373645,66.03496503496503,65.510878010878,2816,0.9875745702283879,180.39772727272725,0.5101835131645203,0.38,0.5055951169888098,0.08311275807305453,0.20857596611964002,0.1254632080465855,100,0.17482517482517482,100,445,0.777972027972028,494,508,0.8881118881118881,931
1,mmp13,boba_ucb,37772,572,0.015143492534152283,1024,228,0.7368421052631579,0.004430347234031971,0.0037829872297515123,66.03496503496503,66.03496503496503,2816,0.9875745702283879,173.6505681818182,0.5065386295318604,0.402,0.48778004073319753,0.04076230809952356,0.23610375860243515,0.1953414505029116,100,0.17482517482517482,100,466,0.8146853146853147,494,489,0.8548951048951049,928
1,mmp13,rabvs_budgeted_reliable,37772,572,0.015143492534152283,1024,228,0.7368421052631579,0.004430347234031971,0.0037829872297515123,66.03496503496503,65.86026936026936,2816,0.9875745702283879,173.29545454545456,0.5044813752174377,0.508,0.4862665310274669,0.04076230809952356,0.23610375860243515,0.1953414505029116,99,0.17307692307692307,100,467,0.8164335664335665,498,488,0.8531468531468531,964
1,mmp13,rabvs_budgeted_no_ucb,37772,572,0.015143492534152283,1024,471,0.6516277423920736,0.0037328639376572664,0.0035665693193796203,66.03496503496503,65.86026936026936,2816,0.9875745702283879,174.0056818181818,0.4979696571826935,0.488,0.486815415821501,0.02541026998411858,0.25304393859184754,0.22763366860772896,100,0.17482517482517482,100,465,0.8129370629370629,499,490,0.8566433566433567,974
1,mmp13,rabvs_budgeted_random_parts,37772,572,0.015143492534152283,1024,105,0.46190476190476193,0.009954582752375856,0.00519658500718686,66.03496503496503,65.510878010878,2816,0.9875745702283879,177.9119318181818,0.5232150554656982,0.39,0.5067079463364293,0.05346744309158285,0.2366331392271043,0.18316569613552144,99,0.17307692307692307,100,456,0.7972027972027972,499,501,0.8758741258741258,946
2,mmp13,boba_ucb,37772,572,0.015143492534152283,1024,231,0.7572150072150072,0.004115944580467768,0.0032658448100255874,66.03496503496503,66.03496503496503,2816,0.9875745702283879,187.5,0.5302087664604187,0.32699999999999996,0.5367875647668394,0.060285563194077206,0.23317435082140964,0.17288878762733242,100,0.17482517482517482,100,465,0.8129370629370629,495,528,0.9230769230769231,921
2,mmp13,rabvs_budgeted_reliable,37772,572,0.015143492534152283,1024,231,0.7572150072150072,0.004115944580467768,0.0032658448100255874,66.03496503496503,65.86026936026936,2816,0.9875745702283879,185.7244318181818,0.523158073425293,0.44799999999999995,0.5229357798165137,0.060285563194077206,0.23317435082140964,0.17288878762733242,100,0.17482517482517482,100,467,0.8164335664335665,497,523,0.9143356643356644,965
2,mmp13,rabvs_budgeted_no_ucb,37772,572,0.015143492534152283,1024,493,0.6228870858688302,0.00804476088006738,0.0036782074051252846,66.03496503496503,66.03496503496503,2816,0.9875745702283879,186.07954545454544,0.5216051936149597,0.42800000000000005,0.5250255362614913,0.024880889359449446,0.2657490735839068,0.24086818422445738,100,0.17482517482517482,100,475,0.8304195804195804,498,524,0.916083916083916,965
2,mmp13,rabvs_budgeted_random_parts,37772,572,0.015143492534152283,1024,192,0.7161458333333334,0.005997366880287317,0.004406589316422776,64.2972027972028,65.510878010878,2816,0.9875745702283879,180.39772727272725,0.517970085144043,0.379,0.51340206185567,0.057702488088935945,0.23080995235574378,0.17310746426680784,99,0.17307692307692307,100,452,0.7902097902097902,496,508,0.8881118881118881,951
0,mp2k1,boba_ucb,8271,121,0.014629428122355218,1024,103,0.7977346278317152,0.0061455275490876265,0.002646389035723917,68.35537190082644,68.35537190082644,1536,0.9690484826502237,74.21875,0.6428940296173096,0.45699999999999996,0.11936936936936937,0.05555555555555555,0.21497584541062803,0.15942028985507248,100,0.8264462809917356,100,109,0.9008264462809917,439,114,0.9421487603305785,823
0,mp2k1,rabvs_budgeted_reliable,8271,121,0.014629428122355218,1024,103,0.7977346278317152,0.0061455275490876265,0.002646389035723917,68.35537190082644,68.35537190082644,1536,0.9690484826502237,72.265625,0.6348084211349487,0.892,0.10774058577405858,0.05555555555555555,0.21497584541062803,0.15942028985507248,100,0.8264462809917356,100,109,0.9008264462809917,495,111,0.9173553719008265,995
0,mp2k1,rabvs_budgeted_no_ucb,8271,121,0.014629428122355218,1024,114,0.7821637426900585,0.007123863763356383,0.002156007394039051,68.35537190082644,68.35537190082644,1536,0.9690484826502237,74.21875,0.6443138122558594,0.864,0.11064718162839249,0.04830917874396135,0.23429951690821257,0.18599033816425123,100,0.8264462809917356,100,113,0.9338842975206612,497,114,0.9421487603305785,996
0,mp2k1,rabvs_budgeted_random_parts,8271,121,0.014629428122355218,1024,62,0.3602150537634409,0.0024556211428890147,0.00539552619187328,68.35537190082644,62.59046101762421,1536,0.9690484826502237,57.291666666666664,0.6168238520622253,0.925,0.08394543546694648,0.10386473429951691,0.14009661835748793,0.03623188405797102,78,0.6446280991735537,100,85,0.7024793388429752,493,88,0.7272727272727273,991
1,mp2k1,boba_ucb,8271,121,0.014629428122355218,1024,96,0.7977430555555556,0.006714062147633536,0.0025355524618356127,68.35537190082644,68.35537190082644,1536,0.9690484826502237,75.52083333333333,0.642684280872345,0.42300000000000004,0.11764705882352941,0.05555555555555555,0.2246376811594203,0.16908212560386474,100,0.8264462809917356,100,114,0.9421487603305785,440,116,0.9586776859504132,812
1,mp2k1,rabvs_budgeted_reliable,8271,121,0.014629428122355218,1024,96,0.7977430555555556,0.006714062147633536,0.0025355524618356127,68.35537190082644,68.35537190082644,1536,0.9690484826502237,73.56770833333333,0.6376336216926575,0.875,0.10869565217391304,0.05555555555555555,0.2246376811594203,0.16908212560386474,100,0.8264462809917356,100,113,0.9338842975206612,496,113,0.9338842975206612,996
1,mp2k1,rabvs_budgeted_no_ucb,8271,121,0.014629428122355218,1024,116,0.7686781609195402,0.010036419306883784,0.002427308294748709,68.35537190082644,68.35537190082644,1536,0.9690484826502237,76.171875,0.6404600143432617,0.832,0.11318795430944964,0.050724637681159424,0.2318840579710145,0.18115942028985507,100,0.8264462809917356,100,116,0.9586776859504132,494,117,0.9669421487603306,991
1,mp2k1,rabvs_budgeted_random_parts,8271,121,0.014629428122355218,1024,40,0.34375,0.007718638236843561,0.00667743453985005,68.35537190082644,61.766902320023895,1536,0.9690484826502237,61.848958333333336,0.645616888999939,0.856,0.090625,0.18357487922705315,0.06763285024154589,-0.11594202898550726,79,0.6528925619834711,98,90,0.743801652892562,482,95,0.7851239669421488,980
2,mp2k1,boba_ucb,8271,121,0.014629428122355218,1024,94,0.8111702127659575,0.009255772436742315,0.003460775361639724,68.35537190082644,68.35537190082644,1536,0.9690484826502237,73.56770833333333,0.6349559426307678,0.472,0.11290322580645161,0.07246376811594203,0.19806763285024154,0.12560386473429952,95,0.7851239669421488,100,111,0.9173553719008265,449,113,0.9338842975206612,854
2,mp2k1,rabvs_budgeted_reliable,8271,121,0.014629428122355218,1024,94,0.8111702127659575,0.009255772436742315,0.003460775361639724,68.35537190082644,68.35537190082644,1536,0.9690484826502237,74.21875,0.6310082077980042,0.866,0.10995850622406639,0.07246376811594203,0.19806763285024154,0.12560386473429952,95,0.7851239669421488,100,112,0.9256198347107438,495,114,0.9421487603305785,993
2,mp2k1,rabvs_budgeted_no_ucb,8271,121,0.014629428122355218,1024,111,0.7642642642642643,0.009368773101432599,0.0026801375951850843,68.35537190082644,68.35537190082644,1536,0.9690484826502237,73.56770833333333,0.6340181231498718,0.871,0.10903426791277258,0.043478260869565216,0.22705314009661837,0.18357487922705315,100,0.8264462809917356,100,112,0.9256198347107438,492,113,0.9338842975206612,990
2,mp2k1,rabvs_budgeted_random_parts,8271,121,0.014629428122355218,1024,26,0.7403846153846154,0.01963601992623332,0.006910484667578643,68.35537190082644,55.17843273922135,1536,0.9690484826502237,56.640625,0.6349809765815735,0.772,0.0824634655532359,0.1956521739130435,0.09420289855072464,-0.10144927536231885,68,0.5619834710743802,94,87,0.71900826446281,469,87,0.71900826446281,958
0,nos1,boba_ucb,8150,100,0.012269938650306749,1024,76,0.768640350877193,0.00860330059586792,0.004530062298039379,81.5,72.55487804878048,1536,0.9685889570552147,63.80208333333333,0.6842844486236572,0.635,0.1,0.07598039215686274,0.16461916461916462,0.08863877246230188,81,0.81,99,95,0.95,421,98,0.98,783
0,nos1,rabvs_budgeted_reliable,8150,100,0.012269938650306749,1024,76,0.768640350877193,0.00860330059586792,0.004530062298039379,81.5,73.54878048780488,1536,0.9685889570552147,57.942708333333336,0.684249222278595,0.904,0.08385744234800839,0.07598039215686274,0.16461916461916462,0.08863877246230188,81,0.81,100,88,0.88,479,89,0.89,975
0,nos1,rabvs_budgeted_no_ucb,8150,100,0.012269938650306749,1024,90,0.7870370370370371,0.007549770605437526,0.003406292118184962,81.5,76.53048780487805,1536,0.9685889570552147,59.895833333333336,0.7052797079086304,0.897,0.0821917808219178,0.061274509803921566,0.16216216216216217,0.1008876523582406,87,0.87,100,90,0.9,486,92,0.92,984
0,nos1,rabvs_budgeted_random_parts,8150,100,0.012269938650306749,1024,44,0.6268939393939394,0.012455894294028463,0.006948266548152743,81.5,66.59146341463413,1536,0.9685889570552147,57.291666666666664,0.6897441148757935,0.886,0.07855626326963906,0.10784313725490197,0.11056511056511056,0.0027219733102085975,75,0.75,99,88,0.88,477,88,0.88,973
1,nos1,boba_ucb,8150,100,0.012269938650306749,1024,66,0.7790404040404041,0.00707170431499193,0.003914896088890238,81.5,73.54878048780488,1536,0.9685889570552147,65.10416666666667,0.6959980726242065,0.5820000000000001,0.10409356725146199,0.1053921568627451,0.14004914004914004,0.03465698318639494,80,0.8,99,99,0.99,438,100,1.0,819
1,nos1,rabvs_budgeted_reliable,8150,100,0.012269938650306749,1024,66,0.7790404040404041,0.00707170431499193,0.003914896088890238,81.5,74.54268292682927,1536,0.9685889570552147,61.197916666666664,0.6959969401359558,0.898,0.08881922675026123,0.1053921568627451,0.14004914004914004,0.03465698318639494,80,0.8,99,94,0.94,491,94,0.94,989
1,nos1,rabvs_budgeted_no_ucb,8150,100,0.012269938650306749,1024,98,0.6811224489795918,0.0070885465787319125,0.0033355410914616052,81.5,78.51829268292683,1536,0.9685889570552147,59.895833333333336,0.6985186338424683,0.901,0.08517350157728706,0.07352941176470588,0.16707616707616707,0.09354675531146119,85,0.85,100,92,0.92,487,92,0.92,985
1,nos1,rabvs_budgeted_random_parts,8150,100,0.012269938650306749,1024,41,0.5020325203252033,0.01011917180917287,0.006650075643207497,81.5,63.609756097560975,1536,0.9685889570552147,57.291666666666664,0.6818272471427917,0.896,0.08333333333333333,0.07598039215686274,0.1547911547911548,0.07881076263429206,69,0.69,99,88,0.88,488,88,0.88,987
2,nos1,boba_ucb,8150,100,0.012269938650306749,1024,80,0.753125,0.008349909188539001,0.003804068974033716,81.5,75.53658536585365,1536,0.9685889570552147,65.10416666666667,0.6954674124717712,0.599,0.10268378063010501,0.08823529411764706,0.15724815724815724,0.06901286313051018,83,0.83,99,100,1.0,436,100,1.0,806
2,nos1,rabvs_budgeted_reliable,8150,100,0.012269938650306749,1024,80,0.753125,0.008349909188539001,0.003804068974033716,81.5,75.53658536585365,1536,0.9685889570552147,63.80208333333333,0.6892651319503784,0.889,0.08986415882967608,0.08823529411764706,0.15724815724815724,0.06901286313051018,83,0.83,99,96,0.96,488,98,0.98,984
2,nos1,rabvs_budgeted_no_ucb,8150,100,0.012269938650306749,1024,97,0.7766323024054983,0.009017873276635354,0.0033751172500139635,81.5,77.52439024390243,1536,0.9685889570552147,62.5,0.6965085864067078,0.887,0.09024134312696747,0.07352941176470588,0.16953316953316952,0.09600375776846364,87,0.87,100,96,0.96,484,96,0.96,980
2,nos1,rabvs_budgeted_random_parts,8150,100,0.012269938650306749,1024,31,0.4327956989247312,0.01998371993044011,0.008480637443140232,81.5,56.65243902439024,1536,0.9685889570552147,47.526041666666664,0.6928660273551941,0.836,0.06595744680851064,0.09558823529411764,0.14987714987714987,0.05428891458303223,59,0.59,99,73,0.73,467,73,0.73,956
0,nram,boba_ucb,6298,98,0.015560495395363607,1024,98,0.8324829931972789,0.0027957896855844017,0.00010360462278829033,64.26530612244898,64.26530612244898,1275,0.9662591298825024,76.86274509803921,0.6392272710800171,0.402,0.09849521203830369,0.009523809523809525,0.30158730158730157,0.292063492063492,98,1.0,57,98,1.0,311,98,1.0,608
0,nram,rabvs_budgeted_reliable,6298,98,0.015560495395363607,1024,98,0.8324829931972789,0.0027957896855844017,0.00010360462278829033,64.26530612244898,64.26530612244898,1275,0.9662591298825024,76.86274509803921,0.642478883266449,0.956,0.07717041800643087,0.009523809523809525,0.30158730158730157,0.292063492063492,98,1.0,57,98,1.0,457,98,1.0,957
0,nram,rabvs_budgeted_no_ucb,6298,98,0.015560495395363607,1024,98,0.8324829931972789,0.0027198388824109057,0.00010530159108003735,64.26530612244898,64.26530612244898,1275,0.9662591298825024,76.86274509803921,0.6416898369789124,0.956,0.07741935483870968,0.00949367088607595,0.30063291139240506,0.2911392405063291,98,1.0,57,98,1.0,457,98,1.0,957
0,nram,rabvs_budgeted_random_parts,6298,98,0.015560495395363607,1024,42,0.7857142857142857,0.003007297835620717,0.0002202618804081592,64.26530612244898,64.26530612244898,1275,0.9662591298825024,76.07843137254902,0.6444419622421265,0.956,0.07642626480086114,0.08571428571428572,0.2253968253968254,0.13968253968253969,97,0.9897959183673469,58,97,0.9897959183673469,458,97,0.9897959183673469,958
1,nram,boba_ucb,6298,98,0.015560495395363607,1024,96,0.8333333333333334,0.0024325216801766984,0.00028711397742051917,64.26530612244898,64.26530612244898,1275,0.9662591298825024,76.86274509803921,0.6585699319839478,0.517,0.102803738317757,0.012698412698412698,0.2984126984126984,0.2857142857142857,97,0.9897959183673469,57,98,1.0,318,98,1.0,586
1,nram,rabvs_budgeted_reliable,6298,98,0.015560495395363607,1024,96,0.8333333333333334,0.0024325216801766984,0.00028711397742051917,64.26530612244898,64.26530612244898,1275,0.9662591298825024,75.29411764705881,0.6424055695533752,0.957,0.08025343189017951,0.012698412698412698,0.2984126984126984,0.2857142857142857,96,0.9795918367346939,57,96,0.9795918367346939,457,96,0.9795918367346939,957
1,nram,rabvs_budgeted_no_ucb,6298,98,0.015560495395363607,1024,98,0.8324829931972789,0.0031466883726243974,7.385906021550836e-05,64.26530612244898,64.26530612244898,1275,0.9662591298825024,76.86274509803921,0.6432104706764221,0.954,0.0818278427205101,0.00949367088607595,0.30158730158730157,0.2920936307012256,98,1.0,57,98,1.0,457,98,1.0,956
1,nram,rabvs_budgeted_random_parts,6298,98,0.015560495395363607,1024,25,0.7766666666666666,0.0053114241249417465,0.000906941400034729,64.26530612244898,64.26530612244898,1275,0.9662591298825024,69.80392156862746,0.6418126225471497,0.964,0.07257203842049093,0.12698412698412698,0.18412698412698414,0.05714285714285716,89,0.9081632653061225,60,89,0.9081632653061225,460,89,0.9081632653061225,954
2,nram,boba_ucb,6298,98,0.015560495395363607,1024,97,0.8324742268041238,0.00302088377902003,0.00015111445798508008,64.26530612244898,64.26530612244898,1275,0.9662591298825024,76.86274509803921,0.6477047204971313,0.477,0.10511756569847856,0.009523809523809525,0.30158730158730157,0.292063492063492,98,1.0,57,98,1.0,310,98,1.0,598
2,nram,rabvs_budgeted_reliable,6298,98,0.015560495395363607,1024,97,0.8324742268041238,0.00302088377902003,0.00015111445798508008,64.26530612244898,64.26530612244898,1275,0.9662591298825024,76.86274509803921,0.6429044604301453,0.956,0.08189655172413793,0.009523809523809525,0.30158730158730157,0.292063492063492,98,1.0,57,98,1.0,457,98,1.0,957
2,nram,rabvs_budgeted_no_ucb,6298,98,0.015560495395363607,1024,98,0.8324829931972789,0.0026363026286153504,0.00015068003559467344,64.26530612244898,64.26530612244898,1275,0.9662591298825024,76.86274509803921,0.64129638671875,0.955,0.08207343412526998,0.009523809523809525,0.30158730158730157,0.292063492063492,98,1.0,57,98,1.0,457,98,1.0,957
2,nram,rabvs_budgeted_random_parts,6298,98,0.015560495395363607,1024,43,0.5058139534883721,0.0023629610367052237,0.0003361776550635611,64.26530612244898,64.26530612244898,1275,0.9662591298825024,72.94117647058823,0.6455137133598328,0.957,0.07766990291262135,0.08888888888888889,0.2222222222222222,0.1333333333333333,89,0.9081632653061225,60,89,0.9081632653061225,460,93,0.9489795918367347,957
0,pa2ga,boba_ucb,5249,99,0.01886073537816727,1024,89,0.8174157303370787,0.0051030276726074485,0.00233988031605255,53.02020202020203,53.02020202020203,1233,0.9608496856544103,75.42579075425792,0.6451243758201599,0.33799999999999997,0.06496519721577726,0.045627376425855515,0.3053435114503817,0.2597161350245262,90,0.9090909090909091,42,92,0.9292929292929293,384,93,0.9393939393939394,744
0,pa2ga,rabvs_budgeted_reliable,5249,99,0.01886073537816727,1024,89,0.8174157303370787,0.0051030276726074485,0.00233988031605255,53.02020202020203,53.02020202020203,1233,0.9608496856544103,75.42579075425792,0.625434935092926,0.871,0.06167400881057269,0.045627376425855515,0.3053435114503817,0.2597161350245262,90,0.9090909090909091,42,91,0.9191919191919192,437,93,0.9393939393939394,934
0,pa2ga,rabvs_budgeted_no_ucb,5249,99,0.01886073537816727,1024,95,0.8140350877192982,0.0036352524424644764,0.0012349638790313145,53.02020202020203,53.02020202020203,1233,0.9608496856544103,77.0478507704785,0.6262495517730713,0.883,0.0640176600441501,0.049429657794676805,0.31297709923664124,0.26354744144196446,95,0.9595959595959596,38,95,0.9595959595959596,435,95,0.9595959595959596,931
0,pa2ga,rabvs_budgeted_random_parts,5249,99,0.01886073537816727,1024,37,0.39414414414414417,0.005698793855770273,0.003053719837625643,53.02020202020203,53.02020202020203,1233,0.9608496856544103,60.01622060016221,0.6275036334991455,0.905,0.05043859649122807,0.14068441064638784,0.21374045801526717,0.07305604736887933,74,0.7474747474747475,54,74,0.7474747474747475,454,74,0.7474747474747475,942
1,pa2ga,boba_ucb,5249,99,0.01886073537816727,1024,98,0.8112244897959183,0.012193562740489782,0.003579063255002966,53.02020202020203,53.02020202020203,1233,0.9608496856544103,80.2919708029197,0.6502089500427246,0.363,0.08412322274881516,0.022813688212927757,0.3511450381679389,0.3283313499550111,94,0.9494949494949495,36,98,0.98989898989899,369,99,1.0,745
1,pa2ga,rabvs_budgeted_reliable,5249,99,0.01886073537816727,1024,98,0.8112244897959183,0.012193562740489782,0.003579063255002966,53.02020202020203,52.00058275058275,1233,0.9608496856544103,79.48094079480941,0.6291490197181702,0.849,0.0755939524838013,0.022813688212927757,0.3511450381679389,0.3283313499550111,96,0.9696969696969697,39,98,0.98989898989899,428,98,0.98989898989899,928
1,pa2ga,rabvs_budgeted_no_ucb,5249,99,0.01886073537816727,1024,95,0.8271929824561404,0.0033798247965216026,0.0012130030456199666,53.02020202020203,53.02020202020203,1233,0.9608496856544103,77.0478507704785,0.6252360939979553,0.892,0.07219827586206896,0.04182509505703422,0.32061068702290074,0.2787855919658665,95,0.9595959595959596,38,95,0.9595959595959596,436,95,0.9595959595959596,936
1,pa2ga,rabvs_budgeted_random_parts,5249,99,0.01886073537816727,1024,19,0.7236842105263158,0.007026229125870523,0.0032574332689217322,53.02020202020203,53.02020202020203,1233,0.9608496856544103,64.07137064071371,0.6286928057670593,0.874,0.06129032258064516,0.20532319391634982,0.15648854961832062,-0.048834644298029195,77,0.7777777777777778,53,79,0.797979797979798,446,79,0.797979797979798,945
2,pa2ga,boba_ucb,5249,99,0.01886073537816727,1024,92,0.8251811594202898,0.009338519107720364,0.002451194660503368,53.02020202020203,53.02020202020203,1233,0.9608496856544103,80.2919708029197,0.6427907347679138,0.362,0.07579462102689487,0.04182509505703422,0.3282442748091603,0.28641917975212605,95,0.9595959595959596,38,97,0.9797979797979798,369,99,1.0,736
2,pa2ga,rabvs_budgeted_reliable,5249,99,0.01886073537816727,1024,92,0.8251811594202898,0.009338519107720364,0.002451194660503368,53.02020202020203,53.02020202020203,1233,0.9608496856544103,78.6699107866991,0.6328529119491577,0.846,0.06578947368421052,0.04182509505703422,0.3282442748091603,0.28641917975212605,95,0.9595959595959596,38,97,0.9797979797979798,423,97,0.9797979797979798,923
2,pa2ga,rabvs_budgeted_no_ucb,5249,99,0.01886073537816727,1024,99,0.8156565656565656,0.007223071548757532,0.0012556699617856648,53.02020202020203,53.02020202020203,1233,0.9608496856544103,80.2919708029197,0.6268835067749023,0.869,0.06783369803063458,0.04182509505703422,0.33587786259541985,0.2940527675383856,97,0.9797979797979798,38,99,1.0,436,99,1.0,934
2,pa2ga,rabvs_budgeted_random_parts,5249,99,0.01886073537816727,1024,53,0.5550314465408805,0.013582358267817021,0.004109436628177469,53.02020202020203,53.02020202020203,1233,0.9608496856544103,75.42579075425792,0.6310886740684509,0.848,0.0633879781420765,0.06463878326996197,0.311787072243346,0.24714828897338403,91,0.9191919191919192,42,93,0.9393939393939394,431,93,0.9393939393939394,931
0,parp1,boba_ucb,30558,508,0.016624124615485306,1024,214,0.7858255451713395,0.002667218726324605,0.0029297535706999584,60.153543307086615,59.95696310020072,2560,0.9860374806379126,194.53125,0.5420656204223633,0.6990000000000001,0.49846782431052095,0.1099476439790576,0.2198952879581152,0.1099476439790576,100,0.1968503937007874,100,441,0.8681102362204725,497,498,0.9803149606299213,956
0,parp1,rabvs_budgeted_reliable,30558,508,0.016624124615485306,1024,214,0.7858255451713395,0.002667218726324605,0.0029297535706999584,60.153543307086615,59.76038289331481,2560,0.9860374806379126,189.453125,0.5392069220542908,0.851,0.48272357723577236,0.1099476439790576,0.2198952879581152,0.1099476439790576,100,0.1968503937007874,100,447,0.8799212598425197,499,485,0.9547244094488189,995
0,parp1,rabvs_budgeted_no_ucb,30558,508,0.016624124615485306,1024,483,0.6268115942028986,0.0072608657248883985,0.002780714230033946,60.153543307086615,59.76038289331481,2560,0.9860374806379126,192.96875,0.5425741076469421,0.804,0.491869918699187,0.0412303664921466,0.2879581151832461,0.2467277486910995,100,0.1968503937007874,100,462,0.9094488188976378,500,494,0.9724409448818898,992
0,parp1,rabvs_budgeted_random_parts,30558,508,0.016624124615485306,1024,136,0.6599264705882353,0.007130656357107244,0.004287227664221958,60.153543307086615,59.56380268642891,2560,0.9860374806379126,191.796875,0.5428072214126587,0.785,0.48981670061099797,0.12369109947643979,0.2054973821989529,0.0818062827225131,100,0.1968503937007874,100,446,0.8779527559055118,499,491,0.9665354330708661,976
1,parp1,boba_ucb,30558,508,0.016624124615485306,1024,215,0.7666666666666667,0.0037419679301232216,0.003042934494565507,60.153543307086615,59.76038289331481,2560,0.9860374806379126,191.796875,0.5515551567077637,0.7010000000000001,0.4933605720122574,0.09947643979057591,0.23036649214659685,0.13089005235602094,100,0.1968503937007874,100,451,0.8877952755905512,499,491,0.9665354330708661,969
1,parp1,rabvs_budgeted_reliable,30558,508,0.016624124615485306,1024,215,0.7666666666666667,0.0037419679301232216,0.003042934494565507,60.153543307086615,59.95696310020072,2560,0.9860374806379126,192.578125,0.5506950616836548,0.8089999999999999,0.49138804457953394,0.09947643979057591,0.23036649214659685,0.13089005235602094,100,0.1968503937007874,100,450,0.8858267716535433,499,493,0.9704724409448819,990
1,parp1,rabvs_budgeted_no_ucb,30558,508,0.016624124615485306,1024,468,0.6568732193732194,0.009333302688104166,0.0035343462951449634,60.153543307086615,60.153543307086615,2560,0.9860374806379126,192.1875,0.5476459860801697,0.8200000000000001,0.4943820224719101,0.02875816993464052,0.30013106159895153,0.271372891664311,100,0.1968503937007874,100,456,0.8976377952755905,497,492,0.968503937007874,979
1,parp1,rabvs_budgeted_random_parts,30558,508,0.016624124615485306,1024,80,0.5020833333333333,0.004456876860265002,0.004890914032232607,60.153543307086615,56.81167979002625,2560,0.9860374806379126,159.765625,0.55523282289505,0.8089999999999999,0.40628166160081053,0.2315238718116416,0.09221713538260301,-0.1393067364290386,100,0.1968503937007874,100,379,0.7460629921259843,498,409,0.8051181102362205,988
2,parp1,boba_ucb,30558,508,0.016624124615485306,1024,152,0.7933114035087719,0.003160252756601467,0.003113848197841409,60.153543307086615,59.56380268642891,2560,0.9860374806379126,189.0625,0.5547336339950562,0.714,0.48223350253807107,0.13743455497382198,0.19109947643979058,0.0536649214659686,100,0.1968503937007874,100,448,0.8818897637795275,498,484,0.952755905511811,969
2,parp1,rabvs_budgeted_reliable,30558,508,0.016624124615485306,1024,152,0.7933114035087719,0.003160252756601467,0.003113848197841409,60.153543307086615,59.76038289331481,2560,0.9860374806379126,187.890625,0.552270233631134,0.853,0.4806910569105691,0.13743455497382198,0.19109947643979058,0.0536649214659686,100,0.1968503937007874,100,448,0.8818897637795275,499,481,0.9468503937007874,988
2,parp1,rabvs_budgeted_no_ucb,30558,508,0.016624124615485306,1024,477,0.6373165618448637,0.005982067216268153,0.0025722407601136282,60.153543307086615,59.95696310020072,2560,0.9860374806379126,194.53125,0.5396239161491394,0.791,0.49594320486815413,0.034031413612565446,0.29581151832460734,0.2617801047120419,100,0.1968503937007874,100,464,0.9133858267716536,499,498,0.9803149606299213,985
2,parp1,rabvs_budgeted_random_parts,30558,508,0.016624124615485306,1024,139,0.1696642685851319,0.004878035218495013,0.0054513352992601105,58.21310642621286,56.81167979002625,2560,0.9860374806379126,141.40625,0.5686973333358765,0.859,0.3597560975609756,0.25589005235602097,0.06871727748691099,-0.18717277486911,97,0.19094488188976377,100,342,0.6732283464566929,496,362,0.7125984251968503,986
0,pde5a,boba_ucb,27948,398,0.014240732789466151,1024,205,0.7560975609756098,0.002146407916919672,0.0031430169629342378,70.22110552763819,68.71097422596856,2304,0.9862601975096608,161.02430555555554,0.5617972016334534,0.606,0.3704081632653061,0.07510729613733906,0.1968503937007874,0.12174309756344835,100,0.25125628140703515,100,354,0.8894472361809045,488,371,0.9321608040201005,931
0,pde5a,rabvs_budgeted_reliable,27948,398,0.014240732789466151,1024,205,0.7560975609756098,0.002146407916919672,0.0031430169629342378,70.22110552763819,68.71097422596856,2304,0.9862601975096608,160.5902777777778,0.5600618720054626,0.8109999999999999,0.36863543788187375,0.07510729613733906,0.1968503937007874,0.12174309756344835,99,0.24874371859296482,100,359,0.9020100502512562,495,370,0.9296482412060302,986
0,pde5a,rabvs_budgeted_no_ucb,27948,398,0.014240732789466151,1024,364,0.6733058608058609,0.006624912703573796,0.003177128600266776,70.22110552763819,69.71772842708165,2304,0.9862601975096608,162.32638888888889,0.5633766055107117,0.718,0.3727087576374745,0.02074391988555079,0.25196850393700787,0.23122458405145707,100,0.25125628140703515,100,363,0.9120603015075377,493,374,0.9396984924623115,977
0,pde5a,rabvs_budgeted_random_parts,27948,398,0.014240732789466151,1024,115,0.39710144927536234,0.0012769579396042958,0.006024853841184714,70.22110552763819,61.16031771762036,2304,0.9862601975096608,145.83333333333334,0.560032844543457,0.763,0.3346938775510204,0.15736766809728184,0.10952040085898354,-0.0478472672382983,99,0.24874371859296482,100,305,0.7663316582914573,490,336,0.8442211055276382,976
1,pde5a,boba_ucb,27948,398,0.014240732789466151,1024,179,0.8035381750465549,0.001574784265260816,0.0036457429885984314,70.22110552763819,69.46603987680338,2304,0.9862601975096608,155.8159722222222,0.5626833438873291,0.637,0.3585291113381001,0.08869814020028613,0.18253400143163923,0.0938358612313531,100,0.25125628140703515,100,336,0.8442211055276382,492,359,0.9020100502512562,938
1,pde5a,rabvs_budgeted_reliable,27948,398,0.014240732789466151,1024,179,0.8035381750465549,0.001574784265260816,0.0036457429885984314,70.22110552763819,69.2143513265251,2304,0.9862601975096608,157.55208333333334,0.5608242154121399,0.8220000000000001,0.36077235772357724,0.08869814020028613,0.18253400143163923,0.0938358612313531,100,0.25125628140703515,100,337,0.8467336683417085,496,363,0.9120603015075377,991
1,pde5a,rabvs_budgeted_no_ucb,27948,398,0.014240732789466151,1024,359,0.6968430826369545,0.007405235758468587,0.0035910758266112473,70.22110552763819,69.71772842708165,2304,0.9862601975096608,162.76041666666666,0.5681917667388916,0.7150000000000001,0.3733468972533062,0.019313304721030045,0.25626342161775234,0.2369501168967223,100,0.25125628140703515,100,357,0.8969849246231156,498,375,0.9422110552763819,980
1,pde5a,rabvs_budgeted_random_parts,27948,398,0.014240732789466151,1024,172,0.29069767441860467,0.0025859513477892453,0.006795056020174934,70.22110552763819,57.636678013724534,2304,0.9862601975096608,140.1909722222222,0.5564048290252686,0.788,0.32142857142857145,0.10085836909871244,0.16034359341445956,0.05948522431574711,99,0.24874371859296482,100,280,0.7035175879396985,492,323,0.8115577889447236,979
2,pde5a,boba_ucb,27948,398,0.014240732789466151,1024,221,0.6481900452488688,0.0011659256657803774,0.004022175678929676,70.22110552763819,67.45253147457719,2304,0.9862601975096608,154.94791666666666,0.5616305470466614,0.608,0.35575942915392456,0.07296137339055794,0.19899785254115962,0.12603647915060168,100,0.25125628140703515,100,331,0.8316582914572864,489,357,0.8969849246231156,938
2,pde5a,rabvs_budgeted_reliable,27948,398,0.014240732789466151,1024,221,0.6481900452488688,0.0011659256657803774,0.004022175678929676,70.22110552763819,67.95590857513373,2304,0.9862601975096608,157.55208333333334,0.5602144002914429,0.8240000000000001,0.36004056795131845,0.07296137339055794,0.19899785254115962,0.12603647915060168,100,0.25125628140703515,100,337,0.8467336683417085,494,363,0.9120603015075377,992
2,pde5a,rabvs_budgeted_no_ucb,27948,398,0.014240732789466151,1024,364,0.6842948717948718,0.005896873494394534,0.0028125826260592115,70.22110552763819,69.71772842708165,2304,0.9862601975096608,162.32638888888889,0.5691538453102112,0.754,0.3696969696969697,0.022889842632331903,0.24838940586972083,0.22549956323738893,100,0.25125628140703515,100,366,0.9195979899497487,492,374,0.9396984924623115,972
2,pde5a,rabvs_budgeted_random_parts,27948,398,0.014240732789466151,1024,81,0.588477366255144,0.006332782951656993,0.006007850078300723,70.22110552763819,61.66369481817691,2304,0.9862601975096608,152.34375,0.5608824491500854,0.692,0.3464646464646465,0.12160228898426323,0.1481746599856836,0.026572371001420375,99,0.24874371859296482,100,311,0.7814070351758794,494,351,0.8819095477386935,970
0,pgh1,boba_ucb,10995,195,0.017735334242837655,1024,103,0.6488673139158576,0.01031129176796999,0.010994977180055404,56.38461538461538,48.69580419580419,1536,0.9767166894042747,91.796875,0.6691380739212036,0.46699999999999997,0.1487695749440716,0.11272727272727273,0.14727272727272728,0.034545454545454546,91,0.4666666666666667,100,136,0.6974358974358974,441,141,0.7230769230769231,812
0,pgh1,rabvs_budgeted_reliable,10995,195,0.017735334242837655,1024,103,0.6488673139158576,0.01031129176796999,0.010994977180055404,56.38461538461538,50.23356643356643,1536,0.9767166894042747,93.75,0.6626594662666321,0.758,0.14545454545454545,0.11272727272727273,0.14727272727272728,0.034545454545454546,90,0.46153846153846156,100,135,0.6923076923076923,466,144,0.7384615384615385,946
0,pgh1,rabvs_budgeted_no_ucb,10995,195,0.017735334242837655,1024,136,0.6807598039215687,0.007378432225511608,0.009740172063937255,56.38461538461538,51.77132867132867,1536,0.9767166894042747,94.40104166666667,0.6578029990196228,0.793,0.14390756302521007,0.08,0.1890909090909091,0.10909090909090909,93,0.47692307692307695,100,139,0.7128205128205128,472,145,0.7435897435897436,958
0,pgh1,rabvs_budgeted_random_parts,10995,195,0.017735334242837655,1024,34,0.42401960784313725,0.009546360128179427,0.016817068725526803,46.13286713286713,24.6041958041958,1536,0.9767166894042747,80.078125,0.6340565085411072,0.777,0.12169312169312169,0.17604355716878403,0.056466302367941715,-0.11957725480084232,47,0.24102564102564103,96,100,0.5128205128205128,479,123,0.6307692307692307,957
1,pgh1,boba_ucb,10995,195,0.017735334242837655,1024,89,0.48220973782771537,0.02208177545138839,0.015163561619070846,51.25874125874125,42.03216783216783,1536,0.9767166894042747,97.00520833333333,0.6693690419197083,0.484,0.15401540154015403,0.12545454545454546,0.14909090909090908,0.023636363636363622,77,0.39487179487179486,100,133,0.6820512820512821,445,149,0.764102564102564,825
1,pgh1,rabvs_budgeted_reliable,10995,195,0.017735334242837655,1024,89,0.48220973782771537,0.02208177545138839,0.015163561619070846,51.25874125874125,42.544755244755244,1536,0.9767166894042747,100.26041666666667,0.6605753302574158,0.661,0.1537645811240721,0.12545454545454546,0.14909090909090908,0.023636363636363622,79,0.40512820512820513,100,140,0.717948717948718,462,154,0.7897435897435897,923
1,pgh1,rabvs_budgeted_no_ucb,10995,195,0.017735334242837655,1024,143,0.6031468531468531,0.01922141178689693,0.01221991044717977,56.38461538461538,48.69580419580419,1536,0.9767166894042747,104.81770833333333,0.6523293852806091,0.7010000000000001,0.16118769883351008,0.08363636363636363,0.20545454545454545,0.12181818181818181,88,0.4512820512820513,100,150,0.7692307692307693,472,161,0.8256410256410256,926
1,pgh1,rabvs_budgeted_random_parts,10995,195,0.017735334242837655,1024,44,0.6382575757575758,0.020924464698960768,0.01607068593951914,51.25874125874125,36.393706293706295,1536,0.9767166894042747,100.91145833333333,0.6592130064964294,0.659,0.1579520697167756,0.14545454545454545,0.1290909090909091,-0.016363636363636358,65,0.3333333333333333,99,128,0.6564102564102564,448,155,0.7948717948717948,894
2,pgh1,boba_ucb,10995,195,0.017735334242837655,1024,96,0.4930555555555556,0.006189965974841516,0.01175497252102684,56.38461538461538,41.00699300699301,1536,0.9767166894042747,95.05208333333333,0.6752194762229919,0.497,0.1552511415525114,0.1618181818181818,0.10545454545454545,-0.05636363636363635,78,0.4,100,134,0.6871794871794872,448,146,0.7487179487179487,847
2,pgh1,rabvs_budgeted_reliable,10995,195,0.017735334242837655,1024,96,0.4930555555555556,0.006189965974841516,0.01175497252102684,56.38461538461538,42.544755244755244,1536,0.9767166894042747,94.40104166666667,0.6723591089248657,0.798,0.14437367303609341,0.1618181818181818,0.10545454545454545,-0.05636363636363635,78,0.4,100,131,0.6717948717948717,480,145,0.7435897435897436,966
2,pgh1,rabvs_budgeted_no_ucb,10995,195,0.017735334242837655,1024,140,0.6726190476190477,0.011313132965163973,0.010483081999011067,56.38461538461538,52.7965034965035,1536,0.9767166894042747,97.65625,0.666917085647583,0.761,0.15318230852211434,0.07818181818181819,0.19454545454545455,0.11636363636363636,97,0.49743589743589745,100,139,0.7128205128205128,466,150,0.7692307692307693,944
2,pgh1,rabvs_budgeted_random_parts,10995,195,0.017735334242837655,1024,98,0.5059523809523809,0.02285883402997468,0.016122119203338874,56.38461538461538,45.62027972027972,1536,0.9767166894042747,100.91145833333333,0.658788800239563,0.655,0.16132596685082873,0.07090909090909091,0.2109090909090909,0.14,85,0.4358974358974359,100,137,0.7025641025641025,433,155,0.7948717948717948,883
0,pgh2,boba_ucb,23585,435,0.018443926224295103,1024,179,0.7644320297951583,0.0042259727081820995,0.007337697181767855,54.2183908045977,53.98865186051042,2304,0.9837184651261395,134.98263888888889,0.6157324910163879,0.604,0.31663113006396587,0.0635593220338983,0.21610169491525424,0.15254237288135594,100,0.22988505747126436,100,296,0.6804597701149425,481,311,0.7149425287356321,874
0,pgh2,rabvs_budgeted_reliable,23585,435,0.018443926224295103,1024,179,0.7644320297951583,0.0042259727081820995,0.007337697181767855,54.2183908045977,54.2183908045977,2304,0.9837184651261395,134.54861111111111,0.6099815964698792,0.8240000000000001,0.3077720207253886,0.0635593220338983,0.21610169491525424,0.15254237288135594,100,0.22988505747126436,100,302,0.6942528735632184,489,310,0.7126436781609196,973
0,pgh2,rabvs_budgeted_no_ucb,23585,435,0.018443926224295103,1024,287,0.7473867595818815,0.005016394383215216,0.007472617555640514,54.2183908045977,54.2183908045977,2304,0.9837184651261395,129.77430555555554,0.6037964224815369,0.854,0.2962962962962963,0.026271186440677965,0.2408821034775233,0.21461091703684534,100,0.22988505747126436,100,291,0.6689655172413793,497,299,0.6873563218390805,986
0,pgh2,rabvs_budgeted_random_parts,23585,435,0.018443926224295103,1024,80,0.7125,0.007397304643164687,0.009116236937044008,54.2183908045977,52.83995714007403,2304,0.9837184651261395,134.11458333333334,0.608539342880249,0.728,0.3067357512953368,0.1059322033898305,0.17302798982188294,0.06709578643205244,100,0.22988505747126436,100,297,0.6827586206896552,485,309,0.7103448275862069,958
1,pgh2,boba_ucb,23585,435,0.018443926224295103,1024,159,0.7767295597484277,0.005689093257821532,0.008214849385960647,54.2183908045977,53.98865186051042,2304,0.9837184651261395,128.03819444444446,0.6027215719223022,0.622,0.3048128342245989,0.07542372881355933,0.18829516539440203,0.1128714365808427,100,0.22988505747126436,100,285,0.6551724137931034,454,295,0.6781609195402298,830
1,pgh2,rabvs_budgeted_reliable,23585,435,0.018443926224295103,1024,159,0.7767295597484277,0.005689093257821532,0.008214849385960647,54.2183908045977,53.52917397233587,2304,0.9837184651261395,129.3402777777778,0.5930356383323669,0.8200000000000001,0.29844559585492225,0.07542372881355933,0.18829516539440203,0.1128714365808427,100,0.22988505747126436,100,286,0.6574712643678161,475,298,0.6850574712643678,945
1,pgh2,rabvs_budgeted_no_ucb,23585,435,0.018443926224295103,1024,302,0.7196467991169978,0.003778027535521677,0.0071026720848165175,54.2183908045977,54.2183908045977,2304,0.9837184651261395,135.41666666666666,0.6002010703086853,0.841,0.3094262295081967,0.048305084745762714,0.22985581000848176,0.18155072526271904,100,0.22988505747126436,100,307,0.7057471264367816,489,312,0.7172413793103448,965
1,pgh2,rabvs_budgeted_random_parts,23585,435,0.018443926224295103,1024,45,0.44074074074074077,0.015830259273511033,0.013147774933918992,54.2183908045977,51.002045587375804,2304,0.9837184651261395,123.2638888888889,0.6091910004615784,0.742,0.28173374613003094,0.08898305084745763,0.178117048346056,0.08913399749859836,99,0.22758620689655173,100,271,0.6229885057471264,455,284,0.6528735632183909,874
2,pgh2,boba_ucb,23585,435,0.018443926224295103,1024,142,0.772887323943662,0.0046744508849878305,0.007335194615035503,54.2183908045977,54.2183908045977,2304,0.9837184651261395,130.64236111111111,0.6106907725334167,0.5680000000000001,0.32265193370165746,0.07033898305084746,0.20610687022900764,0.13576788717816018,100,0.22988505747126436,100,290,0.6666666666666666,450,301,0.6919540229885057,818
2,pgh2,rabvs_budgeted_reliable,23585,435,0.018443926224295103,1024,142,0.772887323943662,0.0046744508849878305,0.007335194615035503,54.2183908045977,54.2183908045977,2304,0.9837184651261395,134.98263888888889,0.6038159132003784,0.871,0.31166150670794635,0.07033898305084746,0.20610687022900764,0.13576788717816018,100,0.22988505747126436,100,290,0.6666666666666666,484,311,0.7149425287356321,976
2,pgh2,rabvs_budgeted_no_ucb,23585,435,0.018443926224295103,1024,297,0.72334455667789,0.004527941364873343,0.007278346378115923,54.2183908045977,54.2183908045977,2304,0.9837184651261395,134.11458333333334,0.6022513508796692,0.832,0.3084016393442623,0.038135593220338986,0.2366412213740458,0.19850562815370681,100,0.22988505747126436,100,300,0.6896551724137931,489,309,0.7103448275862069,972
2,pgh2,rabvs_budgeted_random_parts,23585,435,0.018443926224295103,1024,210,0.43293650793650795,0.004129845451528465,0.008150125995122813,54.2183908045977,54.2183908045977,2304,0.9837184651261395,128.90625,0.588692307472229,0.843,0.29519918283963226,0.05677966101694915,0.21034775233248515,0.153568091315536,100,0.22988505747126436,100,287,0.6597701149425287,491,297,0.6827586206896552,982
0,plk1,boba_ucb,6907,107,0.015491530331547706,1024,98,0.7814625850340136,0.0065457002936586735,0.0027396748954381786,64.55140186915888,64.55140186915888,1280,0.9691134597751074,82.03125,0.6211584806442261,0.5489999999999999,0.10423452768729642,0.057803468208092484,0.24347826086956523,0.18567479266147274,96,0.897196261682243,81,102,0.9532710280373832,456,105,0.9813084112149533,901
0,plk1,rabvs_budgeted_reliable,6907,107,0.015491530331547706,1024,98,0.7814625850340136,0.0065457002936586735,0.0027396748954381786,64.55140186915888,64.55140186915888,1280,0.9691134597751074,82.03125,0.6109687685966492,0.946,0.10137275607180571,0.057803468208092484,0.24347826086956523,0.18567479266147274,96,0.897196261682243,81,104,0.9719626168224299,478,105,0.9813084112149533,978
0,plk1,rabvs_budgeted_no_ucb,6907,107,0.015491530331547706,1024,104,0.7780448717948718,0.007286365927678626,0.0020563692753096602,64.55140186915888,64.55140186915888,1280,0.9691134597751074,82.8125,0.6174561977386475,0.931,0.10189075630252101,0.049132947976878616,0.25217391304347825,0.20304096506659963,97,0.9065420560747663,80,106,0.9906542056074766,477,106,0.9906542056074766,977
0,plk1,rabvs_budgeted_random_parts,6907,107,0.015491530331547706,1024,35,0.6952380952380952,0.018744579500000146,0.005382802325200776,64.55140186915888,62.68034674251659,1280,0.9691134597751074,79.6875,0.6153807640075684,0.865,0.09820485744456177,0.20520231213872833,0.09855072463768116,-0.10665158750104717,92,0.8598130841121495,82,102,0.9532710280373832,474,102,0.9532710280373832,973
1,plk1,boba_ucb,6907,107,0.015491530331547706,1024,88,0.8172348484848485,0.0011160082382389062,0.003126002407364515,64.55140186915888,64.55140186915888,1280,0.9691134597751074,73.4375,0.6272578835487366,0.5720000000000001,0.09030837004405286,0.03468208092485549,0.23768115942028986,0.20299907849543436,89,0.8317757009345794,81,93,0.8691588785046729,439,94,0.8785046728971962,862
1,plk1,rabvs_budgeted_reliable,6907,107,0.015491530331547706,1024,88,0.8172348484848485,0.0011160082382389062,0.003126002407364515,64.55140186915888,64.55140186915888,1280,0.9691134597751074,75.0,0.6120343208312988,0.981,0.08740894901144641,0.03468208092485549,0.23768115942028986,0.20299907849543436,89,0.8317757009345794,81,92,0.8598130841121495,481,96,0.897196261682243,981
1,plk1,rabvs_budgeted_no_ucb,6907,107,0.015491530331547706,1024,94,0.800531914893617,0.0024673476297931976,0.0027354631775538905,64.55140186915888,64.55140186915888,1280,0.9691134597751074,76.5625,0.6204575300216675,0.967,0.09014675052410902,0.031791907514450865,0.24057971014492754,0.2087878026304767,92,0.8598130841121495,80,94,0.8785046728971962,479,98,0.9158878504672897,979
1,plk1,rabvs_budgeted_random_parts,6907,107,0.015491530331547706,1024,48,0.5243055555555556,0.006318621838445629,0.003192248920159125,64.55140186915888,64.55140186915888,1280,0.9691134597751074,79.6875,0.6114680767059326,0.95,0.09384775808133472,0.06647398843930635,0.23478260869565218,0.16830862025634583,92,0.8598130841121495,81,100,0.9345794392523364,480,102,0.9532710280373832,979
2,plk1,boba_ucb,6907,107,0.015491530331547706,1024,87,0.828544061302682,0.003478874558957097,0.003002476816436511,64.55140186915888,64.55140186915888,1280,0.9691134597751074,79.6875,0.6248805522918701,0.5329999999999999,0.09966405375139978,0.06069364161849711,0.22608695652173913,0.16539331490324202,90,0.8411214953271028,83,99,0.9252336448598131,455,102,0.9532710280373832,872
2,plk1,rabvs_budgeted_reliable,6907,107,0.015491530331547706,1024,87,0.828544061302682,0.003478874558957097,0.003002476816436511,64.55140186915888,64.55140186915888,1280,0.9691134597751074,80.46875,0.6107620000839233,0.971,0.0946372239747634,0.06069364161849711,0.22608695652173913,0.16539331490324202,90,0.8411214953271028,83,100,0.9345794392523364,478,103,0.9626168224299065,978
2,plk1,rabvs_budgeted_no_ucb,6907,107,0.015491530331547706,1024,100,0.7816666666666666,0.005885791136077808,0.002064831804198073,64.55140186915888,64.55140186915888,1280,0.9691134597751074,82.03125,0.6133009791374207,0.945,0.09694415173867228,0.03757225433526012,0.25507246376811593,0.2175002094328558,98,0.9158878504672897,81,103,0.9626168224299065,477,105,0.9813084112149533,977
2,plk1,rabvs_budgeted_random_parts,6907,107,0.015491530331547706,1024,29,0.6925287356321839,0.005523241929563051,0.003620991498554168,64.55140186915888,64.55140186915888,1280,0.9691134597751074,82.03125,0.6166571378707886,0.958,0.09776833156216791,0.1069364161849711,0.1855072463768116,0.0785708301918405,89,0.8317757009345794,84,103,0.9626168224299065,479,105,0.9813084112149533,978
0,pnph,boba_ucb,7053,103,0.014603714731320005,1024,102,0.8333333333333334,0.003402159900726671,0.0004269912650605575,68.47572815533981,68.47572815533981,1280,0.9697528238574602,80.46875,0.6695492267608643,0.44899999999999995,0.11028500619578686,0.014164305949008499,0.2776203966005666,0.26345609065155806,100,0.970873786407767,77,103,1.0,369,103,1.0,673
0,pnph,rabvs_budgeted_reliable,7053,103,0.014603714731320005,1024,102,0.8333333333333334,0.003402159900726671,0.0004269912650605575,68.47572815533981,68.47572815533981,1280,0.9697528238574602,80.46875,0.6719166040420532,0.951,0.09417989417989418,0.014164305949008499,0.2776203966005666,0.26345609065155806,100,0.970873786407767,78,103,1.0,475,103,1.0,965
0,pnph,rabvs_budgeted_no_ucb,7053,103,0.014603714731320005,1024,103,0.8325242718446602,0.0025386361199970773,0.00017535192817667473,68.47572815533981,68.47572815533981,1280,0.9697528238574602,80.46875,0.6680122017860413,0.968,0.09427966101694915,0.028328611898016998,0.26345609065155806,0.23512747875354106,100,0.970873786407767,78,103,1.0,476,103,1.0,960
0,pnph,rabvs_budgeted_random_parts,7053,103,0.014603714731320005,1024,35,0.25476190476190474,0.003601865565943048,0.0007953884353003361,68.47572815533981,68.47572815533981,1280,0.9697528238574602,77.34375,0.6723755598068237,0.97,0.09090909090909091,0.18413597733711048,0.10764872521246459,-0.0764872521246459,97,0.941747572815534,79,98,0.9514563106796117,479,99,0.9611650485436893,946
1,pnph,boba_ucb,7053,103,0.014603714731320005,1024,99,0.8333333333333334,0.0037947372922243396,0.0005778267763613998,68.47572815533981,68.47572815533981,1280,0.9697528238574602,80.46875,0.6771986484527588,0.46699999999999997,0.11948051948051948,0.028328611898016998,0.26345609065155806,0.23512747875354106,99,0.9611650485436893,77,103,1.0,355,103,1.0,646
1,pnph,rabvs_budgeted_reliable,7053,103,0.014603714731320005,1024,99,0.8333333333333334,0.0037947372922243396,0.0005778267763613998,68.47572815533981,68.47572815533981,1280,0.9697528238574602,80.46875,0.6745654344558716,0.961,0.09850107066381156,0.028328611898016998,0.26345609065155806,0.23512747875354106,99,0.9611650485436893,77,103,1.0,470,103,1.0,955
1,pnph,rabvs_budgeted_no_ucb,7053,103,0.014603714731320005,1024,103,0.8325242718446602,0.0024336231185582875,0.00017955670717708568,68.47572815533981,68.47572815533981,1280,0.9697528238574602,80.46875,0.6687644720077515,0.966,0.09818569903948772,0.028328611898016998,0.26345609065155806,0.23512747875354106,100,0.970873786407767,78,103,1.0,476,103,1.0,959
1,pnph,rabvs_budgeted_random_parts,7053,103,0.014603714731320005,1024,11,0.8333333333333334,0.0036055580206021025,0.0005819666464612445,68.47572815533981,68.47572815533981,1280,0.9697528238574602,80.46875,0.6699904203414917,0.965,0.0979765708200213,0.1643059490084986,0.1274787535410765,-0.03682719546742211,100,0.970873786407767,78,103,1.0,476,103,1.0,957
2,pnph,boba_ucb,7053,103,0.014603714731320005,1024,100,0.8333333333333334,0.003570445940021544,0.00040531491461462106,68.47572815533981,68.47572815533981,1280,0.9697528238574602,80.46875,0.6688366532325745,0.44299999999999995,0.11677018633540373,0.014164305949008499,0.2776203966005666,0.26345609065155806,100,0.970873786407767,78,103,1.0,367,103,1.0,656
2,pnph,rabvs_budgeted_reliable,7053,103,0.014603714731320005,1024,100,0.8333333333333334,0.003570445940021544,0.00040531491461462106,68.47572815533981,68.47572815533981,1280,0.9697528238574602,80.46875,0.6704308390617371,0.954,0.09905163329820864,0.014164305949008499,0.2776203966005666,0.26345609065155806,100,0.970873786407767,78,103,1.0,474,103,1.0,963
2,pnph,rabvs_budgeted_no_ucb,7053,103,0.014603714731320005,1024,103,0.830906148867314,0.002663808906940733,0.00018163075309831205,68.47572815533981,68.47572815533981,1280,0.9697528238574602,80.46875,0.6671789884567261,0.966,0.09894736842105263,0.014164305949008499,0.2776203966005666,0.26345609065155806,100,0.970873786407767,78,103,1.0,476,103,1.0,960
2,pnph,rabvs_budgeted_random_parts,7053,103,0.014603714731320005,1024,68,0.4264705882352941,0.003501881823130858,0.0013361721767024466,68.47572815533981,68.47572815533981,1280,0.9697528238574602,79.6875,0.6713643670082092,0.96,0.09799789251844046,0.0906515580736544,0.20113314447592068,0.11048158640226628,98,0.9514563106796117,78,101,0.9805825242718447,478,102,0.9902912621359223,960
0,ppara,boba_ucb,19772,373,0.018865061703418975,1024,154,0.816017316017316,0.0044677325329529885,0.0019815518746493007,53.008042895442365,53.008042895442365,2048,0.9827365297727426,180.6640625,0.5403496623039246,0.46199999999999997,0.39215686274509803,0.13549039433771487,0.23862487360970677,0.1031344792719919,100,0.2680965147453083,100,362,0.9705093833780161,468,370,0.9919571045576407,822
0,ppara,rabvs_budgeted_reliable,19772,373,0.018865061703418975,1024,154,0.816017316017316,0.0044677325329529885,0.0019815518746493007,53.008042895442365,53.008042895442365,2048,0.9827365297727426,179.6875,0.5363277196884155,0.7989999999999999,0.3675564681724846,0.13549039433771487,0.23862487360970677,0.1031344792719919,100,0.2680965147453083,100,362,0.9705093833780161,490,368,0.9865951742627346,984
0,ppara,rabvs_budgeted_no_ucb,19772,373,0.018865061703418975,1024,368,0.7146739130434783,0.003747546117633218,0.0009641319978709481,53.008042895442365,53.008042895442365,2048,0.9827365297727426,180.17578125,0.5381552577018738,0.8109999999999999,0.3682051282051282,0.03632694248234107,0.33805668016194335,0.30172973767960226,100,0.2680965147453083,100,368,0.9865951742627346,495,369,0.9892761394101877,991
0,ppara,rabvs_budgeted_random_parts,19772,373,0.018865061703418975,1024,17,0.75,0.005514595158063405,0.0032885584536831345,53.008042895442365,53.008042895442365,2048,0.9827365297727426,170.41015625,0.5473089814186096,0.815,0.3487654320987654,0.2558139534883721,0.11526794742163801,-0.1405460060667341,100,0.2680965147453083,100,341,0.9142091152815014,496,349,0.935656836461126,994
1,ppara,boba_ucb,19772,373,0.018865061703418975,1024,235,0.7875886524822695,0.0037270883229201883,0.0012522501547861465,53.008042895442365,53.008042895442365,2048,0.9827365297727426,180.17578125,0.5393484830856323,0.514,0.38329764453961457,0.06256306760847628,0.31180625630676084,0.24924318869828455,100,0.2680965147453083,100,367,0.9839142091152815,463,369,0.9892761394101877,821
1,ppara,rabvs_budgeted_reliable,19772,373,0.018865061703418975,1024,235,0.7875886524822695,0.0037270883229201883,0.0012522501547861465,53.008042895442365,53.008042895442365,2048,0.9827365297727426,180.17578125,0.5362126231193542,0.819,0.36670071501532175,0.06256306760847628,0.31180625630676084,0.24924318869828455,100,0.2680965147453083,100,367,0.9839142091152815,490,369,0.9892761394101877,983
1,ppara,rabvs_budgeted_no_ucb,19772,373,0.018865061703418975,1024,366,0.7199453551912568,0.004524077385673322,0.0010171770786741188,53.008042895442365,53.008042895442365,2048,0.9827365297727426,180.6640625,0.5408480763435364,0.795,0.368474923234391,0.028311425682507583,0.3468149646107179,0.3185035389282103,100,0.2680965147453083,100,368,0.9865951742627346,495,370,0.9919571045576407,986
1,ppara,rabvs_budgeted_random_parts,19772,373,0.018865061703418975,1024,21,0.5119047619047619,0.0036295006385222337,0.003939096361242055,53.008042895442365,53.008042895442365,2048,0.9827365297727426,167.96875,0.547366738319397,0.842,0.3421859039836568,0.21313131313131314,0.15688259109311742,-0.056248722038195725,100,0.2680965147453083,100,337,0.903485254691689,488,344,0.9222520107238605,986
2,ppara,boba_ucb,19772,373,0.018865061703418975,1024,161,0.8110766045548654,0.004800688709401737,0.0013628444949479693,53.008042895442365,53.008042895442365,2048,0.9827365297727426,180.6640625,0.5485692620277405,0.46299999999999997,0.3830472103004292,0.10414560161779575,0.27199191102123355,0.1678463094034378,100,0.2680965147453083,100,368,0.9865951742627346,483,370,0.9919571045576407,857
2,ppara,rabvs_budgeted_reliable,19772,373,0.018865061703418975,1024,161,0.8110766045548654,0.004800688709401737,0.0013628444949479693,53.008042895442365,53.008042895442365,2048,0.9827365297727426,180.6640625,0.5431249141693115,0.787,0.3675564681724846,0.10414560161779575,0.27199191102123355,0.1678463094034378,100,0.2680965147453083,100,367,0.9839142091152815,497,370,0.9919571045576407,991
2,ppara,rabvs_budgeted_no_ucb,19772,373,0.018865061703418975,1024,369,0.7183830171635049,0.004749874764970694,0.0009006177579125971,53.008042895442365,53.008042895442365,2048,0.9827365297727426,181.15234375,0.5390646457672119,0.804,0.3675564681724846,0.030211480362537766,0.3472081218274112,0.3169966414648734,100,0.2680965147453083,100,369,0.9892761394101877,496,371,0.9946380697050938,991
2,ppara,rabvs_budgeted_random_parts,19772,373,0.018865061703418975,1024,147,0.45861678004535145,0.010027889442549405,0.0029051522472639175,53.008042895442365,53.008042895442365,2048,0.9827365297727426,178.22265625,0.5448690056800842,0.688,0.3673257023933403,0.1172901921132457,0.25985844287158744,0.14256825075834173,100,0.2680965147453083,100,364,0.9758713136729222,476,365,0.9785522788203753,927
0,ppard,boba_ucb,12490,240,0.01921537229783827,1024,145,0.8258620689655173,0.0029884608609707522,0.0013703331528458831,52.04166666666667,52.04166666666667,1536,0.9795036028823059,154.296875,0.5825672745704651,0.474,0.2713270142180095,0.0704,0.3092948717948718,0.2388948717948718,100,0.4166666666666667,100,235,0.9791666666666666,443,237,0.9875,749
0,ppard,rabvs_budgeted_reliable,12490,240,0.01921537229783827,1024,145,0.8258620689655173,0.0029884608609707522,0.0013703331528458831,52.04166666666667,52.04166666666667,1536,0.9795036028823059,153.64583333333334,0.571677029132843,0.889,0.2331288343558282,0.0704,0.3092948717948718,0.2388948717948718,100,0.4166666666666667,100,233,0.9708333333333333,500,236,0.9833333333333333,1000
0,ppard,rabvs_budgeted_no_ucb,12490,240,0.01921537229783827,1024,237,0.7928973277074542,0.0037917892925523433,0.0006345838730389096,52.04166666666667,52.04166666666667,1536,0.9795036028823059,156.25,0.5739589929580688,0.877,0.23673469387755103,0.0336,0.34615384615384615,0.3125538461538461,100,0.4166666666666667,100,237,0.9875,499,240,1.0,999
0,ppard,rabvs_budgeted_random_parts,12490,240,0.01921537229783827,1024,86,0.3023255813953488,0.0028729732159862966,0.0021326826462844044,52.04166666666667,52.04166666666667,1536,0.9795036028823059,149.73958333333334,0.5719884634017944,0.89,0.22745901639344263,0.1456,0.23397435897435898,0.08837435897435897,100,0.4166666666666667,100,229,0.9541666666666667,500,230,0.9583333333333334,999
1,ppard,boba_ucb,12490,240,0.01921537229783827,1024,212,0.7362421383647799,0.004961435704061069,0.001064062731121182,52.04166666666667,52.04166666666667,1536,0.9795036028823059,154.94791666666666,0.5899238586425781,0.42100000000000004,0.2564102564102564,0.056,0.32532051282051283,0.26932051282051284,100,0.4166666666666667,100,237,0.9875,441,238,0.9916666666666667,748
1,ppard,rabvs_budgeted_reliable,12490,240,0.01921537229783827,1024,212,0.7362421383647799,0.004961435704061069,0.001064062731121182,52.04166666666667,52.04166666666667,1536,0.9795036028823059,156.25,0.572931170463562,0.866,0.23843782117163412,0.056,0.32532051282051283,0.26932051282051284,100,0.4166666666666667,100,238,0.9916666666666667,495,240,1.0,995
1,ppard,rabvs_budgeted_no_ucb,12490,240,0.01921537229783827,1024,238,0.7850140056022409,0.004282458935663218,0.0006674010817434106,52.04166666666667,52.04166666666667,1536,0.9795036028823059,155.59895833333334,0.5763355493545532,0.874,0.23716632443531827,0.0304,0.3504,0.32,100,0.4166666666666667,100,237,0.9875,499,239,0.9958333333333333,996
1,ppard,rabvs_budgeted_random_parts,12490,240,0.01921537229783827,1024,12,0.7638888888888888,0.005534664270069568,0.002867036427886291,52.04166666666667,52.04166666666667,1536,0.9795036028823059,133.46354166666666,0.5762531161308289,0.865,0.20225872689938398,0.3088,0.06891025641025642,-0.2398897435897436,100,0.4166666666666667,100,203,0.8458333333333333,493,205,0.8541666666666666,990
2,ppard,boba_ucb,12490,240,0.01921537229783827,1024,183,0.8119307832422586,0.00295702665802155,0.0007820606941687535,52.04166666666667,52.04166666666667,1536,0.9795036028823059,154.94791666666666,0.588654637336731,0.44299999999999995,0.257847533632287,0.0384,0.34294871794871795,0.30454871794871796,100,0.4166666666666667,100,236,0.9833333333333333,458,238,0.9916666666666667,814
2,ppard,rabvs_budgeted_reliable,12490,240,0.01921537229783827,1024,183,0.8119307832422586,0.00295702665802155,0.0007820606941687535,52.04166666666667,52.04166666666667,1536,0.9795036028823059,154.94791666666666,0.5737912654876709,0.876,0.2358974358974359,0.0384,0.34294871794871795,0.30454871794871796,100,0.4166666666666667,100,236,0.9833333333333333,498,238,0.9916666666666667,998
2,ppard,rabvs_budgeted_no_ucb,12490,240,0.01921537229783827,1024,237,0.7907876230661041,0.003332223897245233,0.0006092985258511111,52.04166666666667,52.04166666666667,1536,0.9795036028823059,155.59895833333334,0.5741987228393555,0.882,0.23643807574206754,0.0336,0.34615384615384615,0.3125538461538461,100,0.4166666666666667,100,237,0.9875,499,239,0.9958333333333333,999
2,ppard,rabvs_budgeted_random_parts,12490,240,0.01921537229783827,1024,145,0.5879310344827586,0.003941417176212161,0.0013835397339475371,52.04166666666667,52.04166666666667,1536,0.9795036028823059,156.25,0.5753493309020996,0.864,0.23794871794871794,0.0432,0.336,0.2928,100,0.4166666666666667,100,237,0.9875,498,240,1.0,998
0,pparg,boba_ucb,25784,484,0.01877133105802048,1024,199,0.7918760469011725,0.004294963240965471,0.0031339417884357103,53.272727272727266,53.272727272727266,2304,0.985107043127521,201.38888888888889,0.5161548852920532,0.513,0.47940865892291445,0.12093023255813953,0.24747866563227308,0.12654843307413355,100,0.2066115702479339,100,436,0.9008264462809917,491,464,0.9586776859504132,881
0,pparg,rabvs_budgeted_reliable,25784,484,0.01877133105802048,1024,199,0.7918760469011725,0.004294963240965471,0.0031339417884357103,53.272727272727266,53.272727272727266,2304,0.985107043127521,199.21875,0.5135006308555603,0.716,0.4591002044989775,0.12093023255813953,0.24747866563227308,0.12654843307413355,100,0.2066115702479339,100,439,0.9070247933884298,494,459,0.9483471074380165,970
0,pparg,rabvs_budgeted_no_ucb,25784,484,0.01877133105802048,1024,447,0.6616331096196868,0.009280512959697168,0.0033256301645333596,53.272727272727266,53.272727272727266,2304,0.985107043127521,203.125,0.5126088857650757,0.653,0.46830265848670755,0.037209302325581395,0.330488750969744,0.2932794486441626,100,0.2066115702479339,100,442,0.9132231404958677,497,468,0.9669421487603306,968
0,pparg,rabvs_budgeted_random_parts,25784,484,0.01877133105802048,1024,45,0.662962962962963,0.008553290364027334,0.004371197178415814,53.272727272727266,53.06624383368569,2304,0.985107043127521,200.95486111111111,0.5151600241661072,0.622,0.4646153846153846,0.12170542635658915,0.24359968968192397,0.12189426332533482,100,0.2066115702479339,100,435,0.8987603305785123,492,463,0.9566115702479339,940
1,pparg,boba_ucb,25784,484,0.01877133105802048,1024,219,0.7168949771689498,0.006423575525865049,0.0033974678667132345,53.272727272727266,53.272727272727266,2304,0.985107043127521,199.6527777777778,0.5265910029411316,0.488,0.4776595744680851,0.07984496124031008,0.28626842513576417,0.20642346389545407,100,0.2066115702479339,100,437,0.9028925619834711,492,460,0.9504132231404959,888
1,pparg,rabvs_budgeted_reliable,25784,484,0.01877133105802048,1024,219,0.7168949771689498,0.006423575525865049,0.0033974678667132345,53.272727272727266,53.272727272727266,2304,0.985107043127521,200.52083333333334,0.5206002593040466,0.665,0.4611451942740286,0.07984496124031008,0.28626842513576417,0.20642346389545407,100,0.2066115702479339,100,439,0.9070247933884298,496,462,0.9545454545454546,972
1,pparg,rabvs_budgeted_no_ucb,25784,484,0.01877133105802048,1024,446,0.6700298953662183,0.00679291785576839,0.0029255425796445326,53.272727272727266,53.272727272727266,2304,0.985107043127521,203.99305555555554,0.5110962390899658,0.671,0.4669379450661241,0.040310077519379844,0.3281613653995345,0.2878512878801547,100,0.2066115702479339,100,441,0.9111570247933884,496,470,0.9710743801652892,965
1,pparg,rabvs_budgeted_random_parts,25784,484,0.01877133105802048,1024,59,0.6793785310734464,0.006930531990572184,0.004372800204948115,53.272727272727266,52.85976039464411,2304,0.985107043127521,198.35069444444446,0.5217691659927368,0.649,0.46265560165975106,0.14031007751937985,0.2273079906904577,0.08699791317107786,100,0.2066115702479339,100,421,0.8698347107438017,494,457,0.9442148760330579,938
2,pparg,boba_ucb,25784,484,0.01877133105802048,1024,177,0.7688323917137476,0.006320965957610468,0.0036732899180023184,53.272727272727266,53.272727272727266,2304,0.985107043127521,202.25694444444446,0.528902530670166,0.49,0.47107438016528924,0.1325581395348837,0.2366175329712956,0.10405939343641188,100,0.2066115702479339,100,436,0.9008264462809917,495,466,0.9628099173553719,918
2,pparg,rabvs_budgeted_reliable,25784,484,0.01877133105802048,1024,177,0.7688323917137476,0.006320965957610468,0.0036732899180023184,53.272727272727266,53.272727272727266,2304,0.985107043127521,201.82291666666666,0.5264873504638672,0.6699999999999999,0.46239837398373984,0.1325581395348837,0.2366175329712956,0.10405939343641188,100,0.2066115702479339,100,432,0.8925619834710744,497,465,0.9607438016528925,979
2,pparg,rabvs_budgeted_no_ucb,25784,484,0.01877133105802048,1024,437,0.6672387490465294,0.007980733491161634,0.0031799853801846847,53.272727272727266,53.272727272727266,2304,0.985107043127521,200.95486111111111,0.5131152868270874,0.6619999999999999,0.46185147507629704,0.03953488372093023,0.3281613653995345,0.2886264816786043,100,0.2066115702479339,100,441,0.9111570247933884,494,463,0.9566115702479339,967
2,pparg,rabvs_budgeted_random_parts,25784,484,0.01877133105802048,1024,278,0.22302158273381295,0.010722072529979216,0.004485464528914711,53.272727272727266,53.272727272727266,2304,0.985107043127521,200.52083333333334,0.5258364677429199,0.593,0.46887966804979253,0.08217054263565891,0.2839410395655547,0.2017704969298958,100,0.2066115702479339,100,435,0.8987603305785123,490,462,0.9545454545454546,921
0,prgr,boba_ucb,15943,293,0.018377971523552656,1024,174,0.7514367816091954,0.0027822480144893717,0.005367054674078355,54.41296928327645,54.41296928327645,1792,0.9812665955800874,148.99553571428572,0.6414687633514404,0.5449999999999999,0.2828729281767956,0.12406015037593984,0.21957340025094102,0.09551324987500118,100,0.3412969283276451,100,251,0.856655290102389,476,267,0.9112627986348123,855
0,prgr,rabvs_budgeted_reliable,15943,293,0.018377971523552656,1024,174,0.7514367816091954,0.0027822480144893717,0.005367054674078355,54.41296928327645,54.41296928327645,1792,0.9812665955800874,148.4375,0.6312292218208313,0.835,0.2620760534429599,0.12406015037593984,0.21957340025094102,0.09551324987500118,100,0.3412969283276451,100,255,0.8703071672354948,489,266,0.9078498293515358,987
0,prgr,rabvs_budgeted_no_ucb,15943,293,0.018377971523552656,1024,249,0.6981258366800536,0.004725827641816483,0.0050391282762680175,54.41296928327645,54.41296928327645,1792,0.9812665955800874,150.66964285714286,0.6268771886825562,0.8089999999999999,0.2672858617131063,0.06892230576441102,0.27352572145545795,0.20460341569104692,100,0.3412969283276451,100,257,0.8771331058020477,489,270,0.9215017064846417,978
0,prgr,rabvs_budgeted_random_parts,15943,293,0.018377971523552656,1024,104,0.6418269230769231,0.008263743570215075,0.008390056785780649,54.41296928327645,53.04408955287956,1792,0.9812665955800874,137.27678571428572,0.6277545690536499,0.812,0.24736842105263157,0.13909774436090225,0.1944792973651192,0.05538155300421696,99,0.3378839590443686,100,230,0.7849829351535836,472,246,0.8395904436860068,942
1,prgr,boba_ucb,15943,293,0.018377971523552656,1024,167,0.7664670658682635,0.002663195599480383,0.006461993482361988,54.41296928327645,53.728529418078004,1792,0.9812665955800874,138.95089285714286,0.6425310373306274,0.585,0.27005649717514124,0.12406015037593984,0.20075282308657466,0.07669267271063482,100,0.3412969283276451,100,231,0.78839590443686,464,249,0.8498293515358362,818
1,prgr,rabvs_budgeted_reliable,15943,293,0.018377971523552656,1024,167,0.7664670658682635,0.002663195599480383,0.006461993482361988,54.41296928327645,54.070749350677225,1792,0.9812665955800874,138.95089285714286,0.6236185431480408,0.862,0.24563206577595068,0.12406015037593984,0.20075282308657466,0.07669267271063482,99,0.3378839590443686,100,238,0.8122866894197952,484,249,0.8498293515358362,977
1,prgr,rabvs_budgeted_no_ucb,15943,293,0.018377971523552656,1024,239,0.708507670850767,0.0045782775316392365,0.005576103742881552,54.41296928327645,54.41296928327645,1792,0.9812665955800874,145.64732142857142,0.6293287873268127,0.832,0.25743589743589745,0.06516290726817042,0.26474278544542035,0.19957987817724993,100,0.3412969283276451,100,248,0.8464163822525598,483,261,0.8907849829351536,967
1,prgr,rabvs_budgeted_random_parts,15943,293,0.018377971523552656,1024,88,0.571969696969697,0.01121280625993713,0.008694071922613369,54.41296928327645,53.728529418078004,1792,0.9812665955800874,130.02232142857142,0.629593551158905,0.747,0.23382045929018788,0.11027568922305764,0.20451693851944794,0.0942412492963903,100,0.3412969283276451,100,226,0.7713310580204779,472,233,0.7952218430034129,945
2,prgr,boba_ucb,15943,293,0.018377971523552656,1024,171,0.7631578947368421,0.0026181162942761084,0.0060433986777929695,54.41296928327645,54.41296928327645,1792,0.9812665955800874,145.64732142857142,0.6415549516677856,0.544,0.27582417582417584,0.12155388471177944,0.21706398996235884,0.0955101052505794,100,0.3412969283276451,100,243,0.8293515358361775,449,261,0.8907849829351536,827
2,prgr,rabvs_budgeted_reliable,15943,293,0.018377971523552656,1024,171,0.7631578947368421,0.0026181162942761084,0.0060433986777929695,54.41296928327645,53.728529418078004,1792,0.9812665955800874,146.76339285714286,0.6310042142868042,0.8220000000000001,0.2619047619047619,0.12155388471177944,0.21706398996235884,0.0955101052505794,100,0.3412969283276451,100,250,0.8532423208191127,475,263,0.8976109215017065,960
2,prgr,rabvs_budgeted_no_ucb,15943,293,0.018377971523552656,1024,245,0.7210884353741497,0.006894130306679314,0.005544195594073883,54.41296928327645,54.41296928327645,1792,0.9812665955800874,147.32142857142858,0.6204472184181213,0.798,0.26078028747433263,0.06766917293233082,0.2697616060225847,0.20209243309025388,100,0.3412969283276451,100,250,0.8532423208191127,484,264,0.9010238907849829,959
2,prgr,rabvs_budgeted_random_parts,15943,293,0.018377971523552656,1024,44,0.5909090909090909,0.0038163656054283628,0.009006402544653153,54.41296928327645,48.93745036168889,1792,0.9812665955800874,123.88392857142857,0.6201196908950806,0.8240000000000001,0.22280334728033474,0.24686716791979949,0.07779171894604768,-0.16907544897375182,97,0.3310580204778157,100,200,0.6825938566552902,450,222,0.757679180887372,931
0,ptn1,boba_ucb,7380,130,0.017615176151761516,1024,106,0.800314465408805,0.00899060901810687,0.0035373915353422583,56.769230769230774,56.769230769230774,1280,0.971093044263776,100.0,0.6554109454154968,0.357,0.13986013986013987,0.10298102981029811,0.24390243902439024,0.14092140921409213,99,0.7615384615384615,100,128,0.9846153846153847,435,128,0.9846153846153847,807
0,ptn1,rabvs_budgeted_reliable,7380,130,0.017615176151761516,1024,106,0.800314465408805,0.00899060901810687,0.0035373915353422583,56.769230769230774,56.769230769230774,1280,0.971093044263776,100.0,0.6273012757301331,0.845,0.12618296529968454,0.10298102981029811,0.24390243902439024,0.14092140921409213,98,0.7538461538461538,100,128,0.9846153846153847,487,128,0.9846153846153847,985
0,ptn1,rabvs_budgeted_no_ucb,7380,130,0.017615176151761516,1024,127,0.7473753280839895,0.007282117405833224,0.0024309028879496517,56.769230769230774,56.769230769230774,1280,0.971093044263776,99.21875,0.6217914819717407,0.864,0.1248688352570829,0.07046070460704607,0.27371273712737126,0.2032520325203252,100,0.7692307692307693,100,127,0.9769230769230769,496,127,0.9769230769230769,996
0,ptn1,rabvs_budgeted_random_parts,7380,130,0.017615176151761516,1024,65,0.5538461538461539,0.012877767514453737,0.007898298493525477,56.769230769230774,53.7006237006237,1280,0.971093044263776,97.65625,0.6305713057518005,0.7969999999999999,0.1252676659528908,0.13279132791327913,0.21138211382113822,0.07859078590785909,92,0.7076923076923077,100,125,0.9615384615384616,478,125,0.9615384615384616,972
1,ptn1,boba_ucb,7380,130,0.017615176151761516,1024,93,0.8234767025089605,0.005652325134680718,0.0039937780675691524,56.769230769230774,56.769230769230774,1280,0.971093044263776,99.21875,0.6364415287971497,0.41700000000000004,0.1388235294117647,0.11382113821138211,0.23035230352303523,0.11653116531165313,98,0.7538461538461538,100,127,0.9769230769230769,432,127,0.9769230769230769,802
1,ptn1,rabvs_budgeted_reliable,7380,130,0.017615176151761516,1024,93,0.8234767025089605,0.005652325134680718,0.0039937780675691524,56.769230769230774,56.769230769230774,1280,0.971093044263776,96.875,0.6207007765769958,0.891,0.12208067940552017,0.11382113821138211,0.23035230352303523,0.11653116531165313,98,0.7538461538461538,100,124,0.9538461538461539,483,124,0.9538461538461539,982
1,ptn1,rabvs_budgeted_no_ucb,7380,130,0.017615176151761516,1024,127,0.786745406824147,0.00763401961681384,0.002249999816716389,56.769230769230774,56.769230769230774,1280,0.971093044263776,99.21875,0.6214267015457153,0.883,0.12317327766179541,0.08401084010840108,0.26287262872628725,0.17886178861788615,100,0.7692307692307693,100,127,0.9769230769230769,493,127,0.9769230769230769,993
1,ptn1,rabvs_budgeted_random_parts,7380,130,0.017615176151761516,1024,46,0.6123188405797102,0.018600505722969767,0.00802466699812169,56.769230769230774,54.46777546777547,1280,0.971093044263776,85.9375,0.6350515484809875,0.769,0.10642781875658588,0.14905149051490515,0.1951219512195122,0.04607046070460705,89,0.6846153846153846,100,110,0.8461538461538461,474,110,0.8461538461538461,965
2,ptn1,boba_ucb,7380,130,0.017615176151761516,1024,112,0.8288690476190477,0.006786279007805085,0.0036508875115147605,56.769230769230774,56.769230769230774,1280,0.971093044263776,99.21875,0.6440505981445312,0.46399999999999997,0.13082039911308205,0.08401084010840108,0.2601626016260163,0.1761517615176152,100,0.7692307692307693,100,126,0.9692307692307692,464,127,0.9769230769230769,849
2,ptn1,rabvs_budgeted_reliable,7380,130,0.017615176151761516,1024,112,0.8288690476190477,0.006786279007805085,0.0036508875115147605,56.769230769230774,56.769230769230774,1280,0.971093044263776,98.4375,0.6235413551330566,0.869,0.12162162162162163,0.08401084010840108,0.2601626016260163,0.1761517615176152,98,0.7538461538461538,100,126,0.9692307692307692,494,126,0.9692307692307692,993
2,ptn1,rabvs_budgeted_no_ucb,7380,130,0.017615176151761516,1024,127,0.7952755905511811,0.00733039834647103,0.002281487021304193,56.769230769230774,56.769230769230774,1280,0.971093044263776,99.21875,0.6168552041053772,0.885,0.12304483837330553,0.07297297297297298,0.2717391304347826,0.19876615746180962,99,0.7615384615384615,100,127,0.9769230769230769,496,127,0.9769230769230769,996
2,ptn1,rabvs_budgeted_random_parts,7380,130,0.017615176151761516,1024,32,0.7239583333333334,0.014511649702530247,0.005952452774390653,56.769230769230774,56.769230769230774,1280,0.971093044263776,98.4375,0.6268101930618286,0.832,0.12238493723849372,0.14363143631436315,0.2005420054200542,0.05691056910569106,95,0.7307692307692307,100,126,0.9692307692307692,488,126,0.9692307692307692,988
0,pur2,boba_ucb,2750,50,0.01818181818181818,1024,50,0.8333333333333334,0.001239247702778433,1.0716702223997147e-05,55.0,55.0,1134,0.9312727272727273,44.091710758377424,0.6705320477485657,0.383,0.04148783977110158,0.007246376811594203,0.35766423357664234,0.35041785676504816,50,1.0,80,50,1.0,379,50,1.0,670
0,pur2,rabvs_budgeted_reliable,2750,50,0.01818181818181818,1024,50,0.8333333333333334,0.001239247702778433,1.0716702223997147e-05,55.0,55.0,1134,0.9312727272727273,44.091710758377424,0.6587046980857849,0.556,0.03810775295663601,0.007246376811594203,0.35766423357664234,0.35041785676504816,50,1.0,84,50,1.0,401,50,1.0,796
0,pur2,rabvs_budgeted_no_ucb,2750,50,0.01818181818181818,1024,50,0.8333333333333334,0.0011921039914659002,1.0693819039305084e-05,55.0,55.0,1134,0.9312727272727273,44.091710758377424,0.6426445841789246,0.5389999999999999,0.03536585365853658,0.007246376811594203,0.35766423357664234,0.35041785676504816,50,1.0,84,50,1.0,412,50,1.0,871
0,pur2,rabvs_budgeted_random_parts,2750,50,0.01818181818181818,1024,36,0.8333333333333334,0.001161867158063254,8.776234717971171e-06,55.0,55.0,1134,0.9312727272727273,44.091710758377424,0.651503324508667,0.526,0.03615960099750624,0.021739130434782608,0.34306569343065696,0.32132656299587437,50,1.0,84,50,1.0,397,50,1.0,841
1,pur2,boba_ucb,2750,50,0.01818181818181818,1024,50,0.8333333333333334,0.0012806669854434048,1.218377486381364e-05,55.0,55.0,1134,0.9312727272727273,44.091710758377424,0.6716212630271912,0.381,0.048295454545454544,0.007246376811594203,0.35766423357664234,0.35041785676504816,50,1.0,79,50,1.0,364,50,1.0,660
1,pur2,rabvs_budgeted_reliable,2750,50,0.01818181818181818,1024,50,0.8333333333333334,0.0012806669854434048,1.218377486381364e-05,55.0,55.0,1134,0.9312727272727273,44.091710758377424,0.6597132682800293,0.5469999999999999,0.04415584415584416,0.007246376811594203,0.35766423357664234,0.35041785676504816,50,1.0,84,50,1.0,407,50,1.0,808
1,pur2,rabvs_budgeted_no_ucb,2750,50,0.01818181818181818,1024,50,0.8333333333333334,0.001175563816959988,1.2346364916655743e-05,55.0,55.0,1134,0.9312727272727273,44.091710758377424,0.6434667110443115,0.5489999999999999,0.04047619047619048,0.007246376811594203,0.35766423357664234,0.35041785676504816,50,1.0,84,50,1.0,413,50,1.0,865
1,pur2,rabvs_budgeted_random_parts,2750,50,0.01818181818181818,1024,36,0.5555555555555556,0.0010492579105389624,5.093732470998349e-06,55.0,55.0,1134,0.9312727272727273,44.091710758377424,0.6513299345970154,0.5389999999999999,0.041463414634146344,0.050724637681159424,0.31386861313868614,0.2631439754575267,50,1.0,84,50,1.0,396,50,1.0,842
2,pur2,boba_ucb,2750,50,0.01818181818181818,1024,50,0.8333333333333334,0.0012106710839562302,7.5351920242428335e-06,55.0,55.0,1134,0.9312727272727273,44.091710758377424,0.6716306209564209,0.39,0.05077574047954866,0.007246376811594203,0.35766423357664234,0.35041785676504816,50,1.0,77,50,1.0,356,50,1.0,663
2,pur2,rabvs_budgeted_reliable,2750,50,0.01818181818181818,1024,50,0.8333333333333334,0.0012106710839562302,7.5351920242428335e-06,55.0,55.0,1134,0.9312727272727273,44.091710758377424,0.6584370136260986,0.5449999999999999,0.047182175622542594,0.007246376811594203,0.35766423357664234,0.35041785676504816,50,1.0,84,50,1.0,405,50,1.0,806
2,pur2,rabvs_budgeted_no_ucb,2750,50,0.01818181818181818,1024,50,0.8333333333333334,0.0012333325895711122,7.481464775721775e-06,55.0,55.0,1134,0.9312727272727273,44.091710758377424,0.6450637578964233,0.542,0.043689320388349516,0.007246376811594203,0.35766423357664234,0.35041785676504816,50,1.0,84,50,1.0,407,50,1.0,864
2,pur2,rabvs_budgeted_random_parts,2750,50,0.01818181818181818,1024,50,0.7166666666666667,0.0011499288064466804,7.542704742764101e-06,55.0,55.0,1134,0.9312727272727273,44.091710758377424,0.6515024900436401,0.522,0.045743329097839895,0.007246376811594203,0.35766423357664234,0.35041785676504816,50,1.0,84,50,1.0,398,50,1.0,833
0,pygm,boba_ucb,4027,77,0.019120933697541594,1024,72,0.8333333333333334,0.013383236685221797,0.0027252347344298208,52.2987012987013,52.2987012987013,1185,0.9509560466848771,64.9789029535865,0.6602456569671631,0.5740000000000001,0.06012269938650307,0.039603960396039604,0.34328358208955223,0.30367962169351265,75,0.974025974025974,52,77,1.0,397,77,1.0,798
0,pygm,rabvs_budgeted_reliable,4027,77,0.019120933697541594,1024,72,0.8333333333333334,0.013383236685221797,0.0027252347344298208,52.2987012987013,52.2987012987013,1185,0.9509560466848771,64.9789029535865,0.6505061984062195,0.92,0.05518018018018018,0.039603960396039604,0.34328358208955223,0.30367962169351265,76,0.987012987012987,52,77,1.0,445,77,1.0,924
0,pygm,rabvs_budgeted_no_ucb,4027,77,0.019120933697541594,1024,77,0.8322510822510822,0.005387723879147844,0.0006534774448356908,52.2987012987013,52.2987012987013,1185,0.9509560466848771,64.9789029535865,0.6448238492012024,0.978,0.05414364640883978,0.034653465346534656,0.3482587064676617,0.3136052411211271,77,1.0,52,77,1.0,452,77,1.0,952
0,pygm,rabvs_budgeted_random_parts,4027,77,0.019120933697541594,1024,24,0.8333333333333334,0.010050918319523114,0.004403276600570907,52.2987012987013,32.686688311688314,1185,0.9509560466848771,24.47257383966245,0.6437468528747559,0.946,0.015730337078651686,0.26108374384236455,0.12,-0.14108374384236455,28,0.36363636363636365,83,29,0.37662337662337664,482,29,0.37662337662337664,935
1,pygm,boba_ucb,4027,77,0.019120933697541594,1024,73,0.8333333333333334,0.006704921045631837,0.0015933261441942528,52.2987012987013,52.2987012987013,1185,0.9509560466848771,64.9789029535865,0.6361442804336548,0.5609999999999999,0.04141291108404385,0.024752475247524754,0.3482587064676617,0.32350623122013694,74,0.961038961038961,52,76,0.987012987012987,406,77,1.0,817
1,pygm,rabvs_budgeted_reliable,4027,77,0.019120933697541594,1024,73,0.8333333333333334,0.006704921045631837,0.0015933261441942528,52.2987012987013,52.2987012987013,1185,0.9509560466848771,64.13502109704642,0.6439051628112793,0.942,0.03754266211604096,0.024752475247524754,0.3482587064676617,0.32350623122013694,74,0.961038961038961,52,75,0.974025974025974,450,76,0.987012987012987,920
1,pygm,rabvs_budgeted_no_ucb,4027,77,0.019120933697541594,1024,77,0.8225108225108225,0.006400398019232448,0.0006110725029021496,52.2987012987013,52.2987012987013,1185,0.9509560466848771,64.9789029535865,0.6470285058021545,0.973,0.03794642857142857,0.04455445544554455,0.3383084577114428,0.29375400226589826,77,1.0,52,77,1.0,450,77,1.0,950
1,pygm,rabvs_budgeted_random_parts,4027,77,0.019120933697541594,1024,29,0.29022988505747127,0.01009921459891056,0.0029469048945022294,52.2987012987013,44.453896103896106,1185,0.9509560466848771,30.379746835443036,0.6435307860374451,0.969,0.014412416851441241,0.29207920792079206,0.0845771144278607,-0.20750209349293136,35,0.45454545454545453,80,35,0.45454545454545453,478,36,0.4675324675324675,946
2,pygm,boba_ucb,4027,77,0.019120933697541594,1024,68,0.8333333333333334,0.00411932814874059,0.0018536348524084256,52.2987012987013,52.2987012987013,1185,0.9509560466848771,61.60337552742616,0.629532516002655,0.569,0.05054151624548736,0.01485148514851485,0.34328358208955223,0.32843209694103737,72,0.935064935064935,51,72,0.935064935064935,424,73,0.948051948051948,804
2,pygm,rabvs_budgeted_reliable,4027,77,0.019120933697541594,1024,68,0.8333333333333334,0.00411932814874059,0.0018536348524084256,52.2987012987013,52.2987012987013,1185,0.9509560466848771,63.29113924050633,0.6462040543556213,0.959,0.04966139954853273,0.01485148514851485,0.34328358208955223,0.32843209694103737,72,0.935064935064935,52,75,0.974025974025974,452,75,0.974025974025974,921
2,pygm,rabvs_budgeted_no_ucb,4027,77,0.019120933697541594,1024,77,0.7976190476190477,0.005967775370310404,0.000583374828720617,52.2987012987013,52.2987012987013,1185,0.9509560466848771,64.9789029535865,0.6449861526489258,0.972,0.05145413870246085,0.034653465346534656,0.3482587064676617,0.3136052411211271,77,1.0,52,77,1.0,452,77,1.0,949
2,pygm,rabvs_budgeted_random_parts,4027,77,0.019120933697541594,1024,43,0.5484496124031008,0.0090247741399446,0.0026199821539499265,52.2987012987013,52.2987012987013,1185,0.9509560466848771,53.164556962025316,0.6425345540046692,0.953,0.0425531914893617,0.18811881188118812,0.19402985074626866,0.005911038865080542,59,0.7662337662337663,64,62,0.8051948051948052,464,63,0.8181818181818182,945
0,pyrd,boba_ucb,6561,111,0.016918152720621856,1024,108,0.8248456790123457,0.00473840233233929,0.0006565510869516679,59.10810810810811,59.10810810810811,1280,0.9674846314078138,86.71875,0.6299040913581848,0.5660000000000001,0.10820451843043995,0.030395136778115502,0.3079268292682927,0.2775316924901772,100,0.9009009009009009,61,111,1.0,402,111,1.0,781
0,pyrd,rabvs_budgeted_reliable,6561,111,0.016918152720621856,1024,108,0.8248456790123457,0.00473840233233929,0.0006565510869516679,59.10810810810811,59.10810810810811,1280,0.9674846314078138,86.71875,0.6251975297927856,0.954,0.09774436090225563,0.030395136778115502,0.3079268292682927,0.2775316924901772,100,0.9009009009009009,64,111,1.0,456,111,1.0,956
0,pyrd,rabvs_budgeted_no_ucb,6561,111,0.016918152720621856,1024,111,0.8213213213213213,0.0037022777290098468,0.0004657180884817625,59.10810810810811,59.10810810810811,1280,0.9674846314078138,86.71875,0.6222522258758545,0.961,0.09701492537313433,0.04559270516717325,0.2926829268292683,0.24709022166209502,100,0.9009009009009009,65,111,1.0,459,111,1.0,959
0,pyrd,rabvs_budgeted_random_parts,6561,111,0.016918152720621856,1024,14,0.8154761904761905,0.004171766850720968,0.0027033579674450334,59.10810810810811,59.10810810810811,1280,0.9674846314078138,71.09375,0.6228050589561462,0.966,0.0768409818569904,0.13069908814589665,0.20121951219512196,0.07052042404922532,89,0.8018018018018018,68,90,0.8108108108108109,468,91,0.8198198198198198,968
1,pyrd,boba_ucb,6561,111,0.016918152720621856,1024,110,0.821969696969697,0.005221469620626135,0.0006268615220938458,59.10810810810811,59.10810810810811,1280,0.9674846314078138,86.71875,0.6309404969215393,0.567,0.10979929161747344,0.03343465045592705,0.3048780487804878,0.27144339832456077,100,0.9009009009009009,60,111,1.0,399,111,1.0,770
1,pyrd,rabvs_budgeted_reliable,6561,111,0.016918152720621856,1024,110,0.821969696969697,0.005221469620626135,0.0006268615220938458,59.10810810810811,59.10810810810811,1280,0.9674846314078138,86.71875,0.6210992932319641,0.95,0.09957173447537473,0.03343465045592705,0.3048780487804878,0.27144339832456077,100,0.9009009009009009,63,111,1.0,454,111,1.0,953
1,pyrd,rabvs_budgeted_no_ucb,6561,111,0.016918152720621856,1024,111,0.825075075075075,0.00391099177207854,0.0004449376544215871,59.10810810810811,59.10810810810811,1280,0.9674846314078138,86.71875,0.6197690963745117,0.96,0.09851694915254237,0.04559270516717325,0.2926829268292683,0.24709022166209502,100,0.9009009009009009,63,111,1.0,459,111,1.0,959
1,pyrd,rabvs_budgeted_random_parts,6561,111,0.016918152720621856,1024,41,0.7479674796747967,0.005009371013156939,0.0024781588774510266,59.10810810810811,59.10810810810811,1280,0.9674846314078138,70.3125,0.6197656989097595,0.977,0.07897545357524013,0.14285714285714285,0.18292682926829268,0.04006968641114983,88,0.7927927927927928,68,90,0.8108108108108109,467,90,0.8108108108108109,967
2,pyrd,boba_ucb,6561,111,0.016918152720621856,1024,108,0.8302469135802469,0.004054936336185724,0.000548912117137828,59.10810810810811,59.10810810810811,1280,0.9674846314078138,86.71875,0.626202404499054,0.558,0.11565420560747663,0.030395136778115502,0.3079268292682927,0.2775316924901772,100,0.9009009009009009,61,111,1.0,399,111,1.0,752
2,pyrd,rabvs_budgeted_reliable,6561,111,0.016918152720621856,1024,108,0.8302469135802469,0.004054936336185724,0.000548912117137828,59.10810810810811,59.10810810810811,1280,0.9674846314078138,85.9375,0.6182730793952942,0.958,0.10283315844700944,0.030395136778115502,0.3079268292682927,0.2775316924901772,100,0.9009009009009009,64,110,0.990990990990991,457,110,0.990990990990991,957
2,pyrd,rabvs_budgeted_no_ucb,6561,111,0.016918152720621856,1024,111,0.8288288288288288,0.0036515949988675544,0.0004484102760869562,59.10810810810811,59.10810810810811,1280,0.9674846314078138,86.71875,0.6198351383209229,0.963,0.10366492146596859,0.0425531914893617,0.29573170731707316,0.25317851582771145,100,0.9009009009009009,64,111,1.0,458,111,1.0,958
2,pyrd,rabvs_budgeted_random_parts,6561,111,0.016918152720621856,1024,36,0.25925925925925924,0.004400271510460045,0.0014101037489930442,59.10810810810811,59.10810810810811,1280,0.9674846314078138,64.84375,0.6242477893829346,0.968,0.0761904761904762,0.22796352583586627,0.10670731707317073,-0.12125620876269554,83,0.7477477477477478,75,83,0.7477477477477478,475,83,0.7477477477477478,975
0,reni,boba_ucb,7062,104,0.014726706315491363,1024,99,0.8198653198653199,0.004540436829843923,0.0010804313805651954,67.90384615384615,67.90384615384615,1280,0.9697913716605305,78.90625,0.6215661764144897,0.43999999999999995,0.10454545454545454,0.02824858757062147,0.2577903682719547,0.22954178070133321,98,0.9423076923076923,99,101,0.9711538461538461,414,101,0.9711538461538461,784
0,reni,rabvs_budgeted_reliable,7062,104,0.014726706315491363,1024,99,0.8198653198653199,0.004540436829843923,0.0010804313805651954,67.90384615384615,67.90384615384615,1280,0.9697913716605305,81.25,0.6177459955215454,0.908,0.09958071278825996,0.02824858757062147,0.2577903682719547,0.22954178070133321,97,0.9326923076923077,99,103,0.9903846153846154,493,104,1.0,992
0,reni,rabvs_budgeted_no_ucb,7062,104,0.014726706315491363,1024,100,0.8266666666666667,0.002884369042033149,0.0008534941531203502,67.90384615384615,67.90384615384615,1280,0.9697913716605305,80.46875,0.6174783110618591,0.929,0.09832635983263599,0.02824858757062147,0.254957507082153,0.22670891951153152,100,0.9615384615384616,100,100,0.9615384615384616,496,103,0.9903846153846154,996
0,reni,rabvs_budgeted_random_parts,7062,104,0.014726706315491363,1024,8,0.8333333333333334,0.003574493754756733,0.003334699048308984,67.90384615384615,67.90384615384615,1280,0.9697913716605305,64.84375,0.618416428565979,0.942,0.07828810020876827,0.1751412429378531,0.10764872521246459,-0.06749251772538852,79,0.7596153846153846,99,80,0.7692307692307693,499,83,0.7980769230769231,998
1,reni,boba_ucb,7062,104,0.014726706315491363,1024,96,0.8289930555555556,0.006612352828459519,0.0013875166427866044,67.90384615384615,67.90384615384615,1280,0.9697913716605305,81.25,0.6282958388328552,0.41800000000000004,0.10693970420932879,0.031073446327683617,0.26345609065155806,0.23238264432387445,97,0.9326923076923077,99,104,1.0,433,104,1.0,827
1,reni,rabvs_budgeted_reliable,7062,104,0.014726706315491363,1024,96,0.8289930555555556,0.006612352828459519,0.0013875166427866044,67.90384615384615,67.90384615384615,1280,0.9697913716605305,80.46875,0.6184227466583252,0.892,0.09758656873032528,0.031073446327683617,0.26345609065155806,0.23238264432387445,97,0.9326923076923077,100,103,0.9903846153846154,489,103,0.9903846153846154,988
1,reni,rabvs_budgeted_no_ucb,7062,104,0.014726706315491363,1024,104,0.8189102564102564,0.006055444180952906,0.0007291562481446539,67.90384615384615,67.90384615384615,1280,0.9697913716605305,81.25,0.6144142150878906,0.902,0.09801876955161627,0.03672316384180791,0.2577903682719547,0.22106720443014677,100,0.9615384615384616,100,104,1.0,494,104,1.0,994
1,reni,rabvs_budgeted_random_parts,7062,104,0.014726706315491363,1024,26,0.7307692307692307,0.008044475097973338,0.0020130301381912946,67.90384615384615,67.90384615384615,1280,0.9697913716605305,78.125,0.6173299551010132,0.901,0.09433962264150944,0.1271186440677966,0.1643059490084986,0.03718730494070199,96,0.9230769230769231,99,100,0.9615384615384616,491,100,0.9615384615384616,991
2,reni,boba_ucb,7062,104,0.014726706315491363,1024,98,0.8333333333333334,0.003220383057132593,0.001008269654014454,67.90384615384615,67.90384615384615,1280,0.9697913716605305,78.90625,0.6211134791374207,0.391,0.10672853828306264,0.01971830985915493,0.26345609065155806,0.24373778079240313,99,0.9519230769230769,100,100,0.9615384615384616,421,101,0.9711538461538461,777
2,reni,rabvs_budgeted_reliable,7062,104,0.014726706315491363,1024,98,0.8333333333333334,0.003220383057132593,0.001008269654014454,67.90384615384615,67.90384615384615,1280,0.9697913716605305,80.46875,0.6158243417739868,0.921,0.09853249475890985,0.01971830985915493,0.26345609065155806,0.24373778079240313,99,0.9519230769230769,100,99,0.9519230769230769,493,103,0.9903846153846154,992
2,reni,rabvs_budgeted_no_ucb,7062,104,0.014726706315491363,1024,100,0.8291666666666667,0.002932759416947007,0.0008223781625412272,67.90384615384615,67.90384615384615,1280,0.9697913716605305,79.6875,0.6172734498977661,0.923,0.09758656873032528,0.025423728813559324,0.2577903682719547,0.23236663945839536,100,0.9615384615384616,100,100,0.9615384615384616,494,102,0.9807692307692307,994
2,reni,rabvs_budgeted_random_parts,7062,104,0.014726706315491363,1024,76,0.5833333333333334,0.004458809773554709,0.001967997147161056,67.90384615384615,67.90384615384615,1280,0.9697913716605305,68.75,0.6178094744682312,0.933,0.08394543546694648,0.09322033898305085,0.18926553672316385,0.096045197740113,84,0.8076923076923077,97,85,0.8173076923076923,493,88,0.8461538461538461,993
0,rock1,boba_ucb,6400,100,0.015625,1024,87,0.8074712643678161,0.0039020965111320385,0.0023513393228571182,64.0,64.0,1280,0.9666666666666667,74.21875,0.6366669535636902,0.6719999999999999,0.09446254071661238,0.0625,0.234375,0.171875,90,0.9,100,95,0.95,460,95,0.95,887
0,rock1,rabvs_budgeted_reliable,6400,100,0.015625,1024,87,0.8074712643678161,0.0039020965111320385,0.0023513393228571182,64.0,64.0,1280,0.9666666666666667,75.78125,0.6409403085708618,0.972,0.09319371727748692,0.0625,0.234375,0.171875,90,0.9,100,95,0.95,497,97,0.97,997
0,rock1,rabvs_budgeted_no_ucb,6400,100,0.015625,1024,98,0.7763605442176871,0.007875205664849734,0.00200336496860578,64.0,64.0,1280,0.9666666666666667,76.5625,0.6444136500358582,0.954,0.09424083769633508,0.053125,0.253125,0.19999999999999998,95,0.95,100,98,0.98,491,98,0.98,990
0,rock1,rabvs_budgeted_random_parts,6400,100,0.015625,1024,34,0.7867647058823529,0.01051565595355888,0.004598555499842267,64.0,63.0,1280,0.9666666666666667,67.96875,0.6435269713401794,0.956,0.08315789473684211,0.1375,0.171875,0.03437499999999999,78,0.78,99,87,0.87,492,87,0.87,991
1,rock1,boba_ucb,6400,100,0.015625,1024,91,0.8067765567765568,0.008188558499775843,0.002298932455660763,64.0,64.0,1280,0.9666666666666667,77.34375,0.6422989964485168,0.654,0.0980603448275862,0.059375,0.25,0.190625,94,0.94,100,99,0.99,457,99,0.99,882
1,rock1,rabvs_budgeted_reliable,6400,100,0.015625,1024,91,0.8067765567765568,0.008188558499775843,0.002298932455660763,64.0,64.0,1280,0.9666666666666667,75.0,0.6472641229629517,0.951,0.09243697478991597,0.059375,0.25,0.190625,94,0.94,100,96,0.96,495,96,0.96,994
1,rock1,rabvs_budgeted_no_ucb,6400,100,0.015625,1024,99,0.7954545454545454,0.008637393126967529,0.0022302325678439415,64.0,64.0,1280,0.9666666666666667,77.34375,0.6410205364227295,0.9410000000000001,0.09558823529411764,0.0529595015576324,0.25625,0.20329049844236757,95,0.95,100,99,0.99,494,99,0.99,994
1,rock1,rabvs_budgeted_random_parts,6400,100,0.015625,1024,31,0.40053763440860213,0.0072743865994429,0.004241204043603622,64.0,54.0,1280,0.9666666666666667,50.78125,0.6465597748756409,0.964,0.06111696522655427,0.171875,0.128125,-0.04375000000000001,57,0.57,99,63,0.63,493,65,0.65,993
2,rock1,boba_ucb,6400,100,0.015625,1024,89,0.8230337078651685,0.0062829134653762326,0.00258631992513631,64.0,64.0,1280,0.9666666666666667,76.5625,0.638263463973999,0.641,0.09544008483563096,0.059375,0.24375,0.184375,90,0.9,100,96,0.96,467,98,0.98,909
2,rock1,rabvs_budgeted_reliable,6400,100,0.015625,1024,89,0.8230337078651685,0.0062829134653762326,0.00258631992513631,64.0,64.0,1280,0.9666666666666667,76.5625,0.6386601328849792,0.957,0.0946372239747634,0.059375,0.24375,0.184375,91,0.91,100,98,0.98,492,98,0.98,992
2,rock1,rabvs_budgeted_no_ucb,6400,100,0.015625,1024,98,0.7772108843537415,0.004970175392816693,0.001794908349146217,64.0,64.0,1280,0.9666666666666667,76.5625,0.64525306224823,0.972,0.09473684210526316,0.05625,0.25,0.19375,94,0.94,100,98,0.98,499,98,0.98,999
2,rock1,rabvs_budgeted_random_parts,6400,100,0.015625,1024,13,0.6217948717948718,0.010477745734081261,0.004188391478524916,64.0,57.0,1280,0.9666666666666667,50.0,0.6421657800674438,0.943,0.05938494167550371,0.2,0.10625,-0.09375000000000001,60,0.6,98,63,0.63,490,64,0.64,990
0,rxra,boba_ucb,7081,131,0.018500211834486656,1024,130,0.8153846153846154,0.005111877313619391,0.0005663526502653596,54.05343511450381,54.05343511450381,1280,0.9698724285647037,102.34375,0.6539227962493896,0.43100000000000005,0.14199759326113118,0.028169014084507043,0.3418079096045198,0.31363889552001273,100,0.7633587786259542,70,131,1.0,381,131,1.0,708
0,rxra,rabvs_budgeted_reliable,7081,131,0.018500211834486656,1024,130,0.8153846153846154,0.005111877313619391,0.0005663526502653596,54.05343511450381,54.05343511450381,1280,0.9698724285647037,102.34375,0.6172639727592468,0.902,0.12343096234309624,0.028169014084507043,0.3418079096045198,0.31363889552001273,100,0.7633587786259542,76,131,1.0,453,131,1.0,951
0,rxra,rabvs_budgeted_no_ucb,7081,131,0.018500211834486656,1024,131,0.821882951653944,0.0033195452514321114,0.00021943624923889552,54.05343511450381,54.05343511450381,1280,0.9698724285647037,102.34375,0.6177191138267517,0.916,0.12368972746331237,0.036619718309859155,0.3333333333333333,0.29671361502347415,100,0.7633587786259542,75,131,1.0,459,131,1.0,959
0,rxra,rabvs_budgeted_random_parts,7081,131,0.018500211834486656,1024,41,0.758130081300813,0.005062649223160675,0.0009638661512216475,54.05343511450381,54.05343511450381,1280,0.9698724285647037,97.65625,0.619956374168396,0.911,0.11957671957671957,0.10422535211267606,0.2655367231638418,0.16131137105116575,100,0.7633587786259542,70,125,0.9541984732824428,459,125,0.9541984732824428,959
1,rxra,boba_ucb,7081,131,0.018500211834486656,1024,125,0.832,0.0030002993570641774,0.000974858619535963,54.05343511450381,54.05343511450381,1280,0.9698724285647037,102.34375,0.6585092544555664,0.393,0.14285714285714285,0.030985915492957747,0.3389830508474576,0.30799713535449985,100,0.7633587786259542,70,130,0.9923664122137404,369,131,1.0,682
1,rxra,rabvs_budgeted_reliable,7081,131,0.018500211834486656,1024,125,0.832,0.0030002993570641774,0.000974858619535963,54.05343511450381,54.05343511450381,1280,0.9698724285647037,101.5625,0.6191123723983765,0.919,0.12368972746331237,0.030985915492957747,0.3389830508474576,0.30799713535449985,100,0.7633587786259542,75,130,0.9923664122137404,461,130,0.9923664122137404,961
1,rxra,rabvs_budgeted_no_ucb,7081,131,0.018500211834486656,1024,131,0.8212468193384224,0.0032513093507323234,0.00020720055016115111,54.05343511450381,54.05343511450381,1280,0.9698724285647037,102.34375,0.6188107132911682,0.919,0.12421711899791232,0.03943661971830986,0.3305084745762712,0.29107185485796133,100,0.7633587786259542,74,131,1.0,461,131,1.0,961
1,rxra,rabvs_budgeted_random_parts,7081,131,0.018500211834486656,1024,85,0.7803921568627451,0.003757728221366069,0.0012714246190150943,54.05343511450381,54.05343511450381,1280,0.9698724285647037,98.4375,0.6200699806213379,0.918,0.11962224554039874,0.09295774647887324,0.2627118644067797,0.16975411792790646,100,0.7633587786259542,71,126,0.9618320610687023,462,126,0.9618320610687023,961
2,rxra,boba_ucb,7081,131,0.018500211834486656,1024,123,0.8252032520325203,0.004211900561326333,0.00037897336233330627,54.05343511450381,54.05343511450381,1280,0.9698724285647037,102.34375,0.6529659628868103,0.392,0.1375598086124402,0.028169014084507043,0.3418079096045198,0.31363889552001273,100,0.7633587786259542,70,131,1.0,385,131,1.0,723
2,rxra,rabvs_budgeted_reliable,7081,131,0.018500211834486656,1024,123,0.8252032520325203,0.004211900561326333,0.00037897336233330627,54.05343511450381,54.05343511450381,1280,0.9698724285647037,102.34375,0.6185696125030518,0.91,0.12156448202959831,0.028169014084507043,0.3418079096045198,0.31363889552001273,100,0.7633587786259542,75,131,1.0,458,131,1.0,958
2,rxra,rabvs_budgeted_no_ucb,7081,131,0.018500211834486656,1024,131,0.8174300254452926,0.0033066486773674656,0.00021724295144556188,54.05343511450381,54.05343511450381,1280,0.9698724285647037,102.34375,0.6178379058837891,0.917,0.12169312169312169,0.03380281690140845,0.3361581920903955,0.30235537518898703,100,0.7633587786259542,75,131,1.0,459,131,1.0,959
2,rxra,rabvs_budgeted_random_parts,7081,131,0.018500211834486656,1024,30,0.8194444444444444,0.004651144357368015,0.0027339564563455356,54.05343511450381,54.05343511450381,1280,0.9698724285647037,82.8125,0.622980535030365,0.938,0.10021321961620469,0.12112676056338029,0.24858757062146894,0.12746081005808865,99,0.7557251908396947,72,106,0.8091603053435115,461,106,0.8091603053435115,961
0,sahh,boba_ucb,3513,63,0.017933390264730998,1024,63,0.8333333333333334,0.0019030407930937159,1.4340172038919646e-05,55.761904761904766,55.761904761904766,1164,0.9447765442641617,54.123711340206185,0.6835353374481201,0.41700000000000004,0.03162650602409638,0.011363636363636364,0.3465909090909091,0.33522727272727276,63,1.0,49,63,1.0,349,63,1.0,649
0,sahh,rabvs_budgeted_reliable,3513,63,0.017933390264730998,1024,63,0.8333333333333334,0.0019030407930937159,1.4340172038919646e-05,55.761904761904766,55.761904761904766,1164,0.9447765442641617,54.123711340206185,0.6895300149917603,0.749,0.025179856115107913,0.011363636363636364,0.3465909090909091,0.33522727272727276,63,1.0,52,63,1.0,452,63,1.0,825
0,sahh,rabvs_budgeted_no_ucb,3513,63,0.017933390264730998,1024,63,0.8333333333333334,0.001739722052830365,1.0024311506359659e-05,55.761904761904766,55.761904761904766,1164,0.9447765442641617,54.123711340206185,0.6799855828285217,0.778,0.025059665871121718,0.011363636363636364,0.3465909090909091,0.33522727272727276,63,1.0,52,63,1.0,452,63,1.0,830
0,sahh,rabvs_budgeted_random_parts,3513,63,0.017933390264730998,1024,8,0.8333333333333334,0.0015421812796929336,9.896160878306666e-05,55.761904761904766,55.761904761904766,1164,0.9447765442641617,54.123711340206185,0.6867585182189941,0.777,0.025029797377830752,0.07954545454545454,0.2784090909090909,0.19886363636363635,63,1.0,52,63,1.0,452,63,1.0,809
1,sahh,boba_ucb,3513,63,0.017933390264730998,1024,63,0.8333333333333334,0.001611035636441908,1.013299528309249e-05,55.761904761904766,55.761904761904766,1164,0.9447765442641617,54.123711340206185,0.6773290634155273,0.43000000000000005,0.025036818851251842,0.03977272727272727,0.3181818181818182,0.2784090909090909,63,1.0,48,63,1.0,354,63,1.0,663
1,sahh,rabvs_budgeted_reliable,3513,63,0.017933390264730998,1024,63,0.8333333333333334,0.001611035636441908,1.013299528309249e-05,55.761904761904766,55.761904761904766,1164,0.9447765442641617,54.123711340206185,0.6853527426719666,0.772,0.020581113801452784,0.03977272727272727,0.3181818181818182,0.2784090909090909,63,1.0,52,63,1.0,452,63,1.0,817
1,sahh,rabvs_budgeted_no_ucb,3513,63,0.017933390264730998,1024,63,0.8333333333333334,0.001681892609441452,9.50930910680743e-06,55.761904761904766,55.761904761904766,1164,0.9447765442641617,54.123711340206185,0.6839838027954102,0.813,0.02040816326530612,0.03409090909090909,0.32386363636363635,0.2897727272727273,63,1.0,52,63,1.0,452,63,1.0,823
1,sahh,rabvs_budgeted_random_parts,3513,63,0.017933390264730998,1024,63,0.3716931216931217,0.0016108272025182285,1.0450817886311738e-05,55.761904761904766,55.761904761904766,1164,0.9447765442641617,54.123711340206185,0.6848710179328918,0.795,0.020506634499396863,0.022727272727272728,0.3352272727272727,0.3125,63,1.0,52,63,1.0,452,63,1.0,813
2,sahh,boba_ucb,3513,63,0.017933390264730998,1024,63,0.8333333333333334,0.0019093116731147114,1.5549880368046214e-05,55.761904761904766,55.761904761904766,1164,0.9447765442641617,54.123711340206185,0.6842383742332458,0.42700000000000005,0.029641185647425898,0.017045454545454544,0.3409090909090909,0.32386363636363635,63,1.0,47,63,1.0,345,63,1.0,644
2,sahh,rabvs_budgeted_reliable,3513,63,0.017933390264730998,1024,63,0.8333333333333334,0.0019093116731147114,1.5549880368046214e-05,55.761904761904766,55.761904761904766,1164,0.9447765442641617,54.123711340206185,0.6861503720283508,0.747,0.022919179734620022,0.017045454545454544,0.3409090909090909,0.32386363636363635,63,1.0,52,63,1.0,452,63,1.0,821
2,sahh,rabvs_budgeted_no_ucb,3513,63,0.017933390264730998,1024,63,0.8333333333333334,0.0015333664765926737,8.413236555070104e-06,55.761904761904766,55.761904761904766,1164,0.9447765442641617,54.123711340206185,0.6802431344985962,0.788,0.022974607013301087,0.017045454545454544,0.3409090909090909,0.32386363636363635,63,1.0,52,63,1.0,452,63,1.0,826
2,sahh,rabvs_budgeted_random_parts,3513,63,0.017933390264730998,1024,8,0.8333333333333334,0.001905590509490571,0.00018755917397183565,55.761904761904766,55.761904761904766,1164,0.9447765442641617,54.123711340206185,0.6844499707221985,0.78,0.022809123649459785,0.09090909090909091,0.26704545454545453,0.17613636363636362,63,1.0,52,63,1.0,452,63,1.0,816
0,src,boba_ucb,35024,524,0.014961169483782549,1024,212,0.7334905660377359,0.0018913885637177083,0.003267765761676322,66.83969465648855,66.83969465648855,2816,0.9865996649916248,160.86647727272725,0.5557542443275452,0.608,0.45408163265306123,0.05136986301369863,0.21302113078241006,0.16165126776871142,100,0.19083969465648856,100,442,0.8435114503816794,495,453,0.8645038167938931,926
0,src,rabvs_budgeted_reliable,35024,524,0.014961169483782549,1024,212,0.7334905660377359,0.0018913885637177083,0.003267765761676322,66.83969465648855,66.64872410032716,2816,0.9865996649916248,159.80113636363635,0.5513654351234436,0.757,0.44873096446700506,0.05136986301369863,0.21302113078241006,0.16165126776871142,100,0.19083969465648856,100,445,0.8492366412213741,499,450,0.8587786259541985,984
0,src,rabvs_budgeted_no_ucb,35024,524,0.014961169483782549,1024,430,0.6728682170542636,0.0017266247968629328,0.0033334262804312876,66.83969465648855,66.83969465648855,2816,0.9865996649916248,160.15625,0.548403799533844,0.765,0.4502032520325203,0.026255707762557076,0.23529411764705882,0.20903840988450173,100,0.19083969465648856,100,434,0.8282442748091603,499,451,0.8606870229007634,994
0,src,rabvs_budgeted_random_parts,35024,524,0.014961169483782549,1024,199,0.6285594639865997,0.004853997954587928,0.004308708505931719,66.83969465648855,66.83969465648855,2816,0.9865996649916248,159.80113636363635,0.5510663986206055,0.704,0.44691607684529827,0.034817351598173514,0.23186750428326672,0.1970501526850932,100,0.19083969465648856,100,434,0.8282442748091603,498,450,0.8587786259541985,979
1,src,boba_ucb,35024,524,0.014961169483782549,1024,155,0.7268817204301076,0.003908370998781392,0.003806010380876635,66.83969465648855,66.45775354416577,2816,0.9865996649916248,161.2215909090909,0.5566608309745789,0.612,0.4569672131147541,0.06621004566210045,0.19931467732724156,0.1331046316651411,100,0.19083969465648856,100,432,0.8244274809160306,498,454,0.8664122137404581,942
1,src,rabvs_budgeted_reliable,35024,524,0.014961169483782549,1024,155,0.7268817204301076,0.003908370998781392,0.003806010380876635,66.83969465648855,66.45775354416577,2816,0.9865996649916248,160.51136363636365,0.5552845001220703,0.749,0.4494949494949495,0.06621004566210045,0.19931467732724156,0.1331046316651411,100,0.19083969465648856,100,432,0.8244274809160306,499,452,0.8625954198473282,985
1,src,rabvs_budgeted_no_ucb,35024,524,0.014961169483782549,1024,441,0.6334089191232048,0.006859037179743708,0.0035364297297429204,66.83969465648855,66.83969465648855,2816,0.9865996649916248,160.15625,0.5505319833755493,0.74,0.45223577235772355,0.02454337899543379,0.23986293546544832,0.21531955647001452,100,0.19083969465648856,100,445,0.8492366412213741,499,451,0.8606870229007634,975
1,src,rabvs_budgeted_random_parts,35024,524,0.014961169483782549,1024,34,0.4264705882352941,0.007705706194262252,0.007571698797520907,66.83969465648855,57.673107960741554,2816,0.9865996649916248,146.6619318181818,0.5708332061767578,0.71,0.41200406917599186,0.15810502283105024,0.10451170759565963,-0.05359331523539061,97,0.1851145038167939,100,359,0.6851145038167938,491,413,0.7881679389312977,965
2,src,boba_ucb,35024,524,0.014961169483782549,1024,219,0.7385844748858448,0.002593890988537214,0.003434249064910987,66.83969465648855,66.64872410032716,2816,0.9865996649916248,161.9318181818182,0.5569139122962952,0.5660000000000001,0.4534412955465587,0.05251141552511415,0.21816105082809822,0.16564963530298407,100,0.19083969465648856,100,436,0.8320610687022901,496,456,0.8702290076335878,948
2,src,rabvs_budgeted_reliable,35024,524,0.014961169483782549,1024,219,0.7385844748858448,0.002593890988537214,0.003434249064910987,66.83969465648855,66.64872410032716,2816,0.9865996649916248,161.9318181818182,0.553729772567749,0.721,0.4534412955465587,0.05251141552511415,0.21816105082809822,0.16564963530298407,100,0.19083969465648856,100,437,0.833969465648855,499,456,0.8702290076335878,987
2,src,rabvs_budgeted_no_ucb,35024,524,0.014961169483782549,1024,438,0.6723744292237442,0.0025457467499089355,0.0031152378324608462,66.83969465648855,66.83969465648855,2816,0.9865996649916248,161.57670454545456,0.5483037829399109,0.757,0.4524291497975709,0.025684931506849314,0.24157624214734438,0.21589131064049508,100,0.19083969465648856,100,442,0.8435114503816794,499,455,0.8683206106870229,991
2,src,rabvs_budgeted_random_parts,35024,524,0.014961169483782549,1024,143,0.594988344988345,0.0015412448941647967,0.0053858060019867215,66.83969465648855,62.25640130861505,2816,0.9865996649916248,154.82954545454544,0.5686788558959961,0.746,0.4327603640040445,0.13070776255707764,0.13649343232438607,0.005785669767308432,100,0.19083969465648856,100,389,0.7423664122137404,497,436,0.8320610687022901,985
0,tgfr1,boba_ucb,8633,133,0.015406000231669176,1024,128,0.830078125,0.0025620847734033995,0.0003289800903834323,64.90977443609023,64.90977443609023,1536,0.970346345418742,86.58854166666667,0.6358194947242737,0.7050000000000001,0.12801678908709338,0.023148148148148147,0.2847222222222222,0.26157407407407407,100,0.7518796992481203,75,132,0.9924812030075187,442,133,1.0,872
0,tgfr1,rabvs_budgeted_reliable,8633,133,0.015406000231669176,1024,128,0.830078125,0.0025620847734033995,0.0003289800903834323,64.90977443609023,64.90977443609023,1536,0.970346345418742,86.58854166666667,0.6246076226234436,0.989,0.12603305785123967,0.023148148148148147,0.2847222222222222,0.26157407407407407,100,0.7518796992481203,79,133,1.0,464,133,1.0,964
0,tgfr1,rabvs_budgeted_no_ucb,8633,133,0.015406000231669176,1024,133,0.818295739348371,0.002263895379182946,0.00027761260149984353,64.90977443609023,64.90977443609023,1536,0.970346345418742,85.9375,0.6232529878616333,0.991,0.12551867219917012,0.018518518518518517,0.28935185185185186,0.27083333333333337,100,0.7518796992481203,79,132,0.9924812030075187,464,132,0.9924812030075187,964
0,tgfr1,rabvs_budgeted_random_parts,8633,133,0.015406000231669176,1024,44,0.3333333333333333,0.003244178279723324,0.0008981350517077442,64.90977443609023,64.90977443609023,1536,0.970346345418742,78.77604166666667,0.6255270838737488,0.995,0.11446409989594172,0.16666666666666666,0.1412037037037037,-0.025462962962962965,100,0.7518796992481203,74,121,0.9097744360902256,466,121,0.9097744360902256,966
1,tgfr1,boba_ucb,8633,133,0.015406000231669176,1024,125,0.8333333333333334,0.002241159223097899,0.0004756758059582154,64.90977443609023,64.90977443609023,1536,0.970346345418742,85.9375,0.6261370778083801,0.696,0.1282051282051282,0.037037037037037035,0.26851851851851855,0.2314814814814815,100,0.7518796992481203,75,132,0.9924812030075187,448,132,0.9924812030075187,883
1,tgfr1,rabvs_budgeted_reliable,8633,133,0.015406000231669176,1024,125,0.8333333333333334,0.002241159223097899,0.0004756758059582154,64.90977443609023,64.90977443609023,1536,0.970346345418742,85.9375,0.6242021918296814,0.993,0.12618296529968454,0.037037037037037035,0.26851851851851855,0.2314814814814815,100,0.7518796992481203,79,131,0.9849624060150376,464,132,0.9924812030075187,964
1,tgfr1,rabvs_budgeted_no_ucb,8633,133,0.015406000231669176,1024,133,0.8214285714285714,0.0018901304581710576,0.0002510001970900577,64.90977443609023,64.90977443609023,1536,0.970346345418742,86.58854166666667,0.626554012298584,0.993,0.12777191129883844,0.020833333333333332,0.28703703703703703,0.2662037037037037,100,0.7518796992481203,79,133,1.0,464,133,1.0,964
1,tgfr1,rabvs_budgeted_random_parts,8633,133,0.015406000231669176,1024,20,0.6666666666666666,0.004682068521947384,0.0017668495838949925,64.90977443609023,64.90977443609023,1536,0.970346345418742,63.80208333333333,0.6141147017478943,0.992,0.09024134312696747,0.2175925925925926,0.09027777777777778,-0.12731481481481483,95,0.7142857142857143,73,98,0.7368421052631579,470,98,0.7368421052631579,970
2,tgfr1,boba_ucb,8633,133,0.015406000231669176,1024,128,0.8313802083333334,0.002872645446637015,0.0004064330622769224,64.90977443609023,64.90977443609023,1536,0.970346345418742,86.58854166666667,0.6252678632736206,0.6639999999999999,0.12872340425531914,0.032407407407407406,0.27546296296296297,0.24305555555555555,100,0.7518796992481203,75,133,1.0,447,133,1.0,877
2,tgfr1,rabvs_budgeted_reliable,8633,133,0.015406000231669176,1024,128,0.8313802083333334,0.002872645446637015,0.0004064330622769224,64.90977443609023,64.90977443609023,1536,0.970346345418742,85.9375,0.6199572086334229,0.99,0.12371134020618557,0.032407407407407406,0.27546296296296297,0.24305555555555555,100,0.7518796992481203,78,132,0.9924812030075187,463,132,0.9924812030075187,963
2,tgfr1,rabvs_budgeted_no_ucb,8633,133,0.015406000231669176,1024,133,0.8245614035087719,0.0027751709390369944,0.00019596085454302677,64.90977443609023,64.90977443609023,1536,0.970346345418742,86.58854166666667,0.6198974847793579,0.989,0.12487100103199174,0.018518518518518517,0.28935185185185186,0.27083333333333337,100,0.7518796992481203,79,133,1.0,464,133,1.0,964
2,tgfr1,rabvs_budgeted_random_parts,8633,133,0.015406000231669176,1024,30,0.33611111111111114,0.0037445726974604447,0.0007618549030262068,64.90977443609023,64.90977443609023,1536,0.970346345418742,65.10416666666667,0.6309216022491455,0.988,0.09119170984455958,0.2199074074074074,0.08564814814814815,-0.13425925925925924,99,0.7443609022556391,71,100,0.7518796992481203,471,100,0.7518796992481203,971
0,thb,boba_ucb,7553,103,0.01363696544419436,1024,95,0.8254385964912281,0.004699098079674191,0.0013910207998992325,73.33009708737865,73.33009708737865,1280,0.971755152478044,80.46875,0.6418619155883789,0.486,0.09545454545454546,0.029023746701846966,0.24338624338624337,0.21436249668439641,95,0.9223300970873787,60,102,0.9902912621359223,393,103,1.0,781
0,thb,rabvs_budgeted_reliable,7553,103,0.01363696544419436,1024,95,0.8254385964912281,0.004699098079674191,0.0013910207998992325,73.33009708737865,73.33009708737865,1280,0.971755152478044,76.5625,0.6159015893936157,0.931,0.08553326293558607,0.029023746701846966,0.24338624338624337,0.21436249668439641,94,0.912621359223301,61,98,0.9514563106796117,459,98,0.9514563106796117,959
0,thb,rabvs_budgeted_no_ucb,7553,103,0.01363696544419436,1024,102,0.8243464052287581,0.0053618384808566755,0.0008771269110853758,73.33009708737865,73.33009708737865,1280,0.971755152478044,79.6875,0.6200234889984131,0.928,0.08764519535374868,0.037037037037037035,0.23544973544973544,0.1984126984126984,98,0.9514563106796117,59,102,0.9902912621359223,454,102,0.9902912621359223,954
0,thb,rabvs_budgeted_random_parts,7553,103,0.01363696544419436,1024,9,0.8333333333333334,0.008956427970229752,0.0030433537879352335,73.33009708737865,72.3652273888605,1280,0.971755152478044,74.21875,0.61228346824646,0.901,0.08217716115261472,0.16666666666666666,0.10052910052910052,-0.06613756613756613,87,0.8446601941747572,63,94,0.912621359223301,453,95,0.9223300970873787,951
1,thb,boba_ucb,7553,103,0.01363696544419436,1024,83,0.8333333333333334,0.0027778761149775187,0.0017261442017344267,73.33009708737865,73.33009708737865,1280,0.971755152478044,75.78125,0.6264542937278748,0.44599999999999995,0.09080459770114943,0.05555555555555555,0.20105820105820105,0.1455026455026455,94,0.912621359223301,61,97,0.941747572815534,389,97,0.941747572815534,771
1,thb,rabvs_budgeted_reliable,7553,103,0.01363696544419436,1024,83,0.8333333333333334,0.0027778761149775187,0.0017261442017344267,73.33009708737865,73.33009708737865,1280,0.971755152478044,74.21875,0.6112355589866638,0.945,0.080797481636936,0.05555555555555555,0.20105820105820105,0.1455026455026455,93,0.9029126213592233,62,95,0.9223300970873787,461,95,0.9223300970873787,961
1,thb,rabvs_budgeted_no_ucb,7553,103,0.01363696544419436,1024,97,0.8264604810996563,0.002768740696819985,0.0011379552152030647,73.33009708737865,73.33009708737865,1280,0.971755152478044,75.0,0.6085909605026245,0.943,0.08201892744479496,0.0291005291005291,0.2275132275132275,0.1984126984126984,96,0.9320388349514563,60,96,0.9320388349514563,460,96,0.9320388349514563,960
1,thb,rabvs_budgeted_random_parts,7553,103,0.01363696544419436,1024,38,0.4166666666666667,0.00528765630907706,0.003752844278459624,73.33009708737865,69.47061829330607,1280,0.971755152478044,69.53125,0.6145267486572266,0.931,0.07473684210526316,0.12962962962962962,0.13756613756613756,0.007936507936507936,83,0.8058252427184466,66,89,0.8640776699029126,459,89,0.8640776699029126,959
2,thb,boba_ucb,7553,103,0.01363696544419436,1024,102,0.8161764705882353,0.007668114017920061,0.0013734377426303497,73.33009708737865,73.33009708737865,1280,0.971755152478044,80.46875,0.6395236253738403,0.5469999999999999,0.0940649496080627,0.023809523809523808,0.24867724867724866,0.22486772486772486,98,0.9514563106796117,59,103,1.0,386,103,1.0,790
2,thb,rabvs_budgeted_reliable,7553,103,0.01363696544419436,1024,102,0.8161764705882353,0.007668114017920061,0.0013734377426303497,73.33009708737865,73.33009708737865,1280,0.971755152478044,79.6875,0.6207054257392883,0.906,0.08773784355179703,0.023809523809523808,0.24867724867724866,0.22486772486772486,99,0.9611650485436893,59,102,0.9902912621359223,445,102,0.9902912621359223,943
2,thb,rabvs_budgeted_no_ucb,7553,103,0.01363696544419436,1024,103,0.8147249190938511,0.006360506938592652,0.0009579762173905615,73.33009708737865,73.33009708737865,1280,0.971755152478044,80.46875,0.6201229095458984,0.916,0.08879492600422834,0.031746031746031744,0.24074074074074073,0.20899470899470898,98,0.9514563106796117,59,103,1.0,449,103,1.0,948
2,thb,rabvs_budgeted_random_parts,7553,103,0.01363696544419436,1024,31,0.771505376344086,0.007789552854270582,0.001998740267975472,73.33009708737865,72.3652273888605,1280,0.971755152478044,77.34375,0.618462324142456,0.92,0.08465608465608465,0.1111111111111111,0.16137566137566137,0.05026455026455026,94,0.912621359223301,63,99,0.9611650485436893,456,99,0.9611650485436893,956
0,thrb,boba_ucb,27465,461,0.01678499908975059,1024,160,0.796875,0.0045821592303737875,0.003094756765206359,59.577006507592195,59.577006507592195,2304,0.9860185690879301,189.23611111111111,0.5442376732826233,0.45399999999999996,0.44398340248962653,0.09679767103347889,0.23088128186453022,0.13408361083105133,100,0.21691973969631237,100,418,0.9067245119305857,482,436,0.9457700650759219,860
0,thrb,rabvs_budgeted_reliable,27465,461,0.01678499908975059,1024,160,0.796875,0.0045821592303737875,0.003094756765206359,59.577006507592195,59.577006507592195,2304,0.9860185690879301,188.80208333333334,0.532311201095581,0.634,0.43615934627170583,0.09679767103347889,0.23088128186453022,0.13408361083105133,100,0.21691973969631237,100,418,0.9067245119305857,489,435,0.9436008676789588,958
0,thrb,rabvs_budgeted_no_ucb,27465,461,0.01678499908975059,1024,415,0.6885542168674699,0.006257164883397557,0.0027786424456231087,59.577006507592195,59.577006507592195,2304,0.9860185690879301,185.76388888888889,0.5274258255958557,0.601,0.42813455657492355,0.020378457059679767,0.3029861616897305,0.28260770463005075,100,0.21691973969631237,100,417,0.9045553145336226,493,428,0.928416485900217,961
0,thrb,rabvs_budgeted_random_parts,27465,461,0.01678499908975059,1024,63,0.7407407407407407,0.007182581482211103,0.004221090497778003,59.577006507592195,59.36036284756459,2304,0.9860185690879301,181.42361111111111,0.5367229580879211,0.5569999999999999,0.4158215010141988,0.0982532751091703,0.22505462490895847,0.1268013497997882,100,0.21691973969631237,100,399,0.8655097613882863,493,418,0.9067245119305857,929
1,thrb,boba_ucb,27465,461,0.01678499908975059,1024,193,0.7638169257340242,0.0037586361113539,0.003052809265310265,59.577006507592195,59.577006507592195,2304,0.9860185690879301,192.27430555555554,0.5328544974327087,0.41600000000000004,0.447070914696814,0.11709090909090909,0.21355685131195334,0.09646594222104425,100,0.21691973969631237,100,424,0.9197396963123644,495,443,0.9609544468546638,916
1,thrb,rabvs_budgeted_reliable,27465,461,0.01678499908975059,1024,193,0.7638169257340242,0.0037586361113539,0.003052809265310265,59.577006507592195,59.577006507592195,2304,0.9860185690879301,187.5,0.5248900651931763,0.677,0.4304568527918782,0.11709090909090909,0.21355685131195334,0.09646594222104425,100,0.21691973969631237,100,416,0.9023861171366594,497,432,0.9370932754880694,992
1,thrb,rabvs_budgeted_no_ucb,27465,461,0.01678499908975059,1024,431,0.6618329466357309,0.009162233358015505,0.0027462569922232878,59.577006507592195,59.577006507592195,2304,0.9860185690879301,191.40625,0.5197936296463013,0.603,0.4409368635437882,0.024017467248908297,0.303714493809177,0.2796970265602687,100,0.21691973969631237,100,430,0.9327548806941431,496,441,0.9566160520607375,958
1,thrb,rabvs_budgeted_random_parts,27465,461,0.01678499908975059,1024,155,0.19032258064516128,0.002855587182695863,0.004837306153260542,59.577006507592195,59.36036284756459,2304,0.9860185690879301,172.74305555555554,0.5179963111877441,0.622,0.3983656792645557,0.1331877729257642,0.18281136198106337,0.04962358905529918,100,0.21691973969631237,100,366,0.7939262472885033,475,398,0.8633405639913232,945
2,thrb,boba_ucb,27465,461,0.01678499908975059,1024,223,0.7866218236173393,0.0018552595866944792,0.003483200478338021,59.577006507592195,59.577006507592195,2304,0.9860185690879301,186.19791666666666,0.5117779970169067,0.42700000000000005,0.43135245901639346,0.10189228529839883,0.22651128914785143,0.1246190038494526,100,0.21691973969631237,100,390,0.8459869848156182,487,429,0.93058568329718,914
2,thrb,rabvs_budgeted_reliable,27465,461,0.01678499908975059,1024,223,0.7866218236173393,0.0018552595866944792,0.003483200478338021,59.577006507592195,59.577006507592195,2304,0.9860185690879301,178.38541666666666,0.5133750438690186,0.722,0.40789473684210525,0.10189228529839883,0.22651128914785143,0.1246190038494526,100,0.21691973969631237,100,393,0.8524945770065075,498,411,0.8915401301518439,995
2,thrb,rabvs_budgeted_no_ucb,27465,461,0.01678499908975059,1024,425,0.6594117647058824,0.00779572148805808,0.0026511003251704353,59.577006507592195,59.577006507592195,2304,0.9860185690879301,189.67013888888889,0.5254343748092651,0.577,0.4342105263157895,0.018195050946142648,0.3102694828841952,0.29207443193805255,100,0.21691973969631237,100,419,0.9088937093275488,494,437,0.9479392624728851,966
2,thrb,rabvs_budgeted_random_parts,27465,461,0.01678499908975059,1024,128,0.4049479166666667,0.010239469140561046,0.004106984512516733,59.577006507592195,59.36036284756459,2304,0.9860185690879301,191.8402777777778,0.5261275172233582,0.5389999999999999,0.4433094994892748,0.07496360989810771,0.2540029112081514,0.17903930131004367,100,0.21691973969631237,100,417,0.9045553145336226,496,442,0.9587852494577006,947
0,try1,boba_ucb,26429,449,0.01698891369329146,1024,213,0.793035993740219,0.003673297395409076,0.0016519231098479715,58.8619153674833,58.8619153674833,2304,0.9854705058836883,189.23611111111111,0.5429365634918213,0.28200000000000003,0.451271186440678,0.07180650037792895,0.26590909090909093,0.19410259053116197,100,0.22271714922049,99,426,0.9487750556792873,489,436,0.9710467706013363,870
0,try1,rabvs_budgeted_reliable,26429,449,0.01698891369329146,1024,213,0.793035993740219,0.003673297395409076,0.0016519231098479715,58.8619153674833,58.8619153674833,2304,0.9854705058836883,191.40625,0.5400302410125732,0.56,0.4402451481103167,0.07180650037792895,0.26590909090909093,0.19410259053116197,100,0.22271714922049,100,428,0.9532293986636972,495,441,0.9821826280623608,982
0,try1,rabvs_budgeted_no_ucb,26429,449,0.01698891369329146,1024,429,0.6862859362859363,0.005182357294422417,0.001466511945049371,58.8619153674833,58.8619153674833,2304,0.9854705058836883,191.40625,0.5353668332099915,0.544,0.44387229660144184,0.027149321266968326,0.30844645550527905,0.2812971342383107,100,0.22271714922049,100,432,0.9621380846325167,488,441,0.9821826280623608,966
0,try1,rabvs_budgeted_random_parts,26429,449,0.01698891369329146,1024,201,0.49502487562189057,0.007712221373767383,0.003013843980265215,58.8619153674833,58.8619153674833,2304,0.9854705058836883,186.19791666666666,0.5335890054702759,0.487,0.4307692307692308,0.0453857791225416,0.2838758516275549,0.2384900725050133,100,0.22271714922049,100,409,0.910913140311804,488,429,0.955456570155902,932
1,try1,boba_ucb,26429,449,0.01698891369329146,1024,186,0.7768817204301075,0.004321898685822988,0.0022077593865434102,58.8619153674833,58.8619153674833,2304,0.9854705058836883,186.63194444444446,0.5520508289337158,0.30000000000000004,0.4359504132231405,0.07791225416036308,0.2558667676003028,0.17795451343993973,100,0.22271714922049,99,415,0.9242761692650334,443,430,0.9576837416481069,785
1,try1,rabvs_budgeted_reliable,26429,449,0.01698891369329146,1024,186,0.7768817204301075,0.004321898685822988,0.0022077593865434102,58.8619153674833,58.8619153674833,2304,0.9854705058836883,190.10416666666666,0.5313935875892639,0.546,0.4378818737270876,0.07791225416036308,0.2558667676003028,0.17795451343993973,100,0.22271714922049,100,425,0.9465478841870824,491,438,0.9755011135857461,975
1,try1,rabvs_budgeted_no_ucb,26429,449,0.01698891369329146,1024,436,0.676605504587156,0.005238044850442247,0.0012854488396993582,58.8619153674833,58.8619153674833,2304,0.9854705058836883,193.14236111111111,0.5323888659477234,0.5569999999999999,0.4459183673469388,0.02042360060514372,0.31794095382286147,0.2975173532177178,100,0.22271714922049,100,434,0.9665924276169265,492,445,0.9910913140311804,972
1,try1,rabvs_budgeted_random_parts,26429,449,0.01698891369329146,1024,140,0.319047619047619,0.007815537254555586,0.0034454237011304007,58.8619153674833,58.41599176621448,2304,0.9854705058836883,187.9340277777778,0.519684374332428,0.5389999999999999,0.43279022403258655,0.13388804841149773,0.2043906131718395,0.07050256476034178,100,0.22271714922049,100,411,0.9153674832962138,484,433,0.9643652561247216,958
2,try1,boba_ucb,26429,449,0.01698891369329146,1024,200,0.7933333333333333,0.003944176545438825,0.0015671834781538774,58.8619153674833,58.8619153674833,2304,0.9854705058836883,191.8402777777778,0.5336697697639465,0.29700000000000004,0.4491701244813278,0.06127080181543117,0.27706283118849356,0.2157920293730624,100,0.22271714922049,100,432,0.9621380846325167,485,442,0.9844097995545658,860
2,try1,rabvs_budgeted_reliable,26429,449,0.01698891369329146,1024,200,0.7933333333333333,0.003944176545438825,0.0015671834781538774,56.597995545657014,58.63895356684889,2304,0.9854705058836883,192.70833333333334,0.5244118571281433,0.5489999999999999,0.4416243654822335,0.06127080181543117,0.27706283118849356,0.2157920293730624,99,0.22048997772828507,100,432,0.9621380846325167,487,444,0.9888641425389755,974
2,try1,rabvs_budgeted_no_ucb,26429,449,0.01698891369329146,1024,429,0.6862859362859363,0.006900385300567356,0.0017561896696581898,58.8619153674833,58.8619153674833,2304,0.9854705058836883,191.40625,0.5334777235984802,0.514,0.4444444444444444,0.023449319213313162,0.3126419379258138,0.2891926187125006,100,0.22271714922049,100,434,0.9665924276169265,484,441,0.9821826280623608,949
2,try1,rabvs_budgeted_random_parts,26429,449,0.01698891369329146,1024,22,0.7272727272727273,0.01175297139146443,0.006024396460994692,54.334075723830736,55.5174883579672,2304,0.9854705058836883,176.64930555555554,0.5667836666107178,0.493,0.43322475570032576,0.1838124054462935,0.14837244511733536,-0.03543996032895813,98,0.2182628062360802,100,368,0.8195991091314031,487,407,0.9064587973273942,882
0,tryb1,boba_ucb,7798,148,0.018979225442421133,1024,126,0.8333333333333334,0.0036658432931812282,0.001291621379500149,52.68918918918919,52.68918918918919,1536,0.9671710695050013,95.703125,0.6181702613830566,0.43999999999999995,0.15496098104793757,0.0641025641025641,0.3128205128205128,0.24871794871794872,100,0.6756756756756757,100,147,0.9932432432432432,445,147,0.9932432432432432,857
0,tryb1,rabvs_budgeted_reliable,7798,148,0.018979225442421133,1024,126,0.8333333333333334,0.0036658432931812282,0.001291621379500149,52.68918918918919,52.68918918918919,1536,0.9671710695050013,93.75,0.6078378558158875,0.907,0.14166666666666666,0.0641025641025641,0.3128205128205128,0.24871794871794872,100,0.6756756756756757,100,144,0.972972972972973,495,144,0.972972972972973,995
0,tryb1,rabvs_budgeted_no_ucb,7798,148,0.018979225442421133,1024,147,0.81859410430839,0.0039984322628599245,0.0004734768148547644,52.68918918918919,52.68918918918919,1536,0.9671710695050013,95.703125,0.606191873550415,0.907,0.14494264859228362,0.03076923076923077,0.34615384615384615,0.3153846153846154,100,0.6756756756756757,100,147,0.9932432432432432,498,147,0.9932432432432432,997
0,tryb1,rabvs_budgeted_random_parts,7798,148,0.018979225442421133,1024,21,0.4722222222222222,0.005241636751802771,0.004279569397918185,52.68918918918919,52.68918918918919,1536,0.9671710695050013,80.078125,0.6171820759773254,0.94,0.11991657977059438,0.2076923076923077,0.16666666666666666,-0.041025641025641046,100,0.6756756756756757,100,122,0.8243243243243243,500,123,0.831081081081081,1000
1,tryb1,boba_ucb,7798,148,0.018979225442421133,1024,133,0.8270676691729323,0.006070385946690193,0.0009596629673785248,52.68918918918919,52.68918918918919,1536,0.9671710695050013,95.703125,0.6231889724731445,0.46799999999999997,0.1517467248908297,0.035897435897435895,0.34102564102564104,0.30512820512820515,100,0.6756756756756757,100,147,0.9932432432432432,461,147,0.9932432432432432,860
1,tryb1,rabvs_budgeted_reliable,7798,148,0.018979225442421133,1024,133,0.8270676691729323,0.006070385946690193,0.0009596629673785248,52.68918918918919,52.68918918918919,1536,0.9671710695050013,95.703125,0.6111176013946533,0.893,0.14479166666666668,0.035897435897435895,0.34102564102564104,0.30512820512820515,100,0.6756756756756757,100,147,0.9932432432432432,495,147,0.9932432432432432,995
1,tryb1,rabvs_budgeted_no_ucb,7798,148,0.018979225442421133,1024,147,0.8174603174603174,0.004052927084201153,0.0005338695522958801,52.68918918918919,52.68918918918919,1536,0.9671710695050013,95.703125,0.609247088432312,0.91,0.14464099895941726,0.03333333333333333,0.3435897435897436,0.31025641025641026,100,0.6756756756756757,100,147,0.9932432432432432,498,147,0.9932432432432432,998
1,tryb1,rabvs_budgeted_random_parts,7798,148,0.018979225442421133,1024,91,0.6813186813186813,0.005414123357090092,0.001705346967793714,52.68918918918919,52.68918918918919,1536,0.9671710695050013,80.078125,0.6153776049613953,0.925,0.12016718913270637,0.10256410256410256,0.2641025641025641,0.16153846153846155,100,0.6756756756756757,100,123,0.831081081081081,495,123,0.831081081081081,995
2,tryb1,boba_ucb,7798,148,0.018979225442421133,1024,127,0.8287401574803149,0.003300347096758448,0.0015785202086799621,52.68918918918919,52.68918918918919,1536,0.9671710695050013,95.703125,0.6244615912437439,0.43500000000000005,0.1546162402669633,0.07692307692307693,0.3,0.22307692307692306,100,0.6756756756756757,100,147,0.9932432432432432,452,147,0.9932432432432432,840
2,tryb1,rabvs_budgeted_reliable,7798,148,0.018979225442421133,1024,127,0.8287401574803149,0.003300347096758448,0.0015785202086799621,52.68918918918919,52.68918918918919,1536,0.9671710695050013,95.05208333333333,0.6132350564002991,0.907,0.14285714285714285,0.07692307692307693,0.3,0.22307692307692306,100,0.6756756756756757,100,146,0.9864864864864865,497,146,0.9864864864864865,997
2,tryb1,rabvs_budgeted_no_ucb,7798,148,0.018979225442421133,1024,147,0.8180272108843537,0.004013342378582452,0.00048759184609646996,52.68918918918919,52.68918918918919,1536,0.9671710695050013,95.703125,0.6078183054924011,0.904,0.14404145077720207,0.030690537084398978,0.34615384615384615,0.3154633090694472,100,0.6756756756756757,100,147,0.9932432432432432,494,147,0.9932432432432432,994
2,tryb1,rabvs_budgeted_random_parts,7798,148,0.018979225442421133,1024,54,0.5308641975308642,0.005661271596830513,0.002511858308119069,52.68918918918919,52.68918918918919,1536,0.9671710695050013,89.84375,0.6006259918212891,0.904,0.13499480789200416,0.11538461538461539,0.2564102564102564,0.141025641025641,100,0.6756756756756757,100,138,0.9324324324324325,497,138,0.9324324324324325,997
0,tysy,boba_ucb,6859,109,0.015891529377460273,1024,102,0.809640522875817,0.006139598557112871,0.0014085040345308498,62.92660550458715,62.92660550458715,1280,0.968897312533411,85.15625,0.6476305723190308,0.42700000000000005,0.1111111111111111,0.06997084548104957,0.2478134110787172,0.17784256559766765,98,0.8990825688073395,100,109,1.0,461,109,1.0,866
0,tysy,rabvs_budgeted_reliable,6859,109,0.015891529377460273,1024,102,0.809640522875817,0.006139598557112871,0.0014085040345308498,62.92660550458715,62.92660550458715,1280,0.968897312533411,85.15625,0.6335734724998474,0.911,0.10642781875658588,0.06997084548104957,0.2478134110787172,0.17784256559766765,98,0.8990825688073395,100,109,1.0,498,109,1.0,998
0,tysy,rabvs_budgeted_no_ucb,6859,109,0.015891529377460273,1024,109,0.7362385321100917,0.00661140262102918,0.0018609715151222538,62.92660550458715,62.92660550458715,1280,0.968897312533411,85.15625,0.6409996151924133,0.91,0.10609243697478991,0.06705539358600583,0.25072886297376096,0.18367346938775514,100,0.9174311926605505,100,109,1.0,494,109,1.0,994
0,tysy,rabvs_budgeted_random_parts,6859,109,0.015891529377460273,1024,37,0.33783783783783783,0.003700055441123162,0.004039556317417729,62.92660550458715,62.0146257146656,1280,0.968897312533411,65.625,0.6307543516159058,0.933,0.07991587802313355,0.16034985422740525,0.13119533527696792,-0.02915451895043733,77,0.7064220183486238,100,84,0.7706422018348624,499,84,0.7706422018348624,999
1,tysy,boba_ucb,6859,109,0.015891529377460273,1024,101,0.7821782178217822,0.006898361831564839,0.0018429494685098596,62.92660550458715,62.92660550458715,1280,0.968897312533411,85.15625,0.6410883665084839,0.43300000000000005,0.10813704496788008,0.04081632653061224,0.27113702623906705,0.2303206997084548,100,0.9174311926605505,100,107,0.981651376146789,468,109,1.0,875
1,tysy,rabvs_budgeted_reliable,6859,109,0.015891529377460273,1024,101,0.7821782178217822,0.006898361831564839,0.0018429494685098596,62.92660550458715,62.92660550458715,1280,0.968897312533411,84.375,0.6323158740997314,0.898,0.10526315789473684,0.04081632653061224,0.27113702623906705,0.2303206997084548,100,0.9174311926605505,100,108,0.9908256880733946,499,108,0.9908256880733946,999
1,tysy,rabvs_budgeted_no_ucb,6859,109,0.015891529377460273,1024,109,0.7553516819571865,0.006097986389695735,0.0015078245474398685,62.92660550458715,62.92660550458715,1280,0.968897312533411,85.15625,0.6387131214141846,0.899,0.10642781875658588,0.043731778425655975,0.27405247813411077,0.23032069970845478,99,0.908256880733945,100,109,1.0,495,109,1.0,995
1,tysy,rabvs_budgeted_random_parts,6859,109,0.015891529377460273,1024,34,0.7990196078431373,0.005458696279749386,0.0037236114467708494,62.92660550458715,62.92660550458715,1280,0.968897312533411,70.3125,0.6317655444145203,0.907,0.0870488322717622,0.15451895043731778,0.13702623906705538,-0.017492711370262398,85,0.7798165137614679,100,90,0.8256880733944955,492,90,0.8256880733944955,992
2,tysy,boba_ucb,6859,109,0.015891529377460273,1024,105,0.8142857142857143,0.007325511060111534,0.0014519395816439808,62.92660550458715,62.92660550458715,1280,0.968897312533411,85.15625,0.6416330337524414,0.42600000000000005,0.11062431544359255,0.04956268221574344,0.26822157434402333,0.21865889212827988,100,0.9174311926605505,100,108,0.9908256880733946,452,109,1.0,866
2,tysy,rabvs_budgeted_reliable,6859,109,0.015891529377460273,1024,105,0.8142857142857143,0.007325511060111534,0.0014519395816439808,62.92660550458715,62.92660550458715,1280,0.968897312533411,85.15625,0.6353527903556824,0.896,0.10598111227701994,0.04956268221574344,0.26822157434402333,0.21865889212827988,100,0.9174311926605505,100,109,1.0,495,109,1.0,995
2,tysy,rabvs_budgeted_no_ucb,6859,109,0.015891529377460273,1024,109,0.8126911314984709,0.00622133500741024,0.0007655988004074892,62.92660550458715,62.92660550458715,1280,0.968897312533411,85.15625,0.639565646648407,0.918,0.10598111227701994,0.04956268221574344,0.26822157434402333,0.21865889212827988,100,0.9174311926605505,100,109,1.0,498,109,1.0,998
2,tysy,rabvs_budgeted_random_parts,6859,109,0.015891529377460273,1024,54,0.49537037037037035,0.005502274069651743,0.0032130162944822857,62.92660550458715,62.92660550458715,1280,0.968897312533411,79.6875,0.6341152787208557,0.909,0.09873949579831932,0.12536443148688048,0.1924198250728863,0.06705539358600582,93,0.8532110091743119,100,102,0.9357798165137615,496,102,0.9357798165137615,996
0,urok,boba_ucb,10012,162,0.016180583300039953,1024,136,0.8241421568627451,0.003744331129705236,0.0009575150113511784,61.80246913580247,61.80246913580247,1536,0.9744306831801838,104.16666666666667,0.612769365310669,0.345,0.17523364485981308,0.03992015968063872,0.27944111776447106,0.23952095808383234,100,0.6172839506172839,100,160,0.9876543209876543,426,160,0.9876543209876543,777
0,urok,rabvs_budgeted_reliable,10012,162,0.016180583300039953,1024,136,0.8241421568627451,0.003744331129705236,0.0009575150113511784,61.80246913580247,61.80246913580247,1536,0.9744306831801838,104.81770833333333,0.631259560585022,0.831,0.15762004175365343,0.03992015968063872,0.27944111776447106,0.23952095808383234,100,0.6172839506172839,100,161,0.9938271604938271,499,161,0.9938271604938271,999
0,urok,rabvs_budgeted_no_ucb,10012,162,0.016180583300039953,1024,158,0.8111814345991561,0.0036444049364767776,0.0008591562705527822,61.80246913580247,61.80246913580247,1536,0.9744306831801838,104.81770833333333,0.6291744709014893,0.831,0.15696465696465697,0.029940119760479042,0.2894211576846307,0.25948103792415167,100,0.6172839506172839,100,161,0.9938271604938271,498,161,0.9938271604938271,998
0,urok,rabvs_budgeted_random_parts,10012,162,0.016180583300039953,1024,56,0.5833333333333334,0.0054226764021535374,0.002948087304864893,61.80246913580247,61.80246913580247,1536,0.9744306831801838,90.49479166666667,0.6373839378356934,0.827,0.13465553235908143,0.16302186878727634,0.15430861723446893,-0.008713251552807416,100,0.6172839506172839,100,139,0.8580246913580247,494,139,0.8580246913580247,992
1,urok,boba_ucb,10012,162,0.016180583300039953,1024,136,0.8314950980392157,0.0029084912854232307,0.0012804550905936214,61.80246913580247,61.80246913580247,1536,0.9744306831801838,104.16666666666667,0.609062910079956,0.353,0.17772511848341233,0.049800796812749,0.2694610778443114,0.21966028103156238,100,0.6172839506172839,100,157,0.9691358024691358,423,160,0.9876543209876543,751
1,urok,rabvs_budgeted_reliable,10012,162,0.016180583300039953,1024,136,0.8314950980392157,0.0029084912854232307,0.0012804550905936214,61.80246913580247,61.80246913580247,1536,0.9744306831801838,101.5625,0.6328558325767517,0.835,0.15192507804370448,0.049800796812749,0.2694610778443114,0.21966028103156238,100,0.6172839506172839,100,155,0.9567901234567902,497,156,0.9629629629629629,997
1,urok,rabvs_budgeted_no_ucb,10012,162,0.016180583300039953,1024,158,0.8117088607594937,0.003792770865430136,0.0008627727521776745,61.80246913580247,61.80246913580247,1536,0.9744306831801838,104.16666666666667,0.6323937773704529,0.8260000000000001,0.1557632398753894,0.029940119760479042,0.2894211576846307,0.25948103792415167,100,0.6172839506172839,100,159,0.9814814814814815,498,160,0.9876543209876543,998
1,urok,rabvs_budgeted_random_parts,10012,162,0.016180583300039953,1024,117,0.801994301994302,0.006157054615473056,0.0019030013573503154,61.80246913580247,61.80246913580247,1536,0.9744306831801838,101.5625,0.6344791054725647,0.8220000000000001,0.15224191866527634,0.06187624750499002,0.25748502994011974,0.19560878243512972,100,0.6172839506172839,100,155,0.9567901234567902,497,156,0.9629629629629629,997
2,urok,boba_ucb,10012,162,0.016180583300039953,1024,152,0.8125,0.0038030138582328876,0.0010043351764898955,61.80246913580247,61.80246913580247,1536,0.9744306831801838,104.16666666666667,0.6159954071044922,0.36,0.17059483726150393,0.029940119760479042,0.2894211576846307,0.25948103792415167,100,0.6172839506172839,100,159,0.9814814814814815,447,160,0.9876543209876543,804
2,urok,rabvs_budgeted_reliable,10012,162,0.016180583300039953,1024,152,0.8125,0.0038030138582328876,0.0010043351764898955,61.80246913580247,61.80246913580247,1536,0.9744306831801838,104.16666666666667,0.6306854486465454,0.8260000000000001,0.15833333333333333,0.029940119760479042,0.2894211576846307,0.25948103792415167,100,0.6172839506172839,100,158,0.9753086419753086,497,160,0.9876543209876543,996
2,urok,rabvs_budgeted_no_ucb,10012,162,0.016180583300039953,1024,159,0.8066037735849056,0.0031769432182428463,0.0008534640309700451,61.80246913580247,61.80246913580247,1536,0.9744306831801838,104.16666666666667,0.6311079859733582,0.831,0.15816857440166493,0.033932135728542916,0.28542914171656686,0.25149700598802394,100,0.6172839506172839,100,159,0.9814814814814815,497,160,0.9876543209876543,997
2,urok,rabvs_budgeted_random_parts,10012,162,0.016180583300039953,1024,26,0.4358974358974359,0.0033327267337026336,0.0032707004821095247,61.80246913580247,61.18444444444444,1536,0.9744306831801838,78.125,0.6339359879493713,0.874,0.11703239289446186,0.20159680638722555,0.11776447105788423,-0.08383233532934131,99,0.6111111111111112,100,119,0.7345679012345679,499,120,0.7407407407407407,997
0,vgfr2,boba_ucb,25358,409,0.016129032258064516,1024,209,0.7125199362041468,0.0058072205161142166,0.0032441748621582526,62.0,61.75590551181102,2304,0.9848568499092989,170.57291666666666,0.5786291360855103,0.5780000000000001,0.3940634595701126,0.09700315457413249,0.222397476340694,0.1253943217665615,100,0.24449877750611246,100,379,0.9266503667481663,495,393,0.960880195599022,943
0,vgfr2,rabvs_budgeted_reliable,25358,409,0.016129032258064516,1024,209,0.7125199362041468,0.0058072205161142166,0.0032441748621582526,62.0,61.75590551181102,2304,0.9848568499092989,172.3090277777778,0.5682058334350586,0.747,0.3957273652085453,0.09700315457413249,0.222397476340694,0.1253943217665615,100,0.24449877750611246,100,380,0.9290953545232273,499,397,0.9706601466992665,990
0,vgfr2,rabvs_budgeted_no_ucb,25358,409,0.016129032258064516,1024,390,0.6450854700854701,0.006882670562895472,0.0028284928422107353,62.0,61.75590551181102,2304,0.9848568499092989,173.17708333333334,0.5622389912605286,0.748,0.399592252803262,0.03933910306845004,0.2798418972332016,0.24050279416475154,100,0.24449877750611246,100,386,0.9437652811735942,499,399,0.9755501222493888,985
0,vgfr2,rabvs_budgeted_random_parts,25358,409,0.016129032258064516,1024,87,0.4559386973180077,0.009625417412274306,0.0058385645590115585,62.0,58.58267716535433,2304,0.9848568499092989,166.66666666666666,0.5609039068222046,0.685,0.38485158648925283,0.13722397476340695,0.18138801261829654,0.04416403785488959,100,0.24449877750611246,100,352,0.8606356968215159,495,384,0.9388753056234719,980
1,vgfr2,boba_ucb,25358,409,0.016129032258064516,1024,198,0.7664141414141414,0.005163343781396083,0.0026904540146888965,62.0,62.0,2304,0.9848568499092989,173.17708333333334,0.571471095085144,0.56,0.39938712972420837,0.09384858044164038,0.22397476340694006,0.13012618296529968,100,0.24449877750611246,100,385,0.941320293398533,499,399,0.9755501222493888,953
1,vgfr2,rabvs_budgeted_reliable,25358,409,0.016129032258064516,1024,198,0.7664141414141414,0.005163343781396083,0.0026904540146888965,62.0,61.75590551181102,2304,0.9848568499092989,173.61111111111111,0.563962996006012,0.731,0.3971631205673759,0.09384858044164038,0.22397476340694006,0.13012618296529968,100,0.24449877750611246,100,387,0.9462102689486552,499,400,0.9779951100244498,985
1,vgfr2,rabvs_budgeted_no_ucb,25358,409,0.016129032258064516,1024,378,0.6882716049382716,0.00468943090424885,0.0025222029661447873,62.0,61.75590551181102,2304,0.9848568499092989,172.74305555555554,0.5598289370536804,0.767,0.3967446592065107,0.0417981072555205,0.2744479495268139,0.2326498422712934,100,0.24449877750611246,100,383,0.9364303178484108,497,398,0.9731051344743277,985
1,vgfr2,rabvs_budgeted_random_parts,25358,409,0.016129032258064516,1024,79,0.37236286919831224,0.0051392289421862076,0.004948207149596134,62.0,59.31496062992126,2304,0.9848568499092989,161.89236111111111,0.5636052489280701,0.774,0.3698074974670719,0.18690851735015773,0.1309148264984227,-0.05599369085173503,100,0.24449877750611246,100,347,0.8484107579462102,497,373,0.9119804400977995,985
2,vgfr2,boba_ucb,25358,409,0.016129032258064516,1024,223,0.7701793721973094,0.004337253753575129,0.00278810100939164,62.0,61.75590551181102,2304,0.9848568499092989,172.74305555555554,0.569060206413269,0.606,0.39634146341463417,0.09384858044164038,0.221608832807571,0.1277602523659306,100,0.24449877750611246,100,382,0.9339853300733496,490,398,0.9731051344743277,939
2,vgfr2,rabvs_budgeted_reliable,25358,409,0.016129032258064516,1024,223,0.7701793721973094,0.004337253753575129,0.00278810100939164,62.0,61.75590551181102,2304,0.9848568499092989,171.875,0.5620721578598022,0.757,0.39390862944162436,0.09384858044164038,0.221608832807571,0.1277602523659306,100,0.24449877750611246,100,381,0.9315403422982885,492,396,0.9682151589242054,977
2,vgfr2,rabvs_budgeted_no_ucb,25358,409,0.016129032258064516,1024,383,0.6919060052219321,0.005984946073591718,0.0028198372256153016,62.0,62.0,2304,0.9848568499092989,172.3090277777778,0.5639217495918274,0.753,0.3937246963562753,0.0425531914893617,0.27466456195737965,0.23211137046801794,100,0.24449877750611246,100,386,0.9437652811735942,498,397,0.9706601466992665,980
2,vgfr2,rabvs_budgeted_random_parts,25358,409,0.016129032258064516,1024,150,0.7611111111111111,0.004658935616378081,0.004133354685071547,62.0,61.267716535433074,2304,0.9848568499092989,164.4965277777778,0.564193606376648,0.744,0.3781855249745158,0.12066246056782334,0.18848580441640378,0.06782334384858044,100,0.24449877750611246,100,362,0.8850855745721271,497,379,0.9266503667481663,977
0,wee1,boba_ucb,6252,102,0.016314779270633396,1024,101,0.8333333333333334,0.0014672411599530519,0.0001493164413698854,61.29411764705883,61.29411764705883,1274,0.9660375346555768,80.06279434850863,0.6451075673103333,0.43899999999999995,0.08930540242557883,0.02875399361022364,0.2971246006389776,0.268370607028754,100,0.9803921568627451,56,102,1.0,411,102,1.0,829
0,wee1,rabvs_budgeted_reliable,6252,102,0.016314779270633396,1024,101,0.8333333333333334,0.0014672411599530519,0.0001493164413698854,61.29411764705883,61.29411764705883,1274,0.9660375346555768,79.27786499215071,0.6328521370887756,0.905,0.0855614973262032,0.02875399361022364,0.2971246006389776,0.268370607028754,100,0.9803921568627451,57,101,0.9901960784313726,456,101,0.9901960784313726,956
0,wee1,rabvs_budgeted_no_ucb,6252,102,0.016314779270633396,1024,102,0.8333333333333334,0.0015129791694465024,2.579778169837156e-05,61.29411764705883,61.29411764705883,1274,0.9660375346555768,80.06279434850863,0.6337077021598816,0.904,0.08681672025723473,0.003194888178913738,0.3226837060702875,0.3194888178913738,100,0.9803921568627451,57,102,1.0,456,102,1.0,956
0,wee1,rabvs_budgeted_random_parts,6252,102,0.016314779270633396,1024,44,0.5871212121212122,0.002591280237303963,0.00041000190643027975,61.29411764705883,61.29411764705883,1274,0.9660375346555768,80.06279434850863,0.6288679838180542,0.904,0.08728448275862069,0.04153354632587859,0.28434504792332266,0.24281150159744408,100,0.9803921568627451,58,102,1.0,456,102,1.0,956
1,wee1,boba_ucb,6252,102,0.016314779270633396,1024,102,0.8333333333333334,0.0016918794883254537,4.564424223126923e-05,61.29411764705883,61.29411764705883,1274,0.9660375346555768,80.06279434850863,0.6475728154182434,0.42300000000000004,0.09210526315789473,0.003194888178913738,0.3226837060702875,0.3194888178913738,100,0.9803921568627451,56,102,1.0,414,102,1.0,831
1,wee1,rabvs_budgeted_reliable,6252,102,0.016314779270633396,1024,102,0.8333333333333334,0.0016918794883254537,4.564424223126923e-05,61.29411764705883,61.29411764705883,1274,0.9660375346555768,80.06279434850863,0.6358239650726318,0.903,0.08888888888888889,0.003194888178913738,0.3226837060702875,0.3194888178913738,100,0.9803921568627451,57,102,1.0,456,102,1.0,956
1,wee1,rabvs_budgeted_no_ucb,6252,102,0.016314779270633396,1024,102,0.8333333333333334,0.001601219360703409,4.294139362627675e-05,61.29411764705883,61.29411764705883,1274,0.9660375346555768,80.06279434850863,0.6342290639877319,0.904,0.08888888888888889,0.003194888178913738,0.3226837060702875,0.3194888178913738,100,0.9803921568627451,57,102,1.0,456,102,1.0,956
1,wee1,rabvs_budgeted_random_parts,6252,102,0.016314779270633396,1024,37,0.6779279279279279,0.002271904209588977,0.0001551215597101633,61.29411764705883,61.29411764705883,1274,0.9660375346555768,80.06279434850863,0.6341720223426819,0.901,0.08926673751328375,0.019169329073482427,0.30670926517571884,0.2875399361022364,100,0.9803921568627451,57,102,1.0,456,102,1.0,956
2,wee1,boba_ucb,6252,102,0.016314779270633396,1024,102,0.8333333333333334,0.001891011903015459,3.644622919370557e-05,61.29411764705883,61.29411764705883,1274,0.9660375346555768,80.06279434850863,0.6442294716835022,0.41200000000000003,0.09539473684210527,0.003194888178913738,0.3226837060702875,0.3194888178913738,100,0.9803921568627451,56,102,1.0,417,102,1.0,837
2,wee1,rabvs_budgeted_reliable,6252,102,0.016314779270633396,1024,102,0.8333333333333334,0.001891011903015459,3.644622919370557e-05,61.29411764705883,61.29411764705883,1274,0.9660375346555768,80.06279434850863,0.6351755857467651,0.904,0.09284951974386339,0.003194888178913738,0.3226837060702875,0.3194888178913738,100,0.9803921568627451,57,102,1.0,456,102,1.0,956
2,wee1,rabvs_budgeted_no_ucb,6252,102,0.016314779270633396,1024,102,0.8333333333333334,0.0015893701964792512,2.741467225034504e-05,61.29411764705883,61.29411764705883,1274,0.9660375346555768,80.06279434850863,0.6316176652908325,0.904,0.0926517571884984,0.003194888178913738,0.3226837060702875,0.3194888178913738,100,0.9803921568627451,57,102,1.0,456,102,1.0,956
2,wee1,rabvs_budgeted_random_parts,6252,102,0.016314779270633396,1024,36,0.6388888888888888,0.0024395302740322063,0.0006673989514046055,61.29411764705883,61.29411764705883,1274,0.9660375346555768,79.27786499215071,0.631644070148468,0.905,0.09168443496801706,0.06389776357827476,0.26198083067092653,0.19808306709265178,100,0.9803921568627451,57,101,0.9901960784313726,456,101,0.9901960784313726,956
0,xiap,boba_ucb,5250,100,0.01904761904761905,1024,98,0.8333333333333334,0.004079451307338897,0.0004108530419013661,52.49999999999999,52.49999999999999,1234,0.9608253968253968,81.03727714748784,0.6429207921028137,0.45699999999999996,0.098676293622142,0.022813688212927757,0.35877862595419846,0.3359649377412707,99,0.99,49,100,1.0,344,100,1.0,711
0,xiap,rabvs_budgeted_reliable,5250,100,0.01904761904761905,1024,98,0.8333333333333334,0.004079451307338897,0.0004108530419013661,52.49999999999999,52.49999999999999,1234,0.9608253968253968,81.03727714748784,0.6386960744857788,0.986,0.08855291576673865,0.022813688212927757,0.35877862595419846,0.3359649377412707,99,0.99,49,100,1.0,449,100,1.0,949
0,xiap,rabvs_budgeted_no_ucb,5250,100,0.01904761904761905,1024,100,0.8266666666666667,0.003525990231297823,0.00023251720269392673,52.49999999999999,52.49999999999999,1234,0.9608253968253968,81.03727714748784,0.6340234875679016,0.987,0.08836206896551724,0.022813688212927757,0.35877862595419846,0.3359649377412707,100,1.0,49,100,1.0,449,100,1.0,949
0,xiap,rabvs_budgeted_random_parts,5250,100,0.01904761904761905,1024,28,0.4107142857142857,0.0056715813307285515,0.0007959576141441567,52.49999999999999,52.49999999999999,1234,0.9608253968253968,80.22690437601297,0.6364068388938904,0.979,0.08775731310942579,0.07224334600760456,0.30916030534351147,0.2369169593359069,99,0.99,49,99,0.99,445,99,0.99,945
1,xiap,boba_ucb,5250,100,0.01904761904761905,1024,96,0.8272569444444444,0.00564823456282269,0.0009544917171485357,52.49999999999999,52.49999999999999,1234,0.9608253968253968,81.03727714748784,0.6571229696273804,0.46799999999999997,0.079155672823219,0.026615969581749048,0.3549618320610687,0.32834586247931963,97,0.97,50,100,1.0,313,100,1.0,648
1,xiap,rabvs_budgeted_reliable,5250,100,0.01904761904761905,1024,96,0.8272569444444444,0.00564823456282269,0.0009544917171485357,52.49999999999999,52.49999999999999,1234,0.9608253968253968,80.22690437601297,0.638276219367981,0.978,0.06555555555555556,0.026615969581749048,0.3549618320610687,0.32834586247931963,97,0.97,51,99,0.99,449,99,0.99,949
1,xiap,rabvs_budgeted_no_ucb,5250,100,0.01904761904761905,1024,99,0.803030303030303,0.0010559945504053571,0.0010041132304571744,52.49999999999999,52.49999999999999,1234,0.9608253968253968,76.98541329011346,0.6324896216392517,0.992,0.06070640176600441,0.0076045627376425855,0.35877862595419846,0.35117406321655587,95,0.95,51,95,0.95,451,95,0.95,951
1,xiap,rabvs_budgeted_random_parts,5250,100,0.01904761904761905,1024,24,0.8333333333333334,0.0011073616140052452,0.0010336913122011289,52.49999999999999,52.49999999999999,1234,0.9608253968253968,76.17504051863858,0.6393235325813293,0.992,0.060267857142857144,0.07984790874524715,0.2824427480916031,0.20259483934635591,94,0.94,52,94,0.94,452,94,0.94,952
2,xiap,boba_ucb,5250,100,0.01904761904761905,1024,97,0.8333333333333334,0.004600596857507584,0.0004259977307567636,52.49999999999999,52.49999999999999,1234,0.9608253968253968,81.03727714748784,0.6580576300621033,0.47,0.08140947752126367,0.022813688212927757,0.35877862595419846,0.3359649377412707,99,0.99,50,100,1.0,336,100,1.0,668
2,xiap,rabvs_budgeted_reliable,5250,100,0.01904761904761905,1024,97,0.8333333333333334,0.004600596857507584,0.0004259977307567636,52.49999999999999,52.49999999999999,1234,0.9608253968253968,81.03727714748784,0.6350870132446289,0.983,0.07346491228070176,0.022813688212927757,0.35877862595419846,0.3359649377412707,99,0.99,50,100,1.0,448,100,1.0,948
2,xiap,rabvs_budgeted_no_ucb,5250,100,0.01904761904761905,1024,100,0.8333333333333334,0.00343407698341484,0.00020636711770110494,52.49999999999999,52.49999999999999,1234,0.9608253968253968,81.03727714748784,0.6345748901367188,0.986,0.07314410480349345,0.022813688212927757,0.35877862595419846,0.3359649377412707,100,1.0,49,100,1.0,449,100,1.0,949
2,xiap,rabvs_budgeted_random_parts,5250,100,0.01904761904761905,1024,25,0.43666666666666665,0.007221266555426843,0.0008144649799035779,52.49999999999999,52.49999999999999,1234,0.9608253968253968,80.22690437601297,0.6360818147659302,0.972,0.07268722466960352,0.09885931558935361,0.2824427480916031,0.18358343250224946,98,0.98,51,99,0.99,446,99,0.99,946
