seed,target,method,ensemble_size,pool_size,active_count,active_ratio_pool,queried_total,queried_hits,AUBC,ECE,Brier,NLL,EF_0.1pct,EF_1pct,BEDROC_alpha20,neural_inferences,inference_saved_ratio,hits_per_1000_inferences,mean_pairwise_cosine_distance_at1000,mean_pairwise_tanimoto_at1000,PAINS_Brenk_free_ratio_at1000,PAINS_free_ratio_at1000,Brenk_free_ratio_at1000,unseen_initial_scaffold_hit_rate_at1000,high_score_high_unc_hit_rate,high_score_low_unc_hit_rate,false_confidence_gap,calib_train_size,calib_calibration_size,calib_test_size,calib_train_positive_count,calib_calibration_positive_count,conformal_residual_q90,conformal_coverage90,risk_coverage_auc,calib_ECE_test,calib_Brier_test,calib_NLL_test,Hit@100,Recall@100,unique_scaffold_count@100,Hit@500,Recall@500,unique_scaffold_count@500,Hit@1000,Recall@1000,unique_scaffold_count@1000
0,aa2ar,boba_ucb,5,32032,482,0.015047452547452548,2560,397,0.7019836272040302,0.4538749170312113,0.2213744959696305,0.6465642512186573,66.4564315352697,66.4564315352697,0.9785672560525811,4096,0.984015984015984,114.013671875,0.5569742321968079,0.12894566063359292,0.688,0.963,0.694,0.4606741573033708,0.052434456928838954,0.2459425717852684,0.19350811485642944,2048,512,29472,318,79,0.8150923955099717,0.9925352877307275,0.48259553619636264,0.46291188942023026,0.22543211129779953,0.6516414047721567,100,0.2074688796680498,100,444,0.921161825726141,499,467,0.9688796680497925,973
0,aa2ar,rabvs_budgeted_no_ucb,5,32032,482,0.015047452547452548,2560,470,0.8049202127659575,0.4539867151996679,0.21837108147138512,0.6341959807569457,66.4564315352697,66.4564315352697,0.9773134855236669,4096,0.984015984015984,115.72265625,0.5668801665306091,0.12288998062221346,0.787,0.971,0.791,0.4673469387755102,0.05118601747815231,0.2484394506866417,0.19725343320848937,2048,512,29472,376,94,0.9136905334082979,0.9999660694896851,0.49304327782417734,0.45874130008002456,0.2175532884926934,0.6262782242278688,100,0.2074688796680498,100,422,0.8755186721991701,499,474,0.983402489626556,984
1,aa2ar,boba_ucb,5,32032,482,0.015047452547452548,2560,408,0.7306985294117647,0.454653878540988,0.22150020864482428,0.6410194484645362,66.4564315352697,66.4564315352697,0.9858385476798249,4096,0.984015984015984,115.234375,0.560131847858429,0.12916513233990634,0.6739999999999999,0.96,0.6779999999999999,0.47401247401247404,0.04931335830212235,0.250936329588015,0.20162297128589263,2048,512,29472,326,82,0.8343357964056284,0.994842562432139,0.4769797069835003,0.465511131351222,0.22754083406920572,0.6522919437181769,100,0.2074688796680498,100,442,0.91701244813278,498,472,0.979253112033195,957
1,aa2ar,rabvs_budgeted_no_ucb,5,32032,482,0.015047452547452548,2560,473,0.7980972515856237,0.45406248464533655,0.2190555795245643,0.6365572982741452,66.4564315352697,66.4564315352697,0.9822333673652219,4096,0.984015984015984,116.69921875,0.5714520812034607,0.12217547939743012,0.757,0.97,0.76,0.47530864197530864,0.05305867665418227,0.24656679151061173,0.19350811485642946,2048,512,29472,378,95,0.9296675566504049,0.9998982084690554,0.4919212985297529,0.4597768115316029,0.21885805167768208,0.6289381380586355,100,0.2074688796680498,100,420,0.8713692946058091,499,478,0.991701244813278,985
2,aa2ar,boba_ucb,5,32032,482,0.015047452547452548,2560,412,0.7099514563106796,0.4546389775447561,0.22192914542112127,0.6429330703745446,66.4564315352697,66.4564315352697,0.9832099585787694,4096,0.984015984015984,114.501953125,0.5571829080581665,0.13020289977168342,0.6839999999999999,0.953,0.69,0.4650924024640657,0.05493133583021224,0.24531835205992508,0.19038701622971285,2048,512,29472,330,82,0.7972997020593542,0.992399565689468,0.4809166594166664,0.4656363659636869,0.22766897425233898,0.6528585489007819,100,0.2074688796680498,100,447,0.9273858921161826,500,469,0.9730290456431535,957
2,aa2ar,rabvs_budgeted_no_ucb,5,32032,482,0.015047452547452548,2560,472,0.7993908898305084,0.4541150943351516,0.2190785084846728,0.6370920999231159,66.4564315352697,66.4564315352697,0.9782300953053505,4096,0.984015984015984,116.455078125,0.569700300693512,0.12250683390024841,0.771,0.973,0.774,0.46992864424057085,0.05368289637952559,0.2459425717852684,0.19225967540574282,2048,512,29472,378,94,0.946467368010289,0.9999660694896851,0.4903872021901304,0.45907636612524866,0.21823693287935114,0.6275208248704466,100,0.2074688796680498,100,408,0.8464730290456431,500,477,0.9896265560165975,975
0,abl1,boba_ucb,5,10932,182,0.01664837175265276,2560,165,0.7924242424242425,0.45004576271044155,0.22045245315439763,0.6478795638616857,60.065934065934066,60.065934065934066,0.9725152978905917,3072,0.964873765093304,58.268229166666664,0.6108976006507874,0.10650722426464965,0.556,0.929,0.585,0.17139852786540483,0.04936014625228519,0.27787934186471663,0.22851919561243145,2048,512,8372,132,33,0.6954273229021132,0.9857859531772575,0.48115798467191684,0.4674592868426172,0.2297899048621433,0.6581394067501974,100,0.5494505494505495,100,177,0.9725274725274725,486,179,0.9835164835164835,939
0,abl1,rabvs_budgeted_no_ucb,5,10932,182,0.01664837175265276,2560,179,0.8421787709497207,0.44902768227587864,0.21767527118437002,0.6458066176845443,60.065934065934066,59.51487045065027,0.9637984836361801,3072,0.964873765093304,58.919270833333336,0.6085346341133118,0.10753386050100178,0.751,0.959,0.764,0.171875,0.06398537477148081,0.2687385740402194,0.20475319926873858,2048,512,8372,143,36,0.8210691759355666,0.9997611084567606,0.4777624089461639,0.4513513858596838,0.21156833077241288,0.6139563891327057,100,0.5494505494505495,100,179,0.9835164835164835,489,181,0.9945054945054945,983
1,abl1,boba_ucb,5,10932,182,0.01664837175265276,2560,162,0.8503086419753086,0.45091416115091887,0.22096849563347587,0.6427659518501622,60.065934065934066,60.065934065934066,0.9515987817658119,3072,0.964873765093304,56.640625,0.615281879901886,0.1040497053239351,0.5469999999999999,0.92,0.573,0.1649269311064718,0.0603290676416819,0.2595978062157221,0.1992687385740402,2048,512,8372,130,32,0.6968447300068523,0.985188724319159,0.48333193232272903,0.47000328156638127,0.23286236575686337,0.6618608252068257,100,0.5494505494505495,100,173,0.9505494505494505,481,174,0.9560439560439561,928
1,abl1,rabvs_budgeted_no_ucb,5,10932,182,0.01664837175265276,2560,176,0.8430397727272727,0.44959342377691774,0.21655381914945737,0.6372840043601471,60.065934065934066,58.96380683536647,0.9521441294539451,3072,0.964873765093304,57.6171875,0.6036454439163208,0.11032376857256943,0.833,0.983,0.841,0.16546762589928057,0.062157221206581355,0.26508226691042047,0.20292504570383912,2048,512,8372,141,35,0.7132142563907138,0.999641662685141,0.48800400546618367,0.4559125047238631,0.21534399662019968,0.6214256286972701,100,0.5494505494505495,100,177,0.9725274725274725,490,177,0.9725274725274725,985
2,abl1,boba_ucb,5,10932,182,0.01664837175265276,2560,159,0.8254716981132075,0.4513497727104341,0.22277074701682442,0.647138789446131,60.065934065934066,60.065934065934066,0.946272203913714,3072,0.964873765093304,56.966145833333336,0.6089409589767456,0.10560734128589966,0.54,0.924,0.565,0.1695095948827292,0.07312614259597806,0.24680073126142596,0.17367458866544788,2048,512,8372,127,32,0.6548361311176076,0.962852365026278,0.47685981693140206,0.4743048238126507,0.23825491002428995,0.6778574344068787,100,0.5494505494505495,100,170,0.9340659340659341,478,175,0.9615384615384616,920
2,abl1,rabvs_budgeted_no_ucb,5,10932,182,0.01664837175265276,2560,176,0.84375,0.44999292637005983,0.21758824848629468,0.6393782004380713,60.065934065934066,58.96380683536647,0.956724299887472,3072,0.964873765093304,57.942708333333336,0.6041758060455322,0.10935466177672015,0.7989999999999999,0.963,0.808,0.16752843846949328,0.051188299817184646,0.2760511882998172,0.22486288848263253,2048,512,8372,141,35,0.7494139496657762,0.9997611084567606,0.477570272453058,0.45527027581590573,0.21507080443269647,0.6208019368788387,100,0.5494505494505495,100,176,0.967032967032967,492,178,0.978021978021978,985
0,ace,boba_ucb,5,17182,282,0.016412524735187988,2560,273,0.8592032967032966,0.45261037699874274,0.21846299210213294,0.6256631297324156,60.92907801418439,60.92907801418439,0.9961135674621248,3328,0.9757886159934815,84.43509615384616,0.5429765582084656,0.12274504252890928,0.46199999999999997,0.974,0.46599999999999997,0.29227323628219487,0.010465116279069767,0.31664726426076834,0.30618214798169857,2048,512,14622,218,55,0.6080108532363756,0.949322938038572,0.499884722283084,0.470565643429223,0.23054922926445343,0.653329423866323,100,0.3546099290780142,100,281,0.9964539007092199,452,281,0.9964539007092199,795
0,ace,rabvs_budgeted_no_ucb,5,17182,282,0.016412524735187988,2560,282,0.867686170212766,0.4524499466346381,0.21594058189885906,0.6205204641545126,60.92907801418439,58.09516740887349,0.9933981412208283,3328,0.9757886159934815,84.73557692307693,0.5562670826911926,0.12470493608564504,0.757,0.988,0.758,0.2692702980472765,0.013953488372093023,0.31431897555296856,0.3003654871808755,2048,512,14622,226,56,0.628069267121677,0.9896730953357954,0.5093485982669196,0.46346001513044544,0.22161889975020213,0.6344584667347799,92,0.3262411347517731,100,282,1.0,496,282,1.0,980
1,ace,boba_ucb,5,17182,282,0.016412524735187988,2560,273,0.8704212454212454,0.45261959485369424,0.22015925750085394,0.6309670849324369,60.92907801418439,60.92907801418439,0.9978328927097382,3328,0.9757886159934815,84.43509615384616,0.5511549115180969,0.118589042181372,0.44499999999999995,0.973,0.44899999999999995,0.2927374301675978,0.013937282229965157,0.313953488372093,0.3000162061421279,2048,512,14622,218,55,0.6051212049022286,0.9161537409383121,0.5028353896864585,0.47464264260255085,0.23581304322594987,0.6669860213585035,100,0.3546099290780142,100,281,0.9964539007092199,464,281,0.9964539007092199,797
1,ace,rabvs_budgeted_no_ucb,5,17182,282,0.016412524735187988,2560,280,0.8714285714285714,0.45251142401361855,0.21564305273011092,0.6193677067918457,60.92907801418439,59.8663615371928,0.9928452821067665,3328,0.9757886159934815,84.43509615384616,0.5456394553184509,0.12997022391149327,0.778,0.992,0.779,0.26789366053169733,0.015116279069767442,0.3119906868451688,0.29687440777540136,2048,512,14622,224,56,0.6287222315260943,0.9881685131992888,0.5063612455296287,0.46350914983632296,0.2217441014184593,0.6346930297823601,97,0.34397163120567376,100,280,0.9929078014184397,495,281,0.9964539007092199,975
2,ace,boba_ucb,5,17182,282,0.016412524735187988,2560,275,0.8545454545454545,0.4528347899759792,0.22003487448486844,0.629529918739225,60.92907801418439,60.92907801418439,0.9950047132053442,3328,0.9757886159934815,84.13461538461539,0.5603097677230835,0.11548052909051554,0.41600000000000004,0.972,0.42000000000000004,0.2830601092896175,0.013937282229965157,0.3135198135198135,0.29958253128984835,2048,512,14622,220,55,0.601733383140905,0.9221720694843387,0.49749028676908275,0.47346263661165866,0.23413115524056488,0.6623369553817194,100,0.3546099290780142,100,280,0.9929078014184397,463,280,0.9929078014184397,825
2,ace,rabvs_budgeted_no_ucb,5,17182,282,0.016412524735187988,2560,282,0.8692375886524822,0.4525096491290131,0.2160485602527166,0.6205045970752351,60.92907801418439,58.80364506020122,0.9949115183835451,3328,0.9757886159934815,84.73557692307693,0.5549111366271973,0.12687472589581794,0.756,0.99,0.757,0.2674897119341564,0.018604651162790697,0.309662398137369,0.2910577469745783,2048,512,14622,226,56,0.6492587452387959,0.9973327862125564,0.502890399699149,0.46294255237852666,0.22114964616185237,0.6333442834215164,94,0.3333333333333333,100,282,1.0,496,282,1.0,984
0,aces,boba_ucb,5,26703,453,0.016964386024042242,2560,351,0.7272079772079773,0.4531076521515492,0.22470167618161566,0.654184006843045,58.94701986754967,58.94701986754967,0.9315838141659692,3840,0.9820244916301539,108.33333333333334,0.6038133502006531,0.11329790252621563,0.367,0.926,0.388,0.41867785939139557,0.07260479041916168,0.2524344569288389,0.17982966650967724,2048,512,24143,281,70,0.7656812950699721,0.9859172430932361,0.48438282520121717,0.4659330130182348,0.23149727997877312,0.6647725936459027,100,0.22075055187637968,100,386,0.8520971302428256,487,416,0.9183222958057395,932
0,aces,rabvs_budgeted_no_ucb,5,26703,453,0.016964386024042242,2560,425,0.7917647058823529,0.45274602531130825,0.22013621141886766,0.6396832673836271,58.94701986754967,49.45367958925516,0.9459741100326793,3840,0.9820244916301539,112.23958333333334,0.6041163802146912,0.11293088965602738,0.47,0.9410000000000001,0.483,0.43005181347150256,0.08083832335329341,0.251685393258427,0.17084706990513357,2048,512,24143,340,85,0.862743384865272,0.9999585801267448,0.4935577802982437,0.4567326551701335,0.2172567065994034,0.6249486983340807,95,0.2097130242825607,100,420,0.9271523178807947,500,431,0.9514348785871964,962
1,aces,boba_ucb,5,26703,453,0.016964386024042242,2560,331,0.7956948640483383,0.453840463475493,0.2253691433638903,0.6519022211766335,58.94701986754967,58.94701986754967,0.9341660582697613,3840,0.9820244916301539,107.03125,0.6076709032058716,0.1142194870397637,0.371,0.928,0.387,0.41368421052631577,0.09131736526946108,0.23595505617977527,0.1446376909103142,2048,512,24143,265,66,0.6941088372934776,0.9759350536387359,0.48452044135649813,0.46592673257521644,0.23150883814323509,0.662408556095468,100,0.22075055187637968,100,387,0.8543046357615894,488,411,0.9072847682119205,907
1,aces,rabvs_budgeted_no_ucb,5,26703,453,0.016964386024042242,2560,425,0.7898529411764705,0.45265130624663147,0.21984034969492774,0.6379782722525821,58.94701986754967,50.55755636580103,0.9479851754440176,3840,0.9820244916301539,112.76041666666667,0.6083297729492188,0.11114398927966151,0.489,0.942,0.501,0.43243243243243246,0.07035928143712575,0.2614232209737828,0.19106393953665704,2048,512,24143,340,85,0.8840557039924151,0.9999171602534896,0.4983093483075348,0.45598153859155416,0.21664339075972794,0.6239873517278496,95,0.2097130242825607,100,421,0.9293598233995585,500,433,0.9558498896247241,963
2,aces,boba_ucb,5,26703,453,0.016964386024042242,2560,358,0.7543645251396648,0.4522580740580277,0.22323172943010164,0.652523604416107,58.94701986754967,58.94701986754967,0.9593803486867591,3840,0.9820244916301539,111.97916666666667,0.5949050784111023,0.12023989958566006,0.357,0.916,0.379,0.43020833333333336,0.08532934131736528,0.24868913857677902,0.16335979725941374,2048,512,24143,286,72,0.7800684177007322,0.9872012591641469,0.4794811481399122,0.4604220553169632,0.22572571934240682,0.6520789869658166,100,0.22075055187637968,100,403,0.8896247240618101,493,430,0.9492273730684326,942
2,aces,rabvs_budgeted_no_ucb,5,26703,453,0.016964386024042242,2560,423,0.7934397163120568,0.4526412748235958,0.219953601853239,0.6391794796866472,58.94701986754967,48.57057816801846,0.9408576472617516,3840,0.9820244916301539,112.5,0.6071838140487671,0.11051763185668351,0.488,0.946,0.501,0.4310880829015544,0.07260479041916168,0.25767790262172285,0.18507311220256117,2048,512,24143,338,85,0.8864639724242901,0.9999171602534896,0.49401222970364694,0.45703836211683396,0.2175285359993284,0.6257681329435313,94,0.20750551876379691,100,419,0.9249448123620309,500,432,0.9536423841059603,967
0,ada,boba_ucb,5,5543,93,0.016777918094894463,2560,93,0.8716397849462365,0.4472596889547384,0.21052961978394508,0.609101554299158,59.6021505376344,59.6021505376344,0.9999999999999862,2781,0.9372857658307776,33.441208198489754,0.6606593132019043,0.10163636647749741,0.513,0.961,0.532,0.07285714285714286,0.0035971223021582736,0.33212996389891697,0.3285328415967587,2048,512,2983,74,19,0.6145692899917978,0.9668119342943345,0.4975046547986958,0.4784630310744261,0.23385063723095414,0.6605173192609762,93,1.0,50,93,1.0,372,93,1.0,677
0,ada,rabvs_budgeted_no_ucb,5,5543,93,0.016777918094894463,2560,93,0.8716397849462365,0.44743129324361997,0.21090006808027054,0.6096262308987401,59.6021505376344,58.51847507331378,0.9974203741740291,2781,0.9372857658307776,33.441208198489754,0.6688202619552612,0.09880023293322682,0.833,0.99,0.838,0.06296296296296296,0.0035971223021582736,0.33212996389891697,0.3285328415967587,2048,512,2983,74,19,0.6187237352502707,0.9775393898759638,0.5058071377588965,0.48080348348062524,0.23589846707849635,0.6643998949036218,93,1.0,50,93,1.0,429,93,1.0,814
1,ada,boba_ucb,5,5543,93,0.016777918094894463,2560,92,0.875,0.44729793854960265,0.21080548251873715,0.6099512914725739,59.6021505376344,59.6021505376344,0.9950331606013066,2781,0.9372857658307776,33.441208198489754,0.6613823771476746,0.10107720821902533,0.526,0.968,0.5349999999999999,0.06392045454545454,0.007194244604316547,0.3285198555956679,0.3213256109913513,2048,512,2983,74,18,0.6087053343281489,0.9567549446865572,0.49697910303308207,0.4791522664458529,0.2354196807332344,0.6642992845586794,92,0.989247311827957,50,93,1.0,383,93,1.0,697
1,ada,rabvs_budgeted_no_ucb,5,5543,93,0.016777918094894463,2560,93,0.8729838709677419,0.44725743521536065,0.2106695094985184,0.6098596041760084,59.6021505376344,57.43479960899315,0.9941017004495257,2781,0.9372857658307776,33.441208198489754,0.6688629984855652,0.09937029750867188,0.817,0.991,0.8220000000000001,0.05447941888619855,0.007194244604316547,0.3285198555956679,0.3213256109913513,2048,512,2983,74,19,0.6233655420700103,0.9859202145491116,0.501568610398824,0.47776826113190335,0.23285653427179517,0.6581665868783059,93,1.0,50,93,1.0,439,93,1.0,847
2,ada,boba_ucb,5,5543,93,0.016777918094894463,2560,92,0.875,0.4473992738264302,0.21112476726722207,0.6102613804302999,59.6021505376344,59.6021505376344,0.9942591952756367,2781,0.9372857658307776,33.441208198489754,0.6629195809364319,0.10015268344271155,0.532,0.956,0.5489999999999999,0.06531204644412192,0.01079136690647482,0.3249097472924188,0.314118380385944,2048,512,2983,74,18,0.6184411003734086,0.9611129735165941,0.5039680906378006,0.48246083605404033,0.23853127456994971,0.6700190994221086,92,0.989247311827957,50,93,1.0,353,93,1.0,675
2,ada,rabvs_budgeted_no_ucb,5,5543,93,0.016777918094894463,2560,93,0.8716397849462365,0.4473636053233148,0.21056468120546978,0.6089140565332967,59.6021505376344,58.51847507331378,0.9985219487343093,2781,0.9372857658307776,33.441208198489754,0.6654344797134399,0.09983926524126197,0.821,0.985,0.8260000000000001,0.055487053020961775,0.0035971223021582736,0.33212996389891697,0.3285328415967587,2048,512,2983,74,19,0.61778264255024,0.9825678846798525,0.501796998675105,0.4784577793596652,0.23369599340904973,0.6598491939916178,93,1.0,50,93,1.0,436,93,1.0,839
0,ada17,boba_ucb,5,36432,532,0.014602547211242864,2560,416,0.7346754807692307,0.4549492660793712,0.22071451544821677,0.637404622406073,68.4812030075188,68.4812030075188,0.9961279757768606,4352,0.9850680720245938,122.01286764705883,0.5112380385398865,0.15749349589991635,0.242,0.952,0.254,0.5306971904266389,0.027442371020856202,0.2645444566410538,0.2371020856201976,2048,512,33872,333,83,0.7265047383373443,0.9914383561643836,0.48245464071092914,0.46447723815618125,0.2260416381158962,0.6490917426688266,100,0.18796992481203006,100,497,0.9342105263157895,500,531,0.9981203007518797,926
0,ada17,rabvs_budgeted_no_ucb,5,36432,532,0.014602547211242864,2560,528,0.8051609848484849,0.4547772369789412,0.21859182650377076,0.6291308585680728,41.849624060150376,63.21341816078658,0.9824795435188957,4352,0.9850680720245938,122.01286764705883,0.5100220441818237,0.15182431510723082,0.40800000000000003,0.976,0.41200000000000003,0.5220061412487206,0.03293084522502744,0.25905598243688255,0.22612513721185512,2048,512,33872,422,106,0.7541313962498309,0.9994981105337742,0.4882188623783529,0.4633743789170559,0.22224321654272938,0.6356116821338627,72,0.13533834586466165,99,472,0.8872180451127819,499,531,0.9981203007518797,981
1,ada17,boba_ucb,5,36432,532,0.014602547211242864,2560,405,0.8001543209876543,0.45556571419005487,0.22165453581531758,0.6376027391807291,68.4812030075188,68.4812030075188,0.9876481796862212,4352,0.9850680720245938,119.94485294117648,0.5106023550033569,0.15349415126568122,0.248,0.946,0.259,0.5311510031678986,0.04278661546900713,0.24753018660812295,0.20474357113911582,2048,512,33872,324,81,0.6752160988130352,0.9858290033065659,0.48424168957188907,0.4665975457478669,0.2284385705947471,0.6534545325132438,100,0.18796992481203006,100,488,0.9172932330827067,500,522,0.981203007518797,928
1,ada17,rabvs_budgeted_no_ucb,5,36432,532,0.014602547211242864,2560,527,0.8041982922201139,0.4547403543795471,0.21831601067225778,0.6293704609772489,41.849624060150376,63.025282987688996,0.981569046460569,4352,0.9850680720245938,122.01286764705883,0.5108490586280823,0.15202101040949056,0.384,0.967,0.391,0.5267489711934157,0.033479692645444564,0.25850713501646544,0.22502744237102087,2048,512,33872,422,105,0.8368363251957627,0.9998523854511101,0.4935986193676219,0.4627427305810438,0.22110102515471816,0.6334228893472259,71,0.13345864661654136,100,471,0.8853383458646616,500,531,0.9981203007518797,975
2,ada17,boba_ucb,5,36432,532,0.014602547211242864,2560,396,0.7673611111111112,0.4556053488944748,0.22126378157561716,0.6355438542436234,68.4812030075188,68.4812030075188,0.9944510234212153,4352,0.9850680720245938,121.5533088235294,0.5115368366241455,0.15253668605662807,0.245,0.965,0.249,0.5367647058823529,0.045554335894621295,0.24643249176728868,0.20087815587266739,2048,512,33872,317,79,0.6616288706746445,0.9814596126594237,0.48358479196525794,0.4662942940164915,0.22791086697086993,0.6512160937183967,100,0.18796992481203006,100,491,0.9229323308270677,500,529,0.9943609022556391,920
2,ada17,rabvs_budgeted_no_ucb,5,36432,532,0.014602547211242864,2560,528,0.7971117424242424,0.4546135136369785,0.217701369353059,0.6266893424071723,41.849624060150376,64.53036437246963,0.9863828082469857,4352,0.9850680720245938,122.01286764705883,0.5085683465003967,0.15248955273303277,0.41200000000000003,0.975,0.41400000000000003,0.5288659793814433,0.033461327482172246,0.25850713501646544,0.2250458075342932,2048,512,33872,422,106,0.7641602033023754,0.999793339631554,0.4924541199409089,0.4628545032066167,0.22113449775868538,0.6335583218003353,79,0.14849624060150377,100,479,0.900375939849624,500,531,0.9981203007518797,979
0,adrb1,boba_ucb,5,16097,247,0.015344474125613468,2560,223,0.8615470852017937,0.4540867294425145,0.22047094740653925,0.6311858849370022,65.17004048582996,65.17004048582996,0.9757200151418284,3328,0.9741566751568616,72.11538461538461,0.6075976490974426,0.10827530347749437,0.49,0.927,0.517,0.26421800947867297,0.037267080745341616,0.26583850931677017,0.22857142857142854,2048,512,13537,178,45,0.6167763552659663,0.9465908251458964,0.49614771034417343,0.47574071787987937,0.2363963035186268,0.6657834783048024,100,0.4048582995951417,100,239,0.9676113360323887,455,240,0.97165991902834,829
0,adrb1,rabvs_budgeted_no_ucb,5,16097,247,0.015344474125613468,2560,244,0.8383709016393442,0.4534788717020413,0.21887545510909087,0.6310940902908334,65.17004048582996,61.122211884225614,0.9870672814283894,3328,0.9741566751568616,74.21875,0.6145280003547668,0.10670567206665271,0.719,0.956,0.73,0.23958333333333334,0.031055900621118012,0.27577639751552796,0.24472049689440994,2048,512,13537,195,49,0.7149540963043655,0.9997045135554407,0.49073000858326615,0.4642867595761832,0.22323375107243104,0.6376552672861155,90,0.3643724696356275,100,245,0.9919028340080972,490,247,1.0,979
1,adrb1,boba_ucb,5,16097,247,0.015344474125613468,2560,220,0.8576704545454545,0.4537744370982417,0.2211031566267719,0.6338565310771803,65.17004048582996,65.17004048582996,0.9869031207539063,3328,0.9741566751568616,73.3173076923077,0.6070253849029541,0.10758021947347152,0.48,0.899,0.522,0.26218097447795824,0.034782608695652174,0.26956521739130435,0.23478260869565218,2048,512,13537,176,44,0.6409950284499936,0.9637290389303391,0.48458311022337486,0.47325286742666595,0.23459861300028778,0.6652784020089669,100,0.4048582995951417,100,243,0.9838056680161943,472,244,0.9878542510121457,837
1,adrb1,rabvs_budgeted_no_ucb,5,16097,247,0.015344474125613468,2560,246,0.845020325203252,0.4531363798952914,0.21802604519242585,0.629927571177973,65.17004048582996,57.88394900294214,0.9823907532420698,3328,0.9741566751568616,74.21875,0.612208902835846,0.10700886433846957,0.71,0.952,0.723,0.23779854620976115,0.034782608695652174,0.2720496894409938,0.2372670807453416,2048,512,13537,197,49,0.7333994983497921,0.9992612838886016,0.48646386533751257,0.46060559899630565,0.2194232104875971,0.6299708532221167,82,0.3319838056680162,100,246,0.9959514170040485,491,247,1.0,974
2,adrb1,boba_ucb,5,16097,247,0.015344474125613468,2560,225,0.8625,0.4539707723486236,0.22102644577804492,0.635110264188815,65.17004048582996,65.17004048582996,0.969583387754465,3328,0.9741566751568616,72.11538461538461,0.6021234393119812,0.1101334214255536,0.45599999999999996,0.901,0.492,0.2554410080183276,0.03229813664596273,0.26956521739130435,0.2372670807453416,2048,512,13537,180,45,0.6151312330796632,0.9395730220876117,0.4985673510877583,0.4738824156338191,0.2351723446598344,0.6660021550359528,100,0.4048582995951417,100,235,0.951417004048583,467,240,0.97165991902834,855
2,adrb1,rabvs_budgeted_no_ucb,5,16097,247,0.015344474125613468,2560,242,0.8427169421487604,0.4533942258134293,0.21786065369469412,0.6280957642187124,65.17004048582996,61.93177760454649,0.9830255889294514,3328,0.9741566751568616,73.61778846153847,0.6151944994926453,0.10558974339718585,0.729,0.966,0.739,0.2372528616024974,0.034782608695652174,0.2708074534161491,0.23602484472049692,2048,512,13537,194,48,0.6861905733883222,0.999113540666322,0.4921897252970818,0.4638788225402969,0.22227583560945957,0.6358519593069857,92,0.3724696356275304,100,243,0.9838056680161943,492,245,0.9919028340080972,986
0,adrb2,boba_ucb,5,15231,231,0.015166436872168603,2560,209,0.8525717703349283,0.4544259468111714,0.221974693166254,0.6384856828904446,65.93506493506494,65.93506493506494,0.9828766785015207,3328,0.9726872825159215,69.4110576923077,0.6182891130447388,0.10330136818476299,0.486,0.935,0.51,0.24225028702640644,0.045931758530183726,0.2572178477690289,0.21128608923884518,2048,512,12671,167,42,0.6488213403680178,0.9741930392234236,0.4958268512945645,0.47391833361102736,0.2352226833868345,0.6671695916881152,100,0.4329004329004329,100,226,0.9783549783549783,464,231,1.0,840
0,adrb2,rabvs_budgeted_no_ucb,5,15231,231,0.015166436872168603,2560,228,0.8478618421052632,0.45420335275052487,0.2202892471071656,0.6345129413472366,65.93506493506494,59.42831510594669,0.9807429569081485,3328,0.9726872825159215,69.11057692307693,0.6222017407417297,0.10207315729748423,0.726,0.958,0.737,0.219435736677116,0.03674540682414698,0.2664041994750656,0.22965879265091863,2048,512,12671,182,46,0.7090943071844008,0.9988161944597901,0.4925322751488014,0.4651604079242182,0.22458141427381847,0.6403079988973629,85,0.36796536796536794,99,229,0.9913419913419913,484,230,0.9956709956709957,977
1,adrb2,boba_ucb,5,15231,231,0.015166436872168603,2560,216,0.8674768518518519,0.4542085712811648,0.2217942963839872,0.6373509688861264,65.93506493506494,65.93506493506494,0.9767448866326371,3328,0.9726872825159215,68.20913461538461,0.6094778180122375,0.1094642322628806,0.44699999999999995,0.916,0.477,0.2409778812572759,0.026246719160104987,0.27296587926509186,0.24671916010498687,2048,512,12671,173,43,0.6558494163384396,0.9734827558992976,0.49280267589390003,0.4760080178991876,0.23714160788097438,0.6696451949689143,100,0.4329004329004329,100,223,0.9653679653679653,445,227,0.9826839826839827,822
1,adrb2,rabvs_budgeted_no_ucb,5,15231,231,0.015166436872168603,2560,226,0.8531526548672567,0.45415887877220357,0.21914027315032955,0.6303819566768978,65.93506493506494,62.03101503759399,0.9826246296072867,3328,0.9726872825159215,68.81009615384616,0.6193029284477234,0.1028731669827696,0.736,0.963,0.746,0.21680497925311204,0.03805774278215223,0.2650918635170604,0.22703412073490814,2048,512,12671,181,45,0.713944547514962,0.999526477783916,0.4972439465026765,0.4652473904397815,0.22420015636289573,0.6395677387943194,91,0.3939393939393939,100,229,0.9913419913419913,485,229,0.9913419913419913,975
2,adrb2,boba_ucb,5,15231,231,0.015166436872168603,2560,218,0.8334288990825688,0.454422553636295,0.22240097957373017,0.6388248958777026,65.93506493506494,65.93506493506494,0.978843384886335,3328,0.9726872825159215,68.20913461538461,0.6034662127494812,0.1092510854240244,0.47,0.923,0.494,0.23885714285714285,0.031496062992125984,0.2677165354330709,0.2362204724409449,2048,512,12671,174,44,0.6310411614995718,0.9584089653539578,0.49695666699099883,0.4767423547795136,0.2377066201571957,0.6705214788496822,100,0.4329004329004329,100,224,0.9696969696969697,445,227,0.9826839826839827,854
2,adrb2,rabvs_budgeted_no_ucb,5,15231,231,0.015166436872168603,2560,228,0.8423793859649122,0.45397594867385177,0.21981935383303736,0.6344283216605002,65.93506493506494,60.29588174982912,0.982136851770596,3328,0.9726872825159215,69.11057692307693,0.6254875063896179,0.10116570540107483,0.72,0.961,0.731,0.2231578947368421,0.04330708661417323,0.25984251968503935,0.21653543307086612,2048,512,12671,182,46,0.7379431071153314,0.9994475574145687,0.4964474561426,0.46520192218064843,0.2242223916488207,0.6396285721193665,87,0.37662337662337664,99,229,0.9913419913419913,483,230,0.9956709956709957,972
0,akt1,boba_ucb,5,16743,293,0.017499850683867887,2560,274,0.8042883211678832,0.44854976198531943,0.21647346368170242,0.6278638904102631,57.143344709897605,57.143344709897605,0.9752452276563937,3328,0.9751537956160784,85.33653846153847,0.6196759343147278,0.10653972534048572,0.5920000000000001,0.949,0.605,0.28525641025641024,0.0405727923627685,0.3058542413381123,0.2652814489753438,2048,512,14183,219,55,0.6989509760096538,0.9905520693788338,0.47373358014786227,0.4671474984399785,0.22774095360808125,0.6502558346921979,100,0.3412969283276451,100,281,0.9590443686006825,480,284,0.9692832764505119,901
0,akt1,rabvs_budgeted_no_ucb,5,16743,293,0.017499850683867887,2560,281,0.8505338078291815,0.4485539331902287,0.21381831098886553,0.6179872553136343,57.143344709897605,57.143344709897605,0.9667675398531108,3328,0.9751537956160784,84.73557692307693,0.6200627088546753,0.10666293449680109,0.898,0.992,0.9,0.27170582226762,0.03579952267303103,0.3106332138590203,0.27483369118598927,2048,512,14183,225,56,0.6634873385689602,0.9976027638722414,0.4731746982551177,0.46312401715803514,0.2222971569044962,0.6355970301515593,100,0.3412969283276451,100,281,0.9590443686006825,495,282,0.962457337883959,988
1,akt1,boba_ucb,5,16743,293,0.017499850683867887,2560,261,0.8007662835249042,0.44874886545556136,0.21650131162404732,0.626468678037638,57.143344709897605,57.143344709897605,0.9659898437987194,3328,0.9751537956160784,84.73557692307693,0.6117441654205322,0.10845354911838578,0.614,0.955,0.627,0.281615302869288,0.0477326968973747,0.2951015531660693,0.2473688562686946,2048,512,14183,209,52,0.6255691885426303,0.9608686455615878,0.47534325661210647,0.4687955281649743,0.23073569579490327,0.6578833459544283,100,0.3412969283276451,100,277,0.9453924914675768,479,282,0.962457337883959,914
1,akt1,rabvs_budgeted_no_ucb,5,16743,293,0.017499850683867887,2560,280,0.846875,0.4485902405969415,0.21414169908614936,0.6187536080552591,57.143344709897605,57.143344709897605,0.9670766406927402,3328,0.9751537956160784,84.73557692307693,0.6181135177612305,0.10746118777787106,0.882,0.992,0.883,0.2714285714285714,0.034606205250596656,0.3118279569892473,0.27722175173865066,2048,512,14183,224,56,0.6537407215937171,0.9947824860748784,0.47472933701294573,0.4636205667854622,0.22288779273603387,0.6368805404477449,100,0.3412969283276451,100,281,0.9590443686006825,497,282,0.962457337883959,988
2,akt1,boba_ucb,5,16743,293,0.017499850683867887,2560,264,0.8354640151515151,0.4488880820730164,0.21639813000451857,0.6244657396834695,57.143344709897605,57.143344709897605,0.9638661249799401,3328,0.9751537956160784,84.43509615384616,0.6103301644325256,0.10951940662802528,0.623,0.966,0.636,0.28055260361317746,0.0405727923627685,0.3010752688172043,0.2605024764544358,2048,512,14183,211,53,0.632557252560273,0.9691179581188747,0.4651967800448414,0.4671699386807389,0.22897895071238952,0.6532978203631101,100,0.3412969283276451,100,277,0.9453924914675768,484,281,0.9590443686006825,918
2,akt1,rabvs_budgeted_no_ucb,5,16743,293,0.017499850683867887,2560,281,0.8565391459074733,0.44848159586072217,0.2139630015109548,0.6186916084141926,57.143344709897605,57.143344709897605,0.967050843369798,3328,0.9751537956160784,84.73557692307693,0.6177855134010315,0.10733266881732595,0.897,0.991,0.9,0.2714285714285714,0.041766109785202864,0.3070489844683393,0.26528287468313644,2048,512,14183,225,56,0.6610043210440554,0.9976732708171755,0.47444279119656674,0.46315867659630267,0.22243342332960994,0.6357843161813059,100,0.3412969283276451,100,281,0.9590443686006825,498,282,0.962457337883959,989
0,akt2,boba_ucb,5,7017,117,0.016673792218896963,2560,116,0.8523706896551724,0.4501675257691333,0.21804505877731067,0.6280288546776469,59.97435897435898,59.97435897435898,0.996976019951637,2816,0.9498361122987031,41.54829545454545,0.6480214595794678,0.0934732021098269,0.526,0.926,0.556,0.11529680365296803,0.039886039886039885,0.2934472934472934,0.25356125356125353,2048,512,4457,93,23,0.6478763307759974,0.9755440879515369,0.4964744556509947,0.48125294714509453,0.24089747313850454,0.6758253598992569,100,0.8547008547008547,100,117,1.0,449,117,1.0,831
0,akt2,rabvs_budgeted_no_ucb,5,7017,117,0.016673792218896963,2560,116,0.869073275862069,0.44969050962243934,0.21557627245097596,0.6230868498689907,59.97435897435898,59.97435897435898,0.9943782583341915,2816,0.9498361122987031,41.54829545454545,0.6490080952644348,0.09599849787766657,0.8,0.969,0.813,0.1073326248671626,0.039886039886039885,0.2934472934472934,0.25356125356125353,2048,512,4457,93,23,0.6430654171974347,0.9856405654027373,0.49720919545558895,0.4677143831247933,0.22710487553784559,0.6455410852125845,94,0.8034188034188035,100,117,1.0,489,117,1.0,953
1,akt2,boba_ucb,5,7017,117,0.016673792218896963,2560,116,0.8345905172413793,0.45020611991601817,0.21804613262871322,0.626808262351295,59.97435897435898,59.97435897435898,0.9998777269008655,2816,0.9498361122987031,41.54829545454545,0.6479493975639343,0.09441228530482992,0.53,0.913,0.569,0.11703360370799537,0.03418803418803419,0.29914529914529914,0.26495726495726496,2048,512,4457,93,23,0.6496046914402007,0.9755440879515369,0.4974837563039169,0.48383170416824384,0.24310463030555224,0.6797004966133474,100,0.8547008547008547,100,117,1.0,451,117,1.0,818
1,akt2,rabvs_budgeted_no_ucb,5,7017,117,0.016673792218896963,2560,117,0.8707264957264957,0.44977587554899495,0.21500398546379995,0.6201613971424298,59.97435897435898,59.97435897435898,0.9959091107807134,2816,0.9498361122987031,41.54829545454545,0.6440137624740601,0.09861743126325884,0.8220000000000001,0.968,0.838,0.10813704496788008,0.042735042735042736,0.2905982905982906,0.24786324786324787,2048,512,4457,94,23,0.6526893176138708,0.9932690150325331,0.49538254696666917,0.46683458964748037,0.22580508618091952,0.642762099305462,94,0.8034188034188035,100,117,1.0,492,117,1.0,957
2,akt2,boba_ucb,5,7017,117,0.016673792218896963,2560,115,0.8652173913043478,0.4501078211402578,0.2178294416952006,0.6270815260017026,59.97435897435898,59.97435897435898,0.9948399193374148,2816,0.9498361122987031,41.54829545454545,0.6486471891403198,0.09378677118896717,0.521,0.921,0.554,0.11785297549591599,0.03133903133903134,0.301994301994302,0.2706552706552707,2048,512,4457,92,23,0.617836418447668,0.9445815571011892,0.4953620646509394,0.4812609618543335,0.24119350498495012,0.6759004791961111,100,0.8547008547008547,100,117,1.0,442,117,1.0,817
2,akt2,rabvs_budgeted_no_ucb,5,7017,117,0.016673792218896963,2560,117,0.8680555555555556,0.4495783710103567,0.21558213335820683,0.6232455057733861,59.97435897435898,59.97435897435898,0.9918875863832389,2816,0.9498361122987031,41.54829545454545,0.6455250978469849,0.0965932158846613,0.81,0.97,0.825,0.10790598290598291,0.03133903133903134,0.301994301994302,0.2706552706552707,2048,512,4457,94,23,0.6548339115981087,0.991249719542293,0.4922685151835297,0.4684512151218506,0.2273079078651089,0.6460016089331369,88,0.7521367521367521,100,117,1.0,487,117,1.0,953
0,aldr,boba_ucb,5,9159,159,0.017359973796265967,2560,157,0.830015923566879,0.4470735086627542,0.2152072354475972,0.6323773519257835,57.60377358490566,57.60377358490566,0.9993177415397447,3072,0.9580740255486406,51.7578125,0.6440641283988953,0.09631971099222736,0.45599999999999996,0.947,0.46599999999999997,0.16359447004608296,0.05458515283842795,0.2925764192139738,0.23799126637554585,2048,512,6599,126,31,0.729122087209262,0.9871192604940142,0.47968003486690003,0.46629800188665166,0.22604680992427453,0.6519730905098696,100,0.6289308176100629,100,159,1.0,464,159,1.0,864
0,aldr,rabvs_budgeted_no_ucb,5,9159,159,0.017359973796265967,2560,159,0.8647798742138365,0.4470717517249945,0.21257313524016944,0.6248266124183413,57.60377358490566,44.455086136177194,0.9739937335060658,3072,0.9580740255486406,51.7578125,0.6400232315063477,0.09909479134111543,0.756,0.966,0.761,0.15058324496288442,0.05021834061135371,0.29694323144104806,0.24672489082969434,2048,512,6599,127,32,0.7054360014970545,0.9996969237763298,0.48125295792483685,0.4568971750030463,0.2142583273354389,0.6199851239273861,79,0.4968553459119497,100,159,1.0,486,159,1.0,976
1,aldr,boba_ucb,5,9159,159,0.017359973796265967,2560,157,0.82921974522293,0.44685601884449594,0.2147117484726771,0.6319683150733207,57.60377358490566,57.60377358490566,0.9992244513758258,3072,0.9580740255486406,51.7578125,0.6495262384414673,0.09541385636376432,0.41800000000000004,0.944,0.43000000000000005,0.16705882352941176,0.03711790393013101,0.31004366812227074,0.27292576419213976,2048,512,6599,126,31,0.677428901036412,0.9828761933626307,0.4851368549665397,0.46758243303953034,0.22639995043806688,0.647686375297833,100,0.6289308176100629,100,159,1.0,444,159,1.0,829
1,aldr,rabvs_budgeted_no_ucb,5,9159,159,0.017359973796265967,2560,159,0.862814465408805,0.4468584566033552,0.21221857532138497,0.6243006378422835,57.60377358490566,45.707342083675144,0.9764417095184539,3072,0.9580740255486406,51.7578125,0.6376122236251831,0.10033828295355052,0.761,0.967,0.766,0.1488469601677149,0.05021834061135371,0.29694323144104806,0.24672489082969434,2048,512,6599,127,32,0.6986819102373492,0.9996969237763298,0.4794780326552659,0.45646608435970043,0.21371163365278503,0.6188693296550699,81,0.5094339622641509,100,159,1.0,488,159,1.0,979
2,aldr,boba_ucb,5,9159,159,0.017359973796265967,2560,154,0.8380681818181818,0.4473643068283663,0.21536015771981112,0.6316681581323493,57.60377358490566,57.60377358490566,0.9949342742567736,3072,0.9580740255486406,51.7578125,0.6483457088470459,0.09574537692154372,0.42300000000000004,0.9390000000000001,0.43400000000000005,0.1632183908045977,0.05895196506550218,0.28820960698689957,0.2292576419213974,2048,512,6599,123,31,0.6887190615648136,0.9839369601454766,0.48037034231572084,0.4672257806488863,0.22708210385997513,0.6510024759191828,100,0.6289308176100629,100,159,1.0,452,159,1.0,839
2,aldr,rabvs_budgeted_no_ucb,5,9159,159,0.017359973796265967,2560,159,0.8580974842767296,0.4471749206897906,0.21262446036749863,0.6239219379302112,57.60377358490566,47.58572600492207,0.979268402303309,3072,0.9580740255486406,51.7578125,0.6416603326797485,0.09839662423555462,0.762,0.964,0.767,0.14994720168954592,0.07205240174672489,0.27510917030567683,0.20305676855895194,2048,512,6599,127,32,0.7406289986845442,0.9998484618881649,0.4757046443713927,0.4563377259186302,0.2138858328402382,0.6191465279171496,84,0.5283018867924528,100,159,1.0,490,159,1.0,973
0,ampc,boba_ucb,5,2898,48,0.016563146997929608,2560,44,0.8309659090909091,0.4479607781063083,0.22415519653841207,0.6632114533598003,60.37499999999999,60.37499999999999,0.957932919703312,2675,0.8846187025534852,17.94392523364486,0.6579576730728149,0.103512454400431,0.536,0.973,0.538,0.023064250411861616,0.08275862068965517,0.2413793103448276,0.15862068965517243,2048,512,338,35,9,0.6970397024807524,0.9911242603550295,0.5508546902713473,0.5215329466918731,0.28364461559860304,0.7617904318718369,44,0.9166666666666666,69,48,1.0,366,48,1.0,674
0,ampc,rabvs_budgeted_no_ucb,5,2898,48,0.016563146997929608,2560,48,0.83984375,0.44510786738512237,0.2235719841249698,0.6814522913954898,60.37499999999999,31.228448275862068,0.8094149072023686,2675,0.8846187025534852,17.94392523364486,0.6533567309379578,0.1052401599144207,0.744,0.987,0.747,0.021212121212121213,0.07586206896551724,0.25517241379310346,0.17931034482758623,2048,512,338,38,10,0.6914715107955762,0.9940828402366864,0.4832783002259304,0.44632975338641256,0.20705180133638348,0.6047995655025697,35,0.7291666666666666,85,48,1.0,417,48,1.0,776
1,ampc,boba_ucb,5,2898,48,0.016563146997929608,2560,48,0.8372395833333334,0.4470735940795436,0.2271652748484729,0.677456680556791,60.37499999999999,60.37499999999999,0.998198173447068,2675,0.8846187025534852,17.94392523364486,0.6617788672447205,0.10268135219467933,0.5780000000000001,0.981,0.5800000000000001,0.01788617886178862,0.10344827586206896,0.22758620689655173,0.12413793103448277,2048,512,338,38,10,0.7313534062846915,1.0,0.5172837763311836,0.4967311772122327,0.25154230241520625,0.6962774121925527,48,1.0,68,48,1.0,386,48,1.0,694
1,ampc,rabvs_budgeted_no_ucb,5,2898,48,0.016563146997929608,2560,48,0.84375,0.446228503371838,0.22328601791171138,0.6704472806440713,60.37499999999999,29.14655172413793,0.8300697901062021,2675,0.8846187025534852,17.94392523364486,0.6526091694831848,0.10543738051705431,0.739,0.985,0.74,0.01687116564417178,0.10344827586206896,0.22758620689655173,0.12413793103448277,2048,512,338,38,10,0.6735382283622842,1.0,0.4441704527854585,0.4233915414640376,0.18520709064564334,0.559873010192719,40,0.8333333333333334,81,48,1.0,422,48,1.0,796
2,ampc,boba_ucb,5,2898,48,0.016563146997929608,2560,47,0.8643617021276596,0.44619532604226364,0.2248029880253818,0.6755211675185865,60.37499999999999,60.37499999999999,0.9824252202371784,2675,0.8846187025534852,17.94392523364486,0.6518031358718872,0.10566573161796577,0.562,0.973,0.565,0.024834437086092714,0.09655172413793103,0.22758620689655173,0.1310344827586207,2048,512,338,38,9,0.6860067132833393,0.9674556213017751,0.5470936691986658,0.5033045911319224,0.2644442250479048,0.7239921693070169,47,0.9791666666666666,69,48,1.0,369,48,1.0,687
2,ampc,rabvs_budgeted_no_ucb,5,2898,48,0.016563146997929608,2560,48,0.859375,0.44574933231099434,0.222342812605901,0.6705162869483291,60.37499999999999,29.14655172413793,0.8376123424046856,2675,0.8846187025534852,17.94392523364486,0.650520384311676,0.1057242106274835,0.742,0.985,0.744,0.022388059701492536,0.08275862068965517,0.2482758620689655,0.16551724137931034,2048,512,338,38,10,0.750454355114763,1.0,0.4384020791271155,0.41550377582940906,0.17919839704813736,0.5468664740395915,40,0.8333333333333334,78,48,1.0,416,48,1.0,802
0,andr,boba_ucb,5,14619,269,0.01840071140296874,2560,242,0.7071280991735537,0.4467632053612413,0.21695374163955958,0.6456374763225617,54.3457249070632,54.3457249070632,0.9635528846138859,3328,0.9715438812504276,78.72596153846153,0.644575834274292,0.0934145623587257,0.43700000000000006,0.916,0.45699999999999996,0.2679162072767365,0.06976744186046512,0.28864569083447333,0.2188782489740082,2048,512,12059,194,48,0.8083224925570941,0.9930342482792934,0.48295740195567244,0.45717414344484875,0.2180689728230826,0.6338664836021936,100,0.37174721189591076,100,257,0.9553903345724907,468,262,0.9739776951672863,889
0,andr,rabvs_budgeted_no_ucb,5,14619,269,0.01840071140296874,2560,260,0.8050480769230769,0.44674294914080454,0.21455828829713364,0.6373493106742925,54.3457249070632,48.3900290268371,0.9570492120899567,3328,0.9715438812504276,79.32692307692307,0.6382354497909546,0.09406858055353595,0.634,0.931,0.65,0.25843881856540085,0.08755129958960328,0.2777017783857729,0.19015047879616964,2048,512,12059,208,52,0.8529123860645992,0.9990048926113276,0.4813791382028749,0.45082409971235216,0.20949983281118567,0.6111486604080919,100,0.37174721189591076,100,262,0.9739776951672863,475,264,0.9814126394052045,947
1,andr,boba_ucb,5,14619,269,0.01840071140296874,2560,237,0.7655590717299579,0.4464828404093577,0.2162525295641232,0.6457115353676051,54.3457249070632,54.3457249070632,0.9585528649773457,3328,0.9715438812504276,77.82451923076923,0.6397862434387207,0.09340147759506745,0.45499999999999996,0.917,0.476,0.27491408934707906,0.06976744186046512,0.29001367989056087,0.22024623803009574,2048,512,12059,190,47,0.8647309711099697,0.9937805788207977,0.48355140782893197,0.4554363949747598,0.21759127280299714,0.6357131262719646,100,0.37174721189591076,100,252,0.9368029739776952,463,259,0.9628252788104089,842
1,andr,rabvs_budgeted_no_ucb,5,14619,269,0.01840071140296874,2560,257,0.8095817120622568,0.44648778603389455,0.21425909333403959,0.6395177270528358,54.3457249070632,49.13449101186536,0.9412620967075045,3328,0.9715438812504276,78.42548076923077,0.6398952007293701,0.09275155201252294,0.6599999999999999,0.946,0.675,0.2563559322033898,0.07523939808481532,0.2859097127222982,0.21067031463748287,2048,512,12059,206,51,0.8413730297312626,1.0,0.484801028269573,0.44922284967144815,0.20802659161503426,0.6074873387502623,100,0.37174721189591076,100,256,0.9516728624535316,472,261,0.9702602230483272,953
2,andr,boba_ucb,5,14619,269,0.01840071140296874,2560,238,0.7633928571428571,0.4459768952590361,0.21664792835324206,0.6500237660731544,54.3457249070632,54.3457249070632,0.9714584803330528,3328,0.9715438812504276,79.62740384615384,0.6483258605003357,0.09315539351811919,0.43999999999999995,0.907,0.46699999999999997,0.28225806451612906,0.07797537619699042,0.2872777017783858,0.2093023255813954,2048,512,12059,190,48,0.893018623360476,0.9910440335019488,0.4782467739883943,0.4537826349710054,0.21694475843209335,0.6404801297848267,100,0.37174721189591076,100,258,0.9591078066914498,466,265,0.9851301115241635,865
2,andr,rabvs_budgeted_no_ucb,5,14619,269,0.01840071140296874,2560,264,0.8072916666666666,0.4464311075491206,0.21542531650101324,0.6433286293485453,54.3457249070632,49.13449101186536,0.9522916968136538,3328,0.9715438812504276,79.92788461538461,0.639568567276001,0.09427402096604975,0.599,0.933,0.62,0.2678958785249458,0.08618331053351573,0.27906976744186046,0.19288645690834472,2048,512,12059,211,53,0.8897700886367604,0.9998341487685546,0.47933475171071604,0.4484111329793756,0.20701319123635004,0.6056209592498131,100,0.37174721189591076,100,266,0.9888475836431226,477,266,0.9888475836431226,933
0,aofb,boba_ucb,5,7022,122,0.017373967530618057,2560,112,0.7332589285714286,0.4458855504735952,0.2196555173660991,0.6729103197085877,57.55737704918033,57.55737704918033,0.9590906965493492,2816,0.9498718313870692,43.32386363636364,0.6895356774330139,0.08362366336244376,0.473,0.95,0.486,0.125,0.09659090909090909,0.24786324786324787,0.15127233877233878,2048,512,4462,90,22,0.8679019137964069,0.9941730165844913,0.47050474021684857,0.44826833087121964,0.21068407965169111,0.6207654152357797,99,0.8114754098360656,100,120,0.9836065573770492,467,122,1.0,858
0,aofb,rabvs_budgeted_no_ucb,5,7022,122,0.017373967530618057,2560,120,0.775,0.445192478852416,0.21920534204863754,0.676760535060741,57.55737704918033,34.5344262295082,0.86907843802619,2816,0.9498718313870692,43.32386363636364,0.6794966459274292,0.08695275000705205,0.645,0.956,0.656,0.11358574610244988,0.08238636363636363,0.26495726495726496,0.1825709013209013,2048,512,4462,96,24,0.905439175323483,1.0,0.46325398797913186,0.4373138138614493,0.1966693746891403,0.5841495104251212,43,0.3524590163934426,99,120,0.9836065573770492,470,122,1.0,942
1,aofb,boba_ucb,5,7022,122,0.017373967530618057,2560,106,0.7729952830188679,0.44533018521013135,0.21898535085901027,0.6725698398857236,57.55737704918033,57.55737704918033,0.9570764039115066,2816,0.9498718313870692,42.96875,0.6723292469978333,0.08986156792154598,0.481,0.945,0.496,0.11970979443772672,0.09090909090909091,0.2535612535612536,0.16265216265216267,2048,512,4462,85,21,0.8114727335026442,0.9928283281039892,0.45751489218424574,0.44570095950525634,0.20784943675423243,0.6118798330894079,98,0.8032786885245902,100,119,0.9754098360655737,464,121,0.9918032786885246,859
1,aofb,rabvs_budgeted_no_ucb,5,7022,122,0.017373967530618057,2560,121,0.7985537190082644,0.4455660521804723,0.218720698228619,0.6723824598305055,57.55737704918033,34.5344262295082,0.8883707050586718,2816,0.9498718313870692,43.32386363636364,0.6976759433746338,0.08063254335933612,0.627,0.961,0.64,0.1122334455667789,0.09090909090909091,0.2535612535612536,0.16265216265216267,2048,512,4462,97,24,0.8569015572443436,1.0,0.45341354397256656,0.43571432382832903,0.1947570007375931,0.5803099175780561,44,0.36065573770491804,99,121,0.9918032786885246,470,122,1.0,945
2,aofb,boba_ucb,5,7022,122,0.017373967530618057,2560,110,0.7357954545454546,0.44590469067946287,0.22019269742394856,0.6752832154826847,57.55737704918033,57.55737704918033,0.955161733908085,2816,0.9498718313870692,42.96875,0.6765220761299133,0.08850143931795607,0.46399999999999997,0.9359999999999999,0.485,0.12142857142857143,0.08238636363636363,0.25925925925925924,0.1768728956228956,2048,512,4462,88,22,0.8089510470607282,0.9955177050649933,0.46910681219725475,0.4460899157492113,0.20736512839438967,0.6094337415824805,99,0.8114754098360656,100,117,0.9590163934426229,466,121,0.9918032786885246,871
2,aofb,rabvs_budgeted_no_ucb,5,7022,122,0.017373967530618057,2560,120,0.8067708333333333,0.44520289291721443,0.21900651857640702,0.6755330086108757,57.55737704918033,34.5344262295082,0.8727982462847358,2816,0.9498718313870692,43.32386363636364,0.6768966913223267,0.08792308977842,0.649,0.957,0.6619999999999999,0.11356119073869901,0.08522727272727272,0.2621082621082621,0.1768809893809894,2048,512,4462,96,24,0.8946136294196014,1.0,0.46085058108841487,0.435725154064411,0.195173483976252,0.5810510927719412,43,0.3524590163934426,99,120,0.9836065573770492,472,122,1.0,950
0,bace1,boba_ucb,5,18383,283,0.015394658108034597,2560,257,0.8214980544747081,0.452331106208108,0.22155520708060325,0.6447501612595387,64.95759717314488,64.95759717314488,0.9842509035861716,3584,0.9756296578360442,78.125,0.5937612056732178,0.11464771372745852,0.5880000000000001,0.928,0.609,0.2796610169491525,0.03369565217391304,0.2731229597388466,0.23942730756493355,2048,512,15823,206,51,0.7789034665515585,0.986980977058712,0.4675351989343787,0.46597939317289666,0.2298310426695042,0.6617085748299633,100,0.35335689045936397,100,274,0.9681978798586572,473,280,0.9893992932862191,897
0,bace1,rabvs_budgeted_no_ucb,5,18383,283,0.015394658108034597,2560,276,0.8525815217391305,0.45261097878515505,0.21838964517731668,0.632619819041966,64.95759717314488,64.95759717314488,0.9791607129762941,3584,0.9756296578360442,77.84598214285714,0.584783136844635,0.11373136862897171,0.849,0.978,0.85,0.2694672131147541,0.03695652173913044,0.2687704026115343,0.23181388087240384,2048,512,15823,221,55,0.7597621662485592,1.0,0.47594290162434494,0.46013316057164577,0.21984537797278594,0.6304790238889683,100,0.35335689045936397,100,278,0.9823321554770318,484,279,0.9858657243816255,973
1,bace1,boba_ucb,5,18383,283,0.015394658108034597,2560,258,0.6971899224806202,0.45251922124964455,0.22095120437728943,0.6421662816057344,64.95759717314488,64.95759717314488,0.990588106283809,3584,0.9756296578360442,78.40401785714286,0.5894536375999451,0.11551672603532481,0.5840000000000001,0.9339999999999999,0.604,0.27424400417101147,0.04782608695652174,0.2600652883569097,0.21223920140038793,2048,512,15823,206,52,0.7295725023320778,0.9880553624470707,0.4632369615817653,0.465537328005267,0.22811772706842234,0.6546493420016567,100,0.35335689045936397,100,277,0.9787985865724381,465,281,0.9929328621908127,877
1,bace1,rabvs_budgeted_no_ucb,5,18383,283,0.015394658108034597,2560,280,0.8426339285714286,0.4524709587690398,0.21830943899044108,0.6326840162531154,64.95759717314488,64.95759717314488,0.9849149770517206,3584,0.9756296578360442,78.40401785714286,0.5925163626670837,0.11150303011622487,0.834,0.978,0.838,0.2714138286893705,0.04021739130434782,0.2676822633297062,0.22746487202535837,2048,512,15823,224,56,0.7633480343583279,0.9998736017190166,0.4754587892409797,0.46104297616840323,0.22048784060398105,0.6319435907895784,100,0.35335689045936397,100,280,0.9893992932862191,482,281,0.9929328621908127,972
2,bace1,boba_ucb,5,18383,283,0.015394658108034597,2560,266,0.8014567669172933,0.4524013533287878,0.2215525028391792,0.6431722217578287,64.95759717314488,64.95759717314488,0.9833668190631657,3584,0.9756296578360442,77.84598214285714,0.5868404507637024,0.11494771023934613,0.621,0.955,0.634,0.27150259067357513,0.0391304347826087,0.26550598476605003,0.22637554998344134,2048,512,15823,213,53,0.7294392170676716,0.9852114011249447,0.4618752627874105,0.4662492870433849,0.22977633281530327,0.659251038381662,100,0.35335689045936397,100,274,0.9681978798586572,473,279,0.9858657243816255,879
2,bace1,rabvs_budgeted_no_ucb,5,18383,283,0.015394658108034597,2560,276,0.8297101449275363,0.4526053549816873,0.2183775075941784,0.6336054071113438,64.95759717314488,64.95759717314488,0.978451526489525,3584,0.9756296578360442,77.84598214285714,0.5863900780677795,0.11320279276708134,0.842,0.988,0.843,0.26871794871794874,0.043478260869565216,0.2622415669205658,0.2187633060510006,2048,512,15823,221,55,0.7647945093268916,0.9996840042975416,0.4743024190296178,0.4590219225610509,0.21900735364720594,0.6287628566643605,100,0.35335689045936397,100,277,0.9787985865724381,486,279,0.9858657243816255,970
0,braf,boba_ucb,5,10102,152,0.01504652544050683,2560,146,0.8497431506849316,0.4532875240431913,0.21971195312105662,0.629304808297891,66.46052631578948,66.46052631578948,0.9852093565032297,3072,0.9619877252029301,48.828125,0.6062585711479187,0.10967124004273254,0.606,0.908,0.641,0.1401673640167364,0.019762845849802372,0.27722772277227725,0.2574648769224749,2048,512,7542,117,29,0.6217917707380257,0.9549191195969239,0.4840165809387069,0.4790483742683766,0.23937873470321244,0.6715569262897839,100,0.6578947368421053,100,149,0.9802631578947368,483,150,0.9868421052631579,945
0,braf,rabvs_budgeted_no_ucb,5,10102,152,0.01504652544050683,2560,150,0.8654166666666666,0.4527638880747152,0.21618435091775465,0.6218122966858535,66.46052631578948,66.46052631578948,0.9886109494320843,3072,0.9619877252029301,49.153645833333336,0.6110596656799316,0.11115846501669135,0.908,0.986,0.912,0.13860369609856263,0.021739130434782608,0.27920792079207923,0.25746879035729664,2048,512,7542,120,30,0.6466015470691725,0.994298594537258,0.49116993997978864,0.46607845860965297,0.22471445138494767,0.6406238641243752,100,0.6578947368421053,100,151,0.993421052631579,499,151,0.993421052631579,995
1,braf,boba_ucb,5,10102,152,0.01504652544050683,2560,147,0.8720238095238095,0.45364794286278665,0.22131797959714497,0.6325220269170094,66.46052631578948,66.46052631578948,0.9846604121937157,3072,0.9619877252029301,48.828125,0.6058967113494873,0.10900022827440803,0.628,0.916,0.657,0.13987473903966596,0.017786561264822136,0.27920792079207923,0.2614213595272571,2048,512,7542,118,29,0.6097337860949674,0.9249535932113497,0.47680930089527357,0.48487875365794675,0.24558779701447553,0.6856464320177695,100,0.6578947368421053,100,149,0.9802631578947368,487,150,0.9868421052631579,948
1,braf,rabvs_budgeted_no_ucb,5,10102,152,0.01504652544050683,2560,150,0.86875,0.45282715501219944,0.21614123004692898,0.6218415161195089,66.46052631578948,66.46052631578948,0.990517289330697,3072,0.9619877252029301,49.153645833333336,0.6062573194503784,0.11160880604441492,0.91,0.989,0.915,0.1377551020408163,0.015810276679841896,0.2851485148514851,0.2693382381716432,2048,512,7542,120,30,0.6522072281556931,0.9966852293821268,0.4873609655723476,0.4638045875830176,0.22227448704105823,0.6356784727846441,100,0.6578947368421053,100,151,0.993421052631579,500,151,0.993421052631579,994
2,braf,boba_ucb,5,10102,152,0.01504652544050683,2560,150,0.8679166666666667,0.45301579235407285,0.22013231882208967,0.6325677567908088,66.46052631578948,66.46052631578948,0.9945748662926754,3072,0.9619877252029301,49.153645833333336,0.6053474545478821,0.11046679660481051,0.597,0.921,0.626,0.13989637305699482,0.015810276679841896,0.28316831683168314,0.2673580401518412,2048,512,7542,120,30,0.640325522437313,0.977459559798462,0.4805684699199003,0.4794375267158495,0.23931217856530104,0.6736939975270407,100,0.6578947368421053,100,151,0.993421052631579,488,151,0.993421052631579,946
2,braf,rabvs_budgeted_no_ucb,5,10102,152,0.01504652544050683,2560,151,0.8721026490066225,0.45251609659390213,0.21627818133747068,0.6231471871540164,66.46052631578948,66.46052631578948,0.9904075778757634,3072,0.9619877252029301,49.153645833333336,0.607230007648468,0.11142140868578065,0.894,0.982,0.901,0.13817809621289662,0.015810276679841896,0.28316831683168314,0.2673580401518412,2048,512,7542,121,30,0.6689362692689069,0.9980111376292761,0.49569482563648876,0.46651577009118955,0.224849090957446,0.6408995146260306,100,0.6578947368421053,100,151,0.993421052631579,499,151,0.993421052631579,995
0,cah2,boba_ucb,5,31664,492,0.015538150581101567,2560,328,0.8288871951219512,0.4550803154076489,0.2202815781999539,0.6324223708077771,64.35772357723577,64.35772357723577,0.994563626536063,4096,0.9838302172814553,119.384765625,0.566283643245697,0.12563178699944577,0.386,0.942,0.395,0.5103825136612021,0.046085858585858584,0.2634238787113076,0.21733802012544903,2048,512,29104,262,66,0.6245988741702594,0.9740241891148983,0.49687237317947275,0.4666529511626348,0.22763181871663327,0.6494389466856288,100,0.2032520325203252,100,483,0.9817073170731707,496,489,0.9939024390243902,867
0,cah2,rabvs_budgeted_no_ucb,5,31664,492,0.015538150581101567,2560,488,0.836577868852459,0.45385495317508223,0.2164984159132151,0.6222242926742555,64.35772357723577,63.74865994716729,0.9922405148153269,4096,0.9838302172814553,119.140625,0.5864667892456055,0.1197053610178328,0.651,0.986,0.654,0.48290155440414506,0.020202020202020204,0.28932406822488943,0.2691220480228692,2048,512,29104,390,98,0.6776089884092023,0.9978009895547004,0.5033267156646738,0.4650277330173098,0.22260868140130263,0.6365100747512513,100,0.2032520325203252,100,480,0.975609756097561,499,488,0.991869918699187,984
1,cah2,boba_ucb,5,31664,492,0.015538150581101567,2560,353,0.7935552407932012,0.45501247509514603,0.21985829680295893,0.6301710624082683,64.35772357723577,64.35772357723577,0.9962623400702646,4096,0.9838302172814553,119.62890625,0.564443826675415,0.127108504486118,0.398,0.953,0.404,0.5131578947368421,0.04040404040404041,0.2697409981048642,0.22933695770082377,2048,512,29104,282,71,0.6451592039909302,0.9857407916437603,0.49763164281014066,0.4673444944355065,0.22750258316036479,0.647316987028542,100,0.2032520325203252,100,483,0.9817073170731707,499,490,0.9959349593495935,881
1,cah2,rabvs_budgeted_no_ucb,5,31664,492,0.015538150581101567,2560,489,0.8384458077709611,0.45391910468652635,0.2165512230305563,0.6221955108013133,64.35772357723577,64.15470236721295,0.994108121920002,4096,0.9838302172814553,119.384765625,0.5833869576454163,0.12130527303616878,0.6619999999999999,0.989,0.663,0.48494288681204567,0.02335858585858586,0.28553379658875555,0.2621752107301697,2048,512,29104,391,98,0.6861800595974901,0.9987630566245189,0.4989399067921413,0.4642122910991891,0.2218662542497643,0.6348493992492702,100,0.2032520325203252,100,481,0.9776422764227642,500,489,0.9939024390243902,982
2,cah2,boba_ucb,5,31664,492,0.015538150581101567,2560,308,0.867288961038961,0.4552905444626198,0.22131950655779237,0.6346859511098174,64.35772357723577,64.35772357723577,0.9941980466906305,4096,0.9838302172814553,119.384765625,0.5740280151367188,0.12360680769480303,0.378,0.955,0.385,0.50764192139738,0.06060606060606061,0.2488945041061276,0.188288443500067,2048,512,29104,246,62,0.6044020152443554,0.9484263331500825,0.49413276817979535,0.4681667063186937,0.2300760516227412,0.6553668646816699,100,0.2032520325203252,100,479,0.9735772357723578,497,489,0.9939024390243902,877
2,cah2,rabvs_budgeted_no_ucb,5,31664,492,0.015538150581101567,2560,490,0.8373724489795918,0.4539140624421012,0.21668819069228476,0.6229258825429316,64.35772357723577,63.34261752712164,0.9942714828820184,4096,0.9838302172814553,119.62890625,0.5808382034301758,0.12188902184410177,0.645,0.98,0.648,0.48440748440748443,0.025883838383838384,0.28363866077068856,0.25775482238685016,2048,512,29104,392,98,0.6606010870521091,0.9985225398570643,0.5015154648472339,0.4647596012285082,0.22223092163829083,0.6355691771421494,100,0.2032520325203252,100,480,0.975609756097561,500,490,0.9959349593495935,977
0,casp3,boba_ucb,5,10899,199,0.018258555830810166,2560,186,0.8313172043010753,0.44826459641580546,0.21845220587624833,0.6306960577236137,54.768844221105525,54.768844221105525,0.9918377530377154,3072,0.964767409854115,64.453125,0.6113283634185791,0.10786968203898728,0.546,0.961,0.5549999999999999,0.1929637526652452,0.047706422018348627,0.3174311926605505,0.26972477064220185,2048,512,8339,149,37,0.6321356652001704,0.9547907422952392,0.48176930256949285,0.47341796272302356,0.23698015848729317,0.6724408023206588,100,0.5025125628140703,100,197,0.9899497487437185,484,198,0.9949748743718593,935
0,casp3,rabvs_budgeted_no_ucb,5,10899,199,0.018258555830810166,2560,199,0.8586683417085427,0.4477100849905528,0.21387248573088186,0.6198923753664416,54.768844221105525,54.768844221105525,0.9902920200003884,3072,0.964767409854115,64.77864583333333,0.6024432182312012,0.11233004326481677,0.838,0.988,0.839,0.18840579710144928,0.03853211009174312,0.326605504587156,0.28807339449541286,2048,512,8339,159,40,0.6979882536337368,0.9994004077227485,0.4767741413458286,0.4568688724993953,0.2166336342425592,0.6235574986409197,100,0.5025125628140703,100,199,1.0,493,199,1.0,990
1,casp3,boba_ucb,5,10899,199,0.018258555830810166,2560,187,0.8168449197860963,0.4484016307772467,0.21717899681749955,0.6250459123484342,54.768844221105525,54.768844221105525,0.994726202942841,3072,0.964767409854115,64.77864583333333,0.6069222092628479,0.10909896629553317,0.5609999999999999,0.959,0.5680000000000001,0.19153439153439153,0.03486238532110092,0.3302752293577982,0.29541284403669726,2048,512,8339,150,37,0.6546672243928903,0.9774553303753447,0.47921299923971816,0.47132737868137403,0.23345777748329735,0.6601977250906926,100,0.5025125628140703,100,198,0.9949748743718593,470,199,1.0,931
1,casp3,rabvs_budgeted_no_ucb,5,10899,199,0.018258555830810166,2560,198,0.8522727272727273,0.4477863564764857,0.2133882512051543,0.6178633771336072,54.768844221105525,54.768844221105525,0.9914176165723305,3072,0.964767409854115,64.453125,0.6023072004318237,0.11224632834380921,0.839,0.988,0.839,0.18442622950819673,0.03853211009174312,0.326605504587156,0.28807339449541286,2048,512,8339,158,40,0.6662290672250931,0.9982012231682456,0.4826526961418346,0.45826405722747016,0.21807043837237453,0.6265323526810507,100,0.5025125628140703,100,198,0.9949748743718593,496,198,0.9949748743718593,990
2,casp3,boba_ucb,5,10899,199,0.018258555830810166,2560,185,0.8523648648648648,0.44893165546287156,0.21866123548666833,0.6286563403770966,54.768844221105525,54.768844221105525,0.9743626727672372,3072,0.964767409854115,63.15104166666667,0.6051664352416992,0.10961954528086726,0.514,0.963,0.516,0.1863157894736842,0.03669724770642202,0.3192660550458716,0.28256880733944956,2048,512,8339,148,37,0.6353228169366224,0.9658232401966663,0.4811639001464474,0.4775040503139624,0.23967732507007228,0.6740225387415818,100,0.5025125628140703,100,193,0.9698492462311558,485,194,0.9748743718592965,955
2,casp3,rabvs_budgeted_no_ucb,5,10899,199,0.018258555830810166,2560,198,0.8535353535353535,0.4477915603821203,0.213783021084889,0.6196094048137708,54.768844221105525,54.768844221105525,0.989093855602894,3072,0.964767409854115,64.453125,0.6046054363250732,0.11114474714197142,0.841,0.986,0.842,0.18545081967213115,0.03853211009174312,0.326605504587156,0.28807339449541286,2048,512,8339,158,40,0.6754862026752391,0.998800815445497,0.48278035811622516,0.459424451909556,0.21911232966220676,0.6286713969139776,100,0.5025125628140703,100,198,0.9949748743718593,494,198,0.9949748743718593,992
0,cdk2,boba_ucb,5,28324,474,0.01673492444569976,2560,335,0.6944029850746268,0.4521063624609585,0.22511953562921586,0.6733347406841137,59.755274261603375,59.755274261603375,0.8942793751721739,4096,0.9819234571388222,100.830078125,0.5767881274223328,0.12369197108047836,0.585,0.888,0.626,0.4144050104384134,0.08539167254763586,0.22810734463276836,0.1427156720851325,2048,512,25764,268,67,0.9446450949000625,0.9928194379754697,0.47341749355761203,0.45739548378201234,0.22472894439938515,0.6599606918095551,100,0.2109704641350211,100,365,0.770042194092827,493,413,0.8713080168776371,946
0,cdk2,rabvs_budgeted_no_ucb,5,28324,474,0.01673492444569976,2560,410,0.7106707317073171,0.4525637725221904,0.2230995911648211,0.6620477677077605,59.755274261603375,53.20964351209912,0.8882647763380408,4096,0.9819234571388222,102.783203125,0.5757409930229187,0.12303570089864868,0.646,0.895,0.6839999999999999,0.4188210961737332,0.07904022582921666,0.2387005649717514,0.15966033914253475,2048,512,25764,328,82,0.9862192355058998,1.0,0.4793035233968351,0.450144716612251,0.21310945536056333,0.6182827669155684,100,0.2109704641350211,100,332,0.70042194092827,495,421,0.8881856540084389,969
1,cdk2,boba_ucb,5,28324,474,0.01673492444569976,2560,316,0.6026503164556962,0.4529497085506383,0.22599779370415343,0.6717955647480733,59.755274261603375,59.755274261603375,0.8947479450441842,4096,0.9819234571388222,99.609375,0.5812007784843445,0.12227106632350038,0.581,0.89,0.622,0.40621761658031086,0.08962597035991532,0.2288135593220339,0.13918758896211858,2048,512,25764,253,63,0.926578059209376,0.9930911349169383,0.46635509378862444,0.45980056492025445,0.22681620556115778,0.6606203899354736,100,0.2109704641350211,100,359,0.7573839662447257,492,408,0.8607594936708861,958
1,cdk2,rabvs_budgeted_no_ucb,5,28324,474,0.01673492444569976,2560,415,0.6837349397590361,0.45260497077757805,0.22330319833649798,0.6633356033610694,59.755274261603375,51.73159785898525,0.8948412414700787,4096,0.9819234571388222,104.98046875,0.5775997638702393,0.12280636342758866,0.636,0.906,0.673,0.42768595041322316,0.0748059280169372,0.2443502824858757,0.1695443544689385,2048,512,25764,332,83,0.9904992918535171,0.999844744604875,0.4799201696847278,0.45080497011473086,0.21399609104004094,0.6219873705254304,100,0.2109704641350211,100,317,0.6687763713080169,495,430,0.9071729957805907,976
2,cdk2,boba_ucb,5,28324,474,0.01673492444569976,2560,328,0.7219893292682927,0.45289083998638335,0.2255044743682046,0.6696345113137427,59.755274261603375,59.755274261603375,0.8765662070091376,4096,0.9819234571388222,96.6796875,0.5766480565071106,0.12318951973919867,0.5860000000000001,0.893,0.631,0.39460020768431986,0.07974594213126324,0.2323446327683616,0.15259869063709836,2048,512,25764,262,66,0.9538820395991882,0.9944108057755007,0.4729101576650273,0.4579597736733318,0.2249289187000376,0.6569336937929718,100,0.2109704641350211,100,354,0.7468354430379747,498,396,0.8354430379746836,960
2,cdk2,rabvs_budgeted_no_ucb,5,28324,474,0.01673492444569976,2560,386,0.7636010362694301,0.45328826182759974,0.22246063689138088,0.6550611412534122,59.755274261603375,52.153896617017786,0.852078982917457,4096,0.9819234571388222,97.16796875,0.5737142562866211,0.1237875582423067,0.6639999999999999,0.892,0.7030000000000001,0.39667705088265837,0.07974594213126324,0.2196327683615819,0.13988682623031867,2048,512,25764,309,77,0.9742272057660116,0.999844744604875,0.4824956781559544,0.45398577355592734,0.21682284599872567,0.6248135449763638,100,0.2109704641350211,100,362,0.7637130801687764,494,398,0.8396624472573839,962
0,comt,boba_ucb,5,3891,41,0.010537136982780776,2560,41,0.875,0.4609952237697756,0.22508869732615017,0.6416502514580671,94.90243902439025,94.90243902439025,1.0,2715,0.9127794911333847,15.101289134438307,0.688030481338501,0.08982539364533026,0.517,0.928,0.52,0.010610079575596816,0.010256410256410256,0.2,0.18974358974358976,2048,512,1331,33,8,0.6472921148428638,0.9263711495116453,0.533482071735106,0.5010238277656146,0.2607948958020409,0.7174315294959891,41,1.0,60,41,1.0,374,41,1.0,729
0,comt,rabvs_budgeted_no_ucb,5,3891,41,0.010537136982780776,2560,41,0.875,0.46102935151801466,0.22435951995757836,0.6403370413918995,94.90243902439025,87.60225140712946,0.9906146740980236,2715,0.9127794911333847,15.101289134438307,0.6865290999412537,0.09120570933852135,0.735,0.942,0.737,0.01034928848641656,0.010256410256410256,0.2,0.18974358974358976,2048,512,1331,33,8,0.6473716702909802,0.9699474079639369,0.5210752545242735,0.4904097309243758,0.24758285565937,0.6882685891129103,41,1.0,69,41,1.0,426,41,1.0,817
1,comt,boba_ucb,5,3891,41,0.010537136982780776,2560,41,0.8689024390243902,0.460958642283355,0.22465065245189914,0.6406090824258571,94.90243902439025,94.90243902439025,1.0,2715,0.9127794911333847,15.101289134438307,0.6816549301147461,0.09217963302776278,0.525,0.927,0.53,0.011904761904761904,0.005128205128205128,0.20512820512820512,0.19999999999999998,2048,512,1331,33,8,0.6450399649978934,0.9541697971450037,0.5284897113247697,0.4918800885673098,0.2505333967433297,0.6945115265030258,41,1.0,59,41,1.0,369,41,1.0,738
1,comt,rabvs_budgeted_no_ucb,5,3891,41,0.010537136982780776,2560,41,0.875,0.46107147596236214,0.2249973641555126,0.641736628793251,94.90243902439025,87.60225140712946,0.988454473335808,2715,0.9127794911333847,15.101289134438307,0.6876507997512817,0.09074615772150085,0.716,0.94,0.718,0.011764705882352941,0.005128205128205128,0.20512820512820512,0.19999999999999998,2048,512,1331,33,8,0.6548248575806086,0.9774605559729527,0.5284806515255115,0.5010178396379745,0.2583645396547158,0.7100977266121713,41,1.0,69,41,1.0,432,41,1.0,831
2,comt,boba_ucb,5,3891,41,0.010537136982780776,2560,41,0.875,0.46094031526503076,0.22424079086970578,0.6402068946460582,94.90243902439025,94.90243902439025,1.0,2715,0.9127794911333847,15.101289134438307,0.691704273223877,0.08867709800960422,0.507,0.919,0.513,0.009138381201044387,0.005128205128205128,0.20512820512820512,0.19999999999999998,2048,512,1331,33,8,0.6574923276004283,0.966190833959429,0.5178953803066856,0.4893025441430468,0.24758907243884865,0.6884983141859932,41,1.0,59,41,1.0,393,41,1.0,758
2,comt,rabvs_budgeted_no_ucb,5,3891,41,0.010537136982780776,2560,41,0.875,0.4611732795446801,0.22446185275269193,0.6399454216472655,94.90243902439025,87.60225140712946,0.988981427305919,2715,0.9127794911333847,15.101289134438307,0.6853684186935425,0.09134739796618685,0.7170000000000001,0.937,0.72,0.009114583333333334,0.005128205128205128,0.20512820512820512,0.19999999999999998,2048,512,1331,33,8,0.6566733257062003,0.9879789631855748,0.5176683860021773,0.4883917881849893,0.24514388181282487,0.6831149243526681,41,1.0,69,41,1.0,438,41,1.0,845
0,cp2c9,boba_ucb,5,7570,120,0.015852047556142668,2560,102,0.7634803921568627,0.45169603148939924,0.2281841174588471,0.688883821885427,63.083333333333336,63.083333333333336,0.9155841494726836,2816,0.9535006605019815,40.127840909090914,0.6259088516235352,0.1042724327003195,0.5369999999999999,0.9299999999999999,0.5720000000000001,0.10823529411764705,0.08443271767810026,0.21164021164021163,0.12720749396211137,2048,512,5010,82,20,0.7854491362421822,0.9868263473053892,0.4882896365575564,0.4645979595861778,0.22912531794415208,0.6599976046507362,94,0.7833333333333333,84,110,0.9166666666666666,432,113,0.9416666666666667,843
0,cp2c9,rabvs_budgeted_no_ucb,5,7570,120,0.015852047556142668,2560,116,0.755926724137931,0.4505614255143331,0.22489758647192432,0.6839794356165454,63.083333333333336,43.99232456140351,0.8694580343350522,2816,0.9535006605019815,41.54829545454545,0.6195482015609741,0.10647291832521866,0.748,0.962,0.768,0.1085972850678733,0.09762532981530343,0.21164021164021163,0.1140148818249082,2048,512,5010,93,23,0.8841497183222513,0.9998003992015968,0.4725885220226446,0.4408113553684893,0.20184290208118152,0.593911509225836,55,0.4583333333333333,100,117,0.975,446,117,0.975,904
1,cp2c9,boba_ucb,5,7570,120,0.015852047556142668,2560,97,0.779639175257732,0.45204791722033016,0.22786001987757176,0.6860998429510556,63.083333333333336,63.083333333333336,0.8974387663400205,2816,0.9535006605019815,40.48295454545455,0.623106837272644,0.10365867212826974,0.5569999999999999,0.9359999999999999,0.589,0.10849056603773585,0.10026385224274406,0.1931216931216931,0.09285784087894905,2048,512,5010,78,19,0.8561095642583295,0.9920159680638723,0.4942569884172015,0.46528343819405665,0.2303197400396591,0.6605219352491202,96,0.8,82,107,0.8916666666666667,424,114,0.95,822
1,cp2c9,rabvs_budgeted_no_ucb,5,7570,120,0.015852047556142668,2560,115,0.7940217391304348,0.45042642795684706,0.22602172780118324,0.691945486432153,63.083333333333336,43.99232456140351,0.8564071486881449,2816,0.9535006605019815,41.19318181818181,0.6160032749176025,0.10794305429943829,0.754,0.965,0.775,0.10538116591928251,0.07387862796833773,0.2328042328042328,0.15892560483589507,2048,512,5010,92,23,0.8905776982135571,0.9998003992015968,0.4695731654261907,0.4378329187087819,0.1999395086095923,0.5899213101252757,56,0.4666666666666667,100,116,0.9666666666666667,450,116,0.9666666666666667,920
2,cp2c9,boba_ucb,5,7570,120,0.015852047556142668,2560,101,0.7530940594059405,0.4515521081995289,0.22792103064109148,0.691468895480308,63.083333333333336,63.083333333333336,0.9207128016396112,2816,0.9535006605019815,41.54829545454545,0.6193126440048218,0.10589334748085777,0.562,0.938,0.5920000000000001,0.11298076923076923,0.09762532981530343,0.20634920634920634,0.1087238765339029,2048,512,5010,81,20,0.8253635906555048,0.9862275449101796,0.4881188001387618,0.46249859618464473,0.22845600918067965,0.6622770153774028,94,0.7833333333333333,82,113,0.9416666666666667,435,117,0.975,836
2,cp2c9,rabvs_budgeted_no_ucb,5,7570,120,0.015852047556142668,2560,116,0.7618534482758621,0.4506537192450154,0.2245724208101656,0.6827547321758778,63.083333333333336,43.99232456140351,0.8749664893093212,2816,0.9535006605019815,41.54829545454545,0.6221326589584351,0.10518861273150548,0.752,0.964,0.771,0.10502793296089385,0.079155672823219,0.23015873015873015,0.15100305733551114,2048,512,5010,93,23,0.8882869107900222,0.9998003992015968,0.4702341898149475,0.43647914287512846,0.1989015706451463,0.5877938379871878,55,0.4583333333333333,100,116,0.9666666666666667,446,117,0.975,914
0,cp3a4,boba_ucb,5,11970,170,0.014202172096908938,2560,135,0.6976851851851852,0.45505592591455474,0.23009136264216382,0.6977862186764436,70.41176470588236,68.06470588235294,0.8726732973972084,3072,0.9679197994987468,49.8046875,0.6069119572639465,0.10799454881552617,0.6719999999999999,0.95,0.698,0.1454352441613588,0.09181969949916527,0.17391304347826086,0.0820933439790956,2048,512,9410,108,27,0.912710973037384,0.9952178533475027,0.48416447005976826,0.4561767468890267,0.22113091313027972,0.642051447655974,100,0.5882352941176471,100,144,0.8470588235294118,480,153,0.9,924
0,cp3a4,rabvs_budgeted_no_ucb,5,11970,170,0.014202172096908938,2560,154,0.7487824675324676,0.4547496217128519,0.2286187574158536,0.693927411886261,70.41176470588236,65.13088235294119,0.903355409649535,3072,0.9679197994987468,53.059895833333336,0.6075007915496826,0.10714906879888164,0.749,0.957,0.77,0.15555555555555556,0.07512520868113523,0.20234113712374582,0.1272159284426106,2048,512,9410,123,31,0.9605163060527053,0.999787460148778,0.4793170751369859,0.4448704002017972,0.20751697418569573,0.6058948475525187,100,0.5882352941176471,100,157,0.9235294117647059,487,163,0.9588235294117647,953
1,cp3a4,boba_ucb,5,11970,170,0.014202172096908938,2560,133,0.6259398496240601,0.45541553876933744,0.23213383693139675,0.7009454588994627,70.41176470588236,68.6514705882353,0.8928267851679129,3072,0.9679197994987468,51.106770833333336,0.6070483326911926,0.10768206793842694,0.6639999999999999,0.944,0.6910000000000001,0.1540983606557377,0.07178631051752922,0.1939799331103679,0.12219362259283868,2048,512,9410,106,27,0.9429458539519654,0.9965993623804463,0.48268842456233507,0.4548108102620554,0.22119327361050603,0.6433964088398162,100,0.5882352941176471,100,149,0.8764705882352941,471,157,0.9235294117647059,904
1,cp3a4,rabvs_budgeted_no_ucb,5,11970,170,0.014202172096908938,2560,157,0.7468152866242038,0.45491539596188607,0.22908437687687677,0.6936057020074411,70.41176470588236,65.71764705882353,0.9029456978971109,3072,0.9679197994987468,52.408854166666664,0.6095361709594727,0.10691068497701672,0.761,0.96,0.782,0.15692640692640691,0.08013355592654424,0.18896321070234115,0.10882965477579691,2048,512,9410,126,31,0.9609405648590784,0.999893730074389,0.4790181776628458,0.444001182440926,0.2076924800251889,0.6068003856737968,100,0.5882352941176471,100,157,0.9235294117647059,488,161,0.9470588235294117,937
2,cp3a4,boba_ucb,5,11970,170,0.014202172096908938,2560,132,0.6245265151515151,0.4549199005638069,0.2314915302750991,0.7025139280056887,70.41176470588236,68.6514705882353,0.8893772279255111,3072,0.9679197994987468,51.432291666666664,0.6064969301223755,0.11136736996994134,0.636,0.942,0.665,0.1540130151843818,0.0651085141903172,0.205685618729097,0.1405771045387798,2048,512,9410,106,26,0.8827144540578835,0.98990435706695,0.47824088480600824,0.45845327208430153,0.22490106731250342,0.6569477342715395,100,0.5882352941176471,100,144,0.8470588235294118,471,158,0.9294117647058824,895
2,cp3a4,rabvs_budgeted_no_ucb,5,11970,170,0.014202172096908938,2560,150,0.7433333333333333,0.45495395792542476,0.22858360904364614,0.6906103496823633,70.41176470588236,65.13088235294119,0.888179495763993,3072,0.9679197994987468,52.734375,0.6043912768363953,0.10884979883899049,0.766,0.961,0.784,0.15482502651113467,0.08013355592654424,0.1956521739130435,0.11551861798649925,2048,512,9410,120,30,0.9396371332618759,0.999787460148778,0.4760553313527691,0.44576131296851174,0.2087375548367765,0.6080744629140703,100,0.5882352941176471,100,150,0.8823529411764706,489,162,0.9529411764705882,959
0,csf1r,boba_ucb,5,12315,166,0.013479496548924077,2560,157,0.8073248407643312,0.45589259777520624,0.22354162278989875,0.6485464895445656,74.1867469879518,74.1867469879518,0.9760440524231786,3072,0.9688185140073081,53.059895833333336,0.6029184460639954,0.11296603406586814,0.577,0.897,0.624,0.1590909090909091,0.04220779220779221,0.2224025974025974,0.18019480519480519,2048,512,9755,126,31,0.6736520249070553,0.9792926704254229,0.48065682121980036,0.4712844338478331,0.2338932166071092,0.6663959963748461,100,0.6024096385542169,100,161,0.9698795180722891,481,163,0.9819277108433735,928
0,csf1r,rabvs_budgeted_no_ucb,5,12315,166,0.013479496548924077,2560,162,0.8626543209876543,0.4556718476976096,0.2215013706706265,0.6454813260114671,74.1867469879518,68.75844842785777,0.9696462584381208,3072,0.9688185140073081,53.385416666666664,0.605668842792511,0.1119744713630616,0.88,0.971,0.901,0.1536863966770509,0.045454545454545456,0.21915584415584416,0.1737012987012987,2048,512,9755,130,32,0.7207000952836458,1.0,0.4873614899117851,0.4637383062970842,0.2235112592873336,0.6376454177833321,100,0.6024096385542169,100,163,0.9819277108433735,493,164,0.9879518072289156,988
1,csf1r,boba_ucb,5,12315,166,0.013479496548924077,2560,147,0.8316326530612245,0.45608467566379285,0.2253946937641485,0.656892254310576,74.1867469879518,74.1867469879518,0.9813895132853341,3072,0.9688185140073081,53.385416666666664,0.6057150959968567,0.11223952325960296,0.583,0.909,0.619,0.15828877005347594,0.05519480519480519,0.21103896103896103,0.15584415584415584,2048,512,9755,118,29,0.7111443248590898,0.9897488467452589,0.47211724026359864,0.4745755589646346,0.236811672408325,0.6709072709487799,100,0.6024096385542169,100,164,0.9879518072289156,481,164,0.9879518072289156,941
1,csf1r,rabvs_budgeted_no_ucb,5,12315,166,0.013479496548924077,2560,164,0.8567073170731707,0.4556179248131623,0.22180136831383626,0.6470204546126532,74.1867469879518,69.96473699676756,0.9725650277363914,3072,0.9688185140073081,53.7109375,0.6025593876838684,0.11308089458904136,0.854,0.966,0.875,0.1550468262226847,0.05032467532467533,0.2159090909090909,0.16558441558441558,2048,512,9755,131,33,0.7818017849139028,0.9998974884674526,0.47720234021008906,0.45962472999721726,0.21951123829378444,0.6294293454333295,100,0.6024096385542169,100,164,0.9879518072289156,492,165,0.9939759036144579,984
2,csf1r,boba_ucb,5,12315,166,0.013479496548924077,2560,159,0.8081761006289309,0.45600266801697853,0.2246794328451742,0.6523937241431587,74.1867469879518,74.1867469879518,0.9791805518549075,3072,0.9688185140073081,53.059895833333336,0.6080256700515747,0.11268188827424097,0.595,0.9,0.642,0.15654952076677317,0.04383116883116883,0.22077922077922077,0.17694805194805194,2048,512,9755,127,32,0.7094729288701678,0.989543823680164,0.473433035406932,0.47139465446045686,0.23337475240886055,0.6614827109495541,100,0.6024096385542169,100,161,0.9698795180722891,482,163,0.9819277108433735,926
2,csf1r,rabvs_budgeted_no_ucb,5,12315,166,0.013479496548924077,2560,162,0.8533950617283951,0.455655927051612,0.22185337870967278,0.6466141793784819,74.1867469879518,69.96473699676756,0.9655871472738304,3072,0.9688185140073081,53.059895833333336,0.6021293997764587,0.11320291378933944,0.874,0.973,0.891,0.15170278637770898,0.04707792207792208,0.21753246753246752,0.17045454545454544,2048,512,9755,130,32,0.7521936169768887,0.9998974884674526,0.4756941784656328,0.46285921409055175,0.2230802941555769,0.6365572706650501,100,0.6024096385542169,100,163,0.9819277108433735,496,163,0.9819277108433735,988
0,cxcr4,boba_ucb,5,3446,40,0.011607661056297156,2560,40,0.875,0.45853522432878135,0.22337956669570658,0.6373005075259718,86.15,86.15,0.9999999999999809,2697,0.9021691816598956,14.831294030404154,0.6768734455108643,0.09775661570077565,0.65,0.95,0.671,0.02118003025718608,0.017341040462427744,0.21511627906976744,0.1977752386073397,2048,512,886,32,8,0.6785857088807177,0.9762979683972912,0.4834739797105951,0.49473350223891654,0.25359137029501144,0.7011209786896804,40,1.0,77,40,1.0,372,40,1.0,705
0,cxcr4,rabvs_budgeted_no_ucb,5,3446,40,0.011607661056297156,2560,40,0.875,0.4583685782379374,0.22260557127881214,0.6358039718558878,86.15,76.01470588235294,0.9904879499583722,2697,0.9021691816598956,14.831294030404154,0.6784311532974243,0.0953511298377191,0.8200000000000001,0.975,0.8260000000000001,0.018666666666666668,0.017341040462427744,0.21511627906976744,0.1977752386073397,2048,512,886,32,8,0.6681701936975343,0.9932279909706546,0.4848433427159108,0.48018243828048984,0.23886825330005976,0.6695947945263674,40,1.0,83,40,1.0,464,40,1.0,883
1,cxcr4,boba_ucb,5,3446,40,0.011607661056297156,2560,40,0.8671875,0.4582130050044922,0.22366715622797792,0.6398554118463526,86.15,86.15,0.9999999999999809,2697,0.9021691816598956,14.831294030404154,0.676120936870575,0.09805939778720163,0.637,0.951,0.655,0.017543859649122806,0.028901734104046242,0.20348837209302326,0.174586637988977,2048,512,886,32,8,0.6608903758605262,0.9762979683972912,0.4824522030596399,0.49167411856809606,0.25032026665477497,0.6941256518563168,40,1.0,80,40,1.0,383,40,1.0,730
1,cxcr4,rabvs_budgeted_no_ucb,5,3446,40,0.011607661056297156,2560,40,0.875,0.45802509833230526,0.2231708081339555,0.6387182233562956,86.15,68.41323529411764,0.978715483154749,2697,0.9021691816598956,14.831294030404154,0.6758636832237244,0.0961845858909417,0.813,0.977,0.8180000000000001,0.015873015873015872,0.028901734104046242,0.20348837209302326,0.174586637988977,2048,512,886,32,8,0.6719697837386074,0.9920993227990971,0.48425387939777736,0.4834703037928217,0.24283763490073465,0.6775393824190731,40,1.0,83,40,1.0,463,40,1.0,880
2,cxcr4,boba_ucb,5,3446,40,0.011607661056297156,2560,40,0.8625,0.45804068021188954,0.22387979726815174,0.6406008403722606,86.15,86.15,0.9999999999999809,2697,0.9021691816598956,14.831294030404154,0.6732208728790283,0.09976317300488224,0.645,0.953,0.6639999999999999,0.023529411764705882,0.017341040462427744,0.21511627906976744,0.1977752386073397,2048,512,886,32,8,0.6730028569618945,0.9954853273137697,0.479476993193888,0.494621929560317,0.25239088366860757,0.6970204019123445,40,1.0,81,40,1.0,391,40,1.0,720
2,cxcr4,rabvs_budgeted_no_ucb,5,3446,40,0.011607661056297156,2560,40,0.875,0.45750484453661583,0.221748023255438,0.6370561263932653,86.15,63.34558823529412,0.9693442262482599,2697,0.9021691816598956,14.831294030404154,0.6779548525810242,0.09589591219828719,0.8200000000000001,0.976,0.825,0.020752269779507133,0.017341040462427744,0.21511627906976744,0.1977752386073397,2048,512,886,32,8,0.6658882917654464,0.9988713318284425,0.48672693197743067,0.4695153737587833,0.22797310084441758,0.6471589581143986,40,1.0,83,40,1.0,470,40,1.0,884
0,def,boba_ucb,5,5802,102,0.017580144777662874,2560,100,0.848125,0.4476628740745204,0.2124542033016714,0.6126372578271204,56.88235294117647,56.88235294117647,1.0,2792,0.9398483281627025,36.532951289398284,0.6318640112876892,0.109144967712973,0.44699999999999995,0.96,0.45999999999999996,0.08182912154031288,0.024054982817869417,0.3275862068965517,0.30353122407868227,2048,512,3242,80,20,0.6176752884305242,0.973781616286243,0.5047337069075333,0.4755486938005084,0.2327889878114038,0.6572205673115267,100,0.9803921568627451,67,102,1.0,402,102,1.0,799
0,def,rabvs_budgeted_no_ucb,5,5802,102,0.017580144777662874,2560,102,0.8737745098039216,0.4471801508616974,0.21095013574368146,0.610111391681719,56.88235294117647,55.90162271805274,0.9959764906562064,2792,0.9398483281627025,36.532951289398284,0.6258385181427002,0.11118056845933999,0.793,0.99,0.7969999999999999,0.07399347116430903,0.030927835051546393,0.31958762886597936,0.28865979381443296,2048,512,3242,82,20,0.6362425645787245,0.9929056138186305,0.5092797946020458,0.46892858838324514,0.2260509466784053,0.6436262305833367,96,0.9411764705882353,70,102,1.0,457,102,1.0,926
1,def,boba_ucb,5,5802,102,0.017580144777662874,2560,101,0.8564356435643564,0.447701114359782,0.2133485891241617,0.6153229670085507,56.88235294117647,56.88235294117647,1.0,2792,0.9398483281627025,36.532951289398284,0.6309274435043335,0.10949905189819631,0.472,0.969,0.479,0.07393939393939394,0.044673539518900345,0.30689655172413793,0.2622230122052376,2048,512,3242,81,20,0.6395879798391795,0.9799506477483035,0.5106776748688954,0.477977964832228,0.23546045917536315,0.6638838974905927,100,0.9803921568627451,67,102,1.0,397,102,1.0,818
1,def,rabvs_budgeted_no_ucb,5,5802,102,0.017580144777662874,2560,102,0.8743872549019608,0.44732135000270284,0.21188042811856717,0.6125962995552453,56.88235294117647,50.99797160243408,0.9837753601915937,2792,0.9398483281627025,36.532951289398284,0.6331973075866699,0.10807471316427653,0.764,0.986,0.769,0.0683090705487122,0.020618556701030927,0.3310344827586207,0.3104159260575898,2048,512,3242,82,20,0.6261329807061634,0.9898210980876002,0.5103131764271872,0.47122342269768863,0.22789546838541985,0.6475241076617236,90,0.8823529411764706,73,102,1.0,454,102,1.0,919
2,def,boba_ucb,5,5802,102,0.017580144777662874,2560,100,0.846875,0.44800129442824665,0.2134104564312724,0.614504402645674,56.88235294117647,56.88235294117647,0.9997751644521672,2792,0.9398483281627025,36.532951289398284,0.6225106716156006,0.11167359937400367,0.46599999999999997,0.955,0.478,0.08121212121212121,0.03436426116838488,0.31724137931034485,0.28287711814196,2048,512,3242,80,20,0.627903087313448,0.9753238741517581,0.5127947505048417,0.4808348096866353,0.23822105447345127,0.6685232657522756,100,0.9803921568627451,68,102,1.0,403,102,1.0,792
2,def,rabvs_budgeted_no_ucb,5,5802,102,0.017580144777662874,2560,102,0.8737745098039216,0.44729654288543236,0.21141274288977654,0.6111233903989031,47.40196078431373,53.94016227180528,0.9905513309888281,2792,0.9398483281627025,36.532951289398284,0.6293939352035522,0.10949113958135837,0.783,0.988,0.787,0.07282608695652174,0.030927835051546393,0.32068965517241377,0.2897618201208674,2048,512,3242,82,20,0.6109371440086302,0.9824182603331277,0.5086552438075139,0.46954195366591645,0.226530126912196,0.6445056263476046,94,0.9215686274509803,70,102,1.0,456,102,1.0,931
0,dhi1,boba_ucb,5,19680,330,0.01676829268292683,2560,247,0.7269736842105263,0.45133088848417635,0.221409353121628,0.6578046251607877,59.63636363636363,59.63636363636363,0.958168943062499,3584,0.9772357723577236,89.56473214285714,0.5965579748153687,0.10885056391142456,0.667,0.951,0.6759999999999999,0.324468085106383,0.09654471544715447,0.23678861788617886,0.1402439024390244,2048,512,17120,198,49,0.8720092313217139,0.9924065420560748,0.48755605331035873,0.45847287967281125,0.22225828527202654,0.6468648881382351,100,0.30303030303030304,100,300,0.9090909090909091,490,321,0.9727272727272728,931
0,dhi1,rabvs_budgeted_no_ucb,5,19680,330,0.01676829268292683,2560,323,0.7759287925696594,0.45040419034880363,0.21890348220471081,0.6537767738038615,59.63636363636363,59.63636363636363,0.9740032529062368,3584,0.9772357723577236,90.68080357142857,0.5918052196502686,0.10935923095230304,0.785,0.969,0.794,0.32322175732217573,0.0701219512195122,0.2621951219512195,0.19207317073170732,2048,512,17120,258,65,0.955659693081713,1.0,0.48670076823980485,0.4472575154391234,0.20683120918028797,0.6047622396237805,100,0.30303030303030304,100,318,0.9636363636363636,492,325,0.9848484848484849,952
1,dhi1,boba_ucb,5,19680,330,0.01676829268292683,2560,211,0.7485189573459715,0.4512793947561536,0.22225903026973992,0.6645613364783044,59.63636363636363,59.63636363636363,0.94660424032431,3584,0.9772357723577236,89.28571428571429,0.5919500589370728,0.10840344415418801,0.7150000000000001,0.969,0.726,0.3247863247863248,0.10772357723577236,0.22560975609756098,0.11788617886178862,2048,512,17120,169,42,0.9098916854473924,0.9931658878504673,0.4891992336518624,0.4563209438681549,0.2209742975741154,0.6479115248533363,100,0.30303030303030304,100,287,0.8696969696969697,480,320,0.9696969696969697,914
1,dhi1,rabvs_budgeted_no_ucb,5,19680,330,0.01676829268292683,2560,321,0.7749221183800623,0.45046138885369175,0.2189821724509925,0.6536042816379356,59.63636363636363,59.63636363636363,0.9726780402961325,3584,0.9772357723577236,90.68080357142857,0.5900806784629822,0.10994997355952307,0.791,0.972,0.8,0.326984126984127,0.07621951219512195,0.2550813008130081,0.17886178861788615,2048,512,17120,257,64,0.9430903675755271,0.9999415887850467,0.48620458384058984,0.44806295201094554,0.2078223157718256,0.6070801441747873,100,0.30303030303030304,100,320,0.9696969696969697,490,325,0.9848484848484849,941
2,dhi1,boba_ucb,5,19680,330,0.01676829268292683,2560,270,0.6993055555555555,0.45052363233953185,0.2209858920237456,0.6595845291956625,59.63636363636363,59.63636363636363,0.9679158216050708,3584,0.9772357723577236,90.68080357142857,0.5947231650352478,0.11133493244085002,0.736,0.955,0.747,0.32802547770700635,0.08231707317073171,0.25203252032520324,0.1697154471544715,2048,512,17120,216,54,0.8551245010797268,0.99071261682243,0.48556161738350395,0.4563264083149312,0.2194811822421279,0.6426083990440685,100,0.30303030303030304,100,304,0.9212121212121213,484,325,0.9848484848484849,923
2,dhi1,rabvs_budgeted_no_ucb,5,19680,330,0.01676829268292683,2560,322,0.7956133540372671,0.4503945245028725,0.21828239524428186,0.6500050035896743,59.63636363636363,59.63636363636363,0.9781690104071338,3584,0.9772357723577236,91.23883928571429,0.5882675647735596,0.10981252929874241,0.796,0.976,0.802,0.3297985153764581,0.08231707317073171,0.25101626016260165,0.16869918699186992,2048,512,17120,258,64,0.9567106551197408,0.9999415887850467,0.4852065116580359,0.44887731051206947,0.20816316062936524,0.6074543106456125,100,0.30303030303030304,100,321,0.9727272727272728,492,327,0.990909090909091,936
0,dpp4,boba_ucb,5,41482,533,0.012848946531025505,2560,349,0.7956661891117478,0.45978788739250287,0.22544646683844727,0.6486404465373992,77.82739212007505,77.0772485815683,0.983035005208744,4608,0.9861144592835447,112.84722222222223,0.5587562918663025,0.12782073478960276,0.63,0.982,0.641,0.542518837459634,0.07373493975903614,0.18225650916104147,0.10852156940200533,2048,512,38922,279,70,0.7552580955031553,0.9931401264066595,0.4844193859850532,0.4687169552439699,0.23042025963305313,0.6564533512978883,100,0.18761726078799248,100,467,0.8761726078799249,497,520,0.975609756097561,901
0,dpp4,rabvs_budgeted_no_ucb,5,41482,533,0.012848946531025505,2560,521,0.8024232245681382,0.4584402087674789,0.22154525328448885,0.638645535730336,77.82739212007505,66.9503108117272,0.9845972419878745,4608,0.9861144592835447,114.58333333333333,0.542814314365387,0.12749473248018128,0.719,0.984,0.727,0.526207605344296,0.037590361445783135,0.218900675024108,0.1813103135783249,2048,512,38922,417,104,0.8153089312838028,0.9997430758953805,0.490518300146134,0.46455554547134836,0.222845669448895,0.6369432193125728,100,0.18761726078799248,100,442,0.8292682926829268,498,528,0.9906191369606003,969
1,dpp4,boba_ucb,5,41482,533,0.012848946531025505,2560,334,0.7677769461077845,0.46009679964743216,0.22514762045546605,0.6455652430445891,77.82739212007505,77.45232035082167,0.9793685861173378,4608,0.9861144592835447,112.19618055555556,0.5333415269851685,0.13185234905320375,0.639,0.98,0.649,0.5138461538461538,0.0727710843373494,0.1837029893924783,0.11093190505512891,2048,512,38922,267,67,0.7222958805455433,0.9924721237346488,0.4896947753394682,0.46943990008592507,0.23090048699663962,0.6571604527542544,100,0.18761726078799248,100,468,0.8780487804878049,499,517,0.9699812382739212,934
1,dpp4,rabvs_budgeted_no_ucb,5,41482,533,0.012848946531025505,2560,520,0.8022836538461539,0.4583128962630048,0.22141702918981468,0.6383405714905181,77.82739212007505,66.20016727322047,0.9769016038819671,4608,0.9861144592835447,113.28125,0.5426729917526245,0.12729296762838416,0.736,0.987,0.743,0.518974358974359,0.037590361445783135,0.218900675024108,0.1813103135783249,2048,512,38922,416,104,0.8862030932085778,0.9997687683058425,0.48893608057004984,0.4651269355350707,0.22347874006017426,0.6384218074062267,100,0.18761726078799248,100,438,0.8217636022514071,497,522,0.9793621013133208,976
2,dpp4,boba_ucb,5,41482,533,0.012848946531025505,2560,410,0.714329268292683,0.4584227343164517,0.22357360806101112,0.6466241792252553,77.82739212007505,77.82739212007505,0.9863192867254095,4608,0.9861144592835447,112.84722222222223,0.5487803816795349,0.12708392875711483,0.622,0.975,0.631,0.5384615384615384,0.04385542168674699,0.21215043394406943,0.16829501225732243,2048,512,38922,328,82,0.7620351162193127,0.9932942808694312,0.4838703871612365,0.4670024190825102,0.22792216471696902,0.6531923415992267,100,0.18761726078799248,100,492,0.9230769230769231,500,520,0.975609756097561,917
2,dpp4,rabvs_budgeted_no_ucb,5,41482,533,0.012848946531025505,2560,521,0.8044625719769674,0.45842101024193543,0.22146536879992954,0.6372970816054767,77.82739212007505,69.38827731187413,0.9834901776374104,4608,0.9861144592835447,113.93229166666667,0.5455154776573181,0.12629820896984334,0.73,0.983,0.737,0.5231243576567317,0.03901734104046243,0.21804148576941632,0.1790241447289539,2048,512,38922,417,104,0.8489955331705031,0.9999229227686142,0.49226188444855634,0.465152459782854,0.22354485191300782,0.6384388026766722,100,0.18761726078799248,100,455,0.8536585365853658,499,525,0.9849906191369606,967
0,drd3,boba_ucb,5,34530,480,0.013900955690703735,2560,353,0.7825779036827195,0.4575390581263305,0.224382658298008,0.6481825400607709,71.9375,71.9375,0.9751834148806953,4352,0.9842455835505358,107.30698529411764,0.5637011528015137,0.1306311801955915,0.52,0.927,0.5529999999999999,0.4677754677754678,0.06195715112912565,0.21320973348783315,0.1512525823587075,2048,512,31970,282,71,0.7753966456768251,0.9898654989052237,0.4907547851806755,0.46635148373074076,0.22941818014577703,0.6584737870102495,100,0.20833333333333334,100,435,0.90625,496,467,0.9729166666666667,933
0,drd3,rabvs_budgeted_no_ucb,5,34530,480,0.013900955690703735,2560,463,0.7938714902807775,0.4566007774038599,0.2206257937867039,0.6380229982824995,71.9375,60.260688405797104,0.9681778124634682,4352,0.9842455835505358,107.76654411764706,0.5655924081802368,0.12738338165538365,0.652,0.952,0.6739999999999999,0.465979381443299,0.045744064852345105,0.22929936305732485,0.18355529820497973,2048,512,31970,370,93,0.8464069893251343,0.999843603378167,0.4985624103525466,0.4630991282081837,0.22194647632748699,0.6350877850607235,100,0.20833333333333334,100,444,0.925,498,469,0.9770833333333333,980
1,drd3,boba_ucb,5,34530,480,0.013900955690703735,2560,350,0.7569642857142858,0.45681793665156356,0.22443696958848966,0.6533482444300991,71.9375,71.9375,0.9755729546133676,4352,0.9842455835505358,106.84742647058823,0.5690104961395264,0.12963903870772464,0.544,0.927,0.5840000000000001,0.46625129802699894,0.07237984944991314,0.2010428736964079,0.12866302424649473,2048,512,31970,280,70,0.7874981262662346,0.9884579293087269,0.49023842789771943,0.46489302870905547,0.2282781982349457,0.6592905807730571,100,0.20833333333333334,100,439,0.9145833333333333,494,465,0.96875,930
1,drd3,rabvs_budgeted_no_ucb,5,34530,480,0.013900955690703735,2560,464,0.8037446120689655,0.4565694484135063,0.22068184707408137,0.6384904919944808,71.9375,61.0947463768116,0.9696801056067428,4352,0.9842455835505358,107.76654411764706,0.5630940794944763,0.12804938273922828,0.639,0.946,0.6639999999999999,0.4646153846153846,0.04632310364794441,0.22827346465816917,0.18195036101022477,2048,512,31970,371,93,0.9003018784899359,0.9998748827025337,0.49757680605609245,0.4624201716864788,0.22109684879710434,0.6336571677319415,100,0.20833333333333334,100,448,0.9333333333333333,499,469,0.9770833333333333,974
2,drd3,boba_ucb,5,34530,480,0.013900955690703735,2560,370,0.7807432432432433,0.45728807150265177,0.22475150669630445,0.650265476238307,71.9375,71.9375,0.9686346528420905,4352,0.9842455835505358,104.31985294117648,0.5657511949539185,0.12929872774634865,0.505,0.912,0.5349999999999999,0.45768025078369906,0.05732484076433121,0.21668597914252608,0.15936113837819488,2048,512,31970,296,74,0.6984399542017438,0.9832655614638723,0.49011255003561915,0.4685064050602732,0.23122553451074557,0.6629895708077508,100,0.20833333333333334,100,434,0.9041666666666667,496,454,0.9458333333333333,937
2,drd3,rabvs_budgeted_no_ucb,5,34530,480,0.013900955690703735,2560,462,0.8060064935064936,0.4566402472821702,0.22054334478068333,0.63746922216665,71.9375,61.0947463768116,0.9682319648041401,4352,0.9842455835505358,107.76654411764706,0.5631394982337952,0.1282973924382591,0.649,0.95,0.675,0.4641393442622951,0.0451650260567458,0.22929936305732485,0.18413433700057905,2048,512,31970,370,92,0.8523645237507693,0.999843603378167,0.4947981145379313,0.46195600124415237,0.22083329415897499,0.6328963377189151,100,0.20833333333333334,100,447,0.93125,499,469,0.9770833333333333,968
0,dyr,boba_ucb,5,17431,231,0.013252251735413917,2560,212,0.8493514150943396,0.4576517911819183,0.22394156691542272,0.6405819567324863,75.45887445887446,75.45887445887446,0.9941524368006498,3328,0.9761344730652286,69.4110576923077,0.6047878861427307,0.10212442559980106,0.48,0.922,0.497,0.23311546840958605,0.033256880733944956,0.231651376146789,0.19839449541284404,2048,512,14871,170,42,0.6411276209494465,0.9638222042902294,0.4852030235930991,0.4759687765841895,0.2364516665048298,0.6663967452638201,100,0.4329004329004329,100,228,0.987012987012987,456,231,1.0,824
0,dyr,rabvs_budgeted_no_ucb,5,17431,231,0.013252251735413917,2560,229,0.8649017467248908,0.4573778800779688,0.2216506300715345,0.6365559317512696,75.45887445887446,74.5915310742897,0.9889043434298986,3328,0.9761344730652286,68.81009615384616,0.6284927129745483,0.09890820679395151,0.812,0.972,0.8160000000000001,0.2222222222222222,0.028669724770642203,0.23623853211009174,0.20756880733944955,2048,512,14871,183,46,0.6815792544612174,0.9944859121780647,0.49782417796096856,0.46852302451646594,0.22736498479769787,0.6460898641153651,100,0.4329004329004329,100,229,0.9913419913419913,479,229,0.9913419913419913,954
1,dyr,boba_ucb,5,17431,231,0.013252251735413917,2560,218,0.8520642201834863,0.4577044118346268,0.22374002495729378,0.6392991634745296,75.45887445887446,75.45887445887446,0.9923498859535491,3328,0.9761344730652286,69.11057692307693,0.6144579648971558,0.10258149775216552,0.42400000000000004,0.897,0.44599999999999995,0.2581818181818182,0.017201834862385322,0.24655963302752293,0.2293577981651376,2048,512,14871,174,44,0.6465697946183657,0.9753210947481675,0.47947147750466845,0.47483864041911716,0.23483278726616771,0.6624438475015918,100,0.4329004329004329,100,228,0.987012987012987,432,230,0.9956709956709957,780
1,dyr,rabvs_budgeted_no_ucb,5,17431,231,0.013252251735413917,2560,227,0.8703193832599119,0.45735946872746985,0.22080351080785116,0.6324791989444885,75.45887445887446,74.5915310742897,0.9866576770758859,3328,0.9761344730652286,68.81009615384616,0.6365286111831665,0.09709472433568311,0.859,0.979,0.864,0.2204968944099379,0.017201834862385322,0.24655963302752293,0.2293577981651376,2048,512,14871,182,45,0.7083964848652701,0.9987895904781118,0.49447934435665786,0.4674683733130628,0.2262749840252581,0.6438230591709955,100,0.4329004329004329,100,228,0.987012987012987,491,229,0.9913419913419913,961
2,dyr,boba_ucb,5,17431,231,0.013252251735413917,2560,216,0.8660300925925926,0.45803363289834376,0.2236600568255303,0.6381107733864761,75.45887445887446,75.45887445887446,0.9893165805649929,3328,0.9761344730652286,69.4110576923077,0.6184021234512329,0.10134275694406059,0.46299999999999997,0.921,0.48,0.24797219003476245,0.020642201834862386,0.24426605504587157,0.2236238532110092,2048,512,14871,173,43,0.6229426733163281,0.9492972900275705,0.4877582583218736,0.4766965651483552,0.23704902981319317,0.6669036976148345,100,0.4329004329004329,100,227,0.9826839826839827,452,231,1.0,827
2,dyr,rabvs_budgeted_no_ucb,5,17431,231,0.013252251735413917,2560,229,0.8670851528384279,0.4573673072734897,0.22177709422196354,0.6369838321476785,75.45887445887446,74.5915310742897,0.9909016769127192,3328,0.9761344730652286,69.11057692307693,0.6287992000579834,0.0990786841506468,0.8200000000000001,0.965,0.827,0.2222222222222222,0.0194954128440367,0.24541284403669725,0.22591743119266056,2048,512,14871,183,46,0.7134782698384186,0.9991930603187412,0.493374418046609,0.4680820139898522,0.2267136715727339,0.6447176817256697,100,0.4329004329004329,100,230,0.9956709956709957,482,230,0.9956709956709957,966
0,egfr,boba_ucb,5,35592,542,0.0152281411553158,2560,374,0.7897727272727273,0.45518394669587303,0.22197209763385709,0.6377564567068206,65.6678966789668,65.6678966789668,0.9812349267413634,4352,0.984715666441897,121.09375,0.5696708559989929,0.13030975412069312,0.43400000000000005,0.881,0.44899999999999995,0.5291060291060291,0.056179775280898875,0.2443820224719101,0.18820224719101122,2048,512,33032,299,75,0.6875778843846679,0.9841668684911601,0.4819192807161893,0.4652560605677354,0.22824369478936454,0.6520360281594089,100,0.18450184501845018,100,495,0.9132841328413284,500,527,0.9723247232472325,947
0,egfr,rabvs_budgeted_no_ucb,5,35592,542,0.0152281411553158,2560,528,0.8174715909090909,0.454301088484936,0.21867899880739258,0.6285345170457418,65.6678966789668,62.163149384302834,0.9846426341271619,4352,0.984715666441897,122.47242647058823,0.5677574276924133,0.12982027732285584,0.651,0.937,0.655,0.5282051282051282,0.03539325842696629,0.2679775280898876,0.23258426966292134,2048,512,33032,422,106,0.7457338640412702,0.9991220634536208,0.48804502432627495,0.4639292143477961,0.22297527205761444,0.6369177913055281,100,0.18450184501845018,100,481,0.8874538745387454,500,533,0.9833948339483395,992
1,egfr,boba_ucb,5,35592,542,0.0152281411553158,2560,341,0.7978372434017595,0.45594216960488,0.22295633102987275,0.6378124253593034,65.6678966789668,65.6678966789668,0.9760159541399809,4352,0.984715666441897,120.17463235294117,0.5645653605461121,0.1312916346693338,0.46099999999999997,0.895,0.48,0.531578947368421,0.058426966292134834,0.24157303370786518,0.18314606741573033,2048,512,33032,273,68,0.6752518089229537,0.9858319205618794,0.4860227519120219,0.4674972016603284,0.2302596800013109,0.65450390688579,100,0.18450184501845018,100,491,0.9059040590405905,500,523,0.9649446494464945,947
1,egfr,rabvs_budgeted_no_ucb,5,35592,542,0.0152281411553158,2560,524,0.8234732824427481,0.4544981244595953,0.21876652541964017,0.6275309809892371,65.6678966789668,63.26991168788092,0.9789521494987492,4352,0.984715666441897,121.78308823529412,0.5719736814498901,0.12791118895628795,0.6699999999999999,0.9359999999999999,0.6739999999999999,0.526207605344296,0.03256597417181359,0.26910112359550564,0.23653514942369205,2048,512,33032,419,105,0.7211340272704937,0.9993037054976992,0.4922138069295425,0.4641614320420627,0.2235264073647555,0.6379261505080656,100,0.18450184501845018,100,487,0.8985239852398524,500,530,0.977859778597786,992
2,egfr,boba_ucb,5,35592,542,0.0152281411553158,2560,346,0.8002167630057804,0.4556807009955908,0.22185652887289511,0.6352093791848253,65.6678966789668,65.6678966789668,0.9797060616743146,4352,0.984715666441897,120.40441176470588,0.5548855662345886,0.13339025057764053,0.493,0.904,0.516,0.5195473251028807,0.05449438202247191,0.24662921348314606,0.19213483146067417,2048,512,33032,277,69,0.6528722746122084,0.9838035844030032,0.4843597555594355,0.46690042316956365,0.2287489124118901,0.6498499192124384,100,0.18450184501845018,100,495,0.9132841328413284,500,524,0.966789667896679,953
2,egfr,rabvs_budgeted_no_ucb,5,35592,542,0.0152281411553158,2560,529,0.8150992438563327,0.45413861174659714,0.21816169617545586,0.627510100323414,65.6678966789668,62.163149384302834,0.9833047425283591,4352,0.984715666441897,122.47242647058823,0.5669465661048889,0.1298601063730015,0.649,0.935,0.655,0.5255623721881391,0.033707865168539325,0.26910112359550564,0.23539325842696632,2048,512,33032,423,106,0.7906880581663098,0.9997275369338823,0.4917551595671001,0.4628573221047738,0.2219320676479581,0.6348443428789953,100,0.18450184501845018,100,481,0.8874538745387454,500,533,0.9833948339483395,991
0,esr1,boba_ucb,5,21068,383,0.01817922916271122,2560,312,0.8056891025641025,0.4496983354996994,0.21657616204601807,0.6227129110526961,55.007832898172325,55.007832898172325,0.9920663635857171,3584,0.9787355230681603,105.74776785714286,0.6228923797607422,0.10433547982791813,0.507,0.9339999999999999,0.542,0.3969298245614035,0.051233396584440226,0.3114909781576448,0.2602575815732046,2048,512,18508,250,62,0.6329973864690406,0.9771450183704344,0.49408351912269793,0.4672282447986581,0.22828496104506815,0.6490395590675446,100,0.26109660574412535,100,377,0.9843342036553525,487,379,0.9895561357702349,883
0,esr1,rabvs_budgeted_no_ucb,5,21068,383,0.01817922916271122,2560,382,0.8367146596858639,0.44851939608425523,0.21274149090344996,0.6152535143972906,55.007832898172325,55.007832898172325,0.9944214858118532,3584,0.9787355230681603,106.58482142857143,0.625464677810669,0.10505809659214138,0.789,0.969,0.8069999999999999,0.37551440329218105,0.036053130929791274,0.32763532763532766,0.29158219670553637,2048,512,18508,306,76,0.6966907504519375,0.9992976010373892,0.4944935190615066,0.4588053498296003,0.2168610516563328,0.6245929170070607,100,0.26109660574412535,100,382,0.9973890339425587,492,382,0.9973890339425587,979
1,esr1,boba_ucb,5,21068,383,0.01817922916271122,2560,330,0.7734848484848484,0.4490012772725725,0.21653759200243414,0.625597998676413,55.007832898172325,55.007832898172325,0.9937410425454173,3584,0.9787355230681603,106.58482142857143,0.6187436580657959,0.10182446719258831,0.511,0.937,0.548,0.3982589771490751,0.051233396584440226,0.3124406457739791,0.2612072491895389,2048,512,18508,264,66,0.6180466331695575,0.9574238167279014,0.4906235037750167,0.4665212852417212,0.22824505250879087,0.6529810728786475,100,0.26109660574412535,100,376,0.9817232375979112,480,382,0.9973890339425587,850
1,esr1,rabvs_budgeted_no_ucb,5,21068,383,0.01817922916271122,2560,382,0.8370418848167539,0.4484938523872126,0.2125811969481194,0.6152660376074144,55.007832898172325,55.007832898172325,0.9938410835309575,3584,0.9787355230681603,106.58482142857143,0.6235767006874084,0.10540252607209366,0.786,0.97,0.8029999999999999,0.37770897832817335,0.04554079696394687,0.3181386514719848,0.2725978545080379,2048,512,18508,306,76,0.6850121841016016,0.999459693105684,0.4934451535396019,0.458904963317478,0.21679998503883463,0.624489284394186,100,0.26109660574412535,100,382,0.9973890339425587,488,382,0.9973890339425587,974
2,esr1,boba_ucb,5,21068,383,0.01817922916271122,2560,299,0.857232441471572,0.44936033588126445,0.21668914852741017,0.6239519011867761,55.007832898172325,55.007832898172325,0.9925187688954167,3584,0.9787355230681603,106.30580357142857,0.6218286156654358,0.10408311790045666,0.525,0.913,0.569,0.3845338983050847,0.04734848484848485,0.31588962892483347,0.2685411440763486,2048,512,18508,239,60,0.5903492974279823,0.92354657445429,0.49287252107940194,0.46898352825650624,0.23054172420545688,0.6537986221342527,100,0.26109660574412535,100,375,0.97911227154047,486,381,0.9947780678851175,891
2,esr1,rabvs_budgeted_no_ucb,5,21068,383,0.01817922916271122,2560,380,0.8401315789473685,0.448484424404478,0.21267592838653313,0.6148240982608697,55.007832898172325,55.007832898172325,0.9926977453611515,3584,0.9787355230681603,106.30580357142857,0.6214834451675415,0.10584605812253145,0.808,0.969,0.823,0.37307297019527236,0.03320683111954459,0.33048433048433046,0.29727749936478587,2048,512,18508,304,76,0.6636963698420943,0.9984331100064837,0.4935817095144474,0.4600883795276832,0.21811785622067764,0.6271323809043396,100,0.26109660574412535,100,381,0.9947780678851175,491,381,0.9947780678851175,978
0,esr2,boba_ucb,5,20566,367,0.017844986871535545,2560,299,0.8438545150501672,0.450598488373966,0.21680287693733039,0.6234953933965934,56.038147138964575,56.038147138964575,0.9960737301486698,3584,0.9782164737916951,102.12053571428571,0.6334230899810791,0.09704158423930853,0.514,0.948,0.53,0.37037037037037035,0.057337220602526724,0.29961089494163423,0.24227367433910751,2048,512,18006,239,60,0.6474404197213115,0.9823947573031212,0.4956746539035282,0.4656142087437815,0.22607447804163464,0.6439723024358377,100,0.2724795640326976,100,363,0.989100817438692,472,366,0.997275204359673,862
0,esr2,rabvs_budgeted_no_ucb,5,20566,367,0.017844986871535545,2560,364,0.850103021978022,0.44933509144956996,0.213586729990186,0.6166193702375912,56.038147138964575,56.038147138964575,0.9925045302112656,3584,0.9782164737916951,101.84151785714286,0.634753406047821,0.10026078895203872,0.8,0.969,0.8160000000000001,0.35905349794238683,0.034013605442176874,0.3229571984435798,0.28894359300140293,2048,512,18006,291,73,0.6836096548394346,1.0,0.4925554724461936,0.4612765301803908,0.21922570563268623,0.6292785147993764,100,0.2724795640326976,100,365,0.9945504087193461,484,365,0.9945504087193461,970
1,esr2,boba_ucb,5,20566,367,0.017844986871535545,2560,309,0.8236245954692557,0.45077327572036047,0.21784081286357965,0.6242171192744128,56.038147138964575,56.038147138964575,0.9927606675155105,3584,0.9782164737916951,102.12053571428571,0.6302748918533325,0.0983554249105032,0.479,0.9299999999999999,0.502,0.37919826652221017,0.061224489795918366,0.29571984435797666,0.23449535456205828,2048,512,18006,247,62,0.6211585157699168,0.9635676996556704,0.49215623942863923,0.46909350707536207,0.23016568399750412,0.6537883012727618,100,0.2724795640326976,100,359,0.9782016348773842,483,366,0.997275204359673,861
1,esr2,rabvs_budgeted_no_ucb,5,20566,367,0.017844986871535545,2560,365,0.8513698630136987,0.4492813602753602,0.21341108946407478,0.616537890389262,56.038147138964575,56.038147138964575,0.991746096494431,3584,0.9782164737916951,101.84151785714286,0.6355592012405396,0.10061276087738102,0.798,0.974,0.813,0.36016511867905054,0.029154518950437316,0.32782101167315175,0.29866649272271445,2048,512,18006,292,73,0.703638070981165,0.9996112406975453,0.4945119179754035,0.46018715221099754,0.2180754279357814,0.627093258038154,100,0.2724795640326976,100,365,0.9945504087193461,484,365,0.9945504087193461,970
2,esr2,boba_ucb,5,20566,367,0.017844986871535545,2560,298,0.8378775167785235,0.4502326574764065,0.21714155105516236,0.6242257908089981,56.038147138964575,56.038147138964575,0.9953124261821922,3584,0.9782164737916951,101.84151785714286,0.648658275604248,0.09352268097601968,0.513,0.942,0.534,0.380327868852459,0.05344995140913508,0.3035019455252918,0.25005199411615675,2048,512,18006,238,60,0.6860858750502875,0.9832278129512385,0.49225052320103263,0.46629434754876403,0.2277406006378063,0.6493359380893219,100,0.2724795640326976,100,364,0.9918256130790191,478,365,0.9945504087193461,857
2,esr2,rabvs_budgeted_no_ucb,5,20566,367,0.017844986871535545,2560,363,0.850034435261708,0.44920145093311725,0.21306604961936107,0.6152416435779308,56.038147138964575,56.038147138964575,0.9926055044244672,3584,0.9782164737916951,101.84151785714286,0.6316074132919312,0.10191651309694572,0.8160000000000001,0.972,0.83,0.3569230769230769,0.0369290573372206,0.32003891050583655,0.2831098531686159,2048,512,18006,290,73,0.6486962500954909,0.997834055314895,0.4951668836391238,0.46041065848631174,0.21832367863078966,0.6276669581918309,100,0.2724795640326976,100,364,0.9918256130790191,490,365,0.9945504087193461,979
0,fa10,boba_ucb,5,28862,537,0.018605779225278913,2560,427,0.6523711943793911,0.4484693468947146,0.21754236359121967,0.6304728112704853,53.746741154562386,53.746741154562386,0.9878812583401955,4096,0.9822604116138868,130.37109375,0.5396148562431335,0.139957606722251,0.515,0.919,0.529,0.5373443983402489,0.07617728531855955,0.29521829521829523,0.21904100989973568,2048,512,26302,342,85,0.7112497127308783,0.9884799635008744,0.4481340736308944,0.46097256449612894,0.22485721131253827,0.6458876156656131,100,0.186219739292365,100,474,0.88268156424581,495,534,0.994413407821229,922
0,fa10,rabvs_budgeted_no_ucb,5,28862,537,0.018605779225278913,2560,532,0.8007518796992481,0.447119227712412,0.21319539249355665,0.620152484874187,53.746741154562386,51.886992325684794,0.983973892807352,4096,0.9822604116138868,130.615234375,0.5432191491127014,0.13639571853011478,0.651,0.95,0.659,0.5328542094455853,0.0443213296398892,0.3270963270963271,0.28277499745643786,2048,512,26302,426,106,0.8258901286243073,0.999885940232682,0.4610946263617134,0.4557175922111282,0.21570938175865534,0.6218415140420296,100,0.186219739292365,100,456,0.8491620111731844,496,535,0.9962756052141527,978
1,fa10,boba_ucb,5,28862,537,0.018605779225278913,2560,416,0.7080829326923077,0.44799212919556747,0.21675452850911994,0.6296756126660542,53.746741154562386,53.746741154562386,0.9834523602085904,4096,0.9822604116138868,128.90625,0.5438148379325867,0.13902318259415802,0.484,0.916,0.498,0.5311850311850311,0.060941828254847646,0.30838530838530837,0.24744348013046072,2048,512,26302,333,83,0.7076103755280907,0.9897346209413733,0.45627989559669335,0.460211038078641,0.22350249452195642,0.6435697553431003,100,0.186219739292365,100,480,0.8938547486033519,498,528,0.9832402234636871,912
1,fa10,rabvs_budgeted_no_ucb,5,28862,537,0.018605779225278913,2560,532,0.808858082706767,0.4472882990062365,0.21357051743234623,0.6208960584230655,53.746741154562386,51.886992325684794,0.9839795142569495,4096,0.9822604116138868,130.859375,0.5386411547660828,0.13802428173414882,0.648,0.959,0.656,0.5339506172839507,0.05055401662049862,0.32155232155232155,0.2709983049318229,2048,512,26302,426,106,0.7678264747826127,0.9997718804653638,0.4647133465166552,0.4564335372556446,0.21638048778138858,0.623049088767999,100,0.186219739292365,100,455,0.8472998137802608,496,536,0.9981378026070763,975
2,fa10,boba_ucb,5,28862,537,0.018605779225278913,2560,425,0.6802941176470588,0.4481127780575191,0.21711934132530358,0.6290688719719075,53.746741154562386,53.746741154562386,0.9905514308735027,4096,0.9822604116138868,130.37109375,0.5380433797836304,0.14088842670616442,0.544,0.9390000000000001,0.56,0.5385416666666667,0.06509695290858726,0.306999306999307,0.24190235409071975,2048,512,26302,340,85,0.659660338571411,0.9792411223481104,0.4473135815078333,0.46183383407519885,0.22561091301242184,0.6475457824437787,100,0.186219739292365,100,489,0.9106145251396648,497,534,0.994413407821229,930
2,fa10,rabvs_budgeted_no_ucb,5,28862,537,0.018605779225278913,2560,532,0.8041588345864662,0.4471730025956964,0.2133977716257827,0.6201665738005036,53.746741154562386,51.70101744279703,0.9846127034928743,4096,0.9822604116138868,130.615234375,0.5443712472915649,0.1359556813954389,0.656,0.958,0.6639999999999999,0.5329218106995884,0.045706371191135735,0.32617728531855955,0.2804709141274238,2048,512,26302,426,106,0.7810994529390404,1.0,0.46268477641289435,0.45660654264666245,0.21640897147173105,0.623165065710245,100,0.186219739292365,100,458,0.8528864059590316,496,535,0.9962756052141527,980
0,fa7,boba_ucb,5,6364,114,0.017913262099308613,2560,114,0.8629385964912281,0.446436972189838,0.21393012417104904,0.6157001341446393,55.82456140350877,55.82456140350877,1.0,2814,0.944728158390949,40.51172707889126,0.6201741099357605,0.10925466863797095,0.383,0.881,0.41400000000000003,0.10416666666666667,0.009404388714733543,0.3490566037735849,0.33965221505885135,2048,512,3804,91,23,0.611097483860741,0.9098317560462671,0.4601950103042378,0.488079070404105,0.24809920611523295,0.6898406407674041,100,0.8771929824561403,75,114,1.0,397,114,1.0,786
0,fa7,rabvs_budgeted_no_ucb,5,6364,114,0.017913262099308613,2560,114,0.875,0.44600742558785467,0.21027800214853656,0.6087628627680942,55.82456140350877,54.952302631578945,0.9958133140040747,2814,0.944728158390949,40.51172707889126,0.6324648261070251,0.10684236519370693,0.6890000000000001,0.957,0.698,0.09846827133479212,0.012539184952978056,0.34591194968553457,0.3333727647325565,2048,512,3804,91,23,0.6266028551323112,0.9815983175604627,0.46047922309236583,0.46519333886776276,0.22401605502638763,0.6392763981305135,98,0.8596491228070176,83,114,1.0,453,114,1.0,886
1,fa7,boba_ucb,5,6364,114,0.017913262099308613,2560,114,0.8558114035087719,0.44644685092404707,0.21411582327955675,0.6162537393527245,55.82456140350877,55.82456140350877,1.0,2814,0.944728158390949,40.51172707889126,0.6160455346107483,0.10946581735751337,0.42700000000000005,0.899,0.45599999999999996,0.09932279909706546,0.0219435736677116,0.33647798742138363,0.314534413753672,2048,512,3804,91,23,0.6075490820878645,0.8969505783385909,0.46255522688090756,0.48917997142989905,0.24922014667525103,0.6917231791628037,100,0.8771929824561403,76,114,1.0,420,114,1.0,801
1,fa7,rabvs_budgeted_no_ucb,5,6364,114,0.017913262099308613,2560,114,0.8744517543859649,0.4461684615098961,0.2108567267816848,0.6096903671812401,55.82456140350877,54.080043859649116,0.9931535868334377,2814,0.944728158390949,40.51172707889126,0.631962239742279,0.10629344175141653,0.6739999999999999,0.949,0.6890000000000001,0.09745293466223699,0.021875,0.33753943217665616,0.3156644321766562,2048,512,3804,91,23,0.6222938081544219,0.9773922187171399,0.4729588271956111,0.46929281854721505,0.2277549800021193,0.6470384902441908,97,0.8508771929824561,83,114,1.0,451,114,1.0,885
2,fa7,boba_ucb,5,6364,114,0.017913262099308613,2560,114,0.875,0.44649726021041725,0.21412927992090675,0.6158680668614805,55.82456140350877,55.82456140350877,1.0,2814,0.944728158390949,40.51172707889126,0.6168555021286011,0.10912818347815834,0.38,0.891,0.41400000000000003,0.10090702947845805,0.009404388714733543,0.3490566037735849,0.33965221505885135,2048,512,3804,91,23,0.6153853711576912,0.9190325972660357,0.46735056464097813,0.4907336204643312,0.2501214530289334,0.6934770984756344,100,0.8771929824561403,74,114,1.0,414,114,1.0,795
2,fa7,rabvs_budgeted_no_ucb,5,6364,114,0.017913262099308613,2560,114,0.8744517543859649,0.4459280583236157,0.21013553640935645,0.6081494651836751,55.82456140350877,54.952302631578945,0.9970522056130652,2814,0.944728158390949,40.51172707889126,0.6307904720306396,0.10600773687669318,0.673,0.961,0.6859999999999999,0.09823399558498896,0.009404388714733543,0.3490566037735849,0.33965221505885135,2048,512,3804,91,23,0.6280863020653292,0.973186119873817,0.4775489720949549,0.46719918660217846,0.22584286073205392,0.6433354488177787,99,0.868421052631579,81,114,1.0,449,114,1.0,878
0,fabp4,boba_ucb,5,2797,47,0.016803718269574545,2560,47,0.8590425531914894,0.44705767740581415,0.21850034384795053,0.6330596353880382,59.51063829787233,59.51063829787233,1.0,2671,0.8806310332499107,17.59640584050917,0.6641958355903625,0.11144695649254155,0.476,0.928,0.507,0.01721170395869191,0.02142857142857143,0.3142857142857143,0.29285714285714287,2048,512,237,38,9,0.6667554633622049,0.9915611814345991,0.5181938943340018,0.5355724697563626,0.2932136863088902,0.7810230335905164,47,1.0,68,47,1.0,367,47,1.0,662
0,fabp4,rabvs_budgeted_no_ucb,5,2797,47,0.016803718269574545,2560,47,0.8683510638297872,0.44632550682725325,0.21468615731051696,0.625815658794148,39.673758865248224,51.00911854103343,0.9196980709701996,2671,0.8806310332499107,17.222014226881317,0.6565816402435303,0.11557545561630245,0.628,0.946,0.655,0.015025041736227046,0.02857142857142857,0.30714285714285716,0.2785714285714286,2048,512,237,38,9,0.6751618080447184,1.0,0.43142704889488,0.4247710783849739,0.18529862159195493,0.5607789513930611,46,0.9787234042553191,69,46,0.9787234042553191,414,46,0.9787234042553191,677
1,fabp4,boba_ucb,5,2797,47,0.016803718269574545,2560,47,0.824468085106383,0.44756102173034634,0.2184892255166907,0.6303784313705716,59.51063829787233,59.51063829787233,1.0,2671,0.8806310332499107,17.59640584050917,0.6668475270271301,0.11114413959556424,0.492,0.9299999999999999,0.521,0.019400352733686066,0.04285714285714286,0.29285714285714287,0.25,2048,512,237,38,9,0.6775117174313082,0.9831223628691983,0.5294409190940931,0.5390531388710702,0.2960455240589656,0.7869208149789628,47,1.0,66,47,1.0,360,47,1.0,653
1,fabp4,rabvs_budgeted_no_ucb,5,2797,47,0.016803718269574545,2560,47,0.8590425531914894,0.44683301850019613,0.21461898297792184,0.6233035971343531,39.673758865248224,55.25987841945288,0.9292587856382517,2671,0.8806310332499107,17.222014226881317,0.6555431485176086,0.11604693423253709,0.63,0.945,0.6579999999999999,0.017064846416382253,0.04285714285714286,0.29285714285714287,0.25,2048,512,237,38,9,0.6651078341472358,1.0,0.4401765633150046,0.4335003508121467,0.19449401105838474,0.578972538671153,46,0.9787234042553191,72,46,0.9787234042553191,413,46,0.9787234042553191,687
2,fabp4,boba_ucb,5,2797,47,0.016803718269574545,2560,47,0.8683510638297872,0.44638869051034435,0.21811482021778705,0.6366291359433556,59.51063829787233,59.51063829787233,1.0,2671,0.8806310332499107,17.59640584050917,0.666753351688385,0.11185132620451577,0.485,0.92,0.523,0.02097902097902098,0.02142857142857143,0.3142857142857143,0.29285714285714287,2048,512,237,38,9,0.6809418671443749,0.9957805907172996,0.507679357413122,0.520218993530235,0.2768237157484536,0.7476483131721084,47,1.0,66,47,1.0,363,47,1.0,647
2,fabp4,rabvs_budgeted_no_ucb,5,2797,47,0.016803718269574545,2560,47,0.8736702127659575,0.44573590122057805,0.21451718939908967,0.6285926797772088,39.673758865248224,46.75835866261398,0.8994413581341746,2671,0.8806310332499107,17.222014226881317,0.6554906964302063,0.11574801520863198,0.628,0.945,0.655,0.019834710743801654,0.02142857142857143,0.3142857142857143,0.29285714285714287,2048,512,237,38,9,0.6692831394978282,1.0,0.41975057649277925,0.4178439778757322,0.1802652824279713,0.5497906258652355,46,0.9787234042553191,69,46,0.9787234042553191,414,46,0.9787234042553191,689
0,fak1,boba_ucb,5,5450,100,0.01834862385321101,2560,98,0.8227040816326531,0.4445335192392274,0.21074227248642233,0.6092796099485316,54.5,54.5,0.9958520559589169,2778,0.9362844036697248,35.99712023038157,0.6238676905632019,0.11992927156892608,0.42900000000000005,0.913,0.45599999999999996,0.040955631399317405,0.029304029304029304,0.3382352941176471,0.30893126481361777,2048,512,2890,78,20,0.6077721620907902,0.9280276816608997,0.4908687974331166,0.48851092496842186,0.2458030241294172,0.6853666796736585,99,0.99,44,100,1.0,422,100,1.0,877
0,fak1,rabvs_budgeted_no_ucb,5,5450,100,0.01834862385321101,2560,99,0.8718434343434344,0.44410505925448424,0.20750227135528737,0.603287978471473,54.5,52.481481481481474,0.9870189035820371,2778,0.9362844036697248,35.99712023038157,0.6189528107643127,0.11672415508987477,0.813,0.967,0.8240000000000001,0.04049493813273341,0.03296703296703297,0.33455882352941174,0.3015917905623788,2048,512,2890,79,20,0.6231263518892689,0.9910034602076124,0.48534066377127416,0.4700326210945971,0.22571878051201527,0.6436146457711787,93,0.93,50,99,0.99,441,100,1.0,932
1,fak1,boba_ucb,5,5450,100,0.01834862385321101,2560,97,0.8698453608247423,0.4443266226417291,0.20899893842104988,0.605858524640121,54.5,54.5,0.990556579872506,2778,0.9362844036697248,35.99712023038157,0.6191681027412415,0.11742799153592953,0.528,0.925,0.558,0.04661487236403995,0.02564102564102564,0.34191176470588236,0.3162707390648567,2048,512,2890,78,19,0.6017934306999478,0.9359861591695502,0.4908300667310823,0.48050445528652963,0.23774672156565924,0.6685754390165269,98,0.98,44,100,1.0,425,100,1.0,877
1,fak1,rabvs_budgeted_no_ucb,5,5450,100,0.01834862385321101,2560,99,0.8712121212121212,0.4440516392516074,0.20774933119070702,0.6036177421609418,54.5,53.49074074074074,0.9874848209137886,2778,0.9362844036697248,35.63714902807776,0.6134933829307556,0.11736439662046272,0.808,0.963,0.8240000000000001,0.046223224351747465,0.032846715328467155,0.33579335793357934,0.30294664260511217,2048,512,2890,79,20,0.6283944817506213,0.9854671280276817,0.48850925692934544,0.4719055318872762,0.2280531951613635,0.6483817510933435,93,0.93,50,99,0.99,442,99,0.99,927
2,fak1,boba_ucb,5,5450,100,0.01834862385321101,2560,100,0.834375,0.44415367519067817,0.2097051332606349,0.6084148963705603,54.5,54.5,0.9999999999999858,2778,0.9362844036697248,35.99712023038157,0.6171825528144836,0.12126958506786734,0.489,0.928,0.515,0.046357615894039736,0.029304029304029304,0.3382352941176471,0.30893126481361777,2048,512,2890,80,20,0.6101063391921622,0.9397923875432526,0.4905372642767892,0.4842841340312503,0.24083542300067665,0.6747424225488705,100,1.0,44,100,1.0,425,100,1.0,889
2,fak1,rabvs_budgeted_no_ucb,5,5450,100,0.01834862385321101,2560,100,0.866875,0.4440234253842072,0.2073486703155823,0.6029364848399151,54.5,54.5,0.9950057931533297,2778,0.9362844036697248,35.99712023038157,0.6184848546981812,0.11650793296171091,0.787,0.968,0.7989999999999999,0.046822742474916385,0.029304029304029304,0.3382352941176471,0.30893126481361777,2048,512,2890,80,20,0.6211987980904059,0.9788927335640139,0.4909492435315671,0.47227597058049453,0.22810329149345923,0.6485929319138615,95,0.95,49,100,1.0,442,100,1.0,929
0,fgfr1,boba_ucb,5,8839,139,0.01572576083267338,2560,118,0.8024364406779662,0.4529038151248504,0.22293837597023636,0.6444423145648145,63.589928057553955,63.589928057553955,0.9558390136275874,3072,0.9565561715126145,44.270833333333336,0.6069648861885071,0.10853030171061329,0.506,0.904,0.5409999999999999,0.1256544502617801,0.06334841628959276,0.24434389140271492,0.18099547511312217,2048,512,6279,94,24,0.6745677840896421,0.9764293677337156,0.48228637890848003,0.47830720984523,0.24128535325364037,0.6815098888678227,100,0.7194244604316546,100,134,0.9640287769784173,478,136,0.9784172661870504,927
0,fgfr1,rabvs_budgeted_no_ucb,5,8839,139,0.01572576083267338,2560,135,0.8490740740740741,0.4512529621377028,0.2171686109434151,0.6312766541129075,63.589928057553955,49.137671680837144,0.9592055493926667,3072,0.9565561715126145,44.270833333333336,0.610992431640625,0.1096218273144055,0.815,0.971,0.8240000000000001,0.12474012474012475,0.06108597285067873,0.251131221719457,0.19004524886877827,2048,512,6279,108,27,0.6990343282990052,0.9995222169135213,0.4808765202438328,0.46078114947604176,0.22007626244491402,0.6310406721013714,78,0.5611510791366906,100,136,0.9784172661870504,494,136,0.9784172661870504,989
1,fgfr1,boba_ucb,5,8839,139,0.01572576083267338,2560,122,0.805327868852459,0.4529342410479603,0.22255450031105944,0.6444779104751636,63.589928057553955,63.589928057553955,0.9751920485284219,3072,0.9565561715126145,45.247395833333336,0.6170674562454224,0.1053061189120108,0.499,0.884,0.5449999999999999,0.132829373650108,0.07239819004524888,0.2398190045248869,0.16742081447963802,2048,512,6279,98,24,0.7199788323848995,0.9843924191750278,0.4725717831195387,0.4696681930816648,0.23321789000262877,0.6670993826867045,100,0.7194244604316546,100,136,0.9784172661870504,462,139,1.0,892
1,fgfr1,rabvs_budgeted_no_ucb,5,8839,139,0.01572576083267338,2560,138,0.8365036231884058,0.45130336958803235,0.2181297760213537,0.6365951861747817,63.589928057553955,49.137671680837144,0.9727316531215532,3072,0.9565561715126145,45.247395833333336,0.6158109307289124,0.10672634917612556,0.764,0.949,0.785,0.12947368421052632,0.07013574660633484,0.24434389140271492,0.17420814479638008,2048,512,6279,110,28,0.7735123194566291,0.9998407389711738,0.47857549704949615,0.45396011288079224,0.21339507173004477,0.617439130359553,76,0.5467625899280576,100,139,1.0,479,139,1.0,973
2,fgfr1,boba_ucb,5,8839,139,0.01572576083267338,2560,130,0.79375,0.4512167199279642,0.2216893771656561,0.6496096242404217,63.589928057553955,63.589928057553955,0.9901698947000074,3072,0.9565561715126145,45.247395833333336,0.6205897331237793,0.10484331005939918,0.491,0.883,0.531,0.13127001067235858,0.06561085972850679,0.248868778280543,0.18325791855203621,2048,512,6279,104,26,0.7601429344977102,0.9837553750597229,0.46996092316116655,0.46842198064085566,0.2319892688576087,0.6651639416313891,100,0.7194244604316546,100,138,0.9928057553956835,466,139,1.0,908
2,fgfr1,rabvs_budgeted_no_ucb,5,8839,139,0.01572576083267338,2560,137,0.8280109489051095,0.45107196464035704,0.21778801510469184,0.6363926942125878,63.589928057553955,49.137671680837144,0.9675532742737891,3072,0.9565561715126145,45.247395833333336,0.6174389719963074,0.10647724731790531,0.785,0.9410000000000001,0.8049999999999999,0.12906610703043023,0.07013574660633484,0.24434389140271492,0.17420814479638008,2048,512,6279,110,27,0.72248988112104,0.9996814779423475,0.47977728198018105,0.45603342171722294,0.2155600640158897,0.6218149509782559,75,0.539568345323741,100,138,0.9928057553956835,478,139,1.0,971
0,fkb1a,boba_ucb,5,5911,111,0.018778548468956182,2560,110,0.8698863636363636,0.44375337338750337,0.20815121040623213,0.603629841216146,53.252252252252255,53.252252252252255,0.9999498537210558,2796,0.940872948739638,39.69957081545064,0.6067665815353394,0.1222035327779627,0.5389999999999999,0.973,0.5429999999999999,0.10092807424593968,0.016891891891891893,0.3581081081081081,0.34121621621621623,2048,512,3351,88,22,0.624959116369854,0.9806028051327962,0.47956915088463503,0.4774188552747454,0.23385109391559497,0.660088049645752,100,0.9009009009009009,80,111,1.0,429,111,1.0,847
0,fkb1a,rabvs_budgeted_no_ucb,5,5911,111,0.018778548468956182,2560,111,0.875,0.44375607599821965,0.20713561645286707,0.6022596687445522,53.252252252252255,53.252252252252255,0.9992083061912352,2796,0.940872948739638,39.69957081545064,0.6126906275749207,0.12131520545082397,0.76,0.987,0.763,0.09436008676789588,0.016891891891891893,0.3581081081081081,0.34121621621621623,2048,512,3351,89,22,0.6248423785071636,0.9904506117576842,0.4854227545966445,0.46480882616243535,0.22108742641010937,0.6340940252620485,99,0.8918918918918919,89,111,1.0,473,111,1.0,947
1,fkb1a,boba_ucb,5,5911,111,0.018778548468956182,2560,110,0.8721590909090909,0.443885830508315,0.20904485608914566,0.6054096792419317,53.252252252252255,53.252252252252255,0.9999498537210558,2796,0.940872948739638,39.69957081545064,0.6108916997909546,0.12035683975627443,0.509,0.967,0.521,0.10344827586206896,0.016891891891891893,0.3581081081081081,0.34121621621621623,2048,512,3351,88,22,0.6020688817166978,0.9385258131900925,0.4904137081006417,0.4843316273766914,0.24091383372481814,0.6747340833879837,100,0.9009009009009009,80,111,1.0,435,111,1.0,856
1,fkb1a,rabvs_budgeted_no_ucb,5,5911,111,0.018778548468956182,2560,111,0.875,0.4437646296769175,0.207401619853726,0.6026616192768449,53.252252252252255,53.252252252252255,1.0,2796,0.940872948739638,39.69957081545064,0.608009934425354,0.12267003406127452,0.762,0.992,0.763,0.09793253536452666,0.006756756756756757,0.36824324324324326,0.3614864864864865,2048,512,3351,89,22,0.6345911669537481,0.9925395404356908,0.4874585040250777,0.46819080074108543,0.22438231376091577,0.6408707073273324,100,0.9009009009009009,88,111,1.0,469,111,1.0,949
2,fkb1a,boba_ucb,5,5911,111,0.018778548468956182,2560,110,0.8721590909090909,0.44372433532406885,0.2085742334204341,0.6046084094530237,53.252252252252255,53.252252252252255,0.9999498537210558,2796,0.940872948739638,39.69957081545064,0.6161060333251953,0.11879861224729205,0.498,0.958,0.506,0.10295857988165681,0.016891891891891893,0.3581081081081081,0.34121621621621623,2048,512,3351,88,22,0.6111346666288029,0.9528498955535661,0.4912113913682913,0.4819801843081607,0.23861021381010142,0.6700816840717663,100,0.9009009009009009,80,111,1.0,423,111,1.0,828
2,fkb1a,rabvs_budgeted_no_ucb,5,5911,111,0.018778548468956182,2560,111,0.875,0.4438529326607373,0.20753355087414527,0.6027992582799963,53.252252252252255,53.252252252252255,1.0,2796,0.940872948739638,39.69957081545064,0.6099808216094971,0.12166766784451044,0.745,0.98,0.751,0.09375,0.010135135135135136,0.36486486486486486,0.3547297297297297,2048,512,3351,89,22,0.6049164515722978,0.9626977021784542,0.4959476861953031,0.4700066246198801,0.22644661625230178,0.644977623361513,100,0.9009009009009009,88,111,1.0,471,111,1.0,945
0,fnta,boba_ucb,5,50592,592,0.01170145477545857,2560,412,0.7900485436893204,0.4625855790127599,0.22928269569186407,0.652737253034738,85.45945945945945,85.45945945945945,0.9843657020010663,5120,0.9873497786211258,112.109375,0.5184316039085388,0.1405556461311901,0.6950000000000001,0.956,0.712,0.5701125895598772,0.03873517786561265,0.19367588932806323,0.1549407114624506,2048,512,48032,330,82,0.7259481022372939,0.9913182878081279,0.48137904636671647,0.47139899164569965,0.23436024104507802,0.6630474140258251,100,0.16891891891891891,100,500,0.8445945945945946,500,574,0.9695945945945946,959
0,fnta,rabvs_budgeted_no_ucb,5,50592,592,0.01170145477545857,2560,577,0.8014514731369151,0.46171640435860806,0.2254200313602139,0.643256276835268,85.45945945945945,76.67706441619485,0.9830065173646809,5120,0.9873497786211258,113.671875,0.518532395362854,0.1395209536742944,0.784,0.961,0.796,0.581275720164609,0.02608695652173913,0.2067193675889328,0.1806324110671937,2048,512,48032,462,115,0.830289168610408,0.9989590273151232,0.49826793623708204,0.4681221010992916,0.22778586767608058,0.6474732830315714,100,0.16891891891891891,100,448,0.7567567567567568,499,582,0.9831081081081081,979
1,fnta,boba_ucb,5,50592,592,0.01170145477545857,2560,370,0.7956081081081081,0.46301285168079936,0.22912234518147917,0.6502072277664521,85.45945945945945,85.45945945945945,0.9787965095713759,5120,0.9873497786211258,111.5234375,0.5136986374855042,0.14066313602929104,0.6819999999999999,0.959,0.6970000000000001,0.5658835546475995,0.04189723320158103,0.1893280632411067,0.14743083003952567,2048,512,48032,296,74,0.6717653151008125,0.9838857428381079,0.4771865946697035,0.47155432787714746,0.23467226831636637,0.6635026710190556,100,0.16891891891891891,100,500,0.8445945945945946,500,571,0.964527027027027,963
1,fnta,rabvs_budgeted_no_ucb,5,50592,592,0.01170145477545857,2560,569,0.8138181019332161,0.4617314039954824,0.2249669129563527,0.641199723545184,85.45945945945945,79.5482320264929,0.9839094653858715,5120,0.9873497786211258,113.28125,0.5177693963050842,0.13951492018250256,0.812,0.971,0.821,0.5739041794087666,0.021739130434782608,0.21146245059288538,0.18972332015810278,2048,512,48032,455,114,0.7568274056178158,0.9998959027315123,0.49682175883803514,0.46936666905055785,0.22864251413886746,0.6481698514310161,100,0.16891891891891891,100,465,0.785472972972973,499,580,0.9797297297297297,988
2,fnta,boba_ucb,5,50592,592,0.01170145477545857,2560,342,0.8212719298245614,0.46358981370604413,0.22960079426037527,0.6512075319818559,85.45945945945945,85.12167503471852,0.9836419930840092,5120,0.9873497786211258,112.6953125,0.5220046639442444,0.13702852472356997,0.646,0.943,0.6699999999999999,0.5724489795918367,0.05533596837944664,0.1766798418972332,0.12134387351778657,2048,512,48032,274,68,0.7477894101103175,0.9943162891405729,0.48487156200225456,0.4709133017304036,0.23401258063139185,0.6609501960977624,100,0.16891891891891891,100,498,0.8412162162162162,500,577,0.9746621621621622,952
2,fnta,rabvs_budgeted_no_ucb,5,50592,592,0.01170145477545857,2560,583,0.7974914236706689,0.46164149191703546,0.22496640880266322,0.6421496324298546,85.45945945945945,77.69041769041769,0.9876641268396021,5120,0.9873497786211258,114.453125,0.524839460849762,0.13679272723315816,0.78,0.97,0.791,0.5823950870010235,0.028853754940711462,0.20395256916996046,0.175098814229249,2048,512,48032,466,117,0.8085914145641561,0.9996044303797469,0.4998728120318803,0.46775017406303865,0.22703888133766637,0.64527951836554,100,0.16891891891891891,100,454,0.7668918918918919,500,586,0.9898648648648649,979
0,fpps,boba_ucb,5,8935,85,0.009513150531617236,2560,85,0.875,0.4655527570830557,0.2309042989128308,0.6529829240021581,105.11764705882352,100.39325842696628,0.9999999999999569,3072,0.9570229434806939,27.669270833333332,0.6026102900505066,0.11369740149063234,0.375,0.975,0.378,0.04964539007092199,0.0022371364653243847,0.18791946308724833,0.18568232662192394,2048,512,6375,68,17,0.6070052901879104,0.8649411764705882,0.5111547264293363,0.4919699030682353,0.25332849006156966,0.7015712727071707,85,1.0,68,85,1.0,395,85,1.0,695
0,fpps,rabvs_budgeted_no_ucb,5,8935,85,0.009513150531617236,2560,85,0.875,0.46563712841912464,0.22739744853830007,0.6445350023895493,105.11764705882352,100.39325842696628,0.9969820990092322,3072,0.9570229434806939,27.669270833333332,0.5887625217437744,0.1254964525620469,0.726,0.992,0.726,0.044136191677175286,0.008948545861297539,0.18120805369127516,0.17225950782997762,2048,512,6375,68,17,0.6413406777181894,0.9813333333333333,0.5080405456085181,0.47460077349470825,0.2336482902142216,0.6588196054247294,85,1.0,68,85,1.0,434,85,1.0,810
1,fpps,boba_ucb,5,8935,85,0.009513150531617236,2560,85,0.875,0.4656709854632681,0.2304295533009554,0.6509948538653451,105.11764705882352,100.39325842696628,0.9999999999999569,3072,0.9570229434806939,27.669270833333332,0.5854556560516357,0.11854052511343882,0.42800000000000005,0.975,0.43000000000000005,0.05449591280653951,0.0022371364653243847,0.18791946308724833,0.18568232662192394,2048,512,6375,68,17,0.6023353485721952,0.8516078431372549,0.5149049471974934,0.490860820340444,0.2515686326260748,0.6964585450468278,85,1.0,68,85,1.0,375,85,1.0,695
1,fpps,rabvs_budgeted_no_ucb,5,8935,85,0.009513150531617236,2560,85,0.875,0.46556059796001104,0.2272482253405836,0.6442410948827285,105.11764705882352,100.39325842696628,0.99920775897987,3072,0.9570229434806939,27.669270833333332,0.5898790955543518,0.12345048354800914,0.722,0.989,0.722,0.0488997555012225,0.0,0.19015659955257272,0.19015659955257272,2048,512,6375,68,17,0.6353341232948113,0.9785098039215686,0.5056441513899139,0.4744213315598371,0.23322363843572416,0.6580758608902753,85,1.0,68,85,1.0,435,85,1.0,816
2,fpps,boba_ucb,5,8935,85,0.009513150531617236,2560,85,0.875,0.4655032300189844,0.2308063166585056,0.6525107908493576,105.11764705882352,100.39325842696628,0.9999999999999569,3072,0.9570229434806939,27.669270833333332,0.6118283867835999,0.1103683781187732,0.41400000000000003,0.979,0.41600000000000004,0.06149732620320856,0.0,0.19015659955257272,0.19015659955257272,2048,512,6375,68,17,0.6187476648014136,0.8917647058823529,0.5177750053329807,0.49189554726053103,0.252813209398842,0.7000879765673085,85,1.0,69,85,1.0,376,85,1.0,676
2,fpps,rabvs_budgeted_no_ucb,5,8935,85,0.009513150531617236,2560,85,0.875,0.4655636352548131,0.22713309824466746,0.6440274862024433,105.11764705882352,100.39325842696628,0.9990267611673941,3072,0.9570229434806939,27.669270833333332,0.5886723399162292,0.12266933612976649,0.71,0.985,0.71,0.055222088835534214,0.0022371364653243847,0.18791946308724833,0.18568232662192394,2048,512,6375,68,17,0.634732553693891,0.976,0.5077662903062652,0.474199840012373,0.23278174763875337,0.6572895070322722,85,1.0,68,85,1.0,425,85,1.0,815
0,gcr,boba_ucb,5,15257,258,0.016910270695418495,2560,220,0.8255681818181818,0.4497503543299137,0.21719575837241994,0.6357375314985396,59.13565891472869,59.13565891472869,0.9711801678581387,3328,0.9727338270957593,76.32211538461539,0.6153594851493835,0.10591748150861346,0.5589999999999999,0.919,0.594,0.2589771490750816,0.06290956749672345,0.2712975098296199,0.20838794233289648,2048,512,12697,176,44,0.6778481471488538,0.9861384579034418,0.4817954049868659,0.4638876389147843,0.2246769663052408,0.647956622755472,100,0.3875968992248062,100,249,0.9651162790697675,457,254,0.9844961240310077,884
0,gcr,rabvs_budgeted_no_ucb,5,15257,258,0.016910270695418495,2560,255,0.8240196078431372,0.4487933300734723,0.21544666685009853,0.6346001848561607,59.13565891472869,59.13565891472869,0.9777770150436867,3328,0.9727338270957593,76.92307692307693,0.6100909113883972,0.10840619564139797,0.788,0.959,0.8069999999999999,0.25559105431309903,0.057667103538663174,0.2804718217562254,0.22280471821756226,2048,512,12697,204,51,0.8201374531456113,0.9997637237142633,0.47904080113396846,0.4567602801221751,0.2147447894026991,0.6208698101775016,100,0.3875968992248062,100,255,0.9883720930232558,469,256,0.9922480620155039,949
1,gcr,boba_ucb,5,15257,258,0.016910270695418495,2560,235,0.7898936170212766,0.44965793368847495,0.21703457605502027,0.632334422259468,59.13565891472869,59.13565891472869,0.9827816105012714,3328,0.9727338270957593,76.62259615384616,0.6196854114532471,0.10304804394138711,0.5900000000000001,0.9319999999999999,0.618,0.2518440463645943,0.05504587155963303,0.2804718217562254,0.2254259501965924,2048,512,12697,188,47,0.7238454554066617,0.9913365361896511,0.48082976311234193,0.46371093266550245,0.2239294026239994,0.644137146222057,100,0.3875968992248062,100,250,0.9689922480620154,477,255,0.9883720930232558,908
1,gcr,rabvs_budgeted_no_ucb,5,15257,258,0.016910270695418495,2560,255,0.825,0.44887708230396917,0.2150541677987115,0.6317015315265838,59.13565891472869,59.13565891472869,0.9809233913086219,3328,0.9727338270957593,77.52403846153847,0.6172818541526794,0.10479174474070785,0.795,0.962,0.812,0.25,0.045871559633027525,0.29226736566186107,0.24639580602883354,2048,512,12697,204,51,0.8023985353029519,0.9998424824761755,0.4790431255527341,0.45512664615538845,0.21343711395668047,0.6179871766717179,100,0.3875968992248062,100,257,0.9961240310077519,477,258,1.0,954
2,gcr,boba_ucb,5,15257,258,0.016910270695418495,2560,236,0.7703919491525424,0.44919289052753186,0.21729290777621968,0.6361786667717427,59.13565891472869,59.13565891472869,0.9775663901091303,3328,0.9727338270957593,76.32211538461539,0.6155778765678406,0.10408480194864023,0.56,0.929,0.5840000000000001,0.2534611288604899,0.0693717277486911,0.26474442988204455,0.19537270213335345,2048,512,12697,189,47,0.6876516816761297,0.9830668661888635,0.47992194068304084,0.46505792846614136,0.22613911545273127,0.6533132372165462,100,0.3875968992248062,100,247,0.9573643410852714,464,254,0.9844961240310077,890
2,gcr,rabvs_budgeted_no_ucb,5,15257,258,0.016910270695418495,2560,256,0.82470703125,0.4487326282940594,0.21483807323514825,0.6319230067055233,59.13565891472869,59.13565891472869,0.9798177803934607,3328,0.9727338270957593,77.2235576923077,0.611357569694519,0.10760100691347663,0.781,0.958,0.7969999999999999,0.25448785638859556,0.0563564875491481,0.2817824377457405,0.22542595019659242,2048,512,12697,205,51,0.8217986454316863,0.9996849649523509,0.47949693074477373,0.45557313377845077,0.21359334933123794,0.6184427246153462,100,0.3875968992248062,100,256,0.9922480620155039,476,257,0.9961240310077519,960
0,glcm,boba_ucb,5,3854,54,0.01401141670991178,2560,54,0.8668981481481481,0.4555993203085049,0.22401567484974752,0.6432460495051375,71.37037037037038,71.37037037037038,1.0,2714,0.9119745718733783,19.89683124539425,0.6868821978569031,0.08763767249593446,0.579,0.964,0.589,0.034976152623211444,0.06735751295336788,0.21243523316062177,0.1450777202072539,2048,512,1294,43,11,0.6427954719928722,0.9775888717156105,0.5171006928664554,0.484668556202076,0.24365914729887783,0.6797532721207207,54,1.0,63,54,1.0,349,54,1.0,637
0,glcm,rabvs_budgeted_no_ucb,5,3854,54,0.01401141670991178,2560,54,0.875,0.45525669078887093,0.22280512979360764,0.6410744495565387,71.37037037037038,56.730294396961064,0.9535815088035273,2714,0.9119745718733783,19.89683124539425,0.6925017237663269,0.08432681882911075,0.761,0.984,0.765,0.032448377581120944,0.05699481865284974,0.22279792746113988,0.16580310880829013,2048,512,1294,43,11,0.654510920197547,0.9891808346213292,0.5189904448580687,0.4730583538892883,0.23358329217173826,0.6583454293452619,54,1.0,67,54,1.0,402,54,1.0,754
1,glcm,boba_ucb,5,3854,54,0.01401141670991178,2560,54,0.8553240740740741,0.4558137271873144,0.2239871430988168,0.642135387974177,71.37037037037038,71.37037037037038,1.0,2714,0.9119745718733783,19.89683124539425,0.684934675693512,0.0871472622927898,0.5589999999999999,0.953,0.575,0.020967741935483872,0.06735751295336788,0.21243523316062177,0.1450777202072539,2048,512,1294,43,11,0.6945864926952098,1.0,0.5069416899837823,0.47783459875524903,0.23627425864329288,0.6636451868529486,54,1.0,66,54,1.0,344,54,1.0,667
1,glcm,rabvs_budgeted_no_ucb,5,3854,54,0.01401141670991178,2560,54,0.8715277777777778,0.4551714298693458,0.22349652125958816,0.6434060616173365,71.37037037037038,56.730294396961064,0.9519521294863829,2714,0.9119745718733783,19.89683124539425,0.6911306381225586,0.08476212341795175,0.752,0.983,0.758,0.020155038759689922,0.06217616580310881,0.21761658031088082,0.15544041450777202,2048,512,1294,43,11,0.6775743931178175,0.9969088098918083,0.516870424351067,0.4743842948784061,0.2345666880219493,0.6601278502154438,54,1.0,69,54,1.0,403,54,1.0,752
2,glcm,boba_ucb,5,3854,54,0.01401141670991178,2560,54,0.8576388888888888,0.45551052324759705,0.2230222228710862,0.6400691730344947,71.37037037037038,71.37037037037038,1.0,2714,0.9119745718733783,19.89683124539425,0.6841685771942139,0.08800281547915922,0.575,0.965,0.5860000000000001,0.02680067001675042,0.06735751295336788,0.21243523316062177,0.1450777202072539,2048,512,1294,43,11,0.6781158519611461,0.991499227202473,0.5019514258218966,0.47262234114629664,0.23228708359670674,0.6559655961164369,54,1.0,66,54,1.0,356,54,1.0,654
2,glcm,rabvs_budgeted_no_ucb,5,3854,54,0.01401141670991178,2560,54,0.8715277777777778,0.45535969752829974,0.22348424380595625,0.6418239717372575,71.37037037037038,60.390313390313395,0.9554010309758008,2714,0.9119745718733783,19.89683124539425,0.6884508728981018,0.08586388495183628,0.769,0.983,0.773,0.024242424242424242,0.06217616580310881,0.21761658031088082,0.15544041450777202,2048,512,1294,43,11,0.6588727294545005,0.9945904173106646,0.5191899777206106,0.47818020293608104,0.23767650230751156,0.6665040860485918,54,1.0,69,54,1.0,400,54,1.0,753
0,gria2,boba_ucb,5,12003,158,0.01316337582271099,2560,145,0.7952586206896551,0.45822599585007123,0.22817834943101326,0.6636223250539567,75.96835443037975,75.96835443037975,0.9776184136549683,3072,0.9680079980004999,50.455729166666664,0.6488012671470642,0.0890569287114974,0.45699999999999996,0.963,0.47,0.1552723059096176,0.05324459234608985,0.20666666666666667,0.1534220743205768,2048,512,9443,116,29,0.8151217891434467,0.9882452610399237,0.49440079556688615,0.46801932757418657,0.23201469508229317,0.6679937722696644,100,0.6329113924050633,100,155,0.9810126582278481,450,155,0.9810126582278481,832
0,gria2,rabvs_budgeted_no_ucb,5,12003,158,0.01316337582271099,2560,154,0.851461038961039,0.4580982819546324,0.2244915914121041,0.6512455618323972,75.96835443037975,59.508544303797464,0.957058457804821,3072,0.9680079980004999,51.106770833333336,0.6413830518722534,0.09188664183729855,0.7070000000000001,0.981,0.712,0.14452709883103082,0.056572379367720464,0.205,0.14842762063227952,2048,512,9443,123,31,0.8040597654375659,0.9998941014508101,0.4931456778220056,0.45572479408401834,0.2159507582656712,0.6222541874037493,74,0.46835443037974683,99,155,0.9810126582278481,472,157,0.9936708860759493,961
1,gria2,boba_ucb,5,12003,158,0.01316337582271099,2560,125,0.799,0.45877058340868365,0.22969249675175107,0.6703834808734532,75.96835443037975,75.96835443037975,0.8968347480014944,3072,0.9680079980004999,46.549479166666664,0.6554279923439026,0.08689556169739243,0.45099999999999996,0.962,0.46099999999999997,0.1443661971830986,0.051580698835274545,0.18666666666666668,0.13508596783139212,2048,512,9443,100,25,0.7082947377230054,0.9779731017685058,0.4994388051283537,0.47373719242269957,0.2386328405160786,0.6781246453819432,100,0.6329113924050633,100,139,0.879746835443038,443,143,0.9050632911392406,799
1,gria2,rabvs_budgeted_no_ucb,5,12003,158,0.01316337582271099,2560,154,0.7816558441558441,0.4575746058806344,0.22427137717012752,0.6540159867696029,75.96835443037975,58.875474683544304,0.9520472758339859,3072,0.9680079980004999,50.78125,0.6486525535583496,0.08946146036467495,0.698,0.98,0.7030000000000001,0.14361140443505807,0.056572379367720464,0.20166666666666666,0.1450942872989462,2048,512,9443,123,31,0.7948623889116795,0.9997882029016203,0.4957041252660436,0.45800582805847795,0.2179818744493408,0.6265792311935614,73,0.4620253164556962,99,155,0.9810126582278481,475,156,0.9873417721518988,952
2,gria2,boba_ucb,5,12003,158,0.01316337582271099,2560,134,0.808768656716418,0.45811349062036183,0.2282672178636221,0.665359206398912,75.96835443037975,75.96835443037975,0.9635611558458779,3072,0.9680079980004999,50.455729166666664,0.656187891960144,0.08722970644472583,0.41900000000000004,0.965,0.42600000000000005,0.15254237288135594,0.05823627287853577,0.2,0.14176372712146423,2048,512,9443,107,27,0.7121503947568936,0.9787143916128349,0.4987783954912844,0.4719065401430298,0.2360731377207811,0.6730059920120236,100,0.6329113924050633,100,154,0.9746835443037974,452,155,0.9810126582278481,840
2,gria2,rabvs_budgeted_no_ucb,5,12003,158,0.01316337582271099,2560,154,0.8340097402597403,0.4573163996976658,0.2247912757870651,0.6576757726400904,75.96835443037975,56.97626582278481,0.9445943797622274,3072,0.9680079980004999,50.455729166666664,0.6458576321601868,0.08953216424975374,0.6910000000000001,0.981,0.6930000000000001,0.14423076923076922,0.04991680532445923,0.20833333333333334,0.15841652800887412,2048,512,9443,123,31,0.7687615940466823,1.0,0.4955781429275911,0.4564414940766885,0.21670852096586485,0.6237204290647286,70,0.4430379746835443,100,154,0.9746835443037974,465,155,0.9810126582278481,944
0,grik1,boba_ucb,5,6651,101,0.015185686362952939,2560,95,0.8664473684210526,0.4524957581838125,0.21925568435311937,0.6310219410917262,65.85148514851485,65.85148514851485,0.998703102130501,2816,0.9470756277251541,35.86647727272727,0.6527159214019775,0.09345117725767083,0.44399999999999995,0.967,0.44799999999999995,0.06658130601792574,0.042042042042042045,0.26126126126126126,0.21921921921921922,2048,512,4091,76,19,0.6255970479000211,0.9300904424346126,0.48130864217325287,0.4812796240228569,0.24169301274537994,0.6788368688978454,97,0.9603960396039604,53,101,1.0,393,101,1.0,778
0,grik1,rabvs_budgeted_no_ucb,5,6651,101,0.015185686362952939,2560,101,0.8712871287128713,0.4526333775498474,0.21751892941758671,0.6260687955646206,65.85148514851485,60.93719521205852,0.9867980946720806,2816,0.9470756277251541,35.86647727272727,0.6616154909133911,0.09369000507416658,0.738,0.989,0.741,0.06272617611580217,0.036036036036036036,0.2672672672672673,0.23123123123123127,2048,512,4091,81,20,0.6853750274456479,0.9975556098753361,0.48715745147712,0.46595522808933465,0.22365247903886212,0.6389584906446313,89,0.8811881188118812,62,101,1.0,422,101,1.0,849
1,grik1,boba_ucb,5,6651,101,0.015185686362952939,2560,99,0.8181818181818182,0.45236542860241047,0.2195438706719306,0.6328473244240738,65.85148514851485,65.85148514851485,0.9999999999999839,2816,0.9470756277251541,35.86647727272727,0.6579131484031677,0.0920812629592187,0.493,0.972,0.499,0.07628294036061026,0.03003003003003003,0.2732732732732733,0.24324324324324326,2048,512,4091,79,20,0.6605004057103334,0.971156196528966,0.4851096128766366,0.4783486994453694,0.23840111537921757,0.674585620966027,100,0.9900990099009901,53,101,1.0,376,101,1.0,733
1,grik1,rabvs_budgeted_no_ucb,5,6651,101,0.015185686362952939,2560,101,0.8712871287128713,0.4525758730520787,0.2173629679167211,0.6260654209217339,65.85148514851485,60.93719521205852,0.9851425850209511,2816,0.9470756277251541,35.86647727272727,0.6586723327636719,0.09539125120244707,0.748,0.985,0.75,0.06875,0.036036036036036036,0.2672672672672673,0.23123123123123127,2048,512,4091,81,20,0.6616420369489171,0.9909557565387436,0.48870158587803175,0.4671931843357748,0.22478983952328394,0.6414123227382428,88,0.8712871287128713,63,101,1.0,414,101,1.0,834
2,grik1,boba_ucb,5,6651,101,0.015185686362952939,2560,101,0.8353960396039604,0.4522254841455699,0.21982177156414698,0.6345648186148449,65.85148514851485,65.85148514851485,0.9999999999999839,2816,0.9470756277251541,35.86647727272727,0.6597785353660583,0.09011090891629125,0.476,0.969,0.483,0.06666666666666667,0.03303303303303303,0.2702702702702703,0.23723723723723725,2048,512,4091,81,20,0.6731952930780365,0.9772671718406257,0.4908990298084656,0.47854689169945464,0.2378367326877303,0.6701782764875225,100,0.9900990099009901,52,101,1.0,371,101,1.0,736
2,grik1,rabvs_budgeted_no_ucb,5,6651,101,0.015185686362952939,2560,101,0.8743811881188119,0.4524654421730319,0.2178264349196827,0.6279274152623173,65.85148514851485,57.98862125018472,0.9764296660258281,2816,0.9470756277251541,35.86647727272727,0.6599518656730652,0.09424757230591907,0.729,0.988,0.731,0.06142506142506143,0.036036036036036036,0.2672672672672673,0.23123123123123127,2048,512,4091,81,20,0.6531086187989903,0.9872891713517478,0.48695526988317345,0.4669303187201859,0.22463413097581356,0.6410576968483952,84,0.8316831683168316,66,101,1.0,415,101,1.0,829
0,hdac2,boba_ucb,5,10485,185,0.01764425369575584,2560,181,0.8539364640883977,0.44752823570409,0.21401349834070515,0.6227936439561554,56.67567567567568,56.67567567567568,0.999168791394794,3072,0.9633762517882689,60.221354166666664,0.6122466921806335,0.10909821779936624,0.356,0.905,0.385,0.1902552204176334,0.04,0.31297709923664124,0.27297709923664126,2048,512,7925,145,36,0.6659100226070698,0.9916719242902208,0.49197702879870786,0.47030410347411095,0.22852827470044226,0.6496003511110218,100,0.5405405405405406,100,185,1.0,454,185,1.0,838
0,hdac2,rabvs_budgeted_no_ucb,5,10485,185,0.01764425369575584,2560,182,0.8691620879120879,0.44790001424061576,0.21231400863631933,0.6145030563216674,51.00810810810811,56.13590733590734,0.9893382152352712,3072,0.9633762517882689,60.221354166666664,0.6127066016197205,0.11226158775762718,0.688,0.968,0.6930000000000001,0.1740976645435244,0.04,0.31297709923664124,0.27297709923664126,2048,512,7925,146,36,0.6311763886984539,0.9890220820189275,0.49355561189362235,0.4662657513056035,0.22365282768993125,0.6388999097355444,99,0.5351351351351351,100,184,0.9945945945945946,493,185,1.0,972
1,hdac2,boba_ucb,5,10485,185,0.01764425369575584,2560,177,0.8453389830508474,0.44785443029013955,0.21424699375702494,0.6212675140372457,56.67567567567568,56.67567567567568,0.9963858505728376,3072,0.9633762517882689,60.221354166666664,0.6067712903022766,0.11167192245353252,0.379,0.928,0.399,0.18728323699421964,0.03428571428571429,0.3187022900763359,0.2844165757906216,2048,512,7925,142,35,0.6122235445933023,0.9582334384858044,0.4908830382326406,0.47196757757244434,0.23060287608664942,0.6549365020349341,100,0.5405405405405406,100,184,0.9945945945945946,463,185,1.0,840
1,hdac2,rabvs_budgeted_no_ucb,5,10485,185,0.01764425369575584,2560,184,0.8671875,0.44713501371212866,0.21174205049291464,0.6177250749256091,17.002702702702702,52.8972972972973,0.9783797857562417,3072,0.9633762517882689,60.221354166666664,0.6081035137176514,0.11475565837814672,0.6859999999999999,0.973,0.692,0.16910229645093947,0.03238095238095238,0.32061068702290074,0.28822973464194834,2048,512,7925,147,37,0.6726295502416365,0.9988643533123028,0.4904514056720897,0.46177530438019443,0.2191591208251011,0.6297139906220979,93,0.5027027027027027,100,184,0.9945945945945946,494,185,1.0,976
2,hdac2,boba_ucb,5,10485,185,0.01764425369575584,2560,181,0.8539364640883977,0.44764722343416263,0.21442333044142808,0.6223094234159676,56.67567567567568,56.67567567567568,0.9995293162447831,3072,0.9633762517882689,60.221354166666664,0.6255691051483154,0.10480770987069399,0.353,0.894,0.389,0.18903150525087514,0.02857142857142857,0.3244274809160305,0.29585605234460194,2048,512,7925,145,36,0.631911433210392,0.9704731861198738,0.490204075166722,0.47119333211178577,0.23025852296349275,0.6561034118834695,100,0.5405405405405406,100,185,1.0,463,185,1.0,830
2,hdac2,rabvs_budgeted_no_ucb,5,10485,185,0.01764425369575584,2560,180,0.8729166666666667,0.44766418505350175,0.212412799196994,0.6151887436683648,45.340540540540545,55.596138996139,0.9848406492814294,3072,0.9633762517882689,60.221354166666664,0.6081897616386414,0.11467888773030555,0.683,0.97,0.69,0.1694560669456067,0.02095238095238095,0.3320610687022901,0.31110868774990913,2048,512,7925,144,36,0.630923866012729,0.9888958990536277,0.4965505375462586,0.4694442884807945,0.22705900526772005,0.6456872406173095,98,0.5297297297297298,100,184,0.9945945945945946,493,185,1.0,973
0,hdac8,boba_ucb,5,10620,170,0.0160075329566855,2560,169,0.8391272189349113,0.4501986431088669,0.2156971540150044,0.6255377789653997,62.470588235294116,62.470588235294116,0.9998966805481163,3072,0.9638418079096045,55.338541666666664,0.640539288520813,0.0987149022456788,0.406,0.948,0.42900000000000005,0.17508813160987075,0.02448210922787194,0.295668549905838,0.2711864406779661,2048,512,8060,135,34,0.6556403572791708,0.9832506203473945,0.4984114246113428,0.47125098519801284,0.22943063938807834,0.6532918070734094,100,0.5882352941176471,100,170,1.0,457,170,1.0,838
0,hdac8,rabvs_budgeted_no_ucb,5,10620,170,0.0160075329566855,2560,170,0.8632352941176471,0.4502931375001981,0.2143193510922296,0.6207321174652726,17.037433155080212,57.755826859045506,0.9809192387153858,3072,0.9638418079096045,55.338541666666664,0.6353464722633362,0.10275317587818111,0.6970000000000001,0.983,0.704,0.15602094240837697,0.030131826741996232,0.2900188323917137,0.2598870056497175,2048,512,8060,136,34,0.6518100191566971,0.9942928039702233,0.49721780635489793,0.46816895088191174,0.2248984114600075,0.6415570131878371,92,0.5411764705882353,100,170,1.0,489,170,1.0,973
1,hdac8,boba_ucb,5,10620,170,0.0160075329566855,2560,165,0.8507575757575757,0.4505544696972762,0.21505387873602388,0.6196182370650682,62.470588235294116,62.470588235294116,0.9940823909809369,3072,0.9638418079096045,55.338541666666664,0.6213729381561279,0.10775829623857092,0.41300000000000003,0.955,0.43000000000000005,0.1794871794871795,0.02824858757062147,0.2919020715630885,0.263653483992467,2048,512,8060,132,33,0.6126347809147638,0.9686104218362283,0.49870298678055996,0.4750817502016468,0.23273835299977577,0.6581527417334099,100,0.5882352941176471,100,169,0.9941176470588236,443,170,1.0,799
1,hdac8,rabvs_budgeted_no_ucb,5,10620,170,0.0160075329566855,2560,166,0.8723644578313253,0.45032961746642997,0.21361940780451713,0.6166358191039855,51.112299465240646,61.29189789123196,0.985445361875831,3072,0.9638418079096045,55.013020833333336,0.6241502165794373,0.10924148467629557,0.729,0.995,0.729,0.15287958115183245,0.02824858757062147,0.2919020715630885,0.263653483992467,2048,512,8060,133,33,0.6307819469824538,0.9869727047146402,0.5011007468367356,0.47082703876616333,0.2278047642631398,0.647432818011284,98,0.5764705882352941,100,168,0.9882352941176471,500,169,0.9941176470588236,980
2,hdac8,boba_ucb,5,10620,170,0.0160075329566855,2560,169,0.853180473372781,0.45057113365913837,0.2161320058932091,0.6245832580596588,62.470588235294116,62.470588235294116,0.999858747906083,3072,0.9638418079096045,55.338541666666664,0.640555202960968,0.09945866590504526,0.42100000000000004,0.947,0.44199999999999995,0.1720554272517321,0.032015065913371,0.288135593220339,0.256120527306968,2048,512,8060,135,34,0.6319801511091327,0.9769230769230769,0.49881129283309933,0.47324214731087155,0.23082184824970767,0.6544548166407922,100,0.5882352941176471,100,170,1.0,454,170,1.0,831
2,hdac8,rabvs_budgeted_no_ucb,5,10620,170,0.0160075329566855,2560,170,0.8661764705882353,0.4502793771095771,0.2140819438662682,0.6204246049248444,28.39572192513369,58.93451720310766,0.9846018950055339,3072,0.9638418079096045,55.338541666666664,0.6301554441452026,0.10495487768526746,0.7110000000000001,0.984,0.7170000000000001,0.15569487983281086,0.03389830508474576,0.2862523540489642,0.2523540489642184,2048,512,8060,136,34,0.6509508262177253,0.996650124069479,0.4980881001100399,0.4674975911443424,0.2241650441100222,0.6400266446809978,94,0.5529411764705883,100,170,1.0,493,170,1.0,980
0,hivint,boba_ucb,5,6750,100,0.014814814814814815,2560,99,0.8415404040404041,0.45277545912153405,0.22012960461090403,0.6379121402413098,67.5,67.5,0.9924178223981802,2816,0.9478518518518518,35.51136363636364,0.6528502106666565,0.09405359494675736,0.45599999999999996,0.905,0.46699999999999997,0.08847497089639116,0.023668639053254437,0.27002967359050445,0.24636103453725,2048,512,4190,79,20,0.6473038856314185,0.9720763723150359,0.5096934532540417,0.48043348664371555,0.2394725835936617,0.6742038589983752,99,0.99,77,99,0.99,425,100,1.0,823
0,hivint,rabvs_budgeted_no_ucb,5,6750,100,0.014814814814814815,2560,98,0.8743622448979592,0.4532790274813829,0.21829713826191235,0.6294831379252179,67.5,60.5514705882353,0.96723440226301,2816,0.9478518518518518,35.15625,0.6366592049598694,0.10254048587058462,0.786,0.948,0.791,0.08064516129032258,0.029585798816568046,0.26706231454005935,0.23747651572349132,2048,512,4190,78,20,0.6313414228984795,0.9840095465393794,0.5159352313425765,0.47557198908537096,0.2332786600825642,0.6582950989922516,86,0.86,82,99,0.99,466,99,0.99,942
1,hivint,boba_ucb,5,6750,100,0.014814814814814815,2560,98,0.8545918367346939,0.4532953273795499,0.21911239436756755,0.6309675931118914,67.5,67.5,0.9889599051239204,2816,0.9478518518518518,35.51136363636364,0.6400638818740845,0.0981633347597688,0.46499999999999997,0.908,0.475,0.08747044917257683,0.020710059171597635,0.27299703264094954,0.2522869734693519,2048,512,4190,78,20,0.6200746272224793,0.9591885441527447,0.5119594075234162,0.47893602079760955,0.23809246111760354,0.6718547771116012,98,0.98,77,99,0.99,421,100,1.0,835
1,hivint,rabvs_budgeted_no_ucb,5,6750,100,0.014814814814814815,2560,100,0.861875,0.452594407661899,0.21801078202327104,0.6343335701105229,67.5,62.536764705882355,0.9739064394082717,2816,0.9478518518518518,35.51136363636364,0.6419401168823242,0.09970348214388136,0.784,0.945,0.79,0.08078602620087336,0.023668639053254437,0.27299703264094954,0.2493283935876951,2048,512,4190,80,20,0.6648232205681145,0.9978520286396182,0.5041780411436672,0.4674315330559152,0.22495842926384546,0.6412218093330561,78,0.78,87,100,1.0,461,100,1.0,947
2,hivint,boba_ucb,5,6750,100,0.014814814814814815,2560,99,0.8623737373737373,0.45301113972893753,0.2193884801155397,0.6344605360886676,67.5,67.5,0.998458490197128,2816,0.9478518518518518,35.51136363636364,0.653184175491333,0.09515341466762417,0.476,0.903,0.487,0.09685230024213075,0.026627218934911243,0.27002967359050445,0.2434024546555932,2048,512,4190,79,20,0.6554648322942328,0.981145584725537,0.5069402971336867,0.47697124084373566,0.2353032997127619,0.6637557175874215,98,0.98,77,100,1.0,419,100,1.0,812
2,hivint,rabvs_budgeted_no_ucb,5,6750,100,0.014814814814814815,2560,99,0.8699494949494949,0.4533380976464811,0.21833191955392822,0.6296216998340145,67.5,62.536764705882355,0.9710927055588883,2816,0.9478518518518518,35.15625,0.6380574703216553,0.10181659054471048,0.786,0.947,0.791,0.08440170940170941,0.023668639053254437,0.27299703264094954,0.2493283935876951,2048,512,4190,79,20,0.6366366033525906,0.9861575178997614,0.5133197526120696,0.4755847592231924,0.23303034871226191,0.6579167909689632,82,0.82,84,99,0.99,471,99,0.99,951
0,hivpr,boba_ucb,5,36286,536,0.0147715372319903,2560,360,0.7555555555555555,0.45580402569620515,0.22309793797881222,0.6409159730974608,67.69776119402985,67.69776119402985,0.9854120147396725,4352,0.9850079920630547,120.40441176470588,0.49652037024497986,0.13703834847540342,0.603,0.942,0.611,0.5254413291796469,0.04352617079889807,0.24917309812568908,0.20564692732679102,2048,512,33726,288,72,0.6445890151751638,0.9659313289450275,0.46832792697213055,0.4666336723335931,0.23014227160718703,0.6566919526976885,100,0.1865671641791045,100,491,0.9160447761194029,497,524,0.9776119402985075,917
0,hivpr,rabvs_budgeted_no_ucb,5,36286,536,0.0147715372319903,2560,514,0.8234435797665369,0.455601287239436,0.22016898543198343,0.6320417192599697,67.69776119402985,67.69776119402985,0.9824973898126708,4352,0.9850079920630547,120.40441176470588,0.5165373086929321,0.13220910087539006,0.798,0.975,0.802,0.5194672131147541,0.023691460055096418,0.269018743109151,0.2453272830540546,2048,512,33726,411,103,0.7470383796828953,0.9995848899958489,0.4817393847690137,0.46365413931785315,0.22349840443950333,0.637975807909287,100,0.1865671641791045,100,477,0.8899253731343284,497,524,0.9776119402985075,977
1,hivpr,boba_ucb,5,36286,536,0.0147715372319903,2560,312,0.858573717948718,0.45693811523908057,0.22427010403270223,0.6404812575818537,67.69776119402985,67.69776119402985,0.973563613786485,4352,0.9850079920630547,118.10661764705883,0.5081232190132141,0.13183689446387992,0.62,0.958,0.627,0.5128733264675592,0.06170798898071626,0.23153252480705622,0.16982453582633997,2048,512,33726,250,62,0.6165693061175697,0.9304097728755263,0.47003422549277085,0.4675022405992633,0.2311525731610015,0.6557724620632689,100,0.1865671641791045,100,487,0.9085820895522388,497,514,0.9589552238805971,918
1,hivpr,rabvs_budgeted_no_ucb,5,36286,536,0.0147715372319903,2560,513,0.8244395711500975,0.4554552337701495,0.2199525940013809,0.6324767967859649,67.69776119402985,67.69776119402985,0.982164892537526,4352,0.9850079920630547,120.40441176470588,0.5159651637077332,0.1330512735834729,0.787,0.972,0.791,0.5204918032786885,0.030303030303030304,0.2624035281146637,0.23210049781163342,2048,512,33726,410,103,0.7498902825743566,0.9997627942833422,0.48371927351585536,0.46345392013649656,0.22307265352667177,0.637154074002189,100,0.1865671641791045,100,475,0.8861940298507462,496,524,0.9776119402985075,974
2,hivpr,boba_ucb,5,36286,536,0.0147715372319903,2560,338,0.764792899408284,0.4567508870951057,0.22439956685834136,0.6412398044281407,67.69776119402985,67.69776119402985,0.9759497163702731,4352,0.9850079920630547,118.56617647058823,0.49927595257759094,0.13656869610242117,0.593,0.945,0.602,0.5107692307692308,0.05950413223140496,0.23042998897464168,0.1709258567432367,2048,512,33726,270,68,0.6586266391243448,0.975627112613414,0.4622404334185566,0.46722973417130487,0.23121681362828242,0.6562735190945179,100,0.1865671641791045,100,491,0.9160447761194029,500,516,0.9626865671641791,917
2,hivpr,rabvs_budgeted_no_ucb,5,36286,536,0.0147715372319903,2560,513,0.8278508771929824,0.4555365071418901,0.22003993340579275,0.6318239142038271,67.69776119402985,67.69776119402985,0.9848793566773287,4352,0.9850079920630547,121.09375,0.5213243365287781,0.1296589610161455,0.792,0.976,0.794,0.5204081632653061,0.024242424242424242,0.2695700110253583,0.2453275867829341,2048,512,33726,410,103,0.7787244633518062,0.9999110478562533,0.4835174651825185,0.46367037455039545,0.2234150857163887,0.6378479103395545,100,0.1865671641791045,100,479,0.8936567164179104,499,527,0.9832089552238806,972
0,hivrt,boba_ucb,5,19229,338,0.017577617140776953,2560,259,0.6966698841698842,0.4489448386863502,0.222631364236493,0.6725438171359327,56.890532544378694,56.890532544378694,0.8842409450818811,3584,0.9767018565708045,82.31026785714286,0.6129125952720642,0.10616112099883523,0.49,0.9339999999999999,0.511,0.30032292787944026,0.08004158004158005,0.2445369406867846,0.16449536064520456,2048,512,16669,207,52,0.9498299264734305,0.9946607474953506,0.4790494435319942,0.4517684746006901,0.2177410044599887,0.6421701024453238,100,0.2958579881656805,100,276,0.8165680473372781,476,295,0.8727810650887574,893
0,hivrt,rabvs_budgeted_no_ucb,5,19229,338,0.017577617140776953,2560,293,0.7677047781569966,0.4498419489915435,0.22037551207332604,0.6584345842873519,56.890532544378694,42.66789940828402,0.8615476086594841,3584,0.9767018565708045,85.65848214285714,0.6079040765762329,0.10931172258943822,0.626,0.963,0.643,0.3024948024948025,0.08627858627858628,0.25078043704474506,0.16450185076615878,2048,512,16669,234,59,0.943059999088735,0.9998800167976484,0.47536513732626773,0.44167629312773876,0.2038197941773878,0.5991821949470291,100,0.2958579881656805,100,289,0.8550295857988166,493,307,0.908284023668639,936
1,hivrt,boba_ucb,5,19229,338,0.017577617140776953,2560,240,0.5494791666666666,0.44987215003165476,0.22270047761252637,0.6701197987975184,56.890532544378694,56.890532544378694,0.8863082929302264,3584,0.9767018565708045,82.86830357142857,0.6091126799583435,0.10904631537504839,0.54,0.951,0.565,0.30913091309130913,0.08627858627858628,0.24869927159209157,0.1624206853135053,2048,512,16669,192,48,0.9345185660810935,0.995620613114164,0.47676868525616006,0.44988728616975415,0.21534694521859643,0.6335881556211683,100,0.2958579881656805,100,274,0.8106508875739645,486,297,0.878698224852071,904
1,hivrt,rabvs_budgeted_no_ucb,5,19229,338,0.017577617140776953,2560,292,0.7335188356164384,0.4496194218810103,0.22122176779816372,0.6632696963796761,56.890532544378694,40.89007026627218,0.850850492105416,3584,0.9767018565708045,84.26339285714286,0.6053977012634277,0.1090137347684279,0.594,0.964,0.604,0.30620985010706636,0.08108108108108109,0.24661810613943808,0.165537025058357,2048,512,16669,234,58,0.9461529938291411,0.9995800587917691,0.47645216316014066,0.4444350848181832,0.20742409300177958,0.607537906898502,100,0.2958579881656805,100,287,0.849112426035503,495,302,0.893491124260355,950
2,hivrt,boba_ucb,5,19229,338,0.017577617140776953,2560,248,0.65625,0.4495603158379473,0.22364620651180553,0.6712771232035807,56.890532544378694,56.890532544378694,0.8649535486977076,3584,0.9767018565708045,79.79910714285714,0.6058765053749084,0.1080629025573937,0.514,0.942,0.54,0.28359788359788357,0.07588357588357589,0.24349635796045785,0.16761278207688196,2048,512,16669,198,50,0.9385861331560212,0.9948407222988782,0.4799622932297217,0.45459634521178915,0.22029668423616397,0.6454940440266509,100,0.2958579881656805,100,266,0.7869822485207101,483,286,0.8461538461538461,921
2,hivrt,rabvs_budgeted_no_ucb,5,19229,338,0.017577617140776953,2560,297,0.7148569023569024,0.44973027576616503,0.22294728409182066,0.6680267078577524,56.890532544378694,41.18637512327416,0.8611686057337641,3584,0.9767018565708045,84.26339285714286,0.6103541254997253,0.10723699087356164,0.575,0.962,0.5880000000000001,0.29957805907172996,0.07068607068607069,0.2570239334027055,0.18633786271663483,2048,512,16669,238,59,0.9603651684543125,0.9995200671905933,0.4737798680412846,0.44317702017831595,0.20697082864380775,0.6076543511845398,100,0.2958579881656805,100,292,0.863905325443787,495,302,0.893491124260355,949
0,hmdh,boba_ucb,5,8920,170,0.01905829596412556,2560,169,0.8724112426035503,0.4456619837625338,0.21361060998573106,0.6156806670498952,52.470588235294116,52.470588235294116,0.9999999999999966,3072,0.95695067264574,55.338541666666664,0.6088093519210815,0.11214195639297597,0.577,0.964,0.599,0.16907675194660735,0.013452914798206279,0.36771300448430494,0.3542600896860987,2048,512,6360,135,34,0.6123316706408839,0.9389937106918239,0.46614295614826784,0.47225365940213737,0.232078252082114,0.6560198164930611,100,0.5882352941176471,100,170,1.0,436,170,1.0,827
0,hmdh,rabvs_budgeted_no_ucb,5,8920,170,0.01905829596412556,2560,170,0.875,0.44557417038384034,0.2099445502050072,0.6074524073598095,52.470588235294116,52.470588235294116,0.9999240101184954,3072,0.95695067264574,55.338541666666664,0.6099135875701904,0.12056296840991754,0.878,0.994,0.88,0.16050686378035903,0.008968609865470852,0.3721973094170404,0.3632286995515695,2048,512,6360,136,34,0.6226870029873046,0.984748427672956,0.4702140615795271,0.45800445562908704,0.2165810377687929,0.6242329509786376,100,0.5882352941176471,100,170,1.0,486,170,1.0,948
1,hmdh,boba_ucb,5,8920,170,0.01905829596412556,2560,166,0.875,0.44488231036230247,0.21234845376767283,0.6118666883703338,52.470588235294116,52.470588235294116,0.9992662955016353,3072,0.95695067264574,55.338541666666664,0.5992980003356934,0.11390835608874417,0.528,0.9410000000000001,0.5529999999999999,0.16259298618490967,0.01569506726457399,0.3654708520179372,0.34977578475336324,2048,512,6360,133,33,0.5870871167290364,0.8778301886792453,0.45773250341256866,0.4790509644524878,0.23910398877164774,0.67105637073536,100,0.5882352941176471,100,170,1.0,454,170,1.0,887
1,hmdh,rabvs_budgeted_no_ucb,5,8920,170,0.01905829596412556,2560,170,0.8738970588235294,0.4455944745520067,0.20993956555698276,0.6074812991909675,52.470588235294116,52.470588235294116,0.9999024132380627,3072,0.95695067264574,55.338541666666664,0.6058472990989685,0.12243314838639574,0.881,0.995,0.882,0.1612223393045311,0.013452914798206279,0.36771300448430494,0.3542600896860987,2048,512,6360,136,34,0.6388784124225819,0.9919811320754717,0.47022682079581846,0.4579875467620766,0.21723918918789756,0.6252030741325754,100,0.5882352941176471,100,170,1.0,493,170,1.0,963
2,hmdh,boba_ucb,5,8920,170,0.01905829596412556,2560,170,0.8580882352941176,0.44639944460306136,0.21446058212204233,0.6156710435723536,52.470588235294116,52.470588235294116,0.9999891651878241,3072,0.95695067264574,55.338541666666664,0.6104191541671753,0.11301615390771202,0.5489999999999999,0.956,0.567,0.16887417218543047,0.011210762331838564,0.36995515695067266,0.3587443946188341,2048,512,6360,136,34,0.6224316956538776,0.9569182389937106,0.4581919206088931,0.4756141191894083,0.23550979166670175,0.6633537995705732,100,0.5882352941176471,100,170,1.0,445,170,1.0,853
2,hmdh,rabvs_budgeted_no_ucb,5,8920,170,0.01905829596412556,2560,170,0.8746323529411765,0.445628043006084,0.2100443010087093,0.6077581388857898,52.470588235294116,52.470588235294116,0.9999565146094823,3072,0.95695067264574,55.338541666666664,0.6097251772880554,0.12039712443081219,0.881,0.992,0.883,0.15904365904365905,0.011210762331838564,0.36995515695067266,0.3587443946188341,2048,512,6360,136,34,0.6273023306314702,0.9872641509433963,0.4679280949489458,0.45682489121772585,0.21583701041127046,0.622431909463749,100,0.5882352941176471,100,170,1.0,491,170,1.0,960
0,hs90a,boba_ucb,5,4938,88,0.017820980153908466,2560,88,0.8607954545454546,0.44548100172587046,0.2108911443389731,0.6100833392502871,56.11363636363636,56.11363636363636,0.9999999999999871,2757,0.9302095990279465,31.91875226695684,0.6303079128265381,0.110594090687537,0.517,0.899,0.55,0.03634232121922626,0.020242914979757085,0.3360323886639676,0.3157894736842105,2048,512,2378,70,18,0.6272595884946668,0.9671993271656855,0.49153240292031897,0.48320360292802694,0.2401109145169872,0.6727875757839645,88,1.0,42,88,1.0,404,88,1.0,836
0,hs90a,rabvs_budgeted_no_ucb,5,4938,88,0.017820980153908466,2560,88,0.8742897727272727,0.4453068841552218,0.20987115285037894,0.6083338029270865,56.11363636363636,53.82328385899814,0.9908014022026588,2757,0.9302095990279465,31.91875226695684,0.6305301189422607,0.1118860205743274,0.727,0.9390000000000001,0.74,0.035509736540664374,0.020161290322580645,0.33739837398373984,0.3172370836611592,2048,512,2378,70,18,0.6234365389983841,0.9709840201850294,0.4992689157297962,0.47608907883018975,0.2330933398087061,0.6584345354541487,88,1.0,42,88,1.0,433,88,1.0,906
1,hs90a,boba_ucb,5,4938,88,0.017820980153908466,2560,88,0.8579545454545454,0.4455791594692321,0.21109128598427557,0.6106685900574689,56.11363636363636,56.11363636363636,0.9999999999999871,2757,0.9302095990279465,31.91875226695684,0.6304161548614502,0.11041584988899955,0.51,0.896,0.54,0.03411764705882353,0.024291497975708502,0.3319838056680162,0.3076923076923077,2048,512,2378,70,18,0.6201743546451527,0.9684608915054668,0.49201416096794726,0.487437451516528,0.2438357751670837,0.6807521320728183,88,1.0,42,88,1.0,407,88,1.0,844
1,hs90a,rabvs_budgeted_no_ucb,5,4938,88,0.017820980153908466,2560,88,0.875,0.44530816146168994,0.20924536299115712,0.6069499460546256,56.11363636363636,54.96846011131725,0.9934198403285976,2757,0.9302095990279465,31.91875226695684,0.6303437352180481,0.1129820969996298,0.754,0.947,0.764,0.0330672748004561,0.024291497975708502,0.3319838056680162,0.3076923076923077,2048,512,2378,70,18,0.6246465353636634,0.9873843566021867,0.4926583224602504,0.47267746485765655,0.22919386562889774,0.6504062099293314,88,1.0,43,88,1.0,437,88,1.0,908
2,hs90a,boba_ucb,5,4938,88,0.017820980153908466,2560,88,0.8707386363636364,0.4455341616245345,0.21114136699139505,0.610899575140211,56.11363636363636,56.11363636363636,0.9999999999999871,2757,0.9302095990279465,31.91875226695684,0.628494143486023,0.11221348524735131,0.485,0.902,0.513,0.03591470258136925,0.024291497975708502,0.3319838056680162,0.3076923076923077,2048,512,2378,70,18,0.61450362942463,0.947434819175778,0.4942808057579895,0.48572316282055544,0.2425506297740768,0.6780940647948851,88,1.0,42,88,1.0,401,88,1.0,845
2,hs90a,rabvs_budgeted_no_ucb,5,4938,88,0.017820980153908466,2560,88,0.875,0.44531887456673563,0.2094588293594507,0.6072743791128251,56.11363636363636,54.96846011131725,0.9919188785883929,2757,0.9302095990279465,31.91875226695684,0.6301839351654053,0.11292796583603992,0.741,0.945,0.754,0.03695150115473441,0.024291497975708502,0.3319838056680162,0.3076923076923077,2048,512,2378,70,18,0.6239021301869188,0.9810765349032801,0.49573272547501684,0.47286379965848063,0.22979855878364916,0.6516186931465292,88,1.0,43,88,1.0,435,88,1.0,909
0,hxk4,boba_ucb,5,4792,92,0.019198664440734557,2560,92,0.8688858695652174,0.4422843480780541,0.20708762679734985,0.6013076192845795,52.08695652173913,52.08695652173913,0.9999999999999938,2751,0.928239774624374,33.44238458742276,0.6113104820251465,0.12133251512846721,0.5740000000000001,0.922,0.599,0.0593505039193729,0.020833333333333332,0.3625,0.3416666666666667,2048,512,2232,74,18,0.6110089208647861,0.9619175627240143,0.48056338007109173,0.48487832857368846,0.24094289344528982,0.6744432080849073,92,1.0,60,92,1.0,430,92,1.0,883
0,hxk4,rabvs_budgeted_no_ucb,5,4792,92,0.019198664440734557,2560,92,0.875,0.44198225628303045,0.20535850723660137,0.5982302165486957,52.08695652173913,52.08695652173913,0.9997743806610109,2751,0.928239774624374,33.44238458742276,0.612765371799469,0.11963763190632537,0.793,0.971,0.8,0.060571428571428575,0.020833333333333332,0.3625,0.3416666666666667,2048,512,2232,74,18,0.6194312958158915,0.9793906810035843,0.47993860480932726,0.47264522615448434,0.22909508878122123,0.6502460831327098,92,1.0,60,92,1.0,459,92,1.0,944
1,hxk4,boba_ucb,5,4792,92,0.019198664440734557,2560,92,0.8729619565217391,0.4423174849068748,0.20673017271946434,0.600563637947499,52.08695652173913,52.08695652173913,0.9999999999999938,2751,0.928239774624374,33.44238458742276,0.6074633002281189,0.1230577767626958,0.56,0.9359999999999999,0.5820000000000001,0.05555555555555555,0.016666666666666666,0.36666666666666664,0.35,2048,512,2232,74,18,0.6075719075764502,0.9610215053763441,0.4787502160628712,0.48258202146968066,0.23866735014796128,0.6697226362164609,92,1.0,60,92,1.0,437,92,1.0,894
1,hxk4,rabvs_budgeted_no_ucb,5,4792,92,0.019198664440734557,2560,92,0.875,0.4419973167366981,0.20538207573098416,0.5981926210098714,52.08695652173913,52.08695652173913,0.9999999999999938,2751,0.928239774624374,33.44238458742276,0.6099993586540222,0.12022603001466536,0.812,0.974,0.823,0.05649717514124294,0.016666666666666666,0.36666666666666664,0.35,2048,512,2232,74,18,0.616662177754204,0.9807347670250897,0.4762490757835235,0.4713427958348541,0.22789074043092708,0.6477757047401436,92,1.0,60,92,1.0,456,92,1.0,933
2,hxk4,boba_ucb,5,4792,92,0.019198664440734557,2560,92,0.8675271739130435,0.4424817215056762,0.20746132558350147,0.6019142410129062,52.08695652173913,52.08695652173913,0.9999999999999938,2751,0.928239774624374,33.44238458742276,0.6105194091796875,0.12128069694630161,0.5489999999999999,0.929,0.575,0.0664488017429194,0.0125,0.37083333333333335,0.35833333333333334,2048,512,2232,74,18,0.608111495707705,0.942652329749104,0.48050542024678616,0.48711552570009753,0.24345319959682157,0.6796741204515074,92,1.0,60,92,1.0,439,92,1.0,887
2,hxk4,rabvs_budgeted_no_ucb,5,4792,92,0.019198664440734557,2560,92,0.8743206521739131,0.44201736999565594,0.2052322710701891,0.5978752077248364,52.08695652173913,52.08695652173913,0.9999999999999938,2751,0.928239774624374,33.44238458742276,0.6076379418373108,0.12136496462517632,0.827,0.976,0.833,0.06853932584269663,0.0125,0.37083333333333335,0.35833333333333334,2048,512,2232,74,18,0.6161604504365541,0.9811827956989247,0.4790400705263718,0.46906392453660267,0.22567224601057123,0.6432414204083714,92,1.0,60,92,1.0,457,92,1.0,940
0,igf1r,boba_ucb,5,9448,148,0.015664690939881456,2560,141,0.825354609929078,0.4518328612154251,0.22097033436180727,0.6374310135174649,63.83783783783784,63.83783783783784,0.9858229530543628,3072,0.9593564775613886,48.177083333333336,0.6233363151550293,0.10234671561329267,0.485,0.907,0.519,0.14301191765980498,0.040169133192389,0.2733050847457627,0.2331359515533737,2048,512,6888,113,28,0.6795741706411991,0.9801103368176539,0.4576820354291892,0.477300082911879,0.23976768724243577,0.6751252702351774,100,0.6756756756756757,100,145,0.9797297297297297,461,148,1.0,862
0,igf1r,rabvs_budgeted_no_ucb,5,9448,148,0.015664690939881456,2560,146,0.8668664383561644,0.45102499247065175,0.2170761731642619,0.6301412944255226,63.83783783783784,63.83783783783784,0.9867005288953548,3072,0.9593564775613886,48.177083333333336,0.6112453937530518,0.1108056032469622,0.8160000000000001,0.955,0.833,0.13664596273291926,0.03171247357293869,0.2817796610169492,0.25006718744401046,2048,512,6888,117,29,0.6599140056730921,0.9952090592334495,0.46501268928829453,0.46013454964630474,0.22023778647810696,0.6312241047622644,100,0.6756756756756757,100,147,0.9932432432432432,496,148,1.0,982
1,igf1r,boba_ucb,5,9448,148,0.015664690939881456,2560,142,0.8591549295774648,0.452261992125552,0.22166005531817826,0.6361205386430143,63.83783783783784,63.83783783783784,0.987422693705644,3072,0.9593564775613886,48.177083333333336,0.6151317358016968,0.10503126126905493,0.497,0.877,0.534,0.14347826086956522,0.02959830866807611,0.2838983050847458,0.25429999641666967,2048,512,6888,114,28,0.6328853007759133,0.9462833914053427,0.44907337411525927,0.48159851705509155,0.24388168166200755,0.6831138000495175,100,0.6756756756756757,100,147,0.9932432432432432,463,148,1.0,869
1,igf1r,rabvs_budgeted_no_ucb,5,9448,148,0.015664690939881456,2560,145,0.8629310344827587,0.45176632095117014,0.21730457532723665,0.6270306714792966,63.83783783783784,63.83783783783784,0.986917217499328,3072,0.9593564775613886,48.177083333333336,0.6085110306739807,0.11157994129140636,0.825,0.955,0.841,0.13664596273291926,0.035940803382663845,0.2775423728813559,0.24160156949869208,2048,512,6888,116,29,0.6727783880684236,0.9963704994192799,0.46593601374243404,0.4600582964494696,0.22032213939383713,0.6313885423686945,100,0.6756756756756757,100,146,0.9864864864864865,493,148,1.0,979
2,igf1r,boba_ucb,5,9448,148,0.015664690939881456,2560,137,0.8686131386861314,0.4525242906329305,0.22052109497253444,0.6307595717375462,63.83783783783784,63.83783783783784,0.9692657895830724,3072,0.9593564775613886,47.200520833333336,0.6020532250404358,0.10937759388860879,0.5469999999999999,0.921,0.5760000000000001,0.13507853403141362,0.019027484143763214,0.288135593220339,0.2691081090765758,2048,512,6888,110,27,0.6357258833571545,0.961527293844367,0.4549301966490074,0.4828281131867929,0.24403259832855584,0.6813625841681759,100,0.6756756756756757,100,143,0.9662162162162162,474,145,0.9797297297297297,898
2,igf1r,rabvs_budgeted_no_ucb,5,9448,148,0.015664690939881456,2560,144,0.8628472222222222,0.45160492549416453,0.21718307756545768,0.6264895334853007,63.83783783783784,63.83783783783784,0.9827161467393009,3072,0.9593564775613886,47.8515625,0.6108530759811401,0.11085482465992347,0.846,0.963,0.857,0.13547052740434332,0.021141649048625793,0.2923728813559322,0.2712312323073064,2048,512,6888,115,29,0.6477876721652244,0.9892566782810686,0.4740580245559739,0.46575736521454153,0.2257001542116433,0.6426059698543772,100,0.6756756756756757,100,146,0.9864864864864865,498,147,0.9932432432432432,979
0,inha,boba_ucb,5,2343,43,0.01835253947930004,2343,43,0.872093023255814,0.4375686640006884,0.2021036940373393,0.5926368414220905,54.48837209302326,54.48837209302326,0.99999999999999,2653,0.8584613743064448,16.208066339992463,0.6726388335227966,0.10567110419181414,0.5469999999999999,0.931,0.5820000000000001,0.02823920265780731,0.059322033898305086,0.3076923076923077,0.24837027379400262,1874,469,0,34,9,,,,,,,43,1.0,78,43,1.0,385,43,1.0,722
0,inha,rabvs_budgeted_no_ucb,5,2343,43,0.01835253947930004,2343,43,0.875,0.4375686640006884,0.2021036940373393,0.5926368414220905,54.48837209302326,54.48837209302326,0.989275786598295,2653,0.8584613743064448,16.208066339992463,0.6757287979125977,0.10690985738074033,0.7050000000000001,0.961,0.723,0.026234567901234566,0.059322033898305086,0.3076923076923077,0.24837027379400262,1874,469,0,34,9,,,,,,,43,1.0,80,43,1.0,451,43,1.0,770
1,inha,boba_ucb,5,2343,43,0.01835253947930004,2343,43,0.8677325581395349,0.4373241041270287,0.20227849466162198,0.5939757101888333,54.48837209302326,54.48837209302326,0.99999999999999,2653,0.8584613743064448,16.208066339992463,0.6715331673622131,0.10610358573427592,0.5489999999999999,0.933,0.583,0.024691358024691357,0.0423728813559322,0.3247863247863248,0.2824134434303926,1874,469,0,34,9,,,,,,,43,1.0,78,43,1.0,381,43,1.0,712
1,inha,rabvs_budgeted_no_ucb,5,2343,43,0.01835253947930004,2343,43,0.872093023255814,0.4373241041270287,0.20227849466162198,0.5939757101888333,54.48837209302326,49.75025278058645,0.9732915541608103,2653,0.8584613743064448,16.208066339992463,0.674619734287262,0.10750187009637313,0.708,0.96,0.727,0.022950819672131147,0.0423728813559322,0.3247863247863248,0.2824134434303926,1874,469,0,34,9,,,,,,,43,1.0,80,43,1.0,452,43,1.0,765
2,inha,boba_ucb,5,2343,43,0.01835253947930004,2343,43,0.8691860465116279,0.43762082586694784,0.20219837358388362,0.5928320099180117,54.48837209302326,54.48837209302326,0.99999999999999,2653,0.8584613743064448,16.208066339992463,0.6717768311500549,0.10592196874725934,0.5469999999999999,0.933,0.581,0.02097902097902098,0.05084745762711865,0.3162393162393162,0.2653918586121976,1874,469,0,34,9,,,,,,,43,1.0,78,43,1.0,388,43,1.0,720
2,inha,rabvs_budgeted_no_ucb,5,2343,43,0.01835253947930004,2343,43,0.875,0.43762082586694784,0.20219837358388362,0.5928320099180117,54.48837209302326,52.119312436804854,0.9853739679508196,2653,0.8584613743064448,16.208066339992463,0.674238920211792,0.10758380263857881,0.71,0.964,0.726,0.019736842105263157,0.05084745762711865,0.3162393162393162,0.2653918586121976,1874,469,0,34,9,,,,,,,43,1.0,80,43,1.0,453,43,1.0,769
0,ital,boba_ucb,5,8638,138,0.015975920351933317,2560,134,0.8586753731343284,0.4508857505877184,0.21865984480951167,0.6312348665250902,62.594202898550726,62.594202898550726,0.9974243775760706,3072,0.9555452651076638,44.921875,0.6087401509284973,0.10953930352780827,0.45299999999999996,0.926,0.472,0.12899786780383796,0.023148148148148147,0.2962962962962963,0.27314814814814814,2048,512,6078,107,27,0.6571535957631546,0.9795985521553142,0.47771400878606063,0.4740079022644086,0.23484250117352237,0.6654341664646886,100,0.7246376811594203,100,138,1.0,459,138,1.0,897
0,ital,rabvs_budgeted_no_ucb,5,8638,138,0.015975920351933317,2560,138,0.863677536231884,0.45047029244582776,0.21491223330139989,0.6226521645237961,62.594202898550726,51.67660936973374,0.9784064840319536,3072,0.9555452651076638,44.921875,0.6066394448280334,0.114020382909095,0.792,0.983,0.796,0.125,0.023148148148148147,0.2962962962962963,0.27314814814814814,2048,512,6078,110,28,0.679419610431877,0.9988483053636065,0.4901699199435791,0.45880690475248737,0.21730305594477678,0.6257621328977268,85,0.6159420289855072,100,138,1.0,487,138,1.0,979
1,ital,boba_ucb,5,8638,138,0.015975920351933317,2560,133,0.8369360902255639,0.4507453800133837,0.22010197299650142,0.6347216089266782,62.594202898550726,62.594202898550726,0.9953090301605042,3072,0.9555452651076638,44.921875,0.6050099730491638,0.10997467338525546,0.45399999999999996,0.942,0.472,0.1298283261802575,0.03009259259259259,0.28935185185185186,0.25925925925925924,2048,512,6078,106,27,0.622388599359684,0.928759460348799,0.48650999664863764,0.4849250111256955,0.24700301264577815,0.6932519674348488,100,0.7246376811594203,100,138,1.0,446,138,1.0,880
1,ital,rabvs_budgeted_no_ucb,5,8638,138,0.015975920351933317,2560,136,0.8690257352941176,0.4505804720345084,0.21442427844438955,0.6199969741885959,62.594202898550726,56.04364678126054,0.9751117031204831,3072,0.9555452651076638,44.270833333333336,0.6051689982414246,0.11617395004654207,0.804,0.978,0.808,0.12293388429752067,0.025404157043879907,0.28935185185185186,0.263947694807972,2048,512,6078,109,27,0.6435312482883812,0.9960513326752222,0.48717884064582045,0.4595306769118576,0.21818401341705884,0.6275695545875302,91,0.6594202898550725,100,136,0.9855072463768116,495,136,0.9855072463768116,980
2,ital,boba_ucb,5,8638,138,0.015975920351933317,2560,132,0.8484848484848485,0.45113185986918025,0.21898636705626381,0.6298225710944335,62.594202898550726,62.594202898550726,0.9879495085502844,3072,0.9555452651076638,44.270833333333336,0.6017300486564636,0.11285550175416037,0.504,0.95,0.516,0.12740899357601712,0.020833333333333332,0.29398148148148145,0.27314814814814814,2048,512,6078,106,26,0.622877394681578,0.9503126028298783,0.48888900554336834,0.48138747785072344,0.2417224433944592,0.6785957205630743,100,0.7246376811594203,100,136,0.9855072463768116,460,136,0.9855072463768116,905
2,ital,rabvs_budgeted_no_ucb,5,8638,138,0.015975920351933317,2560,136,0.8694852941176471,0.4504424799308796,0.21452102180862437,0.6207100086840113,62.594202898550726,54.58796764408494,0.9722952819357766,3072,0.9555452651076638,44.270833333333336,0.6051909923553467,0.11620677891190712,0.808,0.98,0.812,0.12357217030114226,0.020833333333333332,0.29398148148148145,0.27314814814814814,2048,512,6078,109,27,0.6380030817253297,0.9904573872984535,0.4938058356676132,0.461279974805082,0.22015240552988746,0.6315805729431102,89,0.644927536231884,100,136,0.9855072463768116,492,136,0.9855072463768116,983
0,jak2,boba_ucb,5,6607,107,0.016194944755562282,2560,105,0.743452380952381,0.45077590595010175,0.21955192933795875,0.6358087026092945,61.74766355140187,61.74766355140187,0.9989190009210848,2816,0.9467231723929166,37.997159090909086,0.629281759262085,0.1015792013382032,0.5369999999999999,0.909,0.567,0.10144927536231885,0.04833836858006042,0.27575757575757576,0.22741920717751535,2048,512,4047,84,21,0.6722796806969151,0.9871509760316284,0.49902613863614914,0.48033877706672734,0.23916101642472726,0.6731259505918002,99,0.9252336448598131,100,107,1.0,475,107,1.0,901
0,jak2,rabvs_budgeted_no_ucb,5,6607,107,0.016194944755562282,2560,105,0.868452380952381,0.45014021916740615,0.21539172914529695,0.6259603041069273,61.74766355140187,61.74766355140187,0.9848929617743984,2816,0.9467231723929166,37.64204545454545,0.6239951252937317,0.10407455376552532,0.869,0.98,0.879,0.0946372239747634,0.054380664652567974,0.2696969696969697,0.21531630504440175,2048,512,4047,84,21,0.673768018459477,0.9992587101556709,0.4949496725158808,0.46210574951825867,0.220157639097799,0.6316088540909915,90,0.8411214953271028,100,106,0.9906542056074766,499,106,0.9906542056074766,986
1,jak2,boba_ucb,5,6607,107,0.016194944755562282,2560,103,0.8483009708737864,0.45073819850959773,0.21906406158757114,0.6349738084704185,61.74766355140187,61.74766355140187,0.9865842963185331,2816,0.9467231723929166,37.997159090909086,0.6251219511032104,0.10308414597962845,0.5640000000000001,0.924,0.597,0.09816612729234088,0.045317220543806644,0.27575757575757576,0.2304403552137691,2048,512,4047,82,21,0.6384193753922015,0.9755374351371386,0.5022343901476853,0.48025306818344576,0.23888522030139003,0.6714415897621582,99,0.9252336448598131,100,106,0.9906542056074766,475,107,1.0,919
1,jak2,rabvs_budgeted_no_ucb,5,6607,107,0.016194944755562282,2560,106,0.8673349056603774,0.45008015648711086,0.2157015124668127,0.6289629519708824,61.74766355140187,61.74766355140187,0.991199681574272,2816,0.9467231723929166,37.997159090909086,0.6255683302879333,0.10369272579992839,0.848,0.968,0.859,0.09568874868559411,0.045317220543806644,0.2787878787878788,0.23347065824407215,2048,512,4047,85,21,0.6860397783893648,0.9985174203113417,0.49179976565291966,0.46015195970988826,0.2183401639218108,0.6279052834668002,90,0.8411214953271028,100,107,1.0,496,107,1.0,983
2,jak2,boba_ucb,5,6607,107,0.016194944755562282,2560,107,0.8282710280373832,0.4508567798516377,0.21975161475010535,0.635702275124688,61.74766355140187,61.74766355140187,0.9995413838823664,2816,0.9467231723929166,37.997159090909086,0.6308813691139221,0.10107680740832536,0.517,0.909,0.54,0.1001100110011001,0.05740181268882175,0.26666666666666666,0.20926485397784492,2048,512,4047,86,21,0.7104737751450884,0.9881393624907339,0.49898470363684644,0.47989099721217265,0.23897577863202726,0.6753580509771996,99,0.9252336448598131,100,107,1.0,474,107,1.0,918
2,jak2,rabvs_budgeted_no_ucb,5,6607,107,0.016194944755562282,2560,106,0.8691037735849056,0.45017679411967937,0.21538593817674445,0.6264421069386531,61.74766355140187,61.74766355140187,0.9914856646828059,2816,0.9467231723929166,37.997159090909086,0.6228846907615662,0.10468645231346485,0.853,0.968,0.864,0.09548793284365163,0.0634441087613293,0.2606060606060606,0.19716195184473131,2048,512,4047,85,21,0.6472948045656379,0.9948109710896961,0.4941990096026005,0.46044485564432136,0.21879332041288674,0.628827224208148,89,0.8317757009345794,100,107,1.0,499,107,1.0,986
0,kif11,boba_ucb,5,6966,116,0.016652311225954636,2560,115,0.8277173913043478,0.4495349157201209,0.2183658522838009,0.6342924741424771,60.05172413793104,60.05172413793104,0.9989253860860071,2816,0.9494688486936549,41.19318181818181,0.6452495455741882,0.10327957265285925,0.525,0.917,0.56,0.10399032648125756,0.04011461318051576,0.29310344827586204,0.2529888350953463,2048,512,4406,92,23,0.6752046956610531,0.9863822060826146,0.4961117879587276,0.47536737352535036,0.23433708095399883,0.6625807379352583,100,0.8620689655172413,62,116,1.0,400,116,1.0,783
0,kif11,rabvs_budgeted_no_ucb,5,6966,116,0.016652311225954636,2560,114,0.8634868421052632,0.44889822145573255,0.21545956611979347,0.6285947674890608,60.05172413793104,45.467733990147785,0.9523605164215497,2816,0.9494688486936549,40.83806818181819,0.6357996463775635,0.10863204309618257,0.8180000000000001,0.953,0.839,0.0913978494623656,0.04297994269340974,0.29022988505747127,0.24724994236406153,2048,512,4406,91,23,0.6395698648497599,0.9920562868815251,0.49585638908487767,0.46484432213083215,0.22316658730439692,0.6376909478012466,83,0.7155172413793104,67,115,0.9913793103448276,439,115,0.9913793103448276,922
1,kif11,boba_ucb,5,6966,116,0.016652311225954636,2560,113,0.831858407079646,0.4492549978841079,0.2172934868795551,0.6312503923831605,60.05172413793104,60.05172413793104,0.9788568022661438,2816,0.9494688486936549,40.127840909090914,0.6485873460769653,0.10234103541057193,0.509,0.914,0.542,0.09904534606205251,0.04011461318051576,0.28448275862068967,0.2443681454401739,2048,512,4406,90,23,0.6511927741346607,0.9788924194280526,0.4912563646177406,0.4733873250369319,0.23325371408829604,0.6620579644271573,100,0.8620689655172413,61,113,0.9741379310344828,394,113,0.9741379310344828,795
1,kif11,rabvs_budgeted_no_ucb,5,6966,116,0.016652311225954636,2560,114,0.8645833333333334,0.44897051718086034,0.21508436301487976,0.6261381340528422,60.05172413793104,51.47290640394088,0.9626576814484862,2816,0.9494688486936549,40.83806818181819,0.6387447118759155,0.1075773946434243,0.829,0.958,0.85,0.09129967776584318,0.04297994269340974,0.29022988505747127,0.24724994236406153,2048,512,4406,91,23,0.7005721531764977,0.9986382206082615,0.4920171550304257,0.46135332115321503,0.21993856834165113,0.6310299862174302,88,0.7586206896551724,67,115,0.9913793103448276,447,115,0.9913793103448276,928
2,kif11,boba_ucb,5,6966,116,0.016652311225954636,2560,115,0.8538043478260869,0.44912695811177006,0.21742743815942214,0.6336838125620062,60.05172413793104,60.05172413793104,0.9990634174300592,2816,0.9494688486936549,41.19318181818181,0.6451436281204224,0.10383795461184409,0.526,0.919,0.56,0.1011764705882353,0.045845272206303724,0.28735632183908044,0.24151104963277673,2048,512,4406,92,23,0.6630294840424699,0.9904675442578302,0.4949349689955697,0.47170824815844836,0.23025893128594066,0.6543868697180822,100,0.8620689655172413,64,116,1.0,400,116,1.0,793
2,kif11,rabvs_budgeted_no_ucb,5,6966,116,0.016652311225954636,2560,116,0.8636853448275862,0.448737871179999,0.21475621415692558,0.6267508237889159,60.05172413793104,48.04137931034483,0.9643356810321346,2816,0.9494688486936549,41.19318181818181,0.6368398070335388,0.10823005093945126,0.836,0.958,0.854,0.09247311827956989,0.04297994269340974,0.29022988505747127,0.24724994236406153,2048,512,4406,93,23,0.6754286978200723,0.9993191103041307,0.49259786416582396,0.4620527454657874,0.2198305614142498,0.6308707449580682,85,0.7327586206896551,66,116,1.0,443,116,1.0,925
0,kit,boba_ucb,5,10616,166,0.01563677467972871,2560,153,0.8468137254901961,0.4527164809458013,0.22080948427930963,0.635664203203615,63.95180722891567,63.95180722891567,0.971775597025891,3072,0.9638281838733986,53.385416666666664,0.6022277474403381,0.11150732264624064,0.552,0.9,0.583,0.15562565720294427,0.04331450094161959,0.2674199623352166,0.224105461393597,2048,512,8056,122,31,0.6487107937347476,0.9738083416087389,0.4737962832776726,0.47532846420950475,0.2372129630122606,0.6720485271257757,100,0.6024096385542169,100,159,0.9578313253012049,472,164,0.9879518072289156,913
0,kit,rabvs_budgeted_no_ucb,5,10616,166,0.01563677467972871,2560,161,0.8579192546583851,0.452161725411639,0.21725629038732577,0.6267557025138286,63.95180722891567,63.95180722891567,0.9842051191014615,3072,0.9638281838733986,53.7109375,0.5922232866287231,0.11533898638223083,0.866,0.979,0.874,0.1526639344262295,0.05084745762711865,0.2598870056497175,0.20903954802259886,2048,512,8056,129,32,0.673893808767783,0.9987586891757696,0.4827470797083987,0.46265601436752374,0.22205475869436522,0.6350849906441296,100,0.6024096385542169,100,165,0.9939759036144579,496,165,0.9939759036144579,990
1,kit,boba_ucb,5,10616,166,0.01563677467972871,2560,157,0.7965764331210191,0.45244116344846486,0.22128119194081788,0.6376919036507249,63.95180722891567,63.95180722891567,0.9791211639808747,3072,0.9638281838733986,53.059895833333336,0.5938886404037476,0.11473238959308862,0.534,0.916,0.552,0.15671641791044777,0.035781544256120526,0.2749529190207156,0.2391713747645951,2048,512,8056,126,31,0.6580215337185632,0.9796425024826216,0.4631482264017759,0.4769164633247988,0.238546016099549,0.6737475718152686,100,0.6024096385542169,100,162,0.9759036144578314,480,163,0.9819277108433735,931
1,kit,rabvs_budgeted_no_ucb,5,10616,166,0.01563677467972871,2560,162,0.8483796296296297,0.451883637110649,0.21782216451847936,0.6308575105267379,63.95180722891567,63.95180722891567,0.9830065296196989,3072,0.9638281838733986,53.7109375,0.5942076444625854,0.11446308896965052,0.862,0.976,0.868,0.15408479834539815,0.03954802259887006,0.2730696798493409,0.23352165725047083,2048,512,8056,130,32,0.6823481181259221,0.9992552135054618,0.4782622426854973,0.46368308666652586,0.2231808168905445,0.6372584541885694,100,0.6024096385542169,100,164,0.9879518072289156,493,165,0.9939759036144579,987
2,kit,boba_ucb,5,10616,166,0.01563677467972871,2560,153,0.8161764705882353,0.45236698862536495,0.22209182672392325,0.6420607604933004,63.95180722891567,63.95180722891567,0.9800874474793267,3072,0.9638281838733986,53.059895833333336,0.5965008735656738,0.11246856868686383,0.5509999999999999,0.913,0.571,0.15473684210526314,0.054613935969868174,0.2523540489642185,0.1977401129943503,2048,512,8056,122,31,0.6435197701140535,0.9652432969215492,0.4689085533217086,0.4771799073761755,0.23959475493743784,0.6763900986124705,100,0.6024096385542169,100,162,0.9759036144578314,489,163,0.9819277108433735,935
2,kit,rabvs_budgeted_no_ucb,5,10616,166,0.01563677467972871,2560,164,0.8517530487804879,0.45176468763763883,0.21817038419883025,0.6338130944142036,63.95180722891567,63.95180722891567,0.9808945228011594,3072,0.9638281838733986,53.7109375,0.5997569561004639,0.1130453580266001,0.841,0.969,0.849,0.15360824742268042,0.04331450094161959,0.2674199623352166,0.224105461393597,2048,512,8056,131,33,0.7311685324689732,0.9980139026812314,0.4836186341776087,0.4603603306401055,0.22044822782024467,0.6322854559550374,100,0.6024096385542169,100,164,0.9879518072289156,494,165,0.9939759036144579,989
0,kith,boba_ucb,5,2907,57,0.0196078431372549,2560,57,0.8717105263157895,0.4398468438596266,0.20521276751065456,0.5975493972401863,51.0,51.0,0.9999999999999963,2676,0.8849329205366357,21.300448430493272,0.650155246257782,0.11176002286519726,0.567,0.948,0.581,0.036241610738255034,0.0,0.3958333333333333,0.3958333333333333,2048,512,347,46,11,0.6369058233668454,0.9884726224783862,0.5203210126618775,0.5035988028665263,0.25802246781893384,0.7093078414364522,57,1.0,69,57,1.0,425,57,1.0,833
0,kith,rabvs_budgeted_no_ucb,5,2907,57,0.0196078431372549,2560,57,0.875,0.4394481691474454,0.20427312914952112,0.5960571873381971,51.0,51.0,0.9997022218962571,2676,0.8849329205366357,21.300448430493272,0.6522873044013977,0.11113189880648666,0.779,0.968,0.787,0.03562005277044855,0.0,0.3931034482758621,0.3931034482758621,2048,512,347,46,11,0.6391370166793835,0.9740634005763689,0.5111440011063738,0.48505960864621084,0.24311028859364847,0.6786941670078844,57,1.0,70,57,1.0,461,57,1.0,935
1,kith,boba_ucb,5,2907,57,0.0196078431372549,2560,57,0.875,0.4398369531935944,0.20567587468684817,0.5984072632061158,51.0,51.0,0.9999999999999963,2676,0.8849329205366357,21.300448430493272,0.6507610082626343,0.11079393141920835,0.5369999999999999,0.935,0.5609999999999999,0.022606382978723406,0.0136986301369863,0.3793103448275862,0.3656117146905999,2048,512,347,46,11,0.64638587986952,0.9827089337175793,0.5344518856586377,0.5178709304149787,0.27231019793665,0.7384363066065475,57,1.0,67,57,1.0,420,57,1.0,827
1,kith,rabvs_budgeted_no_ucb,5,2907,57,0.0196078431372549,2560,57,0.875,0.43943756240567394,0.20441499983528344,0.5961231997797745,51.0,51.0,0.9999999999999963,2676,0.8849329205366357,21.300448430493272,0.6508786678314209,0.11170730408689655,0.771,0.97,0.778,0.021822849807445442,0.0136986301369863,0.3793103448275862,0.3656117146905999,2048,512,347,46,11,0.6374356753685377,0.9884726224783862,0.5112626545068631,0.4870488628354002,0.24428512405951444,0.6808338045933691,57,1.0,70,57,1.0,461,57,1.0,936
2,kith,boba_ucb,5,2907,57,0.0196078431372549,2560,57,0.875,0.43991091357866646,0.2051517997514359,0.5973778496857999,51.0,51.0,0.9999999999999963,2676,0.8849329205366357,21.300448430493272,0.6518216133117676,0.11147793928990524,0.5609999999999999,0.946,0.5740000000000001,0.027925531914893616,0.0273972602739726,0.36551724137931035,0.33811998110533775,2048,512,347,46,11,0.6461362252088587,1.0,0.5178682369925224,0.4993722524380458,0.25313475725662865,0.6992506771655476,57,1.0,67,57,1.0,426,57,1.0,821
2,kith,rabvs_budgeted_no_ucb,5,2907,57,0.0196078431372549,2560,57,0.875,0.43924780084310283,0.2050526045103421,0.5976106211956024,51.0,51.0,0.9998021649408128,2676,0.8849329205366357,21.300448430493272,0.6533083915710449,0.1108391787259031,0.773,0.967,0.781,0.02774108322324967,0.03424657534246575,0.3586206896551724,0.3243741143127067,2048,512,347,46,11,0.6443144866674297,0.9481268011527377,0.5460526123967857,0.5088107221179627,0.2680351446349432,0.7297136321553905,57,1.0,70,57,1.0,452,57,1.0,929
0,kpcb,boba_ucb,5,8835,135,0.015280135823429542,2560,129,0.8236434108527132,0.45290976494146346,0.2232375085990408,0.6494503881521879,65.44444444444444,65.44444444444444,0.9686656912208278,3072,0.9565365025466893,42.643229166666664,0.6536483764648438,0.09126543524015529,0.43899999999999995,0.94,0.45399999999999996,0.12445887445887446,0.03837471783295711,0.2579185520361991,0.21954383420324203,2048,512,6275,103,26,0.6919271775155142,0.979601593625498,0.4978870561963851,0.47562020536981,0.23755568939464441,0.673802211019996,100,0.7407407407407407,100,130,0.9629629629629629,453,131,0.9703703703703703,872
0,kpcb,rabvs_budgeted_no_ucb,5,8835,135,0.015280135823429542,2560,129,0.8527131782945736,0.45333276506528986,0.21973638179142557,0.6369279649622767,65.44444444444444,55.77651515151515,0.9536742967249592,3072,0.9565365025466893,43.294270833333336,0.6489465236663818,0.09619276445718539,0.728,0.976,0.736,0.1231578947368421,0.03167420814479638,0.2647058823529412,0.2330316742081448,2048,512,6275,103,26,0.7356747256511906,0.9995219123505976,0.48849465011785587,0.45747389031069685,0.2174960766993862,0.6260989203430712,87,0.6444444444444445,100,131,0.9703703703703703,478,133,0.9851851851851852,959
1,kpcb,boba_ucb,5,8835,135,0.015280135823429542,2560,131,0.8148854961832062,0.4527106851531815,0.221470183385264,0.6432871770128995,65.44444444444444,65.44444444444444,0.9845935619962819,3072,0.9565365025466893,43.9453125,0.6405308246612549,0.09517208235863872,0.41700000000000004,0.9410000000000001,0.43899999999999995,0.1329608938547486,0.038461538461538464,0.2647058823529412,0.22624434389140272,2048,512,6275,105,26,0.6807459995573688,0.9862948207171315,0.48514182358483166,0.4701589827474409,0.23034830411697127,0.6555805661023467,100,0.7407407407407407,100,133,0.9851851851851852,445,135,1.0,871
1,kpcb,rabvs_budgeted_no_ucb,5,8835,135,0.015280135823429542,2560,134,0.835820895522388,0.4532104212334965,0.22029100376420943,0.6378305018262035,65.44444444444444,53.54545454545455,0.9729633773698656,3072,0.9565365025466893,43.9453125,0.6491045355796814,0.09455529125695872,0.721,0.97,0.733,0.12552742616033755,0.05656108597285068,0.248868778280543,0.19230769230769232,2048,512,6275,107,27,0.7792678316861738,0.9998406374501992,0.48948021964636473,0.4608673821640269,0.22002054515179403,0.631067344171283,84,0.6222222222222222,99,135,1.0,474,135,1.0,945
2,kpcb,boba_ucb,5,8835,135,0.015280135823429542,2560,131,0.7977099236641222,0.4531740891147814,0.22191301334441624,0.6432573225754004,65.44444444444444,65.44444444444444,0.9761156160565039,3072,0.9565365025466893,42.643229166666664,0.6554602980613708,0.09122516017873705,0.399,0.931,0.41600000000000004,0.13009049773755657,0.03619909502262444,0.26018099547511314,0.2239819004524887,2048,512,6275,105,26,0.7322452559663843,0.9934661354581673,0.4877441610852286,0.4676785544550079,0.22790869659875787,0.6492751934012041,100,0.7407407407407407,100,131,0.9703703703703703,447,131,0.9703703703703703,844
2,kpcb,rabvs_budgeted_no_ucb,5,8835,135,0.015280135823429542,2560,130,0.8557692307692307,0.45263399930264736,0.21857137545651703,0.6340563354520787,65.44444444444444,56.52020202020202,0.9660784486858376,3072,0.9565365025466893,43.619791666666664,0.6371739506721497,0.09845676817611193,0.739,0.975,0.748,0.12407991587802314,0.038461538461538464,0.2669683257918552,0.22850678733031674,2048,512,6275,104,26,0.733221004815643,0.9971314741035856,0.49057493639634464,0.460035842757293,0.21921958197143065,0.6297726343686461,88,0.6518518518518519,100,133,0.9851851851851852,484,134,0.9925925925925926,964
0,lck,boba_ucb,5,27820,420,0.01509705248023005,2560,318,0.8244889937106918,0.4555510188973597,0.22422435701341306,0.6438591740393668,66.23809523809524,66.23809523809524,0.9629934171823463,3840,0.98274622573688,104.16666666666667,0.5422143340110779,0.1282404536143753,0.69,0.903,0.742,0.3932238193018481,0.054636951833213515,0.24011502516175415,0.18547807332854063,2048,512,25260,254,64,0.6916759814975367,0.98701504354711,0.46193026260337927,0.4699776199359598,0.23349781014833904,0.6628359032011822,100,0.23809523809523808,100,390,0.9285714285714286,490,400,0.9523809523809523,932
0,lck,rabvs_budgeted_no_ucb,5,27820,420,0.01509705248023005,2560,394,0.8416878172588832,0.4544770204572694,0.21937514054120344,0.6328801496942421,66.23809523809524,66.23809523809524,0.9559959859611646,3840,0.98274622573688,103.64583333333334,0.5579994916915894,0.12255077635063849,0.882,0.967,0.906,0.38979591836734695,0.03666427030913012,0.2580877066858375,0.22142343637670742,2048,512,25260,315,79,0.8158377809772713,0.9998812351543943,0.4840317858069863,0.4622290740982844,0.22207496717022626,0.6349744647716224,100,0.23809523809523808,100,394,0.9380952380952381,491,398,0.9476190476190476,977
1,lck,boba_ucb,5,27820,420,0.01509705248023005,2560,292,0.8133561643835616,0.4548804522960836,0.22370391611617055,0.6495318909657039,66.23809523809524,66.23809523809524,0.9698574947684823,3840,0.98274622573688,104.94791666666667,0.5619198083877563,0.12931292573059983,0.625,0.916,0.6659999999999999,0.4022869022869023,0.06613946800862688,0.23292595255212079,0.1667864845434939,2048,512,25260,234,58,0.744279738102055,0.991132224861441,0.4720591658788152,0.46440599251867637,0.22785913546651532,0.6534625283592999,100,0.23809523809523808,100,389,0.9261904761904762,494,403,0.9595238095238096,929
1,lck,rabvs_budgeted_no_ucb,5,27820,420,0.01509705248023005,2560,400,0.82265625,0.454452677574169,0.22013262150888485,0.6363346057170426,66.23809523809524,66.23809523809524,0.9708156975529489,3840,0.98274622573688,105.72916666666667,0.5593871474266052,0.12338135994385557,0.821,0.956,0.851,0.3983656792645557,0.04385334291876348,0.2559309849029475,0.21207764198418405,2048,512,25260,320,80,0.8174924341432215,0.9997624703087886,0.4844304834717074,0.46101850828198143,0.22114363591752312,0.6330885647197683,100,0.23809523809523808,100,398,0.9476190476190476,491,406,0.9666666666666667,977
2,lck,boba_ucb,5,27820,420,0.01509705248023005,2560,312,0.8141025641025641,0.4553311604671792,0.2237247685555341,0.6427062609181371,66.23809523809524,66.23809523809524,0.9504457887713319,3840,0.98274622573688,102.60416666666666,0.5427778363227844,0.12850975310031687,0.71,0.928,0.753,0.3917098445595855,0.055355859094176854,0.23436376707404744,0.1790079079798706,2048,512,25260,250,62,0.6662878516350433,0.9805225653206651,0.46307900321343193,0.4689259283292335,0.23292628926198766,0.6638724878980077,100,0.23809523809523808,100,387,0.9214285714285714,489,394,0.9380952380952381,946
2,lck,rabvs_budgeted_no_ucb,5,27820,420,0.01509705248023005,2560,394,0.8399428934010152,0.4543728848898742,0.2192164754630093,0.6327780225896467,66.23809523809524,66.23809523809524,0.9538065399598342,3840,0.98274622573688,103.38541666666666,0.5592698454856873,0.12225706037415196,0.892,0.97,0.916,0.39076923076923076,0.035919540229885055,0.25971223021582734,0.2237926899859423,2048,512,25260,315,79,0.7638837032933261,0.9996832937450515,0.485705439355724,0.461484665983199,0.22147232248043963,0.6337902251221552,100,0.23809523809523808,100,394,0.9380952380952381,493,397,0.9452380952380952,981
0,lkha4,boba_ucb,5,9621,171,0.01777362020579981,2560,168,0.8619791666666666,0.4486523679881888,0.21402955095598897,0.6155615119878368,56.26315789473685,56.26315789473685,0.9988451589514157,3072,0.9600873090115373,55.6640625,0.6307482719421387,0.10305055478168756,0.645,0.975,0.654,0.18040621266427717,0.029045643153526972,0.3264033264033264,0.29735768324979944,2048,512,7061,134,34,0.6286588601016003,0.9849879620450361,0.48208718653490407,0.4710796617431696,0.2289811530534152,0.6496224476615837,100,0.5847953216374269,100,171,1.0,426,171,1.0,805
0,lkha4,rabvs_budgeted_no_ucb,5,9621,171,0.01777362020579981,2560,171,0.8717105263157895,0.4480996454129593,0.21242838816551854,0.6144189408628575,56.26315789473685,56.26315789473685,0.9967776372983255,3072,0.9600873090115373,55.6640625,0.6416043639183044,0.1019655995217933,0.873,0.994,0.876,0.16115261472785486,0.02074688796680498,0.33471933471933474,0.3139724467525298,2048,512,7061,137,34,0.6797535349002841,0.9987253930038238,0.49330380878793123,0.46147908025123463,0.21917256647981004,0.6295886810904773,100,0.5847953216374269,100,171,1.0,492,171,1.0,957
1,lkha4,boba_ucb,5,9621,171,0.01777362020579981,2560,171,0.856359649122807,0.44844426243352603,0.21455941488259553,0.618537982388005,56.26315789473685,56.26315789473685,0.9999999999999466,3072,0.9600873090115373,55.6640625,0.6415371894836426,0.10044009459622794,0.609,0.971,0.621,0.1798298906439854,0.02074688796680498,0.33471933471933474,0.3139724467525298,2048,512,7061,137,34,0.6476252103973071,0.9793230420620309,0.49135287153961976,0.4700551899409218,0.2288599863780072,0.6501759121945717,100,0.5847953216374269,100,171,1.0,433,171,1.0,796
1,lkha4,rabvs_budgeted_no_ucb,5,9621,171,0.01777362020579981,2560,171,0.8695175438596491,0.4481770114938648,0.21204163921691901,0.6130709545894724,56.26315789473685,56.26315789473685,0.997619733880868,3072,0.9600873090115373,55.6640625,0.6363946795463562,0.10324925392365958,0.882,0.991,0.885,0.15795090715048027,0.02074688796680498,0.33471933471933474,0.3139724467525298,2048,512,7061,137,34,0.6460791075310044,0.9957513100127461,0.4891442105675974,0.46126602627435376,0.21865605445350464,0.6286071713287431,100,0.5847953216374269,100,171,1.0,487,171,1.0,962
2,lkha4,boba_ucb,5,9621,171,0.01777362020579981,2560,169,0.8413461538461539,0.44846545511044816,0.2139367370065883,0.6160912075767094,56.26315789473685,56.26315789473685,0.9990787786960607,3072,0.9600873090115373,55.6640625,0.6316392421722412,0.10269237243181539,0.656,0.976,0.6659999999999999,0.18347509113001215,0.022821576763485476,0.33264033264033266,0.3098187558768472,2048,512,7061,135,34,0.6224825920838168,0.965302365104093,0.49369008690825517,0.4696826730373744,0.22851692882594432,0.6502259789570093,100,0.5847953216374269,100,171,1.0,433,171,1.0,798
2,lkha4,rabvs_budgeted_no_ucb,5,9621,171,0.01777362020579981,2560,171,0.8709795321637427,0.4482069437085091,0.2122803264299197,0.6133302535602194,56.26315789473685,56.26315789473685,0.9984359760261826,3072,0.9600873090115373,55.6640625,0.6359716057777405,0.1037105174518177,0.885,0.993,0.888,0.16012725344644752,0.016597510373443983,0.3388773388773389,0.3222798285038949,2048,512,7061,137,34,0.6644610835248036,0.996742671009772,0.4928629707118782,0.4621858613375765,0.21977329853786437,0.6308855476096571,100,0.5847953216374269,100,171,1.0,487,171,1.0,964
0,mapk2,boba_ucb,5,6251,101,0.016157414813629818,2560,98,0.8303571428571429,0.4506137971446693,0.21750768722042943,0.625573035036395,61.8910891089109,61.8910891089109,0.9908008987663498,2810,0.9438089905615101,35.94306049822064,0.6443784236907959,0.10348312385463987,0.5349999999999999,0.921,0.567,0.09650180940892641,0.038338658146964855,0.28434504792332266,0.2460063897763578,2048,512,3691,78,20,0.6128340107931778,0.9390409103224059,0.489097661880005,0.4867967748201461,0.2464273189294345,0.6891418004779173,98,0.9702970297029703,75,101,1.0,425,101,1.0,810
0,mapk2,rabvs_budgeted_no_ucb,5,6251,101,0.016157414813629818,2560,101,0.869430693069307,0.450066865215978,0.21534699182788028,0.6207620272972367,61.8910891089109,58.943894389438945,0.9899268747969079,2810,0.9438089905615101,35.94306049822064,0.6497711539268494,0.09910500809142131,0.777,0.948,0.806,0.08648648648648649,0.04472843450479233,0.2779552715654952,0.23322683706070288,2048,512,3691,81,20,0.6531446158471788,0.9934976971010566,0.4939137593057891,0.4740369552717437,0.23212345473621857,0.655385613275765,88,0.8712871287128713,83,101,1.0,465,101,1.0,936
1,mapk2,boba_ucb,5,6251,101,0.016157414813629818,2560,97,0.8344072164948454,0.4508374565397796,0.21734767155805734,0.6246143547988882,61.8910891089109,61.8910891089109,0.9706896716754188,2810,0.9438089905615101,35.94306049822064,0.6299187541007996,0.10634550524994602,0.505,0.903,0.5409999999999999,0.09152542372881356,0.025559105431309903,0.28753993610223644,0.26198083067092653,2048,512,3691,78,19,0.6279611145407006,0.9658629097805472,0.49261511467114605,0.483300584128036,0.2421467834431,0.6768098788854388,97,0.9603960396039604,76,97,0.9603960396039604,435,101,1.0,849
1,mapk2,rabvs_budgeted_no_ucb,5,6251,101,0.016157414813629818,2560,101,0.8545792079207921,0.44974603195031165,0.2144361988397216,0.6200771570021556,61.8910891089109,57.961496149614966,0.9875143134557234,2810,0.9438089905615101,35.94306049822064,0.6513534188270569,0.09954370375177013,0.784,0.953,0.806,0.08663101604278074,0.02875399361022364,0.2939297124600639,0.26517571884984026,2048,512,3691,81,20,0.6241882570977234,0.9891628285017611,0.4949640297496883,0.47221504215373833,0.22966489939930457,0.6504884001346797,88,0.8712871287128713,83,101,1.0,470,101,1.0,942
2,mapk2,boba_ucb,5,6251,101,0.016157414813629818,2560,95,0.8690789473684211,0.4511706181838081,0.21751454202994883,0.6241996687195225,61.8910891089109,61.8910891089109,0.9608950519606825,2810,0.9438089905615101,35.23131672597865,0.6318067312240601,0.1046609034421051,0.515,0.906,0.56,0.08071748878923767,0.038338658146964855,0.2715654952076677,0.23322683706070285,2048,512,3691,76,19,0.6208492907196907,0.9544838797073963,0.49823100194331676,0.48374444674167466,0.24320424458142603,0.6789736030930735,95,0.9405940594059405,76,96,0.9504950495049505,449,99,0.9801980198019802,884
2,mapk2,rabvs_budgeted_no_ucb,5,6251,101,0.016157414813629818,2560,96,0.8723958333333334,0.45060782176699754,0.21551026495983092,0.6207715841228214,61.8910891089109,58.943894389438945,0.9500931002989893,2810,0.9438089905615101,34.16370106761566,0.644729495048523,0.10172806830803582,0.802,0.957,0.825,0.0755750273822563,0.02875399361022364,0.28115015974440893,0.2523961661341853,2048,512,3691,77,19,0.6334557032578133,0.9875372527770252,0.4994309625377694,0.47480533160895266,0.23352465981010898,0.6585238337698023,90,0.8910891089108911,80,96,0.9504950495049505,466,96,0.9504950495049505,934
0,mcr,boba_ucb,5,5244,94,0.01792524790236461,2560,93,0.8575268817204301,0.44548636898695754,0.2136831105587286,0.6258769977196965,55.78723404255319,55.78723404255319,0.9993335157301517,2769,0.933995995423341,33.947273383893105,0.6534790992736816,0.09937334492396954,0.536,0.943,0.5569999999999999,0.08123569794050343,0.053231939163498096,0.3053435114503817,0.2521115722868836,2048,512,2684,74,19,0.6706862341798273,0.9947839046199702,0.48996820169890193,0.47347288964448037,0.23035474657054472,0.6527842459586364,93,0.9893617021276596,75,94,1.0,437,94,1.0,851
0,mcr,rabvs_budgeted_no_ucb,5,5244,94,0.01792524790236461,2560,92,0.8722826086956522,0.4453889829098643,0.21199615001331742,0.6213618365169113,55.78723404255319,45.05891980360065,0.9608698470553825,2769,0.933995995423341,33.947273383893105,0.6349254250526428,0.10695644313150565,0.796,0.974,0.8049999999999999,0.07717391304347826,0.060836501901140684,0.29770992366412213,0.23687342176298146,2048,512,2684,74,18,0.6309616967052416,0.981371087928465,0.492615121886873,0.46428411562204935,0.2218797626563558,0.6358423180362771,78,0.8297872340425532,83,94,1.0,468,94,1.0,946
1,mcr,boba_ucb,5,5244,94,0.01792524790236461,2560,94,0.805186170212766,0.4451330207800594,0.2139251235607609,0.630335546884942,55.78723404255319,55.78723404255319,0.9997310197233011,2769,0.933995995423341,33.947273383893105,0.6516473293304443,0.10063714824300896,0.5429999999999999,0.9359999999999999,0.5720000000000001,0.08548009367681499,0.053231939163498096,0.3053435114503817,0.2521115722868836,2048,512,2684,75,19,0.674087312304146,0.9884500745156483,0.48679456650355385,0.4714642978781999,0.2286787816761931,0.6511978037849109,94,1.0,74,94,1.0,435,94,1.0,851
1,mcr,rabvs_budgeted_no_ucb,5,5244,94,0.01792524790236461,2560,94,0.870345744680851,0.44482217328197726,0.21182527781643387,0.6254153184629638,55.78723404255319,46.131751227495904,0.9664554944390443,2769,0.933995995423341,33.947273383893105,0.6365147233009338,0.10663962527006754,0.792,0.969,0.8,0.07857911733046287,0.053231939163498096,0.3053435114503817,0.2521115722868836,2048,512,2684,75,19,0.6681735796081555,0.9988822652757079,0.4870858308632304,0.458961443329583,0.21595156503190052,0.6233847870473378,80,0.851063829787234,82,94,1.0,468,94,1.0,951
2,mcr,boba_ucb,5,5244,94,0.01792524790236461,2560,93,0.8588709677419355,0.44546208155108,0.21381488938100918,0.627296143412296,55.78723404255319,55.78723404255319,0.9990241075018196,2769,0.933995995423341,33.947273383893105,0.6568253636360168,0.09899444053031792,0.525,0.952,0.5449999999999999,0.08175355450236967,0.04182509505703422,0.31679389312977096,0.2749687980727368,2048,512,2684,74,19,0.6396072595397072,0.982488822652757,0.4963941081083263,0.47822846263154933,0.23495677193301223,0.6632429210479672,93,0.9893617021276596,75,94,1.0,436,94,1.0,849
2,mcr,rabvs_budgeted_no_ucb,5,5244,94,0.01792524790236461,2560,94,0.8650265957446809,0.4446466094407279,0.2114673383468298,0.6255645459887351,55.78723404255319,41.84042553191489,0.9613092145839898,2769,0.933995995423341,33.947273383893105,0.6346755027770996,0.10827673969168072,0.8160000000000001,0.972,0.8240000000000001,0.0752453653217012,0.057034220532319393,0.3015267175572519,0.24449249702493253,2048,512,2684,75,19,0.6799699232530945,0.9988822652757079,0.4837181486274614,0.45808908116710667,0.21493758726898127,0.6214628400141452,80,0.851063829787234,82,94,1.0,470,94,1.0,958
0,met,boba_ucb,5,11416,166,0.014540995094604065,2560,155,0.790725806451613,0.45382119217279504,0.22435182168472745,0.6508287530601206,68.7710843373494,68.7710843373494,0.991685066039181,3072,0.9663629992992292,54.036458333333336,0.621062695980072,0.10376570553760367,0.513,0.884,0.5529999999999999,0.15806111696522657,0.03327495621716287,0.2574430823117338,0.22416812609457093,2048,512,8856,124,31,0.7392619836366553,0.9751580849141824,0.4749676710096342,0.4762333834784812,0.2408012697229285,0.6900829560811734,100,0.6024096385542169,100,165,0.9939759036144579,478,166,1.0,936
0,met,rabvs_budgeted_no_ucb,5,11416,166,0.014540995094604065,2560,165,0.8522727272727273,0.45317272002776465,0.2187855875113075,0.6374056907867268,68.7710843373494,60.9287677023885,0.9767424909421579,3072,0.9663629992992292,54.036458333333336,0.6124747395515442,0.10721234607873886,0.817,0.967,0.832,0.15592515592515593,0.03677758318739054,0.2539404553415061,0.21716287215411556,2048,512,8856,132,33,0.6979666412279653,0.9987579042457091,0.49172100023276427,0.46072316146040926,0.21985420177069892,0.6306870496250421,98,0.5903614457831325,100,165,0.9939759036144579,491,166,1.0,990
1,met,boba_ucb,5,11416,166,0.014540995094604065,2560,156,0.8261217948717948,0.45440582020066966,0.22353030938112758,0.6444659951738677,68.7710843373494,68.7710843373494,0.9801282765499454,3072,0.9663629992992292,53.059895833333336,0.6214290261268616,0.10385749612667694,0.487,0.896,0.527,0.15392670157068064,0.040280210157618214,0.24518388791593695,0.20490367775831875,2048,512,8856,125,31,0.67698422597862,0.9797877145438121,0.4800804020073271,0.4780262246763345,0.23952923572856308,0.6739855314532978,100,0.6024096385542169,100,162,0.9759036144578314,478,163,0.9819277108433735,932
1,met,rabvs_budgeted_no_ucb,5,11416,166,0.014540995094604065,2560,164,0.8551829268292683,0.4535122014390964,0.21844778982245092,0.6336035095051251,68.7710843373494,60.9287677023885,0.9808410934324698,3072,0.9663629992992292,53.7109375,0.6144466400146484,0.10747519908426995,0.832,0.966,0.849,0.15313463514902365,0.04203152364273205,0.2486865148861646,0.20665499124343256,2048,512,8856,131,33,0.6997404455034102,0.9996612466124661,0.48915655122532664,0.46005108878950335,0.21901788944579934,0.6289836047840259,99,0.5963855421686747,100,164,0.9879518072289156,492,165,0.9939759036144579,991
2,met,boba_ucb,5,11416,166,0.014540995094604065,2560,159,0.782625786163522,0.4543295299066866,0.22221240702060835,0.6399550278617605,68.7710843373494,68.7710843373494,0.9831674539963381,3072,0.9663629992992292,53.385416666666664,0.6173546314239502,0.10575262538515562,0.493,0.907,0.525,0.1549738219895288,0.03327495621716287,0.2539404553415061,0.22066549912434325,2048,512,8856,127,32,0.6446002943125679,0.9722222222222222,0.48024544639102706,0.47481732151654915,0.2354256236950566,0.6644093739771955,100,0.6024096385542169,100,163,0.9819277108433735,487,164,0.9879518072289156,947
2,met,rabvs_budgeted_no_ucb,5,11416,166,0.014540995094604065,2560,165,0.8488636363636364,0.4531523928912239,0.2187040614697754,0.6372775842767766,68.7710843373494,60.9287677023885,0.9777384374336701,3072,0.9663629992992292,54.036458333333336,0.6178202629089355,0.10585734364265897,0.8180000000000001,0.969,0.83,0.15592515592515593,0.047285464098073555,0.2434325744308231,0.19614711033274956,2048,512,8856,132,33,0.7347628339295899,0.9998870822041553,0.48286359112184796,0.4597422220113329,0.218524486830806,0.6279927979811833,98,0.5903614457831325,100,165,0.9939759036144579,487,166,1.0,985
0,mk01,boba_ucb,5,4629,79,0.017066321019658673,2560,77,0.7881493506493507,0.44863950506664124,0.2204133023313715,0.6425820682255057,58.594936708860764,58.594936708860764,0.984284667100297,2745,0.9258749189889826,28.77959927140255,0.6431804299354553,0.10151845620427158,0.44499999999999995,0.886,0.473,0.042997542997543,0.08189655172413793,0.2554112554112554,0.1735147036871175,2048,512,2069,62,15,0.6935457622935204,0.9835669405509908,0.4968787641564855,0.4895735302866171,0.2493762660451742,0.6960391170672595,77,0.9746835443037974,62,78,0.9873417721518988,429,79,1.0,819
0,mk01,rabvs_budgeted_no_ucb,5,4629,79,0.017066321019658673,2560,79,0.8536392405063291,0.44734232760929027,0.21630391149191236,0.637166196884472,58.594936708860764,42.03549807374794,0.9380246749217348,2745,0.9258749189889826,28.77959927140255,0.6490944623947144,0.10080910209593086,0.702,0.9410000000000001,0.7150000000000001,0.041469194312796206,0.07758620689655173,0.26406926406926406,0.18648305717271235,2048,512,2069,63,16,0.6847778125895841,0.9980666988883519,0.4898401193642187,0.45571324249994805,0.21564029162640494,0.6219976966123907,73,0.9240506329113924,66,79,1.0,446,79,1.0,909
1,mk01,boba_ucb,5,4629,79,0.017066321019658673,2560,77,0.8400974025974026,0.44809009517803355,0.2187283559804368,0.6400508902326895,58.594936708860764,58.594936708860764,0.9811252674458544,2745,0.9258749189889826,28.77959927140255,0.6499852538108826,0.09935868645812529,0.484,0.903,0.507,0.03822441430332922,0.08189655172413793,0.2510822510822511,0.16918569935811315,2048,512,2069,62,15,0.6587071401582565,0.9830836152730787,0.49455631354092056,0.4763724038491245,0.23646652209026023,0.665860087101603,77,0.9746835443037974,63,77,0.9746835443037974,408,79,1.0,800
1,mk01,rabvs_budgeted_no_ucb,5,4629,79,0.017066321019658673,2560,79,0.8496835443037974,0.44717781382690586,0.2168120502621441,0.6398734573403647,58.594936708860764,40.76169510181618,0.9259037729270273,2745,0.9258749189889826,28.77959927140255,0.6506989002227783,0.10082782715740846,0.6990000000000001,0.9359999999999999,0.716,0.03672985781990521,0.06896551724137931,0.2727272727272727,0.2037617554858934,2048,512,2069,63,16,0.6763199501734811,0.9985500241662639,0.4887210138161668,0.45885339214644255,0.21847779044910334,0.6277930356264182,69,0.8734177215189873,70,79,1.0,445,79,1.0,909
2,mk01,boba_ucb,5,4629,79,0.017066321019658673,2560,78,0.8084935897435898,0.4481722416202085,0.21865349549699087,0.6396964287182294,58.594936708860764,58.594936708860764,0.9919198868100835,2745,0.9258749189889826,28.77959927140255,0.6539598107337952,0.09941360567985413,0.475,0.899,0.495,0.03850782190132371,0.07327586206896551,0.2683982683982684,0.1951224063293029,2048,512,2069,62,16,0.6870546056932063,0.9937167713871435,0.47544984696083414,0.46943727131616625,0.22912198123864505,0.6504450168156544,78,0.9873417721518988,60,79,1.0,424,79,1.0,813
2,mk01,rabvs_budgeted_no_ucb,5,4629,79,0.017066321019658673,2560,79,0.8441455696202531,0.4476334673738993,0.21671095740158403,0.6364559878538226,58.594936708860764,43.30930104567969,0.9385990508124188,2745,0.9258749189889826,28.77959927140255,0.6498737931251526,0.10044375162284558,0.6930000000000001,0.942,0.7030000000000001,0.03804994054696789,0.08620689655172414,0.2554112554112554,0.16920435885953128,2048,512,2069,63,16,0.7151626873549771,0.9985500241662639,0.4838349923524936,0.4602502321995195,0.21997986138750755,0.6310177399742457,73,0.9240506329113924,66,79,1.0,448,79,1.0,896
0,mk10,boba_ucb,5,6704,104,0.015513126491646777,2560,96,0.841796875,0.45112441864369157,0.22095343176441062,0.6485273568264601,64.46153846153847,64.46153846153847,0.9616817239873257,2816,0.9474940334128878,36.93181818181819,0.6278658509254456,0.10452715485601805,0.569,0.937,0.596,0.09544468546637744,0.0625,0.2417910447761194,0.1792910447761194,2048,512,4144,77,19,0.7087261038687994,0.9893822393822393,0.4938591786358285,0.4738926268569357,0.23429135163918977,0.666005722329046,93,0.8942307692307693,100,101,0.9711538461538461,486,104,1.0,942
0,mk10,rabvs_budgeted_no_ucb,5,6704,104,0.015513126491646777,2560,104,0.8137019230769231,0.4498235231975762,0.22143809018603036,0.6636330678915655,64.46153846153847,64.46153846153847,0.9613413270158604,2816,0.9474940334128878,36.93181818181819,0.6241436004638672,0.10727221567226708,0.783,0.97,0.792,0.09503239740820735,0.0625,0.24776119402985075,0.18526119402985075,2048,512,4144,83,21,0.8024955682055559,0.9987934362934363,0.4849005690301866,0.45561401209530666,0.21453294008612708,0.6206168056326323,75,0.7211538461538461,100,104,1.0,486,104,1.0,976
1,mk10,boba_ucb,5,6704,104,0.015513126491646777,2560,102,0.7665441176470589,0.449528301168759,0.2227256281991785,0.6681111981942005,64.46153846153847,64.46153846153847,0.9924293159653149,2816,0.9474940334128878,36.93181818181819,0.6318615674972534,0.10449350949487302,0.5569999999999999,0.923,0.573,0.0957562568008705,0.05952380952380952,0.2507462686567164,0.19122245913290686,2048,512,4144,82,20,0.7376076148690498,0.9833494208494209,0.4775131621986754,0.46228665472852415,0.22415047200653807,0.6492407454174166,95,0.9134615384615384,100,104,1.0,480,104,1.0,933
1,mk10,rabvs_budgeted_no_ucb,5,6704,104,0.015513126491646777,2560,101,0.8155940594059405,0.4503396928619336,0.21907505918063216,0.6501821882430808,64.46153846153847,62.53731343283582,0.957830898818666,2816,0.9474940334128878,36.57670454545455,0.6215258836746216,0.1078603448513642,0.819,0.979,0.825,0.0919661733615222,0.08035714285714286,0.22686567164179106,0.1465085287846482,2048,512,4144,81,20,0.7910282136263481,0.9997586872586872,0.47985733085195575,0.45155541922048364,0.2102531267850298,0.6116878744238367,74,0.7115384615384616,100,103,0.9903846153846154,493,103,0.9903846153846154,986
2,mk10,boba_ucb,5,6704,104,0.015513126491646777,2560,96,0.7955729166666666,0.45098609115126176,0.22104332219432504,0.6524261434322343,64.46153846153847,64.46153846153847,0.9598572638859463,2816,0.9474940334128878,36.57670454545455,0.6251699328422546,0.10574803654659115,0.587,0.943,0.609,0.0935483870967742,0.047619047619047616,0.25671641791044775,0.20909737029140013,2048,512,4144,77,19,0.682207959110171,0.9874517374517374,0.5014367623838087,0.47527761012602376,0.23554700073930088,0.6658332754703322,93,0.8942307692307693,100,101,0.9711538461538461,488,103,0.9903846153846154,944
2,mk10,rabvs_budgeted_no_ucb,5,6704,104,0.015513126491646777,2560,100,0.843125,0.4503097763829906,0.21859775456340183,0.6473594921168954,64.46153846153847,63.49942594718714,0.943714985092823,2816,0.9474940334128878,35.86647727272727,0.6212249398231506,0.10684914189639061,0.83,0.974,0.836,0.08985200845665962,0.0625,0.23880597014925373,0.17630597014925373,2048,512,4144,80,20,0.7075129563971311,0.9992760617760618,0.4931532667775972,0.4605709971747914,0.2191267161059633,0.6297618980872141,72,0.6923076923076923,100,101,0.9711538461538461,492,101,0.9711538461538461,987
0,mk14,boba_ucb,5,36428,578,0.015866915559459755,2560,384,0.7213541666666666,0.45414309653254264,0.22168155634488546,0.6442520257219496,63.024221453287204,63.024221453287204,0.9772908155908293,4352,0.9850664324146261,128.44669117647058,0.5420852899551392,0.13775994921066625,0.758,0.946,0.793,0.5574948665297741,0.08122941822173436,0.2355848434925865,0.1543554252708521,2048,512,33868,307,77,0.8709489308683207,0.9962501476319829,0.4684056261115657,0.4632027703231705,0.22611457508833374,0.6497893491056166,100,0.17301038062283736,100,474,0.8200692041522492,500,559,0.967128027681661,980
0,mk14,rabvs_budgeted_no_ucb,5,36428,578,0.015866915559459755,2560,562,0.7468861209964412,0.4525914041343639,0.21829042926817172,0.637573344098383,63.024221453287204,63.024221453287204,0.9836368920916271,4352,0.9850664324146261,131.66360294117646,0.5400116443634033,0.13847602097007072,0.791,0.957,0.8180000000000001,0.5736354273944387,0.054884742041712405,0.2613948380010983,0.2065100959593859,2048,512,33868,450,112,0.938934314616695,0.9999704736034014,0.4805806889113357,0.45811061084366583,0.21744004992582547,0.6259276310670234,100,0.17301038062283736,100,454,0.7854671280276817,500,573,0.9913494809688581,986
1,mk14,boba_ucb,5,36428,578,0.015866915559459755,2560,446,0.7379484304932735,0.4533504377572056,0.22128239843210945,0.6461598499022242,63.024221453287204,63.024221453287204,0.9779983636629909,4352,0.9850664324146261,127.98713235294117,0.5432342290878296,0.13779940506256227,0.718,0.949,0.749,0.5560123329907503,0.066410537870472,0.25096101043382757,0.18455047256335555,2048,512,33868,357,89,0.8003295419066895,0.9927069800401559,0.46695536074663474,0.46248160152315415,0.2253702693290135,0.6497064580726551,100,0.17301038062283736,100,476,0.8235294117647058,500,557,0.9636678200692042,976
1,mk14,rabvs_budgeted_no_ucb,5,36428,578,0.015866915559459755,2560,561,0.7787433155080213,0.45246702505450676,0.21763568520634535,0.6365643107239493,63.024221453287204,63.024221453287204,0.9840109721894932,4352,0.9850664324146261,132.35294117647058,0.5402076840400696,0.1379044905246849,0.775,0.958,0.7989999999999999,0.5755395683453237,0.06805708013172337,0.2487644151565074,0.18070733502478403,2048,512,33868,449,112,0.9089298891273291,1.0,0.482675114492825,0.457713622171983,0.21666906468900118,0.6242773153360014,100,0.17301038062283736,100,448,0.7750865051903114,500,576,0.9965397923875432,979
2,mk14,boba_ucb,5,36428,578,0.015866915559459755,2560,430,0.7389534883720931,0.4536191373073445,0.22107874469436486,0.6431818472391173,63.024221453287204,63.024221453287204,0.9758334766466141,4352,0.9850664324146261,127.75735294117646,0.5474734902381897,0.13623409639348183,0.743,0.945,0.773,0.5590062111801242,0.07025246981339188,0.2471169686985173,0.1768644988851254,2048,512,33868,344,86,0.7664768593224127,0.9926184008503602,0.4684728775518436,0.4638656888715697,0.22633574931276837,0.6506119139920973,100,0.17301038062283736,100,480,0.8304498269896193,500,556,0.9619377162629758,962
2,mk14,rabvs_budgeted_no_ucb,5,36428,578,0.015866915559459755,2560,558,0.7613127240143369,0.45247378969561997,0.2174344063475377,0.6349033238718758,63.024221453287204,63.024221453287204,0.9811540083439743,4352,0.9850664324146261,130.97426470588235,0.5392326712608337,0.13803069654679678,0.782,0.953,0.812,0.5717234262125903,0.05433589462129528,0.2624931356397584,0.2081572410184631,2048,512,33868,446,112,0.9405000102372388,0.9998818944136058,0.4806996353783175,0.4581222949739051,0.2171871278057134,0.6256021950766503,100,0.17301038062283736,100,455,0.78719723183391,500,570,0.986159169550173,975
0,mmp13,boba_ucb,5,37772,572,0.015143492534152283,2560,418,0.7033492822966507,0.45469696583349745,0.222923959215444,0.6488057102036877,66.03496503496503,66.03496503496503,0.9813780012764188,4352,0.9855977973101768,126.14889705882354,0.5181715488433838,0.1536294939772489,0.32599999999999996,0.977,0.33199999999999996,0.5525494276795005,0.04287983059820011,0.25886712546320806,0.21598729486500795,2048,512,35212,334,84,0.8384518354406637,0.9913381801658525,0.4795528039748987,0.46219991737926913,0.22615750779926197,0.6543108971058932,100,0.17482517482517482,100,496,0.8671328671328671,500,549,0.9597902097902098,954
0,mmp13,rabvs_budgeted_no_ucb,5,37772,572,0.015143492534152283,2560,555,0.7757882882882883,0.45507001573499406,0.22005135489538255,0.6339332255423717,66.03496503496503,58.523051023051025,0.9698642105176225,4352,0.9855977973101768,129.36580882352942,0.5157267451286316,0.1504633349582163,0.41700000000000004,0.981,0.42000000000000004,0.5630165289256198,0.04340921122286924,0.2583377448385389,0.21492853361566966,2048,512,35212,444,111,0.8682792977589013,0.9995740088606156,0.48653972126513145,0.4608823760079456,0.22069626026864597,0.6325090469287784,94,0.16433566433566432,100,457,0.798951048951049,499,563,0.9842657342657343,971
1,mmp13,boba_ucb,5,37772,572,0.015143492534152283,2560,431,0.6767691415313225,0.45560327381265875,0.22366325172627277,0.6455941725364844,66.03496503496503,66.03496503496503,0.9829948288407591,4352,0.9855977973101768,127.75735294117646,0.5179643630981445,0.1551583130578098,0.30900000000000005,0.98,0.31200000000000006,0.5604166666666667,0.04287983059820011,0.25886712546320806,0.21598729486500795,2048,512,35212,345,86,0.757858557670372,0.9913665795751448,0.47027189554536436,0.46515271468337444,0.22863246587390537,0.6544937261985716,100,0.17482517482517482,100,490,0.8566433566433567,499,556,0.972027972027972,945
1,mmp13,rabvs_budgeted_no_ucb,5,37772,572,0.015143492534152283,2560,559,0.755031305903399,0.454965494342176,0.22077550807917662,0.6377926567295963,66.03496503496503,55.55322455322455,0.9649676907045411,4352,0.9855977973101768,129.36580882352942,0.5134938955307007,0.15255729057316136,0.404,0.977,0.40900000000000003,0.5619834710743802,0.04340921122286924,0.2583377448385389,0.21492853361566966,2048,512,35212,447,112,0.8829071055565713,0.9992616153584005,0.4810331112999486,0.46105020904089156,0.22143913508065285,0.6346324788569071,94,0.16433566433566432,100,440,0.7692307692307693,499,563,0.9842657342657343,973
2,mmp13,boba_ucb,5,37772,572,0.015143492534152283,2560,414,0.7910628019323671,0.4554153651092997,0.2231923292622634,0.6449559521814466,66.03496503496503,66.03496503496503,0.9877298789824621,4352,0.9855977973101768,128.67647058823528,0.5154896974563599,0.15143508630627156,0.32999999999999996,0.969,0.33599999999999997,0.5576131687242798,0.05452620434092112,0.2482795129698253,0.1937533086289042,2048,512,35212,331,83,0.7687913986758863,0.9927865500397591,0.47485514589591515,0.4651288828503975,0.22834002734578177,0.6516928650949386,100,0.17482517482517482,100,491,0.8583916083916084,498,560,0.9790209790209791,930
2,mmp13,rabvs_budgeted_no_ucb,5,37772,572,0.015143492534152283,2560,561,0.7834224598930482,0.455025192683252,0.22007407768454804,0.6341715268017739,66.03496503496503,58.523051023051025,0.9748423536956332,4352,0.9855977973101768,129.8253676470588,0.5142393708229065,0.15042008032231335,0.41300000000000003,0.982,0.41500000000000004,0.561025641025641,0.04393859184753838,0.25886712546320806,0.2149285336156697,2048,512,35212,449,112,0.8629005558245744,0.9998580029535385,0.4880093331489903,0.46110858694084234,0.22096299003378767,0.6326660819664026,94,0.16433566433566432,100,457,0.798951048951049,498,565,0.9877622377622378,966
0,mp2k1,boba_ucb,5,8271,121,0.014629428122355218,2560,111,0.8282657657657657,0.4545895167176887,0.22649117405545743,0.6563868905651021,68.35537190082644,68.35537190082644,0.9774724287650763,3072,0.9535727239753355,38.736979166666664,0.6448658108711243,0.09643844764184217,0.391,0.892,0.43100000000000005,0.11638418079096045,0.057971014492753624,0.22946859903381642,0.1714975845410628,2048,512,5711,89,22,0.7081615976824199,0.9712834880056033,0.4947713513404017,0.4776420950678584,0.24212913397443342,0.6890366435716897,100,0.8264462809917356,100,118,0.9752066115702479,447,119,0.9834710743801653,839
0,mp2k1,rabvs_budgeted_no_ucb,5,8271,121,0.014629428122355218,2560,121,0.8393595041322314,0.4534303304797225,0.22064127066437222,0.6447899666385405,68.35537190082644,55.17843273922135,0.9733823942348336,3072,0.9535727239753355,39.388020833333336,0.6355331540107727,0.10042018706779232,0.7050000000000001,0.944,0.729,0.11029411764705882,0.06521739130434782,0.22705314009661837,0.16183574879227053,2048,512,5711,97,24,0.7445968592678663,0.9996497986342147,0.48455674957526296,0.44954524207483276,0.20920134439102184,0.6090126287062314,84,0.6942148760330579,100,121,1.0,484,121,1.0,970
1,mp2k1,boba_ucb,5,8271,121,0.014629428122355218,2560,118,0.7960805084745762,0.4537808637216825,0.226151755424939,0.65876452610408,68.35537190082644,68.35537190082644,0.9939257831475702,3072,0.9535727239753355,39.388020833333336,0.6361858248710632,0.09679750190814684,0.386,0.884,0.42900000000000005,0.12295081967213115,0.06280193236714976,0.22946859903381642,0.16666666666666666,2048,512,5711,94,24,0.6988079071818992,0.9758361057608125,0.49270908905533706,0.47482814647502264,0.23764398188749014,0.6774297965693494,100,0.8264462809917356,100,121,1.0,447,121,1.0,846
1,mp2k1,rabvs_budgeted_no_ucb,5,8271,121,0.014629428122355218,2560,120,0.8442708333333333,0.4539200025250505,0.22135212127854453,0.6440662917795419,68.35537190082644,53.531315344020705,0.9650975946246287,3072,0.9535727239753355,39.388020833333336,0.6368560194969177,0.09990331451811685,0.732,0.956,0.75,0.11290322580645161,0.06038647342995169,0.22946859903381642,0.16908212560386474,2048,512,5711,96,24,0.7471729855318295,0.9996497986342147,0.48582139189724266,0.4554099917642448,0.21490255594342159,0.6205849905589645,82,0.6776859504132231,100,120,0.9917355371900827,489,121,1.0,973
2,mp2k1,boba_ucb,5,8271,121,0.014629428122355218,2560,103,0.8058252427184466,0.4558249995502692,0.2260165328210055,0.649252240469178,68.35537190082644,68.35537190082644,0.9571211343030644,3072,0.9535727239753355,39.0625,0.6274533271789551,0.10241149094822177,0.43000000000000005,0.911,0.46599999999999997,0.11466372657111357,0.05555555555555555,0.2318840579710145,0.17632850241545894,2048,512,5711,82,21,0.6497895575317,0.9553493258623709,0.5040281361729049,0.48012166893537983,0.24320982477065703,0.6810594534687199,100,0.8264462809917356,100,117,0.9669421487603306,446,120,0.9917355371900827,844
2,mp2k1,rabvs_budgeted_no_ucb,5,8271,121,0.014629428122355218,2560,119,0.8067226890756303,0.45405142336925525,0.2214494075690048,0.6435063724749782,68.35537190082644,53.531315344020705,0.9635894023155026,3072,0.9535727239753355,39.388020833333336,0.6335480213165283,0.10039607232344328,0.744,0.95,0.765,0.11134676564156946,0.057971014492753624,0.2318840579710145,0.17391304347826086,2048,512,5711,95,24,0.7533215796195657,0.9992995972684293,0.4853502208529906,0.4561785175612187,0.21583683346013896,0.6226351504185735,82,0.6776859504132231,99,120,0.9917355371900827,489,121,1.0,972
0,nos1,boba_ucb,5,8150,100,0.012269938650306749,2560,100,0.7925,0.45646071692999557,0.22584183509654632,0.6707808573905159,81.5,81.5,0.9996528707692738,3072,0.9528834355828221,32.552083333333336,0.7165349125862122,0.07283762947940331,0.633,0.96,0.65,0.10733695652173914,0.0392156862745098,0.20638820638820637,0.16717252011369657,2048,512,5590,80,20,0.7228138911676381,0.9837209302325581,0.5026631601512119,0.47135268162396365,0.23157695946490545,0.6622412182948767,97,0.97,100,100,1.0,414,100,1.0,711
0,nos1,rabvs_budgeted_no_ucb,5,8150,100,0.012269938650306749,2560,100,0.85625,0.4567498958408744,0.22368175097961207,0.6632054183869102,81.5,58.64024390243902,0.9582983354711685,3072,0.9528834355828221,32.552083333333336,0.7110993266105652,0.07582624848877584,0.8140000000000001,0.976,0.8260000000000001,0.08797327394209355,0.056372549019607844,0.1891891891891892,0.13281664016958136,2048,512,5590,80,20,0.7503790964720942,0.9998211091234347,0.5020693384590923,0.4620094083397025,0.21982094040186734,0.6310745987797846,66,0.66,98,100,1.0,467,100,1.0,914
1,nos1,boba_ucb,5,8150,100,0.012269938650306749,2560,100,0.750625,0.45708407165585874,0.22478957870685923,0.6631256046947581,81.5,81.5,0.999097176466587,3072,0.9528834355828221,32.552083333333336,0.7099544405937195,0.07547331632852194,0.654,0.966,0.6659999999999999,0.10657894736842105,0.058823529411764705,0.18627450980392157,0.12745098039215685,2048,512,5590,80,20,0.7071930490566546,0.9915921288014311,0.501668108007343,0.4684359958009235,0.2272997994462542,0.6491921631759239,98,0.98,100,100,1.0,409,100,1.0,698
1,nos1,rabvs_budgeted_no_ucb,5,8150,100,0.012269938650306749,2560,100,0.8475,0.4570306169709355,0.22351668540451658,0.6597641046216688,81.5,58.64024390243902,0.9626961896898276,3072,0.9528834355828221,32.552083333333336,0.7122793793678284,0.07548656843131585,0.8220000000000001,0.983,0.827,0.08960176991150443,0.058823529411764705,0.18673218673218672,0.127908657320422,2048,512,5590,80,20,0.724822827369446,0.9994633273703041,0.5034149907149912,0.4624904631617605,0.22027010551477375,0.6320141348963981,73,0.73,98,100,1.0,472,100,1.0,905
2,nos1,boba_ucb,5,8150,100,0.012269938650306749,2560,97,0.8356958762886598,0.45665564624665406,0.22606172014477793,0.6695692830275238,81.5,81.5,0.9950311381954432,3072,0.9528834355828221,32.552083333333336,0.7162330746650696,0.07352370869586533,0.634,0.955,0.654,0.10394736842105264,0.0661764705882353,0.17936117936117937,0.11318470877294408,2048,512,5590,78,19,0.7109110183703863,0.984257602862254,0.5070769240762067,0.47034608520290055,0.23070468485604398,0.6597612362334403,95,0.95,99,100,1.0,414,100,1.0,734
2,nos1,rabvs_budgeted_no_ucb,5,8150,100,0.012269938650306749,2560,100,0.859375,0.45678788265602216,0.22432487505254978,0.6647735615415022,81.5,58.64024390243902,0.9608434940132917,3072,0.9528834355828221,32.552083333333336,0.7114948034286499,0.0755533889306349,0.8140000000000001,0.98,0.823,0.08826815642458101,0.056372549019607844,0.1891891891891892,0.13281664016958136,2048,512,5590,80,20,0.683280630420223,0.9974955277280859,0.5056048485483883,0.46453403553336076,0.22250865766260647,0.636663942795201,72,0.72,97,100,1.0,467,100,1.0,913
0,nram,boba_ucb,5,6298,98,0.015560495395363607,2560,98,0.8679846938775511,0.45070874222845564,0.21477586298927184,0.6174930235496902,64.26530612244898,64.26530612244898,0.999999999999977,2811,0.9442084788821848,34.863038064745645,0.6254598498344421,0.11416473428490248,0.402,0.931,0.41200000000000003,0.08054711246200608,0.006349206349206349,0.3047619047619048,0.29841269841269846,2048,512,3738,78,20,0.6008187568906722,0.9178705189941145,0.4737727698209165,0.4847066748074263,0.24307056382280023,0.678445751282873,98,1.0,57,98,1.0,328,98,1.0,651
0,nram,rabvs_budgeted_no_ucb,5,6298,98,0.015560495395363607,2560,98,0.875,0.45093036679884924,0.2152247553410433,0.6180979775673049,64.26530612244898,64.26530612244898,0.9990710645045738,2811,0.9442084788821848,34.863038064745645,0.6339588165283203,0.1111313772242869,0.759,0.981,0.763,0.0660024906600249,0.006349206349206349,0.3047619047619048,0.29841269841269846,2048,512,3738,78,20,0.6000832080538034,0.920545746388443,0.47851151128939645,0.48451393963649125,0.2427087917915188,0.6775635370885008,98,1.0,57,98,1.0,423,98,1.0,823
1,nram,boba_ucb,5,6298,98,0.015560495395363607,2560,98,0.8679846938775511,0.45078842669750024,0.21495923242837464,0.6177119555550081,64.26530612244898,64.26530612244898,0.999999999999977,2811,0.9442084788821848,34.863038064745645,0.6178075075149536,0.11623616102049028,0.42700000000000005,0.9410000000000001,0.43600000000000005,0.09565217391304348,0.009523809523809525,0.30158730158730157,0.292063492063492,2048,512,3738,78,20,0.6165882431202008,0.9531835205992509,0.47180604363709794,0.48205583866508195,0.24058564048949993,0.6732204368856687,98,1.0,57,98,1.0,322,98,1.0,655
1,nram,rabvs_budgeted_no_ucb,5,6298,98,0.015560495395363607,2560,98,0.875,0.450868694109944,0.2147024234095447,0.6171330624588508,64.26530612244898,64.26530612244898,0.999999999999977,2811,0.9442084788821848,34.863038064745645,0.6334888935089111,0.11152216233796242,0.775,0.98,0.778,0.08098159509202454,0.009523809523809525,0.30158730158730157,0.292063492063492,2048,512,3738,78,20,0.6112602546713466,0.9526484751203852,0.4818032910379394,0.4793118918200714,0.23727025742351301,0.6664704965057858,98,1.0,57,98,1.0,421,98,1.0,838
2,nram,boba_ucb,5,6298,98,0.015560495395363607,2560,97,0.8666237113402062,0.45041301884844454,0.21440177232527302,0.6169418362530519,64.26530612244898,64.26530612244898,0.999999999999977,2811,0.9442084788821848,34.863038064745645,0.6330798864364624,0.10748557440351703,0.46099999999999997,0.931,0.471,0.09266943291839558,0.006349206349206349,0.3047619047619048,0.29841269841269846,2048,512,3738,78,19,0.5978113292980416,0.8986088817549491,0.48827717023533646,0.4874968106564203,0.2448165846236222,0.6824990945221487,98,1.0,57,98,1.0,333,98,1.0,650
2,nram,rabvs_budgeted_no_ucb,5,6298,98,0.015560495395363607,2560,98,0.875,0.45069072484330536,0.21395777480043668,0.6157786119429512,64.26530612244898,64.26530612244898,0.9998329380314098,2811,0.9442084788821848,34.863038064745645,0.6365826725959778,0.10999876822500776,0.776,0.976,0.781,0.08121212121212121,0.009523809523809525,0.30158730158730157,0.292063492063492,2048,512,3738,78,20,0.6192938746824278,0.9705724986623863,0.4746553154686499,0.47671975911217657,0.23436748387500952,0.6605714815213185,98,1.0,57,98,1.0,425,98,1.0,827
0,pa2ga,boba_ucb,5,5249,99,0.01886073537816727,2560,99,0.7954545454545454,0.44417603747032663,0.213578289587874,0.6218410235814178,53.02020202020203,53.02020202020203,1.0,2769,0.9340588683558773,35.75297941495124,0.6258807182312012,0.11363179414548086,0.41200000000000003,0.9390000000000001,0.42300000000000004,0.046019900497512436,0.030418250950570342,0.3473282442748092,0.31690999332423886,2048,512,2689,79,20,0.6756519354115543,0.9802900706582373,0.4560085331168803,0.4722209262360918,0.23194993444876344,0.6574906154113389,99,1.0,38,99,1.0,384,99,1.0,764
0,pa2ga,rabvs_budgeted_no_ucb,5,5249,99,0.01886073537816727,2560,99,0.86489898989899,0.4437554061180487,0.2101866530835824,0.6145663122306443,10.604040404040406,30.58857808857809,0.9156747133601376,2769,0.9340588683558773,35.75297941495124,0.6262534856796265,0.11428250526143446,0.631,0.978,0.636,0.043478260869565216,0.030418250950570342,0.3473282442748092,0.31690999332423886,2048,512,2689,79,20,0.6747808420485177,0.9988843436221644,0.4571389482427888,0.4497065656054128,0.20857200987642224,0.6079453785546314,68,0.6868686868686869,66,99,1.0,414,99,1.0,854
1,pa2ga,boba_ucb,5,5249,99,0.01886073537816727,2560,99,0.8636363636363636,0.4442158214384653,0.2131523360488362,0.6201755344052399,53.02020202020203,53.02020202020203,1.0,2769,0.9340588683558773,35.75297941495124,0.628061830997467,0.11109638565326241,0.41900000000000004,0.938,0.43200000000000005,0.0580964153275649,0.026615969581749048,0.3511450381679389,0.32452906858618985,2048,512,2689,79,20,0.6662663745372256,0.9877277798438081,0.4584163949445489,0.4690378889536455,0.22827267355185824,0.6493724121183299,99,1.0,38,99,1.0,386,99,1.0,775
1,pa2ga,rabvs_budgeted_no_ucb,5,5249,99,0.01886073537816727,2560,99,0.8585858585858586,0.44382997080871645,0.21013892255646094,0.6143406890142356,10.604040404040406,30.58857808857809,0.9270074017584077,2769,0.9340588683558773,35.75297941495124,0.6251338720321655,0.11527784514588524,0.648,0.977,0.652,0.056558363417569195,0.030418250950570342,0.3473282442748092,0.31690999332423886,2048,512,2689,79,20,0.6890959763144375,0.999256229081443,0.454662069692594,0.44825430205286315,0.20676394242722074,0.6044197966262136,72,0.7272727272727273,63,99,1.0,421,99,1.0,860
2,pa2ga,boba_ucb,5,5249,99,0.01886073537816727,2560,95,0.8611842105263158,0.4444551392155302,0.2121993895730189,0.6143877900665604,53.02020202020203,53.02020202020203,0.9865398791187385,2769,0.9340588683558773,35.75297941495124,0.6212179064750671,0.1146601261521708,0.41100000000000003,0.9410000000000001,0.42500000000000004,0.057387057387057384,0.019011406844106463,0.35877862595419846,0.339767219110092,2048,512,2689,76,19,0.6201115849312958,0.947192264782447,0.4683883150766166,0.4816741848576739,0.24090463550496083,0.6750695785138527,95,0.9595959595959596,38,99,1.0,387,99,1.0,775
2,pa2ga,rabvs_budgeted_no_ucb,5,5249,99,0.01886073537816727,2560,99,0.8623737373737373,0.44359892059116457,0.2105984009180085,0.6174265817636454,10.604040404040406,31.608197358197362,0.9066201627766469,2769,0.9340588683558773,35.75297941495124,0.6259673237800598,0.11392804295396897,0.622,0.967,0.631,0.055819477434679333,0.030418250950570342,0.3473282442748092,0.31690999332423886,2048,512,2689,79,20,0.6490153710003594,0.9970249163257716,0.4609349997099192,0.45377982363938957,0.21212975027735043,0.6152893629196313,62,0.6262626262626263,72,99,1.0,416,99,1.0,852
0,parp1,boba_ucb,5,30558,508,0.016624124615485306,2560,280,0.8352678571428571,0.45144866699340674,0.21721392116720178,0.6328247468445637,60.153543307086615,60.153543307086615,0.9793183208894135,4096,0.9832449767654952,121.58203125,0.5496523380279541,0.1306079646323537,0.6839999999999999,0.9359999999999999,0.729,0.4963805584281282,0.09424083769633508,0.23232984293193717,0.13808900523560208,2048,512,27998,224,56,0.6930639989968375,0.9880348596328309,0.485146841906148,0.4614701321352748,0.22324027402497673,0.6445627341257355,100,0.1968503937007874,100,465,0.9153543307086615,499,498,0.9803149606299213,975
0,parp1,rabvs_budgeted_no_ucb,5,30558,508,0.016624124615485306,2560,504,0.8191964285714286,0.44982132798909436,0.21307459929835765,0.6212579017794149,60.153543307086615,60.153543307086615,0.9923725034757159,4096,0.9832449767654952,123.53515625,0.552323579788208,0.12855208753812064,0.8280000000000001,0.966,0.851,0.5005128205128205,0.03989535644211903,0.2918848167539267,0.2519894603118077,2048,512,27998,403,101,0.8027905012620159,0.9999642831630831,0.47810127158397897,0.45894919214462115,0.21613458002799993,0.62376599636257,100,0.1968503937007874,100,456,0.8976377952755905,500,506,0.9960629921259843,994
1,parp1,boba_ucb,5,30558,508,0.016624124615485306,2560,300,0.8197916666666667,0.4509577249724096,0.21607761685806534,0.6308227869617167,60.153543307086615,60.153543307086615,0.9905071715729584,4096,0.9832449767654952,123.291015625,0.5465838313102722,0.13452605113620386,0.669,0.9359999999999999,0.702,0.5046439628482973,0.07918848167539266,0.2532722513089005,0.17408376963350786,2048,512,27998,240,60,0.6966845691365176,0.9908207729123509,0.4770145240733699,0.4609005457060176,0.22170714800886587,0.6405443102158297,100,0.1968503937007874,100,463,0.9114173228346457,499,505,0.9940944881889764,973
1,parp1,rabvs_budgeted_no_ucb,5,30558,508,0.016624124615485306,2560,505,0.8120049504950495,0.44997308789060636,0.21322223238380825,0.6207056556883773,60.153543307086615,60.153543307086615,0.9944870532782901,4096,0.9832449767654952,123.779296875,0.5519365668296814,0.12902669301474223,0.829,0.966,0.853,0.5035897435897436,0.04316546762589928,0.2892670157068063,0.246101548080907,2048,512,27998,404,101,0.8129507654794341,0.9998214158154154,0.4827633398865559,0.459534648116805,0.21681200215978783,0.6252407606692728,100,0.1968503937007874,100,462,0.9094488188976378,500,507,0.9980314960629921,995
2,parp1,boba_ucb,5,30558,508,0.016624124615485306,2560,358,0.7468575418994413,0.45078708088075564,0.21664538270164255,0.6319225911739418,60.153543307086615,60.153543307086615,0.9929700284864632,4096,0.9832449767654952,123.779296875,0.5476237535476685,0.13282219994003563,0.698,0.933,0.74,0.5072314049586777,0.08115183246073299,0.2513089005235602,0.1701570680628272,2048,512,27998,286,72,0.6512094286213477,0.978284163154511,0.47932279256780214,0.46237721426128287,0.22319090591946728,0.6430171161315461,100,0.1968503937007874,100,469,0.9232283464566929,499,507,0.9980314960629921,979
2,parp1,rabvs_budgeted_no_ucb,5,30558,508,0.016624124615485306,2560,502,0.8217131474103586,0.44997692111458193,0.21300508189345058,0.6194336509830729,60.153543307086615,60.153543307086615,0.9916820586252568,4096,0.9832449767654952,123.291015625,0.5560443997383118,0.12770729476727194,0.831,0.967,0.853,0.5015384615384615,0.04384816753926701,0.2879581151832461,0.24410994764397909,2048,512,27998,402,100,0.746347400266934,0.9997142653046647,0.4805345434617485,0.4599468848848745,0.21707834736682832,0.6257394400143577,100,0.1968503937007874,100,463,0.9114173228346457,500,505,0.9940944881889764,993
0,pde5a,boba_ucb,5,27948,398,0.014240732789466151,2560,300,0.7925,0.45586897126782644,0.22173650466048636,0.6428660964866095,70.22110552763819,70.22110552763819,0.9676907191099741,3840,0.982825246887076,99.73958333333334,0.5754017233848572,0.11855611167377722,0.61,0.895,0.652,0.38031088082901554,0.07296137339055794,0.20830350751610593,0.135342134125548,2048,512,25388,240,60,0.730629479495256,0.9930282023002993,0.48854619071808475,0.46518305081602096,0.2263485693006652,0.6489725619311535,100,0.25125628140703515,100,370,0.9296482412060302,485,383,0.9623115577889447,942
0,pde5a,rabvs_budgeted_no_ucb,5,27948,398,0.014240732789466151,2560,384,0.8133138020833334,0.4545608837964444,0.21875862753859607,0.6377025506203077,70.22110552763819,63.677203220403094,0.9774430092847035,3840,0.982825246887076,102.86458333333333,0.5646364092826843,0.12105359541278926,0.745,0.915,0.783,0.3907216494845361,0.04721030042918455,0.2376521116678597,0.19044181123867515,2048,512,25388,307,77,0.8146447140398071,0.9999606113124311,0.4884914430108742,0.4611067638956786,0.21921585652579012,0.6298694135132201,100,0.25125628140703515,100,382,0.9597989949748744,496,395,0.992462311557789,975
1,pde5a,boba_ucb,5,27948,398,0.014240732789466151,2560,316,0.8152689873417721,0.4555863459302433,0.2217655971500737,0.6418846452070807,70.22110552763819,70.22110552763819,0.9720654255276949,3840,0.982825246887076,100.26041666666667,0.5587427020072937,0.12486796460875882,0.61,0.893,0.655,0.3800205973223481,0.04864091559370529,0.23478883321403007,0.1861479176203248,2048,512,25388,253,63,0.748272479592512,0.9934220891759886,0.4826287657783506,0.46701066783682676,0.2281042590698451,0.6533048493829565,100,0.25125628140703515,100,365,0.9170854271356784,493,385,0.9673366834170855,956
1,pde5a,rabvs_budgeted_no_ucb,5,27948,398,0.014240732789466151,2560,388,0.8134664948453608,0.4546757905483294,0.21889456413946187,0.6374264671885718,70.22110552763819,64.18058032095963,0.9744776965243812,3840,0.982825246887076,102.08333333333333,0.5621317028999329,0.12240429912351536,0.742,0.916,0.779,0.3868312757201646,0.03791130185979971,0.24695776664280603,0.2090464647830063,2048,512,25388,310,78,0.8981502404873788,0.9998818339372932,0.484893476930567,0.4610607343845754,0.2194131668919425,0.6304451099792563,100,0.25125628140703515,100,386,0.9698492462311558,498,392,0.9849246231155779,981
2,pde5a,boba_ucb,5,27948,398,0.014240732789466151,2560,320,0.6671875,0.45549419864621016,0.22219679711757495,0.6444451425407325,70.22110552763819,70.22110552763819,0.9835258621314655,3840,0.982825246887076,102.34375,0.566973090171814,0.12350222690556667,0.633,0.9,0.671,0.38666666666666666,0.04721030042918455,0.2376521116678597,0.19044181123867515,2048,512,25388,256,64,0.7099471551407804,0.98932566566882,0.48180178694277365,0.4681057552353685,0.2292387432640647,0.6552045089302406,100,0.25125628140703515,100,373,0.9371859296482412,494,393,0.9874371859296482,959
2,pde5a,rabvs_budgeted_no_ucb,5,27948,398,0.014240732789466151,2560,387,0.8131459948320413,0.4547584202418335,0.21902746344250168,0.6375205878232431,70.22110552763819,63.17382611984655,0.978163652781729,3840,0.982825246887076,102.86458333333333,0.5632714033126831,0.12221049570789988,0.73,0.917,0.765,0.3903192584963955,0.04291845493562232,0.24194702934860415,0.19902857441298183,2048,512,25388,310,77,0.8918669477780801,0.9999606113124311,0.48463384427057404,0.4603056299914323,0.21880518464933535,0.6289191165436118,100,0.25125628140703515,100,385,0.9673366834170855,496,395,0.992462311557789,978
0,pgh1,boba_ucb,5,10995,195,0.017735334242837655,2560,153,0.7160947712418301,0.4490060781046749,0.2273193722177985,0.694402734644209,56.38461538461538,56.38461538461538,0.8768057811895856,3072,0.965075034106412,55.989583333333336,0.6469026803970337,0.10109320598645699,0.493,0.917,0.522,0.1790341578327444,0.07636363636363637,0.2381818181818182,0.1618181818181818,2048,512,8435,122,31,0.9291603760254566,0.9947836395969176,0.46947618601852786,0.44520535370709785,0.212594679009164,0.6256569859350977,100,0.5128205128205128,100,164,0.841025641025641,445,172,0.882051282051282,845
0,pgh1,rabvs_budgeted_no_ucb,5,10995,195,0.017735334242837655,2560,168,0.7708333333333334,0.4489319163945603,0.22331783882975825,0.6782842281059394,56.38461538461538,43.56993006993007,0.8310753438865721,3072,0.965075034106412,57.6171875,0.6541187167167664,0.09742937949220631,0.64,0.951,0.657,0.1753607103218646,0.10545454545454545,0.21818181818181817,0.11272727272727272,2048,512,8435,134,34,0.9498698268519686,1.0,0.46922285653551044,0.4394938502717863,0.20290141007072363,0.5960599038029947,83,0.4256410256410256,100,168,0.8615384615384616,469,177,0.9076923076923077,913
1,pgh1,boba_ucb,5,10995,195,0.017735334242837655,2560,139,0.6357913669064749,0.4491977389010648,0.2285031233303166,0.6957514249997776,56.38461538461538,56.38461538461538,0.8604400776439292,3072,0.965075034106412,57.291666666666664,0.6617764234542847,0.09448197650379553,0.487,0.943,0.504,0.18772563176895307,0.09818181818181818,0.22363636363636363,0.12545454545454546,2048,512,8435,111,28,0.8930868875420688,0.9879075281564909,0.4755149254538346,0.4534665079244822,0.22420590815170438,0.6615934612208164,100,0.5128205128205128,100,162,0.8307692307692308,439,176,0.9025641025641026,831
1,pgh1,rabvs_budgeted_no_ucb,5,10995,195,0.017735334242837655,2560,169,0.7511094674556213,0.44939075359640146,0.2250722712629577,0.6827973356591472,56.38461538461538,45.107692307692304,0.8304488867260671,3072,0.965075034106412,56.966145833333336,0.6528989672660828,0.0972890520428501,0.607,0.942,0.624,0.17593643586833144,0.0890909090909091,0.2309090909090909,0.1418181818181818,2048,512,8435,135,34,0.942735848540624,0.9992886781268524,0.4652468903997787,0.43656853542315616,0.2017761015182627,0.5961095532895331,84,0.4307692307692308,100,169,0.8666666666666667,475,175,0.8974358974358975,899
2,pgh1,boba_ucb,5,10995,195,0.017735334242837655,2560,159,0.5738993710691824,0.4486467812377846,0.22595338859853964,0.6891993299591264,56.38461538461538,56.38461538461538,0.890278430052112,3072,0.965075034106412,57.6171875,0.6458541750907898,0.10023621934653437,0.483,0.914,0.509,0.18171296296296297,0.1,0.22545454545454546,0.12545454545454546,2048,512,8435,127,32,0.9639261110130611,0.9978660343805572,0.460062841519363,0.44335287824134334,0.20986659247957748,0.6190466889609434,100,0.5128205128205128,100,167,0.8564102564102564,466,177,0.9076923076923077,850
2,pgh1,rabvs_budgeted_no_ucb,5,10995,195,0.017735334242837655,2560,179,0.7461592178770949,0.44828262743942526,0.22347999550289713,0.684114729877974,56.38461538461538,44.59510489510489,0.8559766314316511,3072,0.965075034106412,59.5703125,0.647189736366272,0.10016284712846801,0.609,0.9359999999999999,0.628,0.18438914027149322,0.09454545454545454,0.24545454545454545,0.1509090909090909,2048,512,8435,143,36,0.9570621296019253,1.0,0.4590361942729062,0.43176361901743815,0.19479955145320818,0.5797205918932911,85,0.4358974358974359,100,177,0.9076923076923077,480,183,0.9384615384615385,891
0,pgh2,boba_ucb,5,23585,435,0.018443926224295103,2560,296,0.753589527027027,0.451298494028293,0.22216284224153554,0.6476607936594616,54.2183908045977,54.2183908045977,0.8798017335919112,3840,0.9796480814076743,95.57291666666666,0.6223141551017761,0.1113947270040001,0.619,0.961,0.635,0.3827433628318584,0.0940677966101695,0.25190839694656486,0.15784060033639535,2048,512,21025,237,59,0.790783688688664,0.9891557669441141,0.488548500880687,0.46142150789465436,0.22682738124233937,0.6534532820278468,100,0.22988505747126436,100,333,0.7655172413793103,473,367,0.8436781609195402,855
0,pgh2,rabvs_budgeted_no_ucb,5,23585,435,0.018443926224295103,2560,330,0.793939393939394,0.45107456942202695,0.22036314894904224,0.6440326339819719,54.2183908045977,52.83995714007403,0.8385128744156702,3840,0.9796480814076743,91.92708333333334,0.6159939765930176,0.11347803922941035,0.7130000000000001,0.96,0.736,0.35089567966280294,0.08644067796610169,0.24003392705682783,0.15359324909072614,2048,512,21025,264,66,0.8790898915137959,0.999667063020214,0.49202924238568857,0.4554141888140142,0.2182553464625534,0.628123724946104,100,0.22988505747126436,100,326,0.7494252873563219,488,353,0.8114942528735632,951
1,pgh2,boba_ucb,5,23585,435,0.018443926224295103,2560,343,0.7175655976676385,0.44899523777159905,0.22212929821610403,0.6624262736726877,54.2183908045977,54.2183908045977,0.9084044273986246,3840,0.9796480814076743,100.26041666666667,0.6254725456237793,0.11089574136743807,0.6,0.94,0.627,0.3969631236442516,0.06858594411515664,0.27504244482173174,0.2064565007065751,2048,512,21025,274,69,0.9291038025925212,0.9938644470868014,0.4759970028983902,0.4530105552901143,0.21977949321363638,0.6464380711863124,100,0.22988505747126436,100,362,0.832183908045977,489,385,0.8850574712643678,908
1,pgh2,rabvs_budgeted_no_ucb,5,23585,435,0.018443926224295103,2560,373,0.7664209115281502,0.44949147816125395,0.2181108774288471,0.6442722966030617,54.2183908045977,53.98865186051042,0.8957307782624543,3840,0.9796480814076743,101.5625,0.6196892857551575,0.11220682137476135,0.6799999999999999,0.947,0.704,0.3897058823529412,0.1,0.2502120441051739,0.1502120441051739,2048,512,21025,298,75,0.9491355713880895,0.9999048751486326,0.48774498204715316,0.4499992000888094,0.21149381694586455,0.614282524225607,100,0.22988505747126436,100,355,0.8160919540229885,493,390,0.896551724137931,946
2,pgh2,boba_ucb,5,23585,435,0.018443926224295103,2560,321,0.672702492211838,0.4495068673100489,0.22048317277373652,0.6533914086339957,54.2183908045977,54.2183908045977,0.9005602039496918,3840,0.9796480814076743,98.69791666666666,0.6189294457435608,0.11429394602539988,0.583,0.931,0.612,0.37869198312236285,0.08305084745762711,0.268871925360475,0.18582107790284788,2048,512,21025,257,64,0.9003516641257342,0.9944827586206897,0.4850830505556745,0.4575078483095311,0.2218498378211441,0.6464431413733324,100,0.22988505747126436,100,344,0.7908045977011494,484,379,0.871264367816092,925
2,pgh2,rabvs_budgeted_no_ucb,5,23585,435,0.018443926224295103,2560,376,0.7594747340425532,0.4497420878466314,0.21864846660135842,0.6442532970695024,54.2183908045977,54.2183908045977,0.9045747776390696,3840,0.9796480814076743,101.5625,0.6226694583892822,0.11168227228788907,0.685,0.95,0.71,0.39361702127659576,0.08389830508474576,0.2697201017811705,0.18582179669642473,2048,512,21025,301,75,0.9612652236170193,0.9997621878715814,0.4890548422709351,0.45106121230841234,0.21322074175249164,0.6191066775357983,100,0.22988505747126436,100,357,0.8206896551724138,493,390,0.896551724137931,949
0,plk1,boba_ucb,5,6907,107,0.015491530331547706,2560,96,0.837890625,0.4528161664129629,0.2217779347654511,0.6406240874907982,64.55140186915888,64.55140186915888,0.976360935288338,2816,0.9490372086289272,37.997159090909086,0.6174656748771667,0.11018581363386848,0.52,0.928,0.552,0.09317443120260022,0.06358381502890173,0.2463768115942029,0.18279299656530118,2048,512,4347,77,19,0.6676317450747831,0.9797561536691971,0.47837666498261294,0.4792223194726649,0.24123268889093083,0.6780033943089473,96,0.897196261682243,81,107,1.0,453,107,1.0,881
0,plk1,rabvs_budgeted_no_ucb,5,6907,107,0.015491530331547706,2560,107,0.8580607476635514,0.45107730970417165,0.21752986606027166,0.6333986037959852,64.55140186915888,57.067181362589736,0.9843737611301443,2816,0.9490372086289272,37.997159090909086,0.611553430557251,0.11397461422007393,0.838,0.975,0.848,0.0904311251314406,0.057803468208092484,0.25217391304347825,0.19437044483538576,2048,512,4347,86,21,0.7127270552041722,1.0,0.47044465516072625,0.456073094486831,0.21580366648135738,0.6220705181671415,90,0.8411214953271028,89,107,1.0,473,107,1.0,961
1,plk1,boba_ucb,5,6907,107,0.015491530331547706,2560,104,0.8016826923076923,0.45113908977911343,0.2208085041473696,0.6430150686507293,64.55140186915888,64.55140186915888,0.9894230045541874,2816,0.9490372086289272,37.997159090909086,0.623653769493103,0.10749614608980251,0.514,0.92,0.542,0.09440175631174534,0.04046242774566474,0.26956521739130435,0.2291027896456396,2048,512,4347,83,21,0.676036042130948,0.9838969404186796,0.46976910675087985,0.47892912329158627,0.23980544974427984,0.6749475028763771,100,0.9345794392523364,80,107,1.0,451,107,1.0,908
1,plk1,rabvs_budgeted_no_ucb,5,6907,107,0.015491530331547706,2560,105,0.8482142857142857,0.45099173348583904,0.21708971582848802,0.6317326539056587,64.55140186915888,55.196126235947446,0.9789125781836209,2816,0.9490372086289272,37.997159090909086,0.6125356554985046,0.11435447481954142,0.844,0.978,0.855,0.0911983032873807,0.03757225433526012,0.27246376811594203,0.2348915137806819,2048,512,4347,84,21,0.6669145488283658,0.998389694041868,0.4794413744486962,0.46076932275541843,0.22024254726508352,0.6311786085540052,89,0.8317757009345794,88,107,1.0,472,107,1.0,961
2,plk1,boba_ucb,5,6907,107,0.015491530331547706,2560,106,0.8077830188679245,0.45098802520543196,0.22146961292854847,0.6465582895009372,64.55140186915888,64.55140186915888,0.9956652403867963,2816,0.9490372086289272,37.997159090909086,0.6239848732948303,0.10727231807019666,0.5429999999999999,0.937,0.5700000000000001,0.0918918918918919,0.04046242774566474,0.26956521739130435,0.2291027896456396,2048,512,4347,85,21,0.6743524889707792,0.9710144927536232,0.4740619848110134,0.4769560374729729,0.2387219415232656,0.6774038095521189,100,0.9345794392523364,80,107,1.0,453,107,1.0,891
2,plk1,rabvs_budgeted_no_ucb,5,6907,107,0.015491530331547706,2560,107,0.8504672897196262,0.4504517260523272,0.21739077398925535,0.6382792354272262,64.55140186915888,57.067181362589736,0.9739972214746037,2816,0.9490372086289272,37.997159090909086,0.6116361021995544,0.1136234860978046,0.83,0.975,0.839,0.09042553191489362,0.046242774566473986,0.263768115942029,0.217525341375555,2048,512,4347,86,21,0.7307043505060227,0.9997699562916954,0.4735520723668942,0.4551927387487588,0.21477559633264626,0.6200117336938963,80,0.7476635514018691,91,107,1.0,473,107,1.0,962
0,pnph,boba_ucb,5,7053,103,0.014603714731320005,2560,102,0.875,0.45173602142649993,0.2154385541644783,0.6225063490645112,68.47572815533981,68.47572815533981,0.9999290839788363,2816,0.9500921593648093,36.57670454545455,0.653532862663269,0.09554990132914165,0.381,0.887,0.396,0.125,0.0084985835694051,0.28328611898017,0.2747875354107649,2048,512,4493,82,20,0.6450084501606854,0.9666147340307144,0.47703285303583515,0.4720883767075693,0.23026567198037629,0.6554213787807543,100,0.970873786407767,78,103,1.0,366,103,1.0,630
0,pnph,rabvs_budgeted_no_ucb,5,7053,103,0.014603714731320005,2560,103,0.875,0.4524412500114175,0.21581322808402123,0.62178028104991,68.47572815533981,66.54683440448517,0.9969510832700091,2816,0.9500921593648093,36.57670454545455,0.6679739356040955,0.09147703230672555,0.679,0.957,0.688,0.10163111668757842,0.014164305949008499,0.2776203966005666,0.26345609065155806,2048,512,4493,82,21,0.6545394875380642,0.9904295570888048,0.4969707415340556,0.4754159018680891,0.23161564175869964,0.6557562775530154,97,0.941747572815534,80,103,1.0,440,103,1.0,800
1,pnph,boba_ucb,5,7053,103,0.014603714731320005,2560,103,0.875,0.45204073685297946,0.2159866952404242,0.6226182895142355,68.47572815533981,68.47572815533981,1.0,2816,0.9500921593648093,36.57670454545455,0.66429603099823,0.09097541927718078,0.42200000000000004,0.926,0.43700000000000006,0.11538461538461539,0.0169971671388102,0.2747875354107649,0.2577903682719547,2048,512,4493,82,21,0.6577312594307234,0.973736924104162,0.48788333154876146,0.4765393765584701,0.23431469727626136,0.6636875193384894,100,0.970873786407767,77,103,1.0,382,103,1.0,657
1,pnph,rabvs_budgeted_no_ucb,5,7053,103,0.014603714731320005,2560,103,0.875,0.45250401991033257,0.2156369302807975,0.6210999939555617,68.47572815533981,66.54683440448517,0.9973585835431281,2816,0.9500921593648093,36.57670454545455,0.6708921790122986,0.09083539463576917,0.7010000000000001,0.958,0.7070000000000001,0.09950859950859951,0.0169971671388102,0.2747875354107649,0.2577903682719547,2048,512,4493,82,21,0.6424523851495685,0.9866458936122858,0.4954414184817843,0.47388083507067896,0.2299982480063008,0.6525139321735521,98,0.9514563106796117,79,103,1.0,448,103,1.0,813
2,pnph,boba_ucb,5,7053,103,0.014603714731320005,2560,103,0.875,0.45212871626477197,0.21684608350927753,0.6245864562928694,68.47572815533981,68.47572815533981,1.0,2816,0.9500921593648093,36.57670454545455,0.6624479293823242,0.0920875485542525,0.45599999999999996,0.922,0.46699999999999997,0.11671469740634005,0.031161473087818695,0.26062322946175637,0.22946175637393768,2048,512,4493,82,21,0.6308624753911755,0.9443578900511908,0.49032127793236807,0.4806468824063337,0.23875025305953568,0.6715148221622678,100,0.970873786407767,77,103,1.0,372,103,1.0,654
2,pnph,rabvs_budgeted_no_ucb,5,7053,103,0.014603714731320005,2560,103,0.875,0.45245928855931233,0.21533522186203088,0.620603306573062,68.47572815533981,66.54683440448517,0.9974057938274423,2816,0.9500921593648093,36.57670454545455,0.6688269376754761,0.09243582770384517,0.7050000000000001,0.957,0.712,0.09938650306748466,0.031161473087818695,0.26062322946175637,0.22946175637393768,2048,512,4493,82,21,0.6337287803121168,0.9859781882929001,0.48885442606955115,0.4713879226759876,0.22738838233354836,0.6471235076700937,98,0.9514563106796117,79,103,1.0,442,103,1.0,809
0,ppara,boba_ucb,5,19772,373,0.018865061703418975,2560,294,0.8499149659863946,0.4478881838176135,0.21846228621936592,0.6286955495261971,53.008042895442365,53.008042895442365,0.9956011938191826,3584,0.9773416953267247,103.79464285714286,0.5307704210281372,0.14528172365255332,0.46099999999999997,0.97,0.472,0.3816216216216216,0.047522750252780584,0.32861476238624876,0.2810920121334682,2048,512,17212,235,59,0.6239426088612726,0.9294097141529166,0.4453070720300703,0.46795173595727035,0.23312995295375527,0.6621508173045854,100,0.2680965147453083,100,369,0.9892761394101877,472,372,0.9973190348525469,857
0,ppara,rabvs_budgeted_no_ucb,5,19772,373,0.018865061703418975,2560,372,0.8497983870967742,0.4472843331005373,0.21310915887953905,0.6153166264621025,53.008042895442365,53.008042895442365,0.996114136196498,3584,0.9773416953267247,104.07366071428571,0.5411219596862793,0.1449955575291052,0.8009999999999999,0.995,0.806,0.36344969199178645,0.034378159757330634,0.3417593528816987,0.30738119312436807,2048,512,17212,298,74,0.6872225796128824,0.9995933069951197,0.46860800602775204,0.45731084413048445,0.21797239355019382,0.6263192771298328,100,0.2680965147453083,100,372,0.9973190348525469,494,373,1.0,992
1,ppara,boba_ucb,5,19772,373,0.018865061703418975,2560,323,0.7848297213622291,0.44755117188973476,0.2163893928803123,0.6220387495702643,53.008042895442365,53.008042895442365,0.9963564090375344,3584,0.9773416953267247,103.79464285714286,0.5442313551902771,0.1388565299097787,0.44899999999999995,0.968,0.46399999999999997,0.3811074918566775,0.041456016177957536,0.3346814964610718,0.2932254802831143,2048,512,17212,258,65,0.6268592145587301,0.9512549384150593,0.4545057470936562,0.4660400293373662,0.2293441810262139,0.6507680984449369,100,0.2680965147453083,100,369,0.9892761394101877,478,372,0.9973190348525469,858
1,ppara,rabvs_budgeted_no_ucb,5,19772,373,0.018865061703418975,2560,373,0.8495308310991957,0.4471730388105187,0.212896327139213,0.6150209391141573,53.008042895442365,53.008042895442365,0.9970961281294112,3584,0.9773416953267247,104.07366071428571,0.5414235591888428,0.14401124185543612,0.792,0.995,0.796,0.36102564102564105,0.025278058645096056,0.3518705763397371,0.32659251769464104,2048,512,17212,298,75,0.6683682164222812,0.9988961189867535,0.4753571641355102,0.4579343034227166,0.21832513069677648,0.6270877679789879,100,0.2680965147453083,100,373,1.0,494,373,1.0,994
2,ppara,boba_ucb,5,19772,373,0.018865061703418975,2560,302,0.8371274834437086,0.4477580228938526,0.21742365828931948,0.6247212837514919,53.008042895442365,53.008042895442365,0.9959754094942516,3584,0.9773416953267247,103.79464285714286,0.5412150621414185,0.13943068500360312,0.45699999999999996,0.97,0.469,0.3783494105037513,0.047474747474747475,0.32861476238624876,0.2811400149115013,2048,512,17212,242,60,0.6349114551004744,0.9485242853822914,0.45527564947997123,0.4667971371824048,0.2309041507418334,0.6553697971689121,100,0.2680965147453083,100,370,0.9919571045576407,480,372,0.9973190348525469,855
2,ppara,rabvs_budgeted_no_ucb,5,19772,373,0.018865061703418975,2560,373,0.8505361930294906,0.44711783608629513,0.21285863444067588,0.6151466518511061,53.008042895442365,53.008042895442365,0.9967525967999858,3584,0.9773416953267247,104.07366071428571,0.5403132438659668,0.14589276421768538,0.8049999999999999,0.995,0.8089999999999999,0.3630769230769231,0.03134479271991911,0.34580384226491406,0.31445904954499493,2048,512,17212,298,75,0.678829542224509,0.9995933069951197,0.4752341745979094,0.4577322985910207,0.2176664597124327,0.6259154092553524,100,0.2680965147453083,100,373,1.0,494,373,1.0,988
0,ppard,boba_ucb,5,12490,240,0.01921537229783827,2560,234,0.8541666666666666,0.4449202331265791,0.2132223936531483,0.6155701422773712,52.04166666666667,52.04166666666667,0.9974668979818102,3072,0.9692554043234588,78.125,0.5612623691558838,0.1391439864881171,0.532,0.957,0.5529999999999999,0.23829787234042554,0.016,0.3685897435897436,0.3525897435897436,2048,512,9930,187,47,0.6067714633341141,0.9225579053373615,0.45881787523796563,0.46984908334958675,0.23075217412334503,0.654313265875533,100,0.4166666666666667,100,239,0.9958333333333333,471,240,1.0,875
0,ppard,rabvs_budgeted_no_ucb,5,12490,240,0.01921537229783827,2560,239,0.8676778242677824,0.4450891144532077,0.20967938810903025,0.6072079577165075,52.04166666666667,52.04166666666667,0.9996966806281234,3072,0.9692554043234588,78.125,0.5649820566177368,0.14096371401076124,0.794,0.992,0.796,0.2299794661190965,0.02875399361022364,0.3552,0.3264460063897764,2048,512,9930,191,48,0.6324931816911268,0.9889224572004028,0.46566160008906565,0.4575457298141449,0.21699321833418803,0.625024484966086,100,0.4166666666666667,100,240,1.0,498,240,1.0,975
1,ppard,boba_ucb,5,12490,240,0.01921537229783827,2560,230,0.8625,0.44515245384619523,0.2142610781723452,0.6169438416797187,52.04166666666667,52.04166666666667,0.9925065478289518,3072,0.9692554043234588,77.47395833333333,0.5578435063362122,0.13843465139170497,0.48,0.956,0.5,0.23896663078579117,0.0256,0.3557692307692308,0.33016923076923077,2048,512,9930,184,46,0.6261999434186813,0.937865055387714,0.44816231570465315,0.47448335388700075,0.23634385567300772,0.666332650543485,100,0.4166666666666667,100,238,0.9916666666666667,461,238,0.9916666666666667,865
1,ppard,rabvs_budgeted_no_ucb,5,12490,240,0.01921537229783827,2560,240,0.8622395833333333,0.4451333770632864,0.21051120627157305,0.6093558715325678,52.04166666666667,52.04166666666667,0.9968195501338007,3072,0.9692554043234588,78.125,0.5676451921463013,0.13957135716608104,0.791,0.991,0.795,0.23116615067079463,0.0336,0.35096153846153844,0.3173615384615384,2048,512,9930,192,48,0.6389548155349208,0.9899295065458208,0.4702199969743132,0.45894675069946916,0.21835768550930604,0.6279110475958715,100,0.4166666666666667,100,240,1.0,496,240,1.0,969
2,ppard,boba_ucb,5,12490,240,0.01921537229783827,2560,237,0.8433544303797469,0.4451466148953605,0.2133672550558264,0.6163451010674729,52.04166666666667,52.04166666666667,0.9987010376438937,3072,0.9692554043234588,78.125,0.5702207088470459,0.1362956921029559,0.46499999999999997,0.9390000000000001,0.494,0.24724061810154527,0.024,0.3605769230769231,0.33657692307692305,2048,512,9930,190,47,0.641674107701497,0.9695871097683787,0.4586658235484631,0.4681697937538502,0.22934367560630778,0.6523362621750688,100,0.4166666666666667,100,240,1.0,458,240,1.0,836
2,ppard,rabvs_budgeted_no_ucb,5,12490,240,0.01921537229783827,2560,240,0.8658854166666666,0.44518735850099533,0.21042978090790687,0.6089350200602033,52.04166666666667,52.04166666666667,0.9968195501338007,3072,0.9692554043234588,78.125,0.5670490264892578,0.139725352768994,0.8,0.993,0.8029999999999999,0.2318840579710145,0.0256,0.358974358974359,0.33337435897435896,2048,512,9930,192,48,0.6499420962338547,0.9962739174219537,0.46707020835878177,0.45827447059369536,0.21776717262234868,0.6265967410928696,100,0.4166666666666667,100,240,1.0,500,240,1.0,975
0,pparg,boba_ucb,5,25784,484,0.01877133105802048,2560,371,0.7326482479784366,0.44951858588380905,0.21939017772468927,0.6308666939317623,53.272727272727266,53.272727272727266,0.9873520747359573,3840,0.9813838039094012,123.69791666666667,0.5176814198493958,0.15311160235015697,0.489,0.974,0.497,0.4908503767491927,0.06976744186046512,0.30333591931730025,0.23356847745683512,2048,512,23224,297,74,0.7171279662262556,0.9924646916982433,0.45241387141371103,0.4627463238152284,0.22724061608372687,0.6472616461157606,100,0.2066115702479339,100,465,0.9607438016528925,498,475,0.981404958677686,918
0,pparg,rabvs_budgeted_no_ucb,5,25784,484,0.01877133105802048,2560,475,0.8207894736842105,0.44807434454938644,0.2143929840901448,0.6206870159868102,53.272727272727266,53.06624383368569,0.9831631232098572,3840,0.9813838039094012,123.95833333333334,0.5267952680587769,0.14760329047105536,0.6930000000000001,0.98,0.7010000000000001,0.47210743801652894,0.05116279069767442,0.32195500387897596,0.27079221318130153,2048,512,23224,380,95,0.6817529297167251,0.9989665862900448,0.4769855185794692,0.4576578862695244,0.21826558505375776,0.626886126635867,100,0.2066115702479339,100,464,0.9586776859504132,500,476,0.9834710743801653,990
1,pparg,boba_ucb,5,25784,484,0.01877133105802048,2560,384,0.7669270833333334,0.4492139701783126,0.2186814474366585,0.6308135651639277,53.272727272727266,53.272727272727266,0.985506545195854,3840,0.9813838039094012,123.69791666666667,0.5098085403442383,0.15539669007948176,0.508,0.974,0.52,0.47648902821316613,0.07441860465116279,0.2994569433669511,0.22503833871578832,2048,512,23224,307,77,0.7171737735506408,0.9897519807096108,0.45527017820837284,0.4617787290992441,0.22647303720895848,0.6483629232508332,100,0.2066115702479339,100,458,0.9462809917355371,499,475,0.981404958677686,935
1,pparg,rabvs_budgeted_no_ucb,5,25784,484,0.01877133105802048,2560,478,0.8263598326359832,0.44807913893165485,0.21462738645926738,0.6213173637306942,53.272727272727266,53.06624383368569,0.9878510453876816,3840,0.9813838039094012,125.0,0.5253982543945312,0.1482968318447747,0.6799999999999999,0.978,0.69,0.4767321613236815,0.056589147286821705,0.317300232738557,0.2607110854517353,2048,512,23224,382,96,0.7518880907878666,0.9999138821908371,0.4711397408050666,0.456743638707372,0.2174661466072941,0.6249937028557271,100,0.2066115702479339,100,466,0.9628099173553719,500,480,0.9917355371900827,989
2,pparg,boba_ucb,5,25784,484,0.01877133105802048,2560,344,0.7872456395348837,0.44937498428444594,0.21961759360196298,0.6332260428440374,53.272727272727266,53.272727272727266,0.9871384241753653,3840,0.9813838039094012,124.21875,0.5126670598983765,0.15208687897333228,0.506,0.968,0.518,0.48308668076109934,0.07751937984496124,0.29635376260667184,0.2188343827617106,2048,512,23224,275,69,0.7395393993078846,0.9912590423699621,0.45001449322151804,0.46251838182498806,0.22772744553708224,0.6497334856125258,100,0.2066115702479339,100,458,0.9462809917355371,498,477,0.9855371900826446,935
2,pparg,rabvs_budgeted_no_ucb,5,25784,484,0.01877133105802048,2560,477,0.8180031446540881,0.44791336855049707,0.21442009495861522,0.6214891414972065,53.272727272727266,53.272727272727266,0.983886478536267,3840,0.9813838039094012,124.47916666666667,0.522244930267334,0.1487197352972105,0.6799999999999999,0.983,0.688,0.47461139896373056,0.040310077519379844,0.3335919317300233,0.29328185421064346,2048,512,23224,382,95,0.7630363119271182,0.9998708232862556,0.47821507174030203,0.4569232794163058,0.21747511191444738,0.6252391429406319,100,0.2066115702479339,100,464,0.9586776859504132,499,478,0.987603305785124,989
0,prgr,boba_ucb,5,15943,293,0.018377971523552656,2560,247,0.7844129554655871,0.44749274457124844,0.21694494367274977,0.6412750272990159,54.41296928327645,54.41296928327645,0.9651638620321217,3328,0.9739070438436932,86.23798076923077,0.6279345750808716,0.10269007189488444,0.565,0.917,0.593,0.29302832244008714,0.08771929824561403,0.27854454203262236,0.19082524378700833,2048,512,13383,198,49,0.7773605842191537,0.9917806172009266,0.47782737822695137,0.4597885896147225,0.22162366499088876,0.6402943896372019,100,0.3412969283276451,100,275,0.9385665529010239,477,287,0.9795221843003413,886
0,prgr,rabvs_budgeted_no_ucb,5,15943,293,0.018377971523552656,2560,277,0.7917418772563177,0.4475586407517602,0.21536726299420594,0.6354218047315446,54.41296928327645,54.41296928327645,0.9525737090770632,3328,0.9739070438436932,85.63701923076923,0.6287496089935303,0.10194182781595895,0.733,0.952,0.749,0.2849519743863394,0.08646616541353383,0.27352572145545795,0.18705955604192412,2048,512,13383,222,55,0.8472482788051479,0.9995516700291415,0.4742456424156067,0.45219781633892725,0.21158305815924575,0.6143648477587701,100,0.3412969283276451,100,278,0.9488054607508533,472,285,0.9726962457337884,938
1,prgr,boba_ucb,5,15943,293,0.018377971523552656,2560,255,0.7242647058823529,0.4475091259463326,0.2184383015782148,0.6475006409974915,54.41296928327645,54.41296928327645,0.9523187797363275,3328,0.9739070438436932,84.43509615384616,0.6317282319068909,0.10165693683461707,0.528,0.918,0.56,0.2824919441460795,0.08521303258145363,0.27352572145545795,0.18831268887400432,2048,512,13383,204,51,0.8578677586760227,0.9953672569677949,0.4750541227555031,0.4604358692124853,0.22217182295637822,0.6421590204089429,100,0.3412969283276451,100,270,0.9215017064846417,473,281,0.9590443686006825,880
1,prgr,rabvs_budgeted_no_ucb,5,15943,293,0.018377971523552656,2560,282,0.8018617021276596,0.44733074352675223,0.2153747507809626,0.63788609574299,54.41296928327645,54.41296928327645,0.9612239329070503,3328,0.9739070438436932,86.53846153846153,0.6316439509391785,0.1015816078252989,0.7090000000000001,0.938,0.732,0.28361344537815125,0.08897243107769423,0.27478042659974905,0.18580799552205482,2048,512,13383,226,56,0.9210461292001615,0.999701113352761,0.47525849647255186,0.4494344690894126,0.20899382213046444,0.6094467990585214,100,0.3412969283276451,100,283,0.9658703071672355,477,288,0.9829351535836177,932
2,prgr,boba_ucb,5,15943,293,0.018377971523552656,2560,252,0.7797619047619048,0.4475707552414941,0.21701690907069837,0.6406939282730081,54.41296928327645,54.41296928327645,0.9506243391102299,3328,0.9739070438436932,84.13461538461539,0.6270192861557007,0.10190355201977885,0.5369999999999999,0.922,0.56,0.28665207877461707,0.08145363408521303,0.27352572145545795,0.19207208737024492,2048,512,13383,202,50,0.8030729085085463,0.9922289471717851,0.48047847237128016,0.45891765249864164,0.22107755441075616,0.6404739135384697,100,0.3412969283276451,100,272,0.9283276450511946,460,280,0.9556313993174061,854
2,prgr,rabvs_budgeted_no_ucb,5,15943,293,0.018377971523552656,2560,279,0.8169802867383512,0.447299071062608,0.21524934474338972,0.636378590054317,54.41296928327645,54.41296928327645,0.9532667748938881,3328,0.9739070438436932,85.9375,0.6308196783065796,0.10262298302346218,0.729,0.949,0.747,0.28480340063761955,0.08646616541353383,0.27352572145545795,0.18705955604192412,2048,512,13383,223,56,0.8457187812210345,0.9994022267055219,0.4745762422609115,0.45154152938741526,0.21115313028005883,0.6135881427460739,100,0.3412969283276451,100,280,0.9556313993174061,477,286,0.9761092150170648,928
0,ptn1,boba_ucb,5,7380,130,0.017615176151761516,2560,125,0.8385,0.44981358073111544,0.22159516955427536,0.6413877219729697,56.769230769230774,56.769230769230774,0.9867017113407521,2816,0.9523035230352304,46.16477272727273,0.6348440647125244,0.09771628451069014,0.43700000000000006,0.952,0.44899999999999995,0.12431243124312431,0.06233062330623306,0.2899728997289973,0.22764227642276424,2048,512,4820,100,25,0.6778044604850525,0.9804979253112033,0.4759545190021084,0.4770849049735129,0.24055810144841888,0.6773445223444388,100,0.7692307692307693,100,130,1.0,470,130,1.0,874
0,ptn1,rabvs_budgeted_no_ucb,5,7380,130,0.017615176151761516,2560,129,0.8624031007751938,0.4490474184688103,0.21594257914401782,0.628710195745066,56.769230769230774,54.46777546777547,0.9787966623292241,2816,0.9523035230352304,46.16477272727273,0.6249762177467346,0.10478041990122966,0.733,0.973,0.738,0.11970338983050847,0.056910569105691054,0.2953929539295393,0.23848238482384823,2048,512,4820,103,26,0.7100475101777872,0.9993775933609959,0.478334161463871,0.44965695226717817,0.21053225817196528,0.6114040024053186,87,0.6692307692307692,100,129,0.9923076923076923,491,130,1.0,956
1,ptn1,boba_ucb,5,7380,130,0.017615176151761516,2560,129,0.8381782945736435,0.44934417094902057,0.22076522247864505,0.6410133231898443,56.769230769230774,56.769230769230774,0.9926601977553081,2816,0.9523035230352304,45.809659090909086,0.6320770382881165,0.09835266208818372,0.40800000000000003,0.957,0.41500000000000004,0.12556053811659193,0.05962059620596206,0.2899728997289973,0.23035230352303526,2048,512,4820,103,26,0.672118540348126,0.9809128630705394,0.4638865003319112,0.4663260849138604,0.22969993841735048,0.6548477485310457,100,0.7692307692307693,100,129,0.9923076923076923,463,129,0.9923076923076923,878
1,ptn1,rabvs_budgeted_no_ucb,5,7380,130,0.017615176151761516,2560,130,0.85625,0.448706875514588,0.21659133134714248,0.6328094732509872,56.769230769230774,53.7006237006237,0.9829731131724908,2816,0.9523035230352304,46.16477272727273,0.6220020651817322,0.10547859919627989,0.7010000000000001,0.97,0.7070000000000001,0.12216216216216216,0.07046070460704607,0.28184281842818426,0.2113821138211382,2048,512,4820,104,26,0.7293611271414813,0.9991701244813278,0.4633933075712271,0.4467151929747352,0.2082755097559842,0.6066590532055932,87,0.6692307692307692,100,130,1.0,491,130,1.0,954
2,ptn1,boba_ucb,5,7380,130,0.017615176151761516,2560,122,0.8181352459016393,0.4495693599123392,0.2219429316399822,0.6445615463295418,56.769230769230774,56.769230769230774,0.9919171501271289,2816,0.9523035230352304,46.16477272727273,0.6245962381362915,0.10056625867157742,0.46099999999999997,0.962,0.469,0.12348401323042998,0.05929919137466307,0.29427792915531337,0.2349787377806503,2048,512,4820,98,24,0.6880741880432765,0.9811203319502074,0.47249353676179645,0.4755946924440021,0.2393392342727766,0.6741584730631451,100,0.7692307692307693,100,130,1.0,467,130,1.0,894
2,ptn1,rabvs_budgeted_no_ucb,5,7380,130,0.017615176151761516,2560,130,0.8668269230769231,0.44827403606078847,0.21661768982006974,0.6362225581751916,56.769230769230774,54.46777546777547,0.9753931963714875,2816,0.9523035230352304,46.16477272727273,0.6242985725402832,0.10472820118527215,0.724,0.973,0.728,0.11940298507462686,0.056910569105691054,0.2953929539295393,0.23848238482384823,2048,512,4820,104,26,0.6831005547098253,0.9987551867219917,0.4722903692864961,0.4505030524795084,0.2113941939828254,0.6131091824831497,80,0.6153846153846154,100,130,1.0,492,130,1.0,962
0,pur2,boba_ucb,5,2750,50,0.01818181818181818,2560,50,0.875,0.4391995335786114,0.20286452127519497,0.593436609247021,55.0,55.0,1.0,2670,0.8786363636363637,18.726591760299627,0.6347280144691467,0.11949983973623146,0.383,0.9359999999999999,0.388,0.03481012658227848,0.007246376811594203,0.35766423357664234,0.35041785676504816,2048,512,190,40,10,0.6526369816116767,0.9894736842105263,0.4409818401594387,0.5023468876478524,0.2601941675891145,0.7132960696390357,50,1.0,78,50,1.0,382,50,1.0,732
0,pur2,rabvs_budgeted_no_ucb,5,2750,50,0.01818181818181818,2560,50,0.875,0.4391081867956441,0.20209365196137247,0.5918946530142714,55.0,55.0,1.0,2670,0.8786363636363637,18.726591760299627,0.6500418186187744,0.12481096088130061,0.577,0.958,0.581,0.03741496598639456,0.007246376811594203,0.35766423357664234,0.35041785676504816,2048,512,190,40,10,0.6578607853674537,0.9947368421052631,0.4036699518069899,0.4659289373130547,0.22513176336051752,0.6410219621262653,50,1.0,84,50,1.0,434,50,1.0,682
1,pur2,boba_ucb,5,2750,50,0.01818181818181818,2560,50,0.875,0.43949959673568784,0.20318255590398257,0.5940767668849845,55.0,55.0,1.0,2670,0.8786363636363637,18.726591760299627,0.6333736181259155,0.12128189884384943,0.396,0.9390000000000001,0.403,0.03508771929824561,0.007246376811594203,0.35766423357664234,0.35041785676504816,2048,512,190,40,10,0.6473894032152038,0.9947368421052631,0.48282046438688575,0.5281580889474842,0.2838603562710146,0.7613909983679323,50,1.0,75,50,1.0,382,50,1.0,733
1,pur2,rabvs_budgeted_no_ucb,5,2750,50,0.01818181818181818,2560,50,0.875,0.43809233668913206,0.20056499545439196,0.5887862396724486,55.0,55.0,1.0,2670,0.8786363636363637,18.726591760299627,0.6530243158340454,0.12538928006600447,0.6,0.961,0.604,0.03873239436619718,0.007246376811594203,0.35766423357664234,0.35041785676504816,2048,512,190,40,10,0.6562956601381856,1.0,0.3857874038520351,0.4188244728748881,0.18188826757886228,0.5525803443363684,50,1.0,84,50,1.0,425,50,1.0,661
2,pur2,boba_ucb,5,2750,50,0.01818181818181818,2560,50,0.875,0.43909584777659444,0.20307535012068734,0.5941912199331579,55.0,55.0,1.0,2670,0.8786363636363637,18.726591760299627,0.6362305283546448,0.11862952359468248,0.399,0.933,0.404,0.04225352112676056,0.007246376811594203,0.35766423357664234,0.35041785676504816,2048,512,190,40,10,0.6558407395317616,0.9105263157894737,0.47390295895611256,0.5322490765855137,0.29153101675033305,0.7786542748154228,50,1.0,80,50,1.0,397,50,1.0,738
2,pur2,rabvs_budgeted_no_ucb,5,2750,50,0.01818181818181818,2560,50,0.875,0.43876958860122217,0.2017483031354703,0.5911648943765025,55.0,55.0,1.0,2670,0.8786363636363637,18.726591760299627,0.6507578492164612,0.12512080483790888,0.583,0.958,0.587,0.04576271186440678,0.007246376811594203,0.35766423357664234,0.35041785676504816,2048,512,190,40,10,0.6586469278934975,1.0,0.41907034493372514,0.46322636733285705,0.2239869960332135,0.6382046728655737,50,1.0,84,50,1.0,430,50,1.0,688
0,pygm,boba_ucb,5,4027,77,0.019120933697541594,2560,77,0.8425324675324676,0.44500312335010905,0.21600757462256157,0.6244193552356662,52.2987012987013,52.2987012987013,1.0,2721,0.9155388626769307,28.298419698640206,0.6619721055030823,0.0963145573722336,0.569,0.923,0.595,0.03026481715006305,0.019801980198019802,0.36318407960199006,0.34338209940397024,2048,512,1467,62,15,0.6427298203061804,0.9325153374233128,0.4881340394581645,0.49583230129369005,0.25725110755701747,0.709460238898065,77,1.0,50,77,1.0,397,77,1.0,811
0,pygm,rabvs_budgeted_no_ucb,5,4027,77,0.019120933697541594,2560,77,0.8733766233766234,0.44439539997043537,0.21047236338879924,0.6123277182053279,52.2987012987013,43.14642857142857,0.9721975362944022,2721,0.9155388626769307,28.298419698640206,0.6494306325912476,0.09881317035989234,0.821,0.978,0.829,0.030729833546734954,0.054455445544554455,0.3283582089552239,0.27390276341066944,2048,512,1467,62,15,0.6450756923299511,0.9918200408997955,0.44861262946181635,0.43710871769416726,0.19794287154585313,0.586139508537957,77,1.0,52,77,1.0,413,77,1.0,872
1,pygm,boba_ucb,5,4027,77,0.019120933697541594,2560,72,0.8663194444444444,0.4453424751237737,0.21433484168461375,0.6160224184429591,52.2987012987013,52.2987012987013,0.992550543784579,2721,0.9155388626769307,28.298419698640206,0.6542117595672607,0.10005510847984456,0.514,0.917,0.532,0.03418803418803419,0.024752475247524754,0.3582089552238806,0.3334564799763558,2048,512,1467,58,14,0.6329852335790289,0.9277436946148603,0.5074856774748776,0.5100877703102086,0.2710764744698092,0.7358844751636924,75,0.974025974025974,52,77,1.0,401,77,1.0,804
1,pygm,rabvs_budgeted_no_ucb,5,4027,77,0.019120933697541594,2560,77,0.859577922077922,0.4445784310598597,0.210351596178531,0.6118786236908944,52.2987012987013,44.453896103896106,0.9750041388895926,2721,0.9155388626769307,28.298419698640206,0.6488204002380371,0.09965877025488423,0.825,0.978,0.833,0.03598971722365039,0.0594059405940594,0.32338308457711445,0.26397714398305505,2048,512,1467,62,15,0.6477697271192956,1.0,0.4383560493410498,0.4298305664028918,0.1908710482102662,0.5715150593414482,77,1.0,52,77,1.0,414,77,1.0,877
2,pygm,boba_ucb,5,4027,77,0.019120933697541594,2560,75,0.8741666666666666,0.4450793209903034,0.21510991414316527,0.6198070361680199,52.2987012987013,52.2987012987013,0.9994795617483857,2721,0.9155388626769307,28.298419698640206,0.6615323424339294,0.09669713299218274,0.554,0.92,0.5760000000000001,0.027742749054224466,0.0297029702970297,0.35323383084577115,0.3235308605487415,2048,512,1467,60,15,0.6475399868351287,0.9536468984321745,0.4928214325150339,0.4956314683404199,0.2570815030577132,0.7071960204792354,77,1.0,52,77,1.0,395,77,1.0,790
2,pygm,rabvs_budgeted_no_ucb,5,4027,77,0.019120933697541594,2560,77,0.8733766233766234,0.4443195494499524,0.21011883655088084,0.612375203959203,52.2987012987013,40.53149350649351,0.9647439547224955,2721,0.9155388626769307,28.298419698640206,0.6490355134010315,0.09993745990553748,0.825,0.974,0.835,0.028132992327365727,0.0594059405940594,0.32338308457711445,0.26397714398305505,2048,512,1467,62,15,0.6640077730962627,0.9993183367416496,0.43653532161685016,0.43231330131095996,0.19306920938273778,0.5761418828914252,77,1.0,52,77,1.0,415,77,1.0,880
0,pyrd,boba_ucb,5,6561,111,0.016918152720621856,2560,110,0.8579545454545454,0.4484854009222726,0.21395382770721896,0.6161039679821384,59.10810810810811,59.10810810810811,0.9999769222784468,2816,0.9463496418228928,39.41761363636364,0.616424024105072,0.11902193911748482,0.5840000000000001,0.946,0.606,0.09903381642512077,0.030395136778115502,0.3079268292682927,0.2775316924901772,2048,512,4001,88,22,0.6353626596484471,0.976255936015996,0.4771667856218885,0.47987397634980683,0.23813706669929577,0.6687602438439764,100,0.9009009009009009,61,111,1.0,406,111,1.0,796
0,pyrd,rabvs_budgeted_no_ucb,5,6561,111,0.016918152720621856,2560,111,0.8744369369369369,0.44801332457494086,0.21154971396405262,0.6118509451564592,59.10810810810811,57.31695331695332,0.9941352924932515,2816,0.9463496418228928,39.41761363636364,0.6196575164794922,0.11886526838941425,0.868,0.98,0.875,0.09265536723163842,0.030395136778115502,0.3079268292682927,0.2775316924901772,2048,512,4001,89,22,0.6343965435229123,0.9912521869532617,0.4822957496618619,0.4651984775559807,0.22296851651186253,0.637251154817321,94,0.8468468468468469,72,111,1.0,445,111,1.0,878
1,pyrd,boba_ucb,5,6561,111,0.016918152720621856,2560,111,0.8631756756756757,0.44810255070352545,0.2143509557062189,0.6185967516420187,59.10810810810811,59.10810810810811,0.9999999999999667,2816,0.9463496418228928,39.41761363636364,0.6213561296463013,0.11612516310897392,0.595,0.966,0.606,0.09495896834701055,0.030395136778115502,0.3079268292682927,0.2775316924901772,2048,512,4001,89,22,0.6320372240636186,0.968507873031742,0.4835558750931393,0.482187717289441,0.24065157318093428,0.6747169050089907,100,0.9009009009009009,62,111,1.0,412,111,1.0,805
1,pyrd,rabvs_budgeted_no_ucb,5,6561,111,0.016918152720621856,2560,111,0.875,0.44771977306950617,0.2110768966745666,0.6120025494536063,59.10810810810811,55.52579852579853,0.9897852065022901,2816,0.9463496418228928,39.41761363636364,0.6182029247283936,0.11892961516555789,0.869,0.987,0.872,0.08920704845814978,0.03343465045592705,0.3048780487804878,0.27144339832456077,2048,512,4001,89,22,0.6340451334790652,0.9915021244688828,0.48589664366542584,0.4646035284300145,0.22229414952248724,0.6358491749051126,92,0.8288288288288288,73,111,1.0,445,111,1.0,894
2,pyrd,boba_ucb,5,6561,111,0.016918152720621856,2560,109,0.8388761467889908,0.4487132499494375,0.2144789872169331,0.6172199434929592,59.10810810810811,59.10810810810811,0.9998399235518556,2816,0.9463496418228928,39.41761363636364,0.6135152578353882,0.12102625505781006,0.625,0.958,0.64,0.09213759213759214,0.02735562310030395,0.31097560975609756,0.28361998665579363,2048,512,4001,87,22,0.6498898992878961,0.9852536865783554,0.48313531545590876,0.48141580423036096,0.23942259198902885,0.6712219467708262,100,0.9009009009009009,60,111,1.0,406,111,1.0,780
2,pyrd,rabvs_budgeted_no_ucb,5,6561,111,0.016918152720621856,2560,111,0.8727477477477478,0.4479774498121565,0.2117713436172148,0.6126260546212706,59.10810810810811,57.31695331695332,0.9922049152311485,2816,0.9463496418228928,39.41761363636364,0.6234037280082703,0.11710492915371673,0.866,0.985,0.869,0.08465011286681716,0.0243161094224924,0.31402439024390244,0.28970828082141004,2048,512,4001,89,22,0.6401497885975947,0.9937515621094727,0.4833935782689508,0.46597962902723167,0.22398043691058223,0.6390554529618532,92,0.8288288288288288,73,111,1.0,446,111,1.0,888
0,reni,boba_ucb,5,7062,104,0.014726706315491363,2560,104,0.8311298076923077,0.45408874120253473,0.22231577506798944,0.6352462731990233,67.90384615384615,67.90384615384615,1.0,2816,0.9501557632398754,36.93181818181819,0.609931230545044,0.1083586254023583,0.403,0.915,0.43100000000000005,0.09781357882623705,0.03651685393258427,0.25925925925925924,0.22274240532667497,2048,512,4502,83,21,0.6610695534979137,0.9724566859173701,0.4851591512936581,0.48490023913200003,0.2458585760823334,0.6849259234927413,100,0.9615384615384616,100,104,1.0,434,104,1.0,824
0,reni,rabvs_budgeted_no_ucb,5,7062,104,0.014726706315491363,2560,104,0.8707932692307693,0.45363476779207407,0.21737229388209636,0.6247567070342519,67.90384615384615,67.90384615384615,0.9993048928151331,2816,0.9501557632398754,36.93181818181819,0.6109147071838379,0.11450494471967032,0.675,0.968,0.685,0.09169363538295577,0.03954802259887006,0.254957507082153,0.21540948448328293,2048,512,4502,83,21,0.6552912323331536,0.9948911594846734,0.4788394282127371,0.4595502737359785,0.2189649233304147,0.6290930566182015,100,0.9615384615384616,100,104,1.0,486,104,1.0,936
1,reni,boba_ucb,5,7062,104,0.014726706315491363,2560,102,0.8700980392156863,0.4539646101921787,0.22240511283435901,0.6358350430418909,67.90384615384615,67.90384615384615,0.9989455707575379,2816,0.9501557632398754,36.93181818181819,0.600116491317749,0.11360875805845738,0.406,0.921,0.44299999999999995,0.09508196721311475,0.031073446327683617,0.26345609065155806,0.23238264432387445,2048,512,4502,82,20,0.6537514870838934,0.9573522878720568,0.474761418297893,0.48611470156494335,0.2479924368906384,0.6905806856679741,100,0.9615384615384616,100,104,1.0,452,104,1.0,861
1,reni,rabvs_budgeted_no_ucb,5,7062,104,0.014726706315491363,2560,104,0.8659855769230769,0.4531640573787359,0.21814016317149967,0.6297729525420941,67.90384615384615,64.07827735644636,0.9916877859051708,2816,0.9501557632398754,36.93181818181819,0.6093292236328125,0.11495926220150487,0.6659999999999999,0.966,0.6799999999999999,0.09186906019007392,0.02824858757062147,0.26628895184135976,0.2380403642707383,2048,512,4502,83,21,0.6748576405900566,0.9960017769880053,0.47216059589674647,0.45966331278294664,0.2189674820301446,0.6291283040010364,96,0.9230769230769231,100,104,1.0,482,104,1.0,932
2,reni,boba_ucb,5,7062,104,0.014726706315491363,2560,104,0.8623798076923077,0.4538455108594131,0.22276049053318978,0.6374332584247261,67.90384615384615,67.90384615384615,0.9999765823508621,2816,0.9501557632398754,36.93181818181819,0.6015462279319763,0.1108245156686467,0.403,0.923,0.43000000000000005,0.09427609427609428,0.031073446327683617,0.26345609065155806,0.23238264432387445,2048,512,4502,83,21,0.629459695736937,0.914260328742781,0.47494778365404206,0.4882264587152391,0.2504051851945336,0.6961872426636819,100,0.9615384615384616,100,104,1.0,442,104,1.0,820
2,reni,rabvs_budgeted_no_ucb,5,7062,104,0.014726706315491363,2560,104,0.875,0.45359841054804667,0.21751856461455146,0.6251528431219051,67.90384615384615,66.94745395449621,0.9977245461383561,2816,0.9501557632398754,36.93181818181819,0.6126049757003784,0.11321269164145409,0.667,0.964,0.679,0.09051724137931035,0.03954802259887006,0.254957507082153,0.21540948448328293,2048,512,4502,83,21,0.659180332251698,0.9962239004886717,0.47640960699534773,0.4604428318727345,0.21994029936894466,0.6309306158778734,99,0.9519230769230769,100,104,1.0,483,104,1.0,931
0,rock1,boba_ucb,5,6400,100,0.015625,2560,99,0.8352272727272727,0.4509490943480559,0.21996944794918552,0.6404275407498813,64.0,64.0,0.9936510661634167,2816,0.945,35.51136363636364,0.6429275274276733,0.0978617139330733,0.604,0.9359999999999999,0.628,0.09292035398230089,0.05,0.2625,0.21250000000000002,2048,512,3840,79,20,0.6743508027411269,0.9921875,0.48368504664073914,0.4780349289805904,0.2368927365294679,0.6672440223673756,97,0.97,100,100,1.0,461,100,1.0,895
0,rock1,rabvs_budgeted_no_ucb,5,6400,100,0.015625,2560,99,0.8705808080808081,0.45065371256189257,0.21723121997473116,0.6340270800836838,64.0,64.0,0.9905633225112146,2816,0.945,35.51136363636364,0.6519532203674316,0.0965739707639206,0.871,0.982,0.877,0.08983957219251337,0.05625,0.25625,0.19999999999999998,2048,512,3840,79,20,0.6724367967327197,0.99921875,0.4853105798623491,0.4643867060346648,0.2226119734116539,0.6361774798734725,88,0.88,100,100,1.0,489,100,1.0,965
1,rock1,boba_ucb,5,6400,100,0.015625,2560,98,0.8424744897959183,0.45115316445252684,0.21944331971432837,0.636887792285582,64.0,64.0,0.9922292171957954,2816,0.945,35.51136363636364,0.6423300504684448,0.09824189161363561,0.629,0.944,0.65,0.0915032679738562,0.04375,0.26875,0.22499999999999998,2048,512,3840,78,20,0.6768793947655133,0.9872395833333333,0.4800579695859759,0.47956148159348405,0.23896989527101065,0.6706697900670119,98,0.98,100,100,1.0,473,100,1.0,913
1,rock1,rabvs_budgeted_no_ucb,5,6400,100,0.015625,2560,100,0.859375,0.45022284146704106,0.2175928553898438,0.638810919785053,64.0,64.0,0.9924042681158277,2816,0.945,35.51136363636364,0.6493764519691467,0.09767705395414317,0.857,0.983,0.863,0.08926673751328375,0.053125,0.259375,0.20625000000000002,2048,512,3840,80,20,0.7033395247268656,0.9994791666666667,0.4798418500543959,0.46361686988318546,0.22233993435706137,0.6354355615395045,89,0.89,100,100,1.0,488,100,1.0,969
2,rock1,boba_ucb,5,6400,100,0.015625,2560,98,0.8227040816326531,0.45116480371748535,0.21955122453561848,0.6381794774249259,64.0,64.0,0.9937681902154171,2816,0.945,35.51136363636364,0.6444815993309021,0.09825789613646585,0.632,0.942,0.656,0.09502262443438914,0.05625,0.25625,0.19999999999999998,2048,512,3840,78,20,0.6410336905145173,0.9794270833333333,0.4870875628205989,0.47772009075367844,0.23674600915463184,0.6670906364098196,98,0.98,100,99,0.99,474,100,1.0,892
2,rock1,rabvs_budgeted_no_ucb,5,6400,100,0.015625,2560,99,0.8630050505050505,0.4506024354443589,0.21690181270301245,0.633511998264613,64.0,64.0,0.9903836521906775,2816,0.945,35.51136363636364,0.6557080745697021,0.09536536283055363,0.872,0.987,0.876,0.08974358974358974,0.05,0.2625,0.21250000000000002,2048,512,3840,79,20,0.6944442402067609,0.99921875,0.4902476117886861,0.4647520905710272,0.2233234531907024,0.6376593022876107,88,0.88,100,100,1.0,492,100,1.0,973
0,rxra,boba_ucb,5,7081,131,0.018500211834486656,2560,131,0.8687977099236641,0.4454121459738919,0.21235658444089026,0.6130558737386026,54.05343511450381,54.05343511450381,1.0,2816,0.9502895071317611,46.51988636363636,0.6200199127197266,0.11465093050331931,0.492,0.9299999999999999,0.514,0.11926605504587157,0.01971830985915493,0.3502824858757062,0.3305641760165513,2048,512,4521,105,26,0.6086874477604609,0.9340853793408538,0.47026964536818555,0.4803734734395583,0.23902333765841088,0.6717229609439384,100,0.7633587786259542,70,131,1.0,412,131,1.0,808
0,rxra,rabvs_budgeted_no_ucb,5,7081,131,0.018500211834486656,2560,131,0.8745229007633588,0.4449519688505772,0.20839563355339474,0.6050227732820992,54.05343511450381,53.29211912697559,0.9956343207033095,2816,0.9502895071317611,46.51988636363636,0.619000256061554,0.11600931394038483,0.765,0.972,0.773,0.11517165005537099,0.02535211267605634,0.3446327683615819,0.31928065568552555,2048,512,4521,105,26,0.6386496934668453,0.9935854899358549,0.46783196655723736,0.4592807437014866,0.2171093882816624,0.6255746416612853,97,0.7404580152671756,80,131,1.0,439,131,1.0,878
1,rxra,boba_ucb,5,7081,131,0.018500211834486656,2560,126,0.8616071428571429,0.44602925459644827,0.213126781055447,0.6136383583822898,54.05343511450381,54.05343511450381,0.9999284274320873,2816,0.9502895071317611,46.51988636363636,0.6162660717964172,0.11516769353203737,0.494,0.9339999999999999,0.519,0.1145374449339207,0.022535211267605635,0.3474576271186441,0.3249224158510384,2048,512,4521,101,25,0.6246778018824983,0.9480203494802035,0.4661266159019535,0.4826318690086977,0.2423432094597954,0.677344927626635,100,0.7633587786259542,71,131,1.0,398,131,1.0,793
1,rxra,rabvs_budgeted_no_ucb,5,7081,131,0.018500211834486656,2560,131,0.8721374045801527,0.44503105601003295,0.20853645670962281,0.6049128480922212,54.05343511450381,53.29211912697559,0.9971416641685218,2816,0.9502895071317611,46.51988636363636,0.617357611656189,0.11746474778016658,0.771,0.967,0.78,0.11646136618141098,0.011267605633802818,0.3587570621468927,0.3474894565130899,2048,512,4521,105,26,0.6280253465126397,0.9876133598761336,0.4670193880474254,0.45963630750601214,0.2177433150799191,0.6267726323426024,98,0.7480916030534351,79,131,1.0,443,131,1.0,871
2,rxra,boba_ucb,5,7081,131,0.018500211834486656,2560,130,0.8451923076923077,0.44545838568494284,0.2127957281557651,0.6131779685304988,54.05343511450381,54.05343511450381,1.0,2816,0.9502895071317611,46.51988636363636,0.6121675372123718,0.11593891637083131,0.501,0.926,0.522,0.11731207289293849,0.022535211267605635,0.3474576271186441,0.3249224158510384,2048,512,4521,104,26,0.611496896283612,0.9301039593010396,0.4654827115339678,0.48424141435858997,0.24352018406438683,0.6804295649127752,100,0.7633587786259542,69,131,1.0,407,131,1.0,799
2,rxra,rabvs_budgeted_no_ucb,5,7081,131,0.018500211834486656,2560,131,0.8721374045801527,0.4450596594040759,0.20900441493226096,0.6057962886510605,54.05343511450381,53.29211912697559,0.9980904942339045,2816,0.9502895071317611,46.51988636363636,0.6221392154693604,0.11546314544503922,0.764,0.978,0.77,0.11318681318681319,0.01971830985915493,0.3492957746478873,0.3295774647887324,2048,512,4521,105,26,0.6362002093881526,0.993364299933643,0.46539627971401387,0.4610908874177996,0.21938869988215662,0.6299266941525056,99,0.7557251908396947,78,131,1.0,437,131,1.0,879
0,sahh,boba_ucb,5,3513,63,0.017933390264730998,2560,63,0.875,0.4429870688635141,0.2059553823819781,0.5997708375614664,55.761904761904766,55.761904761904766,0.9999999999999818,2700,0.9039282664389411,23.333333333333336,0.6672511100769043,0.10638366057929438,0.44899999999999995,0.953,0.45299999999999996,0.019639934533551555,0.011235955056179775,0.3485714285714286,0.33733547351524884,2048,512,953,50,13,0.6075876434452793,0.9632738719832109,0.48312049889338793,0.48346753073215,0.23797786098253687,0.6690358203385247,63,1.0,48,63,1.0,359,63,1.0,669
0,sahh,rabvs_budgeted_no_ucb,5,3513,63,0.017933390264730998,2560,63,0.875,0.443066753617901,0.20635833369783974,0.6004744580668674,55.761904761904766,55.761904761904766,0.9999999999999818,2700,0.9039282664389411,23.333333333333336,0.6768558621406555,0.10046990445908943,0.677,0.965,0.6779999999999999,0.017569546120058566,0.011363636363636364,0.3465909090909091,0.33522727272727276,2048,512,953,50,13,0.6131166943254328,0.9653725078698846,0.48488100811637586,0.4886562195532321,0.2429488911290227,0.6789065871149613,63,1.0,52,63,1.0,419,63,1.0,820
1,sahh,boba_ucb,5,3513,63,0.017933390264730998,2560,63,0.875,0.44304738813260874,0.20578090628065424,0.5992933817579337,55.761904761904766,55.761904761904766,0.9999999999999818,2700,0.9039282664389411,23.333333333333336,0.6750971674919128,0.10284640558970215,0.45199999999999996,0.947,0.45599999999999996,0.008012820512820512,0.022727272727272728,0.3352272727272727,0.3125,2048,512,953,50,13,0.6221502310616839,0.993704092339979,0.47476515087710025,0.47913016224330474,0.2334305894746884,0.6594374531550101,63,1.0,48,63,1.0,355,63,1.0,650
1,sahh,rabvs_budgeted_no_ucb,5,3513,63,0.017933390264730998,2560,63,0.875,0.4430731113438614,0.20614582195895348,0.6001069743766478,55.761904761904766,55.761904761904766,0.9999999999999818,2700,0.9039282664389411,23.333333333333336,0.677923858165741,0.10011913673500994,0.663,0.968,0.6639999999999999,0.0070921985815602835,0.022727272727272728,0.3352272727272727,0.3125,2048,512,953,50,13,0.624444446087192,0.9706190975865687,0.4811910265132442,0.48295841753634594,0.23804602682063078,0.6690380880635464,63,1.0,51,63,1.0,423,63,1.0,821
2,sahh,boba_ucb,5,3513,63,0.017933390264730998,2560,63,0.875,0.44277426573471684,0.20587613557854934,0.5997845411830202,55.761904761904766,55.761904761904766,0.9999999999999818,2700,0.9039282664389411,23.333333333333336,0.671367347240448,0.10457060784336869,0.43100000000000005,0.955,0.43500000000000005,0.029801324503311258,0.011363636363636364,0.3465909090909091,0.33522727272727276,2048,512,953,50,13,0.6215620376469481,0.9412381951731374,0.4848882666233483,0.4892968696622431,0.24470035975839893,0.6829385614731356,63,1.0,47,63,1.0,336,63,1.0,658
2,sahh,rabvs_budgeted_no_ucb,5,3513,63,0.017933390264730998,2560,63,0.875,0.442927518611368,0.2059953048567604,0.599705792736259,55.761904761904766,55.761904761904766,0.9999999999999818,2700,0.9039282664389411,23.333333333333336,0.6751588582992554,0.10079388061362826,0.6799999999999999,0.971,0.681,0.025495750708215296,0.011299435028248588,0.3485714285714286,0.33727199354318,2048,512,953,50,13,0.615571924772902,0.9758656873032528,0.48188216355550284,0.4841911528795676,0.23894082932286093,0.6705708086089054,63,1.0,51,63,1.0,423,63,1.0,825
0,src,boba_ucb,5,35024,524,0.014961169483782549,2560,368,0.7761548913043478,0.45538454832149466,0.22518965532241755,0.654374037005018,66.83969465648855,66.83969465648855,0.9578985412840023,4352,0.9844677935130196,111.44301470588236,0.5550811886787415,0.1347792969557846,0.523,0.905,0.5589999999999999,0.48201438848920863,0.04737442922374429,0.24785836664762992,0.20048393742388562,2048,512,32464,294,74,0.9078112205267594,0.9964268112370626,0.47524063828535573,0.46286256495576156,0.22714880270802693,0.6516054836297707,100,0.19083969465648856,100,449,0.8568702290076335,498,485,0.9255725190839694,950
0,src,rabvs_budgeted_no_ucb,5,35024,524,0.014961169483782549,2560,482,0.796161825726141,0.4553376324863328,0.22170086870130215,0.6403442045019186,66.83969465648855,56.145343511450385,0.9418075903669194,4352,0.9844677935130196,112.8216911764706,0.5588823556900024,0.13085913897388157,0.631,0.918,0.659,0.4881808838643371,0.05650684931506849,0.23929183323814962,0.18278498392308112,2048,512,32464,386,96,0.8663269146533322,0.9995071463775259,0.4843813320920106,0.4609259559016548,0.22162765871170267,0.6345634412047804,100,0.19083969465648856,100,436,0.8320610687022901,499,491,0.9370229007633588,978
1,src,boba_ucb,5,35024,524,0.014961169483782549,2560,351,0.7936253561253561,0.4567475399490526,0.22384168427187692,0.6391709065526093,66.83969465648855,66.83969465648855,0.9242995026979423,4352,0.9844677935130196,107.07720588235294,0.5533584952354431,0.13200970967901093,0.602,0.943,0.629,0.4639175257731959,0.05707762557077625,0.22615648201027985,0.1690788564395036,2048,512,32464,281,70,0.6798473839523255,0.9847215377033022,0.4843558044499335,0.4673382547348368,0.23073749477597688,0.6557797704320087,100,0.19083969465648856,100,448,0.8549618320610687,499,466,0.8893129770992366,973
1,src,rabvs_budgeted_no_ucb,5,35024,524,0.014961169483782549,2560,458,0.826146288209607,0.4558158361900982,0.22070170694924643,0.6334152769330101,66.83969465648855,60.728636859323885,0.9063369445674069,4352,0.9844677935130196,106.15808823529412,0.5681248903274536,0.12581478959569037,0.765,0.966,0.787,0.45510204081632655,0.04052511415525114,0.24957167332952598,0.20904655917427484,2048,512,32464,366,92,0.7582478056623114,0.9998767865943815,0.4925362237288664,0.4639044844750131,0.2242170606334245,0.6394963060570086,100,0.19083969465648856,100,458,0.8740458015267175,499,462,0.8816793893129771,988
2,src,boba_ucb,5,35024,524,0.014961169483782549,2560,354,0.7552966101694916,0.4560188120543263,0.2243605258728016,0.6465958496604458,66.83969465648855,66.83969465648855,0.9544132453215589,4352,0.9844677935130196,111.90257352941177,0.5561762452125549,0.13529523112445985,0.5860000000000001,0.926,0.622,0.4845679012345679,0.059931506849315065,0.23472301541976015,0.1747915085704451,2048,512,32464,283,71,0.7212545247684421,0.9878018728437654,0.4735638750541413,0.46644812662094565,0.23039681865168662,0.6572129822119194,100,0.19083969465648856,100,454,0.8664122137404581,497,487,0.9293893129770993,947
2,src,rabvs_budgeted_no_ucb,5,35024,524,0.014961169483782549,2560,472,0.8148834745762712,0.4555677403200463,0.2207011092524955,0.6352461919979789,66.83969465648855,57.291166848418754,0.9249519432078112,4352,0.9844677935130196,110.52389705882352,0.5665660500526428,0.12758319431114196,0.698,0.947,0.722,0.47692307692307695,0.04452054794520548,0.24443175328383782,0.19991120533863233,2048,512,32464,378,94,0.9136786608477568,0.9999383932971907,0.4925416166885049,0.4608007810482502,0.22106292403119762,0.6333494673626826,100,0.19083969465648856,100,449,0.8568702290076335,499,481,0.9179389312977099,990
0,tgfr1,boba_ucb,5,8633,133,0.015406000231669176,2560,131,0.8683206106870229,0.45102514158827217,0.21513733258960632,0.6190708744476939,64.90977443609023,64.90977443609023,0.9945799403752542,3072,0.9555195181281131,43.294270833333336,0.6317770481109619,0.10366027666000466,0.615,0.928,0.639,0.12046908315565032,0.013888888888888888,0.2916666666666667,0.2777777777777778,2048,512,6073,105,26,0.6184267852470409,0.9596575004116582,0.49490964784128844,0.478931821181745,0.2360870599764459,0.6652722964538447,100,0.7518796992481203,76,132,0.9924812030075187,446,133,1.0,903
0,tgfr1,rabvs_budgeted_no_ucb,5,8633,133,0.015406000231669176,2560,133,0.8712406015037594,0.4505280106817296,0.21289935334648322,0.6147595004838107,64.90977443609023,63.40024479804161,0.9973862960856558,3072,0.9555195181281131,43.294270833333336,0.6252422332763672,0.10677221724976327,0.9339999999999999,0.99,0.94,0.11685625646328852,0.013888888888888888,0.29398148148148145,0.28009259259259256,2048,512,6073,106,27,0.6329324627475187,0.991437510291454,0.49738610118827115,0.4700658694019191,0.22616513821391585,0.6443270392654992,98,0.7368421052631579,83,133,1.0,464,133,1.0,955
1,tgfr1,boba_ucb,5,8633,133,0.015406000231669176,2560,133,0.8656015037593985,0.4508009386193157,0.21470773343938723,0.6181972553645415,64.90977443609023,64.90977443609023,0.9999999999999695,3072,0.9555195181281131,43.294270833333336,0.6269683241844177,0.10465836712302468,0.621,0.937,0.646,0.11871657754010695,0.020833333333333332,0.28703703703703703,0.2662037037037037,2048,512,6073,106,27,0.6106057831303726,0.9589988473571546,0.4986167603127766,0.47881221408102614,0.2356883420138388,0.6644034958969004,100,0.7518796992481203,73,133,1.0,438,133,1.0,900
1,tgfr1,rabvs_budgeted_no_ucb,5,8633,133,0.015406000231669176,2560,133,0.8740601503759399,0.4506255574855385,0.21282492244083642,0.6142618635170946,64.90977443609023,63.40024479804161,0.9974746076439002,3072,0.9555195181281131,43.294270833333336,0.6240745186805725,0.10765192352782649,0.94,0.987,0.944,0.115625,0.023148148148148147,0.2847222222222222,0.26157407407407407,2048,512,6073,106,27,0.6335903505960383,0.9906141939733245,0.49677405660644824,0.4707560121019295,0.22699180404419914,0.6459135148367942,98,0.7368421052631579,83,133,1.0,464,133,1.0,958
2,tgfr1,boba_ucb,5,8633,133,0.015406000231669176,2560,133,0.8402255639097744,0.4506648897815704,0.21415445034055303,0.6173404386416893,64.90977443609023,64.90977443609023,0.9999999999999695,3072,0.9555195181281131,43.294270833333336,0.620101809501648,0.10648795065848049,0.615,0.921,0.642,0.11713665943600868,0.009259259259259259,0.2986111111111111,0.28935185185185186,2048,512,6073,106,27,0.6289013351966959,0.9757945002469949,0.4930550911541697,0.4758944953471967,0.2328021293647955,0.6584691480000517,100,0.7518796992481203,76,133,1.0,440,133,1.0,893
2,tgfr1,rabvs_budgeted_no_ucb,5,8633,133,0.015406000231669176,2560,133,0.8726503759398496,0.4505597506385228,0.2127989170719343,0.6143084330360817,64.90977443609023,64.15500961706591,0.9986470507426982,3072,0.9555195181281131,43.294270833333336,0.6265742778778076,0.1064858475798578,0.94,0.988,0.944,0.1125,0.009259259259259259,0.2986111111111111,0.28935185185185186,2048,512,6073,106,27,0.6372062640301848,0.9934134694549646,0.49979665414937213,0.4700360970641918,0.22619307039271744,0.6443798156104441,99,0.7443609022556391,82,133,1.0,463,133,1.0,957
0,thb,boba_ucb,5,7553,103,0.01363696544419436,2560,97,0.8434278350515464,0.45649780863817324,0.222814649484048,0.6373981806992395,73.33009708737865,73.33009708737865,0.9951103897726254,2816,0.9533960015887727,36.57670454545455,0.6181986927986145,0.10831694307073059,0.5,0.938,0.517,0.07809110629067245,0.0291005291005291,0.24338624338624337,0.21428571428571427,2048,512,4993,78,19,0.6479002606079506,0.9717604646505107,0.48413458564259476,0.4804177362711733,0.2416690702437774,0.6789085174214371,97,0.941747572815534,59,103,1.0,422,103,1.0,871
0,thb,rabvs_budgeted_no_ucb,5,7553,103,0.01363696544419436,2560,97,0.8730670103092784,0.45667739568929744,0.22044907458552473,0.6305112595097515,73.33009708737865,68.50574859478795,0.9456666823010073,2816,0.9533960015887727,34.44602272727273,0.609605610370636,0.11420718458894041,0.847,0.987,0.849,0.07013815090329437,0.021164021164021163,0.23809523809523808,0.21693121693121692,2048,512,4993,78,19,0.6523039349411688,0.9917885039054677,0.4950001789470677,0.4669995257456722,0.22723268356509152,0.6456611478912343,92,0.8932038834951457,63,97,0.941747572815534,457,97,0.941747572815534,936
1,thb,boba_ucb,5,7553,103,0.01363696544419436,2560,90,0.7979166666666667,0.4564339169023711,0.22487223171393714,0.6428523419043929,73.33009708737865,73.33009708737865,0.998962997634648,2816,0.9533960015887727,36.57670454545455,0.6148409247398376,0.10911942994506874,0.55,0.95,0.562,0.08143322475570032,0.042328042328042326,0.23015873015873015,0.18783068783068782,2048,512,4993,72,18,0.6354260841113731,0.9339074704586421,0.4941974933604232,0.4870955978269181,0.2501934737263699,0.6983754104184178,100,0.970873786407767,58,103,1.0,410,103,1.0,846
1,thb,rabvs_budgeted_no_ucb,5,7553,103,0.01363696544419436,2560,97,0.8679123711340206,0.4565690510454943,0.22035450848756333,0.6308261340919706,73.33009708737865,67.5408788962698,0.9445725613180905,2816,0.9533960015887727,34.44602272727273,0.6063077449798584,0.1149324981755756,0.856,0.991,0.857,0.07309322033898305,0.013227513227513227,0.24603174603174602,0.2328042328042328,2048,512,4993,78,19,0.655559898340599,0.9933907470458642,0.49732787528052497,0.46724521836352145,0.22721010504547767,0.6457499189967862,93,0.9029126213592233,62,97,0.941747572815534,454,97,0.941747572815534,938
2,thb,boba_ucb,5,7553,103,0.01363696544419436,2560,102,0.8131127450980392,0.4553959147404224,0.2252492660987839,0.6487374763033708,73.33009708737865,73.33009708737865,0.9999776383567979,2816,0.9533960015887727,36.57670454545455,0.6279997825622559,0.10663330878808941,0.56,0.946,0.5800000000000001,0.07903780068728522,0.026455026455026454,0.24603174603174602,0.21957671957671956,2048,512,4993,82,20,0.6450726509550393,0.9353094332064891,0.49584495603189305,0.4882938503473404,0.2524234906804593,0.7114734131873575,100,0.970873786407767,58,103,1.0,390,103,1.0,819
2,thb,rabvs_budgeted_no_ucb,5,7553,103,0.01363696544419436,2560,103,0.8567961165048543,0.45560272577018684,0.219648447812849,0.6322498008431003,73.33009708737865,64.64626980071539,0.9808324465981727,2816,0.9533960015887727,36.57670454545455,0.6131106019020081,0.11357181054851762,0.83,0.977,0.837,0.07411385606874328,0.026455026455026454,0.24603174603174602,0.21957671957671956,2048,512,4993,82,21,0.6628134109650302,0.9959943921490086,0.4901419794241344,0.46381797542815445,0.22311999483641323,0.6372477984571681,84,0.8155339805825242,70,103,1.0,445,103,1.0,931
0,thrb,boba_ucb,5,27465,461,0.01678499908975059,2560,333,0.7670795795795796,0.45270275970125695,0.2212867102470166,0.6344052080863153,59.577006507592195,59.577006507592195,0.9740463482395372,3840,0.9825232113599126,115.625,0.5269349217414856,0.13589260364256028,0.45799999999999996,0.969,0.46799999999999997,0.44467640918580376,0.0611353711790393,0.27021121631463946,0.20907584513560015,2048,512,24905,266,67,0.6931758154666607,0.9919694840393495,0.4446360648006841,0.46495467925850287,0.2290689009479769,0.6513601471023456,100,0.21691973969631237,100,431,0.9349240780911063,491,444,0.9631236442516269,901
0,thrb,rabvs_budgeted_no_ucb,5,27465,461,0.01678499908975059,2560,452,0.8125,0.45127764883840393,0.21811511265946254,0.6286978653672896,59.577006507592195,50.47797278643266,0.9714176460379028,3840,0.9825232113599126,118.48958333333333,0.5273608565330505,0.13453453565211848,0.621,0.986,0.623,0.44774590163934425,0.04002911208151383,0.29570284049526585,0.255673728413752,2048,512,24905,362,90,0.7552078679987678,0.9995583216221642,0.45445479059656146,0.4613115133096663,0.22243655405672327,0.6350351287351985,100,0.21691973969631237,100,446,0.9674620390455532,498,455,0.9869848156182213,971
1,thrb,boba_ucb,5,27465,461,0.01678499908975059,2560,342,0.7777777777777778,0.45202982109545864,0.22080788797687753,0.6343993354043327,59.577006507592195,59.577006507592195,0.9931442041969722,3840,0.9825232113599126,119.01041666666666,0.5226905941963196,0.1384578510228559,0.41500000000000004,0.953,0.43000000000000005,0.4641350210970464,0.056768558951965066,0.27822286962855064,0.22145431067658558,2048,512,24905,274,68,0.6701559771328823,0.9858662919092551,0.44829599676151005,0.46474081294917974,0.22859557994168253,0.6502916441285022,100,0.21691973969631237,100,448,0.9718004338394793,497,457,0.9913232104121475,906
1,thrb,rabvs_budgeted_no_ucb,5,27465,461,0.01678499908975059,2560,456,0.8171600877192983,0.4512094965159588,0.21763119863651711,0.626331481084653,59.577006507592195,51.77783474659831,0.9780774695830394,3840,0.9825232113599126,119.27083333333334,0.5242848992347717,0.13431477774921852,0.628,0.989,0.629,0.45463917525773195,0.043668122270742356,0.29133284777858703,0.24766472550784469,2048,512,24905,365,91,0.802832285223077,0.9995583216221642,0.45845232704842476,0.46119521662393403,0.22215112718534188,0.6344507031778751,100,0.21691973969631237,100,449,0.9739696312364425,498,458,0.9934924078091106,982
2,thrb,boba_ucb,5,27465,461,0.01678499908975059,2560,352,0.7547940340909091,0.4524029350336059,0.22097458782266852,0.6328999746759341,59.577006507592195,59.577006507592195,0.987873318363647,3840,0.9825232113599126,118.22916666666666,0.5318077802658081,0.13336825742338798,0.41900000000000004,0.946,0.42800000000000005,0.4591194968553459,0.056768558951965066,0.27749453750910413,0.22072597855713907,2048,512,24905,282,70,0.6703021331497331,0.9866291909255169,0.44068216681467176,0.46532052285597825,0.22913378020120453,0.6506665875846421,100,0.21691973969631237,100,444,0.9631236442516269,494,454,0.9848156182212582,912
2,thrb,rabvs_budgeted_no_ucb,5,27465,461,0.01678499908975059,2560,455,0.8118131868131868,0.45117606489013523,0.21752343431610907,0.6257915432803224,59.577006507592195,52.42776572668113,0.979262536163104,3840,0.9825232113599126,119.01041666666666,0.5283130407333374,0.13315760533745558,0.623,0.985,0.625,0.45045965270684374,0.04002911208151383,0.2949745083758194,0.25494539629430557,2048,512,24905,364,91,0.7621679013853597,0.9997992371009837,0.45728189996435636,0.46182255479019496,0.22249213876714594,0.6351527376876679,100,0.21691973969631237,100,449,0.9739696312364425,499,457,0.9913232104121475,978
0,try1,boba_ucb,5,26429,449,0.01698891369329146,2560,345,0.8172101449275362,0.4518441485982392,0.22046115769941144,0.6321267136936843,58.8619153674833,58.8619153674833,0.9916653210249258,3840,0.9818381323546105,115.88541666666667,0.539722204208374,0.12493732925907697,0.30500000000000005,0.962,0.31399999999999995,0.44863731656184486,0.0416036308623298,0.2975018925056775,0.25589826164334767,2048,512,23869,276,69,0.6241544701135684,0.9508148644685576,0.45935563327977946,0.4646978999820371,0.22865312892635165,0.6517115037200836,100,0.22271714922049,100,437,0.9732739420935412,488,445,0.9910913140311804,882
0,try1,rabvs_budgeted_no_ucb,5,26429,449,0.01698891369329146,2560,446,0.8318385650224215,0.4511833461273823,0.21754830916109238,0.6239817676700481,58.8619153674833,56.40933556050483,0.9907690546274811,3840,0.9818381323546105,116.66666666666667,0.5601034164428711,0.11915631321824993,0.558,0.976,0.5609999999999999,0.44069529652351735,0.02798789712556732,0.31188493565480696,0.28389703852923964,2048,512,23869,357,89,0.6920595777776714,0.9982403954920608,0.4627915341252463,0.4611537433670379,0.22228119531260102,0.6349644182487987,89,0.19821826280623608,99,446,0.9933184855233853,491,448,0.9977728285077951,982
1,try1,boba_ucb,5,26429,449,0.01698891369329146,2560,341,0.7864736070381232,0.452489746535127,0.22197113581362973,0.6345716740587839,58.8619153674833,58.8619153674833,0.9913302345662472,3840,0.9818381323546105,116.14583333333334,0.5418412685394287,0.12673238509781848,0.243,0.912,0.252,0.4607948442534909,0.06354009077155824,0.27554882664647995,0.2120087358749217,2048,512,23869,273,68,0.6312512558844675,0.9520717248313713,0.44683213539232886,0.4664304662882296,0.23164643558897724,0.656445103005303,100,0.22271714922049,100,436,0.9710467706013363,490,446,0.9933184855233853,879
1,try1,rabvs_budgeted_no_ucb,5,26429,449,0.01698891369329146,2560,446,0.836042600896861,0.45125088123254115,0.21741451864123035,0.6235160068362976,58.8619153674833,57.301182763042455,0.9930802925223345,3840,0.9818381323546105,116.66666666666667,0.5621318221092224,0.11867055066554533,0.548,0.979,0.55,0.44069529652351735,0.030257186081694403,0.3096139288417865,0.2793567427600921,2048,512,23869,357,89,0.6887630536592046,0.9987012442917592,0.4641790949479011,0.46132944565339223,0.22226959320713904,0.6347859653440223,93,0.2071269487750557,100,446,0.9933184855233853,495,448,0.9977728285077951,984
2,try1,boba_ucb,5,26429,449,0.01698891369329146,2560,321,0.8362538940809969,0.45274884942818494,0.22197153867939787,0.6330351023248714,58.8619153674833,58.8619153674833,0.9870878636511965,3840,0.9818381323546105,115.36458333333334,0.5357761979103088,0.12885670258314819,0.28500000000000003,0.95,0.29600000000000004,0.4556149732620321,0.05446293494704992,0.2838758516275549,0.22941291668050498,2048,512,23869,257,64,0.6166591398051836,0.9433574929825297,0.44042129191267715,0.4680391397263282,0.23234393806773868,0.6562871171511289,100,0.22271714922049,99,429,0.955456570155902,478,443,0.9866369710467706,881
2,try1,rabvs_budgeted_no_ucb,5,26429,449,0.01698891369329146,2560,447,0.8281599552572707,0.45118372143716706,0.2177674212353999,0.6249423477533109,58.8619153674833,55.071564756698386,0.9867412740407503,3840,0.9818381323546105,116.66666666666667,0.5599483847618103,0.11937697230426236,0.5509999999999999,0.98,0.554,0.4434156378600823,0.029500756429652043,0.31037093111279335,0.2808701746831413,2048,512,23869,358,89,0.6898244741613669,0.9988269303280406,0.4591877643150862,0.4619663559645891,0.2233361928024402,0.6367585290275968,83,0.18485523385300667,97,446,0.9933184855233853,488,448,0.9977728285077951,978
0,tryb1,boba_ucb,5,7798,148,0.018979225442421133,2560,147,0.8686224489795918,0.44534736937229563,0.21255292589173574,0.6129296628329154,52.68918918918919,52.68918918918919,0.9945189796891905,3072,0.950756604257502,47.8515625,0.6064326763153076,0.11116210818422978,0.484,0.949,0.5,0.14735658042744657,0.01282051282051282,0.3641025641025641,0.35128205128205126,2048,512,5238,118,29,0.6125434188399271,0.9494081710576556,0.47260335757741573,0.4757418826212605,0.23528531011677692,0.6634022456214964,100,0.6756756756756757,100,147,0.9932432432432432,458,147,0.9932432432432432,877
0,tryb1,rabvs_budgeted_no_ucb,5,7798,148,0.018979225442421133,2560,147,0.8741496598639455,0.445031027320837,0.21073829247472656,0.609140779419477,52.68918918918919,51.33818433818434,0.9919420868924591,3072,0.950756604257502,47.8515625,0.6114522814750671,0.11011892543389579,0.765,0.984,0.767,0.13746065057712487,0.017948717948717947,0.358974358974359,0.34102564102564104,2048,512,5238,118,29,0.6063390802643415,0.953799159984727,0.4876900037016614,0.46898175675630727,0.2280009651373487,0.647363430656312,98,0.6621621621621622,100,147,0.9932432432432432,494,147,0.9932432432432432,961
1,tryb1,boba_ucb,5,7798,148,0.018979225442421133,2560,146,0.875,0.4452525825597413,0.21328912670690248,0.6155540333127448,52.68918918918919,52.68918918918919,0.9946358236813304,3072,0.950756604257502,47.8515625,0.6148946285247803,0.10715326937291159,0.46599999999999997,0.9390000000000001,0.481,0.14869466515323496,0.028205128205128206,0.3487179487179487,0.3205128205128205,2048,512,5238,117,29,0.6120621380014264,0.9316533027873234,0.47634878949419107,0.47934837746104425,0.23944324930073949,0.6739091532446286,100,0.6756756756756757,100,147,0.9932432432432432,445,147,0.9932432432432432,848
1,tryb1,rabvs_budgeted_no_ucb,5,7798,148,0.018979225442421133,2560,148,0.8703547297297297,0.44475321910982074,0.21000932535775693,0.6085075212185275,52.68918918918919,49.31167706167706,0.9937143606912545,3072,0.950756604257502,48.177083333333336,0.6144389510154724,0.11008412548607083,0.776,0.988,0.778,0.13793103448275862,0.041025641025641026,0.3384615384615385,0.29743589743589743,2048,512,5238,118,30,0.6349404954653523,0.9873997709049256,0.48745311745994385,0.4653469096772823,0.2240739984133726,0.6394235504874606,95,0.6418918918918919,100,148,1.0,498,148,1.0,966
2,tryb1,boba_ucb,5,7798,148,0.018979225442421133,2560,146,0.8660102739726028,0.44525152381987054,0.21241224894891206,0.612813116356825,52.68918918918919,52.68918918918919,0.994755389823103,3072,0.950756604257502,47.8515625,0.6060810685157776,0.1092129066382489,0.477,0.94,0.495,0.14852607709750568,0.03324808184143223,0.3444730077120823,0.31122492587065004,2048,512,5238,117,29,0.625700553573445,0.9656357388316151,0.4766086157093655,0.47551395661322776,0.2352346502583296,0.6628970372864308,100,0.6756756756756757,100,147,0.9932432432432432,442,147,0.9932432432432432,859
2,tryb1,rabvs_budgeted_no_ucb,5,7798,148,0.018979225442421133,2560,148,0.8686655405405406,0.4447802277243295,0.20966148618067423,0.6077549696925205,52.68918918918919,50.66268191268191,0.9961906338957903,3072,0.950756604257502,48.177083333333336,0.6176186800003052,0.1090780789369965,0.767,0.979,0.771,0.1385099685204617,0.010256410256410256,0.36923076923076925,0.358974358974359,2048,512,5238,118,30,0.6276146348751155,0.9828178694158075,0.4918022916015467,0.46443518390569377,0.22290295441829264,0.6371194651154012,97,0.6554054054054054,100,148,1.0,491,148,1.0,965
0,tysy,boba_ucb,5,6859,109,0.015891529377460273,2560,108,0.8541666666666666,0.4517107610551177,0.22033247242823797,0.6346307113395955,62.92660550458715,62.92660550458715,0.9987856192211453,2816,0.9486805656801283,38.70738636363636,0.6426908373832703,0.09512742168317867,0.474,0.9319999999999999,0.484,0.10391061452513967,0.03498542274052478,0.282798833819242,0.24781341107871718,2048,512,4299,86,22,0.6399761920752938,0.9683647359851129,0.505012346207157,0.4826482056764446,0.2427743702890781,0.6797983655338398,100,0.9174311926605505,100,109,1.0,451,109,1.0,861
0,tysy,rabvs_budgeted_no_ucb,5,6859,109,0.015891529377460273,2560,109,0.8698394495412844,0.45121310343459964,0.21695740747478134,0.6271473325381466,62.92660550458715,56.54274697513628,0.9909788746643848,2816,0.9486805656801283,38.70738636363636,0.6391458511352539,0.09853295181250932,0.795,0.98,0.798,0.09779179810725552,0.037900874635568516,0.27988338192419826,0.24198250728862974,2048,512,4299,87,22,0.6807715043353011,0.998371714352175,0.504924303455989,0.46406234723932127,0.2234290170732569,0.6376401516220292,93,0.8532110091743119,100,109,1.0,493,109,1.0,971
1,tysy,boba_ucb,5,6859,109,0.015891529377460273,2560,108,0.8402777777777778,0.4519262130969748,0.2208108605838775,0.6354257751289604,62.92660550458715,62.92660550458715,0.9982638682776076,2816,0.9486805656801283,38.70738636363636,0.6441553831100464,0.09439574903802894,0.43799999999999994,0.918,0.44799999999999995,0.10426008968609865,0.03206997084548105,0.2857142857142857,0.2536443148688047,2048,512,4299,86,22,0.6515213121032378,0.9741800418702024,0.500120977607603,0.48356073480336376,0.24380541669562736,0.6865824702579839,100,0.9174311926605505,100,109,1.0,458,109,1.0,878
1,tysy,rabvs_budgeted_no_ucb,5,6859,109,0.015891529377460273,2560,109,0.8658256880733946,0.45130882345683015,0.21690931699172242,0.6260185664045476,62.92660550458715,56.54274697513628,0.9910011403518868,2816,0.9486805656801283,38.70738636363636,0.6399407386779785,0.09807363568573157,0.784,0.964,0.788,0.09883103081827843,0.043731778425655975,0.27405247813411077,0.23032069970845478,2048,512,4299,87,22,0.645570000746984,0.9904628983484531,0.5014825719239994,0.46272622771007565,0.2221264533879582,0.6350621943106399,93,0.8532110091743119,100,109,1.0,494,109,1.0,974
2,tysy,boba_ucb,5,6859,109,0.015891529377460273,2560,98,0.8616071428571429,0.452826580786523,0.2227359637916879,0.6411347169674272,62.92660550458715,62.92660550458715,0.9241428943774327,2816,0.9486805656801283,36.93181818181819,0.6377900242805481,0.09714919382111398,0.46299999999999997,0.919,0.476,0.0992108229988726,0.043731778425655975,0.2565597667638484,0.21282798833819241,2048,512,4299,78,20,0.63664399300691,0.9523144917422657,0.5071690626585987,0.48304759352841004,0.24661350266461285,0.6906548082084306,98,0.8990825688073395,100,98,0.8990825688073395,457,104,0.9541284403669725,871
2,tysy,rabvs_budgeted_no_ucb,5,6859,109,0.015891529377460273,2560,98,0.8743622448979592,0.452797888412484,0.21879410854096626,0.6302593241318565,62.92660550458715,55.63076718521473,0.9094497799115412,2816,0.9486805656801283,36.57670454545455,0.6362563371658325,0.10033465854586143,0.8009999999999999,0.975,0.8029999999999999,0.0914826498422713,0.055232558139534885,0.24853801169590642,0.19330545355637152,2048,512,4299,78,20,0.6742056664380863,0.9986043265875785,0.5070412088667408,0.4620967521029637,0.2234446512429053,0.6378288980849622,92,0.8440366972477065,100,98,0.8990825688073395,498,103,0.944954128440367,975
0,urok,boba_ucb,5,10012,162,0.016180583300039953,2560,156,0.8649839743589743,0.4515243515221115,0.21937022167839035,0.6286207571186063,61.80246913580247,61.80246913580247,0.991990883492499,3072,0.9616460247702757,52.408854166666664,0.6096569895744324,0.11093695749011201,0.363,0.926,0.383,0.1651376146788991,0.01996007984031936,0.3013972055888224,0.281437125748503,2048,512,7452,125,31,0.6023964536094212,0.9220343531937735,0.4655694269202242,0.48263471174040956,0.24290867648415856,0.6801894834198465,100,0.6172839506172839,100,161,0.9938271604938271,448,161,0.9938271604938271,823
0,urok,rabvs_budgeted_no_ucb,5,10012,162,0.016180583300039953,2560,161,0.8672360248447205,0.4511114719771776,0.215967679090008,0.6208477706746033,37.081481481481475,59.33037037037037,0.9909323975869172,3072,0.9616460247702757,52.734375,0.6407753229141235,0.10026498311629262,0.7070000000000001,0.979,0.7150000000000001,0.15360169491525424,0.027944111776447105,0.2954091816367265,0.2674650698602794,2048,512,7452,129,32,0.65132027024262,0.9928878153515834,0.4812057213811743,0.4674410174489831,0.22631279094166212,0.6435294859579489,96,0.5925925925925926,100,162,1.0,495,162,1.0,940
1,urok,boba_ucb,5,10012,162,0.016180583300039953,2560,158,0.8520569620253164,0.4517737941430724,0.21877164539024174,0.6261350863135859,61.80246913580247,61.80246913580247,0.9947025703778862,3072,0.9616460247702757,52.734375,0.6112959384918213,0.10927171426112392,0.391,0.909,0.41800000000000004,0.17365269461077845,0.017964071856287425,0.30538922155688625,0.28742514970059885,2048,512,7452,126,32,0.6287444893836728,0.9668545356951154,0.4691828985778443,0.4797409998201617,0.2392505749401335,0.6717032820524718,100,0.6172839506172839,100,161,0.9938271604938271,432,162,1.0,783
1,urok,rabvs_budgeted_no_ucb,5,10012,162,0.016180583300039953,2560,161,0.8664596273291926,0.45108830976459063,0.21598296719385957,0.621556032846359,30.901234567901234,56.858271604938274,0.9835072536521607,3072,0.9616460247702757,52.734375,0.6405247449874878,0.10050921213153363,0.714,0.985,0.721,0.15491452991452992,0.027944111776447105,0.2954091816367265,0.2674650698602794,2048,512,7452,129,32,0.6531424356000053,0.9944981213097155,0.47632040776634826,0.465467393095947,0.22453697069165177,0.6399200054459188,92,0.5679012345679012,100,162,1.0,491,162,1.0,944
2,urok,boba_ucb,5,10012,162,0.016180583300039953,2560,160,0.83671875,0.45135280851505916,0.21856607116409596,0.6272493467975168,61.80246913580247,61.80246913580247,0.9974711841755444,3072,0.9616460247702757,52.734375,0.6240424513816833,0.10610924742932326,0.398,0.9390000000000001,0.41400000000000003,0.17200474495848161,0.01996007984031936,0.3033932135728543,0.283433133732535,2048,512,7452,128,32,0.6261261664753992,0.9672571121846484,0.47237904506200723,0.47859252574544586,0.2382273378228466,0.6684036285509498,100,0.6172839506172839,100,162,1.0,422,162,1.0,782
2,urok,rabvs_budgeted_no_ucb,5,10012,162,0.016180583300039953,2560,162,0.871141975308642,0.4512184207968262,0.21612398819385126,0.6216019034091816,37.081481481481475,58.71234567901234,0.9895760315104664,3072,0.9616460247702757,52.734375,0.6358010768890381,0.1021855306002527,0.72,0.985,0.723,0.15491452991452992,0.031936127744510975,0.29141716566866266,0.25948103792415167,2048,512,7452,130,32,0.6580730064067987,0.9959742351046699,0.4804146904116036,0.46752591871418775,0.22605063178611928,0.6430841448096395,95,0.5864197530864198,100,162,1.0,492,162,1.0,943
0,vgfr2,boba_ucb,5,25358,409,0.016129032258064516,2560,347,0.7671109510086456,0.45151052065603803,0.2184762323913485,0.6368458444159106,62.0,62.0,0.9900231099395961,3840,0.9810710623866236,105.20833333333333,0.5725147128105164,0.12028479267174308,0.556,0.87,0.596,0.3995880535530381,0.04810725552050473,0.27287066246056785,0.2247634069400631,2048,512,22798,278,69,0.7962713031101765,0.9948241073778402,0.47114566916295164,0.46247771624382966,0.22365409152945961,0.6438003998806421,100,0.24449877750611246,100,400,0.9779951100244498,498,404,0.9877750611246944,971
0,vgfr2,rabvs_budgeted_no_ucb,5,25358,409,0.016129032258064516,2560,403,0.8292493796526055,0.45120499754913496,0.21591324769007708,0.6276926184092674,62.0,61.75590551181102,0.9812091534271513,3840,0.9810710623866236,105.72916666666667,0.5694522857666016,0.11848261179234598,0.776,0.9359999999999999,0.8,0.3979591836734694,0.04968454258675079,0.27208201892744477,0.22239747634069398,2048,512,22798,322,81,0.7541873272614985,0.9997806825160102,0.48284679345935816,0.46032225745814753,0.21873723809509463,0.6284662439351699,100,0.24449877750611246,100,403,0.9853300733496333,498,406,0.9926650366748166,989
1,vgfr2,boba_ucb,5,25358,409,0.016129032258064516,2560,339,0.7275073746312685,0.45150592232749504,0.2188799833342178,0.637699362857656,62.0,62.0,0.9899000890255781,3840,0.9810710623866236,105.20833333333333,0.5704389810562134,0.12064312122465126,0.5780000000000001,0.881,0.622,0.3975409836065574,0.0473186119873817,0.2744479495268139,0.2271293375394322,2048,512,22798,271,68,0.6807407516909554,0.9843845951399246,0.4733918524545505,0.46453224395550885,0.22634281634745043,0.6521185306745386,100,0.24449877750611246,100,396,0.9682151589242054,499,404,0.9877750611246944,968
1,vgfr2,rabvs_budgeted_no_ucb,5,25358,409,0.016129032258064516,2560,404,0.8241027227722773,0.45122669390680703,0.21596696652722128,0.6283153191539274,62.0,61.51181102362205,0.984836434056047,3840,0.9810710623866236,105.98958333333333,0.5687686204910278,0.11844969716686016,0.758,0.9319999999999999,0.783,0.3985728848114169,0.04810725552050473,0.27365930599369087,0.22555205047318613,2048,512,22798,323,81,0.7928584908893804,0.999956136503202,0.47950028360301133,0.46078024817965046,0.2192513387485496,0.6294842018630044,100,0.24449877750611246,100,404,0.9877750611246944,500,407,0.9951100244498777,993
2,vgfr2,boba_ucb,5,25358,409,0.016129032258064516,2560,362,0.7584599447513812,0.45158030346349737,0.2185338599595691,0.6347093134907834,62.0,62.0,0.9898788495749405,3840,0.9810710623866236,105.46875,0.5665909647941589,0.12121077692162541,0.579,0.896,0.609,0.40061791967044286,0.04968454258675079,0.27129337539432175,0.22160883280757096,2048,512,22798,290,72,0.6960514681157757,0.9868409509606105,0.47088688141321233,0.46486482819831,0.2263289928236372,0.650337869370183,100,0.24449877750611246,100,398,0.9731051344743277,498,405,0.9902200488997555,957
2,vgfr2,rabvs_budgeted_no_ucb,5,25358,409,0.016129032258064516,2560,403,0.8247518610421837,0.4512720942768838,0.2159908327485287,0.6283338600253479,62.0,61.75590551181102,0.9834613527253178,3840,0.9810710623866236,105.98958333333333,0.5691024661064148,0.11799191701533907,0.766,0.935,0.792,0.3997955010224949,0.050473186119873815,0.27129337539432175,0.22082018927444794,2048,512,22798,322,81,0.7681310328754658,0.9998245460128081,0.48260677168643185,0.46028898166197574,0.2187901938439023,0.6286887999904537,100,0.24449877750611246,100,404,0.9877750611246944,500,407,0.9951100244498777,989
0,wee1,boba_ucb,5,6252,102,0.016314779270633396,2560,102,0.8707107843137255,0.4484837701839598,0.2132692024414025,0.614072428949291,61.29411764705883,61.29411764705883,1.0,2810,0.943817978246961,36.29893238434163,0.6239675879478455,0.11097834419459796,0.44899999999999995,0.937,0.469,0.07641921397379912,0.003194888178913738,0.3226837060702875,0.3194888178913738,2048,512,3692,82,20,0.597290856782996,0.9238894907908992,0.48192702994631803,0.48712441308353405,0.24470456854222686,0.6818602315986177,100,0.9803921568627451,56,102,1.0,421,102,1.0,865
0,wee1,rabvs_budgeted_no_ucb,5,6252,102,0.016314779270633396,2560,102,0.875,0.44817769617479414,0.2109157160863387,0.6097495856890053,61.29411764705883,61.29411764705883,1.0,2810,0.943817978246961,36.29893238434163,0.627406895160675,0.11715583162841825,0.753,0.983,0.76,0.07494646680942184,0.003194888178913738,0.3226837060702875,0.3194888178913738,2048,512,3692,82,20,0.6040584033110666,0.9704767063921993,0.4888564575653023,0.47280072379786653,0.22998749757388137,0.6516244746182029,100,0.9803921568627451,58,102,1.0,454,102,1.0,942
1,wee1,boba_ucb,5,6252,102,0.016314779270633396,2560,102,0.8682598039215687,0.4484885504073874,0.2132479531861352,0.6140742257648716,61.29411764705883,61.29411764705883,1.0,2810,0.943817978246961,36.29893238434163,0.6260548233985901,0.11264841197973352,0.43000000000000005,0.9299999999999999,0.45099999999999996,0.07467532467532467,0.003194888178913738,0.3226837060702875,0.3194888178913738,2048,512,3692,82,20,0.6007347184334706,0.9282231852654388,0.48552463093983683,0.4875208797535077,0.24515593346816167,0.6828857410457804,100,0.9803921568627451,56,102,1.0,429,102,1.0,860
1,wee1,rabvs_budgeted_no_ucb,5,6252,102,0.016314779270633396,2560,102,0.875,0.44812219006187026,0.2108613745329411,0.6096875808065279,61.29411764705883,61.29411764705883,1.0,2810,0.943817978246961,36.29893238434163,0.6295943260192871,0.11598345078239625,0.756,0.988,0.757,0.07387580299785867,0.003194888178913738,0.3226837060702875,0.3194888178913738,2048,512,3692,82,20,0.6132702619333877,0.973726977248104,0.48594562237603556,0.4726967763553339,0.23002898122905524,0.6518535630364999,100,0.9803921568627451,58,102,1.0,453,102,1.0,943
2,wee1,boba_ucb,5,6252,102,0.016314779270633396,2560,102,0.875,0.44840751613990854,0.21246735774617373,0.6125120120700323,61.29411764705883,61.29411764705883,1.0,2810,0.943817978246961,36.29893238434163,0.6283119320869446,0.11237781813944003,0.43300000000000005,0.9359999999999999,0.45399999999999996,0.07272727272727272,0.003194888178913738,0.3226837060702875,0.3194888178913738,2048,512,3692,82,20,0.5953454568652523,0.9336403033586133,0.47895698060660563,0.4818528234857921,0.23947551639999842,0.6708807325717729,100,0.9803921568627451,56,102,1.0,429,102,1.0,864
2,wee1,rabvs_budgeted_no_ucb,5,6252,102,0.016314779270633396,2560,102,0.875,0.4481716880533452,0.21109597072971534,0.6100765910911404,61.29411764705883,61.29411764705883,1.0,2810,0.943817978246961,36.29893238434163,0.6307176947593689,0.1160211021179115,0.755,0.979,0.761,0.07351351351351351,0.003194888178913738,0.3226837060702875,0.3194888178913738,2048,512,3692,82,20,0.6087568634418108,0.9721018418201517,0.48954288900423454,0.4742867137441058,0.23166082828948376,0.6550744386983758,100,0.9803921568627451,58,102,1.0,453,102,1.0,941
0,xiap,boba_ucb,5,5250,100,0.01904761904761905,2560,100,0.845625,0.44529634613057467,0.21388194074737202,0.6154283389804789,52.49999999999999,52.49999999999999,0.9999999999999921,2770,0.934047619047619,36.101083032490976,0.6279631853103638,0.11167528468715071,0.45299999999999996,0.922,0.473,0.06994818652849741,0.011406844106463879,0.3702290076335878,0.3588221635271239,2048,512,2690,80,20,0.6272185852578194,0.9301115241635688,0.47538757841300755,0.4864091398326081,0.24701114802060062,0.6873426241155653,100,1.0,49,100,1.0,335,100,1.0,718
0,xiap,rabvs_budgeted_no_ucb,5,5250,100,0.01904761904761905,2560,100,0.875,0.44474390693443294,0.2102965793266853,0.608475854376877,52.49999999999999,50.480769230769226,0.9955917251983964,2770,0.934047619047619,36.101083032490976,0.6385173201560974,0.10756818904812204,0.726,0.96,0.738,0.06443914081145585,0.015209125475285171,0.366412213740458,0.3512030882651728,2048,512,2690,80,20,0.6550418990445979,0.9903345724907063,0.46480836176323037,0.46013971224045114,0.220258949670217,0.6314890915825101,97,0.97,52,100,1.0,424,100,1.0,837
1,xiap,boba_ucb,5,5250,100,0.01904761904761905,2560,100,0.865,0.4453382777293045,0.21330433454331016,0.613674522897333,52.49999999999999,52.49999999999999,0.9999999999999921,2770,0.934047619047619,36.101083032490976,0.633586049079895,0.10945095384798598,0.482,0.9299999999999999,0.502,0.06135770234986945,0.019011406844106463,0.3612167300380228,0.34220532319391633,2048,512,2690,80,20,0.6191718053546605,0.9178438661710037,0.4681138695553958,0.4843262637539763,0.24552993961897435,0.6841947474347889,100,1.0,49,100,1.0,339,100,1.0,717
1,xiap,rabvs_budgeted_no_ucb,5,5250,100,0.01904761904761905,2560,100,0.875,0.44491458384386257,0.20982453477602714,0.6070306918534154,52.49999999999999,52.49999999999999,0.9994927107488315,2770,0.934047619047619,36.101083032490976,0.6376117467880249,0.10848056483114044,0.738,0.965,0.744,0.05731707317073171,0.019011406844106463,0.36259541984732824,0.3435840130032218,2048,512,2690,80,20,0.625196492554555,0.9769516728624535,0.4728456809695554,0.45954958816601954,0.21939329784589715,0.6297377258588038,98,0.98,51,100,1.0,426,100,1.0,838
2,xiap,boba_ucb,5,5250,100,0.01904761904761905,2560,100,0.858125,0.44482388405613615,0.2114403647801019,0.6108057895842385,52.49999999999999,52.49999999999999,0.9999999999999921,2770,0.934047619047619,36.101083032490976,0.6346656680107117,0.11031907157721976,0.473,0.931,0.493,0.06521739130434782,0.011406844106463879,0.3702290076335878,0.3588221635271239,2048,512,2690,80,20,0.6340963759323877,0.9609665427509294,0.45482424458197274,0.46888776551101424,0.22965959262694155,0.6519154553717199,100,1.0,49,100,1.0,353,100,1.0,731
2,xiap,rabvs_budgeted_no_ucb,5,5250,100,0.01904761904761905,2560,100,0.835625,0.4447781796581305,0.21063640941075165,0.6090779165759644,52.49999999999999,52.49999999999999,0.9983143767707147,2770,0.934047619047619,36.101083032490976,0.6386858224868774,0.1084210730967744,0.721,0.955,0.733,0.05970149253731343,0.015209125475285171,0.366412213740458,0.3512030882651728,2048,512,2690,80,20,0.6270582642608503,0.958364312267658,0.47533731939886065,0.46510620510300626,0.2256091974210637,0.6428701876677322,96,0.96,53,100,1.0,416,100,1.0,832
