seed,target,method,round,pool_size,active_count,queried_total,new_hits,cumulative_hits,risk_alert_rate_queried
0,aa2ar,greedy_surrogate,1,32032,482,768,253,269,0.4140625
0,aa2ar,greedy_surrogate,2,32032,482,1024,128,397,0.384765625
0,aa2ar,greedy_surrogate,3,32032,482,1280,35,432,0.390625
0,aa2ar,greedy_surrogate,4,32032,482,1536,17,449,0.37890625
0,aa2ar,greedy_surrogate,5,32032,482,1792,9,458,0.390625
0,aa2ar,greedy_surrogate,6,32032,482,2048,5,463,0.3896484375
0,aa2ar,greedy_surrogate,7,32032,482,2304,7,470,0.3962673611111111
0,aa2ar,greedy_surrogate,8,32032,482,2560,0,470,0.397265625
0,aa2ar,boba_ucb,1,32032,482,768,252,268,0.4127604166666667
0,aa2ar,boba_ucb,2,32032,482,1024,12,280,0.419921875
0,aa2ar,boba_ucb,3,32032,482,1280,0,280,0.45625
0,aa2ar,boba_ucb,4,32032,482,1536,2,282,0.43359375
0,aa2ar,boba_ucb,5,32032,482,1792,7,289,0.4497767857142857
0,aa2ar,boba_ucb,6,32032,482,2048,88,377,0.43359375
0,aa2ar,boba_ucb,7,32032,482,2304,12,389,0.4370659722222222
0,aa2ar,boba_ucb,8,32032,482,2560,8,397,0.448046875
0,aa2ar,rabvs_budgeted_reliable,1,32032,482,768,252,268,0.4127604166666667
0,aa2ar,rabvs_budgeted_reliable,2,32032,482,1024,12,280,0.419921875
0,aa2ar,rabvs_budgeted_reliable,3,32032,482,1280,0,280,0.45625
0,aa2ar,rabvs_budgeted_reliable,4,32032,482,1536,2,282,0.43359375
0,aa2ar,rabvs_budgeted_reliable,5,32032,482,1792,7,289,0.4497767857142857
0,aa2ar,rabvs_budgeted_reliable,6,32032,482,2048,88,377,0.43359375
0,aa2ar,rabvs_budgeted_reliable,7,32032,482,2304,12,389,0.4370659722222222
0,aa2ar,rabvs_budgeted_reliable,8,32032,482,2560,8,397,0.448046875
0,aa2ar,rabvs_budgeted_no_ucb,1,32032,482,768,253,269,0.4140625
0,aa2ar,rabvs_budgeted_no_ucb,2,32032,482,1024,127,396,0.3818359375
0,aa2ar,rabvs_budgeted_no_ucb,3,32032,482,1280,30,426,0.378125
0,aa2ar,rabvs_budgeted_no_ucb,4,32032,482,1536,22,448,0.3763020833333333
0,aa2ar,rabvs_budgeted_no_ucb,5,32032,482,1792,8,456,0.3828125
0,aa2ar,rabvs_budgeted_no_ucb,6,32032,482,2048,7,463,0.3896484375
0,aa2ar,rabvs_budgeted_no_ucb,7,32032,482,2304,5,468,0.39453125
0,aa2ar,rabvs_budgeted_no_ucb,8,32032,482,2560,2,470,0.3953125
0,aa2ar,rabvs_budgeted_random_parts,1,32032,482,768,30,46,0.4700520833333333
0,aa2ar,rabvs_budgeted_random_parts,2,32032,482,1024,1,47,0.44921875
0,aa2ar,rabvs_budgeted_random_parts,3,32032,482,1280,21,68,0.45
0,aa2ar,rabvs_budgeted_random_parts,4,32032,482,1536,87,155,0.4485677083333333
0,aa2ar,rabvs_budgeted_random_parts,5,32032,482,1792,3,158,0.45814732142857145
0,aa2ar,rabvs_budgeted_random_parts,6,32032,482,2048,97,255,0.4365234375
0,aa2ar,rabvs_budgeted_random_parts,7,32032,482,2304,5,260,0.4422743055555556
0,aa2ar,rabvs_budgeted_random_parts,8,32032,482,2560,76,336,0.428515625
1,aa2ar,greedy_surrogate,1,32032,482,768,255,271,0.44140625
1,aa2ar,greedy_surrogate,2,32032,482,1024,124,395,0.3896484375
1,aa2ar,greedy_surrogate,3,32032,482,1280,32,427,0.40703125
1,aa2ar,greedy_surrogate,4,32032,482,1536,19,446,0.3899739583333333
1,aa2ar,greedy_surrogate,5,32032,482,1792,12,458,0.41294642857142855
1,aa2ar,greedy_surrogate,6,32032,482,2048,7,465,0.41845703125
1,aa2ar,greedy_surrogate,7,32032,482,2304,5,470,0.4253472222222222
1,aa2ar,greedy_surrogate,8,32032,482,2560,1,471,0.419140625
1,aa2ar,boba_ucb,1,32032,482,768,256,272,0.44140625
1,aa2ar,boba_ucb,2,32032,482,1024,50,322,0.423828125
1,aa2ar,boba_ucb,3,32032,482,1280,5,327,0.42265625
1,aa2ar,boba_ucb,4,32032,482,1536,0,327,0.4921875
1,aa2ar,boba_ucb,5,32032,482,1792,0,327,0.5027901785714286
1,aa2ar,boba_ucb,6,32032,482,2048,17,344,0.50390625
1,aa2ar,boba_ucb,7,32032,482,2304,54,398,0.4895833333333333
1,aa2ar,boba_ucb,8,32032,482,2560,10,408,0.48828125
1,aa2ar,rabvs_budgeted_reliable,1,32032,482,768,256,272,0.44140625
1,aa2ar,rabvs_budgeted_reliable,2,32032,482,1024,50,322,0.423828125
1,aa2ar,rabvs_budgeted_reliable,3,32032,482,1280,5,327,0.42265625
1,aa2ar,rabvs_budgeted_reliable,4,32032,482,1536,0,327,0.4921875
1,aa2ar,rabvs_budgeted_reliable,5,32032,482,1792,0,327,0.5027901785714286
1,aa2ar,rabvs_budgeted_reliable,6,32032,482,2048,17,344,0.50390625
1,aa2ar,rabvs_budgeted_reliable,7,32032,482,2304,54,398,0.4895833333333333
1,aa2ar,rabvs_budgeted_reliable,8,32032,482,2560,10,408,0.48828125
1,aa2ar,rabvs_budgeted_no_ucb,1,32032,482,768,255,271,0.44140625
1,aa2ar,rabvs_budgeted_no_ucb,2,32032,482,1024,124,395,0.388671875
1,aa2ar,rabvs_budgeted_no_ucb,3,32032,482,1280,27,422,0.41171875
1,aa2ar,rabvs_budgeted_no_ucb,4,32032,482,1536,23,445,0.3958333333333333
1,aa2ar,rabvs_budgeted_no_ucb,5,32032,482,1792,10,455,0.40736607142857145
1,aa2ar,rabvs_budgeted_no_ucb,6,32032,482,2048,7,462,0.40771484375
1,aa2ar,rabvs_budgeted_no_ucb,7,32032,482,2304,7,469,0.4262152777777778
1,aa2ar,rabvs_budgeted_no_ucb,8,32032,482,2560,4,473,0.421484375
1,aa2ar,rabvs_budgeted_random_parts,1,32032,482,768,57,73,0.4348958333333333
1,aa2ar,rabvs_budgeted_random_parts,2,32032,482,1024,19,92,0.43359375
1,aa2ar,rabvs_budgeted_random_parts,3,32032,482,1280,13,105,0.42265625
1,aa2ar,rabvs_budgeted_random_parts,4,32032,482,1536,87,192,0.42578125
1,aa2ar,rabvs_budgeted_random_parts,5,32032,482,1792,5,197,0.42745535714285715
1,aa2ar,rabvs_budgeted_random_parts,6,32032,482,2048,12,209,0.4248046875
1,aa2ar,rabvs_budgeted_random_parts,7,32032,482,2304,1,210,0.4453125
1,aa2ar,rabvs_budgeted_random_parts,8,32032,482,2560,55,265,0.440625
2,aa2ar,greedy_surrogate,1,32032,482,768,255,271,0.4309895833333333
2,aa2ar,greedy_surrogate,2,32032,482,1024,113,384,0.396484375
2,aa2ar,greedy_surrogate,3,32032,482,1280,48,432,0.384375
2,aa2ar,greedy_surrogate,4,32032,482,1536,19,451,0.3841145833333333
2,aa2ar,greedy_surrogate,5,32032,482,1792,7,458,0.40345982142857145
2,aa2ar,greedy_surrogate,6,32032,482,2048,9,467,0.4033203125
2,aa2ar,greedy_surrogate,7,32032,482,2304,3,470,0.4049479166666667
2,aa2ar,greedy_surrogate,8,32032,482,2560,1,471,0.40546875
2,aa2ar,boba_ucb,1,32032,482,768,256,272,0.4348958333333333
2,aa2ar,boba_ucb,2,32032,482,1024,16,288,0.427734375
2,aa2ar,boba_ucb,3,32032,482,1280,11,299,0.43046875
2,aa2ar,boba_ucb,4,32032,482,1536,2,301,0.4615885416666667
2,aa2ar,boba_ucb,5,32032,482,1792,0,301,0.48716517857142855
2,aa2ar,boba_ucb,6,32032,482,2048,98,399,0.46142578125
2,aa2ar,boba_ucb,7,32032,482,2304,11,410,0.4722222222222222
2,aa2ar,boba_ucb,8,32032,482,2560,2,412,0.46875
2,aa2ar,rabvs_budgeted_reliable,1,32032,482,768,256,272,0.4348958333333333
2,aa2ar,rabvs_budgeted_reliable,2,32032,482,1024,16,288,0.427734375
2,aa2ar,rabvs_budgeted_reliable,3,32032,482,1280,11,299,0.43046875
2,aa2ar,rabvs_budgeted_reliable,4,32032,482,1536,2,301,0.4615885416666667
2,aa2ar,rabvs_budgeted_reliable,5,32032,482,1792,0,301,0.48716517857142855
2,aa2ar,rabvs_budgeted_reliable,6,32032,482,2048,98,399,0.46142578125
2,aa2ar,rabvs_budgeted_reliable,7,32032,482,2304,11,410,0.4722222222222222
2,aa2ar,rabvs_budgeted_reliable,8,32032,482,2560,2,412,0.46875
2,aa2ar,rabvs_budgeted_no_ucb,1,32032,482,768,255,271,0.4309895833333333
2,aa2ar,rabvs_budgeted_no_ucb,2,32032,482,1024,113,384,0.39453125
2,aa2ar,rabvs_budgeted_no_ucb,3,32032,482,1280,46,430,0.3734375
2,aa2ar,rabvs_budgeted_no_ucb,4,32032,482,1536,18,448,0.365234375
2,aa2ar,rabvs_budgeted_no_ucb,5,32032,482,1792,7,455,0.38504464285714285
2,aa2ar,rabvs_budgeted_no_ucb,6,32032,482,2048,6,461,0.40576171875
2,aa2ar,rabvs_budgeted_no_ucb,7,32032,482,2304,8,469,0.4088541666666667
2,aa2ar,rabvs_budgeted_no_ucb,8,32032,482,2560,3,472,0.4
2,aa2ar,rabvs_budgeted_random_parts,1,32032,482,768,1,17,0.5234375
2,aa2ar,rabvs_budgeted_random_parts,2,32032,482,1024,84,101,0.49609375
2,aa2ar,rabvs_budgeted_random_parts,3,32032,482,1280,100,201,0.48828125
2,aa2ar,rabvs_budgeted_random_parts,4,32032,482,1536,9,210,0.4654947916666667
2,aa2ar,rabvs_budgeted_random_parts,5,32032,482,1792,10,220,0.44698660714285715
2,aa2ar,rabvs_budgeted_random_parts,6,32032,482,2048,57,277,0.43359375
2,aa2ar,rabvs_budgeted_random_parts,7,32032,482,2304,8,285,0.4288194444444444
2,aa2ar,rabvs_budgeted_random_parts,8,32032,482,2560,5,290,0.431640625
0,abl1,greedy_surrogate,1,10932,182,768,131,147,0.4244791666666667
0,abl1,greedy_surrogate,2,10932,182,1024,18,165,0.4482421875
0,abl1,greedy_surrogate,3,10932,182,1280,11,176,0.45390625
0,abl1,greedy_surrogate,4,10932,182,1536,0,176,0.458984375
0,abl1,greedy_surrogate,5,10932,182,1792,1,177,0.45703125
0,abl1,greedy_surrogate,6,10932,182,2048,0,177,0.44921875
0,abl1,greedy_surrogate,7,10932,182,2304,0,177,0.4479166666666667
0,abl1,greedy_surrogate,8,10932,182,2560,1,178,0.448046875
0,abl1,boba_ucb,1,10932,182,768,111,127,0.4375
0,abl1,boba_ucb,2,10932,182,1024,12,139,0.4638671875
0,abl1,boba_ucb,3,10932,182,1280,0,139,0.44609375
0,abl1,boba_ucb,4,10932,182,1536,1,140,0.46875
0,abl1,boba_ucb,5,10932,182,1792,18,158,0.46484375
0,abl1,boba_ucb,6,10932,182,2048,2,160,0.4501953125
0,abl1,boba_ucb,7,10932,182,2304,4,164,0.4578993055555556
0,abl1,boba_ucb,8,10932,182,2560,1,165,0.455859375
0,abl1,rabvs_budgeted_reliable,1,10932,182,768,111,127,0.4375
0,abl1,rabvs_budgeted_reliable,2,10932,182,1024,12,139,0.4638671875
0,abl1,rabvs_budgeted_reliable,3,10932,182,1280,0,139,0.44609375
0,abl1,rabvs_budgeted_reliable,4,10932,182,1536,1,140,0.46875
0,abl1,rabvs_budgeted_reliable,5,10932,182,1792,18,158,0.46484375
0,abl1,rabvs_budgeted_reliable,6,10932,182,2048,2,160,0.4501953125
0,abl1,rabvs_budgeted_reliable,7,10932,182,2304,4,164,0.4578993055555556
0,abl1,rabvs_budgeted_reliable,8,10932,182,2560,1,165,0.455859375
0,abl1,rabvs_budgeted_no_ucb,1,10932,182,768,129,145,0.421875
0,abl1,rabvs_budgeted_no_ucb,2,10932,182,1024,19,164,0.431640625
0,abl1,rabvs_budgeted_no_ucb,3,10932,182,1280,10,174,0.446875
0,abl1,rabvs_budgeted_no_ucb,4,10932,182,1536,1,175,0.4602864583333333
0,abl1,rabvs_budgeted_no_ucb,5,10932,182,1792,1,176,0.45870535714285715
0,abl1,rabvs_budgeted_no_ucb,6,10932,182,2048,1,177,0.462890625
0,abl1,rabvs_budgeted_no_ucb,7,10932,182,2304,1,178,0.4474826388888889
0,abl1,rabvs_budgeted_no_ucb,8,10932,182,2560,1,179,0.447265625
0,abl1,rabvs_budgeted_random_parts,1,10932,182,768,36,52,0.4700520833333333
0,abl1,rabvs_budgeted_random_parts,2,10932,182,1024,13,65,0.455078125
0,abl1,rabvs_budgeted_random_parts,3,10932,182,1280,6,71,0.45078125
0,abl1,rabvs_budgeted_random_parts,4,10932,182,1536,32,103,0.4375
0,abl1,rabvs_budgeted_random_parts,5,10932,182,1792,6,109,0.44698660714285715
0,abl1,rabvs_budgeted_random_parts,6,10932,182,2048,6,115,0.46826171875
0,abl1,rabvs_budgeted_random_parts,7,10932,182,2304,7,122,0.4835069444444444
0,abl1,rabvs_budgeted_random_parts,8,10932,182,2560,0,122,0.49765625
1,abl1,greedy_surrogate,1,10932,182,768,140,156,0.421875
1,abl1,greedy_surrogate,2,10932,182,1024,8,164,0.44140625
1,abl1,greedy_surrogate,3,10932,182,1280,4,168,0.44453125
1,abl1,greedy_surrogate,4,10932,182,1536,3,171,0.4375
1,abl1,greedy_surrogate,5,10932,182,1792,3,174,0.43638392857142855
1,abl1,greedy_surrogate,6,10932,182,2048,2,176,0.43505859375
1,abl1,greedy_surrogate,7,10932,182,2304,1,177,0.4379340277777778
1,abl1,greedy_surrogate,8,10932,182,2560,0,177,0.437890625
1,abl1,boba_ucb,1,10932,182,768,132,148,0.4231770833333333
1,abl1,boba_ucb,2,10932,182,1024,8,156,0.4638671875
1,abl1,boba_ucb,3,10932,182,1280,0,156,0.45234375
1,abl1,boba_ucb,4,10932,182,1536,0,156,0.4322916666666667
1,abl1,boba_ucb,5,10932,182,1792,1,157,0.42354910714285715
1,abl1,boba_ucb,6,10932,182,2048,3,160,0.4453125
1,abl1,boba_ucb,7,10932,182,2304,2,162,0.4487847222222222
1,abl1,boba_ucb,8,10932,182,2560,0,162,0.44921875
1,abl1,rabvs_budgeted_reliable,1,10932,182,768,132,148,0.4231770833333333
1,abl1,rabvs_budgeted_reliable,2,10932,182,1024,8,156,0.4638671875
1,abl1,rabvs_budgeted_reliable,3,10932,182,1280,0,156,0.45234375
1,abl1,rabvs_budgeted_reliable,4,10932,182,1536,0,156,0.4322916666666667
1,abl1,rabvs_budgeted_reliable,5,10932,182,1792,1,157,0.42354910714285715
1,abl1,rabvs_budgeted_reliable,6,10932,182,2048,3,160,0.4453125
1,abl1,rabvs_budgeted_reliable,7,10932,182,2304,2,162,0.4487847222222222
1,abl1,rabvs_budgeted_reliable,8,10932,182,2560,0,162,0.44921875
1,abl1,rabvs_budgeted_no_ucb,1,10932,182,768,138,154,0.4244791666666667
1,abl1,rabvs_budgeted_no_ucb,2,10932,182,1024,6,160,0.439453125
1,abl1,rabvs_budgeted_no_ucb,3,10932,182,1280,9,169,0.43359375
1,abl1,rabvs_budgeted_no_ucb,4,10932,182,1536,1,170,0.439453125
1,abl1,rabvs_budgeted_no_ucb,5,10932,182,1792,3,173,0.43470982142857145
1,abl1,rabvs_budgeted_no_ucb,6,10932,182,2048,2,175,0.43017578125
1,abl1,rabvs_budgeted_no_ucb,7,10932,182,2304,0,175,0.4184027777777778
1,abl1,rabvs_budgeted_no_ucb,8,10932,182,2560,1,176,0.425
1,abl1,rabvs_budgeted_random_parts,1,10932,182,768,2,18,0.421875
1,abl1,rabvs_budgeted_random_parts,2,10932,182,1024,3,21,0.4189453125
1,abl1,rabvs_budgeted_random_parts,3,10932,182,1280,13,34,0.4265625
1,abl1,rabvs_budgeted_random_parts,4,10932,182,1536,1,35,0.431640625
1,abl1,rabvs_budgeted_random_parts,5,10932,182,1792,2,37,0.43080357142857145
1,abl1,rabvs_budgeted_random_parts,6,10932,182,2048,5,42,0.419921875
1,abl1,rabvs_budgeted_random_parts,7,10932,182,2304,7,49,0.4244791666666667
1,abl1,rabvs_budgeted_random_parts,8,10932,182,2560,8,57,0.433984375
2,abl1,greedy_surrogate,1,10932,182,768,140,156,0.4153645833333333
2,abl1,greedy_surrogate,2,10932,182,1024,12,168,0.4443359375
2,abl1,greedy_surrogate,3,10932,182,1280,3,171,0.434375
2,abl1,greedy_surrogate,4,10932,182,1536,2,173,0.43359375
2,abl1,greedy_surrogate,5,10932,182,1792,1,174,0.43861607142857145
2,abl1,greedy_surrogate,6,10932,182,2048,2,176,0.44970703125
2,abl1,greedy_surrogate,7,10932,182,2304,0,176,0.4500868055555556
2,abl1,greedy_surrogate,8,10932,182,2560,0,176,0.451953125
2,abl1,boba_ucb,1,10932,182,768,125,141,0.4309895833333333
2,abl1,boba_ucb,2,10932,182,1024,1,142,0.4140625
2,abl1,boba_ucb,3,10932,182,1280,0,142,0.42265625
2,abl1,boba_ucb,4,10932,182,1536,0,142,0.4231770833333333
2,abl1,boba_ucb,5,10932,182,1792,16,158,0.42745535714285715
2,abl1,boba_ucb,6,10932,182,2048,0,158,0.43310546875
2,abl1,boba_ucb,7,10932,182,2304,0,158,0.4431423611111111
2,abl1,boba_ucb,8,10932,182,2560,1,159,0.4640625
2,abl1,rabvs_budgeted_reliable,1,10932,182,768,125,141,0.4309895833333333
2,abl1,rabvs_budgeted_reliable,2,10932,182,1024,1,142,0.4140625
2,abl1,rabvs_budgeted_reliable,3,10932,182,1280,0,142,0.42265625
2,abl1,rabvs_budgeted_reliable,4,10932,182,1536,0,142,0.4231770833333333
2,abl1,rabvs_budgeted_reliable,5,10932,182,1792,16,158,0.42745535714285715
2,abl1,rabvs_budgeted_reliable,6,10932,182,2048,0,158,0.43310546875
2,abl1,rabvs_budgeted_reliable,7,10932,182,2304,0,158,0.4431423611111111
2,abl1,rabvs_budgeted_reliable,8,10932,182,2560,1,159,0.4640625
2,abl1,rabvs_budgeted_no_ucb,1,10932,182,768,138,154,0.4140625
2,abl1,rabvs_budgeted_no_ucb,2,10932,182,1024,9,163,0.4482421875
2,abl1,rabvs_budgeted_no_ucb,3,10932,182,1280,3,166,0.4421875
2,abl1,rabvs_budgeted_no_ucb,4,10932,182,1536,5,171,0.44140625
2,abl1,rabvs_budgeted_no_ucb,5,10932,182,1792,2,173,0.4330357142857143
2,abl1,rabvs_budgeted_no_ucb,6,10932,182,2048,2,175,0.43994140625
2,abl1,rabvs_budgeted_no_ucb,7,10932,182,2304,0,175,0.4618055555555556
2,abl1,rabvs_budgeted_no_ucb,8,10932,182,2560,1,176,0.46796875
2,abl1,rabvs_budgeted_random_parts,1,10932,182,768,21,37,0.4557291666666667
2,abl1,rabvs_budgeted_random_parts,2,10932,182,1024,17,54,0.453125
2,abl1,rabvs_budgeted_random_parts,3,10932,182,1280,12,66,0.440625
2,abl1,rabvs_budgeted_random_parts,4,10932,182,1536,9,75,0.4524739583333333
2,abl1,rabvs_budgeted_random_parts,5,10932,182,1792,3,78,0.4693080357142857
2,abl1,rabvs_budgeted_random_parts,6,10932,182,2048,2,80,0.47509765625
2,abl1,rabvs_budgeted_random_parts,7,10932,182,2304,41,121,0.4631076388888889
2,abl1,rabvs_budgeted_random_parts,8,10932,182,2560,45,166,0.463671875
0,ace,greedy_surrogate,1,17182,282,768,253,269,0.5598958333333334
0,ace,greedy_surrogate,2,17182,282,1024,10,279,0.5361328125
0,ace,greedy_surrogate,3,17182,282,1280,1,280,0.51640625
0,ace,greedy_surrogate,4,17182,282,1536,1,281,0.5299479166666666
0,ace,greedy_surrogate,5,17182,282,1792,0,281,0.5418526785714286
0,ace,greedy_surrogate,6,17182,282,2048,0,281,0.5458984375
0,ace,greedy_surrogate,7,17182,282,2304,0,281,0.5494791666666666
0,ace,greedy_surrogate,8,17182,282,2560,0,281,0.551171875
0,ace,boba_ucb,1,17182,282,768,250,266,0.55859375
0,ace,boba_ucb,2,17182,282,1024,1,267,0.560546875
0,ace,boba_ucb,3,17182,282,1280,0,267,0.55234375
0,ace,boba_ucb,4,17182,282,1536,0,267,0.5579427083333334
0,ace,boba_ucb,5,17182,282,1792,1,268,0.5602678571428571
0,ace,boba_ucb,6,17182,282,2048,1,269,0.54638671875
0,ace,boba_ucb,7,17182,282,2304,0,269,0.5642361111111112
0,ace,boba_ucb,8,17182,282,2560,4,273,0.546484375
0,ace,rabvs_budgeted_reliable,1,17182,282,768,250,266,0.55859375
0,ace,rabvs_budgeted_reliable,2,17182,282,1024,1,267,0.560546875
0,ace,rabvs_budgeted_reliable,3,17182,282,1280,0,267,0.55234375
0,ace,rabvs_budgeted_reliable,4,17182,282,1536,0,267,0.5579427083333334
0,ace,rabvs_budgeted_reliable,5,17182,282,1792,1,268,0.5602678571428571
0,ace,rabvs_budgeted_reliable,6,17182,282,2048,1,269,0.54638671875
0,ace,rabvs_budgeted_reliable,7,17182,282,2304,0,269,0.5642361111111112
0,ace,rabvs_budgeted_reliable,8,17182,282,2560,4,273,0.546484375
0,ace,rabvs_budgeted_no_ucb,1,17182,282,768,253,269,0.5598958333333334
0,ace,rabvs_budgeted_no_ucb,2,17182,282,1024,10,279,0.544921875
0,ace,rabvs_budgeted_no_ucb,3,17182,282,1280,1,280,0.53203125
0,ace,rabvs_budgeted_no_ucb,4,17182,282,1536,0,280,0.5377604166666666
0,ace,rabvs_budgeted_no_ucb,5,17182,282,1792,1,281,0.5446428571428571
0,ace,rabvs_budgeted_no_ucb,6,17182,282,2048,0,281,0.54296875
0,ace,rabvs_budgeted_no_ucb,7,17182,282,2304,0,281,0.5277777777777778
0,ace,rabvs_budgeted_no_ucb,8,17182,282,2560,1,282,0.54140625
0,ace,rabvs_budgeted_random_parts,1,17182,282,768,96,112,0.51953125
0,ace,rabvs_budgeted_random_parts,2,17182,282,1024,0,112,0.5341796875
0,ace,rabvs_budgeted_random_parts,3,17182,282,1280,1,113,0.51796875
0,ace,rabvs_budgeted_random_parts,4,17182,282,1536,7,120,0.515625
0,ace,rabvs_budgeted_random_parts,5,17182,282,1792,27,147,0.5122767857142857
0,ace,rabvs_budgeted_random_parts,6,17182,282,2048,1,148,0.529296875
0,ace,rabvs_budgeted_random_parts,7,17182,282,2304,0,148,0.5325520833333334
0,ace,rabvs_budgeted_random_parts,8,17182,282,2560,131,279,0.53125
1,ace,greedy_surrogate,1,17182,282,768,250,266,0.5729166666666666
1,ace,greedy_surrogate,2,17182,282,1024,13,279,0.556640625
1,ace,greedy_surrogate,3,17182,282,1280,2,281,0.5296875
1,ace,greedy_surrogate,4,17182,282,1536,0,281,0.5598958333333334
1,ace,greedy_surrogate,5,17182,282,1792,0,281,0.5535714285714286
1,ace,greedy_surrogate,6,17182,282,2048,0,281,0.5546875
1,ace,greedy_surrogate,7,17182,282,2304,0,281,0.5520833333333334
1,ace,greedy_surrogate,8,17182,282,2560,0,281,0.552734375
1,ace,boba_ucb,1,17182,282,768,253,269,0.5768229166666666
1,ace,boba_ucb,2,17182,282,1024,2,271,0.572265625
1,ace,boba_ucb,3,17182,282,1280,0,271,0.59140625
1,ace,boba_ucb,4,17182,282,1536,0,271,0.57421875
1,ace,boba_ucb,5,17182,282,1792,0,271,0.5697544642857143
1,ace,boba_ucb,6,17182,282,2048,2,273,0.56689453125
1,ace,boba_ucb,7,17182,282,2304,0,273,0.55859375
1,ace,boba_ucb,8,17182,282,2560,0,273,0.55234375
1,ace,rabvs_budgeted_reliable,1,17182,282,768,253,269,0.5768229166666666
1,ace,rabvs_budgeted_reliable,2,17182,282,1024,2,271,0.572265625
1,ace,rabvs_budgeted_reliable,3,17182,282,1280,0,271,0.59140625
1,ace,rabvs_budgeted_reliable,4,17182,282,1536,0,271,0.57421875
1,ace,rabvs_budgeted_reliable,5,17182,282,1792,0,271,0.5697544642857143
1,ace,rabvs_budgeted_reliable,6,17182,282,2048,2,273,0.56689453125
1,ace,rabvs_budgeted_reliable,7,17182,282,2304,0,273,0.55859375
1,ace,rabvs_budgeted_reliable,8,17182,282,2560,0,273,0.55234375
1,ace,rabvs_budgeted_no_ucb,1,17182,282,768,250,266,0.5729166666666666
1,ace,rabvs_budgeted_no_ucb,2,17182,282,1024,13,279,0.5625
1,ace,rabvs_budgeted_no_ucb,3,17182,282,1280,1,280,0.55390625
1,ace,rabvs_budgeted_no_ucb,4,17182,282,1536,0,280,0.5572916666666666
1,ace,rabvs_budgeted_no_ucb,5,17182,282,1792,0,280,0.55859375
1,ace,rabvs_budgeted_no_ucb,6,17182,282,2048,0,280,0.5517578125
1,ace,rabvs_budgeted_no_ucb,7,17182,282,2304,0,280,0.55078125
1,ace,rabvs_budgeted_no_ucb,8,17182,282,2560,0,280,0.55078125
1,ace,rabvs_budgeted_random_parts,1,17182,282,768,64,80,0.578125
1,ace,rabvs_budgeted_random_parts,2,17182,282,1024,0,80,0.57421875
1,ace,rabvs_budgeted_random_parts,3,17182,282,1280,40,120,0.590625
1,ace,rabvs_budgeted_random_parts,4,17182,282,1536,83,203,0.55859375
1,ace,rabvs_budgeted_random_parts,5,17182,282,1792,0,203,0.5485491071428571
1,ace,rabvs_budgeted_random_parts,6,17182,282,2048,0,203,0.52685546875
1,ace,rabvs_budgeted_random_parts,7,17182,282,2304,0,203,0.5360243055555556
1,ace,rabvs_budgeted_random_parts,8,17182,282,2560,0,203,0.5328125
2,ace,greedy_surrogate,1,17182,282,768,252,268,0.5755208333333334
2,ace,greedy_surrogate,2,17182,282,1024,12,280,0.5537109375
2,ace,greedy_surrogate,3,17182,282,1280,1,281,0.534375
2,ace,greedy_surrogate,4,17182,282,1536,0,281,0.5657552083333334
2,ace,greedy_surrogate,5,17182,282,1792,0,281,0.55859375
2,ace,greedy_surrogate,6,17182,282,2048,0,281,0.5517578125
2,ace,greedy_surrogate,7,17182,282,2304,0,281,0.5512152777777778
2,ace,greedy_surrogate,8,17182,282,2560,0,281,0.546875
2,ace,boba_ucb,1,17182,282,768,249,265,0.5716145833333334
2,ace,boba_ucb,2,17182,282,1024,0,265,0.5625
2,ace,boba_ucb,3,17182,282,1280,0,265,0.5453125
2,ace,boba_ucb,4,17182,282,1536,0,265,0.5247395833333334
2,ace,boba_ucb,5,17182,282,1792,0,265,0.5390625
2,ace,boba_ucb,6,17182,282,2048,10,275,0.54541015625
2,ace,boba_ucb,7,17182,282,2304,0,275,0.5286458333333334
2,ace,boba_ucb,8,17182,282,2560,0,275,0.5078125
2,ace,rabvs_budgeted_reliable,1,17182,282,768,249,265,0.5716145833333334
2,ace,rabvs_budgeted_reliable,2,17182,282,1024,0,265,0.5625
2,ace,rabvs_budgeted_reliable,3,17182,282,1280,0,265,0.5453125
2,ace,rabvs_budgeted_reliable,4,17182,282,1536,0,265,0.5247395833333334
2,ace,rabvs_budgeted_reliable,5,17182,282,1792,0,265,0.5390625
2,ace,rabvs_budgeted_reliable,6,17182,282,2048,10,275,0.54541015625
2,ace,rabvs_budgeted_reliable,7,17182,282,2304,0,275,0.5286458333333334
2,ace,rabvs_budgeted_reliable,8,17182,282,2560,0,275,0.5078125
2,ace,rabvs_budgeted_no_ucb,1,17182,282,768,252,268,0.5755208333333334
2,ace,rabvs_budgeted_no_ucb,2,17182,282,1024,12,280,0.5546875
2,ace,rabvs_budgeted_no_ucb,3,17182,282,1280,1,281,0.55
2,ace,rabvs_budgeted_no_ucb,4,17182,282,1536,0,281,0.5631510416666666
2,ace,rabvs_budgeted_no_ucb,5,17182,282,1792,0,281,0.5608258928571429
2,ace,rabvs_budgeted_no_ucb,6,17182,282,2048,0,281,0.55224609375
2,ace,rabvs_budgeted_no_ucb,7,17182,282,2304,1,282,0.5651041666666666
2,ace,rabvs_budgeted_no_ucb,8,17182,282,2560,0,282,0.5765625
2,ace,rabvs_budgeted_random_parts,1,17182,282,768,3,19,0.55078125
2,ace,rabvs_budgeted_random_parts,2,17182,282,1024,1,20,0.568359375
2,ace,rabvs_budgeted_random_parts,3,17182,282,1280,1,21,0.58984375
2,ace,rabvs_budgeted_random_parts,4,17182,282,1536,2,23,0.5436197916666666
2,ace,rabvs_budgeted_random_parts,5,17182,282,1792,18,41,0.5496651785714286
2,ace,rabvs_budgeted_random_parts,6,17182,282,2048,164,205,0.55029296875
2,ace,rabvs_budgeted_random_parts,7,17182,282,2304,0,205,0.55078125
2,ace,rabvs_budgeted_random_parts,8,17182,282,2560,0,205,0.548046875
0,aces,greedy_surrogate,1,26703,453,768,239,255,0.48046875
0,aces,greedy_surrogate,2,26703,453,1024,61,316,0.498046875
0,aces,greedy_surrogate,3,26703,453,1280,52,368,0.53046875
0,aces,greedy_surrogate,4,26703,453,1536,30,398,0.5520833333333334
0,aces,greedy_surrogate,5,26703,453,1792,15,413,0.5569196428571429
0,aces,greedy_surrogate,6,26703,453,2048,7,420,0.56201171875
0,aces,greedy_surrogate,7,26703,453,2304,2,422,0.5611979166666666
0,aces,greedy_surrogate,8,26703,453,2560,7,429,0.56015625
0,aces,boba_ucb,1,26703,453,768,231,247,0.4778645833333333
0,aces,boba_ucb,2,26703,453,1024,1,248,0.4794921875
0,aces,boba_ucb,3,26703,453,1280,5,253,0.5140625
0,aces,boba_ucb,4,26703,453,1536,32,285,0.509765625
0,aces,boba_ucb,5,26703,453,1792,0,285,0.515625
0,aces,boba_ucb,6,26703,453,2048,42,327,0.5078125
0,aces,boba_ucb,7,26703,453,2304,18,345,0.5069444444444444
0,aces,boba_ucb,8,26703,453,2560,6,351,0.5046875
0,aces,rabvs_budgeted_reliable,1,26703,453,768,231,247,0.4778645833333333
0,aces,rabvs_budgeted_reliable,2,26703,453,1024,1,248,0.4794921875
0,aces,rabvs_budgeted_reliable,3,26703,453,1280,5,253,0.5140625
0,aces,rabvs_budgeted_reliable,4,26703,453,1536,32,285,0.509765625
0,aces,rabvs_budgeted_reliable,5,26703,453,1792,0,285,0.515625
0,aces,rabvs_budgeted_reliable,6,26703,453,2048,42,327,0.5078125
0,aces,rabvs_budgeted_reliable,7,26703,453,2304,18,345,0.5069444444444444
0,aces,rabvs_budgeted_reliable,8,26703,453,2560,6,351,0.5046875
0,aces,rabvs_budgeted_no_ucb,1,26703,453,768,239,255,0.48046875
0,aces,rabvs_budgeted_no_ucb,2,26703,453,1024,83,338,0.5107421875
0,aces,rabvs_budgeted_no_ucb,3,26703,453,1280,40,378,0.54921875
0,aces,rabvs_budgeted_no_ucb,4,26703,453,1536,13,391,0.5592447916666666
0,aces,rabvs_budgeted_no_ucb,5,26703,453,1792,18,409,0.5636160714285714
0,aces,rabvs_budgeted_no_ucb,6,26703,453,2048,7,416,0.55908203125
0,aces,rabvs_budgeted_no_ucb,7,26703,453,2304,4,420,0.5516493055555556
0,aces,rabvs_budgeted_no_ucb,8,26703,453,2560,5,425,0.559375
0,aces,rabvs_budgeted_random_parts,1,26703,453,768,26,42,0.4453125
0,aces,rabvs_budgeted_random_parts,2,26703,453,1024,141,183,0.4580078125
0,aces,rabvs_budgeted_random_parts,3,26703,453,1280,1,184,0.46328125
0,aces,rabvs_budgeted_random_parts,4,26703,453,1536,21,205,0.4700520833333333
0,aces,rabvs_budgeted_random_parts,5,26703,453,1792,119,324,0.5005580357142857
0,aces,rabvs_budgeted_random_parts,6,26703,453,2048,6,330,0.51025390625
0,aces,rabvs_budgeted_random_parts,7,26703,453,2304,8,338,0.5091145833333334
0,aces,rabvs_budgeted_random_parts,8,26703,453,2560,12,350,0.506640625
1,aces,greedy_surrogate,1,26703,453,768,248,264,0.5
1,aces,greedy_surrogate,2,26703,453,1024,68,332,0.5078125
1,aces,greedy_surrogate,3,26703,453,1280,33,365,0.534375
1,aces,greedy_surrogate,4,26703,453,1536,25,390,0.5631510416666666
1,aces,greedy_surrogate,5,26703,453,1792,23,413,0.5619419642857143
1,aces,greedy_surrogate,6,26703,453,2048,9,422,0.56591796875
1,aces,greedy_surrogate,7,26703,453,2304,4,426,0.5616319444444444
1,aces,greedy_surrogate,8,26703,453,2560,3,429,0.55390625
1,aces,boba_ucb,1,26703,453,768,251,267,0.4947916666666667
1,aces,boba_ucb,2,26703,453,1024,22,289,0.5361328125
1,aces,boba_ucb,3,26703,453,1280,0,289,0.5375
1,aces,boba_ucb,4,26703,453,1536,1,290,0.5045572916666666
1,aces,boba_ucb,5,26703,453,1792,0,290,0.515625
1,aces,boba_ucb,6,26703,453,2048,35,325,0.52734375
1,aces,boba_ucb,7,26703,453,2304,0,325,0.5247395833333334
1,aces,boba_ucb,8,26703,453,2560,6,331,0.508984375
1,aces,rabvs_budgeted_reliable,1,26703,453,768,251,267,0.4947916666666667
1,aces,rabvs_budgeted_reliable,2,26703,453,1024,22,289,0.5361328125
1,aces,rabvs_budgeted_reliable,3,26703,453,1280,0,289,0.5375
1,aces,rabvs_budgeted_reliable,4,26703,453,1536,1,290,0.5045572916666666
1,aces,rabvs_budgeted_reliable,5,26703,453,1792,0,290,0.515625
1,aces,rabvs_budgeted_reliable,6,26703,453,2048,35,325,0.52734375
1,aces,rabvs_budgeted_reliable,7,26703,453,2304,0,325,0.5247395833333334
1,aces,rabvs_budgeted_reliable,8,26703,453,2560,6,331,0.508984375
1,aces,rabvs_budgeted_no_ucb,1,26703,453,768,250,266,0.5
1,aces,rabvs_budgeted_no_ucb,2,26703,453,1024,71,337,0.5166015625
1,aces,rabvs_budgeted_no_ucb,3,26703,453,1280,30,367,0.546875
1,aces,rabvs_budgeted_no_ucb,4,26703,453,1536,22,389,0.55078125
1,aces,rabvs_budgeted_no_ucb,5,26703,453,1792,17,406,0.5591517857142857
1,aces,rabvs_budgeted_no_ucb,6,26703,453,2048,13,419,0.5625
1,aces,rabvs_budgeted_no_ucb,7,26703,453,2304,3,422,0.5620659722222222
1,aces,rabvs_budgeted_no_ucb,8,26703,453,2560,3,425,0.5625
1,aces,rabvs_budgeted_random_parts,1,26703,453,768,9,25,0.4205729166666667
1,aces,rabvs_budgeted_random_parts,2,26703,453,1024,76,101,0.4375
1,aces,rabvs_budgeted_random_parts,3,26703,453,1280,19,120,0.44609375
1,aces,rabvs_budgeted_random_parts,4,26703,453,1536,88,208,0.4791666666666667
1,aces,rabvs_budgeted_random_parts,5,26703,453,1792,11,219,0.48214285714285715
1,aces,rabvs_budgeted_random_parts,6,26703,453,2048,36,255,0.494140625
1,aces,rabvs_budgeted_random_parts,7,26703,453,2304,7,262,0.4878472222222222
1,aces,rabvs_budgeted_random_parts,8,26703,453,2560,45,307,0.5078125
2,aces,greedy_surrogate,1,26703,453,768,242,258,0.4583333333333333
2,aces,greedy_surrogate,2,26703,453,1024,84,342,0.5146484375
2,aces,greedy_surrogate,3,26703,453,1280,31,373,0.53984375
2,aces,greedy_surrogate,4,26703,453,1536,23,396,0.546875
2,aces,greedy_surrogate,5,26703,453,1792,14,410,0.5513392857142857
2,aces,greedy_surrogate,6,26703,453,2048,8,418,0.548828125
2,aces,greedy_surrogate,7,26703,453,2304,5,423,0.5486111111111112
2,aces,greedy_surrogate,8,26703,453,2560,6,429,0.5484375
2,aces,boba_ucb,1,26703,453,768,245,261,0.4583333333333333
2,aces,boba_ucb,2,26703,453,1024,13,274,0.4970703125
2,aces,boba_ucb,3,26703,453,1280,2,276,0.47734375
2,aces,boba_ucb,4,26703,453,1536,0,276,0.4791666666666667
2,aces,boba_ucb,5,26703,453,1792,57,333,0.4888392857142857
2,aces,boba_ucb,6,26703,453,2048,9,342,0.49853515625
2,aces,boba_ucb,7,26703,453,2304,8,350,0.5056423611111112
2,aces,boba_ucb,8,26703,453,2560,8,358,0.508984375
2,aces,rabvs_budgeted_reliable,1,26703,453,768,245,261,0.4583333333333333
2,aces,rabvs_budgeted_reliable,2,26703,453,1024,13,274,0.4970703125
2,aces,rabvs_budgeted_reliable,3,26703,453,1280,2,276,0.47734375
2,aces,rabvs_budgeted_reliable,4,26703,453,1536,0,276,0.4791666666666667
2,aces,rabvs_budgeted_reliable,5,26703,453,1792,57,333,0.4888392857142857
2,aces,rabvs_budgeted_reliable,6,26703,453,2048,9,342,0.49853515625
2,aces,rabvs_budgeted_reliable,7,26703,453,2304,8,350,0.5056423611111112
2,aces,rabvs_budgeted_reliable,8,26703,453,2560,8,358,0.508984375
2,aces,rabvs_budgeted_no_ucb,1,26703,453,768,241,257,0.4557291666666667
2,aces,rabvs_budgeted_no_ucb,2,26703,453,1024,92,349,0.5234375
2,aces,rabvs_budgeted_no_ucb,3,26703,453,1280,27,376,0.56640625
2,aces,rabvs_budgeted_no_ucb,4,26703,453,1536,15,391,0.5455729166666666
2,aces,rabvs_budgeted_no_ucb,5,26703,453,1792,10,401,0.5558035714285714
2,aces,rabvs_budgeted_no_ucb,6,26703,453,2048,7,408,0.56298828125
2,aces,rabvs_budgeted_no_ucb,7,26703,453,2304,12,420,0.5525173611111112
2,aces,rabvs_budgeted_no_ucb,8,26703,453,2560,3,423,0.54921875
2,aces,rabvs_budgeted_random_parts,1,26703,453,768,86,102,0.4479166666666667
2,aces,rabvs_budgeted_random_parts,2,26703,453,1024,98,200,0.494140625
2,aces,rabvs_budgeted_random_parts,3,26703,453,1280,8,208,0.49609375
2,aces,rabvs_budgeted_random_parts,4,26703,453,1536,8,216,0.5065104166666666
2,aces,rabvs_budgeted_random_parts,5,26703,453,1792,26,242,0.5033482142857143
2,aces,rabvs_budgeted_random_parts,6,26703,453,2048,7,249,0.51171875
2,aces,rabvs_budgeted_random_parts,7,26703,453,2304,0,249,0.4982638888888889
2,aces,rabvs_budgeted_random_parts,8,26703,453,2560,19,268,0.503125
0,ada,greedy_surrogate,1,5543,93,768,76,92,0.5143229166666666
0,ada,greedy_surrogate,2,5543,93,1024,0,92,0.4931640625
0,ada,greedy_surrogate,3,5543,93,1280,0,92,0.4953125
0,ada,greedy_surrogate,4,5543,93,1536,0,92,0.4895833333333333
0,ada,greedy_surrogate,5,5543,93,1792,0,92,0.48828125
0,ada,greedy_surrogate,6,5543,93,2048,0,92,0.4853515625
0,ada,greedy_surrogate,7,5543,93,2304,1,93,0.4921875
0,ada,greedy_surrogate,8,5543,93,2560,0,93,0.49140625
0,ada,boba_ucb,1,5543,93,768,76,92,0.5026041666666666
0,ada,boba_ucb,2,5543,93,1024,0,92,0.5009765625
0,ada,boba_ucb,3,5543,93,1280,0,92,0.5171875
0,ada,boba_ucb,4,5543,93,1536,1,93,0.4934895833333333
0,ada,boba_ucb,5,5543,93,1792,0,93,0.4810267857142857
0,ada,boba_ucb,6,5543,93,2048,0,93,0.474609375
0,ada,boba_ucb,7,5543,93,2304,0,93,0.4735243055555556
0,ada,boba_ucb,8,5543,93,2560,0,93,0.46796875
0,ada,rabvs_budgeted_reliable,1,5543,93,768,76,92,0.5026041666666666
0,ada,rabvs_budgeted_reliable,2,5543,93,1024,0,92,0.5009765625
0,ada,rabvs_budgeted_reliable,3,5543,93,1280,0,92,0.5171875
0,ada,rabvs_budgeted_reliable,4,5543,93,1536,1,93,0.4934895833333333
0,ada,rabvs_budgeted_reliable,5,5543,93,1792,0,93,0.4810267857142857
0,ada,rabvs_budgeted_reliable,6,5543,93,2048,0,93,0.474609375
0,ada,rabvs_budgeted_reliable,7,5543,93,2304,0,93,0.4735243055555556
0,ada,rabvs_budgeted_reliable,8,5543,93,2560,0,93,0.46796875
0,ada,rabvs_budgeted_no_ucb,1,5543,93,768,76,92,0.5130208333333334
0,ada,rabvs_budgeted_no_ucb,2,5543,93,1024,0,92,0.4970703125
0,ada,rabvs_budgeted_no_ucb,3,5543,93,1280,0,92,0.4859375
0,ada,rabvs_budgeted_no_ucb,4,5543,93,1536,1,93,0.478515625
0,ada,rabvs_budgeted_no_ucb,5,5543,93,1792,0,93,0.48716517857142855
0,ada,rabvs_budgeted_no_ucb,6,5543,93,2048,0,93,0.4873046875
0,ada,rabvs_budgeted_no_ucb,7,5543,93,2304,0,93,0.4874131944444444
0,ada,rabvs_budgeted_no_ucb,8,5543,93,2560,0,93,0.50546875
0,ada,rabvs_budgeted_random_parts,1,5543,93,768,0,16,0.51171875
0,ada,rabvs_budgeted_random_parts,2,5543,93,1024,23,39,0.5107421875
0,ada,rabvs_budgeted_random_parts,3,5543,93,1280,0,39,0.52109375
0,ada,rabvs_budgeted_random_parts,4,5543,93,1536,20,59,0.5130208333333334
0,ada,rabvs_budgeted_random_parts,5,5543,93,1792,13,72,0.5066964285714286
0,ada,rabvs_budgeted_random_parts,6,5543,93,2048,0,72,0.50537109375
0,ada,rabvs_budgeted_random_parts,7,5543,93,2304,1,73,0.4943576388888889
0,ada,rabvs_budgeted_random_parts,8,5543,93,2560,0,73,0.50234375
1,ada,greedy_surrogate,1,5543,93,768,76,92,0.5260416666666666
1,ada,greedy_surrogate,2,5543,93,1024,0,92,0.50390625
1,ada,greedy_surrogate,3,5543,93,1280,0,92,0.5015625
1,ada,greedy_surrogate,4,5543,93,1536,0,92,0.4908854166666667
1,ada,greedy_surrogate,5,5543,93,1792,0,92,0.48214285714285715
1,ada,greedy_surrogate,6,5543,93,2048,0,92,0.4892578125
1,ada,greedy_surrogate,7,5543,93,2304,1,93,0.4930555555555556
1,ada,greedy_surrogate,8,5543,93,2560,0,93,0.490234375
1,ada,boba_ucb,1,5543,93,768,76,92,0.5221354166666666
1,ada,boba_ucb,2,5543,93,1024,0,92,0.5224609375
1,ada,boba_ucb,3,5543,93,1280,0,92,0.51328125
1,ada,boba_ucb,4,5543,93,1536,0,92,0.501953125
1,ada,boba_ucb,5,5543,93,1792,0,92,0.49107142857142855
1,ada,boba_ucb,6,5543,93,2048,0,92,0.474609375
1,ada,boba_ucb,7,5543,93,2304,0,92,0.48046875
1,ada,boba_ucb,8,5543,93,2560,0,92,0.46640625
1,ada,rabvs_budgeted_reliable,1,5543,93,768,76,92,0.5221354166666666
1,ada,rabvs_budgeted_reliable,2,5543,93,1024,0,92,0.5224609375
1,ada,rabvs_budgeted_reliable,3,5543,93,1280,0,92,0.51328125
1,ada,rabvs_budgeted_reliable,4,5543,93,1536,0,92,0.501953125
1,ada,rabvs_budgeted_reliable,5,5543,93,1792,0,92,0.49107142857142855
1,ada,rabvs_budgeted_reliable,6,5543,93,2048,0,92,0.474609375
1,ada,rabvs_budgeted_reliable,7,5543,93,2304,0,92,0.48046875
1,ada,rabvs_budgeted_reliable,8,5543,93,2560,0,92,0.46640625
1,ada,rabvs_budgeted_no_ucb,1,5543,93,768,76,92,0.51953125
1,ada,rabvs_budgeted_no_ucb,2,5543,93,1024,0,92,0.5
1,ada,rabvs_budgeted_no_ucb,3,5543,93,1280,1,93,0.50078125
1,ada,rabvs_budgeted_no_ucb,4,5543,93,1536,0,93,0.4869791666666667
1,ada,rabvs_budgeted_no_ucb,5,5543,93,1792,0,93,0.48325892857142855
1,ada,rabvs_budgeted_no_ucb,6,5543,93,2048,0,93,0.46826171875
1,ada,rabvs_budgeted_no_ucb,7,5543,93,2304,0,93,0.4678819444444444
1,ada,rabvs_budgeted_no_ucb,8,5543,93,2560,0,93,0.475
1,ada,rabvs_budgeted_random_parts,1,5543,93,768,0,16,0.5221354166666666
1,ada,rabvs_budgeted_random_parts,2,5543,93,1024,0,16,0.517578125
1,ada,rabvs_budgeted_random_parts,3,5543,93,1280,15,31,0.5046875
1,ada,rabvs_budgeted_random_parts,4,5543,93,1536,0,31,0.50390625
1,ada,rabvs_budgeted_random_parts,5,5543,93,1792,0,31,0.5178571428571429
1,ada,rabvs_budgeted_random_parts,6,5543,93,2048,0,31,0.51904296875
1,ada,rabvs_budgeted_random_parts,7,5543,93,2304,0,31,0.5047743055555556
1,ada,rabvs_budgeted_random_parts,8,5543,93,2560,11,42,0.503125
2,ada,greedy_surrogate,1,5543,93,768,76,92,0.4869791666666667
2,ada,greedy_surrogate,2,5543,93,1024,0,92,0.4775390625
2,ada,greedy_surrogate,3,5543,93,1280,0,92,0.47578125
2,ada,greedy_surrogate,4,5543,93,1536,0,92,0.4765625
2,ada,greedy_surrogate,5,5543,93,1792,0,92,0.47488839285714285
2,ada,greedy_surrogate,6,5543,93,2048,0,92,0.47705078125
2,ada,greedy_surrogate,7,5543,93,2304,1,93,0.4878472222222222
2,ada,greedy_surrogate,8,5543,93,2560,0,93,0.484375
2,ada,boba_ucb,1,5543,93,768,76,92,0.453125
2,ada,boba_ucb,2,5543,93,1024,0,92,0.46875
2,ada,boba_ucb,3,5543,93,1280,0,92,0.50234375
2,ada,boba_ucb,4,5543,93,1536,0,92,0.517578125
2,ada,boba_ucb,5,5543,93,1792,0,92,0.5089285714285714
2,ada,boba_ucb,6,5543,93,2048,0,92,0.48828125
2,ada,boba_ucb,7,5543,93,2304,0,92,0.4778645833333333
2,ada,boba_ucb,8,5543,93,2560,0,92,0.481640625
2,ada,rabvs_budgeted_reliable,1,5543,93,768,76,92,0.453125
2,ada,rabvs_budgeted_reliable,2,5543,93,1024,0,92,0.46875
2,ada,rabvs_budgeted_reliable,3,5543,93,1280,0,92,0.50234375
2,ada,rabvs_budgeted_reliable,4,5543,93,1536,0,92,0.517578125
2,ada,rabvs_budgeted_reliable,5,5543,93,1792,0,92,0.5089285714285714
2,ada,rabvs_budgeted_reliable,6,5543,93,2048,0,92,0.48828125
2,ada,rabvs_budgeted_reliable,7,5543,93,2304,0,92,0.4778645833333333
2,ada,rabvs_budgeted_reliable,8,5543,93,2560,0,92,0.481640625
2,ada,rabvs_budgeted_no_ucb,1,5543,93,768,76,92,0.4791666666666667
2,ada,rabvs_budgeted_no_ucb,2,5543,93,1024,0,92,0.4853515625
2,ada,rabvs_budgeted_no_ucb,3,5543,93,1280,0,92,0.49375
2,ada,rabvs_budgeted_no_ucb,4,5543,93,1536,1,93,0.4700520833333333
2,ada,rabvs_budgeted_no_ucb,5,5543,93,1792,0,93,0.4497767857142857
2,ada,rabvs_budgeted_no_ucb,6,5543,93,2048,0,93,0.4619140625
2,ada,rabvs_budgeted_no_ucb,7,5543,93,2304,0,93,0.4661458333333333
2,ada,rabvs_budgeted_no_ucb,8,5543,93,2560,0,93,0.4671875
2,ada,rabvs_budgeted_random_parts,1,5543,93,768,7,23,0.47265625
2,ada,rabvs_budgeted_random_parts,2,5543,93,1024,0,23,0.47265625
2,ada,rabvs_budgeted_random_parts,3,5543,93,1280,0,23,0.45859375
2,ada,rabvs_budgeted_random_parts,4,5543,93,1536,11,34,0.4485677083333333
2,ada,rabvs_budgeted_random_parts,5,5543,93,1792,7,41,0.4732142857142857
2,ada,rabvs_budgeted_random_parts,6,5543,93,2048,0,41,0.47119140625
2,ada,rabvs_budgeted_random_parts,7,5543,93,2304,30,71,0.4822048611111111
2,ada,rabvs_budgeted_random_parts,8,5543,93,2560,0,71,0.4765625
0,akt1,greedy_surrogate,1,16743,293,768,221,237,0.3411458333333333
0,akt1,greedy_surrogate,2,16743,293,1024,26,263,0.3759765625
0,akt1,greedy_surrogate,3,16743,293,1280,8,271,0.35625
0,akt1,greedy_surrogate,4,16743,293,1536,8,279,0.357421875
0,akt1,greedy_surrogate,5,16743,293,1792,1,280,0.35714285714285715
0,akt1,greedy_surrogate,6,16743,293,2048,0,280,0.37353515625
0,akt1,greedy_surrogate,7,16743,293,2304,1,281,0.3758680555555556
0,akt1,greedy_surrogate,8,16743,293,2560,0,281,0.38125
0,akt1,boba_ucb,1,16743,293,768,222,238,0.3385416666666667
0,akt1,boba_ucb,2,16743,293,1024,2,240,0.3515625
0,akt1,boba_ucb,3,16743,293,1280,0,240,0.33671875
0,akt1,boba_ucb,4,16743,293,1536,0,240,0.35546875
0,akt1,boba_ucb,5,16743,293,1792,12,252,0.38113839285714285
0,akt1,boba_ucb,6,16743,293,2048,10,262,0.37255859375
0,akt1,boba_ucb,7,16743,293,2304,11,273,0.3650173611111111
0,akt1,boba_ucb,8,16743,293,2560,1,274,0.36953125
0,akt1,rabvs_budgeted_reliable,1,16743,293,768,222,238,0.3385416666666667
0,akt1,rabvs_budgeted_reliable,2,16743,293,1024,2,240,0.3515625
0,akt1,rabvs_budgeted_reliable,3,16743,293,1280,0,240,0.33671875
0,akt1,rabvs_budgeted_reliable,4,16743,293,1536,0,240,0.35546875
0,akt1,rabvs_budgeted_reliable,5,16743,293,1792,12,252,0.38113839285714285
0,akt1,rabvs_budgeted_reliable,6,16743,293,2048,10,262,0.37255859375
0,akt1,rabvs_budgeted_reliable,7,16743,293,2304,11,273,0.3650173611111111
0,akt1,rabvs_budgeted_reliable,8,16743,293,2560,1,274,0.36953125
0,akt1,rabvs_budgeted_no_ucb,1,16743,293,768,221,237,0.3411458333333333
0,akt1,rabvs_budgeted_no_ucb,2,16743,293,1024,23,260,0.3798828125
0,akt1,rabvs_budgeted_no_ucb,3,16743,293,1280,12,272,0.3453125
0,akt1,rabvs_budgeted_no_ucb,4,16743,293,1536,6,278,0.3444010416666667
0,akt1,rabvs_budgeted_no_ucb,5,16743,293,1792,3,281,0.35267857142857145
0,akt1,rabvs_budgeted_no_ucb,6,16743,293,2048,0,281,0.37841796875
0,akt1,rabvs_budgeted_no_ucb,7,16743,293,2304,0,281,0.3862847222222222
0,akt1,rabvs_budgeted_no_ucb,8,16743,293,2560,0,281,0.391796875
0,akt1,rabvs_budgeted_random_parts,1,16743,293,768,3,19,0.4505208333333333
0,akt1,rabvs_budgeted_random_parts,2,16743,293,1024,8,27,0.4365234375
0,akt1,rabvs_budgeted_random_parts,3,16743,293,1280,8,35,0.44921875
0,akt1,rabvs_budgeted_random_parts,4,16743,293,1536,40,75,0.4309895833333333
0,akt1,rabvs_budgeted_random_parts,5,16743,293,1792,0,75,0.41573660714285715
0,akt1,rabvs_budgeted_random_parts,6,16743,293,2048,6,81,0.42529296875
0,akt1,rabvs_budgeted_random_parts,7,16743,293,2304,55,136,0.4144965277777778
0,akt1,rabvs_budgeted_random_parts,8,16743,293,2560,0,136,0.417578125
1,akt1,greedy_surrogate,1,16743,293,768,216,232,0.3151041666666667
1,akt1,greedy_surrogate,2,16743,293,1024,23,255,0.349609375
1,akt1,greedy_surrogate,3,16743,293,1280,20,275,0.3625
1,akt1,greedy_surrogate,4,16743,293,1536,2,277,0.3658854166666667
1,akt1,greedy_surrogate,5,16743,293,1792,2,279,0.3716517857142857
1,akt1,greedy_surrogate,6,16743,293,2048,0,279,0.376953125
1,akt1,greedy_surrogate,7,16743,293,2304,2,281,0.37890625
1,akt1,greedy_surrogate,8,16743,293,2560,0,281,0.387890625
1,akt1,boba_ucb,1,16743,293,768,215,231,0.3203125
1,akt1,boba_ucb,2,16743,293,1024,1,232,0.3525390625
1,akt1,boba_ucb,3,16743,293,1280,0,232,0.40859375
1,akt1,boba_ucb,4,16743,293,1536,0,232,0.427734375
1,akt1,boba_ucb,5,16743,293,1792,3,235,0.42801339285714285
1,akt1,boba_ucb,6,16743,293,2048,0,235,0.43896484375
1,akt1,boba_ucb,7,16743,293,2304,25,260,0.4253472222222222
1,akt1,boba_ucb,8,16743,293,2560,1,261,0.40546875
1,akt1,rabvs_budgeted_reliable,1,16743,293,768,215,231,0.3203125
1,akt1,rabvs_budgeted_reliable,2,16743,293,1024,1,232,0.3525390625
1,akt1,rabvs_budgeted_reliable,3,16743,293,1280,0,232,0.40859375
1,akt1,rabvs_budgeted_reliable,4,16743,293,1536,0,232,0.427734375
1,akt1,rabvs_budgeted_reliable,5,16743,293,1792,3,235,0.42801339285714285
1,akt1,rabvs_budgeted_reliable,6,16743,293,2048,0,235,0.43896484375
1,akt1,rabvs_budgeted_reliable,7,16743,293,2304,25,260,0.4253472222222222
1,akt1,rabvs_budgeted_reliable,8,16743,293,2560,1,261,0.40546875
1,akt1,rabvs_budgeted_no_ucb,1,16743,293,768,218,234,0.31640625
1,akt1,rabvs_budgeted_no_ucb,2,16743,293,1024,23,257,0.357421875
1,akt1,rabvs_budgeted_no_ucb,3,16743,293,1280,12,269,0.3515625
1,akt1,rabvs_budgeted_no_ucb,4,16743,293,1536,6,275,0.3639322916666667
1,akt1,rabvs_budgeted_no_ucb,5,16743,293,1792,4,279,0.3783482142857143
1,akt1,rabvs_budgeted_no_ucb,6,16743,293,2048,1,280,0.38720703125
1,akt1,rabvs_budgeted_no_ucb,7,16743,293,2304,0,280,0.3875868055555556
1,akt1,rabvs_budgeted_no_ucb,8,16743,293,2560,0,280,0.390625
1,akt1,rabvs_budgeted_random_parts,1,16743,293,768,18,34,0.4322916666666667
1,akt1,rabvs_budgeted_random_parts,2,16743,293,1024,1,35,0.4169921875
1,akt1,rabvs_budgeted_random_parts,3,16743,293,1280,2,37,0.4359375
1,akt1,rabvs_budgeted_random_parts,4,16743,293,1536,96,133,0.4283854166666667
1,akt1,rabvs_budgeted_random_parts,5,16743,293,1792,6,139,0.43973214285714285
1,akt1,rabvs_budgeted_random_parts,6,16743,293,2048,3,142,0.4306640625
1,akt1,rabvs_budgeted_random_parts,7,16743,293,2304,2,144,0.4296875
1,akt1,rabvs_budgeted_random_parts,8,16743,293,2560,4,148,0.425390625
2,akt1,greedy_surrogate,1,16743,293,768,235,251,0.3138020833333333
2,akt1,greedy_surrogate,2,16743,293,1024,17,268,0.333984375
2,akt1,greedy_surrogate,3,16743,293,1280,6,274,0.3375
2,akt1,greedy_surrogate,4,16743,293,1536,6,280,0.34375
2,akt1,greedy_surrogate,5,16743,293,1792,0,280,0.3588169642857143
2,akt1,greedy_surrogate,6,16743,293,2048,0,280,0.36083984375
2,akt1,greedy_surrogate,7,16743,293,2304,0,280,0.3702256944444444
2,akt1,greedy_surrogate,8,16743,293,2560,1,281,0.368359375
2,akt1,boba_ucb,1,16743,293,768,229,245,0.3177083333333333
2,akt1,boba_ucb,2,16743,293,1024,0,245,0.3173828125
2,akt1,boba_ucb,3,16743,293,1280,0,245,0.35703125
2,akt1,boba_ucb,4,16743,293,1536,0,245,0.396484375
2,akt1,boba_ucb,5,16743,293,1792,7,252,0.41685267857142855
2,akt1,boba_ucb,6,16743,293,2048,7,259,0.40625
2,akt1,boba_ucb,7,16743,293,2304,5,264,0.4053819444444444
2,akt1,boba_ucb,8,16743,293,2560,0,264,0.401953125
2,akt1,rabvs_budgeted_reliable,1,16743,293,768,229,245,0.3177083333333333
2,akt1,rabvs_budgeted_reliable,2,16743,293,1024,0,245,0.3173828125
2,akt1,rabvs_budgeted_reliable,3,16743,293,1280,0,245,0.35703125
2,akt1,rabvs_budgeted_reliable,4,16743,293,1536,0,245,0.396484375
2,akt1,rabvs_budgeted_reliable,5,16743,293,1792,7,252,0.41685267857142855
2,akt1,rabvs_budgeted_reliable,6,16743,293,2048,7,259,0.40625
2,akt1,rabvs_budgeted_reliable,7,16743,293,2304,5,264,0.4053819444444444
2,akt1,rabvs_budgeted_reliable,8,16743,293,2560,0,264,0.401953125
2,akt1,rabvs_budgeted_no_ucb,1,16743,293,768,234,250,0.31640625
2,akt1,rabvs_budgeted_no_ucb,2,16743,293,1024,16,266,0.3359375
2,akt1,rabvs_budgeted_no_ucb,3,16743,293,1280,7,273,0.35625
2,akt1,rabvs_budgeted_no_ucb,4,16743,293,1536,7,280,0.3561197916666667
2,akt1,rabvs_budgeted_no_ucb,5,16743,293,1792,0,280,0.36160714285714285
2,akt1,rabvs_budgeted_no_ucb,6,16743,293,2048,0,280,0.35205078125
2,akt1,rabvs_budgeted_no_ucb,7,16743,293,2304,1,281,0.3754340277777778
2,akt1,rabvs_budgeted_no_ucb,8,16743,293,2560,0,281,0.39140625
2,akt1,rabvs_budgeted_random_parts,1,16743,293,768,18,34,0.4088541666666667
2,akt1,rabvs_budgeted_random_parts,2,16743,293,1024,20,54,0.3798828125
2,akt1,rabvs_budgeted_random_parts,3,16743,293,1280,2,56,0.371875
2,akt1,rabvs_budgeted_random_parts,4,16743,293,1536,3,59,0.3665364583333333
2,akt1,rabvs_budgeted_random_parts,5,16743,293,1792,4,63,0.36439732142857145
2,akt1,rabvs_budgeted_random_parts,6,16743,293,2048,7,70,0.36669921875
2,akt1,rabvs_budgeted_random_parts,7,16743,293,2304,11,81,0.3645833333333333
2,akt1,rabvs_budgeted_random_parts,8,16743,293,2560,55,136,0.367578125
0,akt2,greedy_surrogate,1,7017,117,768,96,112,0.42578125
0,akt2,greedy_surrogate,2,7017,117,1024,2,114,0.4248046875
0,akt2,greedy_surrogate,3,7017,117,1280,2,116,0.4515625
0,akt2,greedy_surrogate,4,7017,117,1536,0,116,0.4713541666666667
0,akt2,greedy_surrogate,5,7017,117,1792,0,116,0.47433035714285715
0,akt2,greedy_surrogate,6,7017,117,2048,0,116,0.47119140625
0,akt2,greedy_surrogate,7,7017,117,2304,0,116,0.4674479166666667
0,akt2,greedy_surrogate,8,7017,117,2560,1,117,0.465625
0,akt2,boba_ucb,1,7017,117,768,94,110,0.4348958333333333
0,akt2,boba_ucb,2,7017,117,1024,1,111,0.4482421875
0,akt2,boba_ucb,3,7017,117,1280,0,111,0.44296875
0,akt2,boba_ucb,4,7017,117,1536,0,111,0.4544270833333333
0,akt2,boba_ucb,5,7017,117,1792,2,113,0.46205357142857145
0,akt2,boba_ucb,6,7017,117,2048,3,116,0.4541015625
0,akt2,boba_ucb,7,7017,117,2304,0,116,0.4609375
0,akt2,boba_ucb,8,7017,117,2560,0,116,0.45390625
0,akt2,rabvs_budgeted_reliable,1,7017,117,768,94,110,0.4348958333333333
0,akt2,rabvs_budgeted_reliable,2,7017,117,1024,1,111,0.4482421875
0,akt2,rabvs_budgeted_reliable,3,7017,117,1280,0,111,0.44296875
0,akt2,rabvs_budgeted_reliable,4,7017,117,1536,0,111,0.4544270833333333
0,akt2,rabvs_budgeted_reliable,5,7017,117,1792,2,113,0.46205357142857145
0,akt2,rabvs_budgeted_reliable,6,7017,117,2048,3,116,0.4541015625
0,akt2,rabvs_budgeted_reliable,7,7017,117,2304,0,116,0.4609375
0,akt2,rabvs_budgeted_reliable,8,7017,117,2560,0,116,0.45390625
0,akt2,rabvs_budgeted_no_ucb,1,7017,117,768,95,111,0.421875
0,akt2,rabvs_budgeted_no_ucb,2,7017,117,1024,3,114,0.43359375
0,akt2,rabvs_budgeted_no_ucb,3,7017,117,1280,1,115,0.46484375
0,akt2,rabvs_budgeted_no_ucb,4,7017,117,1536,1,116,0.4635416666666667
0,akt2,rabvs_budgeted_no_ucb,5,7017,117,1792,0,116,0.45814732142857145
0,akt2,rabvs_budgeted_no_ucb,6,7017,117,2048,0,116,0.4619140625
0,akt2,rabvs_budgeted_no_ucb,7,7017,117,2304,0,116,0.4535590277777778
0,akt2,rabvs_budgeted_no_ucb,8,7017,117,2560,0,116,0.44609375
0,akt2,rabvs_budgeted_random_parts,1,7017,117,768,7,23,0.48828125
0,akt2,rabvs_budgeted_random_parts,2,7017,117,1024,58,81,0.46484375
0,akt2,rabvs_budgeted_random_parts,3,7017,117,1280,1,82,0.4671875
0,akt2,rabvs_budgeted_random_parts,4,7017,117,1536,5,87,0.4583333333333333
0,akt2,rabvs_budgeted_random_parts,5,7017,117,1792,0,87,0.45870535714285715
0,akt2,rabvs_budgeted_random_parts,6,7017,117,2048,3,90,0.451171875
0,akt2,rabvs_budgeted_random_parts,7,7017,117,2304,3,93,0.4661458333333333
0,akt2,rabvs_budgeted_random_parts,8,7017,117,2560,0,93,0.480078125
1,akt2,greedy_surrogate,1,7017,117,768,94,110,0.4127604166666667
1,akt2,greedy_surrogate,2,7017,117,1024,7,117,0.421875
1,akt2,greedy_surrogate,3,7017,117,1280,0,117,0.4453125
1,akt2,greedy_surrogate,4,7017,117,1536,0,117,0.451171875
1,akt2,greedy_surrogate,5,7017,117,1792,0,117,0.453125
1,akt2,greedy_surrogate,6,7017,117,2048,0,117,0.4609375
1,akt2,greedy_surrogate,7,7017,117,2304,0,117,0.4665798611111111
1,akt2,greedy_surrogate,8,7017,117,2560,0,117,0.45703125
1,akt2,boba_ucb,1,7017,117,768,85,101,0.4401041666666667
1,akt2,boba_ucb,2,7017,117,1024,6,107,0.46484375
1,akt2,boba_ucb,3,7017,117,1280,0,107,0.46484375
1,akt2,boba_ucb,4,7017,117,1536,0,107,0.4752604166666667
1,akt2,boba_ucb,5,7017,117,1792,6,113,0.4838169642857143
1,akt2,boba_ucb,6,7017,117,2048,3,116,0.46435546875
1,akt2,boba_ucb,7,7017,117,2304,0,116,0.4704861111111111
1,akt2,boba_ucb,8,7017,117,2560,0,116,0.4625
1,akt2,rabvs_budgeted_reliable,1,7017,117,768,85,101,0.4401041666666667
1,akt2,rabvs_budgeted_reliable,2,7017,117,1024,6,107,0.46484375
1,akt2,rabvs_budgeted_reliable,3,7017,117,1280,0,107,0.46484375
1,akt2,rabvs_budgeted_reliable,4,7017,117,1536,0,107,0.4752604166666667
1,akt2,rabvs_budgeted_reliable,5,7017,117,1792,6,113,0.4838169642857143
1,akt2,rabvs_budgeted_reliable,6,7017,117,2048,3,116,0.46435546875
1,akt2,rabvs_budgeted_reliable,7,7017,117,2304,0,116,0.4704861111111111
1,akt2,rabvs_budgeted_reliable,8,7017,117,2560,0,116,0.4625
1,akt2,rabvs_budgeted_no_ucb,1,7017,117,768,93,109,0.4153645833333333
1,akt2,rabvs_budgeted_no_ucb,2,7017,117,1024,8,117,0.42578125
1,akt2,rabvs_budgeted_no_ucb,3,7017,117,1280,0,117,0.4546875
1,akt2,rabvs_budgeted_no_ucb,4,7017,117,1536,0,117,0.447265625
1,akt2,rabvs_budgeted_no_ucb,5,7017,117,1792,0,117,0.44698660714285715
1,akt2,rabvs_budgeted_no_ucb,6,7017,117,2048,0,117,0.44677734375
1,akt2,rabvs_budgeted_no_ucb,7,7017,117,2304,0,117,0.4509548611111111
1,akt2,rabvs_budgeted_no_ucb,8,7017,117,2560,0,117,0.455859375
1,akt2,rabvs_budgeted_random_parts,1,7017,117,768,0,16,0.453125
1,akt2,rabvs_budgeted_random_parts,2,7017,117,1024,30,46,0.470703125
1,akt2,rabvs_budgeted_random_parts,3,7017,117,1280,20,66,0.4671875
1,akt2,rabvs_budgeted_random_parts,4,7017,117,1536,37,103,0.4694010416666667
1,akt2,rabvs_budgeted_random_parts,5,7017,117,1792,3,106,0.4497767857142857
1,akt2,rabvs_budgeted_random_parts,6,7017,117,2048,0,106,0.44580078125
1,akt2,rabvs_budgeted_random_parts,7,7017,117,2304,0,106,0.4548611111111111
1,akt2,rabvs_budgeted_random_parts,8,7017,117,2560,0,106,0.465625
2,akt2,greedy_surrogate,1,7017,117,768,98,114,0.4427083333333333
2,akt2,greedy_surrogate,2,7017,117,1024,1,115,0.4638671875
2,akt2,greedy_surrogate,3,7017,117,1280,1,116,0.4609375
2,akt2,greedy_surrogate,4,7017,117,1536,0,116,0.4518229166666667
2,akt2,greedy_surrogate,5,7017,117,1792,0,116,0.4525669642857143
2,akt2,greedy_surrogate,6,7017,117,2048,0,116,0.44970703125
2,akt2,greedy_surrogate,7,7017,117,2304,0,116,0.4513888888888889
2,akt2,greedy_surrogate,8,7017,117,2560,1,117,0.45390625
2,akt2,boba_ucb,1,7017,117,768,97,113,0.4244791666666667
2,akt2,boba_ucb,2,7017,117,1024,0,113,0.4443359375
2,akt2,boba_ucb,3,7017,117,1280,0,113,0.40390625
2,akt2,boba_ucb,4,7017,117,1536,0,113,0.4114583333333333
2,akt2,boba_ucb,5,7017,117,1792,1,114,0.43470982142857145
2,akt2,boba_ucb,6,7017,117,2048,0,114,0.4365234375
2,akt2,boba_ucb,7,7017,117,2304,1,115,0.4275173611111111
2,akt2,boba_ucb,8,7017,117,2560,0,115,0.436328125
2,akt2,rabvs_budgeted_reliable,1,7017,117,768,97,113,0.4244791666666667
2,akt2,rabvs_budgeted_reliable,2,7017,117,1024,0,113,0.4443359375
2,akt2,rabvs_budgeted_reliable,3,7017,117,1280,0,113,0.40390625
2,akt2,rabvs_budgeted_reliable,4,7017,117,1536,0,113,0.4114583333333333
2,akt2,rabvs_budgeted_reliable,5,7017,117,1792,1,114,0.43470982142857145
2,akt2,rabvs_budgeted_reliable,6,7017,117,2048,0,114,0.4365234375
2,akt2,rabvs_budgeted_reliable,7,7017,117,2304,1,115,0.4275173611111111
2,akt2,rabvs_budgeted_reliable,8,7017,117,2560,0,115,0.436328125
2,akt2,rabvs_budgeted_no_ucb,1,7017,117,768,98,114,0.4440104166666667
2,akt2,rabvs_budgeted_no_ucb,2,7017,117,1024,1,115,0.4287109375
2,akt2,rabvs_budgeted_no_ucb,3,7017,117,1280,1,116,0.4453125
2,akt2,rabvs_budgeted_no_ucb,4,7017,117,1536,0,116,0.44921875
2,akt2,rabvs_budgeted_no_ucb,5,7017,117,1792,0,116,0.44252232142857145
2,akt2,rabvs_budgeted_no_ucb,6,7017,117,2048,1,117,0.44140625
2,akt2,rabvs_budgeted_no_ucb,7,7017,117,2304,0,117,0.4444444444444444
2,akt2,rabvs_budgeted_no_ucb,8,7017,117,2560,0,117,0.43984375
2,akt2,rabvs_budgeted_random_parts,1,7017,117,768,1,17,0.46875
2,akt2,rabvs_budgeted_random_parts,2,7017,117,1024,16,33,0.4599609375
2,akt2,rabvs_budgeted_random_parts,3,7017,117,1280,0,33,0.4546875
2,akt2,rabvs_budgeted_random_parts,4,7017,117,1536,12,45,0.4908854166666667
2,akt2,rabvs_budgeted_random_parts,5,7017,117,1792,12,57,0.46875
2,akt2,rabvs_budgeted_random_parts,6,7017,117,2048,1,58,0.4580078125
2,akt2,rabvs_budgeted_random_parts,7,7017,117,2304,29,87,0.4565972222222222
2,akt2,rabvs_budgeted_random_parts,8,7017,117,2560,0,87,0.4609375
0,aldr,greedy_surrogate,1,9159,159,768,127,143,0.4583333333333333
0,aldr,greedy_surrogate,2,9159,159,1024,13,156,0.47265625
0,aldr,greedy_surrogate,3,9159,159,1280,3,159,0.478125
0,aldr,greedy_surrogate,4,9159,159,1536,0,159,0.5006510416666666
0,aldr,greedy_surrogate,5,9159,159,1792,0,159,0.49776785714285715
0,aldr,greedy_surrogate,6,9159,159,2048,0,159,0.50537109375
0,aldr,greedy_surrogate,7,9159,159,2304,0,159,0.4991319444444444
0,aldr,greedy_surrogate,8,9159,159,2560,0,159,0.490234375
0,aldr,boba_ucb,1,9159,159,768,114,130,0.4778645833333333
0,aldr,boba_ucb,2,9159,159,1024,11,141,0.4501953125
0,aldr,boba_ucb,3,9159,159,1280,6,147,0.49453125
0,aldr,boba_ucb,4,9159,159,1536,0,147,0.4700520833333333
0,aldr,boba_ucb,5,9159,159,1792,7,154,0.47935267857142855
0,aldr,boba_ucb,6,9159,159,2048,1,155,0.4814453125
0,aldr,boba_ucb,7,9159,159,2304,0,155,0.4748263888888889
0,aldr,boba_ucb,8,9159,159,2560,2,157,0.47578125
0,aldr,rabvs_budgeted_reliable,1,9159,159,768,114,130,0.4778645833333333
0,aldr,rabvs_budgeted_reliable,2,9159,159,1024,11,141,0.4501953125
0,aldr,rabvs_budgeted_reliable,3,9159,159,1280,6,147,0.49453125
0,aldr,rabvs_budgeted_reliable,4,9159,159,1536,0,147,0.4700520833333333
0,aldr,rabvs_budgeted_reliable,5,9159,159,1792,7,154,0.47935267857142855
0,aldr,rabvs_budgeted_reliable,6,9159,159,2048,1,155,0.4814453125
0,aldr,rabvs_budgeted_reliable,7,9159,159,2304,0,155,0.4748263888888889
0,aldr,rabvs_budgeted_reliable,8,9159,159,2560,2,157,0.47578125
0,aldr,rabvs_budgeted_no_ucb,1,9159,159,768,125,141,0.45703125
0,aldr,rabvs_budgeted_no_ucb,2,9159,159,1024,15,156,0.470703125
0,aldr,rabvs_budgeted_no_ucb,3,9159,159,1280,2,158,0.4734375
0,aldr,rabvs_budgeted_no_ucb,4,9159,159,1536,1,159,0.4947916666666667
0,aldr,rabvs_budgeted_no_ucb,5,9159,159,1792,0,159,0.5111607142857143
0,aldr,rabvs_budgeted_no_ucb,6,9159,159,2048,0,159,0.50537109375
0,aldr,rabvs_budgeted_no_ucb,7,9159,159,2304,0,159,0.4991319444444444
0,aldr,rabvs_budgeted_no_ucb,8,9159,159,2560,0,159,0.503515625
0,aldr,rabvs_budgeted_random_parts,1,9159,159,768,6,22,0.4388020833333333
0,aldr,rabvs_budgeted_random_parts,2,9159,159,1024,12,34,0.431640625
0,aldr,rabvs_budgeted_random_parts,3,9159,159,1280,28,62,0.446875
0,aldr,rabvs_budgeted_random_parts,4,9159,159,1536,30,92,0.4303385416666667
0,aldr,rabvs_budgeted_random_parts,5,9159,159,1792,2,94,0.44252232142857145
0,aldr,rabvs_budgeted_random_parts,6,9159,159,2048,3,97,0.43603515625
0,aldr,rabvs_budgeted_random_parts,7,9159,159,2304,2,99,0.4444444444444444
0,aldr,rabvs_budgeted_random_parts,8,9159,159,2560,13,112,0.4515625
1,aldr,greedy_surrogate,1,9159,159,768,125,141,0.4908854166666667
1,aldr,greedy_surrogate,2,9159,159,1024,15,156,0.48046875
1,aldr,greedy_surrogate,3,9159,159,1280,2,158,0.49140625
1,aldr,greedy_surrogate,4,9159,159,1536,1,159,0.509765625
1,aldr,greedy_surrogate,5,9159,159,1792,0,159,0.5150669642857143
1,aldr,greedy_surrogate,6,9159,159,2048,0,159,0.51025390625
1,aldr,greedy_surrogate,7,9159,159,2304,0,159,0.4973958333333333
1,aldr,greedy_surrogate,8,9159,159,2560,0,159,0.498828125
1,aldr,boba_ucb,1,9159,159,768,120,136,0.4778645833333333
1,aldr,boba_ucb,2,9159,159,1024,4,140,0.4453125
1,aldr,boba_ucb,3,9159,159,1280,4,144,0.4453125
1,aldr,boba_ucb,4,9159,159,1536,0,144,0.443359375
1,aldr,boba_ucb,5,9159,159,1792,11,155,0.4799107142857143
1,aldr,boba_ucb,6,9159,159,2048,1,156,0.478515625
1,aldr,boba_ucb,7,9159,159,2304,0,156,0.4639756944444444
1,aldr,boba_ucb,8,9159,159,2560,1,157,0.471484375
1,aldr,rabvs_budgeted_reliable,1,9159,159,768,120,136,0.4778645833333333
1,aldr,rabvs_budgeted_reliable,2,9159,159,1024,4,140,0.4453125
1,aldr,rabvs_budgeted_reliable,3,9159,159,1280,4,144,0.4453125
1,aldr,rabvs_budgeted_reliable,4,9159,159,1536,0,144,0.443359375
1,aldr,rabvs_budgeted_reliable,5,9159,159,1792,11,155,0.4799107142857143
1,aldr,rabvs_budgeted_reliable,6,9159,159,2048,1,156,0.478515625
1,aldr,rabvs_budgeted_reliable,7,9159,159,2304,0,156,0.4639756944444444
1,aldr,rabvs_budgeted_reliable,8,9159,159,2560,1,157,0.471484375
1,aldr,rabvs_budgeted_no_ucb,1,9159,159,768,128,144,0.4856770833333333
1,aldr,rabvs_budgeted_no_ucb,2,9159,159,1024,8,152,0.4775390625
1,aldr,rabvs_budgeted_no_ucb,3,9159,159,1280,6,158,0.50390625
1,aldr,rabvs_budgeted_no_ucb,4,9159,159,1536,1,159,0.5110677083333334
1,aldr,rabvs_budgeted_no_ucb,5,9159,159,1792,0,159,0.5122767857142857
1,aldr,rabvs_budgeted_no_ucb,6,9159,159,2048,0,159,0.51220703125
1,aldr,rabvs_budgeted_no_ucb,7,9159,159,2304,0,159,0.5013020833333334
1,aldr,rabvs_budgeted_no_ucb,8,9159,159,2560,0,159,0.491796875
1,aldr,rabvs_budgeted_random_parts,1,9159,159,768,0,16,0.41796875
1,aldr,rabvs_budgeted_random_parts,2,9159,159,1024,41,57,0.44140625
1,aldr,rabvs_budgeted_random_parts,3,9159,159,1280,26,83,0.465625
1,aldr,rabvs_budgeted_random_parts,4,9159,159,1536,3,86,0.4739583333333333
1,aldr,rabvs_budgeted_random_parts,5,9159,159,1792,26,112,0.4810267857142857
1,aldr,rabvs_budgeted_random_parts,6,9159,159,2048,1,113,0.48681640625
1,aldr,rabvs_budgeted_random_parts,7,9159,159,2304,0,113,0.5004340277777778
1,aldr,rabvs_budgeted_random_parts,8,9159,159,2560,2,115,0.488671875
2,aldr,greedy_surrogate,1,9159,159,768,108,124,0.48046875
2,aldr,greedy_surrogate,2,9159,159,1024,32,156,0.48046875
2,aldr,greedy_surrogate,3,9159,159,1280,2,158,0.4890625
2,aldr,greedy_surrogate,4,9159,159,1536,1,159,0.498046875
2,aldr,greedy_surrogate,5,9159,159,1792,0,159,0.5066964285714286
2,aldr,greedy_surrogate,6,9159,159,2048,0,159,0.5068359375
2,aldr,greedy_surrogate,7,9159,159,2304,0,159,0.4995659722222222
2,aldr,greedy_surrogate,8,9159,159,2560,0,159,0.493359375
2,aldr,boba_ucb,1,9159,159,768,105,121,0.4869791666666667
2,aldr,boba_ucb,2,9159,159,1024,25,146,0.490234375
2,aldr,boba_ucb,3,9159,159,1280,0,146,0.4625
2,aldr,boba_ucb,4,9159,159,1536,0,146,0.4518229166666667
2,aldr,boba_ucb,5,9159,159,1792,3,149,0.45479910714285715
2,aldr,boba_ucb,6,9159,159,2048,5,154,0.45703125
2,aldr,boba_ucb,7,9159,159,2304,0,154,0.4565972222222222
2,aldr,boba_ucb,8,9159,159,2560,0,154,0.444921875
2,aldr,rabvs_budgeted_reliable,1,9159,159,768,105,121,0.4869791666666667
2,aldr,rabvs_budgeted_reliable,2,9159,159,1024,25,146,0.490234375
2,aldr,rabvs_budgeted_reliable,3,9159,159,1280,0,146,0.4625
2,aldr,rabvs_budgeted_reliable,4,9159,159,1536,0,146,0.4518229166666667
2,aldr,rabvs_budgeted_reliable,5,9159,159,1792,3,149,0.45479910714285715
2,aldr,rabvs_budgeted_reliable,6,9159,159,2048,5,154,0.45703125
2,aldr,rabvs_budgeted_reliable,7,9159,159,2304,0,154,0.4565972222222222
2,aldr,rabvs_budgeted_reliable,8,9159,159,2560,0,154,0.444921875
2,aldr,rabvs_budgeted_no_ucb,1,9159,159,768,114,130,0.4752604166666667
2,aldr,rabvs_budgeted_no_ucb,2,9159,159,1024,22,152,0.486328125
2,aldr,rabvs_budgeted_no_ucb,3,9159,159,1280,7,159,0.5046875
2,aldr,rabvs_budgeted_no_ucb,4,9159,159,1536,0,159,0.4928385416666667
2,aldr,rabvs_budgeted_no_ucb,5,9159,159,1792,0,159,0.5033482142857143
2,aldr,rabvs_budgeted_no_ucb,6,9159,159,2048,0,159,0.5009765625
2,aldr,rabvs_budgeted_no_ucb,7,9159,159,2304,0,159,0.5034722222222222
2,aldr,rabvs_budgeted_no_ucb,8,9159,159,2560,0,159,0.496875
2,aldr,rabvs_budgeted_random_parts,1,9159,159,768,5,21,0.48046875
2,aldr,rabvs_budgeted_random_parts,2,9159,159,1024,34,55,0.4892578125
2,aldr,rabvs_budgeted_random_parts,3,9159,159,1280,32,87,0.4859375
2,aldr,rabvs_budgeted_random_parts,4,9159,159,1536,26,113,0.4947916666666667
2,aldr,rabvs_budgeted_random_parts,5,9159,159,1792,0,113,0.49441964285714285
2,aldr,rabvs_budgeted_random_parts,6,9159,159,2048,26,139,0.49267578125
2,aldr,rabvs_budgeted_random_parts,7,9159,159,2304,0,139,0.4874131944444444
2,aldr,rabvs_budgeted_random_parts,8,9159,159,2560,18,157,0.495703125
0,ampc,greedy_surrogate,1,2898,48,768,24,40,0.5260416666666666
0,ampc,greedy_surrogate,2,2898,48,1024,4,44,0.517578125
0,ampc,greedy_surrogate,3,2898,48,1280,1,45,0.49765625
0,ampc,greedy_surrogate,4,2898,48,1536,1,46,0.4713541666666667
0,ampc,greedy_surrogate,5,2898,48,1792,0,46,0.4799107142857143
0,ampc,greedy_surrogate,6,2898,48,2048,1,47,0.4833984375
0,ampc,greedy_surrogate,7,2898,48,2304,0,47,0.4913194444444444
0,ampc,greedy_surrogate,8,2898,48,2560,1,48,0.502734375
0,ampc,boba_ucb,1,2898,48,768,23,39,0.51953125
0,ampc,boba_ucb,2,2898,48,1024,1,40,0.4892578125
0,ampc,boba_ucb,3,2898,48,1280,1,41,0.49375
0,ampc,boba_ucb,4,2898,48,1536,0,41,0.5078125
0,ampc,boba_ucb,5,2898,48,1792,1,42,0.5122767857142857
0,ampc,boba_ucb,6,2898,48,2048,1,43,0.50927734375
0,ampc,boba_ucb,7,2898,48,2304,1,44,0.5221354166666666
0,ampc,boba_ucb,8,2898,48,2560,0,44,0.517578125
0,ampc,rabvs_budgeted_reliable,1,2898,48,768,23,39,0.51953125
0,ampc,rabvs_budgeted_reliable,2,2898,48,1024,1,40,0.4892578125
0,ampc,rabvs_budgeted_reliable,3,2898,48,1280,1,41,0.49375
0,ampc,rabvs_budgeted_reliable,4,2898,48,1536,0,41,0.5078125
0,ampc,rabvs_budgeted_reliable,5,2898,48,1792,1,42,0.5122767857142857
0,ampc,rabvs_budgeted_reliable,6,2898,48,2048,1,43,0.50927734375
0,ampc,rabvs_budgeted_reliable,7,2898,48,2304,1,44,0.5221354166666666
0,ampc,rabvs_budgeted_reliable,8,2898,48,2560,0,44,0.517578125
0,ampc,rabvs_budgeted_no_ucb,1,2898,48,768,25,41,0.5208333333333334
0,ampc,rabvs_budgeted_no_ucb,2,2898,48,1024,2,43,0.4814453125
0,ampc,rabvs_budgeted_no_ucb,3,2898,48,1280,2,45,0.48984375
0,ampc,rabvs_budgeted_no_ucb,4,2898,48,1536,2,47,0.4765625
0,ampc,rabvs_budgeted_no_ucb,5,2898,48,1792,0,47,0.484375
0,ampc,rabvs_budgeted_no_ucb,6,2898,48,2048,1,48,0.49365234375
0,ampc,rabvs_budgeted_no_ucb,7,2898,48,2304,0,48,0.4904513888888889
0,ampc,rabvs_budgeted_no_ucb,8,2898,48,2560,0,48,0.503515625
0,ampc,rabvs_budgeted_random_parts,1,2898,48,768,3,19,0.49609375
0,ampc,rabvs_budgeted_random_parts,2,2898,48,1024,0,19,0.4951171875
0,ampc,rabvs_budgeted_random_parts,3,2898,48,1280,2,21,0.5046875
0,ampc,rabvs_budgeted_random_parts,4,2898,48,1536,0,21,0.509765625
0,ampc,rabvs_budgeted_random_parts,5,2898,48,1792,6,27,0.5050223214285714
0,ampc,rabvs_budgeted_random_parts,6,2898,48,2048,19,46,0.50439453125
0,ampc,rabvs_budgeted_random_parts,7,2898,48,2304,0,46,0.5125868055555556
0,ampc,rabvs_budgeted_random_parts,8,2898,48,2560,1,47,0.502734375
1,ampc,greedy_surrogate,1,2898,48,768,28,44,0.515625
1,ampc,greedy_surrogate,2,2898,48,1024,1,45,0.48828125
1,ampc,greedy_surrogate,3,2898,48,1280,2,47,0.48828125
1,ampc,greedy_surrogate,4,2898,48,1536,1,48,0.4733072916666667
1,ampc,greedy_surrogate,5,2898,48,1792,0,48,0.48158482142857145
1,ampc,greedy_surrogate,6,2898,48,2048,0,48,0.48486328125
1,ampc,greedy_surrogate,7,2898,48,2304,0,48,0.4921875
1,ampc,greedy_surrogate,8,2898,48,2560,0,48,0.505859375
1,ampc,boba_ucb,1,2898,48,768,27,43,0.5403645833333334
1,ampc,boba_ucb,2,2898,48,1024,1,44,0.50390625
1,ampc,boba_ucb,3,2898,48,1280,0,44,0.478125
1,ampc,boba_ucb,4,2898,48,1536,2,46,0.4733072916666667
1,ampc,boba_ucb,5,2898,48,1792,1,47,0.46707589285714285
1,ampc,boba_ucb,6,2898,48,2048,0,47,0.5029296875
1,ampc,boba_ucb,7,2898,48,2304,1,48,0.51171875
1,ampc,boba_ucb,8,2898,48,2560,0,48,0.53125
1,ampc,rabvs_budgeted_reliable,1,2898,48,768,27,43,0.5403645833333334
1,ampc,rabvs_budgeted_reliable,2,2898,48,1024,1,44,0.50390625
1,ampc,rabvs_budgeted_reliable,3,2898,48,1280,0,44,0.478125
1,ampc,rabvs_budgeted_reliable,4,2898,48,1536,2,46,0.4733072916666667
1,ampc,rabvs_budgeted_reliable,5,2898,48,1792,1,47,0.46707589285714285
1,ampc,rabvs_budgeted_reliable,6,2898,48,2048,0,47,0.5029296875
1,ampc,rabvs_budgeted_reliable,7,2898,48,2304,1,48,0.51171875
1,ampc,rabvs_budgeted_reliable,8,2898,48,2560,0,48,0.53125
1,ampc,rabvs_budgeted_no_ucb,1,2898,48,768,28,44,0.5052083333333334
1,ampc,rabvs_budgeted_no_ucb,2,2898,48,1024,0,44,0.4912109375
1,ampc,rabvs_budgeted_no_ucb,3,2898,48,1280,2,46,0.484375
1,ampc,rabvs_budgeted_no_ucb,4,2898,48,1536,0,46,0.4680989583333333
1,ampc,rabvs_budgeted_no_ucb,5,2898,48,1792,0,46,0.48939732142857145
1,ampc,rabvs_budgeted_no_ucb,6,2898,48,2048,2,48,0.49072265625
1,ampc,rabvs_budgeted_no_ucb,7,2898,48,2304,0,48,0.4900173611111111
1,ampc,rabvs_budgeted_no_ucb,8,2898,48,2560,0,48,0.49453125
1,ampc,rabvs_budgeted_random_parts,1,2898,48,768,2,18,0.51171875
1,ampc,rabvs_budgeted_random_parts,2,2898,48,1024,2,20,0.4765625
1,ampc,rabvs_budgeted_random_parts,3,2898,48,1280,0,20,0.4921875
1,ampc,rabvs_budgeted_random_parts,4,2898,48,1536,4,24,0.474609375
1,ampc,rabvs_budgeted_random_parts,5,2898,48,1792,24,48,0.47823660714285715
1,ampc,rabvs_budgeted_random_parts,6,2898,48,2048,0,48,0.4794921875
1,ampc,rabvs_budgeted_random_parts,7,2898,48,2304,0,48,0.4969618055555556
1,ampc,rabvs_budgeted_random_parts,8,2898,48,2560,0,48,0.506640625
2,ampc,greedy_surrogate,1,2898,48,768,26,42,0.4986979166666667
2,ampc,greedy_surrogate,2,2898,48,1024,5,47,0.4892578125
2,ampc,greedy_surrogate,3,2898,48,1280,0,47,0.4703125
2,ampc,greedy_surrogate,4,2898,48,1536,0,47,0.4733072916666667
2,ampc,greedy_surrogate,5,2898,48,1792,1,48,0.4810267857142857
2,ampc,greedy_surrogate,6,2898,48,2048,0,48,0.47412109375
2,ampc,greedy_surrogate,7,2898,48,2304,0,48,0.4861111111111111
2,ampc,greedy_surrogate,8,2898,48,2560,0,48,0.499609375
2,ampc,boba_ucb,1,2898,48,768,25,41,0.5104166666666666
2,ampc,boba_ucb,2,2898,48,1024,5,46,0.4912109375
2,ampc,boba_ucb,3,2898,48,1280,1,47,0.47109375
2,ampc,boba_ucb,4,2898,48,1536,0,47,0.4759114583333333
2,ampc,boba_ucb,5,2898,48,1792,0,47,0.5089285714285714
2,ampc,boba_ucb,6,2898,48,2048,0,47,0.51025390625
2,ampc,boba_ucb,7,2898,48,2304,0,47,0.5212673611111112
2,ampc,boba_ucb,8,2898,48,2560,0,47,0.51796875
2,ampc,rabvs_budgeted_reliable,1,2898,48,768,25,41,0.5104166666666666
2,ampc,rabvs_budgeted_reliable,2,2898,48,1024,5,46,0.4912109375
2,ampc,rabvs_budgeted_reliable,3,2898,48,1280,1,47,0.47109375
2,ampc,rabvs_budgeted_reliable,4,2898,48,1536,0,47,0.4759114583333333
2,ampc,rabvs_budgeted_reliable,5,2898,48,1792,0,47,0.5089285714285714
2,ampc,rabvs_budgeted_reliable,6,2898,48,2048,0,47,0.51025390625
2,ampc,rabvs_budgeted_reliable,7,2898,48,2304,0,47,0.5212673611111112
2,ampc,rabvs_budgeted_reliable,8,2898,48,2560,0,47,0.51796875
2,ampc,rabvs_budgeted_no_ucb,1,2898,48,768,28,44,0.5013020833333334
2,ampc,rabvs_budgeted_no_ucb,2,2898,48,1024,1,45,0.4697265625
2,ampc,rabvs_budgeted_no_ucb,3,2898,48,1280,2,47,0.46171875
2,ampc,rabvs_budgeted_no_ucb,4,2898,48,1536,1,48,0.4602864583333333
2,ampc,rabvs_budgeted_no_ucb,5,2898,48,1792,0,48,0.47767857142857145
2,ampc,rabvs_budgeted_no_ucb,6,2898,48,2048,0,48,0.47607421875
2,ampc,rabvs_budgeted_no_ucb,7,2898,48,2304,0,48,0.4704861111111111
2,ampc,rabvs_budgeted_no_ucb,8,2898,48,2560,0,48,0.484765625
2,ampc,rabvs_budgeted_random_parts,1,2898,48,768,14,30,0.4895833333333333
2,ampc,rabvs_budgeted_random_parts,2,2898,48,1024,3,33,0.482421875
2,ampc,rabvs_budgeted_random_parts,3,2898,48,1280,3,36,0.47265625
2,ampc,rabvs_budgeted_random_parts,4,2898,48,1536,2,38,0.490234375
2,ampc,rabvs_budgeted_random_parts,5,2898,48,1792,0,38,0.4888392857142857
2,ampc,rabvs_budgeted_random_parts,6,2898,48,2048,0,38,0.50830078125
2,ampc,rabvs_budgeted_random_parts,7,2898,48,2304,1,39,0.5065104166666666
2,ampc,rabvs_budgeted_random_parts,8,2898,48,2560,0,39,0.504296875
0,andr,greedy_surrogate,1,14619,269,768,173,189,0.4674479166666667
0,andr,greedy_surrogate,2,14619,269,1024,31,220,0.4638671875
0,andr,greedy_surrogate,3,14619,269,1280,14,234,0.5078125
0,andr,greedy_surrogate,4,14619,269,1536,11,245,0.5084635416666666
0,andr,greedy_surrogate,5,14619,269,1792,11,256,0.5212053571428571
0,andr,greedy_surrogate,6,14619,269,2048,0,256,0.52734375
0,andr,greedy_surrogate,7,14619,269,2304,0,256,0.5308159722222222
0,andr,greedy_surrogate,8,14619,269,2560,1,257,0.528515625
0,andr,boba_ucb,1,14619,269,768,118,134,0.47265625
0,andr,boba_ucb,2,14619,269,1024,6,140,0.4677734375
0,andr,boba_ucb,3,14619,269,1280,0,140,0.4953125
0,andr,boba_ucb,4,14619,269,1536,57,197,0.4993489583333333
0,andr,boba_ucb,5,14619,269,1792,27,224,0.51953125
0,andr,boba_ucb,6,14619,269,2048,14,238,0.53564453125
0,andr,boba_ucb,7,14619,269,2304,4,242,0.5329861111111112
0,andr,boba_ucb,8,14619,269,2560,0,242,0.528515625
0,andr,rabvs_budgeted_reliable,1,14619,269,768,118,134,0.47265625
0,andr,rabvs_budgeted_reliable,2,14619,269,1024,6,140,0.4677734375
0,andr,rabvs_budgeted_reliable,3,14619,269,1280,0,140,0.4953125
0,andr,rabvs_budgeted_reliable,4,14619,269,1536,57,197,0.4993489583333333
0,andr,rabvs_budgeted_reliable,5,14619,269,1792,27,224,0.51953125
0,andr,rabvs_budgeted_reliable,6,14619,269,2048,14,238,0.53564453125
0,andr,rabvs_budgeted_reliable,7,14619,269,2304,4,242,0.5329861111111112
0,andr,rabvs_budgeted_reliable,8,14619,269,2560,0,242,0.528515625
0,andr,rabvs_budgeted_no_ucb,1,14619,269,768,173,189,0.4661458333333333
0,andr,rabvs_budgeted_no_ucb,2,14619,269,1024,34,223,0.494140625
0,andr,rabvs_budgeted_no_ucb,3,14619,269,1280,7,230,0.50703125
0,andr,rabvs_budgeted_no_ucb,4,14619,269,1536,11,241,0.52734375
0,andr,rabvs_budgeted_no_ucb,5,14619,269,1792,4,245,0.5334821428571429
0,andr,rabvs_budgeted_no_ucb,6,14619,269,2048,10,255,0.5390625
0,andr,rabvs_budgeted_no_ucb,7,14619,269,2304,1,256,0.5368923611111112
0,andr,rabvs_budgeted_no_ucb,8,14619,269,2560,4,260,0.54921875
0,andr,rabvs_budgeted_random_parts,1,14619,269,768,71,87,0.4635416666666667
0,andr,rabvs_budgeted_random_parts,2,14619,269,1024,12,99,0.466796875
0,andr,rabvs_budgeted_random_parts,3,14619,269,1280,9,108,0.48125
0,andr,rabvs_budgeted_random_parts,4,14619,269,1536,18,126,0.5078125
0,andr,rabvs_budgeted_random_parts,5,14619,269,1792,4,130,0.5027901785714286
0,andr,rabvs_budgeted_random_parts,6,14619,269,2048,2,132,0.51171875
0,andr,rabvs_budgeted_random_parts,7,14619,269,2304,62,194,0.5151909722222222
0,andr,rabvs_budgeted_random_parts,8,14619,269,2560,0,194,0.52265625
1,andr,greedy_surrogate,1,14619,269,768,147,163,0.4453125
1,andr,greedy_surrogate,2,14619,269,1024,45,208,0.4560546875
1,andr,greedy_surrogate,3,14619,269,1280,31,239,0.50078125
1,andr,greedy_surrogate,4,14619,269,1536,12,251,0.505859375
1,andr,greedy_surrogate,5,14619,269,1792,4,255,0.5100446428571429
1,andr,greedy_surrogate,6,14619,269,2048,0,255,0.51513671875
1,andr,greedy_surrogate,7,14619,269,2304,0,255,0.5251736111111112
1,andr,greedy_surrogate,8,14619,269,2560,1,256,0.5296875
1,andr,boba_ucb,1,14619,269,768,146,162,0.4596354166666667
1,andr,boba_ucb,2,14619,269,1024,14,176,0.47265625
1,andr,boba_ucb,3,14619,269,1280,23,199,0.4984375
1,andr,boba_ucb,4,14619,269,1536,0,199,0.5078125
1,andr,boba_ucb,5,14619,269,1792,19,218,0.5172991071428571
1,andr,boba_ucb,6,14619,269,2048,8,226,0.52490234375
1,andr,boba_ucb,7,14619,269,2304,8,234,0.5217013888888888
1,andr,boba_ucb,8,14619,269,2560,3,237,0.52265625
1,andr,rabvs_budgeted_reliable,1,14619,269,768,146,162,0.4596354166666667
1,andr,rabvs_budgeted_reliable,2,14619,269,1024,14,176,0.47265625
1,andr,rabvs_budgeted_reliable,3,14619,269,1280,23,199,0.4984375
1,andr,rabvs_budgeted_reliable,4,14619,269,1536,0,199,0.5078125
1,andr,rabvs_budgeted_reliable,5,14619,269,1792,19,218,0.5172991071428571
1,andr,rabvs_budgeted_reliable,6,14619,269,2048,8,226,0.52490234375
1,andr,rabvs_budgeted_reliable,7,14619,269,2304,8,234,0.5217013888888888
1,andr,rabvs_budgeted_reliable,8,14619,269,2560,3,237,0.52265625
1,andr,rabvs_budgeted_no_ucb,1,14619,269,768,146,162,0.4440104166666667
1,andr,rabvs_budgeted_no_ucb,2,14619,269,1024,43,205,0.46875
1,andr,rabvs_budgeted_no_ucb,3,14619,269,1280,30,235,0.48671875
1,andr,rabvs_budgeted_no_ucb,4,14619,269,1536,12,247,0.5188802083333334
1,andr,rabvs_budgeted_no_ucb,5,14619,269,1792,7,254,0.5055803571428571
1,andr,rabvs_budgeted_no_ucb,6,14619,269,2048,3,257,0.52490234375
1,andr,rabvs_budgeted_no_ucb,7,14619,269,2304,0,257,0.5364583333333334
1,andr,rabvs_budgeted_no_ucb,8,14619,269,2560,0,257,0.537109375
1,andr,rabvs_budgeted_random_parts,1,14619,269,768,9,25,0.4752604166666667
1,andr,rabvs_budgeted_random_parts,2,14619,269,1024,6,31,0.4755859375
1,andr,rabvs_budgeted_random_parts,3,14619,269,1280,4,35,0.490625
1,andr,rabvs_budgeted_random_parts,4,14619,269,1536,19,54,0.5052083333333334
1,andr,rabvs_budgeted_random_parts,5,14619,269,1792,6,60,0.5100446428571429
1,andr,rabvs_budgeted_random_parts,6,14619,269,2048,42,102,0.5068359375
1,andr,rabvs_budgeted_random_parts,7,14619,269,2304,1,103,0.4995659722222222
1,andr,rabvs_budgeted_random_parts,8,14619,269,2560,56,159,0.49375
2,andr,greedy_surrogate,1,14619,269,768,159,175,0.4518229166666667
2,andr,greedy_surrogate,2,14619,269,1024,48,223,0.4541015625
2,andr,greedy_surrogate,3,14619,269,1280,18,241,0.49765625
2,andr,greedy_surrogate,4,14619,269,1536,8,249,0.5143229166666666
2,andr,greedy_surrogate,5,14619,269,1792,8,257,0.5295758928571429
2,andr,greedy_surrogate,6,14619,269,2048,4,261,0.53955078125
2,andr,greedy_surrogate,7,14619,269,2304,1,262,0.5416666666666666
2,andr,greedy_surrogate,8,14619,269,2560,0,262,0.543359375
2,andr,boba_ucb,1,14619,269,768,161,177,0.4609375
2,andr,boba_ucb,2,14619,269,1024,12,189,0.44140625
2,andr,boba_ucb,3,14619,269,1280,5,194,0.478125
2,andr,boba_ucb,4,14619,269,1536,2,196,0.4908854166666667
2,andr,boba_ucb,5,14619,269,1792,19,215,0.5128348214285714
2,andr,boba_ucb,6,14619,269,2048,9,224,0.5107421875
2,andr,boba_ucb,7,14619,269,2304,4,228,0.5065104166666666
2,andr,boba_ucb,8,14619,269,2560,10,238,0.505078125
2,andr,rabvs_budgeted_reliable,1,14619,269,768,161,177,0.4609375
2,andr,rabvs_budgeted_reliable,2,14619,269,1024,12,189,0.44140625
2,andr,rabvs_budgeted_reliable,3,14619,269,1280,5,194,0.478125
2,andr,rabvs_budgeted_reliable,4,14619,269,1536,2,196,0.4908854166666667
2,andr,rabvs_budgeted_reliable,5,14619,269,1792,19,215,0.5128348214285714
2,andr,rabvs_budgeted_reliable,6,14619,269,2048,9,224,0.5107421875
2,andr,rabvs_budgeted_reliable,7,14619,269,2304,4,228,0.5065104166666666
2,andr,rabvs_budgeted_reliable,8,14619,269,2560,10,238,0.505078125
2,andr,rabvs_budgeted_no_ucb,1,14619,269,768,160,176,0.4557291666666667
2,andr,rabvs_budgeted_no_ucb,2,14619,269,1024,37,213,0.4658203125
2,andr,rabvs_budgeted_no_ucb,3,14619,269,1280,32,245,0.4796875
2,andr,rabvs_budgeted_no_ucb,4,14619,269,1536,5,250,0.5104166666666666
2,andr,rabvs_budgeted_no_ucb,5,14619,269,1792,5,255,0.5234375
2,andr,rabvs_budgeted_no_ucb,6,14619,269,2048,6,261,0.53759765625
2,andr,rabvs_budgeted_no_ucb,7,14619,269,2304,0,261,0.5373263888888888
2,andr,rabvs_budgeted_no_ucb,8,14619,269,2560,3,264,0.544140625
2,andr,rabvs_budgeted_random_parts,1,14619,269,768,35,51,0.4427083333333333
2,andr,rabvs_budgeted_random_parts,2,14619,269,1024,15,66,0.482421875
2,andr,rabvs_budgeted_random_parts,3,14619,269,1280,22,88,0.48984375
2,andr,rabvs_budgeted_random_parts,4,14619,269,1536,56,144,0.5071614583333334
2,andr,rabvs_budgeted_random_parts,5,14619,269,1792,8,152,0.5133928571428571
2,andr,rabvs_budgeted_random_parts,6,14619,269,2048,59,211,0.52197265625
2,andr,rabvs_budgeted_random_parts,7,14619,269,2304,1,212,0.5269097222222222
2,andr,rabvs_budgeted_random_parts,8,14619,269,2560,4,216,0.529296875
0,aofb,greedy_surrogate,1,7022,122,768,65,81,0.4127604166666667
0,aofb,greedy_surrogate,2,7022,122,1024,20,101,0.4296875
0,aofb,greedy_surrogate,3,7022,122,1280,8,109,0.42578125
0,aofb,greedy_surrogate,4,7022,122,1536,2,111,0.4524739583333333
0,aofb,greedy_surrogate,5,7022,122,1792,5,116,0.44921875
0,aofb,greedy_surrogate,6,7022,122,2048,2,118,0.43896484375
0,aofb,greedy_surrogate,7,7022,122,2304,1,119,0.4487847222222222
0,aofb,greedy_surrogate,8,7022,122,2560,0,119,0.4375
0,aofb,boba_ucb,1,7022,122,768,62,78,0.3828125
0,aofb,boba_ucb,2,7022,122,1024,3,81,0.41796875
0,aofb,boba_ucb,3,7022,122,1280,2,83,0.3921875
0,aofb,boba_ucb,4,7022,122,1536,1,84,0.3841145833333333
0,aofb,boba_ucb,5,7022,122,1792,15,99,0.40234375
0,aofb,boba_ucb,6,7022,122,2048,5,104,0.40185546875
0,aofb,boba_ucb,7,7022,122,2304,7,111,0.3993055555555556
0,aofb,boba_ucb,8,7022,122,2560,1,112,0.4078125
0,aofb,rabvs_budgeted_reliable,1,7022,122,768,62,78,0.3828125
0,aofb,rabvs_budgeted_reliable,2,7022,122,1024,3,81,0.41796875
0,aofb,rabvs_budgeted_reliable,3,7022,122,1280,2,83,0.3921875
0,aofb,rabvs_budgeted_reliable,4,7022,122,1536,1,84,0.3841145833333333
0,aofb,rabvs_budgeted_reliable,5,7022,122,1792,15,99,0.40234375
0,aofb,rabvs_budgeted_reliable,6,7022,122,2048,5,104,0.40185546875
0,aofb,rabvs_budgeted_reliable,7,7022,122,2304,7,111,0.3993055555555556
0,aofb,rabvs_budgeted_reliable,8,7022,122,2560,1,112,0.4078125
0,aofb,rabvs_budgeted_no_ucb,1,7022,122,768,62,78,0.4075520833333333
0,aofb,rabvs_budgeted_no_ucb,2,7022,122,1024,15,93,0.4248046875
0,aofb,rabvs_budgeted_no_ucb,3,7022,122,1280,6,99,0.4359375
0,aofb,rabvs_budgeted_no_ucb,4,7022,122,1536,9,108,0.4401041666666667
0,aofb,rabvs_budgeted_no_ucb,5,7022,122,1792,1,109,0.43080357142857145
0,aofb,rabvs_budgeted_no_ucb,6,7022,122,2048,7,116,0.4296875
0,aofb,rabvs_budgeted_no_ucb,7,7022,122,2304,4,120,0.4205729166666667
0,aofb,rabvs_budgeted_no_ucb,8,7022,122,2560,0,120,0.432421875
0,aofb,rabvs_budgeted_random_parts,1,7022,122,768,8,24,0.37890625
0,aofb,rabvs_budgeted_random_parts,2,7022,122,1024,9,33,0.3818359375
0,aofb,rabvs_budgeted_random_parts,3,7022,122,1280,5,38,0.3765625
0,aofb,rabvs_budgeted_random_parts,4,7022,122,1536,19,57,0.3723958333333333
0,aofb,rabvs_budgeted_random_parts,5,7022,122,1792,12,69,0.37723214285714285
0,aofb,rabvs_budgeted_random_parts,6,7022,122,2048,1,70,0.37548828125
0,aofb,rabvs_budgeted_random_parts,7,7022,122,2304,6,76,0.3823784722222222
0,aofb,rabvs_budgeted_random_parts,8,7022,122,2560,13,89,0.394921875
1,aofb,greedy_surrogate,1,7022,122,768,58,74,0.4765625
1,aofb,greedy_surrogate,2,7022,122,1024,20,94,0.478515625
1,aofb,greedy_surrogate,3,7022,122,1280,13,107,0.46796875
1,aofb,greedy_surrogate,4,7022,122,1536,8,115,0.4733072916666667
1,aofb,greedy_surrogate,5,7022,122,1792,4,119,0.46261160714285715
1,aofb,greedy_surrogate,6,7022,122,2048,0,119,0.46044921875
1,aofb,greedy_surrogate,7,7022,122,2304,1,120,0.44921875
1,aofb,greedy_surrogate,8,7022,122,2560,2,122,0.45
1,aofb,boba_ucb,1,7022,122,768,59,75,0.4739583333333333
1,aofb,boba_ucb,2,7022,122,1024,13,88,0.46484375
1,aofb,boba_ucb,3,7022,122,1280,0,88,0.45078125
1,aofb,boba_ucb,4,7022,122,1536,0,88,0.4296875
1,aofb,boba_ucb,5,7022,122,1792,6,94,0.42801339285714285
1,aofb,boba_ucb,6,7022,122,2048,8,102,0.4248046875
1,aofb,boba_ucb,7,7022,122,2304,3,105,0.4440104166666667
1,aofb,boba_ucb,8,7022,122,2560,1,106,0.43125
1,aofb,rabvs_budgeted_reliable,1,7022,122,768,59,75,0.4739583333333333
1,aofb,rabvs_budgeted_reliable,2,7022,122,1024,13,88,0.46484375
1,aofb,rabvs_budgeted_reliable,3,7022,122,1280,0,88,0.45078125
1,aofb,rabvs_budgeted_reliable,4,7022,122,1536,0,88,0.4296875
1,aofb,rabvs_budgeted_reliable,5,7022,122,1792,6,94,0.42801339285714285
1,aofb,rabvs_budgeted_reliable,6,7022,122,2048,8,102,0.4248046875
1,aofb,rabvs_budgeted_reliable,7,7022,122,2304,3,105,0.4440104166666667
1,aofb,rabvs_budgeted_reliable,8,7022,122,2560,1,106,0.43125
1,aofb,rabvs_budgeted_no_ucb,1,7022,122,768,71,87,0.4674479166666667
1,aofb,rabvs_budgeted_no_ucb,2,7022,122,1024,15,102,0.4580078125
1,aofb,rabvs_budgeted_no_ucb,3,7022,122,1280,3,105,0.45859375
1,aofb,rabvs_budgeted_no_ucb,4,7022,122,1536,7,112,0.453125
1,aofb,rabvs_budgeted_no_ucb,5,7022,122,1792,1,113,0.4575892857142857
1,aofb,rabvs_budgeted_no_ucb,6,7022,122,2048,3,116,0.4541015625
1,aofb,rabvs_budgeted_no_ucb,7,7022,122,2304,5,121,0.4470486111111111
1,aofb,rabvs_budgeted_no_ucb,8,7022,122,2560,0,121,0.44296875
1,aofb,rabvs_budgeted_random_parts,1,7022,122,768,17,33,0.4270833333333333
1,aofb,rabvs_budgeted_random_parts,2,7022,122,1024,2,35,0.4453125
1,aofb,rabvs_budgeted_random_parts,3,7022,122,1280,12,47,0.43984375
1,aofb,rabvs_budgeted_random_parts,4,7022,122,1536,24,71,0.44140625
1,aofb,rabvs_budgeted_random_parts,5,7022,122,1792,1,72,0.45870535714285715
1,aofb,rabvs_budgeted_random_parts,6,7022,122,2048,5,77,0.4462890625
1,aofb,rabvs_budgeted_random_parts,7,7022,122,2304,2,79,0.4301215277777778
1,aofb,rabvs_budgeted_random_parts,8,7022,122,2560,3,82,0.438671875
2,aofb,greedy_surrogate,1,7022,122,768,65,81,0.39453125
2,aofb,greedy_surrogate,2,7022,122,1024,18,99,0.4306640625
2,aofb,greedy_surrogate,3,7022,122,1280,13,112,0.42109375
2,aofb,greedy_surrogate,4,7022,122,1536,2,114,0.408203125
2,aofb,greedy_surrogate,5,7022,122,1792,2,116,0.4224330357142857
2,aofb,greedy_surrogate,6,7022,122,2048,3,119,0.4150390625
2,aofb,greedy_surrogate,7,7022,122,2304,2,121,0.4288194444444444
2,aofb,greedy_surrogate,8,7022,122,2560,0,121,0.437890625
2,aofb,boba_ucb,1,7022,122,768,49,65,0.3828125
2,aofb,boba_ucb,2,7022,122,1024,13,78,0.388671875
2,aofb,boba_ucb,3,7022,122,1280,5,83,0.38828125
2,aofb,boba_ucb,4,7022,122,1536,3,86,0.3919270833333333
2,aofb,boba_ucb,5,7022,122,1792,8,94,0.40234375
2,aofb,boba_ucb,6,7022,122,2048,15,109,0.40625
2,aofb,boba_ucb,7,7022,122,2304,1,110,0.4171006944444444
2,aofb,boba_ucb,8,7022,122,2560,0,110,0.4
2,aofb,rabvs_budgeted_reliable,1,7022,122,768,49,65,0.3828125
2,aofb,rabvs_budgeted_reliable,2,7022,122,1024,13,78,0.388671875
2,aofb,rabvs_budgeted_reliable,3,7022,122,1280,5,83,0.38828125
2,aofb,rabvs_budgeted_reliable,4,7022,122,1536,3,86,0.3919270833333333
2,aofb,rabvs_budgeted_reliable,5,7022,122,1792,8,94,0.40234375
2,aofb,rabvs_budgeted_reliable,6,7022,122,2048,15,109,0.40625
2,aofb,rabvs_budgeted_reliable,7,7022,122,2304,1,110,0.4171006944444444
2,aofb,rabvs_budgeted_reliable,8,7022,122,2560,0,110,0.4
2,aofb,rabvs_budgeted_no_ucb,1,7022,122,768,55,71,0.37890625
2,aofb,rabvs_budgeted_no_ucb,2,7022,122,1024,28,99,0.4033203125
2,aofb,rabvs_budgeted_no_ucb,3,7022,122,1280,9,108,0.41875
2,aofb,rabvs_budgeted_no_ucb,4,7022,122,1536,7,115,0.416015625
2,aofb,rabvs_budgeted_no_ucb,5,7022,122,1792,2,117,0.41573660714285715
2,aofb,rabvs_budgeted_no_ucb,6,7022,122,2048,3,120,0.4169921875
2,aofb,rabvs_budgeted_no_ucb,7,7022,122,2304,0,120,0.4366319444444444
2,aofb,rabvs_budgeted_no_ucb,8,7022,122,2560,0,120,0.435546875
2,aofb,rabvs_budgeted_random_parts,1,7022,122,768,0,16,0.3450520833333333
2,aofb,rabvs_budgeted_random_parts,2,7022,122,1024,3,19,0.3603515625
2,aofb,rabvs_budgeted_random_parts,3,7022,122,1280,13,32,0.37265625
2,aofb,rabvs_budgeted_random_parts,4,7022,122,1536,24,56,0.3821614583333333
2,aofb,rabvs_budgeted_random_parts,5,7022,122,1792,4,60,0.3900669642857143
2,aofb,rabvs_budgeted_random_parts,6,7022,122,2048,1,61,0.40234375
2,aofb,rabvs_budgeted_random_parts,7,7022,122,2304,21,82,0.4140625
2,aofb,rabvs_budgeted_random_parts,8,7022,122,2560,8,90,0.41484375
0,bace1,greedy_surrogate,1,18383,283,768,206,222,0.41796875
0,bace1,greedy_surrogate,2,18383,283,1024,41,263,0.39453125
0,bace1,greedy_surrogate,3,18383,283,1280,7,270,0.40859375
0,bace1,greedy_surrogate,4,18383,283,1536,5,275,0.423828125
0,bace1,greedy_surrogate,5,18383,283,1792,1,276,0.42857142857142855
0,bace1,greedy_surrogate,6,18383,283,2048,1,277,0.43505859375
0,bace1,greedy_surrogate,7,18383,283,2304,0,277,0.4353298611111111
0,bace1,greedy_surrogate,8,18383,283,2560,1,278,0.440625
0,bace1,boba_ucb,1,18383,283,768,203,219,0.4049479166666667
0,bace1,boba_ucb,2,18383,283,1024,13,232,0.388671875
0,bace1,boba_ucb,3,18383,283,1280,2,234,0.39453125
0,bace1,boba_ucb,4,18383,283,1536,0,234,0.3997395833333333
0,bace1,boba_ucb,5,18383,283,1792,12,246,0.39620535714285715
0,bace1,boba_ucb,6,18383,283,2048,2,248,0.4306640625
0,bace1,boba_ucb,7,18383,283,2304,9,257,0.4301215277777778
0,bace1,boba_ucb,8,18383,283,2560,0,257,0.42421875
0,bace1,rabvs_budgeted_reliable,1,18383,283,768,203,219,0.4049479166666667
0,bace1,rabvs_budgeted_reliable,2,18383,283,1024,13,232,0.388671875
0,bace1,rabvs_budgeted_reliable,3,18383,283,1280,2,234,0.39453125
0,bace1,rabvs_budgeted_reliable,4,18383,283,1536,0,234,0.3997395833333333
0,bace1,rabvs_budgeted_reliable,5,18383,283,1792,12,246,0.39620535714285715
0,bace1,rabvs_budgeted_reliable,6,18383,283,2048,2,248,0.4306640625
0,bace1,rabvs_budgeted_reliable,7,18383,283,2304,9,257,0.4301215277777778
0,bace1,rabvs_budgeted_reliable,8,18383,283,2560,0,257,0.42421875
0,bace1,rabvs_budgeted_no_ucb,1,18383,283,768,209,225,0.41796875
0,bace1,rabvs_budgeted_no_ucb,2,18383,283,1024,40,265,0.3935546875
0,bace1,rabvs_budgeted_no_ucb,3,18383,283,1280,3,268,0.41171875
0,bace1,rabvs_budgeted_no_ucb,4,18383,283,1536,4,272,0.4114583333333333
0,bace1,rabvs_budgeted_no_ucb,5,18383,283,1792,3,275,0.42745535714285715
0,bace1,rabvs_budgeted_no_ucb,6,18383,283,2048,1,276,0.4384765625
0,bace1,rabvs_budgeted_no_ucb,7,18383,283,2304,0,276,0.4283854166666667
0,bace1,rabvs_budgeted_no_ucb,8,18383,283,2560,0,276,0.423046875
0,bace1,rabvs_budgeted_random_parts,1,18383,283,768,46,62,0.48828125
0,bace1,rabvs_budgeted_random_parts,2,18383,283,1024,9,71,0.44921875
0,bace1,rabvs_budgeted_random_parts,3,18383,283,1280,68,139,0.4265625
0,bace1,rabvs_budgeted_random_parts,4,18383,283,1536,79,218,0.4212239583333333
0,bace1,rabvs_budgeted_random_parts,5,18383,283,1792,1,219,0.43136160714285715
0,bace1,rabvs_budgeted_random_parts,6,18383,283,2048,6,225,0.42919921875
0,bace1,rabvs_budgeted_random_parts,7,18383,283,2304,29,254,0.4231770833333333
0,bace1,rabvs_budgeted_random_parts,8,18383,283,2560,4,258,0.430078125
1,bace1,greedy_surrogate,1,18383,283,768,191,207,0.3802083333333333
1,bace1,greedy_surrogate,2,18383,283,1024,56,263,0.4111328125
1,bace1,greedy_surrogate,3,18383,283,1280,7,270,0.4109375
1,bace1,greedy_surrogate,4,18383,283,1536,6,276,0.4225260416666667
1,bace1,greedy_surrogate,5,18383,283,1792,3,279,0.42801339285714285
1,bace1,greedy_surrogate,6,18383,283,2048,0,279,0.42578125
1,bace1,greedy_surrogate,7,18383,283,2304,1,280,0.4409722222222222
1,bace1,greedy_surrogate,8,18383,283,2560,0,280,0.446484375
1,bace1,boba_ucb,1,18383,283,768,160,176,0.3854166666666667
1,bace1,boba_ucb,2,18383,283,1024,1,177,0.408203125
1,bace1,boba_ucb,3,18383,283,1280,5,182,0.390625
1,bace1,boba_ucb,4,18383,283,1536,0,182,0.3854166666666667
1,bace1,boba_ucb,5,18383,283,1792,22,204,0.40234375
1,bace1,boba_ucb,6,18383,283,2048,32,236,0.4150390625
1,bace1,boba_ucb,7,18383,283,2304,5,241,0.4123263888888889
1,bace1,boba_ucb,8,18383,283,2560,17,258,0.42265625
1,bace1,rabvs_budgeted_reliable,1,18383,283,768,160,176,0.3854166666666667
1,bace1,rabvs_budgeted_reliable,2,18383,283,1024,1,177,0.408203125
1,bace1,rabvs_budgeted_reliable,3,18383,283,1280,5,182,0.390625
1,bace1,rabvs_budgeted_reliable,4,18383,283,1536,0,182,0.3854166666666667
1,bace1,rabvs_budgeted_reliable,5,18383,283,1792,22,204,0.40234375
1,bace1,rabvs_budgeted_reliable,6,18383,283,2048,32,236,0.4150390625
1,bace1,rabvs_budgeted_reliable,7,18383,283,2304,5,241,0.4123263888888889
1,bace1,rabvs_budgeted_reliable,8,18383,283,2560,17,258,0.42265625
1,bace1,rabvs_budgeted_no_ucb,1,18383,283,768,189,205,0.37890625
1,bace1,rabvs_budgeted_no_ucb,2,18383,283,1024,54,259,0.3974609375
1,bace1,rabvs_budgeted_no_ucb,3,18383,283,1280,14,273,0.4171875
1,bace1,rabvs_budgeted_no_ucb,4,18383,283,1536,5,278,0.4088541666666667
1,bace1,rabvs_budgeted_no_ucb,5,18383,283,1792,0,278,0.42299107142857145
1,bace1,rabvs_budgeted_no_ucb,6,18383,283,2048,0,278,0.43798828125
1,bace1,rabvs_budgeted_no_ucb,7,18383,283,2304,1,279,0.4479166666666667
1,bace1,rabvs_budgeted_no_ucb,8,18383,283,2560,1,280,0.448046875
1,bace1,rabvs_budgeted_random_parts,1,18383,283,768,9,25,0.4075520833333333
1,bace1,rabvs_budgeted_random_parts,2,18383,283,1024,3,28,0.4345703125
1,bace1,rabvs_budgeted_random_parts,3,18383,283,1280,0,28,0.4765625
1,bace1,rabvs_budgeted_random_parts,4,18383,283,1536,29,57,0.4694010416666667
1,bace1,rabvs_budgeted_random_parts,5,18383,283,1792,6,63,0.48604910714285715
1,bace1,rabvs_budgeted_random_parts,6,18383,283,2048,25,88,0.4853515625
1,bace1,rabvs_budgeted_random_parts,7,18383,283,2304,0,88,0.4991319444444444
1,bace1,rabvs_budgeted_random_parts,8,18383,283,2560,11,99,0.494140625
2,bace1,greedy_surrogate,1,18383,283,768,200,216,0.3489583333333333
2,bace1,greedy_surrogate,2,18383,283,1024,26,242,0.37109375
2,bace1,greedy_surrogate,3,18383,283,1280,22,264,0.3671875
2,bace1,greedy_surrogate,4,18383,283,1536,3,267,0.3776041666666667
2,bace1,greedy_surrogate,5,18383,283,1792,2,269,0.38839285714285715
2,bace1,greedy_surrogate,6,18383,283,2048,5,274,0.3935546875
2,bace1,greedy_surrogate,7,18383,283,2304,2,276,0.4049479166666667
2,bace1,greedy_surrogate,8,18383,283,2560,1,277,0.408984375
2,bace1,boba_ucb,1,18383,283,768,191,207,0.3580729166666667
2,bace1,boba_ucb,2,18383,283,1024,13,220,0.3857421875
2,bace1,boba_ucb,3,18383,283,1280,11,231,0.425
2,bace1,boba_ucb,4,18383,283,1536,1,232,0.4127604166666667
2,bace1,boba_ucb,5,18383,283,1792,26,258,0.42745535714285715
2,bace1,boba_ucb,6,18383,283,2048,6,264,0.42236328125
2,bace1,boba_ucb,7,18383,283,2304,0,264,0.4331597222222222
2,bace1,boba_ucb,8,18383,283,2560,2,266,0.4640625
2,bace1,rabvs_budgeted_reliable,1,18383,283,768,191,207,0.3580729166666667
2,bace1,rabvs_budgeted_reliable,2,18383,283,1024,13,220,0.3857421875
2,bace1,rabvs_budgeted_reliable,3,18383,283,1280,11,231,0.425
2,bace1,rabvs_budgeted_reliable,4,18383,283,1536,1,232,0.4127604166666667
2,bace1,rabvs_budgeted_reliable,5,18383,283,1792,26,258,0.42745535714285715
2,bace1,rabvs_budgeted_reliable,6,18383,283,2048,6,264,0.42236328125
2,bace1,rabvs_budgeted_reliable,7,18383,283,2304,0,264,0.4331597222222222
2,bace1,rabvs_budgeted_reliable,8,18383,283,2560,2,266,0.4640625
2,bace1,rabvs_budgeted_no_ucb,1,18383,283,768,200,216,0.3502604166666667
2,bace1,rabvs_budgeted_no_ucb,2,18383,283,1024,25,241,0.3779296875
2,bace1,rabvs_budgeted_no_ucb,3,18383,283,1280,18,259,0.39375
2,bace1,rabvs_budgeted_no_ucb,4,18383,283,1536,7,266,0.4192708333333333
2,bace1,rabvs_budgeted_no_ucb,5,18383,283,1792,6,272,0.41183035714285715
2,bace1,rabvs_budgeted_no_ucb,6,18383,283,2048,1,273,0.4208984375
2,bace1,rabvs_budgeted_no_ucb,7,18383,283,2304,2,275,0.4275173611111111
2,bace1,rabvs_budgeted_no_ucb,8,18383,283,2560,1,276,0.423828125
2,bace1,rabvs_budgeted_random_parts,1,18383,283,768,17,33,0.3997395833333333
2,bace1,rabvs_budgeted_random_parts,2,18383,283,1024,17,50,0.4296875
2,bace1,rabvs_budgeted_random_parts,3,18383,283,1280,18,68,0.44296875
2,bace1,rabvs_budgeted_random_parts,4,18383,283,1536,16,84,0.4583333333333333
2,bace1,rabvs_budgeted_random_parts,5,18383,283,1792,8,92,0.4693080357142857
2,bace1,rabvs_budgeted_random_parts,6,18383,283,2048,92,184,0.45458984375
2,bace1,rabvs_budgeted_random_parts,7,18383,283,2304,1,185,0.4592013888888889
2,bace1,rabvs_budgeted_random_parts,8,18383,283,2560,13,198,0.4640625
0,braf,greedy_surrogate,1,10102,152,768,129,145,0.390625
0,braf,greedy_surrogate,2,10102,152,1024,4,149,0.373046875
0,braf,greedy_surrogate,3,10102,152,1280,0,149,0.40078125
0,braf,greedy_surrogate,4,10102,152,1536,0,149,0.416015625
0,braf,greedy_surrogate,5,10102,152,1792,0,149,0.42410714285714285
0,braf,greedy_surrogate,6,10102,152,2048,0,149,0.423828125
0,braf,greedy_surrogate,7,10102,152,2304,0,149,0.4231770833333333
0,braf,greedy_surrogate,8,10102,152,2560,0,149,0.429296875
0,braf,boba_ucb,1,10102,152,768,125,141,0.3919270833333333
0,braf,boba_ucb,2,10102,152,1024,0,141,0.392578125
0,braf,boba_ucb,3,10102,152,1280,0,141,0.396875
0,braf,boba_ucb,4,10102,152,1536,0,141,0.40625
0,braf,boba_ucb,5,10102,152,1792,1,142,0.42410714285714285
0,braf,boba_ucb,6,10102,152,2048,0,142,0.4130859375
0,braf,boba_ucb,7,10102,152,2304,0,142,0.421875
0,braf,boba_ucb,8,10102,152,2560,4,146,0.41328125
0,braf,rabvs_budgeted_reliable,1,10102,152,768,125,141,0.3919270833333333
0,braf,rabvs_budgeted_reliable,2,10102,152,1024,0,141,0.392578125
0,braf,rabvs_budgeted_reliable,3,10102,152,1280,0,141,0.396875
0,braf,rabvs_budgeted_reliable,4,10102,152,1536,0,141,0.40625
0,braf,rabvs_budgeted_reliable,5,10102,152,1792,1,142,0.42410714285714285
0,braf,rabvs_budgeted_reliable,6,10102,152,2048,0,142,0.4130859375
0,braf,rabvs_budgeted_reliable,7,10102,152,2304,0,142,0.421875
0,braf,rabvs_budgeted_reliable,8,10102,152,2560,4,146,0.41328125
0,braf,rabvs_budgeted_no_ucb,1,10102,152,768,127,143,0.3932291666666667
0,braf,rabvs_budgeted_no_ucb,2,10102,152,1024,4,147,0.3779296875
0,braf,rabvs_budgeted_no_ucb,3,10102,152,1280,2,149,0.396875
0,braf,rabvs_budgeted_no_ucb,4,10102,152,1536,0,149,0.4095052083333333
0,braf,rabvs_budgeted_no_ucb,5,10102,152,1792,0,149,0.41294642857142855
0,braf,rabvs_budgeted_no_ucb,6,10102,152,2048,0,149,0.4033203125
0,braf,rabvs_budgeted_no_ucb,7,10102,152,2304,0,149,0.4053819444444444
0,braf,rabvs_budgeted_no_ucb,8,10102,152,2560,1,150,0.4140625
0,braf,rabvs_budgeted_random_parts,1,10102,152,768,3,19,0.390625
0,braf,rabvs_budgeted_random_parts,2,10102,152,1024,19,38,0.3818359375
0,braf,rabvs_budgeted_random_parts,3,10102,152,1280,0,38,0.41875
0,braf,rabvs_budgeted_random_parts,4,10102,152,1536,1,39,0.3951822916666667
0,braf,rabvs_budgeted_random_parts,5,10102,152,1792,28,67,0.4135044642857143
0,braf,rabvs_budgeted_random_parts,6,10102,152,2048,0,67,0.4296875
0,braf,rabvs_budgeted_random_parts,7,10102,152,2304,27,94,0.42578125
0,braf,rabvs_budgeted_random_parts,8,10102,152,2560,26,120,0.42890625
1,braf,greedy_surrogate,1,10102,152,768,130,146,0.3723958333333333
1,braf,greedy_surrogate,2,10102,152,1024,3,149,0.380859375
1,braf,greedy_surrogate,3,10102,152,1280,0,149,0.39375
1,braf,greedy_surrogate,4,10102,152,1536,0,149,0.419921875
1,braf,greedy_surrogate,5,10102,152,1792,0,149,0.4135044642857143
1,braf,greedy_surrogate,6,10102,152,2048,0,149,0.41015625
1,braf,greedy_surrogate,7,10102,152,2304,0,149,0.4157986111111111
1,braf,greedy_surrogate,8,10102,152,2560,0,149,0.424609375
1,braf,boba_ucb,1,10102,152,768,130,146,0.3815104166666667
1,braf,boba_ucb,2,10102,152,1024,0,146,0.4208984375
1,braf,boba_ucb,3,10102,152,1280,0,146,0.41640625
1,braf,boba_ucb,4,10102,152,1536,0,146,0.4264322916666667
1,braf,boba_ucb,5,10102,152,1792,1,147,0.4296875
1,braf,boba_ucb,6,10102,152,2048,0,147,0.439453125
1,braf,boba_ucb,7,10102,152,2304,0,147,0.4270833333333333
1,braf,boba_ucb,8,10102,152,2560,0,147,0.425390625
1,braf,rabvs_budgeted_reliable,1,10102,152,768,130,146,0.3815104166666667
1,braf,rabvs_budgeted_reliable,2,10102,152,1024,0,146,0.4208984375
1,braf,rabvs_budgeted_reliable,3,10102,152,1280,0,146,0.41640625
1,braf,rabvs_budgeted_reliable,4,10102,152,1536,0,146,0.4264322916666667
1,braf,rabvs_budgeted_reliable,5,10102,152,1792,1,147,0.4296875
1,braf,rabvs_budgeted_reliable,6,10102,152,2048,0,147,0.439453125
1,braf,rabvs_budgeted_reliable,7,10102,152,2304,0,147,0.4270833333333333
1,braf,rabvs_budgeted_reliable,8,10102,152,2560,0,147,0.425390625
1,braf,rabvs_budgeted_no_ucb,1,10102,152,768,131,147,0.359375
1,braf,rabvs_budgeted_no_ucb,2,10102,152,1024,1,148,0.3818359375
1,braf,rabvs_budgeted_no_ucb,3,10102,152,1280,1,149,0.3859375
1,braf,rabvs_budgeted_no_ucb,4,10102,152,1536,0,149,0.3990885416666667
1,braf,rabvs_budgeted_no_ucb,5,10102,152,1792,0,149,0.40736607142857145
1,braf,rabvs_budgeted_no_ucb,6,10102,152,2048,0,149,0.43212890625
1,braf,rabvs_budgeted_no_ucb,7,10102,152,2304,1,150,0.4266493055555556
1,braf,rabvs_budgeted_no_ucb,8,10102,152,2560,0,150,0.427734375
1,braf,rabvs_budgeted_random_parts,1,10102,152,768,30,46,0.37890625
1,braf,rabvs_budgeted_random_parts,2,10102,152,1024,0,46,0.3818359375
1,braf,rabvs_budgeted_random_parts,3,10102,152,1280,0,46,0.39453125
1,braf,rabvs_budgeted_random_parts,4,10102,152,1536,1,47,0.3828125
1,braf,rabvs_budgeted_random_parts,5,10102,152,1792,0,47,0.4068080357142857
1,braf,rabvs_budgeted_random_parts,6,10102,152,2048,0,47,0.404296875
1,braf,rabvs_budgeted_random_parts,7,10102,152,2304,0,47,0.4006076388888889
1,braf,rabvs_budgeted_random_parts,8,10102,152,2560,0,47,0.414453125
2,braf,greedy_surrogate,1,10102,152,768,129,145,0.4127604166666667
2,braf,greedy_surrogate,2,10102,152,1024,5,150,0.4248046875
2,braf,greedy_surrogate,3,10102,152,1280,1,151,0.42109375
2,braf,greedy_surrogate,4,10102,152,1536,0,151,0.419921875
2,braf,greedy_surrogate,5,10102,152,1792,0,151,0.42354910714285715
2,braf,greedy_surrogate,6,10102,152,2048,0,151,0.4365234375
2,braf,greedy_surrogate,7,10102,152,2304,0,151,0.4236111111111111
2,braf,greedy_surrogate,8,10102,152,2560,0,151,0.4296875
2,braf,boba_ucb,1,10102,152,768,129,145,0.3997395833333333
2,braf,boba_ucb,2,10102,152,1024,3,148,0.423828125
2,braf,boba_ucb,3,10102,152,1280,0,148,0.4515625
2,braf,boba_ucb,4,10102,152,1536,0,148,0.4069010416666667
2,braf,boba_ucb,5,10102,152,1792,2,150,0.41238839285714285
2,braf,boba_ucb,6,10102,152,2048,0,150,0.41748046875
2,braf,boba_ucb,7,10102,152,2304,0,150,0.4166666666666667
2,braf,boba_ucb,8,10102,152,2560,0,150,0.415625
2,braf,rabvs_budgeted_reliable,1,10102,152,768,129,145,0.3997395833333333
2,braf,rabvs_budgeted_reliable,2,10102,152,1024,3,148,0.423828125
2,braf,rabvs_budgeted_reliable,3,10102,152,1280,0,148,0.4515625
2,braf,rabvs_budgeted_reliable,4,10102,152,1536,0,148,0.4069010416666667
2,braf,rabvs_budgeted_reliable,5,10102,152,1792,2,150,0.41238839285714285
2,braf,rabvs_budgeted_reliable,6,10102,152,2048,0,150,0.41748046875
2,braf,rabvs_budgeted_reliable,7,10102,152,2304,0,150,0.4166666666666667
2,braf,rabvs_budgeted_reliable,8,10102,152,2560,0,150,0.415625
2,braf,rabvs_budgeted_no_ucb,1,10102,152,768,130,146,0.41015625
2,braf,rabvs_budgeted_no_ucb,2,10102,152,1024,4,150,0.44921875
2,braf,rabvs_budgeted_no_ucb,3,10102,152,1280,1,151,0.43515625
2,braf,rabvs_budgeted_no_ucb,4,10102,152,1536,0,151,0.4186197916666667
2,braf,rabvs_budgeted_no_ucb,5,10102,152,1792,0,151,0.41908482142857145
2,braf,rabvs_budgeted_no_ucb,6,10102,152,2048,0,151,0.42138671875
2,braf,rabvs_budgeted_no_ucb,7,10102,152,2304,0,151,0.4118923611111111
2,braf,rabvs_budgeted_no_ucb,8,10102,152,2560,0,151,0.39921875
2,braf,rabvs_budgeted_random_parts,1,10102,152,768,1,17,0.42578125
2,braf,rabvs_budgeted_random_parts,2,10102,152,1024,44,61,0.400390625
2,braf,rabvs_budgeted_random_parts,3,10102,152,1280,0,61,0.39140625
2,braf,rabvs_budgeted_random_parts,4,10102,152,1536,46,107,0.3815104166666667
2,braf,rabvs_budgeted_random_parts,5,10102,152,1792,0,107,0.38783482142857145
2,braf,rabvs_budgeted_random_parts,6,10102,152,2048,0,107,0.38720703125
2,braf,rabvs_budgeted_random_parts,7,10102,152,2304,8,115,0.3849826388888889
2,braf,rabvs_budgeted_random_parts,8,10102,152,2560,3,118,0.401953125
0,cah2,greedy_surrogate,1,31664,492,768,256,272,0.56640625
0,cah2,greedy_surrogate,2,31664,492,1024,183,455,0.5576171875
0,cah2,greedy_surrogate,3,31664,492,1280,31,486,0.565625
0,cah2,greedy_surrogate,4,31664,492,1536,1,487,0.5735677083333334
0,cah2,greedy_surrogate,5,31664,492,1792,0,487,0.5825892857142857
0,cah2,greedy_surrogate,6,31664,492,2048,0,487,0.57666015625
0,cah2,greedy_surrogate,7,31664,492,2304,1,488,0.5698784722222222
0,cah2,greedy_surrogate,8,31664,492,2560,1,489,0.57421875
0,cah2,boba_ucb,1,31664,492,768,256,272,0.56640625
0,cah2,boba_ucb,2,31664,492,1024,16,288,0.5849609375
0,cah2,boba_ucb,3,31664,492,1280,22,310,0.56953125
0,cah2,boba_ucb,4,31664,492,1536,1,311,0.5475260416666666
0,cah2,boba_ucb,5,31664,492,1792,0,311,0.5457589285714286
0,cah2,boba_ucb,6,31664,492,2048,16,327,0.54248046875
0,cah2,boba_ucb,7,31664,492,2304,1,328,0.5494791666666666
0,cah2,boba_ucb,8,31664,492,2560,0,328,0.535546875
0,cah2,rabvs_budgeted_reliable,1,31664,492,768,256,272,0.56640625
0,cah2,rabvs_budgeted_reliable,2,31664,492,1024,16,288,0.5849609375
0,cah2,rabvs_budgeted_reliable,3,31664,492,1280,22,310,0.56953125
0,cah2,rabvs_budgeted_reliable,4,31664,492,1536,1,311,0.5475260416666666
0,cah2,rabvs_budgeted_reliable,5,31664,492,1792,0,311,0.5457589285714286
0,cah2,rabvs_budgeted_reliable,6,31664,492,2048,16,327,0.54248046875
0,cah2,rabvs_budgeted_reliable,7,31664,492,2304,1,328,0.5494791666666666
0,cah2,rabvs_budgeted_reliable,8,31664,492,2560,0,328,0.535546875
0,cah2,rabvs_budgeted_no_ucb,1,31664,492,768,256,272,0.56640625
0,cah2,rabvs_budgeted_no_ucb,2,31664,492,1024,182,454,0.55859375
0,cah2,rabvs_budgeted_no_ucb,3,31664,492,1280,31,485,0.578125
0,cah2,rabvs_budgeted_no_ucb,4,31664,492,1536,1,486,0.5755208333333334
0,cah2,rabvs_budgeted_no_ucb,5,31664,492,1792,1,487,0.5708705357142857
0,cah2,rabvs_budgeted_no_ucb,6,31664,492,2048,0,487,0.55126953125
0,cah2,rabvs_budgeted_no_ucb,7,31664,492,2304,0,487,0.5451388888888888
0,cah2,rabvs_budgeted_no_ucb,8,31664,492,2560,1,488,0.5375
0,cah2,rabvs_budgeted_random_parts,1,31664,492,768,2,18,0.5221354166666666
0,cah2,rabvs_budgeted_random_parts,2,31664,492,1024,167,185,0.5380859375
0,cah2,rabvs_budgeted_random_parts,3,31664,492,1280,113,298,0.52265625
0,cah2,rabvs_budgeted_random_parts,4,31664,492,1536,23,321,0.5325520833333334
0,cah2,rabvs_budgeted_random_parts,5,31664,492,1792,3,324,0.5446428571428571
0,cah2,rabvs_budgeted_random_parts,6,31664,492,2048,0,324,0.5400390625
0,cah2,rabvs_budgeted_random_parts,7,31664,492,2304,0,324,0.5473090277777778
0,cah2,rabvs_budgeted_random_parts,8,31664,492,2560,2,326,0.546484375
1,cah2,greedy_surrogate,1,31664,492,768,255,271,0.5364583333333334
1,cah2,greedy_surrogate,2,31664,492,1024,203,474,0.5283203125
1,cah2,greedy_surrogate,3,31664,492,1280,13,487,0.54609375
1,cah2,greedy_surrogate,4,31664,492,1536,0,487,0.5611979166666666
1,cah2,greedy_surrogate,5,31664,492,1792,0,487,0.5569196428571429
1,cah2,greedy_surrogate,6,31664,492,2048,0,487,0.5634765625
1,cah2,greedy_surrogate,7,31664,492,2304,1,488,0.5629340277777778
1,cah2,greedy_surrogate,8,31664,492,2560,1,489,0.555078125
1,cah2,boba_ucb,1,31664,492,768,255,271,0.5364583333333334
1,cah2,boba_ucb,2,31664,492,1024,38,309,0.56640625
1,cah2,boba_ucb,3,31664,492,1280,1,310,0.53203125
1,cah2,boba_ucb,4,31664,492,1536,0,310,0.5201822916666666
1,cah2,boba_ucb,5,31664,492,1792,0,310,0.5457589285714286
1,cah2,boba_ucb,6,31664,492,2048,28,338,0.560546875
1,cah2,boba_ucb,7,31664,492,2304,14,352,0.5481770833333334
1,cah2,boba_ucb,8,31664,492,2560,1,353,0.53984375
1,cah2,rabvs_budgeted_reliable,1,31664,492,768,255,271,0.5364583333333334
1,cah2,rabvs_budgeted_reliable,2,31664,492,1024,38,309,0.56640625
1,cah2,rabvs_budgeted_reliable,3,31664,492,1280,1,310,0.53203125
1,cah2,rabvs_budgeted_reliable,4,31664,492,1536,0,310,0.5201822916666666
1,cah2,rabvs_budgeted_reliable,5,31664,492,1792,0,310,0.5457589285714286
1,cah2,rabvs_budgeted_reliable,6,31664,492,2048,28,338,0.560546875
1,cah2,rabvs_budgeted_reliable,7,31664,492,2304,14,352,0.5481770833333334
1,cah2,rabvs_budgeted_reliable,8,31664,492,2560,1,353,0.53984375
1,cah2,rabvs_budgeted_no_ucb,1,31664,492,768,255,271,0.5364583333333334
1,cah2,rabvs_budgeted_no_ucb,2,31664,492,1024,198,469,0.533203125
1,cah2,rabvs_budgeted_no_ucb,3,31664,492,1280,14,483,0.53515625
1,cah2,rabvs_budgeted_no_ucb,4,31664,492,1536,3,486,0.5481770833333334
1,cah2,rabvs_budgeted_no_ucb,5,31664,492,1792,1,487,0.5541294642857143
1,cah2,rabvs_budgeted_no_ucb,6,31664,492,2048,0,487,0.54443359375
1,cah2,rabvs_budgeted_no_ucb,7,31664,492,2304,1,488,0.5325520833333334
1,cah2,rabvs_budgeted_no_ucb,8,31664,492,2560,1,489,0.538671875
1,cah2,rabvs_budgeted_random_parts,1,31664,492,768,77,93,0.4583333333333333
1,cah2,rabvs_budgeted_random_parts,2,31664,492,1024,8,101,0.490234375
1,cah2,rabvs_budgeted_random_parts,3,31664,492,1280,32,133,0.55
1,cah2,rabvs_budgeted_random_parts,4,31664,492,1536,0,133,0.5423177083333334
1,cah2,rabvs_budgeted_random_parts,5,31664,492,1792,5,138,0.5485491071428571
1,cah2,rabvs_budgeted_random_parts,6,31664,492,2048,0,138,0.521484375
1,cah2,rabvs_budgeted_random_parts,7,31664,492,2304,156,294,0.5230034722222222
1,cah2,rabvs_budgeted_random_parts,8,31664,492,2560,144,438,0.547265625
2,cah2,greedy_surrogate,1,31664,492,768,255,271,0.546875
2,cah2,greedy_surrogate,2,31664,492,1024,187,458,0.556640625
2,cah2,greedy_surrogate,3,31664,492,1280,30,488,0.5515625
2,cah2,greedy_surrogate,4,31664,492,1536,0,488,0.5618489583333334
2,cah2,greedy_surrogate,5,31664,492,1792,0,488,0.5625
2,cah2,greedy_surrogate,6,31664,492,2048,0,488,0.56103515625
2,cah2,greedy_surrogate,7,31664,492,2304,1,489,0.5581597222222222
2,cah2,greedy_surrogate,8,31664,492,2560,1,490,0.5609375
2,cah2,boba_ucb,1,31664,492,768,256,272,0.5455729166666666
2,cah2,boba_ucb,2,31664,492,1024,35,307,0.5986328125
2,cah2,boba_ucb,3,31664,492,1280,1,308,0.6
2,cah2,boba_ucb,4,31664,492,1536,0,308,0.5611979166666666
2,cah2,boba_ucb,5,31664,492,1792,0,308,0.5552455357142857
2,cah2,boba_ucb,6,31664,492,2048,0,308,0.54638671875
2,cah2,boba_ucb,7,31664,492,2304,0,308,0.5329861111111112
2,cah2,boba_ucb,8,31664,492,2560,0,308,0.5421875
2,cah2,rabvs_budgeted_reliable,1,31664,492,768,256,272,0.5455729166666666
2,cah2,rabvs_budgeted_reliable,2,31664,492,1024,35,307,0.5986328125
2,cah2,rabvs_budgeted_reliable,3,31664,492,1280,1,308,0.6
2,cah2,rabvs_budgeted_reliable,4,31664,492,1536,0,308,0.5611979166666666
2,cah2,rabvs_budgeted_reliable,5,31664,492,1792,0,308,0.5552455357142857
2,cah2,rabvs_budgeted_reliable,6,31664,492,2048,0,308,0.54638671875
2,cah2,rabvs_budgeted_reliable,7,31664,492,2304,0,308,0.5329861111111112
2,cah2,rabvs_budgeted_reliable,8,31664,492,2560,0,308,0.5421875
2,cah2,rabvs_budgeted_no_ucb,1,31664,492,768,255,271,0.546875
2,cah2,rabvs_budgeted_no_ucb,2,31664,492,1024,188,459,0.5556640625
2,cah2,rabvs_budgeted_no_ucb,3,31664,492,1280,28,487,0.54609375
2,cah2,rabvs_budgeted_no_ucb,4,31664,492,1536,1,488,0.5690104166666666
2,cah2,rabvs_budgeted_no_ucb,5,31664,492,1792,1,489,0.5563616071428571
2,cah2,rabvs_budgeted_no_ucb,6,31664,492,2048,0,489,0.5546875
2,cah2,rabvs_budgeted_no_ucb,7,31664,492,2304,1,490,0.5616319444444444
2,cah2,rabvs_budgeted_no_ucb,8,31664,492,2560,0,490,0.5640625
2,cah2,rabvs_budgeted_random_parts,1,31664,492,768,256,272,0.5390625
2,cah2,rabvs_budgeted_random_parts,2,31664,492,1024,10,282,0.55078125
2,cah2,rabvs_budgeted_random_parts,3,31664,492,1280,1,283,0.56640625
2,cah2,rabvs_budgeted_random_parts,4,31664,492,1536,0,283,0.57421875
2,cah2,rabvs_budgeted_random_parts,5,31664,492,1792,23,306,0.5747767857142857
2,cah2,rabvs_budgeted_random_parts,6,31664,492,2048,8,314,0.576171875
2,cah2,rabvs_budgeted_random_parts,7,31664,492,2304,5,319,0.57421875
2,cah2,rabvs_budgeted_random_parts,8,31664,492,2560,7,326,0.5734375
0,casp3,greedy_surrogate,1,10899,199,768,161,177,0.4830729166666667
0,casp3,greedy_surrogate,2,10899,199,1024,16,193,0.4814453125
0,casp3,greedy_surrogate,3,10899,199,1280,4,197,0.4796875
0,casp3,greedy_surrogate,4,10899,199,1536,0,197,0.482421875
0,casp3,greedy_surrogate,5,10899,199,1792,0,197,0.4810267857142857
0,casp3,greedy_surrogate,6,10899,199,2048,0,197,0.4814453125
0,casp3,greedy_surrogate,7,10899,199,2304,0,197,0.4878472222222222
0,casp3,greedy_surrogate,8,10899,199,2560,0,197,0.493359375
0,casp3,boba_ucb,1,10899,199,768,156,172,0.4908854166666667
0,casp3,boba_ucb,2,10899,199,1024,1,173,0.5166015625
0,casp3,boba_ucb,3,10899,199,1280,0,173,0.51875
0,casp3,boba_ucb,4,10899,199,1536,0,173,0.5436197916666666
0,casp3,boba_ucb,5,10899,199,1792,4,177,0.5329241071428571
0,casp3,boba_ucb,6,10899,199,2048,4,181,0.513671875
0,casp3,boba_ucb,7,10899,199,2304,0,181,0.5043402777777778
0,casp3,boba_ucb,8,10899,199,2560,5,186,0.48828125
0,casp3,rabvs_budgeted_reliable,1,10899,199,768,156,172,0.4908854166666667
0,casp3,rabvs_budgeted_reliable,2,10899,199,1024,1,173,0.5166015625
0,casp3,rabvs_budgeted_reliable,3,10899,199,1280,0,173,0.51875
0,casp3,rabvs_budgeted_reliable,4,10899,199,1536,0,173,0.5436197916666666
0,casp3,rabvs_budgeted_reliable,5,10899,199,1792,4,177,0.5329241071428571
0,casp3,rabvs_budgeted_reliable,6,10899,199,2048,4,181,0.513671875
0,casp3,rabvs_budgeted_reliable,7,10899,199,2304,0,181,0.5043402777777778
0,casp3,rabvs_budgeted_reliable,8,10899,199,2560,5,186,0.48828125
0,casp3,rabvs_budgeted_no_ucb,1,10899,199,768,163,179,0.4869791666666667
0,casp3,rabvs_budgeted_no_ucb,2,10899,199,1024,15,194,0.4921875
0,casp3,rabvs_budgeted_no_ucb,3,10899,199,1280,1,195,0.5015625
0,casp3,rabvs_budgeted_no_ucb,4,10899,199,1536,2,197,0.498046875
0,casp3,rabvs_budgeted_no_ucb,5,10899,199,1792,0,197,0.4849330357142857
0,casp3,rabvs_budgeted_no_ucb,6,10899,199,2048,0,197,0.48779296875
0,casp3,rabvs_budgeted_no_ucb,7,10899,199,2304,1,198,0.4778645833333333
0,casp3,rabvs_budgeted_no_ucb,8,10899,199,2560,1,199,0.480859375
0,casp3,rabvs_budgeted_random_parts,1,10899,199,768,19,35,0.5143229166666666
0,casp3,rabvs_budgeted_random_parts,2,10899,199,1024,0,35,0.5234375
0,casp3,rabvs_budgeted_random_parts,3,10899,199,1280,3,38,0.5046875
0,casp3,rabvs_budgeted_random_parts,4,10899,199,1536,54,92,0.5
0,casp3,rabvs_budgeted_random_parts,5,10899,199,1792,9,101,0.5
0,casp3,rabvs_budgeted_random_parts,6,10899,199,2048,1,102,0.5
0,casp3,rabvs_budgeted_random_parts,7,10899,199,2304,2,104,0.4982638888888889
0,casp3,rabvs_budgeted_random_parts,8,10899,199,2560,3,107,0.498828125
1,casp3,greedy_surrogate,1,10899,199,768,155,171,0.4908854166666667
1,casp3,greedy_surrogate,2,10899,199,1024,18,189,0.490234375
1,casp3,greedy_surrogate,3,10899,199,1280,3,192,0.5203125
1,casp3,greedy_surrogate,4,10899,199,1536,1,193,0.5110677083333334
1,casp3,greedy_surrogate,5,10899,199,1792,3,196,0.49776785714285715
1,casp3,greedy_surrogate,6,10899,199,2048,1,197,0.48876953125
1,casp3,greedy_surrogate,7,10899,199,2304,0,197,0.4969618055555556
1,casp3,greedy_surrogate,8,10899,199,2560,0,197,0.4875
1,casp3,boba_ucb,1,10899,199,768,149,165,0.4934895833333333
1,casp3,boba_ucb,2,10899,199,1024,2,167,0.451171875
1,casp3,boba_ucb,3,10899,199,1280,0,167,0.46015625
1,casp3,boba_ucb,4,10899,199,1536,2,169,0.494140625
1,casp3,boba_ucb,5,10899,199,1792,3,172,0.49776785714285715
1,casp3,boba_ucb,6,10899,199,2048,12,184,0.498046875
1,casp3,boba_ucb,7,10899,199,2304,3,187,0.4995659722222222
1,casp3,boba_ucb,8,10899,199,2560,0,187,0.505078125
1,casp3,rabvs_budgeted_reliable,1,10899,199,768,149,165,0.4934895833333333
1,casp3,rabvs_budgeted_reliable,2,10899,199,1024,2,167,0.451171875
1,casp3,rabvs_budgeted_reliable,3,10899,199,1280,0,167,0.46015625
1,casp3,rabvs_budgeted_reliable,4,10899,199,1536,2,169,0.494140625
1,casp3,rabvs_budgeted_reliable,5,10899,199,1792,3,172,0.49776785714285715
1,casp3,rabvs_budgeted_reliable,6,10899,199,2048,12,184,0.498046875
1,casp3,rabvs_budgeted_reliable,7,10899,199,2304,3,187,0.4995659722222222
1,casp3,rabvs_budgeted_reliable,8,10899,199,2560,0,187,0.505078125
1,casp3,rabvs_budgeted_no_ucb,1,10899,199,768,154,170,0.49609375
1,casp3,rabvs_budgeted_no_ucb,2,10899,199,1024,19,189,0.4794921875
1,casp3,rabvs_budgeted_no_ucb,3,10899,199,1280,3,192,0.50078125
1,casp3,rabvs_budgeted_no_ucb,4,10899,199,1536,2,194,0.509765625
1,casp3,rabvs_budgeted_no_ucb,5,10899,199,1792,3,197,0.4877232142857143
1,casp3,rabvs_budgeted_no_ucb,6,10899,199,2048,0,197,0.49609375
1,casp3,rabvs_budgeted_no_ucb,7,10899,199,2304,0,197,0.4952256944444444
1,casp3,rabvs_budgeted_no_ucb,8,10899,199,2560,1,198,0.483984375
1,casp3,rabvs_budgeted_random_parts,1,10899,199,768,1,17,0.53125
1,casp3,rabvs_budgeted_random_parts,2,10899,199,1024,6,23,0.5615234375
1,casp3,rabvs_budgeted_random_parts,3,10899,199,1280,1,24,0.52265625
1,casp3,rabvs_budgeted_random_parts,4,10899,199,1536,19,43,0.515625
1,casp3,rabvs_budgeted_random_parts,5,10899,199,1792,3,46,0.5150669642857143
1,casp3,rabvs_budgeted_random_parts,6,10899,199,2048,0,46,0.5205078125
1,casp3,rabvs_budgeted_random_parts,7,10899,199,2304,0,46,0.5069444444444444
1,casp3,rabvs_budgeted_random_parts,8,10899,199,2560,3,49,0.52734375
2,casp3,greedy_surrogate,1,10899,199,768,164,180,0.5
2,casp3,greedy_surrogate,2,10899,199,1024,12,192,0.50390625
2,casp3,greedy_surrogate,3,10899,199,1280,2,194,0.51328125
2,casp3,greedy_surrogate,4,10899,199,1536,2,196,0.5
2,casp3,greedy_surrogate,5,10899,199,1792,1,197,0.5022321428571429
2,casp3,greedy_surrogate,6,10899,199,2048,0,197,0.49755859375
2,casp3,greedy_surrogate,7,10899,199,2304,0,197,0.4995659722222222
2,casp3,greedy_surrogate,8,10899,199,2560,0,197,0.5015625
2,casp3,boba_ucb,1,10899,199,768,146,162,0.4752604166666667
2,casp3,boba_ucb,2,10899,199,1024,17,179,0.5
2,casp3,boba_ucb,3,10899,199,1280,0,179,0.50859375
2,casp3,boba_ucb,4,10899,199,1536,0,179,0.5462239583333334
2,casp3,boba_ucb,5,10899,199,1792,4,183,0.54296875
2,casp3,boba_ucb,6,10899,199,2048,0,183,0.53515625
2,casp3,boba_ucb,7,10899,199,2304,2,185,0.5360243055555556
2,casp3,boba_ucb,8,10899,199,2560,0,185,0.533984375
2,casp3,rabvs_budgeted_reliable,1,10899,199,768,146,162,0.4752604166666667
2,casp3,rabvs_budgeted_reliable,2,10899,199,1024,17,179,0.5
2,casp3,rabvs_budgeted_reliable,3,10899,199,1280,0,179,0.50859375
2,casp3,rabvs_budgeted_reliable,4,10899,199,1536,0,179,0.5462239583333334
2,casp3,rabvs_budgeted_reliable,5,10899,199,1792,4,183,0.54296875
2,casp3,rabvs_budgeted_reliable,6,10899,199,2048,0,183,0.53515625
2,casp3,rabvs_budgeted_reliable,7,10899,199,2304,2,185,0.5360243055555556
2,casp3,rabvs_budgeted_reliable,8,10899,199,2560,0,185,0.533984375
2,casp3,rabvs_budgeted_no_ucb,1,10899,199,768,164,180,0.4973958333333333
2,casp3,rabvs_budgeted_no_ucb,2,10899,199,1024,8,188,0.5048828125
2,casp3,rabvs_budgeted_no_ucb,3,10899,199,1280,5,193,0.528125
2,casp3,rabvs_budgeted_no_ucb,4,10899,199,1536,0,193,0.5299479166666666
2,casp3,rabvs_budgeted_no_ucb,5,10899,199,1792,1,194,0.5401785714285714
2,casp3,rabvs_budgeted_no_ucb,6,10899,199,2048,3,197,0.51904296875
2,casp3,rabvs_budgeted_no_ucb,7,10899,199,2304,1,198,0.51171875
2,casp3,rabvs_budgeted_no_ucb,8,10899,199,2560,0,198,0.5
2,casp3,rabvs_budgeted_random_parts,1,10899,199,768,17,33,0.5442708333333334
2,casp3,rabvs_budgeted_random_parts,2,10899,199,1024,35,68,0.5244140625
2,casp3,rabvs_budgeted_random_parts,3,10899,199,1280,36,104,0.5265625
2,casp3,rabvs_budgeted_random_parts,4,10899,199,1536,34,138,0.5221354166666666
2,casp3,rabvs_budgeted_random_parts,5,10899,199,1792,2,140,0.53515625
2,casp3,rabvs_budgeted_random_parts,6,10899,199,2048,8,148,0.5498046875
2,casp3,rabvs_budgeted_random_parts,7,10899,199,2304,0,148,0.5321180555555556
2,casp3,rabvs_budgeted_random_parts,8,10899,199,2560,3,151,0.53984375
0,cdk2,greedy_surrogate,1,28324,474,768,168,184,0.4427083333333333
0,cdk2,greedy_surrogate,2,28324,474,1024,90,274,0.4482421875
0,cdk2,greedy_surrogate,3,28324,474,1280,50,324,0.446875
0,cdk2,greedy_surrogate,4,28324,474,1536,26,350,0.4713541666666667
0,cdk2,greedy_surrogate,5,28324,474,1792,24,374,0.47377232142857145
0,cdk2,greedy_surrogate,6,28324,474,2048,20,394,0.4814453125
0,cdk2,greedy_surrogate,7,28324,474,2304,12,406,0.4748263888888889
0,cdk2,greedy_surrogate,8,28324,474,2560,9,415,0.475390625
0,cdk2,boba_ucb,1,28324,474,768,111,127,0.4427083333333333
0,cdk2,boba_ucb,2,28324,474,1024,66,193,0.4775390625
0,cdk2,boba_ucb,3,28324,474,1280,51,244,0.4734375
0,cdk2,boba_ucb,4,28324,474,1536,34,278,0.4817708333333333
0,cdk2,boba_ucb,5,28324,474,1792,5,283,0.49832589285714285
0,cdk2,boba_ucb,6,28324,474,2048,27,310,0.4755859375
0,cdk2,boba_ucb,7,28324,474,2304,12,322,0.4796006944444444
0,cdk2,boba_ucb,8,28324,474,2560,13,335,0.476953125
0,cdk2,rabvs_budgeted_reliable,1,28324,474,768,111,127,0.4427083333333333
0,cdk2,rabvs_budgeted_reliable,2,28324,474,1024,66,193,0.4775390625
0,cdk2,rabvs_budgeted_reliable,3,28324,474,1280,51,244,0.4734375
0,cdk2,rabvs_budgeted_reliable,4,28324,474,1536,34,278,0.4817708333333333
0,cdk2,rabvs_budgeted_reliable,5,28324,474,1792,5,283,0.49832589285714285
0,cdk2,rabvs_budgeted_reliable,6,28324,474,2048,27,310,0.4755859375
0,cdk2,rabvs_budgeted_reliable,7,28324,474,2304,12,322,0.4796006944444444
0,cdk2,rabvs_budgeted_reliable,8,28324,474,2560,13,335,0.476953125
0,cdk2,rabvs_budgeted_no_ucb,1,28324,474,768,166,182,0.4440104166666667
0,cdk2,rabvs_budgeted_no_ucb,2,28324,474,1024,81,263,0.455078125
0,cdk2,rabvs_budgeted_no_ucb,3,28324,474,1280,45,308,0.43984375
0,cdk2,rabvs_budgeted_no_ucb,4,28324,474,1536,30,338,0.427734375
0,cdk2,rabvs_budgeted_no_ucb,5,28324,474,1792,19,357,0.4453125
0,cdk2,rabvs_budgeted_no_ucb,6,28324,474,2048,18,375,0.44775390625
0,cdk2,rabvs_budgeted_no_ucb,7,28324,474,2304,19,394,0.4561631944444444
0,cdk2,rabvs_budgeted_no_ucb,8,28324,474,2560,16,410,0.453125
0,cdk2,rabvs_budgeted_random_parts,1,28324,474,768,33,49,0.4817708333333333
0,cdk2,rabvs_budgeted_random_parts,2,28324,474,1024,57,106,0.4453125
0,cdk2,rabvs_budgeted_random_parts,3,28324,474,1280,33,139,0.46015625
0,cdk2,rabvs_budgeted_random_parts,4,28324,474,1536,25,164,0.45703125
0,cdk2,rabvs_budgeted_random_parts,5,28324,474,1792,13,177,0.46205357142857145
0,cdk2,rabvs_budgeted_random_parts,6,28324,474,2048,12,189,0.45556640625
0,cdk2,rabvs_budgeted_random_parts,7,28324,474,2304,9,198,0.4665798611111111
0,cdk2,rabvs_budgeted_random_parts,8,28324,474,2560,26,224,0.459375
1,cdk2,greedy_surrogate,1,28324,474,768,93,109,0.515625
1,cdk2,greedy_surrogate,2,28324,474,1024,104,213,0.478515625
1,cdk2,greedy_surrogate,3,28324,474,1280,76,289,0.46796875
1,cdk2,greedy_surrogate,4,28324,474,1536,38,327,0.4622395833333333
1,cdk2,greedy_surrogate,5,28324,474,1792,29,356,0.45479910714285715
1,cdk2,greedy_surrogate,6,28324,474,2048,28,384,0.46923828125
1,cdk2,greedy_surrogate,7,28324,474,2304,14,398,0.4635416666666667
1,cdk2,greedy_surrogate,8,28324,474,2560,14,412,0.47265625
1,cdk2,boba_ucb,1,28324,474,768,39,55,0.5416666666666666
1,cdk2,boba_ucb,2,28324,474,1024,76,131,0.4892578125
1,cdk2,boba_ucb,3,28324,474,1280,65,196,0.459375
1,cdk2,boba_ucb,4,28324,474,1536,6,202,0.4459635416666667
1,cdk2,boba_ucb,5,28324,474,1792,6,208,0.47154017857142855
1,cdk2,boba_ucb,6,28324,474,2048,83,291,0.466796875
1,cdk2,boba_ucb,7,28324,474,2304,19,310,0.4704861111111111
1,cdk2,boba_ucb,8,28324,474,2560,6,316,0.48046875
1,cdk2,rabvs_budgeted_reliable,1,28324,474,768,39,55,0.5416666666666666
1,cdk2,rabvs_budgeted_reliable,2,28324,474,1024,76,131,0.4892578125
1,cdk2,rabvs_budgeted_reliable,3,28324,474,1280,65,196,0.459375
1,cdk2,rabvs_budgeted_reliable,4,28324,474,1536,6,202,0.4459635416666667
1,cdk2,rabvs_budgeted_reliable,5,28324,474,1792,6,208,0.47154017857142855
1,cdk2,rabvs_budgeted_reliable,6,28324,474,2048,83,291,0.466796875
1,cdk2,rabvs_budgeted_reliable,7,28324,474,2304,19,310,0.4704861111111111
1,cdk2,rabvs_budgeted_reliable,8,28324,474,2560,6,316,0.48046875
1,cdk2,rabvs_budgeted_no_ucb,1,28324,474,768,99,115,0.51171875
1,cdk2,rabvs_budgeted_no_ucb,2,28324,474,1024,105,220,0.4658203125
1,cdk2,rabvs_budgeted_no_ucb,3,28324,474,1280,80,300,0.45859375
1,cdk2,rabvs_budgeted_no_ucb,4,28324,474,1536,46,346,0.4622395833333333
1,cdk2,rabvs_budgeted_no_ucb,5,28324,474,1792,19,365,0.45982142857142855
1,cdk2,rabvs_budgeted_no_ucb,6,28324,474,2048,10,375,0.4541015625
1,cdk2,rabvs_budgeted_no_ucb,7,28324,474,2304,24,399,0.4587673611111111
1,cdk2,rabvs_budgeted_no_ucb,8,28324,474,2560,16,415,0.4625
1,cdk2,rabvs_budgeted_random_parts,1,28324,474,768,8,24,0.5
1,cdk2,rabvs_budgeted_random_parts,2,28324,474,1024,38,62,0.4931640625
1,cdk2,rabvs_budgeted_random_parts,3,28324,474,1280,46,108,0.47109375
1,cdk2,rabvs_budgeted_random_parts,4,28324,474,1536,38,146,0.4524739583333333
1,cdk2,rabvs_budgeted_random_parts,5,28324,474,1792,3,149,0.4447544642857143
1,cdk2,rabvs_budgeted_random_parts,6,28324,474,2048,53,202,0.427734375
1,cdk2,rabvs_budgeted_random_parts,7,28324,474,2304,2,204,0.4240451388888889
1,cdk2,rabvs_budgeted_random_parts,8,28324,474,2560,46,250,0.421484375
2,cdk2,greedy_surrogate,1,28324,474,768,175,191,0.4557291666666667
2,cdk2,greedy_surrogate,2,28324,474,1024,80,271,0.4052734375
2,cdk2,greedy_surrogate,3,28324,474,1280,51,322,0.40859375
2,cdk2,greedy_surrogate,4,28324,474,1536,32,354,0.4108072916666667
2,cdk2,greedy_surrogate,5,28324,474,1792,14,368,0.42354910714285715
2,cdk2,greedy_surrogate,6,28324,474,2048,6,374,0.4375
2,cdk2,greedy_surrogate,7,28324,474,2304,9,383,0.4370659722222222
2,cdk2,greedy_surrogate,8,28324,474,2560,5,388,0.44140625
2,cdk2,boba_ucb,1,28324,474,768,143,159,0.44140625
2,cdk2,boba_ucb,2,28324,474,1024,8,167,0.4169921875
2,cdk2,boba_ucb,3,28324,474,1280,112,279,0.41328125
2,cdk2,boba_ucb,4,28324,474,1536,0,279,0.4453125
2,cdk2,boba_ucb,5,28324,474,1792,19,298,0.43917410714285715
2,cdk2,boba_ucb,6,28324,474,2048,8,306,0.4755859375
2,cdk2,boba_ucb,7,28324,474,2304,16,322,0.45703125
2,cdk2,boba_ucb,8,28324,474,2560,6,328,0.458984375
2,cdk2,rabvs_budgeted_reliable,1,28324,474,768,143,159,0.44140625
2,cdk2,rabvs_budgeted_reliable,2,28324,474,1024,8,167,0.4169921875
2,cdk2,rabvs_budgeted_reliable,3,28324,474,1280,112,279,0.41328125
2,cdk2,rabvs_budgeted_reliable,4,28324,474,1536,0,279,0.4453125
2,cdk2,rabvs_budgeted_reliable,5,28324,474,1792,19,298,0.43917410714285715
2,cdk2,rabvs_budgeted_reliable,6,28324,474,2048,8,306,0.4755859375
2,cdk2,rabvs_budgeted_reliable,7,28324,474,2304,16,322,0.45703125
2,cdk2,rabvs_budgeted_reliable,8,28324,474,2560,6,328,0.458984375
2,cdk2,rabvs_budgeted_no_ucb,1,28324,474,768,180,196,0.4557291666666667
2,cdk2,rabvs_budgeted_no_ucb,2,28324,474,1024,82,278,0.41015625
2,cdk2,rabvs_budgeted_no_ucb,3,28324,474,1280,36,314,0.415625
2,cdk2,rabvs_budgeted_no_ucb,4,28324,474,1536,30,344,0.4205729166666667
2,cdk2,rabvs_budgeted_no_ucb,5,28324,474,1792,25,369,0.42801339285714285
2,cdk2,rabvs_budgeted_no_ucb,6,28324,474,2048,11,380,0.42626953125
2,cdk2,rabvs_budgeted_no_ucb,7,28324,474,2304,2,382,0.4444444444444444
2,cdk2,rabvs_budgeted_no_ucb,8,28324,474,2560,4,386,0.455078125
2,cdk2,rabvs_budgeted_random_parts,1,28324,474,768,61,77,0.44921875
2,cdk2,rabvs_budgeted_random_parts,2,28324,474,1024,13,90,0.4404296875
2,cdk2,rabvs_budgeted_random_parts,3,28324,474,1280,2,92,0.43046875
2,cdk2,rabvs_budgeted_random_parts,4,28324,474,1536,78,170,0.4537760416666667
2,cdk2,rabvs_budgeted_random_parts,5,28324,474,1792,10,180,0.46763392857142855
2,cdk2,rabvs_budgeted_random_parts,6,28324,474,2048,7,187,0.46728515625
2,cdk2,rabvs_budgeted_random_parts,7,28324,474,2304,20,207,0.4652777777777778
2,cdk2,rabvs_budgeted_random_parts,8,28324,474,2560,17,224,0.475
0,comt,greedy_surrogate,1,3891,41,768,25,41,0.5651041666666666
0,comt,greedy_surrogate,2,3891,41,1024,0,41,0.53515625
0,comt,greedy_surrogate,3,3891,41,1280,0,41,0.54296875
0,comt,greedy_surrogate,4,3891,41,1536,0,41,0.521484375
0,comt,greedy_surrogate,5,3891,41,1792,0,41,0.5078125
0,comt,greedy_surrogate,6,3891,41,2048,0,41,0.494140625
0,comt,greedy_surrogate,7,3891,41,2304,0,41,0.4791666666666667
0,comt,greedy_surrogate,8,3891,41,2560,0,41,0.46796875
0,comt,boba_ucb,1,3891,41,768,25,41,0.5364583333333334
0,comt,boba_ucb,2,3891,41,1024,0,41,0.51953125
0,comt,boba_ucb,3,3891,41,1280,0,41,0.4953125
0,comt,boba_ucb,4,3891,41,1536,0,41,0.486328125
0,comt,boba_ucb,5,3891,41,1792,0,41,0.47488839285714285
0,comt,boba_ucb,6,3891,41,2048,0,41,0.474609375
0,comt,boba_ucb,7,3891,41,2304,0,41,0.46484375
0,comt,boba_ucb,8,3891,41,2560,0,41,0.458984375
0,comt,rabvs_budgeted_reliable,1,3891,41,768,25,41,0.5364583333333334
0,comt,rabvs_budgeted_reliable,2,3891,41,1024,0,41,0.51953125
0,comt,rabvs_budgeted_reliable,3,3891,41,1280,0,41,0.4953125
0,comt,rabvs_budgeted_reliable,4,3891,41,1536,0,41,0.486328125
0,comt,rabvs_budgeted_reliable,5,3891,41,1792,0,41,0.47488839285714285
0,comt,rabvs_budgeted_reliable,6,3891,41,2048,0,41,0.474609375
0,comt,rabvs_budgeted_reliable,7,3891,41,2304,0,41,0.46484375
0,comt,rabvs_budgeted_reliable,8,3891,41,2560,0,41,0.458984375
0,comt,rabvs_budgeted_no_ucb,1,3891,41,768,25,41,0.5703125
0,comt,rabvs_budgeted_no_ucb,2,3891,41,1024,0,41,0.537109375
0,comt,rabvs_budgeted_no_ucb,3,3891,41,1280,0,41,0.52578125
0,comt,rabvs_budgeted_no_ucb,4,3891,41,1536,0,41,0.4928385416666667
0,comt,rabvs_budgeted_no_ucb,5,3891,41,1792,0,41,0.47767857142857145
0,comt,rabvs_budgeted_no_ucb,6,3891,41,2048,0,41,0.46435546875
0,comt,rabvs_budgeted_no_ucb,7,3891,41,2304,0,41,0.4574652777777778
0,comt,rabvs_budgeted_no_ucb,8,3891,41,2560,0,41,0.444921875
0,comt,rabvs_budgeted_random_parts,1,3891,41,768,0,16,0.4700520833333333
0,comt,rabvs_budgeted_random_parts,2,3891,41,1024,18,34,0.4970703125
0,comt,rabvs_budgeted_random_parts,3,3891,41,1280,0,34,0.47265625
0,comt,rabvs_budgeted_random_parts,4,3891,41,1536,0,34,0.470703125
0,comt,rabvs_budgeted_random_parts,5,3891,41,1792,0,34,0.45926339285714285
0,comt,rabvs_budgeted_random_parts,6,3891,41,2048,0,34,0.43994140625
0,comt,rabvs_budgeted_random_parts,7,3891,41,2304,0,34,0.4275173611111111
0,comt,rabvs_budgeted_random_parts,8,3891,41,2560,7,41,0.41875
1,comt,greedy_surrogate,1,3891,41,768,25,41,0.5416666666666666
1,comt,greedy_surrogate,2,3891,41,1024,0,41,0.5283203125
1,comt,greedy_surrogate,3,3891,41,1280,0,41,0.51875
1,comt,greedy_surrogate,4,3891,41,1536,0,41,0.5325520833333334
1,comt,greedy_surrogate,5,3891,41,1792,0,41,0.5078125
1,comt,greedy_surrogate,6,3891,41,2048,0,41,0.49853515625
1,comt,greedy_surrogate,7,3891,41,2304,0,41,0.48046875
1,comt,greedy_surrogate,8,3891,41,2560,0,41,0.467578125
1,comt,boba_ucb,1,3891,41,768,23,39,0.5026041666666666
1,comt,boba_ucb,2,3891,41,1024,1,40,0.5205078125
1,comt,boba_ucb,3,3891,41,1280,1,41,0.5046875
1,comt,boba_ucb,4,3891,41,1536,0,41,0.5104166666666666
1,comt,boba_ucb,5,3891,41,1792,0,41,0.48214285714285715
1,comt,boba_ucb,6,3891,41,2048,0,41,0.4755859375
1,comt,boba_ucb,7,3891,41,2304,0,41,0.4743923611111111
1,comt,boba_ucb,8,3891,41,2560,0,41,0.461328125
1,comt,rabvs_budgeted_reliable,1,3891,41,768,23,39,0.5026041666666666
1,comt,rabvs_budgeted_reliable,2,3891,41,1024,1,40,0.5205078125
1,comt,rabvs_budgeted_reliable,3,3891,41,1280,1,41,0.5046875
1,comt,rabvs_budgeted_reliable,4,3891,41,1536,0,41,0.5104166666666666
1,comt,rabvs_budgeted_reliable,5,3891,41,1792,0,41,0.48214285714285715
1,comt,rabvs_budgeted_reliable,6,3891,41,2048,0,41,0.4755859375
1,comt,rabvs_budgeted_reliable,7,3891,41,2304,0,41,0.4743923611111111
1,comt,rabvs_budgeted_reliable,8,3891,41,2560,0,41,0.461328125
1,comt,rabvs_budgeted_no_ucb,1,3891,41,768,25,41,0.55859375
1,comt,rabvs_budgeted_no_ucb,2,3891,41,1024,0,41,0.525390625
1,comt,rabvs_budgeted_no_ucb,3,3891,41,1280,0,41,0.5140625
1,comt,rabvs_budgeted_no_ucb,4,3891,41,1536,0,41,0.5026041666666666
1,comt,rabvs_budgeted_no_ucb,5,3891,41,1792,0,41,0.47823660714285715
1,comt,rabvs_budgeted_no_ucb,6,3891,41,2048,0,41,0.4580078125
1,comt,rabvs_budgeted_no_ucb,7,3891,41,2304,0,41,0.4561631944444444
1,comt,rabvs_budgeted_no_ucb,8,3891,41,2560,0,41,0.4390625
1,comt,rabvs_budgeted_random_parts,1,3891,41,768,0,16,0.5091145833333334
1,comt,rabvs_budgeted_random_parts,2,3891,41,1024,8,24,0.529296875
1,comt,rabvs_budgeted_random_parts,3,3891,41,1280,15,39,0.50625
1,comt,rabvs_budgeted_random_parts,4,3891,41,1536,0,39,0.5052083333333334
1,comt,rabvs_budgeted_random_parts,5,3891,41,1792,1,40,0.46986607142857145
1,comt,rabvs_budgeted_random_parts,6,3891,41,2048,0,40,0.45068359375
1,comt,rabvs_budgeted_random_parts,7,3891,41,2304,0,40,0.4422743055555556
1,comt,rabvs_budgeted_random_parts,8,3891,41,2560,0,40,0.434375
2,comt,greedy_surrogate,1,3891,41,768,25,41,0.5169270833333334
2,comt,greedy_surrogate,2,3891,41,1024,0,41,0.5078125
2,comt,greedy_surrogate,3,3891,41,1280,0,41,0.51640625
2,comt,greedy_surrogate,4,3891,41,1536,0,41,0.5052083333333334
2,comt,greedy_surrogate,5,3891,41,1792,0,41,0.4955357142857143
2,comt,greedy_surrogate,6,3891,41,2048,0,41,0.48681640625
2,comt,greedy_surrogate,7,3891,41,2304,0,41,0.4696180555555556
2,comt,greedy_surrogate,8,3891,41,2560,0,41,0.4609375
2,comt,boba_ucb,1,3891,41,768,25,41,0.453125
2,comt,boba_ucb,2,3891,41,1024,0,41,0.458984375
2,comt,boba_ucb,3,3891,41,1280,0,41,0.4609375
2,comt,boba_ucb,4,3891,41,1536,0,41,0.462890625
2,comt,boba_ucb,5,3891,41,1792,0,41,0.4810267857142857
2,comt,boba_ucb,6,3891,41,2048,0,41,0.47314453125
2,comt,boba_ucb,7,3891,41,2304,0,41,0.4618055555555556
2,comt,boba_ucb,8,3891,41,2560,0,41,0.45078125
2,comt,rabvs_budgeted_reliable,1,3891,41,768,25,41,0.453125
2,comt,rabvs_budgeted_reliable,2,3891,41,1024,0,41,0.458984375
2,comt,rabvs_budgeted_reliable,3,3891,41,1280,0,41,0.4609375
2,comt,rabvs_budgeted_reliable,4,3891,41,1536,0,41,0.462890625
2,comt,rabvs_budgeted_reliable,5,3891,41,1792,0,41,0.4810267857142857
2,comt,rabvs_budgeted_reliable,6,3891,41,2048,0,41,0.47314453125
2,comt,rabvs_budgeted_reliable,7,3891,41,2304,0,41,0.4618055555555556
2,comt,rabvs_budgeted_reliable,8,3891,41,2560,0,41,0.45078125
2,comt,rabvs_budgeted_no_ucb,1,3891,41,768,25,41,0.5325520833333334
2,comt,rabvs_budgeted_no_ucb,2,3891,41,1024,0,41,0.53125
2,comt,rabvs_budgeted_no_ucb,3,3891,41,1280,0,41,0.51875
2,comt,rabvs_budgeted_no_ucb,4,3891,41,1536,0,41,0.5045572916666666
2,comt,rabvs_budgeted_no_ucb,5,3891,41,1792,0,41,0.484375
2,comt,rabvs_budgeted_no_ucb,6,3891,41,2048,0,41,0.45556640625
2,comt,rabvs_budgeted_no_ucb,7,3891,41,2304,0,41,0.4396701388888889
2,comt,rabvs_budgeted_no_ucb,8,3891,41,2560,0,41,0.433203125
2,comt,rabvs_budgeted_random_parts,1,3891,41,768,0,16,0.40625
2,comt,rabvs_budgeted_random_parts,2,3891,41,1024,10,26,0.4765625
2,comt,rabvs_budgeted_random_parts,3,3891,41,1280,0,26,0.48828125
2,comt,rabvs_budgeted_random_parts,4,3891,41,1536,8,34,0.49609375
2,comt,rabvs_budgeted_random_parts,5,3891,41,1792,0,34,0.48214285714285715
2,comt,rabvs_budgeted_random_parts,6,3891,41,2048,0,34,0.4541015625
2,comt,rabvs_budgeted_random_parts,7,3891,41,2304,7,41,0.4500868055555556
2,comt,rabvs_budgeted_random_parts,8,3891,41,2560,0,41,0.43671875
0,cp2c9,greedy_surrogate,1,7570,120,768,56,72,0.4583333333333333
0,cp2c9,greedy_surrogate,2,7570,120,1024,14,86,0.48046875
0,cp2c9,greedy_surrogate,3,7570,120,1280,10,96,0.4671875
0,cp2c9,greedy_surrogate,4,7570,120,1536,4,100,0.486328125
0,cp2c9,greedy_surrogate,5,7570,120,1792,6,106,0.4927455357142857
0,cp2c9,greedy_surrogate,6,7570,120,2048,7,113,0.48388671875
0,cp2c9,greedy_surrogate,7,7570,120,2304,3,116,0.4813368055555556
0,cp2c9,greedy_surrogate,8,7570,120,2560,0,116,0.478125
0,cp2c9,boba_ucb,1,7570,120,768,42,58,0.4765625
0,cp2c9,boba_ucb,2,7570,120,1024,13,71,0.46484375
0,cp2c9,boba_ucb,3,7570,120,1280,18,89,0.47421875
0,cp2c9,boba_ucb,4,7570,120,1536,1,90,0.4765625
0,cp2c9,boba_ucb,5,7570,120,1792,1,91,0.4642857142857143
0,cp2c9,boba_ucb,6,7570,120,2048,9,100,0.4716796875
0,cp2c9,boba_ucb,7,7570,120,2304,2,102,0.4774305555555556
0,cp2c9,boba_ucb,8,7570,120,2560,0,102,0.4875
0,cp2c9,rabvs_budgeted_reliable,1,7570,120,768,42,58,0.4765625
0,cp2c9,rabvs_budgeted_reliable,2,7570,120,1024,13,71,0.46484375
0,cp2c9,rabvs_budgeted_reliable,3,7570,120,1280,18,89,0.47421875
0,cp2c9,rabvs_budgeted_reliable,4,7570,120,1536,1,90,0.4765625
0,cp2c9,rabvs_budgeted_reliable,5,7570,120,1792,1,91,0.4642857142857143
0,cp2c9,rabvs_budgeted_reliable,6,7570,120,2048,9,100,0.4716796875
0,cp2c9,rabvs_budgeted_reliable,7,7570,120,2304,2,102,0.4774305555555556
0,cp2c9,rabvs_budgeted_reliable,8,7570,120,2560,0,102,0.4875
0,cp2c9,rabvs_budgeted_no_ucb,1,7570,120,768,51,67,0.4583333333333333
0,cp2c9,rabvs_budgeted_no_ucb,2,7570,120,1024,13,80,0.4619140625
0,cp2c9,rabvs_budgeted_no_ucb,3,7570,120,1280,15,95,0.475
0,cp2c9,rabvs_budgeted_no_ucb,4,7570,120,1536,6,101,0.4895833333333333
0,cp2c9,rabvs_budgeted_no_ucb,5,7570,120,1792,5,106,0.48214285714285715
0,cp2c9,rabvs_budgeted_no_ucb,6,7570,120,2048,8,114,0.4775390625
0,cp2c9,rabvs_budgeted_no_ucb,7,7570,120,2304,0,114,0.4761284722222222
0,cp2c9,rabvs_budgeted_no_ucb,8,7570,120,2560,2,116,0.462890625
0,cp2c9,rabvs_budgeted_random_parts,1,7570,120,768,11,27,0.42578125
0,cp2c9,rabvs_budgeted_random_parts,2,7570,120,1024,26,53,0.4365234375
0,cp2c9,rabvs_budgeted_random_parts,3,7570,120,1280,4,57,0.43984375
0,cp2c9,rabvs_budgeted_random_parts,4,7570,120,1536,11,68,0.4615885416666667
0,cp2c9,rabvs_budgeted_random_parts,5,7570,120,1792,9,77,0.45814732142857145
0,cp2c9,rabvs_budgeted_random_parts,6,7570,120,2048,8,85,0.4638671875
0,cp2c9,rabvs_budgeted_random_parts,7,7570,120,2304,4,89,0.4657118055555556
0,cp2c9,rabvs_budgeted_random_parts,8,7570,120,2560,2,91,0.462890625
1,cp2c9,greedy_surrogate,1,7570,120,768,55,71,0.4596354166666667
1,cp2c9,greedy_surrogate,2,7570,120,1024,20,91,0.45703125
1,cp2c9,greedy_surrogate,3,7570,120,1280,12,103,0.46953125
1,cp2c9,greedy_surrogate,4,7570,120,1536,4,107,0.4700520833333333
1,cp2c9,greedy_surrogate,5,7570,120,1792,5,112,0.4654017857142857
1,cp2c9,greedy_surrogate,6,7570,120,2048,0,112,0.4560546875
1,cp2c9,greedy_surrogate,7,7570,120,2304,1,113,0.44921875
1,cp2c9,greedy_surrogate,8,7570,120,2560,2,115,0.454296875
1,cp2c9,boba_ucb,1,7570,120,768,33,49,0.45703125
1,cp2c9,boba_ucb,2,7570,120,1024,30,79,0.4892578125
1,cp2c9,boba_ucb,3,7570,120,1280,7,86,0.45625
1,cp2c9,boba_ucb,4,7570,120,1536,0,86,0.4563802083333333
1,cp2c9,boba_ucb,5,7570,120,1792,1,87,0.45479910714285715
1,cp2c9,boba_ucb,6,7570,120,2048,10,97,0.439453125
1,cp2c9,boba_ucb,7,7570,120,2304,0,97,0.4405381944444444
1,cp2c9,boba_ucb,8,7570,120,2560,0,97,0.444921875
1,cp2c9,rabvs_budgeted_reliable,1,7570,120,768,33,49,0.45703125
1,cp2c9,rabvs_budgeted_reliable,2,7570,120,1024,30,79,0.4892578125
1,cp2c9,rabvs_budgeted_reliable,3,7570,120,1280,7,86,0.45625
1,cp2c9,rabvs_budgeted_reliable,4,7570,120,1536,0,86,0.4563802083333333
1,cp2c9,rabvs_budgeted_reliable,5,7570,120,1792,1,87,0.45479910714285715
1,cp2c9,rabvs_budgeted_reliable,6,7570,120,2048,10,97,0.439453125
1,cp2c9,rabvs_budgeted_reliable,7,7570,120,2304,0,97,0.4405381944444444
1,cp2c9,rabvs_budgeted_reliable,8,7570,120,2560,0,97,0.444921875
1,cp2c9,rabvs_budgeted_no_ucb,1,7570,120,768,58,74,0.4557291666666667
1,cp2c9,rabvs_budgeted_no_ucb,2,7570,120,1024,21,95,0.4521484375
1,cp2c9,rabvs_budgeted_no_ucb,3,7570,120,1280,3,98,0.465625
1,cp2c9,rabvs_budgeted_no_ucb,4,7570,120,1536,9,107,0.458984375
1,cp2c9,rabvs_budgeted_no_ucb,5,7570,120,1792,2,109,0.44363839285714285
1,cp2c9,rabvs_budgeted_no_ucb,6,7570,120,2048,3,112,0.44384765625
1,cp2c9,rabvs_budgeted_no_ucb,7,7570,120,2304,3,115,0.4383680555555556
1,cp2c9,rabvs_budgeted_no_ucb,8,7570,120,2560,0,115,0.4453125
1,cp2c9,rabvs_budgeted_random_parts,1,7570,120,768,11,27,0.4635416666666667
1,cp2c9,rabvs_budgeted_random_parts,2,7570,120,1024,3,30,0.45703125
1,cp2c9,rabvs_budgeted_random_parts,3,7570,120,1280,4,34,0.45
1,cp2c9,rabvs_budgeted_random_parts,4,7570,120,1536,1,35,0.4459635416666667
1,cp2c9,rabvs_budgeted_random_parts,5,7570,120,1792,0,35,0.46875
1,cp2c9,rabvs_budgeted_random_parts,6,7570,120,2048,9,44,0.47216796875
1,cp2c9,rabvs_budgeted_random_parts,7,7570,120,2304,4,48,0.4717881944444444
1,cp2c9,rabvs_budgeted_random_parts,8,7570,120,2560,11,59,0.478515625
2,cp2c9,greedy_surrogate,1,7570,120,768,56,72,0.5078125
2,cp2c9,greedy_surrogate,2,7570,120,1024,13,85,0.5068359375
2,cp2c9,greedy_surrogate,3,7570,120,1280,5,90,0.5046875
2,cp2c9,greedy_surrogate,4,7570,120,1536,7,97,0.5006510416666666
2,cp2c9,greedy_surrogate,5,7570,120,1792,6,103,0.4966517857142857
2,cp2c9,greedy_surrogate,6,7570,120,2048,7,110,0.4912109375
2,cp2c9,greedy_surrogate,7,7570,120,2304,5,115,0.4796006944444444
2,cp2c9,greedy_surrogate,8,7570,120,2560,2,117,0.480078125
2,cp2c9,boba_ucb,1,7570,120,768,42,58,0.5325520833333334
2,cp2c9,boba_ucb,2,7570,120,1024,14,72,0.4912109375
2,cp2c9,boba_ucb,3,7570,120,1280,15,87,0.50078125
2,cp2c9,boba_ucb,4,7570,120,1536,1,88,0.484375
2,cp2c9,boba_ucb,5,7570,120,1792,2,90,0.48660714285714285
2,cp2c9,boba_ucb,6,7570,120,2048,3,93,0.5
2,cp2c9,boba_ucb,7,7570,120,2304,6,99,0.49609375
2,cp2c9,boba_ucb,8,7570,120,2560,2,101,0.486328125
2,cp2c9,rabvs_budgeted_reliable,1,7570,120,768,42,58,0.5325520833333334
2,cp2c9,rabvs_budgeted_reliable,2,7570,120,1024,14,72,0.4912109375
2,cp2c9,rabvs_budgeted_reliable,3,7570,120,1280,15,87,0.50078125
2,cp2c9,rabvs_budgeted_reliable,4,7570,120,1536,1,88,0.484375
2,cp2c9,rabvs_budgeted_reliable,5,7570,120,1792,2,90,0.48660714285714285
2,cp2c9,rabvs_budgeted_reliable,6,7570,120,2048,3,93,0.5
2,cp2c9,rabvs_budgeted_reliable,7,7570,120,2304,6,99,0.49609375
2,cp2c9,rabvs_budgeted_reliable,8,7570,120,2560,2,101,0.486328125
2,cp2c9,rabvs_budgeted_no_ucb,1,7570,120,768,54,70,0.5052083333333334
2,cp2c9,rabvs_budgeted_no_ucb,2,7570,120,1024,20,90,0.498046875
2,cp2c9,rabvs_budgeted_no_ucb,3,7570,120,1280,1,91,0.48828125
2,cp2c9,rabvs_budgeted_no_ucb,4,7570,120,1536,8,99,0.4798177083333333
2,cp2c9,rabvs_budgeted_no_ucb,5,7570,120,1792,8,107,0.4799107142857143
2,cp2c9,rabvs_budgeted_no_ucb,6,7570,120,2048,5,112,0.4833984375
2,cp2c9,rabvs_budgeted_no_ucb,7,7570,120,2304,3,115,0.4713541666666667
2,cp2c9,rabvs_budgeted_no_ucb,8,7570,120,2560,1,116,0.467578125
2,cp2c9,rabvs_budgeted_random_parts,1,7570,120,768,8,24,0.49609375
2,cp2c9,rabvs_budgeted_random_parts,2,7570,120,1024,16,40,0.4873046875
2,cp2c9,rabvs_budgeted_random_parts,3,7570,120,1280,5,45,0.484375
2,cp2c9,rabvs_budgeted_random_parts,4,7570,120,1536,8,53,0.4798177083333333
2,cp2c9,rabvs_budgeted_random_parts,5,7570,120,1792,21,74,0.48046875
2,cp2c9,rabvs_budgeted_random_parts,6,7570,120,2048,4,78,0.47802734375
2,cp2c9,rabvs_budgeted_random_parts,7,7570,120,2304,4,82,0.47265625
2,cp2c9,rabvs_budgeted_random_parts,8,7570,120,2560,1,83,0.471484375
0,cp3a4,greedy_surrogate,1,11970,170,768,75,91,0.4322916666666667
0,cp3a4,greedy_surrogate,2,11970,170,1024,24,115,0.4013671875
0,cp3a4,greedy_surrogate,3,11970,170,1280,12,127,0.415625
0,cp3a4,greedy_surrogate,4,11970,170,1536,3,130,0.4095052083333333
0,cp3a4,greedy_surrogate,5,11970,170,1792,10,140,0.40401785714285715
0,cp3a4,greedy_surrogate,6,11970,170,2048,8,148,0.3994140625
0,cp3a4,greedy_surrogate,7,11970,170,2304,5,153,0.4084201388888889
0,cp3a4,greedy_surrogate,8,11970,170,2560,3,156,0.41328125
0,cp3a4,boba_ucb,1,11970,170,768,56,72,0.4453125
0,cp3a4,boba_ucb,2,11970,170,1024,23,95,0.45703125
0,cp3a4,boba_ucb,3,11970,170,1280,6,101,0.43046875
0,cp3a4,boba_ucb,4,11970,170,1536,2,103,0.4342447916666667
0,cp3a4,boba_ucb,5,11970,170,1792,4,107,0.4380580357142857
0,cp3a4,boba_ucb,6,11970,170,2048,8,115,0.4306640625
0,cp3a4,boba_ucb,7,11970,170,2304,14,129,0.42578125
0,cp3a4,boba_ucb,8,11970,170,2560,6,135,0.416796875
0,cp3a4,rabvs_budgeted_reliable,1,11970,170,768,56,72,0.4453125
0,cp3a4,rabvs_budgeted_reliable,2,11970,170,1024,23,95,0.45703125
0,cp3a4,rabvs_budgeted_reliable,3,11970,170,1280,6,101,0.43046875
0,cp3a4,rabvs_budgeted_reliable,4,11970,170,1536,2,103,0.4342447916666667
0,cp3a4,rabvs_budgeted_reliable,5,11970,170,1792,4,107,0.4380580357142857
0,cp3a4,rabvs_budgeted_reliable,6,11970,170,2048,8,115,0.4306640625
0,cp3a4,rabvs_budgeted_reliable,7,11970,170,2304,14,129,0.42578125
0,cp3a4,rabvs_budgeted_reliable,8,11970,170,2560,6,135,0.416796875
0,cp3a4,rabvs_budgeted_no_ucb,1,11970,170,768,81,97,0.4296875
0,cp3a4,rabvs_budgeted_no_ucb,2,11970,170,1024,14,111,0.4287109375
0,cp3a4,rabvs_budgeted_no_ucb,3,11970,170,1280,13,124,0.40703125
0,cp3a4,rabvs_budgeted_no_ucb,4,11970,170,1536,6,130,0.4173177083333333
0,cp3a4,rabvs_budgeted_no_ucb,5,11970,170,1792,7,137,0.4095982142857143
0,cp3a4,rabvs_budgeted_no_ucb,6,11970,170,2048,6,143,0.41015625
0,cp3a4,rabvs_budgeted_no_ucb,7,11970,170,2304,9,152,0.3993055555555556
0,cp3a4,rabvs_budgeted_no_ucb,8,11970,170,2560,2,154,0.401953125
0,cp3a4,rabvs_budgeted_random_parts,1,11970,170,768,19,35,0.47265625
0,cp3a4,rabvs_budgeted_random_parts,2,11970,170,1024,15,50,0.46484375
0,cp3a4,rabvs_budgeted_random_parts,3,11970,170,1280,28,78,0.46953125
0,cp3a4,rabvs_budgeted_random_parts,4,11970,170,1536,7,85,0.4674479166666667
0,cp3a4,rabvs_budgeted_random_parts,5,11970,170,1792,12,97,0.46595982142857145
0,cp3a4,rabvs_budgeted_random_parts,6,11970,170,2048,1,98,0.4638671875
0,cp3a4,rabvs_budgeted_random_parts,7,11970,170,2304,7,105,0.4470486111111111
0,cp3a4,rabvs_budgeted_random_parts,8,11970,170,2560,3,108,0.434375
1,cp3a4,greedy_surrogate,1,11970,170,768,50,66,0.3893229166666667
1,cp3a4,greedy_surrogate,2,11970,170,1024,36,102,0.3828125
1,cp3a4,greedy_surrogate,3,11970,170,1280,25,127,0.384375
1,cp3a4,greedy_surrogate,4,11970,170,1536,11,138,0.3723958333333333
1,cp3a4,greedy_surrogate,5,11970,170,1792,3,141,0.3716517857142857
1,cp3a4,greedy_surrogate,6,11970,170,2048,7,148,0.3740234375
1,cp3a4,greedy_surrogate,7,11970,170,2304,6,154,0.3793402777777778
1,cp3a4,greedy_surrogate,8,11970,170,2560,2,156,0.392578125
1,cp3a4,boba_ucb,1,11970,170,768,33,49,0.4049479166666667
1,cp3a4,boba_ucb,2,11970,170,1024,10,59,0.4150390625
1,cp3a4,boba_ucb,3,11970,170,1280,27,86,0.4078125
1,cp3a4,boba_ucb,4,11970,170,1536,5,91,0.4069010416666667
1,cp3a4,boba_ucb,5,11970,170,1792,5,96,0.4369419642857143
1,cp3a4,boba_ucb,6,11970,170,2048,19,115,0.427734375
1,cp3a4,boba_ucb,7,11970,170,2304,13,128,0.4157986111111111
1,cp3a4,boba_ucb,8,11970,170,2560,5,133,0.401953125
1,cp3a4,rabvs_budgeted_reliable,1,11970,170,768,33,49,0.4049479166666667
1,cp3a4,rabvs_budgeted_reliable,2,11970,170,1024,10,59,0.4150390625
1,cp3a4,rabvs_budgeted_reliable,3,11970,170,1280,27,86,0.4078125
1,cp3a4,rabvs_budgeted_reliable,4,11970,170,1536,5,91,0.4069010416666667
1,cp3a4,rabvs_budgeted_reliable,5,11970,170,1792,5,96,0.4369419642857143
1,cp3a4,rabvs_budgeted_reliable,6,11970,170,2048,19,115,0.427734375
1,cp3a4,rabvs_budgeted_reliable,7,11970,170,2304,13,128,0.4157986111111111
1,cp3a4,rabvs_budgeted_reliable,8,11970,170,2560,5,133,0.401953125
1,cp3a4,rabvs_budgeted_no_ucb,1,11970,170,768,51,67,0.390625
1,cp3a4,rabvs_budgeted_no_ucb,2,11970,170,1024,46,113,0.373046875
1,cp3a4,rabvs_budgeted_no_ucb,3,11970,170,1280,19,132,0.384375
1,cp3a4,rabvs_budgeted_no_ucb,4,11970,170,1536,6,138,0.3834635416666667
1,cp3a4,rabvs_budgeted_no_ucb,5,11970,170,1792,6,144,0.36997767857142855
1,cp3a4,rabvs_budgeted_no_ucb,6,11970,170,2048,2,146,0.38232421875
1,cp3a4,rabvs_budgeted_no_ucb,7,11970,170,2304,7,153,0.3841145833333333
1,cp3a4,rabvs_budgeted_no_ucb,8,11970,170,2560,4,157,0.38203125
1,cp3a4,rabvs_budgeted_random_parts,1,11970,170,768,10,26,0.4296875
1,cp3a4,rabvs_budgeted_random_parts,2,11970,170,1024,31,57,0.3994140625
1,cp3a4,rabvs_budgeted_random_parts,3,11970,170,1280,24,81,0.39296875
1,cp3a4,rabvs_budgeted_random_parts,4,11970,170,1536,6,87,0.3899739583333333
1,cp3a4,rabvs_budgeted_random_parts,5,11970,170,1792,5,92,0.39620535714285715
1,cp3a4,rabvs_budgeted_random_parts,6,11970,170,2048,6,98,0.39306640625
1,cp3a4,rabvs_budgeted_random_parts,7,11970,170,2304,13,111,0.3910590277777778
1,cp3a4,rabvs_budgeted_random_parts,8,11970,170,2560,8,119,0.38515625
2,cp3a4,greedy_surrogate,1,11970,170,768,64,80,0.3971354166666667
2,cp3a4,greedy_surrogate,2,11970,170,1024,34,114,0.380859375
2,cp3a4,greedy_surrogate,3,11970,170,1280,11,125,0.39375
2,cp3a4,greedy_surrogate,4,11970,170,1536,9,134,0.40234375
2,cp3a4,greedy_surrogate,5,11970,170,1792,9,143,0.4056919642857143
2,cp3a4,greedy_surrogate,6,11970,170,2048,4,147,0.40185546875
2,cp3a4,greedy_surrogate,7,11970,170,2304,3,150,0.4014756944444444
2,cp3a4,greedy_surrogate,8,11970,170,2560,4,154,0.403125
2,cp3a4,boba_ucb,1,11970,170,768,37,53,0.4244791666666667
2,cp3a4,boba_ucb,2,11970,170,1024,5,58,0.400390625
2,cp3a4,boba_ucb,3,11970,170,1280,25,83,0.378125
2,cp3a4,boba_ucb,4,11970,170,1536,4,87,0.388671875
2,cp3a4,boba_ucb,5,11970,170,1792,14,101,0.3939732142857143
2,cp3a4,boba_ucb,6,11970,170,2048,14,115,0.39892578125
2,cp3a4,boba_ucb,7,11970,170,2304,8,123,0.3975694444444444
2,cp3a4,boba_ucb,8,11970,170,2560,9,132,0.396875
2,cp3a4,rabvs_budgeted_reliable,1,11970,170,768,37,53,0.4244791666666667
2,cp3a4,rabvs_budgeted_reliable,2,11970,170,1024,5,58,0.400390625
2,cp3a4,rabvs_budgeted_reliable,3,11970,170,1280,25,83,0.378125
2,cp3a4,rabvs_budgeted_reliable,4,11970,170,1536,4,87,0.388671875
2,cp3a4,rabvs_budgeted_reliable,5,11970,170,1792,14,101,0.3939732142857143
2,cp3a4,rabvs_budgeted_reliable,6,11970,170,2048,14,115,0.39892578125
2,cp3a4,rabvs_budgeted_reliable,7,11970,170,2304,8,123,0.3975694444444444
2,cp3a4,rabvs_budgeted_reliable,8,11970,170,2560,9,132,0.396875
2,cp3a4,rabvs_budgeted_no_ucb,1,11970,170,768,62,78,0.39453125
2,cp3a4,rabvs_budgeted_no_ucb,2,11970,170,1024,32,110,0.3896484375
2,cp3a4,rabvs_budgeted_no_ucb,3,11970,170,1280,9,119,0.384375
2,cp3a4,rabvs_budgeted_no_ucb,4,11970,170,1536,9,128,0.3743489583333333
2,cp3a4,rabvs_budgeted_no_ucb,5,11970,170,1792,8,136,0.37388392857142855
2,cp3a4,rabvs_budgeted_no_ucb,6,11970,170,2048,4,140,0.3798828125
2,cp3a4,rabvs_budgeted_no_ucb,7,11970,170,2304,5,145,0.3884548611111111
2,cp3a4,rabvs_budgeted_no_ucb,8,11970,170,2560,5,150,0.395703125
2,cp3a4,rabvs_budgeted_random_parts,1,11970,170,768,15,31,0.4140625
2,cp3a4,rabvs_budgeted_random_parts,2,11970,170,1024,20,51,0.37890625
2,cp3a4,rabvs_budgeted_random_parts,3,11970,170,1280,21,72,0.3921875
2,cp3a4,rabvs_budgeted_random_parts,4,11970,170,1536,9,81,0.4088541666666667
2,cp3a4,rabvs_budgeted_random_parts,5,11970,170,1792,10,91,0.41629464285714285
2,cp3a4,rabvs_budgeted_random_parts,6,11970,170,2048,3,94,0.41259765625
2,cp3a4,rabvs_budgeted_random_parts,7,11970,170,2304,21,115,0.4114583333333333
2,cp3a4,rabvs_budgeted_random_parts,8,11970,170,2560,10,125,0.40234375
0,csf1r,greedy_surrogate,1,12315,166,768,129,145,0.39453125
0,csf1r,greedy_surrogate,2,12315,166,1024,12,157,0.376953125
0,csf1r,greedy_surrogate,3,12315,166,1280,3,160,0.38828125
0,csf1r,greedy_surrogate,4,12315,166,1536,1,161,0.39453125
0,csf1r,greedy_surrogate,5,12315,166,1792,1,162,0.4017857142857143
0,csf1r,greedy_surrogate,6,12315,166,2048,0,162,0.41357421875
0,csf1r,greedy_surrogate,7,12315,166,2304,1,163,0.4110243055555556
0,csf1r,greedy_surrogate,8,12315,166,2560,0,163,0.41015625
0,csf1r,boba_ucb,1,12315,166,768,119,135,0.390625
0,csf1r,boba_ucb,2,12315,166,1024,0,135,0.3857421875
0,csf1r,boba_ucb,3,12315,166,1280,0,135,0.38125
0,csf1r,boba_ucb,4,12315,166,1536,9,144,0.400390625
0,csf1r,boba_ucb,5,12315,166,1792,4,148,0.38895089285714285
0,csf1r,boba_ucb,6,12315,166,2048,1,149,0.38525390625
0,csf1r,boba_ucb,7,12315,166,2304,8,157,0.4027777777777778
0,csf1r,boba_ucb,8,12315,166,2560,0,157,0.41328125
0,csf1r,rabvs_budgeted_reliable,1,12315,166,768,119,135,0.390625
0,csf1r,rabvs_budgeted_reliable,2,12315,166,1024,0,135,0.3857421875
0,csf1r,rabvs_budgeted_reliable,3,12315,166,1280,0,135,0.38125
0,csf1r,rabvs_budgeted_reliable,4,12315,166,1536,9,144,0.400390625
0,csf1r,rabvs_budgeted_reliable,5,12315,166,1792,4,148,0.38895089285714285
0,csf1r,rabvs_budgeted_reliable,6,12315,166,2048,1,149,0.38525390625
0,csf1r,rabvs_budgeted_reliable,7,12315,166,2304,8,157,0.4027777777777778
0,csf1r,rabvs_budgeted_reliable,8,12315,166,2560,0,157,0.41328125
0,csf1r,rabvs_budgeted_no_ucb,1,12315,166,768,130,146,0.3958333333333333
0,csf1r,rabvs_budgeted_no_ucb,2,12315,166,1024,10,156,0.388671875
0,csf1r,rabvs_budgeted_no_ucb,3,12315,166,1280,5,161,0.40703125
0,csf1r,rabvs_budgeted_no_ucb,4,12315,166,1536,0,161,0.3815104166666667
0,csf1r,rabvs_budgeted_no_ucb,5,12315,166,1792,1,162,0.41238839285714285
0,csf1r,rabvs_budgeted_no_ucb,6,12315,166,2048,0,162,0.412109375
0,csf1r,rabvs_budgeted_no_ucb,7,12315,166,2304,0,162,0.4019097222222222
0,csf1r,rabvs_budgeted_no_ucb,8,12315,166,2560,0,162,0.4265625
0,csf1r,rabvs_budgeted_random_parts,1,12315,166,768,55,71,0.4348958333333333
0,csf1r,rabvs_budgeted_random_parts,2,12315,166,1024,31,102,0.4150390625
0,csf1r,rabvs_budgeted_random_parts,3,12315,166,1280,1,103,0.434375
0,csf1r,rabvs_budgeted_random_parts,4,12315,166,1536,4,107,0.421875
0,csf1r,rabvs_budgeted_random_parts,5,12315,166,1792,38,145,0.40457589285714285
0,csf1r,rabvs_budgeted_random_parts,6,12315,166,2048,0,145,0.41552734375
0,csf1r,rabvs_budgeted_random_parts,7,12315,166,2304,7,152,0.4097222222222222
0,csf1r,rabvs_budgeted_random_parts,8,12315,166,2560,2,154,0.406640625
1,csf1r,greedy_surrogate,1,12315,166,768,116,132,0.3815104166666667
1,csf1r,greedy_surrogate,2,12315,166,1024,27,159,0.3896484375
1,csf1r,greedy_surrogate,3,12315,166,1280,3,162,0.40078125
1,csf1r,greedy_surrogate,4,12315,166,1536,0,162,0.4016927083333333
1,csf1r,greedy_surrogate,5,12315,166,1792,0,162,0.39955357142857145
1,csf1r,greedy_surrogate,6,12315,166,2048,0,162,0.4052734375
1,csf1r,greedy_surrogate,7,12315,166,2304,1,163,0.4118923611111111
1,csf1r,greedy_surrogate,8,12315,166,2560,0,163,0.428125
1,csf1r,boba_ucb,1,12315,166,768,111,127,0.3932291666666667
1,csf1r,boba_ucb,2,12315,166,1024,9,136,0.4111328125
1,csf1r,boba_ucb,3,12315,166,1280,0,136,0.4359375
1,csf1r,boba_ucb,4,12315,166,1536,0,136,0.4244791666666667
1,csf1r,boba_ucb,5,12315,166,1792,8,144,0.4330357142857143
1,csf1r,boba_ucb,6,12315,166,2048,0,144,0.4501953125
1,csf1r,boba_ucb,7,12315,166,2304,1,145,0.4505208333333333
1,csf1r,boba_ucb,8,12315,166,2560,2,147,0.45234375
1,csf1r,rabvs_budgeted_reliable,1,12315,166,768,111,127,0.3932291666666667
1,csf1r,rabvs_budgeted_reliable,2,12315,166,1024,9,136,0.4111328125
1,csf1r,rabvs_budgeted_reliable,3,12315,166,1280,0,136,0.4359375
1,csf1r,rabvs_budgeted_reliable,4,12315,166,1536,0,136,0.4244791666666667
1,csf1r,rabvs_budgeted_reliable,5,12315,166,1792,8,144,0.4330357142857143
1,csf1r,rabvs_budgeted_reliable,6,12315,166,2048,0,144,0.4501953125
1,csf1r,rabvs_budgeted_reliable,7,12315,166,2304,1,145,0.4505208333333333
1,csf1r,rabvs_budgeted_reliable,8,12315,166,2560,2,147,0.45234375
1,csf1r,rabvs_budgeted_no_ucb,1,12315,166,768,124,140,0.3893229166666667
1,csf1r,rabvs_budgeted_no_ucb,2,12315,166,1024,19,159,0.4013671875
1,csf1r,rabvs_budgeted_no_ucb,3,12315,166,1280,2,161,0.425
1,csf1r,rabvs_budgeted_no_ucb,4,12315,166,1536,1,162,0.421875
1,csf1r,rabvs_budgeted_no_ucb,5,12315,166,1792,0,162,0.41238839285714285
1,csf1r,rabvs_budgeted_no_ucb,6,12315,166,2048,2,164,0.43017578125
1,csf1r,rabvs_budgeted_no_ucb,7,12315,166,2304,0,164,0.42578125
1,csf1r,rabvs_budgeted_no_ucb,8,12315,166,2560,0,164,0.43828125
1,csf1r,rabvs_budgeted_random_parts,1,12315,166,768,27,43,0.4388020833333333
1,csf1r,rabvs_budgeted_random_parts,2,12315,166,1024,12,55,0.4267578125
1,csf1r,rabvs_budgeted_random_parts,3,12315,166,1280,14,69,0.42421875
1,csf1r,rabvs_budgeted_random_parts,4,12315,166,1536,19,88,0.451171875
1,csf1r,rabvs_budgeted_random_parts,5,12315,166,1792,1,89,0.453125
1,csf1r,rabvs_budgeted_random_parts,6,12315,166,2048,4,93,0.447265625
1,csf1r,rabvs_budgeted_random_parts,7,12315,166,2304,0,93,0.4548611111111111
1,csf1r,rabvs_budgeted_random_parts,8,12315,166,2560,32,125,0.452734375
2,csf1r,greedy_surrogate,1,12315,166,768,130,146,0.3997395833333333
2,csf1r,greedy_surrogate,2,12315,166,1024,11,157,0.4091796875
2,csf1r,greedy_surrogate,3,12315,166,1280,2,159,0.41015625
2,csf1r,greedy_surrogate,4,12315,166,1536,1,160,0.4095052083333333
2,csf1r,greedy_surrogate,5,12315,166,1792,0,160,0.40457589285714285
2,csf1r,greedy_surrogate,6,12315,166,2048,2,162,0.4150390625
2,csf1r,greedy_surrogate,7,12315,166,2304,1,163,0.4184027777777778
2,csf1r,greedy_surrogate,8,12315,166,2560,0,163,0.418359375
2,csf1r,boba_ucb,1,12315,166,768,93,109,0.4153645833333333
2,csf1r,boba_ucb,2,12315,166,1024,35,144,0.4091796875
2,csf1r,boba_ucb,3,12315,166,1280,0,144,0.44296875
2,csf1r,boba_ucb,4,12315,166,1536,0,144,0.4283854166666667
2,csf1r,boba_ucb,5,12315,166,1792,8,152,0.42745535714285715
2,csf1r,boba_ucb,6,12315,166,2048,2,154,0.4384765625
2,csf1r,boba_ucb,7,12315,166,2304,2,156,0.4366319444444444
2,csf1r,boba_ucb,8,12315,166,2560,3,159,0.4375
2,csf1r,rabvs_budgeted_reliable,1,12315,166,768,93,109,0.4153645833333333
2,csf1r,rabvs_budgeted_reliable,2,12315,166,1024,35,144,0.4091796875
2,csf1r,rabvs_budgeted_reliable,3,12315,166,1280,0,144,0.44296875
2,csf1r,rabvs_budgeted_reliable,4,12315,166,1536,0,144,0.4283854166666667
2,csf1r,rabvs_budgeted_reliable,5,12315,166,1792,8,152,0.42745535714285715
2,csf1r,rabvs_budgeted_reliable,6,12315,166,2048,2,154,0.4384765625
2,csf1r,rabvs_budgeted_reliable,7,12315,166,2304,2,156,0.4366319444444444
2,csf1r,rabvs_budgeted_reliable,8,12315,166,2560,3,159,0.4375
2,csf1r,rabvs_budgeted_no_ucb,1,12315,166,768,130,146,0.3932291666666667
2,csf1r,rabvs_budgeted_no_ucb,2,12315,166,1024,7,153,0.41796875
2,csf1r,rabvs_budgeted_no_ucb,3,12315,166,1280,4,157,0.39921875
2,csf1r,rabvs_budgeted_no_ucb,4,12315,166,1536,0,157,0.3776041666666667
2,csf1r,rabvs_budgeted_no_ucb,5,12315,166,1792,4,161,0.38950892857142855
2,csf1r,rabvs_budgeted_no_ucb,6,12315,166,2048,1,162,0.40283203125
2,csf1r,rabvs_budgeted_no_ucb,7,12315,166,2304,0,162,0.4001736111111111
2,csf1r,rabvs_budgeted_no_ucb,8,12315,166,2560,0,162,0.41171875
2,csf1r,rabvs_budgeted_random_parts,1,12315,166,768,7,23,0.4661458333333333
2,csf1r,rabvs_budgeted_random_parts,2,12315,166,1024,24,47,0.4482421875
2,csf1r,rabvs_budgeted_random_parts,3,12315,166,1280,76,123,0.43984375
2,csf1r,rabvs_budgeted_random_parts,4,12315,166,1536,4,127,0.4290364583333333
2,csf1r,rabvs_budgeted_random_parts,5,12315,166,1792,23,150,0.4174107142857143
2,csf1r,rabvs_budgeted_random_parts,6,12315,166,2048,3,153,0.41064453125
2,csf1r,rabvs_budgeted_random_parts,7,12315,166,2304,2,155,0.4153645833333333
2,csf1r,rabvs_budgeted_random_parts,8,12315,166,2560,1,156,0.409375
