seed,target,method,round,pool_size,active_count,queried_total,new_hits,cumulative_hits,risk_alert_rate_queried
0,aa2ar,greedy_surrogate,1,32032,482,384,128,136,0.4244791666666667
0,aa2ar,greedy_surrogate,2,32032,482,512,127,263,0.41796875
0,aa2ar,greedy_surrogate,3,32032,482,640,57,320,0.40625
0,aa2ar,greedy_surrogate,4,32032,482,768,60,380,0.3802083333333333
0,aa2ar,greedy_surrogate,5,32032,482,896,36,416,0.375
0,aa2ar,greedy_surrogate,6,32032,482,1024,12,428,0.3681640625
0,aa2ar,boba_ucb,1,32032,482,384,128,136,0.4244791666666667
0,aa2ar,boba_ucb,2,32032,482,512,46,182,0.40625
0,aa2ar,boba_ucb,3,32032,482,640,14,196,0.434375
0,aa2ar,boba_ucb,4,32032,482,768,8,204,0.4153645833333333
0,aa2ar,boba_ucb,5,32032,482,896,0,204,0.4799107142857143
0,aa2ar,boba_ucb,6,32032,482,1024,8,212,0.478515625
0,aa2ar,rabvs_budgeted_reliable,1,32032,482,384,128,136,0.4244791666666667
0,aa2ar,rabvs_budgeted_reliable,2,32032,482,512,46,182,0.40625
0,aa2ar,rabvs_budgeted_reliable,3,32032,482,640,14,196,0.434375
0,aa2ar,rabvs_budgeted_reliable,4,32032,482,768,8,204,0.4153645833333333
0,aa2ar,rabvs_budgeted_reliable,5,32032,482,896,0,204,0.4799107142857143
0,aa2ar,rabvs_budgeted_reliable,6,32032,482,1024,8,212,0.478515625
0,aa2ar,rabvs_budgeted_reliable_no_density,1,32032,482,384,128,136,0.4244791666666667
0,aa2ar,rabvs_budgeted_reliable_no_density,2,32032,482,512,46,182,0.40625
0,aa2ar,rabvs_budgeted_reliable_no_density,3,32032,482,640,14,196,0.434375
0,aa2ar,rabvs_budgeted_reliable_no_density,4,32032,482,768,8,204,0.4153645833333333
0,aa2ar,rabvs_budgeted_reliable_no_density,5,32032,482,896,0,204,0.4799107142857143
0,aa2ar,rabvs_budgeted_reliable_no_density,6,32032,482,1024,8,212,0.478515625
0,aa2ar,rabvs_hit,1,32032,482,384,35,43,0.5104166666666666
0,aa2ar,rabvs_hit,2,32032,482,512,2,45,0.462890625
0,aa2ar,rabvs_hit,3,32032,482,640,24,69,0.446875
0,aa2ar,rabvs_hit,4,32032,482,768,54,123,0.4153645833333333
0,aa2ar,rabvs_hit,5,32032,482,896,4,127,0.37611607142857145
0,aa2ar,rabvs_hit,6,32032,482,1024,3,130,0.3349609375
0,aa2ar,rabvs_reliable,1,32032,482,384,35,43,0.5104166666666666
0,aa2ar,rabvs_reliable,2,32032,482,512,2,45,0.462890625
0,aa2ar,rabvs_reliable,3,32032,482,640,24,69,0.446875
0,aa2ar,rabvs_reliable,4,32032,482,768,54,123,0.4153645833333333
0,aa2ar,rabvs_reliable,5,32032,482,896,4,127,0.37611607142857145
0,aa2ar,rabvs_reliable,6,32032,482,1024,3,130,0.3349609375
1,aa2ar,greedy_surrogate,1,32032,482,384,128,136,0.4140625
1,aa2ar,greedy_surrogate,2,32032,482,512,113,249,0.35546875
1,aa2ar,greedy_surrogate,3,32032,482,640,93,342,0.3453125
1,aa2ar,greedy_surrogate,4,32032,482,768,58,400,0.33984375
1,aa2ar,greedy_surrogate,5,32032,482,896,19,419,0.35267857142857145
1,aa2ar,greedy_surrogate,6,32032,482,1024,12,431,0.3544921875
1,aa2ar,boba_ucb,1,32032,482,384,128,136,0.4140625
1,aa2ar,boba_ucb,2,32032,482,512,58,194,0.361328125
1,aa2ar,boba_ucb,3,32032,482,640,16,210,0.3390625
1,aa2ar,boba_ucb,4,32032,482,768,47,257,0.33203125
1,aa2ar,boba_ucb,5,32032,482,896,0,257,0.35267857142857145
1,aa2ar,boba_ucb,6,32032,482,1024,0,257,0.3837890625
1,aa2ar,rabvs_budgeted_reliable,1,32032,482,384,128,136,0.4140625
1,aa2ar,rabvs_budgeted_reliable,2,32032,482,512,58,194,0.361328125
1,aa2ar,rabvs_budgeted_reliable,3,32032,482,640,16,210,0.3390625
1,aa2ar,rabvs_budgeted_reliable,4,32032,482,768,47,257,0.33203125
1,aa2ar,rabvs_budgeted_reliable,5,32032,482,896,0,257,0.35267857142857145
1,aa2ar,rabvs_budgeted_reliable,6,32032,482,1024,0,257,0.3837890625
1,aa2ar,rabvs_budgeted_reliable_no_density,1,32032,482,384,128,136,0.4140625
1,aa2ar,rabvs_budgeted_reliable_no_density,2,32032,482,512,58,194,0.361328125
1,aa2ar,rabvs_budgeted_reliable_no_density,3,32032,482,640,16,210,0.3390625
1,aa2ar,rabvs_budgeted_reliable_no_density,4,32032,482,768,47,257,0.33203125
1,aa2ar,rabvs_budgeted_reliable_no_density,5,32032,482,896,0,257,0.35267857142857145
1,aa2ar,rabvs_budgeted_reliable_no_density,6,32032,482,1024,0,257,0.3837890625
1,aa2ar,rabvs_hit,1,32032,482,384,65,73,0.421875
1,aa2ar,rabvs_hit,2,32032,482,512,24,97,0.4609375
1,aa2ar,rabvs_hit,3,32032,482,640,25,122,0.4109375
1,aa2ar,rabvs_hit,4,32032,482,768,58,180,0.3815104166666667
1,aa2ar,rabvs_hit,5,32032,482,896,0,180,0.35044642857142855
1,aa2ar,rabvs_hit,6,32032,482,1024,0,180,0.32421875
1,aa2ar,rabvs_reliable,1,32032,482,384,65,73,0.421875
1,aa2ar,rabvs_reliable,2,32032,482,512,24,97,0.4609375
1,aa2ar,rabvs_reliable,3,32032,482,640,25,122,0.4109375
1,aa2ar,rabvs_reliable,4,32032,482,768,58,180,0.3815104166666667
1,aa2ar,rabvs_reliable,5,32032,482,896,0,180,0.35044642857142855
1,aa2ar,rabvs_reliable,6,32032,482,1024,0,180,0.32421875
2,aa2ar,greedy_surrogate,1,32032,482,384,128,136,0.4244791666666667
2,aa2ar,greedy_surrogate,2,32032,482,512,128,264,0.4140625
2,aa2ar,greedy_surrogate,3,32032,482,640,72,336,0.3640625
2,aa2ar,greedy_surrogate,4,32032,482,768,33,369,0.37109375
2,aa2ar,greedy_surrogate,5,32032,482,896,38,407,0.3627232142857143
2,aa2ar,greedy_surrogate,6,32032,482,1024,25,432,0.36328125
2,aa2ar,boba_ucb,1,32032,482,384,128,136,0.4244791666666667
2,aa2ar,boba_ucb,2,32032,482,512,12,148,0.392578125
2,aa2ar,boba_ucb,3,32032,482,640,24,172,0.4421875
2,aa2ar,boba_ucb,4,32032,482,768,3,175,0.44921875
2,aa2ar,boba_ucb,5,32032,482,896,3,178,0.4642857142857143
2,aa2ar,boba_ucb,6,32032,482,1024,1,179,0.4814453125
2,aa2ar,rabvs_budgeted_reliable,1,32032,482,384,128,136,0.4244791666666667
2,aa2ar,rabvs_budgeted_reliable,2,32032,482,512,12,148,0.392578125
2,aa2ar,rabvs_budgeted_reliable,3,32032,482,640,24,172,0.4421875
2,aa2ar,rabvs_budgeted_reliable,4,32032,482,768,3,175,0.44921875
2,aa2ar,rabvs_budgeted_reliable,5,32032,482,896,3,178,0.4642857142857143
2,aa2ar,rabvs_budgeted_reliable,6,32032,482,1024,1,179,0.4814453125
2,aa2ar,rabvs_budgeted_reliable_no_density,1,32032,482,384,128,136,0.4244791666666667
2,aa2ar,rabvs_budgeted_reliable_no_density,2,32032,482,512,12,148,0.392578125
2,aa2ar,rabvs_budgeted_reliable_no_density,3,32032,482,640,24,172,0.4421875
2,aa2ar,rabvs_budgeted_reliable_no_density,4,32032,482,768,3,175,0.44921875
2,aa2ar,rabvs_budgeted_reliable_no_density,5,32032,482,896,3,178,0.4642857142857143
2,aa2ar,rabvs_budgeted_reliable_no_density,6,32032,482,1024,1,179,0.4814453125
2,aa2ar,rabvs_hit,1,32032,482,384,28,36,0.3854166666666667
2,aa2ar,rabvs_hit,2,32032,482,512,52,88,0.375
2,aa2ar,rabvs_hit,3,32032,482,640,4,92,0.4328125
2,aa2ar,rabvs_hit,4,32032,482,768,13,105,0.4544270833333333
2,aa2ar,rabvs_hit,5,32032,482,896,0,105,0.4720982142857143
2,aa2ar,rabvs_hit,6,32032,482,1024,1,106,0.4326171875
2,aa2ar,rabvs_reliable,1,32032,482,384,28,36,0.3854166666666667
2,aa2ar,rabvs_reliable,2,32032,482,512,52,88,0.375
2,aa2ar,rabvs_reliable,3,32032,482,640,4,92,0.4328125
2,aa2ar,rabvs_reliable,4,32032,482,768,13,105,0.4544270833333333
2,aa2ar,rabvs_reliable,5,32032,482,896,0,105,0.4720982142857143
2,aa2ar,rabvs_reliable,6,32032,482,1024,1,106,0.4326171875
0,abl1,greedy_surrogate,1,10932,182,384,97,105,0.4583333333333333
0,abl1,greedy_surrogate,2,10932,182,512,44,149,0.447265625
0,abl1,greedy_surrogate,3,10932,182,640,15,164,0.434375
0,abl1,greedy_surrogate,4,10932,182,768,2,166,0.453125
0,abl1,greedy_surrogate,5,10932,182,896,4,170,0.44642857142857145
0,abl1,greedy_surrogate,6,10932,182,1024,2,172,0.4423828125
0,abl1,boba_ucb,1,10932,182,384,97,105,0.4739583333333333
0,abl1,boba_ucb,2,10932,182,512,18,123,0.474609375
0,abl1,boba_ucb,3,10932,182,640,2,125,0.4328125
0,abl1,boba_ucb,4,10932,182,768,0,125,0.4231770833333333
0,abl1,boba_ucb,5,10932,182,896,1,126,0.41517857142857145
0,abl1,boba_ucb,6,10932,182,1024,8,134,0.4296875
0,abl1,rabvs_budgeted_reliable,1,10932,182,384,97,105,0.4739583333333333
0,abl1,rabvs_budgeted_reliable,2,10932,182,512,18,123,0.474609375
0,abl1,rabvs_budgeted_reliable,3,10932,182,640,2,125,0.4328125
0,abl1,rabvs_budgeted_reliable,4,10932,182,768,0,125,0.4231770833333333
0,abl1,rabvs_budgeted_reliable,5,10932,182,896,1,126,0.41517857142857145
0,abl1,rabvs_budgeted_reliable,6,10932,182,1024,8,134,0.4296875
0,abl1,rabvs_budgeted_reliable_no_density,1,10932,182,384,97,105,0.4739583333333333
0,abl1,rabvs_budgeted_reliable_no_density,2,10932,182,512,18,123,0.474609375
0,abl1,rabvs_budgeted_reliable_no_density,3,10932,182,640,2,125,0.4328125
0,abl1,rabvs_budgeted_reliable_no_density,4,10932,182,768,0,125,0.4231770833333333
0,abl1,rabvs_budgeted_reliable_no_density,5,10932,182,896,1,126,0.41517857142857145
0,abl1,rabvs_budgeted_reliable_no_density,6,10932,182,1024,8,134,0.4296875
0,abl1,rabvs_hit,1,10932,182,384,61,69,0.453125
0,abl1,rabvs_hit,2,10932,182,512,33,102,0.451171875
0,abl1,rabvs_hit,3,10932,182,640,3,105,0.40625
0,abl1,rabvs_hit,4,10932,182,768,2,107,0.3515625
0,abl1,rabvs_hit,5,10932,182,896,0,107,0.32700892857142855
0,abl1,rabvs_hit,6,10932,182,1024,0,107,0.294921875
0,abl1,rabvs_reliable,1,10932,182,384,61,69,0.453125
0,abl1,rabvs_reliable,2,10932,182,512,33,102,0.451171875
0,abl1,rabvs_reliable,3,10932,182,640,3,105,0.40625
0,abl1,rabvs_reliable,4,10932,182,768,2,107,0.3515625
0,abl1,rabvs_reliable,5,10932,182,896,0,107,0.32700892857142855
0,abl1,rabvs_reliable,6,10932,182,1024,0,107,0.294921875
1,abl1,greedy_surrogate,1,10932,182,384,124,132,0.4635416666666667
1,abl1,greedy_surrogate,2,10932,182,512,23,155,0.451171875
1,abl1,greedy_surrogate,3,10932,182,640,3,158,0.459375
1,abl1,greedy_surrogate,4,10932,182,768,3,161,0.4661458333333333
1,abl1,greedy_surrogate,5,10932,182,896,9,170,0.453125
1,abl1,greedy_surrogate,6,10932,182,1024,2,172,0.4443359375
1,abl1,boba_ucb,1,10932,182,384,125,133,0.453125
1,abl1,boba_ucb,2,10932,182,512,10,143,0.4609375
1,abl1,boba_ucb,3,10932,182,640,2,145,0.45625
1,abl1,boba_ucb,4,10932,182,768,0,145,0.4479166666666667
1,abl1,boba_ucb,5,10932,182,896,0,145,0.43526785714285715
1,abl1,boba_ucb,6,10932,182,1024,0,145,0.4384765625
1,abl1,rabvs_budgeted_reliable,1,10932,182,384,125,133,0.453125
1,abl1,rabvs_budgeted_reliable,2,10932,182,512,10,143,0.4609375
1,abl1,rabvs_budgeted_reliable,3,10932,182,640,2,145,0.45625
1,abl1,rabvs_budgeted_reliable,4,10932,182,768,0,145,0.4479166666666667
1,abl1,rabvs_budgeted_reliable,5,10932,182,896,0,145,0.43526785714285715
1,abl1,rabvs_budgeted_reliable,6,10932,182,1024,0,145,0.4384765625
1,abl1,rabvs_budgeted_reliable_no_density,1,10932,182,384,125,133,0.453125
1,abl1,rabvs_budgeted_reliable_no_density,2,10932,182,512,10,143,0.4609375
1,abl1,rabvs_budgeted_reliable_no_density,3,10932,182,640,2,145,0.45625
1,abl1,rabvs_budgeted_reliable_no_density,4,10932,182,768,0,145,0.4479166666666667
1,abl1,rabvs_budgeted_reliable_no_density,5,10932,182,896,0,145,0.43526785714285715
1,abl1,rabvs_budgeted_reliable_no_density,6,10932,182,1024,0,145,0.4384765625
1,abl1,rabvs_hit,1,10932,182,384,95,103,0.4036458333333333
1,abl1,rabvs_hit,2,10932,182,512,6,109,0.419921875
1,abl1,rabvs_hit,3,10932,182,640,0,109,0.3890625
1,abl1,rabvs_hit,4,10932,182,768,0,109,0.3372395833333333
1,abl1,rabvs_hit,5,10932,182,896,0,109,0.29575892857142855
1,abl1,rabvs_hit,6,10932,182,1024,0,109,0.2587890625
1,abl1,rabvs_reliable,1,10932,182,384,95,103,0.4036458333333333
1,abl1,rabvs_reliable,2,10932,182,512,6,109,0.419921875
1,abl1,rabvs_reliable,3,10932,182,640,0,109,0.3890625
1,abl1,rabvs_reliable,4,10932,182,768,0,109,0.3372395833333333
1,abl1,rabvs_reliable,5,10932,182,896,0,109,0.29575892857142855
1,abl1,rabvs_reliable,6,10932,182,1024,0,109,0.2587890625
2,abl1,greedy_surrogate,1,10932,182,384,90,98,0.4479166666666667
2,abl1,greedy_surrogate,2,10932,182,512,55,153,0.408203125
2,abl1,greedy_surrogate,3,10932,182,640,11,164,0.4375
2,abl1,greedy_surrogate,4,10932,182,768,5,169,0.4322916666666667
2,abl1,greedy_surrogate,5,10932,182,896,1,170,0.42410714285714285
2,abl1,greedy_surrogate,6,10932,182,1024,1,171,0.4189453125
2,abl1,boba_ucb,1,10932,182,384,97,105,0.4192708333333333
2,abl1,boba_ucb,2,10932,182,512,19,124,0.4296875
2,abl1,boba_ucb,3,10932,182,640,17,141,0.4140625
2,abl1,boba_ucb,4,10932,182,768,2,143,0.4361979166666667
2,abl1,boba_ucb,5,10932,182,896,0,143,0.43526785714285715
2,abl1,boba_ucb,6,10932,182,1024,0,143,0.443359375
2,abl1,rabvs_budgeted_reliable,1,10932,182,384,97,105,0.4192708333333333
2,abl1,rabvs_budgeted_reliable,2,10932,182,512,19,124,0.4296875
2,abl1,rabvs_budgeted_reliable,3,10932,182,640,17,141,0.4140625
2,abl1,rabvs_budgeted_reliable,4,10932,182,768,2,143,0.4361979166666667
2,abl1,rabvs_budgeted_reliable,5,10932,182,896,0,143,0.43526785714285715
2,abl1,rabvs_budgeted_reliable,6,10932,182,1024,0,143,0.443359375
2,abl1,rabvs_budgeted_reliable_no_density,1,10932,182,384,97,105,0.4192708333333333
2,abl1,rabvs_budgeted_reliable_no_density,2,10932,182,512,19,124,0.4296875
2,abl1,rabvs_budgeted_reliable_no_density,3,10932,182,640,17,141,0.4140625
2,abl1,rabvs_budgeted_reliable_no_density,4,10932,182,768,2,143,0.4361979166666667
2,abl1,rabvs_budgeted_reliable_no_density,5,10932,182,896,0,143,0.43526785714285715
2,abl1,rabvs_budgeted_reliable_no_density,6,10932,182,1024,0,143,0.443359375
2,abl1,rabvs_hit,1,10932,182,384,59,67,0.3854166666666667
2,abl1,rabvs_hit,2,10932,182,512,7,74,0.400390625
2,abl1,rabvs_hit,3,10932,182,640,1,75,0.384375
2,abl1,rabvs_hit,4,10932,182,768,14,89,0.3763020833333333
2,abl1,rabvs_hit,5,10932,182,896,0,89,0.35267857142857145
2,abl1,rabvs_hit,6,10932,182,1024,0,89,0.3193359375
2,abl1,rabvs_reliable,1,10932,182,384,59,67,0.3854166666666667
2,abl1,rabvs_reliable,2,10932,182,512,7,74,0.400390625
2,abl1,rabvs_reliable,3,10932,182,640,1,75,0.384375
2,abl1,rabvs_reliable,4,10932,182,768,14,89,0.3763020833333333
2,abl1,rabvs_reliable,5,10932,182,896,0,89,0.35267857142857145
2,abl1,rabvs_reliable,6,10932,182,1024,0,89,0.3193359375
0,ace,greedy_surrogate,1,17182,282,384,128,136,0.5494791666666666
0,ace,greedy_surrogate,2,17182,282,512,126,262,0.603515625
0,ace,greedy_surrogate,3,17182,282,640,15,277,0.584375
0,ace,greedy_surrogate,4,17182,282,768,2,279,0.5677083333333334
0,ace,greedy_surrogate,5,17182,282,896,1,280,0.5412946428571429
0,ace,greedy_surrogate,6,17182,282,1024,1,281,0.5390625
0,ace,boba_ucb,1,17182,282,384,128,136,0.5494791666666666
0,ace,boba_ucb,2,17182,282,512,3,139,0.568359375
0,ace,boba_ucb,3,17182,282,640,1,140,0.53125
0,ace,boba_ucb,4,17182,282,768,0,140,0.4908854166666667
0,ace,boba_ucb,5,17182,282,896,0,140,0.4921875
0,ace,boba_ucb,6,17182,282,1024,0,140,0.4697265625
0,ace,rabvs_budgeted_reliable,1,17182,282,384,128,136,0.5494791666666666
0,ace,rabvs_budgeted_reliable,2,17182,282,512,3,139,0.568359375
0,ace,rabvs_budgeted_reliable,3,17182,282,640,1,140,0.53125
0,ace,rabvs_budgeted_reliable,4,17182,282,768,0,140,0.4908854166666667
0,ace,rabvs_budgeted_reliable,5,17182,282,896,0,140,0.4921875
0,ace,rabvs_budgeted_reliable,6,17182,282,1024,0,140,0.4697265625
0,ace,rabvs_budgeted_reliable_no_density,1,17182,282,384,128,136,0.5494791666666666
0,ace,rabvs_budgeted_reliable_no_density,2,17182,282,512,3,139,0.568359375
0,ace,rabvs_budgeted_reliable_no_density,3,17182,282,640,1,140,0.53125
0,ace,rabvs_budgeted_reliable_no_density,4,17182,282,768,0,140,0.4908854166666667
0,ace,rabvs_budgeted_reliable_no_density,5,17182,282,896,0,140,0.4921875
0,ace,rabvs_budgeted_reliable_no_density,6,17182,282,1024,0,140,0.4697265625
0,ace,rabvs_hit,1,17182,282,384,50,58,0.4973958333333333
0,ace,rabvs_hit,2,17182,282,512,3,61,0.498046875
0,ace,rabvs_hit,3,17182,282,640,0,61,0.40625
0,ace,rabvs_hit,4,17182,282,768,1,62,0.34765625
0,ace,rabvs_hit,5,17182,282,896,0,62,0.31026785714285715
0,ace,rabvs_hit,6,17182,282,1024,0,62,0.2841796875
0,ace,rabvs_reliable,1,17182,282,384,50,58,0.4973958333333333
0,ace,rabvs_reliable,2,17182,282,512,3,61,0.498046875
0,ace,rabvs_reliable,3,17182,282,640,0,61,0.40625
0,ace,rabvs_reliable,4,17182,282,768,1,62,0.34765625
0,ace,rabvs_reliable,5,17182,282,896,0,62,0.31026785714285715
0,ace,rabvs_reliable,6,17182,282,1024,0,62,0.2841796875
1,ace,greedy_surrogate,1,17182,282,384,128,136,0.5572916666666666
1,ace,greedy_surrogate,2,17182,282,512,124,260,0.58203125
1,ace,greedy_surrogate,3,17182,282,640,17,277,0.5828125
1,ace,greedy_surrogate,4,17182,282,768,2,279,0.5338541666666666
1,ace,greedy_surrogate,5,17182,282,896,2,281,0.5323660714285714
1,ace,greedy_surrogate,6,17182,282,1024,0,281,0.54296875
1,ace,boba_ucb,1,17182,282,384,128,136,0.5572916666666666
1,ace,boba_ucb,2,17182,282,512,40,176,0.5859375
1,ace,boba_ucb,3,17182,282,640,1,177,0.5765625
1,ace,boba_ucb,4,17182,282,768,0,177,0.5364583333333334
1,ace,boba_ucb,5,17182,282,896,0,177,0.5212053571428571
1,ace,boba_ucb,6,17182,282,1024,0,177,0.5302734375
1,ace,rabvs_budgeted_reliable,1,17182,282,384,128,136,0.5572916666666666
1,ace,rabvs_budgeted_reliable,2,17182,282,512,40,176,0.5859375
1,ace,rabvs_budgeted_reliable,3,17182,282,640,1,177,0.5765625
1,ace,rabvs_budgeted_reliable,4,17182,282,768,0,177,0.5364583333333334
1,ace,rabvs_budgeted_reliable,5,17182,282,896,0,177,0.5212053571428571
1,ace,rabvs_budgeted_reliable,6,17182,282,1024,0,177,0.5302734375
1,ace,rabvs_budgeted_reliable_no_density,1,17182,282,384,128,136,0.5572916666666666
1,ace,rabvs_budgeted_reliable_no_density,2,17182,282,512,40,176,0.5859375
1,ace,rabvs_budgeted_reliable_no_density,3,17182,282,640,1,177,0.5765625
1,ace,rabvs_budgeted_reliable_no_density,4,17182,282,768,0,177,0.5364583333333334
1,ace,rabvs_budgeted_reliable_no_density,5,17182,282,896,0,177,0.5212053571428571
1,ace,rabvs_budgeted_reliable_no_density,6,17182,282,1024,0,177,0.5302734375
1,ace,rabvs_hit,1,17182,282,384,88,96,0.5
1,ace,rabvs_hit,2,17182,282,512,1,97,0.4921875
1,ace,rabvs_hit,3,17182,282,640,0,97,0.4109375
1,ace,rabvs_hit,4,17182,282,768,0,97,0.3502604166666667
1,ace,rabvs_hit,5,17182,282,896,0,97,0.3046875
1,ace,rabvs_hit,6,17182,282,1024,0,97,0.275390625
1,ace,rabvs_reliable,1,17182,282,384,88,96,0.5
1,ace,rabvs_reliable,2,17182,282,512,1,97,0.4921875
1,ace,rabvs_reliable,3,17182,282,640,0,97,0.4109375
1,ace,rabvs_reliable,4,17182,282,768,0,97,0.3502604166666667
1,ace,rabvs_reliable,5,17182,282,896,0,97,0.3046875
1,ace,rabvs_reliable,6,17182,282,1024,0,97,0.275390625
2,ace,greedy_surrogate,1,17182,282,384,128,136,0.5234375
2,ace,greedy_surrogate,2,17182,282,512,125,261,0.583984375
2,ace,greedy_surrogate,3,17182,282,640,16,277,0.584375
2,ace,greedy_surrogate,4,17182,282,768,3,280,0.5638020833333334
2,ace,greedy_surrogate,5,17182,282,896,1,281,0.5658482142857143
2,ace,greedy_surrogate,6,17182,282,1024,0,281,0.5615234375
2,ace,boba_ucb,1,17182,282,384,128,136,0.5234375
2,ace,boba_ucb,2,17182,282,512,30,166,0.57421875
2,ace,boba_ucb,3,17182,282,640,6,172,0.5296875
2,ace,boba_ucb,4,17182,282,768,0,172,0.5403645833333334
2,ace,boba_ucb,5,17182,282,896,0,172,0.5390625
2,ace,boba_ucb,6,17182,282,1024,0,172,0.5390625
2,ace,rabvs_budgeted_reliable,1,17182,282,384,128,136,0.5234375
2,ace,rabvs_budgeted_reliable,2,17182,282,512,30,166,0.57421875
2,ace,rabvs_budgeted_reliable,3,17182,282,640,6,172,0.5296875
2,ace,rabvs_budgeted_reliable,4,17182,282,768,0,172,0.5403645833333334
2,ace,rabvs_budgeted_reliable,5,17182,282,896,0,172,0.5390625
2,ace,rabvs_budgeted_reliable,6,17182,282,1024,0,172,0.5390625
2,ace,rabvs_budgeted_reliable_no_density,1,17182,282,384,128,136,0.5234375
2,ace,rabvs_budgeted_reliable_no_density,2,17182,282,512,30,166,0.57421875
2,ace,rabvs_budgeted_reliable_no_density,3,17182,282,640,6,172,0.5296875
2,ace,rabvs_budgeted_reliable_no_density,4,17182,282,768,0,172,0.5403645833333334
2,ace,rabvs_budgeted_reliable_no_density,5,17182,282,896,0,172,0.5390625
2,ace,rabvs_budgeted_reliable_no_density,6,17182,282,1024,0,172,0.5390625
2,ace,rabvs_hit,1,17182,282,384,72,80,0.5364583333333334
2,ace,rabvs_hit,2,17182,282,512,4,84,0.51953125
2,ace,rabvs_hit,3,17182,282,640,1,85,0.4640625
2,ace,rabvs_hit,4,17182,282,768,0,85,0.3880208333333333
2,ace,rabvs_hit,5,17182,282,896,0,85,0.3359375
2,ace,rabvs_hit,6,17182,282,1024,0,85,0.2998046875
2,ace,rabvs_reliable,1,17182,282,384,72,80,0.5364583333333334
2,ace,rabvs_reliable,2,17182,282,512,4,84,0.51953125
2,ace,rabvs_reliable,3,17182,282,640,1,85,0.4640625
2,ace,rabvs_reliable,4,17182,282,768,0,85,0.3880208333333333
2,ace,rabvs_reliable,5,17182,282,896,0,85,0.3359375
2,ace,rabvs_reliable,6,17182,282,1024,0,85,0.2998046875
0,aces,greedy_surrogate,1,26703,453,384,128,136,0.4947916666666667
0,aces,greedy_surrogate,2,26703,453,512,117,253,0.537109375
0,aces,greedy_surrogate,3,26703,453,640,49,302,0.571875
0,aces,greedy_surrogate,4,26703,453,768,39,341,0.6002604166666666
0,aces,greedy_surrogate,5,26703,453,896,25,366,0.6160714285714286
0,aces,greedy_surrogate,6,26703,453,1024,14,380,0.6005859375
0,aces,boba_ucb,1,26703,453,384,128,136,0.4947916666666667
0,aces,boba_ucb,2,26703,453,512,56,192,0.53515625
0,aces,boba_ucb,3,26703,453,640,12,204,0.584375
0,aces,boba_ucb,4,26703,453,768,17,221,0.5520833333333334
0,aces,boba_ucb,5,26703,453,896,16,237,0.5602678571428571
0,aces,boba_ucb,6,26703,453,1024,5,242,0.5693359375
0,aces,rabvs_budgeted_reliable,1,26703,453,384,128,136,0.4947916666666667
0,aces,rabvs_budgeted_reliable,2,26703,453,512,56,192,0.53515625
0,aces,rabvs_budgeted_reliable,3,26703,453,640,12,204,0.584375
0,aces,rabvs_budgeted_reliable,4,26703,453,768,17,221,0.5520833333333334
0,aces,rabvs_budgeted_reliable,5,26703,453,896,16,237,0.5602678571428571
0,aces,rabvs_budgeted_reliable,6,26703,453,1024,5,242,0.5693359375
0,aces,rabvs_budgeted_reliable_no_density,1,26703,453,384,128,136,0.4947916666666667
0,aces,rabvs_budgeted_reliable_no_density,2,26703,453,512,56,192,0.53515625
0,aces,rabvs_budgeted_reliable_no_density,3,26703,453,640,12,204,0.584375
0,aces,rabvs_budgeted_reliable_no_density,4,26703,453,768,17,221,0.5520833333333334
0,aces,rabvs_budgeted_reliable_no_density,5,26703,453,896,16,237,0.5602678571428571
0,aces,rabvs_budgeted_reliable_no_density,6,26703,453,1024,5,242,0.5693359375
0,aces,rabvs_hit,1,26703,453,384,98,106,0.4739583333333333
0,aces,rabvs_hit,2,26703,453,512,5,111,0.498046875
0,aces,rabvs_hit,3,26703,453,640,28,139,0.553125
0,aces,rabvs_hit,4,26703,453,768,11,150,0.5559895833333334
0,aces,rabvs_hit,5,26703,453,896,5,155,0.515625
0,aces,rabvs_hit,6,26703,453,1024,1,156,0.501953125
0,aces,rabvs_reliable,1,26703,453,384,98,106,0.4739583333333333
0,aces,rabvs_reliable,2,26703,453,512,5,111,0.498046875
0,aces,rabvs_reliable,3,26703,453,640,28,139,0.553125
0,aces,rabvs_reliable,4,26703,453,768,11,150,0.5559895833333334
0,aces,rabvs_reliable,5,26703,453,896,5,155,0.515625
0,aces,rabvs_reliable,6,26703,453,1024,1,156,0.501953125
1,aces,greedy_surrogate,1,26703,453,384,124,132,0.5729166666666666
1,aces,greedy_surrogate,2,26703,453,512,77,209,0.615234375
1,aces,greedy_surrogate,3,26703,453,640,95,304,0.59375
1,aces,greedy_surrogate,4,26703,453,768,34,338,0.6002604166666666
1,aces,greedy_surrogate,5,26703,453,896,24,362,0.6004464285714286
1,aces,greedy_surrogate,6,26703,453,1024,26,388,0.607421875
1,aces,boba_ucb,1,26703,453,384,126,134,0.5729166666666666
1,aces,boba_ucb,2,26703,453,512,76,210,0.5546875
1,aces,boba_ucb,3,26703,453,640,54,264,0.5640625
1,aces,boba_ucb,4,26703,453,768,6,270,0.56640625
1,aces,boba_ucb,5,26703,453,896,18,288,0.5580357142857143
1,aces,boba_ucb,6,26703,453,1024,2,290,0.556640625
1,aces,rabvs_budgeted_reliable,1,26703,453,384,126,134,0.5729166666666666
1,aces,rabvs_budgeted_reliable,2,26703,453,512,76,210,0.5546875
1,aces,rabvs_budgeted_reliable,3,26703,453,640,54,264,0.5640625
1,aces,rabvs_budgeted_reliable,4,26703,453,768,6,270,0.56640625
1,aces,rabvs_budgeted_reliable,5,26703,453,896,18,288,0.5580357142857143
1,aces,rabvs_budgeted_reliable,6,26703,453,1024,2,290,0.556640625
1,aces,rabvs_budgeted_reliable_no_density,1,26703,453,384,126,134,0.5729166666666666
1,aces,rabvs_budgeted_reliable_no_density,2,26703,453,512,76,210,0.5546875
1,aces,rabvs_budgeted_reliable_no_density,3,26703,453,640,54,264,0.5640625
1,aces,rabvs_budgeted_reliable_no_density,4,26703,453,768,6,270,0.56640625
1,aces,rabvs_budgeted_reliable_no_density,5,26703,453,896,18,288,0.5580357142857143
1,aces,rabvs_budgeted_reliable_no_density,6,26703,453,1024,2,290,0.556640625
1,aces,rabvs_hit,1,26703,453,384,83,91,0.4192708333333333
1,aces,rabvs_hit,2,26703,453,512,2,93,0.494140625
1,aces,rabvs_hit,3,26703,453,640,7,100,0.4984375
1,aces,rabvs_hit,4,26703,453,768,20,120,0.484375
1,aces,rabvs_hit,5,26703,453,896,45,165,0.4955357142857143
1,aces,rabvs_hit,6,26703,453,1024,4,169,0.490234375
1,aces,rabvs_reliable,1,26703,453,384,83,91,0.4192708333333333
1,aces,rabvs_reliable,2,26703,453,512,2,93,0.494140625
1,aces,rabvs_reliable,3,26703,453,640,7,100,0.4984375
1,aces,rabvs_reliable,4,26703,453,768,20,120,0.484375
1,aces,rabvs_reliable,5,26703,453,896,45,165,0.4955357142857143
1,aces,rabvs_reliable,6,26703,453,1024,4,169,0.490234375
2,aces,greedy_surrogate,1,26703,453,384,127,135,0.5677083333333334
2,aces,greedy_surrogate,2,26703,453,512,127,262,0.595703125
2,aces,greedy_surrogate,3,26703,453,640,33,295,0.5859375
2,aces,greedy_surrogate,4,26703,453,768,44,339,0.5963541666666666
2,aces,greedy_surrogate,5,26703,453,896,19,358,0.6082589285714286
2,aces,greedy_surrogate,6,26703,453,1024,18,376,0.6103515625
2,aces,boba_ucb,1,26703,453,384,128,136,0.5651041666666666
2,aces,boba_ucb,2,26703,453,512,36,172,0.607421875
2,aces,boba_ucb,3,26703,453,640,11,183,0.5859375
2,aces,boba_ucb,4,26703,453,768,12,195,0.5885416666666666
2,aces,boba_ucb,5,26703,453,896,3,198,0.5602678571428571
2,aces,boba_ucb,6,26703,453,1024,4,202,0.556640625
2,aces,rabvs_budgeted_reliable,1,26703,453,384,128,136,0.5651041666666666
2,aces,rabvs_budgeted_reliable,2,26703,453,512,36,172,0.607421875
2,aces,rabvs_budgeted_reliable,3,26703,453,640,11,183,0.5859375
2,aces,rabvs_budgeted_reliable,4,26703,453,768,12,195,0.5885416666666666
2,aces,rabvs_budgeted_reliable,5,26703,453,896,3,198,0.5602678571428571
2,aces,rabvs_budgeted_reliable,6,26703,453,1024,4,202,0.556640625
2,aces,rabvs_budgeted_reliable_no_density,1,26703,453,384,128,136,0.5651041666666666
2,aces,rabvs_budgeted_reliable_no_density,2,26703,453,512,36,172,0.607421875
2,aces,rabvs_budgeted_reliable_no_density,3,26703,453,640,11,183,0.5859375
2,aces,rabvs_budgeted_reliable_no_density,4,26703,453,768,12,195,0.5885416666666666
2,aces,rabvs_budgeted_reliable_no_density,5,26703,453,896,3,198,0.5602678571428571
2,aces,rabvs_budgeted_reliable_no_density,6,26703,453,1024,4,202,0.556640625
2,aces,rabvs_hit,1,26703,453,384,25,33,0.4296875
2,aces,rabvs_hit,2,26703,453,512,120,153,0.55078125
2,aces,rabvs_hit,3,26703,453,640,2,155,0.5609375
2,aces,rabvs_hit,4,26703,453,768,7,162,0.5130208333333334
2,aces,rabvs_hit,5,26703,453,896,3,165,0.5178571428571429
2,aces,rabvs_hit,6,26703,453,1024,2,167,0.4892578125
2,aces,rabvs_reliable,1,26703,453,384,25,33,0.4296875
2,aces,rabvs_reliable,2,26703,453,512,120,153,0.55078125
2,aces,rabvs_reliable,3,26703,453,640,2,155,0.5609375
2,aces,rabvs_reliable,4,26703,453,768,7,162,0.5130208333333334
2,aces,rabvs_reliable,5,26703,453,896,3,165,0.5178571428571429
2,aces,rabvs_reliable,6,26703,453,1024,2,167,0.4892578125
0,ada,greedy_surrogate,1,5543,93,384,84,92,0.4947916666666667
0,ada,greedy_surrogate,2,5543,93,512,0,92,0.484375
0,ada,greedy_surrogate,3,5543,93,640,0,92,0.475
0,ada,greedy_surrogate,4,5543,93,768,0,92,0.4752604166666667
0,ada,greedy_surrogate,5,5543,93,896,0,92,0.47767857142857145
0,ada,greedy_surrogate,6,5543,93,1024,0,92,0.4736328125
0,ada,boba_ucb,1,5543,93,384,84,92,0.5078125
0,ada,boba_ucb,2,5543,93,512,0,92,0.486328125
0,ada,boba_ucb,3,5543,93,640,0,92,0.4890625
0,ada,boba_ucb,4,5543,93,768,0,92,0.4869791666666667
0,ada,boba_ucb,5,5543,93,896,0,92,0.4609375
0,ada,boba_ucb,6,5543,93,1024,0,92,0.482421875
0,ada,rabvs_budgeted_reliable,1,5543,93,384,84,92,0.5078125
0,ada,rabvs_budgeted_reliable,2,5543,93,512,0,92,0.486328125
0,ada,rabvs_budgeted_reliable,3,5543,93,640,0,92,0.4890625
0,ada,rabvs_budgeted_reliable,4,5543,93,768,0,92,0.4869791666666667
0,ada,rabvs_budgeted_reliable,5,5543,93,896,0,92,0.4609375
0,ada,rabvs_budgeted_reliable,6,5543,93,1024,0,92,0.482421875
0,ada,rabvs_budgeted_reliable_no_density,1,5543,93,384,84,92,0.5078125
0,ada,rabvs_budgeted_reliable_no_density,2,5543,93,512,0,92,0.486328125
0,ada,rabvs_budgeted_reliable_no_density,3,5543,93,640,0,92,0.4890625
0,ada,rabvs_budgeted_reliable_no_density,4,5543,93,768,0,92,0.4869791666666667
0,ada,rabvs_budgeted_reliable_no_density,5,5543,93,896,0,92,0.4609375
0,ada,rabvs_budgeted_reliable_no_density,6,5543,93,1024,0,92,0.482421875
0,ada,rabvs_hit,1,5543,93,384,84,92,0.4479166666666667
0,ada,rabvs_hit,2,5543,93,512,0,92,0.35546875
0,ada,rabvs_hit,3,5543,93,640,0,92,0.284375
0,ada,rabvs_hit,4,5543,93,768,0,92,0.2565104166666667
0,ada,rabvs_hit,5,5543,93,896,0,92,0.22767857142857142
0,ada,rabvs_hit,6,5543,93,1024,0,92,0.2158203125
0,ada,rabvs_reliable,1,5543,93,384,84,92,0.4479166666666667
0,ada,rabvs_reliable,2,5543,93,512,0,92,0.35546875
0,ada,rabvs_reliable,3,5543,93,640,0,92,0.284375
0,ada,rabvs_reliable,4,5543,93,768,0,92,0.2565104166666667
0,ada,rabvs_reliable,5,5543,93,896,0,92,0.22767857142857142
0,ada,rabvs_reliable,6,5543,93,1024,0,92,0.2158203125
1,ada,greedy_surrogate,1,5543,93,384,75,83,0.515625
1,ada,greedy_surrogate,2,5543,93,512,9,92,0.4921875
1,ada,greedy_surrogate,3,5543,93,640,0,92,0.490625
1,ada,greedy_surrogate,4,5543,93,768,0,92,0.4869791666666667
1,ada,greedy_surrogate,5,5543,93,896,0,92,0.48660714285714285
1,ada,greedy_surrogate,6,5543,93,1024,0,92,0.482421875
1,ada,boba_ucb,1,5543,93,384,82,90,0.5026041666666666
1,ada,boba_ucb,2,5543,93,512,0,90,0.525390625
1,ada,boba_ucb,3,5543,93,640,0,90,0.5078125
1,ada,boba_ucb,4,5543,93,768,0,90,0.4856770833333333
1,ada,boba_ucb,5,5543,93,896,0,90,0.47098214285714285
1,ada,boba_ucb,6,5543,93,1024,0,90,0.4921875
1,ada,rabvs_budgeted_reliable,1,5543,93,384,82,90,0.5026041666666666
1,ada,rabvs_budgeted_reliable,2,5543,93,512,0,90,0.525390625
1,ada,rabvs_budgeted_reliable,3,5543,93,640,0,90,0.5078125
1,ada,rabvs_budgeted_reliable,4,5543,93,768,0,90,0.4856770833333333
1,ada,rabvs_budgeted_reliable,5,5543,93,896,0,90,0.47098214285714285
1,ada,rabvs_budgeted_reliable,6,5543,93,1024,0,90,0.4921875
1,ada,rabvs_budgeted_reliable_no_density,1,5543,93,384,82,90,0.5026041666666666
1,ada,rabvs_budgeted_reliable_no_density,2,5543,93,512,0,90,0.525390625
1,ada,rabvs_budgeted_reliable_no_density,3,5543,93,640,0,90,0.5078125
1,ada,rabvs_budgeted_reliable_no_density,4,5543,93,768,0,90,0.4856770833333333
1,ada,rabvs_budgeted_reliable_no_density,5,5543,93,896,0,90,0.47098214285714285
1,ada,rabvs_budgeted_reliable_no_density,6,5543,93,1024,0,90,0.4921875
1,ada,rabvs_hit,1,5543,93,384,72,80,0.4322916666666667
1,ada,rabvs_hit,2,5543,93,512,12,92,0.361328125
1,ada,rabvs_hit,3,5543,93,640,0,92,0.309375
1,ada,rabvs_hit,4,5543,93,768,0,92,0.26953125
1,ada,rabvs_hit,5,5543,93,896,0,92,0.26004464285714285
1,ada,rabvs_hit,6,5543,93,1024,0,92,0.24609375
1,ada,rabvs_reliable,1,5543,93,384,72,80,0.4322916666666667
1,ada,rabvs_reliable,2,5543,93,512,12,92,0.361328125
1,ada,rabvs_reliable,3,5543,93,640,0,92,0.309375
1,ada,rabvs_reliable,4,5543,93,768,0,92,0.26953125
1,ada,rabvs_reliable,5,5543,93,896,0,92,0.26004464285714285
1,ada,rabvs_reliable,6,5543,93,1024,0,92,0.24609375
2,ada,greedy_surrogate,1,5543,93,384,84,92,0.5078125
2,ada,greedy_surrogate,2,5543,93,512,0,92,0.5078125
2,ada,greedy_surrogate,3,5543,93,640,0,92,0.4953125
2,ada,greedy_surrogate,4,5543,93,768,0,92,0.49609375
2,ada,greedy_surrogate,5,5543,93,896,0,92,0.49330357142857145
2,ada,greedy_surrogate,6,5543,93,1024,0,92,0.4853515625
2,ada,boba_ucb,1,5543,93,384,84,92,0.5026041666666666
2,ada,boba_ucb,2,5543,93,512,0,92,0.525390625
2,ada,boba_ucb,3,5543,93,640,0,92,0.50625
2,ada,boba_ucb,4,5543,93,768,0,92,0.4869791666666667
2,ada,boba_ucb,5,5543,93,896,0,92,0.49888392857142855
2,ada,boba_ucb,6,5543,93,1024,0,92,0.490234375
2,ada,rabvs_budgeted_reliable,1,5543,93,384,84,92,0.5026041666666666
2,ada,rabvs_budgeted_reliable,2,5543,93,512,0,92,0.525390625
2,ada,rabvs_budgeted_reliable,3,5543,93,640,0,92,0.50625
2,ada,rabvs_budgeted_reliable,4,5543,93,768,0,92,0.4869791666666667
2,ada,rabvs_budgeted_reliable,5,5543,93,896,0,92,0.49888392857142855
2,ada,rabvs_budgeted_reliable,6,5543,93,1024,0,92,0.490234375
2,ada,rabvs_budgeted_reliable_no_density,1,5543,93,384,84,92,0.5026041666666666
2,ada,rabvs_budgeted_reliable_no_density,2,5543,93,512,0,92,0.525390625
2,ada,rabvs_budgeted_reliable_no_density,3,5543,93,640,0,92,0.50625
2,ada,rabvs_budgeted_reliable_no_density,4,5543,93,768,0,92,0.4869791666666667
2,ada,rabvs_budgeted_reliable_no_density,5,5543,93,896,0,92,0.49888392857142855
2,ada,rabvs_budgeted_reliable_no_density,6,5543,93,1024,0,92,0.490234375
2,ada,rabvs_hit,1,5543,93,384,84,92,0.453125
2,ada,rabvs_hit,2,5543,93,512,0,92,0.40625
2,ada,rabvs_hit,3,5543,93,640,0,92,0.3328125
2,ada,rabvs_hit,4,5543,93,768,0,92,0.2916666666666667
2,ada,rabvs_hit,5,5543,93,896,0,92,0.26785714285714285
2,ada,rabvs_hit,6,5543,93,1024,0,92,0.24609375
2,ada,rabvs_reliable,1,5543,93,384,84,92,0.453125
2,ada,rabvs_reliable,2,5543,93,512,0,92,0.40625
2,ada,rabvs_reliable,3,5543,93,640,0,92,0.3328125
2,ada,rabvs_reliable,4,5543,93,768,0,92,0.2916666666666667
2,ada,rabvs_reliable,5,5543,93,896,0,92,0.26785714285714285
2,ada,rabvs_reliable,6,5543,93,1024,0,92,0.24609375
0,akt1,greedy_surrogate,1,16743,293,384,128,136,0.3151041666666667
0,akt1,greedy_surrogate,2,16743,293,512,93,229,0.3046875
0,akt1,greedy_surrogate,3,16743,293,640,11,240,0.321875
0,akt1,greedy_surrogate,4,16743,293,768,15,255,0.32421875
0,akt1,greedy_surrogate,5,16743,293,896,13,268,0.3404017857142857
0,akt1,greedy_surrogate,6,16743,293,1024,7,275,0.3310546875
0,akt1,boba_ucb,1,16743,293,384,128,136,0.3151041666666667
0,akt1,boba_ucb,2,16743,293,512,13,149,0.353515625
0,akt1,boba_ucb,3,16743,293,640,0,149,0.375
0,akt1,boba_ucb,4,16743,293,768,4,153,0.3815104166666667
0,akt1,boba_ucb,5,16743,293,896,2,155,0.3549107142857143
0,akt1,boba_ucb,6,16743,293,1024,0,155,0.359375
0,akt1,rabvs_budgeted_reliable,1,16743,293,384,128,136,0.3151041666666667
0,akt1,rabvs_budgeted_reliable,2,16743,293,512,13,149,0.353515625
0,akt1,rabvs_budgeted_reliable,3,16743,293,640,0,149,0.375
0,akt1,rabvs_budgeted_reliable,4,16743,293,768,4,153,0.3815104166666667
0,akt1,rabvs_budgeted_reliable,5,16743,293,896,2,155,0.3549107142857143
0,akt1,rabvs_budgeted_reliable,6,16743,293,1024,0,155,0.359375
0,akt1,rabvs_budgeted_reliable_no_density,1,16743,293,384,128,136,0.3151041666666667
0,akt1,rabvs_budgeted_reliable_no_density,2,16743,293,512,13,149,0.353515625
0,akt1,rabvs_budgeted_reliable_no_density,3,16743,293,640,0,149,0.375
0,akt1,rabvs_budgeted_reliable_no_density,4,16743,293,768,4,153,0.3815104166666667
0,akt1,rabvs_budgeted_reliable_no_density,5,16743,293,896,2,155,0.3549107142857143
0,akt1,rabvs_budgeted_reliable_no_density,6,16743,293,1024,0,155,0.359375
0,akt1,rabvs_hit,1,16743,293,384,16,24,0.3776041666666667
0,akt1,rabvs_hit,2,16743,293,512,22,46,0.384765625
0,akt1,rabvs_hit,3,16743,293,640,21,67,0.3375
0,akt1,rabvs_hit,4,16743,293,768,1,68,0.3059895833333333
0,akt1,rabvs_hit,5,16743,293,896,6,74,0.29464285714285715
0,akt1,rabvs_hit,6,16743,293,1024,0,74,0.326171875
0,akt1,rabvs_reliable,1,16743,293,384,16,24,0.3776041666666667
0,akt1,rabvs_reliable,2,16743,293,512,22,46,0.384765625
0,akt1,rabvs_reliable,3,16743,293,640,21,67,0.3375
0,akt1,rabvs_reliable,4,16743,293,768,1,68,0.3059895833333333
0,akt1,rabvs_reliable,5,16743,293,896,6,74,0.29464285714285715
0,akt1,rabvs_reliable,6,16743,293,1024,0,74,0.326171875
1,akt1,greedy_surrogate,1,16743,293,384,128,136,0.296875
1,akt1,greedy_surrogate,2,16743,293,512,80,216,0.302734375
1,akt1,greedy_surrogate,3,16743,293,640,20,236,0.315625
1,akt1,greedy_surrogate,4,16743,293,768,12,248,0.3450520833333333
1,akt1,greedy_surrogate,5,16743,293,896,16,264,0.3549107142857143
1,akt1,greedy_surrogate,6,16743,293,1024,4,268,0.365234375
1,akt1,boba_ucb,1,16743,293,384,128,136,0.296875
1,akt1,boba_ucb,2,16743,293,512,66,202,0.302734375
1,akt1,boba_ucb,3,16743,293,640,0,202,0.3359375
1,akt1,boba_ucb,4,16743,293,768,0,202,0.34765625
1,akt1,boba_ucb,5,16743,293,896,0,202,0.36495535714285715
1,akt1,boba_ucb,6,16743,293,1024,1,203,0.376953125
1,akt1,rabvs_budgeted_reliable,1,16743,293,384,128,136,0.296875
1,akt1,rabvs_budgeted_reliable,2,16743,293,512,66,202,0.302734375
1,akt1,rabvs_budgeted_reliable,3,16743,293,640,0,202,0.3359375
1,akt1,rabvs_budgeted_reliable,4,16743,293,768,0,202,0.34765625
1,akt1,rabvs_budgeted_reliable,5,16743,293,896,0,202,0.36495535714285715
1,akt1,rabvs_budgeted_reliable,6,16743,293,1024,1,203,0.376953125
1,akt1,rabvs_budgeted_reliable_no_density,1,16743,293,384,128,136,0.296875
1,akt1,rabvs_budgeted_reliable_no_density,2,16743,293,512,66,202,0.302734375
1,akt1,rabvs_budgeted_reliable_no_density,3,16743,293,640,0,202,0.3359375
1,akt1,rabvs_budgeted_reliable_no_density,4,16743,293,768,0,202,0.34765625
1,akt1,rabvs_budgeted_reliable_no_density,5,16743,293,896,0,202,0.36495535714285715
1,akt1,rabvs_budgeted_reliable_no_density,6,16743,293,1024,1,203,0.376953125
1,akt1,rabvs_hit,1,16743,293,384,66,74,0.328125
1,akt1,rabvs_hit,2,16743,293,512,12,86,0.34765625
1,akt1,rabvs_hit,3,16743,293,640,0,86,0.315625
1,akt1,rabvs_hit,4,16743,293,768,2,88,0.2825520833333333
1,akt1,rabvs_hit,5,16743,293,896,1,89,0.2700892857142857
1,akt1,rabvs_hit,6,16743,293,1024,0,89,0.2490234375
1,akt1,rabvs_reliable,1,16743,293,384,66,74,0.328125
1,akt1,rabvs_reliable,2,16743,293,512,12,86,0.34765625
1,akt1,rabvs_reliable,3,16743,293,640,0,86,0.315625
1,akt1,rabvs_reliable,4,16743,293,768,2,88,0.2825520833333333
1,akt1,rabvs_reliable,5,16743,293,896,1,89,0.2700892857142857
1,akt1,rabvs_reliable,6,16743,293,1024,0,89,0.2490234375
2,akt1,greedy_surrogate,1,16743,293,384,128,136,0.328125
2,akt1,greedy_surrogate,2,16743,293,512,86,222,0.310546875
2,akt1,greedy_surrogate,3,16743,293,640,29,251,0.321875
2,akt1,greedy_surrogate,4,16743,293,768,10,261,0.328125
2,akt1,greedy_surrogate,5,16743,293,896,10,271,0.33482142857142855
2,akt1,greedy_surrogate,6,16743,293,1024,2,273,0.3505859375
2,akt1,boba_ucb,1,16743,293,384,128,136,0.328125
2,akt1,boba_ucb,2,16743,293,512,75,211,0.31640625
2,akt1,boba_ucb,3,16743,293,640,12,223,0.3171875
2,akt1,boba_ucb,4,16743,293,768,0,223,0.3203125
2,akt1,boba_ucb,5,16743,293,896,2,225,0.33482142857142855
2,akt1,boba_ucb,6,16743,293,1024,4,229,0.3349609375
2,akt1,rabvs_budgeted_reliable,1,16743,293,384,128,136,0.328125
2,akt1,rabvs_budgeted_reliable,2,16743,293,512,75,211,0.31640625
2,akt1,rabvs_budgeted_reliable,3,16743,293,640,12,223,0.3171875
2,akt1,rabvs_budgeted_reliable,4,16743,293,768,0,223,0.3203125
2,akt1,rabvs_budgeted_reliable,5,16743,293,896,2,225,0.33482142857142855
2,akt1,rabvs_budgeted_reliable,6,16743,293,1024,4,229,0.3349609375
2,akt1,rabvs_budgeted_reliable_no_density,1,16743,293,384,128,136,0.328125
2,akt1,rabvs_budgeted_reliable_no_density,2,16743,293,512,75,211,0.31640625
2,akt1,rabvs_budgeted_reliable_no_density,3,16743,293,640,12,223,0.3171875
2,akt1,rabvs_budgeted_reliable_no_density,4,16743,293,768,0,223,0.3203125
2,akt1,rabvs_budgeted_reliable_no_density,5,16743,293,896,2,225,0.33482142857142855
2,akt1,rabvs_budgeted_reliable_no_density,6,16743,293,1024,4,229,0.3349609375
2,akt1,rabvs_hit,1,16743,293,384,124,132,0.3203125
2,akt1,rabvs_hit,2,16743,293,512,5,137,0.32421875
2,akt1,rabvs_hit,3,16743,293,640,2,139,0.2890625
2,akt1,rabvs_hit,4,16743,293,768,0,139,0.26171875
2,akt1,rabvs_hit,5,16743,293,896,9,148,0.24665178571428573
2,akt1,rabvs_hit,6,16743,293,1024,2,150,0.22265625
2,akt1,rabvs_reliable,1,16743,293,384,124,132,0.3203125
2,akt1,rabvs_reliable,2,16743,293,512,5,137,0.32421875
2,akt1,rabvs_reliable,3,16743,293,640,2,139,0.2890625
2,akt1,rabvs_reliable,4,16743,293,768,0,139,0.26171875
2,akt1,rabvs_reliable,5,16743,293,896,9,148,0.24665178571428573
2,akt1,rabvs_reliable,6,16743,293,1024,2,150,0.22265625
0,akt2,greedy_surrogate,1,7017,117,384,86,94,0.359375
0,akt2,greedy_surrogate,2,7017,117,512,16,110,0.392578125
0,akt2,greedy_surrogate,3,7017,117,640,4,114,0.43125
0,akt2,greedy_surrogate,4,7017,117,768,2,116,0.4322916666666667
0,akt2,greedy_surrogate,5,7017,117,896,0,116,0.45200892857142855
0,akt2,greedy_surrogate,6,7017,117,1024,0,116,0.46484375
0,akt2,boba_ucb,1,7017,117,384,86,94,0.3723958333333333
0,akt2,boba_ucb,2,7017,117,512,13,107,0.37890625
0,akt2,boba_ucb,3,7017,117,640,0,107,0.4109375
0,akt2,boba_ucb,4,7017,117,768,0,107,0.4088541666666667
0,akt2,boba_ucb,5,7017,117,896,0,107,0.4341517857142857
0,akt2,boba_ucb,6,7017,117,1024,0,107,0.423828125
0,akt2,rabvs_budgeted_reliable,1,7017,117,384,86,94,0.3723958333333333
0,akt2,rabvs_budgeted_reliable,2,7017,117,512,13,107,0.37890625
0,akt2,rabvs_budgeted_reliable,3,7017,117,640,0,107,0.4109375
0,akt2,rabvs_budgeted_reliable,4,7017,117,768,0,107,0.4088541666666667
0,akt2,rabvs_budgeted_reliable,5,7017,117,896,0,107,0.4341517857142857
0,akt2,rabvs_budgeted_reliable,6,7017,117,1024,0,107,0.423828125
0,akt2,rabvs_budgeted_reliable_no_density,1,7017,117,384,86,94,0.3723958333333333
0,akt2,rabvs_budgeted_reliable_no_density,2,7017,117,512,13,107,0.37890625
0,akt2,rabvs_budgeted_reliable_no_density,3,7017,117,640,0,107,0.4109375
0,akt2,rabvs_budgeted_reliable_no_density,4,7017,117,768,0,107,0.4088541666666667
0,akt2,rabvs_budgeted_reliable_no_density,5,7017,117,896,0,107,0.4341517857142857
0,akt2,rabvs_budgeted_reliable_no_density,6,7017,117,1024,0,107,0.423828125
0,akt2,rabvs_hit,1,7017,117,384,78,86,0.3463541666666667
0,akt2,rabvs_hit,2,7017,117,512,14,100,0.326171875
0,akt2,rabvs_hit,3,7017,117,640,0,100,0.353125
0,akt2,rabvs_hit,4,7017,117,768,0,100,0.3125
0,akt2,rabvs_hit,5,7017,117,896,0,100,0.27455357142857145
0,akt2,rabvs_hit,6,7017,117,1024,0,100,0.2470703125
0,akt2,rabvs_reliable,1,7017,117,384,78,86,0.3463541666666667
0,akt2,rabvs_reliable,2,7017,117,512,14,100,0.326171875
0,akt2,rabvs_reliable,3,7017,117,640,0,100,0.353125
0,akt2,rabvs_reliable,4,7017,117,768,0,100,0.3125
0,akt2,rabvs_reliable,5,7017,117,896,0,100,0.27455357142857145
0,akt2,rabvs_reliable,6,7017,117,1024,0,100,0.2470703125
1,akt2,greedy_surrogate,1,7017,117,384,82,90,0.3932291666666667
1,akt2,greedy_surrogate,2,7017,117,512,19,109,0.419921875
1,akt2,greedy_surrogate,3,7017,117,640,7,116,0.4078125
1,akt2,greedy_surrogate,4,7017,117,768,0,116,0.4361979166666667
1,akt2,greedy_surrogate,5,7017,117,896,0,116,0.44754464285714285
1,akt2,greedy_surrogate,6,7017,117,1024,0,116,0.447265625
1,akt2,boba_ucb,1,7017,117,384,74,82,0.40625
1,akt2,boba_ucb,2,7017,117,512,28,110,0.43359375
1,akt2,boba_ucb,3,7017,117,640,3,113,0.4140625
1,akt2,boba_ucb,4,7017,117,768,0,113,0.4778645833333333
1,akt2,boba_ucb,5,7017,117,896,0,113,0.453125
1,akt2,boba_ucb,6,7017,117,1024,0,113,0.4404296875
1,akt2,rabvs_budgeted_reliable,1,7017,117,384,74,82,0.40625
1,akt2,rabvs_budgeted_reliable,2,7017,117,512,28,110,0.43359375
1,akt2,rabvs_budgeted_reliable,3,7017,117,640,3,113,0.4140625
1,akt2,rabvs_budgeted_reliable,4,7017,117,768,0,113,0.4778645833333333
1,akt2,rabvs_budgeted_reliable,5,7017,117,896,0,113,0.453125
1,akt2,rabvs_budgeted_reliable,6,7017,117,1024,0,113,0.4404296875
1,akt2,rabvs_budgeted_reliable_no_density,1,7017,117,384,74,82,0.40625
1,akt2,rabvs_budgeted_reliable_no_density,2,7017,117,512,28,110,0.43359375
1,akt2,rabvs_budgeted_reliable_no_density,3,7017,117,640,3,113,0.4140625
1,akt2,rabvs_budgeted_reliable_no_density,4,7017,117,768,0,113,0.4778645833333333
1,akt2,rabvs_budgeted_reliable_no_density,5,7017,117,896,0,113,0.453125
1,akt2,rabvs_budgeted_reliable_no_density,6,7017,117,1024,0,113,0.4404296875
1,akt2,rabvs_hit,1,7017,117,384,73,81,0.3984375
1,akt2,rabvs_hit,2,7017,117,512,22,103,0.349609375
1,akt2,rabvs_hit,3,7017,117,640,3,106,0.3078125
1,akt2,rabvs_hit,4,7017,117,768,0,106,0.2942708333333333
1,akt2,rabvs_hit,5,7017,117,896,0,106,0.2611607142857143
1,akt2,rabvs_hit,6,7017,117,1024,0,106,0.2392578125
1,akt2,rabvs_reliable,1,7017,117,384,73,81,0.3984375
1,akt2,rabvs_reliable,2,7017,117,512,22,103,0.349609375
1,akt2,rabvs_reliable,3,7017,117,640,3,106,0.3078125
1,akt2,rabvs_reliable,4,7017,117,768,0,106,0.2942708333333333
1,akt2,rabvs_reliable,5,7017,117,896,0,106,0.2611607142857143
1,akt2,rabvs_reliable,6,7017,117,1024,0,106,0.2392578125
2,akt2,greedy_surrogate,1,7017,117,384,84,92,0.3776041666666667
2,akt2,greedy_surrogate,2,7017,117,512,11,103,0.423828125
2,akt2,greedy_surrogate,3,7017,117,640,9,112,0.4265625
2,akt2,greedy_surrogate,4,7017,117,768,4,116,0.44921875
2,akt2,greedy_surrogate,5,7017,117,896,0,116,0.45200892857142855
2,akt2,greedy_surrogate,6,7017,117,1024,0,116,0.4609375
2,akt2,boba_ucb,1,7017,117,384,86,94,0.3880208333333333
2,akt2,boba_ucb,2,7017,117,512,9,103,0.4375
2,akt2,boba_ucb,3,7017,117,640,2,105,0.4265625
2,akt2,boba_ucb,4,7017,117,768,1,106,0.453125
2,akt2,boba_ucb,5,7017,117,896,0,106,0.43861607142857145
2,akt2,boba_ucb,6,7017,117,1024,0,106,0.451171875
2,akt2,rabvs_budgeted_reliable,1,7017,117,384,86,94,0.3880208333333333
2,akt2,rabvs_budgeted_reliable,2,7017,117,512,9,103,0.4375
2,akt2,rabvs_budgeted_reliable,3,7017,117,640,2,105,0.4265625
2,akt2,rabvs_budgeted_reliable,4,7017,117,768,1,106,0.453125
2,akt2,rabvs_budgeted_reliable,5,7017,117,896,0,106,0.43861607142857145
2,akt2,rabvs_budgeted_reliable,6,7017,117,1024,0,106,0.451171875
2,akt2,rabvs_budgeted_reliable_no_density,1,7017,117,384,86,94,0.3880208333333333
2,akt2,rabvs_budgeted_reliable_no_density,2,7017,117,512,9,103,0.4375
2,akt2,rabvs_budgeted_reliable_no_density,3,7017,117,640,2,105,0.4265625
2,akt2,rabvs_budgeted_reliable_no_density,4,7017,117,768,1,106,0.453125
2,akt2,rabvs_budgeted_reliable_no_density,5,7017,117,896,0,106,0.43861607142857145
2,akt2,rabvs_budgeted_reliable_no_density,6,7017,117,1024,0,106,0.451171875
2,akt2,rabvs_hit,1,7017,117,384,85,93,0.3697916666666667
2,akt2,rabvs_hit,2,7017,117,512,1,94,0.310546875
2,akt2,rabvs_hit,3,7017,117,640,0,94,0.26875
2,akt2,rabvs_hit,4,7017,117,768,10,104,0.24609375
2,akt2,rabvs_hit,5,7017,117,896,0,104,0.22321428571428573
2,akt2,rabvs_hit,6,7017,117,1024,0,104,0.2080078125
2,akt2,rabvs_reliable,1,7017,117,384,85,93,0.3697916666666667
2,akt2,rabvs_reliable,2,7017,117,512,1,94,0.310546875
2,akt2,rabvs_reliable,3,7017,117,640,0,94,0.26875
2,akt2,rabvs_reliable,4,7017,117,768,10,104,0.24609375
2,akt2,rabvs_reliable,5,7017,117,896,0,104,0.22321428571428573
2,akt2,rabvs_reliable,6,7017,117,1024,0,104,0.2080078125
0,aldr,greedy_surrogate,1,9159,159,384,96,104,0.5286458333333334
0,aldr,greedy_surrogate,2,9159,159,512,36,140,0.515625
0,aldr,greedy_surrogate,3,9159,159,640,15,155,0.509375
0,aldr,greedy_surrogate,4,9159,159,768,2,157,0.5
0,aldr,greedy_surrogate,5,9159,159,896,2,159,0.5189732142857143
0,aldr,greedy_surrogate,6,9159,159,1024,0,159,0.517578125
0,aldr,boba_ucb,1,9159,159,384,91,99,0.5390625
0,aldr,boba_ucb,2,9159,159,512,28,127,0.494140625
0,aldr,boba_ucb,3,9159,159,640,0,127,0.540625
0,aldr,boba_ucb,4,9159,159,768,8,135,0.5377604166666666
0,aldr,boba_ucb,5,9159,159,896,5,140,0.5178571428571429
0,aldr,boba_ucb,6,9159,159,1024,0,140,0.5224609375
0,aldr,rabvs_budgeted_reliable,1,9159,159,384,91,99,0.5390625
0,aldr,rabvs_budgeted_reliable,2,9159,159,512,28,127,0.494140625
0,aldr,rabvs_budgeted_reliable,3,9159,159,640,0,127,0.540625
0,aldr,rabvs_budgeted_reliable,4,9159,159,768,8,135,0.5377604166666666
0,aldr,rabvs_budgeted_reliable,5,9159,159,896,5,140,0.5178571428571429
0,aldr,rabvs_budgeted_reliable,6,9159,159,1024,0,140,0.5224609375
0,aldr,rabvs_budgeted_reliable_no_density,1,9159,159,384,91,99,0.5390625
0,aldr,rabvs_budgeted_reliable_no_density,2,9159,159,512,28,127,0.494140625
0,aldr,rabvs_budgeted_reliable_no_density,3,9159,159,640,0,127,0.540625
0,aldr,rabvs_budgeted_reliable_no_density,4,9159,159,768,8,135,0.5377604166666666
0,aldr,rabvs_budgeted_reliable_no_density,5,9159,159,896,5,140,0.5178571428571429
0,aldr,rabvs_budgeted_reliable_no_density,6,9159,159,1024,0,140,0.5224609375
0,aldr,rabvs_hit,1,9159,159,384,80,88,0.5338541666666666
0,aldr,rabvs_hit,2,9159,159,512,22,110,0.49609375
0,aldr,rabvs_hit,3,9159,159,640,7,117,0.453125
0,aldr,rabvs_hit,4,9159,159,768,5,122,0.4127604166666667
0,aldr,rabvs_hit,5,9159,159,896,0,122,0.3716517857142857
0,aldr,rabvs_hit,6,9159,159,1024,0,122,0.3271484375
0,aldr,rabvs_reliable,1,9159,159,384,80,88,0.5338541666666666
0,aldr,rabvs_reliable,2,9159,159,512,22,110,0.49609375
0,aldr,rabvs_reliable,3,9159,159,640,7,117,0.453125
0,aldr,rabvs_reliable,4,9159,159,768,5,122,0.4127604166666667
0,aldr,rabvs_reliable,5,9159,159,896,0,122,0.3716517857142857
0,aldr,rabvs_reliable,6,9159,159,1024,0,122,0.3271484375
1,aldr,greedy_surrogate,1,9159,159,384,96,104,0.46875
1,aldr,greedy_surrogate,2,9159,159,512,35,139,0.50390625
1,aldr,greedy_surrogate,3,9159,159,640,14,153,0.5328125
1,aldr,greedy_surrogate,4,9159,159,768,3,156,0.5182291666666666
1,aldr,greedy_surrogate,5,9159,159,896,1,157,0.5111607142857143
1,aldr,greedy_surrogate,6,9159,159,1024,1,158,0.51171875
1,aldr,boba_ucb,1,9159,159,384,97,105,0.4661458333333333
1,aldr,boba_ucb,2,9159,159,512,6,111,0.4609375
1,aldr,boba_ucb,3,9159,159,640,5,116,0.4734375
1,aldr,boba_ucb,4,9159,159,768,4,120,0.4830729166666667
1,aldr,boba_ucb,5,9159,159,896,1,121,0.4888392857142857
1,aldr,boba_ucb,6,9159,159,1024,0,121,0.4775390625
1,aldr,rabvs_budgeted_reliable,1,9159,159,384,97,105,0.4661458333333333
1,aldr,rabvs_budgeted_reliable,2,9159,159,512,6,111,0.4609375
1,aldr,rabvs_budgeted_reliable,3,9159,159,640,5,116,0.4734375
1,aldr,rabvs_budgeted_reliable,4,9159,159,768,4,120,0.4830729166666667
1,aldr,rabvs_budgeted_reliable,5,9159,159,896,1,121,0.4888392857142857
1,aldr,rabvs_budgeted_reliable,6,9159,159,1024,0,121,0.4775390625
1,aldr,rabvs_budgeted_reliable_no_density,1,9159,159,384,97,105,0.4661458333333333
1,aldr,rabvs_budgeted_reliable_no_density,2,9159,159,512,6,111,0.4609375
1,aldr,rabvs_budgeted_reliable_no_density,3,9159,159,640,5,116,0.4734375
1,aldr,rabvs_budgeted_reliable_no_density,4,9159,159,768,4,120,0.4830729166666667
1,aldr,rabvs_budgeted_reliable_no_density,5,9159,159,896,1,121,0.4888392857142857
1,aldr,rabvs_budgeted_reliable_no_density,6,9159,159,1024,0,121,0.4775390625
1,aldr,rabvs_hit,1,9159,159,384,83,91,0.4427083333333333
1,aldr,rabvs_hit,2,9159,159,512,10,101,0.44140625
1,aldr,rabvs_hit,3,9159,159,640,12,113,0.428125
1,aldr,rabvs_hit,4,9159,159,768,1,114,0.4127604166666667
1,aldr,rabvs_hit,5,9159,159,896,1,115,0.3705357142857143
1,aldr,rabvs_hit,6,9159,159,1024,3,118,0.3330078125
1,aldr,rabvs_reliable,1,9159,159,384,83,91,0.4427083333333333
1,aldr,rabvs_reliable,2,9159,159,512,10,101,0.44140625
1,aldr,rabvs_reliable,3,9159,159,640,12,113,0.428125
1,aldr,rabvs_reliable,4,9159,159,768,1,114,0.4127604166666667
1,aldr,rabvs_reliable,5,9159,159,896,1,115,0.3705357142857143
1,aldr,rabvs_reliable,6,9159,159,1024,3,118,0.3330078125
2,aldr,greedy_surrogate,1,9159,159,384,100,108,0.4010416666666667
2,aldr,greedy_surrogate,2,9159,159,512,38,146,0.44140625
2,aldr,greedy_surrogate,3,9159,159,640,10,156,0.4609375
2,aldr,greedy_surrogate,4,9159,159,768,0,156,0.4791666666666667
2,aldr,greedy_surrogate,5,9159,159,896,2,158,0.4921875
2,aldr,greedy_surrogate,6,9159,159,1024,1,159,0.4921875
2,aldr,boba_ucb,1,9159,159,384,101,109,0.3828125
2,aldr,boba_ucb,2,9159,159,512,9,118,0.455078125
2,aldr,boba_ucb,3,9159,159,640,1,119,0.496875
2,aldr,boba_ucb,4,9159,159,768,15,134,0.4895833333333333
2,aldr,boba_ucb,5,9159,159,896,0,134,0.5055803571428571
2,aldr,boba_ucb,6,9159,159,1024,0,134,0.5078125
2,aldr,rabvs_budgeted_reliable,1,9159,159,384,101,109,0.3828125
2,aldr,rabvs_budgeted_reliable,2,9159,159,512,9,118,0.455078125
2,aldr,rabvs_budgeted_reliable,3,9159,159,640,1,119,0.496875
2,aldr,rabvs_budgeted_reliable,4,9159,159,768,15,134,0.4895833333333333
2,aldr,rabvs_budgeted_reliable,5,9159,159,896,0,134,0.5055803571428571
2,aldr,rabvs_budgeted_reliable,6,9159,159,1024,0,134,0.5078125
2,aldr,rabvs_budgeted_reliable_no_density,1,9159,159,384,101,109,0.3828125
2,aldr,rabvs_budgeted_reliable_no_density,2,9159,159,512,9,118,0.455078125
2,aldr,rabvs_budgeted_reliable_no_density,3,9159,159,640,1,119,0.496875
2,aldr,rabvs_budgeted_reliable_no_density,4,9159,159,768,15,134,0.4895833333333333
2,aldr,rabvs_budgeted_reliable_no_density,5,9159,159,896,0,134,0.5055803571428571
2,aldr,rabvs_budgeted_reliable_no_density,6,9159,159,1024,0,134,0.5078125
2,aldr,rabvs_hit,1,9159,159,384,69,77,0.3776041666666667
2,aldr,rabvs_hit,2,9159,159,512,9,86,0.41796875
2,aldr,rabvs_hit,3,9159,159,640,21,107,0.4484375
2,aldr,rabvs_hit,4,9159,159,768,0,107,0.4166666666666667
2,aldr,rabvs_hit,5,9159,159,896,1,108,0.38392857142857145
2,aldr,rabvs_hit,6,9159,159,1024,0,108,0.3740234375
2,aldr,rabvs_reliable,1,9159,159,384,69,77,0.3776041666666667
2,aldr,rabvs_reliable,2,9159,159,512,9,86,0.41796875
2,aldr,rabvs_reliable,3,9159,159,640,21,107,0.4484375
2,aldr,rabvs_reliable,4,9159,159,768,0,107,0.4166666666666667
2,aldr,rabvs_reliable,5,9159,159,896,1,108,0.38392857142857145
2,aldr,rabvs_reliable,6,9159,159,1024,0,108,0.3740234375
0,ampc,greedy_surrogate,1,2898,48,384,28,36,0.5052083333333334
0,ampc,greedy_surrogate,2,2898,48,512,4,40,0.498046875
0,ampc,greedy_surrogate,3,2898,48,640,2,42,0.4921875
0,ampc,greedy_surrogate,4,2898,48,768,1,43,0.4921875
0,ampc,greedy_surrogate,5,2898,48,896,1,44,0.49107142857142855
0,ampc,greedy_surrogate,6,2898,48,1024,0,44,0.478515625
0,ampc,boba_ucb,1,2898,48,384,22,30,0.4921875
0,ampc,boba_ucb,2,2898,48,512,0,30,0.455078125
0,ampc,boba_ucb,3,2898,48,640,0,30,0.496875
0,ampc,boba_ucb,4,2898,48,768,1,31,0.5286458333333334
0,ampc,boba_ucb,5,2898,48,896,7,38,0.5256696428571429
0,ampc,boba_ucb,6,2898,48,1024,6,44,0.513671875
0,ampc,rabvs_budgeted_reliable,1,2898,48,384,22,30,0.4921875
0,ampc,rabvs_budgeted_reliable,2,2898,48,512,0,30,0.455078125
0,ampc,rabvs_budgeted_reliable,3,2898,48,640,0,30,0.496875
0,ampc,rabvs_budgeted_reliable,4,2898,48,768,1,31,0.5286458333333334
0,ampc,rabvs_budgeted_reliable,5,2898,48,896,7,38,0.5256696428571429
0,ampc,rabvs_budgeted_reliable,6,2898,48,1024,6,44,0.513671875
0,ampc,rabvs_budgeted_reliable_no_density,1,2898,48,384,22,30,0.4921875
0,ampc,rabvs_budgeted_reliable_no_density,2,2898,48,512,0,30,0.455078125
0,ampc,rabvs_budgeted_reliable_no_density,3,2898,48,640,0,30,0.496875
0,ampc,rabvs_budgeted_reliable_no_density,4,2898,48,768,1,31,0.5286458333333334
0,ampc,rabvs_budgeted_reliable_no_density,5,2898,48,896,7,38,0.5256696428571429
0,ampc,rabvs_budgeted_reliable_no_density,6,2898,48,1024,6,44,0.513671875
0,ampc,rabvs_hit,1,2898,48,384,22,30,0.4140625
0,ampc,rabvs_hit,2,2898,48,512,0,30,0.33984375
0,ampc,rabvs_hit,3,2898,48,640,0,30,0.4515625
0,ampc,rabvs_hit,4,2898,48,768,0,30,0.51171875
0,ampc,rabvs_hit,5,2898,48,896,6,36,0.46651785714285715
0,ampc,rabvs_hit,6,2898,48,1024,4,40,0.4423828125
0,ampc,rabvs_reliable,1,2898,48,384,22,30,0.4140625
0,ampc,rabvs_reliable,2,2898,48,512,0,30,0.33984375
0,ampc,rabvs_reliable,3,2898,48,640,0,30,0.4515625
0,ampc,rabvs_reliable,4,2898,48,768,0,30,0.51171875
0,ampc,rabvs_reliable,5,2898,48,896,6,36,0.46651785714285715
0,ampc,rabvs_reliable,6,2898,48,1024,4,40,0.4423828125
1,ampc,greedy_surrogate,1,2898,48,384,28,36,0.4921875
1,ampc,greedy_surrogate,2,2898,48,512,6,42,0.4921875
1,ampc,greedy_surrogate,3,2898,48,640,3,45,0.4875
1,ampc,greedy_surrogate,4,2898,48,768,1,46,0.4752604166666667
1,ampc,greedy_surrogate,5,2898,48,896,0,46,0.47767857142857145
1,ampc,greedy_surrogate,6,2898,48,1024,0,46,0.478515625
1,ampc,boba_ucb,1,2898,48,384,27,35,0.5104166666666666
1,ampc,boba_ucb,2,2898,48,512,0,35,0.51953125
1,ampc,boba_ucb,3,2898,48,640,0,35,0.5375
1,ampc,boba_ucb,4,2898,48,768,3,38,0.5455729166666666
1,ampc,boba_ucb,5,2898,48,896,6,44,0.5100446428571429
1,ampc,boba_ucb,6,2898,48,1024,1,45,0.5009765625
1,ampc,rabvs_budgeted_reliable,1,2898,48,384,27,35,0.5104166666666666
1,ampc,rabvs_budgeted_reliable,2,2898,48,512,0,35,0.51953125
1,ampc,rabvs_budgeted_reliable,3,2898,48,640,0,35,0.5375
1,ampc,rabvs_budgeted_reliable,4,2898,48,768,3,38,0.5455729166666666
1,ampc,rabvs_budgeted_reliable,5,2898,48,896,6,44,0.5100446428571429
1,ampc,rabvs_budgeted_reliable,6,2898,48,1024,1,45,0.5009765625
1,ampc,rabvs_budgeted_reliable_no_density,1,2898,48,384,27,35,0.5104166666666666
1,ampc,rabvs_budgeted_reliable_no_density,2,2898,48,512,0,35,0.51953125
1,ampc,rabvs_budgeted_reliable_no_density,3,2898,48,640,0,35,0.5375
1,ampc,rabvs_budgeted_reliable_no_density,4,2898,48,768,3,38,0.5455729166666666
1,ampc,rabvs_budgeted_reliable_no_density,5,2898,48,896,6,44,0.5100446428571429
1,ampc,rabvs_budgeted_reliable_no_density,6,2898,48,1024,1,45,0.5009765625
1,ampc,rabvs_hit,1,2898,48,384,26,34,0.4427083333333333
1,ampc,rabvs_hit,2,2898,48,512,0,34,0.41015625
1,ampc,rabvs_hit,3,2898,48,640,5,39,0.4015625
1,ampc,rabvs_hit,4,2898,48,768,1,40,0.4140625
1,ampc,rabvs_hit,5,2898,48,896,6,46,0.3939732142857143
1,ampc,rabvs_hit,6,2898,48,1024,0,46,0.3740234375
1,ampc,rabvs_reliable,1,2898,48,384,26,34,0.4427083333333333
1,ampc,rabvs_reliable,2,2898,48,512,0,34,0.41015625
1,ampc,rabvs_reliable,3,2898,48,640,5,39,0.4015625
1,ampc,rabvs_reliable,4,2898,48,768,1,40,0.4140625
1,ampc,rabvs_reliable,5,2898,48,896,6,46,0.3939732142857143
1,ampc,rabvs_reliable,6,2898,48,1024,0,46,0.3740234375
2,ampc,greedy_surrogate,1,2898,48,384,30,38,0.5234375
2,ampc,greedy_surrogate,2,2898,48,512,3,41,0.486328125
2,ampc,greedy_surrogate,3,2898,48,640,0,41,0.48125
2,ampc,greedy_surrogate,4,2898,48,768,2,43,0.4895833333333333
2,ampc,greedy_surrogate,5,2898,48,896,2,45,0.47767857142857145
2,ampc,greedy_surrogate,6,2898,48,1024,0,45,0.46484375
2,ampc,boba_ucb,1,2898,48,384,27,35,0.4921875
2,ampc,boba_ucb,2,2898,48,512,1,36,0.478515625
2,ampc,boba_ucb,3,2898,48,640,0,36,0.440625
2,ampc,boba_ucb,4,2898,48,768,5,41,0.4479166666666667
2,ampc,boba_ucb,5,2898,48,896,0,41,0.45424107142857145
2,ampc,boba_ucb,6,2898,48,1024,0,41,0.50390625
2,ampc,rabvs_budgeted_reliable,1,2898,48,384,27,35,0.4921875
2,ampc,rabvs_budgeted_reliable,2,2898,48,512,1,36,0.478515625
2,ampc,rabvs_budgeted_reliable,3,2898,48,640,0,36,0.440625
2,ampc,rabvs_budgeted_reliable,4,2898,48,768,5,41,0.4479166666666667
2,ampc,rabvs_budgeted_reliable,5,2898,48,896,0,41,0.45424107142857145
2,ampc,rabvs_budgeted_reliable,6,2898,48,1024,0,41,0.50390625
2,ampc,rabvs_budgeted_reliable_no_density,1,2898,48,384,27,35,0.4921875
2,ampc,rabvs_budgeted_reliable_no_density,2,2898,48,512,1,36,0.478515625
2,ampc,rabvs_budgeted_reliable_no_density,3,2898,48,640,0,36,0.440625
2,ampc,rabvs_budgeted_reliable_no_density,4,2898,48,768,5,41,0.4479166666666667
2,ampc,rabvs_budgeted_reliable_no_density,5,2898,48,896,0,41,0.45424107142857145
2,ampc,rabvs_budgeted_reliable_no_density,6,2898,48,1024,0,41,0.50390625
2,ampc,rabvs_hit,1,2898,48,384,25,33,0.4375
2,ampc,rabvs_hit,2,2898,48,512,0,33,0.3515625
2,ampc,rabvs_hit,3,2898,48,640,3,36,0.334375
2,ampc,rabvs_hit,4,2898,48,768,0,36,0.43359375
2,ampc,rabvs_hit,5,2898,48,896,5,41,0.39955357142857145
2,ampc,rabvs_hit,6,2898,48,1024,0,41,0.3896484375
2,ampc,rabvs_reliable,1,2898,48,384,25,33,0.4375
2,ampc,rabvs_reliable,2,2898,48,512,0,33,0.3515625
2,ampc,rabvs_reliable,3,2898,48,640,3,36,0.334375
2,ampc,rabvs_reliable,4,2898,48,768,0,36,0.43359375
2,ampc,rabvs_reliable,5,2898,48,896,5,41,0.39955357142857145
2,ampc,rabvs_reliable,6,2898,48,1024,0,41,0.3896484375
0,andr,greedy_surrogate,1,14619,269,384,113,121,0.4322916666666667
0,andr,greedy_surrogate,2,14619,269,512,62,183,0.44140625
0,andr,greedy_surrogate,3,14619,269,640,18,201,0.45
0,andr,greedy_surrogate,4,14619,269,768,20,221,0.47265625
0,andr,greedy_surrogate,5,14619,269,896,15,236,0.5022321428571429
0,andr,greedy_surrogate,6,14619,269,1024,7,243,0.5244140625
0,andr,boba_ucb,1,14619,269,384,99,107,0.4192708333333333
0,andr,boba_ucb,2,14619,269,512,7,114,0.45703125
0,andr,boba_ucb,3,14619,269,640,17,131,0.50625
0,andr,boba_ucb,4,14619,269,768,3,134,0.5091145833333334
0,andr,boba_ucb,5,14619,269,896,2,136,0.5066964285714286
0,andr,boba_ucb,6,14619,269,1024,4,140,0.5107421875
0,andr,rabvs_budgeted_reliable,1,14619,269,384,99,107,0.4192708333333333
0,andr,rabvs_budgeted_reliable,2,14619,269,512,7,114,0.45703125
0,andr,rabvs_budgeted_reliable,3,14619,269,640,17,131,0.50625
0,andr,rabvs_budgeted_reliable,4,14619,269,768,3,134,0.5091145833333334
0,andr,rabvs_budgeted_reliable,5,14619,269,896,2,136,0.5066964285714286
0,andr,rabvs_budgeted_reliable,6,14619,269,1024,4,140,0.5107421875
0,andr,rabvs_budgeted_reliable_no_density,1,14619,269,384,99,107,0.4192708333333333
0,andr,rabvs_budgeted_reliable_no_density,2,14619,269,512,7,114,0.45703125
0,andr,rabvs_budgeted_reliable_no_density,3,14619,269,640,17,131,0.50625
0,andr,rabvs_budgeted_reliable_no_density,4,14619,269,768,3,134,0.5091145833333334
0,andr,rabvs_budgeted_reliable_no_density,5,14619,269,896,2,136,0.5066964285714286
0,andr,rabvs_budgeted_reliable_no_density,6,14619,269,1024,4,140,0.5107421875
0,andr,rabvs_hit,1,14619,269,384,74,82,0.3984375
0,andr,rabvs_hit,2,14619,269,512,2,84,0.3984375
0,andr,rabvs_hit,3,14619,269,640,19,103,0.4765625
0,andr,rabvs_hit,4,14619,269,768,2,105,0.48046875
0,andr,rabvs_hit,5,14619,269,896,4,109,0.4419642857142857
0,andr,rabvs_hit,6,14619,269,1024,3,112,0.4013671875
0,andr,rabvs_reliable,1,14619,269,384,74,82,0.3984375
0,andr,rabvs_reliable,2,14619,269,512,2,84,0.3984375
0,andr,rabvs_reliable,3,14619,269,640,19,103,0.4765625
0,andr,rabvs_reliable,4,14619,269,768,2,105,0.48046875
0,andr,rabvs_reliable,5,14619,269,896,4,109,0.4419642857142857
0,andr,rabvs_reliable,6,14619,269,1024,3,112,0.4013671875
1,andr,greedy_surrogate,1,14619,269,384,105,113,0.4401041666666667
1,andr,greedy_surrogate,2,14619,269,512,64,177,0.46484375
1,andr,greedy_surrogate,3,14619,269,640,25,202,0.4734375
1,andr,greedy_surrogate,4,14619,269,768,18,220,0.4752604166666667
1,andr,greedy_surrogate,5,14619,269,896,15,235,0.4955357142857143
1,andr,greedy_surrogate,6,14619,269,1024,8,243,0.49609375
1,andr,boba_ucb,1,14619,269,384,105,113,0.4401041666666667
1,andr,boba_ucb,2,14619,269,512,53,166,0.4765625
1,andr,boba_ucb,3,14619,269,640,9,175,0.48125
1,andr,boba_ucb,4,14619,269,768,13,188,0.5091145833333334
1,andr,boba_ucb,5,14619,269,896,10,198,0.5279017857142857
1,andr,boba_ucb,6,14619,269,1024,1,199,0.51953125
1,andr,rabvs_budgeted_reliable,1,14619,269,384,105,113,0.4401041666666667
1,andr,rabvs_budgeted_reliable,2,14619,269,512,53,166,0.4765625
1,andr,rabvs_budgeted_reliable,3,14619,269,640,9,175,0.48125
1,andr,rabvs_budgeted_reliable,4,14619,269,768,13,188,0.5091145833333334
1,andr,rabvs_budgeted_reliable,5,14619,269,896,10,198,0.5279017857142857
1,andr,rabvs_budgeted_reliable,6,14619,269,1024,1,199,0.51953125
1,andr,rabvs_budgeted_reliable_no_density,1,14619,269,384,105,113,0.4401041666666667
1,andr,rabvs_budgeted_reliable_no_density,2,14619,269,512,53,166,0.4765625
1,andr,rabvs_budgeted_reliable_no_density,3,14619,269,640,9,175,0.48125
1,andr,rabvs_budgeted_reliable_no_density,4,14619,269,768,13,188,0.5091145833333334
1,andr,rabvs_budgeted_reliable_no_density,5,14619,269,896,10,198,0.5279017857142857
1,andr,rabvs_budgeted_reliable_no_density,6,14619,269,1024,1,199,0.51953125
1,andr,rabvs_hit,1,14619,269,384,47,55,0.46875
1,andr,rabvs_hit,2,14619,269,512,13,68,0.486328125
1,andr,rabvs_hit,3,14619,269,640,7,75,0.49375
1,andr,rabvs_hit,4,14619,269,768,4,79,0.4778645833333333
1,andr,rabvs_hit,5,14619,269,896,12,91,0.47544642857142855
1,andr,rabvs_hit,6,14619,269,1024,13,104,0.501953125
1,andr,rabvs_reliable,1,14619,269,384,47,55,0.46875
1,andr,rabvs_reliable,2,14619,269,512,13,68,0.486328125
1,andr,rabvs_reliable,3,14619,269,640,7,75,0.49375
1,andr,rabvs_reliable,4,14619,269,768,4,79,0.4778645833333333
1,andr,rabvs_reliable,5,14619,269,896,12,91,0.47544642857142855
1,andr,rabvs_reliable,6,14619,269,1024,13,104,0.501953125
2,andr,greedy_surrogate,1,14619,269,384,115,123,0.4244791666666667
2,andr,greedy_surrogate,2,14619,269,512,67,190,0.41796875
2,andr,greedy_surrogate,3,14619,269,640,20,210,0.4765625
2,andr,greedy_surrogate,4,14619,269,768,13,223,0.4778645833333333
2,andr,greedy_surrogate,5,14619,269,896,4,227,0.47879464285714285
2,andr,greedy_surrogate,6,14619,269,1024,3,230,0.4892578125
2,andr,boba_ucb,1,14619,269,384,86,94,0.4348958333333333
2,andr,boba_ucb,2,14619,269,512,19,113,0.427734375
2,andr,boba_ucb,3,14619,269,640,4,117,0.503125
2,andr,boba_ucb,4,14619,269,768,61,178,0.4934895833333333
2,andr,boba_ucb,5,14619,269,896,5,183,0.5066964285714286
2,andr,boba_ucb,6,14619,269,1024,9,192,0.5205078125
2,andr,rabvs_budgeted_reliable,1,14619,269,384,86,94,0.4348958333333333
2,andr,rabvs_budgeted_reliable,2,14619,269,512,19,113,0.427734375
2,andr,rabvs_budgeted_reliable,3,14619,269,640,4,117,0.503125
2,andr,rabvs_budgeted_reliable,4,14619,269,768,61,178,0.4934895833333333
2,andr,rabvs_budgeted_reliable,5,14619,269,896,5,183,0.5066964285714286
2,andr,rabvs_budgeted_reliable,6,14619,269,1024,9,192,0.5205078125
2,andr,rabvs_budgeted_reliable_no_density,1,14619,269,384,86,94,0.4348958333333333
2,andr,rabvs_budgeted_reliable_no_density,2,14619,269,512,19,113,0.427734375
2,andr,rabvs_budgeted_reliable_no_density,3,14619,269,640,4,117,0.503125
2,andr,rabvs_budgeted_reliable_no_density,4,14619,269,768,61,178,0.4934895833333333
2,andr,rabvs_budgeted_reliable_no_density,5,14619,269,896,5,183,0.5066964285714286
2,andr,rabvs_budgeted_reliable_no_density,6,14619,269,1024,9,192,0.5205078125
2,andr,rabvs_hit,1,14619,269,384,44,52,0.4088541666666667
2,andr,rabvs_hit,2,14619,269,512,4,56,0.384765625
2,andr,rabvs_hit,3,14619,269,640,15,71,0.44375
2,andr,rabvs_hit,4,14619,269,768,1,72,0.4270833333333333
2,andr,rabvs_hit,5,14619,269,896,56,128,0.44642857142857145
2,andr,rabvs_hit,6,14619,269,1024,2,130,0.404296875
2,andr,rabvs_reliable,1,14619,269,384,44,52,0.4088541666666667
2,andr,rabvs_reliable,2,14619,269,512,4,56,0.384765625
2,andr,rabvs_reliable,3,14619,269,640,15,71,0.44375
2,andr,rabvs_reliable,4,14619,269,768,1,72,0.4270833333333333
2,andr,rabvs_reliable,5,14619,269,896,56,128,0.44642857142857145
2,andr,rabvs_reliable,6,14619,269,1024,2,130,0.404296875
0,aofb,greedy_surrogate,1,7022,122,384,58,66,0.4166666666666667
0,aofb,greedy_surrogate,2,7022,122,512,14,80,0.427734375
0,aofb,greedy_surrogate,3,7022,122,640,12,92,0.4359375
0,aofb,greedy_surrogate,4,7022,122,768,7,99,0.4361979166666667
0,aofb,greedy_surrogate,5,7022,122,896,6,105,0.4375
0,aofb,greedy_surrogate,6,7022,122,1024,1,106,0.4501953125
0,aofb,boba_ucb,1,7022,122,384,57,65,0.4166666666666667
0,aofb,boba_ucb,2,7022,122,512,10,75,0.421875
0,aofb,boba_ucb,3,7022,122,640,5,80,0.40625
0,aofb,boba_ucb,4,7022,122,768,1,81,0.3932291666666667
0,aofb,boba_ucb,5,7022,122,896,3,84,0.41183035714285715
0,aofb,boba_ucb,6,7022,122,1024,0,84,0.419921875
0,aofb,rabvs_budgeted_reliable,1,7022,122,384,57,65,0.4166666666666667
0,aofb,rabvs_budgeted_reliable,2,7022,122,512,10,75,0.421875
0,aofb,rabvs_budgeted_reliable,3,7022,122,640,5,80,0.40625
0,aofb,rabvs_budgeted_reliable,4,7022,122,768,1,81,0.3932291666666667
0,aofb,rabvs_budgeted_reliable,5,7022,122,896,3,84,0.41183035714285715
0,aofb,rabvs_budgeted_reliable,6,7022,122,1024,0,84,0.419921875
0,aofb,rabvs_budgeted_reliable_no_density,1,7022,122,384,57,65,0.4166666666666667
0,aofb,rabvs_budgeted_reliable_no_density,2,7022,122,512,10,75,0.421875
0,aofb,rabvs_budgeted_reliable_no_density,3,7022,122,640,5,80,0.40625
0,aofb,rabvs_budgeted_reliable_no_density,4,7022,122,768,1,81,0.3932291666666667
0,aofb,rabvs_budgeted_reliable_no_density,5,7022,122,896,3,84,0.41183035714285715
0,aofb,rabvs_budgeted_reliable_no_density,6,7022,122,1024,0,84,0.419921875
0,aofb,rabvs_hit,1,7022,122,384,48,56,0.3828125
0,aofb,rabvs_hit,2,7022,122,512,8,64,0.380859375
0,aofb,rabvs_hit,3,7022,122,640,7,71,0.3765625
0,aofb,rabvs_hit,4,7022,122,768,1,72,0.3541666666666667
0,aofb,rabvs_hit,5,7022,122,896,0,72,0.31808035714285715
0,aofb,rabvs_hit,6,7022,122,1024,0,72,0.29296875
0,aofb,rabvs_reliable,1,7022,122,384,48,56,0.3828125
0,aofb,rabvs_reliable,2,7022,122,512,8,64,0.380859375
0,aofb,rabvs_reliable,3,7022,122,640,7,71,0.3765625
0,aofb,rabvs_reliable,4,7022,122,768,1,72,0.3541666666666667
0,aofb,rabvs_reliable,5,7022,122,896,0,72,0.31808035714285715
0,aofb,rabvs_reliable,6,7022,122,1024,0,72,0.29296875
1,aofb,greedy_surrogate,1,7022,122,384,53,61,0.4453125
1,aofb,greedy_surrogate,2,7022,122,512,14,75,0.4453125
1,aofb,greedy_surrogate,3,7022,122,640,14,89,0.4453125
1,aofb,greedy_surrogate,4,7022,122,768,9,98,0.4557291666666667
1,aofb,greedy_surrogate,5,7022,122,896,7,105,0.46651785714285715
1,aofb,greedy_surrogate,6,7022,122,1024,2,107,0.4658203125
1,aofb,boba_ucb,1,7022,122,384,33,41,0.4296875
1,aofb,boba_ucb,2,7022,122,512,24,65,0.4375
1,aofb,boba_ucb,3,7022,122,640,3,68,0.4359375
1,aofb,boba_ucb,4,7022,122,768,1,69,0.4505208333333333
1,aofb,boba_ucb,5,7022,122,896,1,70,0.4453125
1,aofb,boba_ucb,6,7022,122,1024,1,71,0.4443359375
1,aofb,rabvs_budgeted_reliable,1,7022,122,384,33,41,0.4296875
1,aofb,rabvs_budgeted_reliable,2,7022,122,512,24,65,0.4375
1,aofb,rabvs_budgeted_reliable,3,7022,122,640,3,68,0.4359375
1,aofb,rabvs_budgeted_reliable,4,7022,122,768,1,69,0.4505208333333333
1,aofb,rabvs_budgeted_reliable,5,7022,122,896,1,70,0.4453125
1,aofb,rabvs_budgeted_reliable,6,7022,122,1024,1,71,0.4443359375
1,aofb,rabvs_budgeted_reliable_no_density,1,7022,122,384,33,41,0.4296875
1,aofb,rabvs_budgeted_reliable_no_density,2,7022,122,512,24,65,0.4375
1,aofb,rabvs_budgeted_reliable_no_density,3,7022,122,640,3,68,0.4359375
1,aofb,rabvs_budgeted_reliable_no_density,4,7022,122,768,1,69,0.4505208333333333
1,aofb,rabvs_budgeted_reliable_no_density,5,7022,122,896,1,70,0.4453125
1,aofb,rabvs_budgeted_reliable_no_density,6,7022,122,1024,1,71,0.4443359375
1,aofb,rabvs_hit,1,7022,122,384,30,38,0.3854166666666667
1,aofb,rabvs_hit,2,7022,122,512,23,61,0.392578125
1,aofb,rabvs_hit,3,7022,122,640,1,62,0.396875
1,aofb,rabvs_hit,4,7022,122,768,1,63,0.37890625
1,aofb,rabvs_hit,5,7022,122,896,0,63,0.34375
1,aofb,rabvs_hit,6,7022,122,1024,1,64,0.3193359375
1,aofb,rabvs_reliable,1,7022,122,384,30,38,0.3854166666666667
1,aofb,rabvs_reliable,2,7022,122,512,23,61,0.392578125
1,aofb,rabvs_reliable,3,7022,122,640,1,62,0.396875
1,aofb,rabvs_reliable,4,7022,122,768,1,63,0.37890625
1,aofb,rabvs_reliable,5,7022,122,896,0,63,0.34375
1,aofb,rabvs_reliable,6,7022,122,1024,1,64,0.3193359375
2,aofb,greedy_surrogate,1,7022,122,384,45,53,0.3776041666666667
2,aofb,greedy_surrogate,2,7022,122,512,27,80,0.38671875
2,aofb,greedy_surrogate,3,7022,122,640,8,88,0.4015625
2,aofb,greedy_surrogate,4,7022,122,768,12,100,0.4127604166666667
2,aofb,greedy_surrogate,5,7022,122,896,7,107,0.4185267857142857
2,aofb,greedy_surrogate,6,7022,122,1024,6,113,0.4345703125
2,aofb,boba_ucb,1,7022,122,384,37,45,0.3541666666666667
2,aofb,boba_ucb,2,7022,122,512,8,53,0.375
2,aofb,boba_ucb,3,7022,122,640,11,64,0.3796875
2,aofb,boba_ucb,4,7022,122,768,3,67,0.4205729166666667
2,aofb,boba_ucb,5,7022,122,896,10,77,0.42299107142857145
2,aofb,boba_ucb,6,7022,122,1024,17,94,0.4365234375
2,aofb,rabvs_budgeted_reliable,1,7022,122,384,37,45,0.3541666666666667
2,aofb,rabvs_budgeted_reliable,2,7022,122,512,8,53,0.375
2,aofb,rabvs_budgeted_reliable,3,7022,122,640,11,64,0.3796875
2,aofb,rabvs_budgeted_reliable,4,7022,122,768,3,67,0.4205729166666667
2,aofb,rabvs_budgeted_reliable,5,7022,122,896,10,77,0.42299107142857145
2,aofb,rabvs_budgeted_reliable,6,7022,122,1024,17,94,0.4365234375
2,aofb,rabvs_budgeted_reliable_no_density,1,7022,122,384,37,45,0.3541666666666667
2,aofb,rabvs_budgeted_reliable_no_density,2,7022,122,512,8,53,0.375
2,aofb,rabvs_budgeted_reliable_no_density,3,7022,122,640,11,64,0.3796875
2,aofb,rabvs_budgeted_reliable_no_density,4,7022,122,768,3,67,0.4205729166666667
2,aofb,rabvs_budgeted_reliable_no_density,5,7022,122,896,10,77,0.42299107142857145
2,aofb,rabvs_budgeted_reliable_no_density,6,7022,122,1024,17,94,0.4365234375
2,aofb,rabvs_hit,1,7022,122,384,23,31,0.3229166666666667
2,aofb,rabvs_hit,2,7022,122,512,22,53,0.35546875
2,aofb,rabvs_hit,3,7022,122,640,3,56,0.3640625
2,aofb,rabvs_hit,4,7022,122,768,9,65,0.3958333333333333
2,aofb,rabvs_hit,5,7022,122,896,10,75,0.38392857142857145
2,aofb,rabvs_hit,6,7022,122,1024,2,77,0.3798828125
2,aofb,rabvs_reliable,1,7022,122,384,23,31,0.3229166666666667
2,aofb,rabvs_reliable,2,7022,122,512,22,53,0.35546875
2,aofb,rabvs_reliable,3,7022,122,640,3,56,0.3640625
2,aofb,rabvs_reliable,4,7022,122,768,9,65,0.3958333333333333
2,aofb,rabvs_reliable,5,7022,122,896,10,75,0.38392857142857145
2,aofb,rabvs_reliable,6,7022,122,1024,2,77,0.3798828125
0,bace1,greedy_surrogate,1,18383,283,384,127,135,0.359375
0,bace1,greedy_surrogate,2,18383,283,512,85,220,0.318359375
0,bace1,greedy_surrogate,3,18383,283,640,24,244,0.35625
0,bace1,greedy_surrogate,4,18383,283,768,14,258,0.36328125
0,bace1,greedy_surrogate,5,18383,283,896,9,267,0.38504464285714285
0,bace1,greedy_surrogate,6,18383,283,1024,6,273,0.3994140625
0,bace1,boba_ucb,1,18383,283,384,127,135,0.3567708333333333
0,bace1,boba_ucb,2,18383,283,512,43,178,0.37109375
0,bace1,boba_ucb,3,18383,283,640,2,180,0.403125
0,bace1,boba_ucb,4,18383,283,768,7,187,0.40234375
0,bace1,boba_ucb,5,18383,283,896,0,187,0.41629464285714285
0,bace1,boba_ucb,6,18383,283,1024,0,187,0.4287109375
0,bace1,rabvs_budgeted_reliable,1,18383,283,384,127,135,0.3567708333333333
0,bace1,rabvs_budgeted_reliable,2,18383,283,512,43,178,0.37109375
0,bace1,rabvs_budgeted_reliable,3,18383,283,640,2,180,0.403125
0,bace1,rabvs_budgeted_reliable,4,18383,283,768,7,187,0.40234375
0,bace1,rabvs_budgeted_reliable,5,18383,283,896,0,187,0.41629464285714285
0,bace1,rabvs_budgeted_reliable,6,18383,283,1024,0,187,0.4287109375
0,bace1,rabvs_budgeted_reliable_no_density,1,18383,283,384,127,135,0.3567708333333333
0,bace1,rabvs_budgeted_reliable_no_density,2,18383,283,512,43,178,0.37109375
0,bace1,rabvs_budgeted_reliable_no_density,3,18383,283,640,2,180,0.403125
0,bace1,rabvs_budgeted_reliable_no_density,4,18383,283,768,7,187,0.40234375
0,bace1,rabvs_budgeted_reliable_no_density,5,18383,283,896,0,187,0.41629464285714285
0,bace1,rabvs_budgeted_reliable_no_density,6,18383,283,1024,0,187,0.4287109375
0,bace1,rabvs_hit,1,18383,283,384,68,76,0.3723958333333333
0,bace1,rabvs_hit,2,18383,283,512,2,78,0.333984375
0,bace1,rabvs_hit,3,18383,283,640,7,85,0.3625
0,bace1,rabvs_hit,4,18383,283,768,1,86,0.3424479166666667
0,bace1,rabvs_hit,5,18383,283,896,11,97,0.30357142857142855
0,bace1,rabvs_hit,6,18383,283,1024,1,98,0.27734375
0,bace1,rabvs_reliable,1,18383,283,384,68,76,0.3723958333333333
0,bace1,rabvs_reliable,2,18383,283,512,2,78,0.333984375
0,bace1,rabvs_reliable,3,18383,283,640,7,85,0.3625
0,bace1,rabvs_reliable,4,18383,283,768,1,86,0.3424479166666667
0,bace1,rabvs_reliable,5,18383,283,896,11,97,0.30357142857142855
0,bace1,rabvs_reliable,6,18383,283,1024,1,98,0.27734375
1,bace1,greedy_surrogate,1,18383,283,384,68,76,0.4453125
1,bace1,greedy_surrogate,2,18383,283,512,86,162,0.388671875
1,bace1,greedy_surrogate,3,18383,283,640,84,246,0.3546875
1,bace1,greedy_surrogate,4,18383,283,768,14,260,0.3619791666666667
1,bace1,greedy_surrogate,5,18383,283,896,7,267,0.37276785714285715
1,bace1,greedy_surrogate,6,18383,283,1024,5,272,0.376953125
1,bace1,boba_ucb,1,18383,283,384,39,47,0.4375
1,bace1,boba_ucb,2,18383,283,512,36,83,0.396484375
1,bace1,boba_ucb,3,18383,283,640,3,86,0.396875
1,bace1,boba_ucb,4,18383,283,768,6,92,0.4244791666666667
1,bace1,boba_ucb,5,18383,283,896,1,93,0.44642857142857145
1,bace1,boba_ucb,6,18383,283,1024,1,94,0.451171875
1,bace1,rabvs_budgeted_reliable,1,18383,283,384,39,47,0.4375
1,bace1,rabvs_budgeted_reliable,2,18383,283,512,36,83,0.396484375
1,bace1,rabvs_budgeted_reliable,3,18383,283,640,3,86,0.396875
1,bace1,rabvs_budgeted_reliable,4,18383,283,768,6,92,0.4244791666666667
1,bace1,rabvs_budgeted_reliable,5,18383,283,896,1,93,0.44642857142857145
1,bace1,rabvs_budgeted_reliable,6,18383,283,1024,1,94,0.451171875
1,bace1,rabvs_budgeted_reliable_no_density,1,18383,283,384,39,47,0.4375
1,bace1,rabvs_budgeted_reliable_no_density,2,18383,283,512,36,83,0.396484375
1,bace1,rabvs_budgeted_reliable_no_density,3,18383,283,640,3,86,0.396875
1,bace1,rabvs_budgeted_reliable_no_density,4,18383,283,768,6,92,0.4244791666666667
1,bace1,rabvs_budgeted_reliable_no_density,5,18383,283,896,1,93,0.44642857142857145
1,bace1,rabvs_budgeted_reliable_no_density,6,18383,283,1024,1,94,0.451171875
1,bace1,rabvs_hit,1,18383,283,384,45,53,0.4244791666666667
1,bace1,rabvs_hit,2,18383,283,512,11,64,0.39453125
1,bace1,rabvs_hit,3,18383,283,640,5,69,0.415625
1,bace1,rabvs_hit,4,18383,283,768,2,71,0.4427083333333333
1,bace1,rabvs_hit,5,18383,283,896,1,72,0.40736607142857145
1,bace1,rabvs_hit,6,18383,283,1024,2,74,0.4384765625
1,bace1,rabvs_reliable,1,18383,283,384,45,53,0.4244791666666667
1,bace1,rabvs_reliable,2,18383,283,512,11,64,0.39453125
1,bace1,rabvs_reliable,3,18383,283,640,5,69,0.415625
1,bace1,rabvs_reliable,4,18383,283,768,2,71,0.4427083333333333
1,bace1,rabvs_reliable,5,18383,283,896,1,72,0.40736607142857145
1,bace1,rabvs_reliable,6,18383,283,1024,2,74,0.4384765625
2,bace1,greedy_surrogate,1,18383,283,384,128,136,0.3177083333333333
2,bace1,greedy_surrogate,2,18383,283,512,75,211,0.294921875
2,bace1,greedy_surrogate,3,18383,283,640,17,228,0.3578125
2,bace1,greedy_surrogate,4,18383,283,768,6,234,0.3697916666666667
2,bace1,greedy_surrogate,5,18383,283,896,7,241,0.35825892857142855
2,bace1,greedy_surrogate,6,18383,283,1024,12,253,0.373046875
2,bace1,boba_ucb,1,18383,283,384,128,136,0.3177083333333333
2,bace1,boba_ucb,2,18383,283,512,26,162,0.330078125
2,bace1,boba_ucb,3,18383,283,640,17,179,0.3453125
2,bace1,boba_ucb,4,18383,283,768,18,197,0.33203125
2,bace1,boba_ucb,5,18383,283,896,9,206,0.3482142857142857
2,bace1,boba_ucb,6,18383,283,1024,8,214,0.375
2,bace1,rabvs_budgeted_reliable,1,18383,283,384,128,136,0.3177083333333333
2,bace1,rabvs_budgeted_reliable,2,18383,283,512,26,162,0.330078125
2,bace1,rabvs_budgeted_reliable,3,18383,283,640,17,179,0.3453125
2,bace1,rabvs_budgeted_reliable,4,18383,283,768,18,197,0.33203125
2,bace1,rabvs_budgeted_reliable,5,18383,283,896,9,206,0.3482142857142857
2,bace1,rabvs_budgeted_reliable,6,18383,283,1024,8,214,0.375
2,bace1,rabvs_budgeted_reliable_no_density,1,18383,283,384,128,136,0.3177083333333333
2,bace1,rabvs_budgeted_reliable_no_density,2,18383,283,512,26,162,0.330078125
2,bace1,rabvs_budgeted_reliable_no_density,3,18383,283,640,17,179,0.3453125
2,bace1,rabvs_budgeted_reliable_no_density,4,18383,283,768,18,197,0.33203125
2,bace1,rabvs_budgeted_reliable_no_density,5,18383,283,896,9,206,0.3482142857142857
2,bace1,rabvs_budgeted_reliable_no_density,6,18383,283,1024,8,214,0.375
2,bace1,rabvs_hit,1,18383,283,384,64,72,0.328125
2,bace1,rabvs_hit,2,18383,283,512,18,90,0.31640625
2,bace1,rabvs_hit,3,18383,283,640,5,95,0.346875
2,bace1,rabvs_hit,4,18383,283,768,3,98,0.37890625
2,bace1,rabvs_hit,5,18383,283,896,7,105,0.34598214285714285
2,bace1,rabvs_hit,6,18383,283,1024,0,105,0.361328125
2,bace1,rabvs_reliable,1,18383,283,384,64,72,0.328125
2,bace1,rabvs_reliable,2,18383,283,512,18,90,0.31640625
2,bace1,rabvs_reliable,3,18383,283,640,5,95,0.346875
2,bace1,rabvs_reliable,4,18383,283,768,3,98,0.37890625
2,bace1,rabvs_reliable,5,18383,283,896,7,105,0.34598214285714285
2,bace1,rabvs_reliable,6,18383,283,1024,0,105,0.361328125
0,braf,greedy_surrogate,1,10102,152,384,125,133,0.3828125
0,braf,greedy_surrogate,2,10102,152,512,14,147,0.396484375
0,braf,greedy_surrogate,3,10102,152,640,2,149,0.4
0,braf,greedy_surrogate,4,10102,152,768,0,149,0.41796875
0,braf,greedy_surrogate,5,10102,152,896,0,149,0.41183035714285715
0,braf,greedy_surrogate,6,10102,152,1024,0,149,0.4169921875
0,braf,boba_ucb,1,10102,152,384,125,133,0.3828125
0,braf,boba_ucb,2,10102,152,512,1,134,0.38671875
0,braf,boba_ucb,3,10102,152,640,1,135,0.41875
0,braf,boba_ucb,4,10102,152,768,0,135,0.4166666666666667
0,braf,boba_ucb,5,10102,152,896,0,135,0.43861607142857145
0,braf,boba_ucb,6,10102,152,1024,0,135,0.4541015625
0,braf,rabvs_budgeted_reliable,1,10102,152,384,125,133,0.3828125
0,braf,rabvs_budgeted_reliable,2,10102,152,512,1,134,0.38671875
0,braf,rabvs_budgeted_reliable,3,10102,152,640,1,135,0.41875
0,braf,rabvs_budgeted_reliable,4,10102,152,768,0,135,0.4166666666666667
0,braf,rabvs_budgeted_reliable,5,10102,152,896,0,135,0.43861607142857145
0,braf,rabvs_budgeted_reliable,6,10102,152,1024,0,135,0.4541015625
0,braf,rabvs_budgeted_reliable_no_density,1,10102,152,384,125,133,0.3828125
0,braf,rabvs_budgeted_reliable_no_density,2,10102,152,512,1,134,0.38671875
0,braf,rabvs_budgeted_reliable_no_density,3,10102,152,640,1,135,0.41875
0,braf,rabvs_budgeted_reliable_no_density,4,10102,152,768,0,135,0.4166666666666667
0,braf,rabvs_budgeted_reliable_no_density,5,10102,152,896,0,135,0.43861607142857145
0,braf,rabvs_budgeted_reliable_no_density,6,10102,152,1024,0,135,0.4541015625
0,braf,rabvs_hit,1,10102,152,384,91,99,0.3932291666666667
0,braf,rabvs_hit,2,10102,152,512,27,126,0.3359375
0,braf,rabvs_hit,3,10102,152,640,1,127,0.2859375
0,braf,rabvs_hit,4,10102,152,768,0,127,0.2578125
0,braf,rabvs_hit,5,10102,152,896,0,127,0.22544642857142858
0,braf,rabvs_hit,6,10102,152,1024,0,127,0.2041015625
0,braf,rabvs_reliable,1,10102,152,384,91,99,0.3932291666666667
0,braf,rabvs_reliable,2,10102,152,512,27,126,0.3359375
0,braf,rabvs_reliable,3,10102,152,640,1,127,0.2859375
0,braf,rabvs_reliable,4,10102,152,768,0,127,0.2578125
0,braf,rabvs_reliable,5,10102,152,896,0,127,0.22544642857142858
0,braf,rabvs_reliable,6,10102,152,1024,0,127,0.2041015625
1,braf,greedy_surrogate,1,10102,152,384,124,132,0.3697916666666667
1,braf,greedy_surrogate,2,10102,152,512,16,148,0.384765625
1,braf,greedy_surrogate,3,10102,152,640,1,149,0.3921875
1,braf,greedy_surrogate,4,10102,152,768,0,149,0.3997395833333333
1,braf,greedy_surrogate,5,10102,152,896,0,149,0.4107142857142857
1,braf,greedy_surrogate,6,10102,152,1024,0,149,0.4033203125
1,braf,boba_ucb,1,10102,152,384,125,133,0.3671875
1,braf,boba_ucb,2,10102,152,512,7,140,0.369140625
1,braf,boba_ucb,3,10102,152,640,0,140,0.3859375
1,braf,boba_ucb,4,10102,152,768,0,140,0.3802083333333333
1,braf,boba_ucb,5,10102,152,896,0,140,0.36607142857142855
1,braf,boba_ucb,6,10102,152,1024,0,140,0.3857421875
1,braf,rabvs_budgeted_reliable,1,10102,152,384,125,133,0.3671875
1,braf,rabvs_budgeted_reliable,2,10102,152,512,7,140,0.369140625
1,braf,rabvs_budgeted_reliable,3,10102,152,640,0,140,0.3859375
1,braf,rabvs_budgeted_reliable,4,10102,152,768,0,140,0.3802083333333333
1,braf,rabvs_budgeted_reliable,5,10102,152,896,0,140,0.36607142857142855
1,braf,rabvs_budgeted_reliable,6,10102,152,1024,0,140,0.3857421875
1,braf,rabvs_budgeted_reliable_no_density,1,10102,152,384,125,133,0.3671875
1,braf,rabvs_budgeted_reliable_no_density,2,10102,152,512,7,140,0.369140625
1,braf,rabvs_budgeted_reliable_no_density,3,10102,152,640,0,140,0.3859375
1,braf,rabvs_budgeted_reliable_no_density,4,10102,152,768,0,140,0.3802083333333333
1,braf,rabvs_budgeted_reliable_no_density,5,10102,152,896,0,140,0.36607142857142855
1,braf,rabvs_budgeted_reliable_no_density,6,10102,152,1024,0,140,0.3857421875
1,braf,rabvs_hit,1,10102,152,384,96,104,0.3463541666666667
1,braf,rabvs_hit,2,10102,152,512,1,105,0.353515625
1,braf,rabvs_hit,3,10102,152,640,0,105,0.290625
1,braf,rabvs_hit,4,10102,152,768,0,105,0.24479166666666666
1,braf,rabvs_hit,5,10102,152,896,0,105,0.21205357142857142
1,braf,rabvs_hit,6,10102,152,1024,0,105,0.1904296875
1,braf,rabvs_reliable,1,10102,152,384,96,104,0.3463541666666667
1,braf,rabvs_reliable,2,10102,152,512,1,105,0.353515625
1,braf,rabvs_reliable,3,10102,152,640,0,105,0.290625
1,braf,rabvs_reliable,4,10102,152,768,0,105,0.24479166666666666
1,braf,rabvs_reliable,5,10102,152,896,0,105,0.21205357142857142
1,braf,rabvs_reliable,6,10102,152,1024,0,105,0.1904296875
2,braf,greedy_surrogate,1,10102,152,384,120,128,0.3697916666666667
2,braf,greedy_surrogate,2,10102,152,512,19,147,0.375
2,braf,greedy_surrogate,3,10102,152,640,2,149,0.378125
2,braf,greedy_surrogate,4,10102,152,768,0,149,0.3971354166666667
2,braf,greedy_surrogate,5,10102,152,896,0,149,0.4017857142857143
2,braf,greedy_surrogate,6,10102,152,1024,0,149,0.416015625
2,braf,boba_ucb,1,10102,152,384,124,132,0.3697916666666667
2,braf,boba_ucb,2,10102,152,512,7,139,0.359375
2,braf,boba_ucb,3,10102,152,640,0,139,0.36875
2,braf,boba_ucb,4,10102,152,768,0,139,0.3723958333333333
2,braf,boba_ucb,5,10102,152,896,1,140,0.37276785714285715
2,braf,boba_ucb,6,10102,152,1024,0,140,0.37890625
2,braf,rabvs_budgeted_reliable,1,10102,152,384,124,132,0.3697916666666667
2,braf,rabvs_budgeted_reliable,2,10102,152,512,7,139,0.359375
2,braf,rabvs_budgeted_reliable,3,10102,152,640,0,139,0.36875
2,braf,rabvs_budgeted_reliable,4,10102,152,768,0,139,0.3723958333333333
2,braf,rabvs_budgeted_reliable,5,10102,152,896,1,140,0.37276785714285715
2,braf,rabvs_budgeted_reliable,6,10102,152,1024,0,140,0.37890625
2,braf,rabvs_budgeted_reliable_no_density,1,10102,152,384,124,132,0.3697916666666667
2,braf,rabvs_budgeted_reliable_no_density,2,10102,152,512,7,139,0.359375
2,braf,rabvs_budgeted_reliable_no_density,3,10102,152,640,0,139,0.36875
2,braf,rabvs_budgeted_reliable_no_density,4,10102,152,768,0,139,0.3723958333333333
2,braf,rabvs_budgeted_reliable_no_density,5,10102,152,896,1,140,0.37276785714285715
2,braf,rabvs_budgeted_reliable_no_density,6,10102,152,1024,0,140,0.37890625
2,braf,rabvs_hit,1,10102,152,384,117,125,0.3515625
2,braf,rabvs_hit,2,10102,152,512,1,126,0.322265625
2,braf,rabvs_hit,3,10102,152,640,0,126,0.271875
2,braf,rabvs_hit,4,10102,152,768,0,126,0.234375
2,braf,rabvs_hit,5,10102,152,896,0,126,0.20535714285714285
2,braf,rabvs_hit,6,10102,152,1024,0,126,0.1826171875
2,braf,rabvs_reliable,1,10102,152,384,117,125,0.3515625
2,braf,rabvs_reliable,2,10102,152,512,1,126,0.322265625
2,braf,rabvs_reliable,3,10102,152,640,0,126,0.271875
2,braf,rabvs_reliable,4,10102,152,768,0,126,0.234375
2,braf,rabvs_reliable,5,10102,152,896,0,126,0.20535714285714285
2,braf,rabvs_reliable,6,10102,152,1024,0,126,0.1826171875
0,cah2,greedy_surrogate,1,31664,492,384,128,136,0.53125
0,cah2,greedy_surrogate,2,31664,492,512,128,264,0.59375
0,cah2,greedy_surrogate,3,31664,492,640,124,388,0.5703125
0,cah2,greedy_surrogate,4,31664,492,768,71,459,0.5520833333333334
0,cah2,greedy_surrogate,5,31664,492,896,23,482,0.5647321428571429
0,cah2,greedy_surrogate,6,31664,492,1024,4,486,0.5673828125
0,cah2,boba_ucb,1,31664,492,384,128,136,0.53125
0,cah2,boba_ucb,2,31664,492,512,34,170,0.52734375
0,cah2,boba_ucb,3,31664,492,640,17,187,0.5328125
0,cah2,boba_ucb,4,31664,492,768,1,188,0.5208333333333334
0,cah2,boba_ucb,5,31664,492,896,0,188,0.49888392857142855
0,cah2,boba_ucb,6,31664,492,1024,0,188,0.4931640625
0,cah2,rabvs_budgeted_reliable,1,31664,492,384,128,136,0.53125
0,cah2,rabvs_budgeted_reliable,2,31664,492,512,34,170,0.52734375
0,cah2,rabvs_budgeted_reliable,3,31664,492,640,17,187,0.5328125
0,cah2,rabvs_budgeted_reliable,4,31664,492,768,1,188,0.5208333333333334
0,cah2,rabvs_budgeted_reliable,5,31664,492,896,0,188,0.49888392857142855
0,cah2,rabvs_budgeted_reliable,6,31664,492,1024,0,188,0.4931640625
0,cah2,rabvs_budgeted_reliable_no_density,1,31664,492,384,128,136,0.53125
0,cah2,rabvs_budgeted_reliable_no_density,2,31664,492,512,34,170,0.52734375
0,cah2,rabvs_budgeted_reliable_no_density,3,31664,492,640,17,187,0.5328125
0,cah2,rabvs_budgeted_reliable_no_density,4,31664,492,768,1,188,0.5208333333333334
0,cah2,rabvs_budgeted_reliable_no_density,5,31664,492,896,0,188,0.49888392857142855
0,cah2,rabvs_budgeted_reliable_no_density,6,31664,492,1024,0,188,0.4931640625
0,cah2,rabvs_hit,1,31664,492,384,91,99,0.4973958333333333
0,cah2,rabvs_hit,2,31664,492,512,10,109,0.546875
0,cah2,rabvs_hit,3,31664,492,640,11,120,0.5265625
0,cah2,rabvs_hit,4,31664,492,768,0,120,0.4466145833333333
0,cah2,rabvs_hit,5,31664,492,896,0,120,0.40066964285714285
0,cah2,rabvs_hit,6,31664,492,1024,0,120,0.3623046875
0,cah2,rabvs_reliable,1,31664,492,384,91,99,0.4973958333333333
0,cah2,rabvs_reliable,2,31664,492,512,10,109,0.546875
0,cah2,rabvs_reliable,3,31664,492,640,11,120,0.5265625
0,cah2,rabvs_reliable,4,31664,492,768,0,120,0.4466145833333333
0,cah2,rabvs_reliable,5,31664,492,896,0,120,0.40066964285714285
0,cah2,rabvs_reliable,6,31664,492,1024,0,120,0.3623046875
1,cah2,greedy_surrogate,1,31664,492,384,128,136,0.5338541666666666
1,cah2,greedy_surrogate,2,31664,492,512,128,264,0.5625
1,cah2,greedy_surrogate,3,31664,492,640,116,380,0.5828125
1,cah2,greedy_surrogate,4,31664,492,768,79,459,0.5729166666666666
1,cah2,greedy_surrogate,5,31664,492,896,26,485,0.5837053571428571
1,cah2,greedy_surrogate,6,31664,492,1024,2,487,0.5830078125
1,cah2,boba_ucb,1,31664,492,384,118,126,0.5859375
1,cah2,boba_ucb,2,31664,492,512,32,158,0.556640625
1,cah2,boba_ucb,3,31664,492,640,72,230,0.54375
1,cah2,boba_ucb,4,31664,492,768,0,230,0.5729166666666666
1,cah2,boba_ucb,5,31664,492,896,1,231,0.5714285714285714
1,cah2,boba_ucb,6,31664,492,1024,0,231,0.564453125
1,cah2,rabvs_budgeted_reliable,1,31664,492,384,118,126,0.5859375
1,cah2,rabvs_budgeted_reliable,2,31664,492,512,32,158,0.556640625
1,cah2,rabvs_budgeted_reliable,3,31664,492,640,72,230,0.54375
1,cah2,rabvs_budgeted_reliable,4,31664,492,768,0,230,0.5729166666666666
1,cah2,rabvs_budgeted_reliable,5,31664,492,896,1,231,0.5714285714285714
1,cah2,rabvs_budgeted_reliable,6,31664,492,1024,0,231,0.564453125
1,cah2,rabvs_budgeted_reliable_no_density,1,31664,492,384,118,126,0.5859375
1,cah2,rabvs_budgeted_reliable_no_density,2,31664,492,512,32,158,0.556640625
1,cah2,rabvs_budgeted_reliable_no_density,3,31664,492,640,72,230,0.54375
1,cah2,rabvs_budgeted_reliable_no_density,4,31664,492,768,0,230,0.5729166666666666
1,cah2,rabvs_budgeted_reliable_no_density,5,31664,492,896,1,231,0.5714285714285714
1,cah2,rabvs_budgeted_reliable_no_density,6,31664,492,1024,0,231,0.564453125
1,cah2,rabvs_hit,1,31664,492,384,24,32,0.5833333333333334
1,cah2,rabvs_hit,2,31664,492,512,13,45,0.583984375
1,cah2,rabvs_hit,3,31664,492,640,30,75,0.54375
1,cah2,rabvs_hit,4,31664,492,768,1,76,0.484375
1,cah2,rabvs_hit,5,31664,492,896,0,76,0.4330357142857143
1,cah2,rabvs_hit,6,31664,492,1024,0,76,0.38671875
1,cah2,rabvs_reliable,1,31664,492,384,24,32,0.5833333333333334
1,cah2,rabvs_reliable,2,31664,492,512,13,45,0.583984375
1,cah2,rabvs_reliable,3,31664,492,640,30,75,0.54375
1,cah2,rabvs_reliable,4,31664,492,768,1,76,0.484375
1,cah2,rabvs_reliable,5,31664,492,896,0,76,0.4330357142857143
1,cah2,rabvs_reliable,6,31664,492,1024,0,76,0.38671875
2,cah2,greedy_surrogate,1,31664,492,384,128,136,0.5390625
2,cah2,greedy_surrogate,2,31664,492,512,128,264,0.568359375
2,cah2,greedy_surrogate,3,31664,492,640,117,381,0.5734375
2,cah2,greedy_surrogate,4,31664,492,768,72,453,0.5729166666666666
2,cah2,greedy_surrogate,5,31664,492,896,32,485,0.5803571428571429
2,cah2,greedy_surrogate,6,31664,492,1024,2,487,0.5732421875
2,cah2,boba_ucb,1,31664,492,384,128,136,0.5390625
2,cah2,boba_ucb,2,31664,492,512,39,175,0.578125
2,cah2,boba_ucb,3,31664,492,640,114,289,0.56875
2,cah2,boba_ucb,4,31664,492,768,1,290,0.5924479166666666
2,cah2,boba_ucb,5,31664,492,896,3,293,0.5892857142857143
2,cah2,boba_ucb,6,31664,492,1024,1,294,0.6005859375
2,cah2,rabvs_budgeted_reliable,1,31664,492,384,128,136,0.5390625
2,cah2,rabvs_budgeted_reliable,2,31664,492,512,39,175,0.578125
2,cah2,rabvs_budgeted_reliable,3,31664,492,640,114,289,0.56875
2,cah2,rabvs_budgeted_reliable,4,31664,492,768,1,290,0.5924479166666666
2,cah2,rabvs_budgeted_reliable,5,31664,492,896,3,293,0.5892857142857143
2,cah2,rabvs_budgeted_reliable,6,31664,492,1024,1,294,0.6005859375
2,cah2,rabvs_budgeted_reliable_no_density,1,31664,492,384,128,136,0.5390625
2,cah2,rabvs_budgeted_reliable_no_density,2,31664,492,512,39,175,0.578125
2,cah2,rabvs_budgeted_reliable_no_density,3,31664,492,640,114,289,0.56875
2,cah2,rabvs_budgeted_reliable_no_density,4,31664,492,768,1,290,0.5924479166666666
2,cah2,rabvs_budgeted_reliable_no_density,5,31664,492,896,3,293,0.5892857142857143
2,cah2,rabvs_budgeted_reliable_no_density,6,31664,492,1024,1,294,0.6005859375
2,cah2,rabvs_hit,1,31664,492,384,90,98,0.5078125
2,cah2,rabvs_hit,2,31664,492,512,10,108,0.5546875
2,cah2,rabvs_hit,3,31664,492,640,3,111,0.5625
2,cah2,rabvs_hit,4,31664,492,768,5,116,0.5169270833333334
2,cah2,rabvs_hit,5,31664,492,896,0,116,0.4575892857142857
2,cah2,rabvs_hit,6,31664,492,1024,0,116,0.4130859375
2,cah2,rabvs_reliable,1,31664,492,384,90,98,0.5078125
2,cah2,rabvs_reliable,2,31664,492,512,10,108,0.5546875
2,cah2,rabvs_reliable,3,31664,492,640,3,111,0.5625
2,cah2,rabvs_reliable,4,31664,492,768,5,116,0.5169270833333334
2,cah2,rabvs_reliable,5,31664,492,896,0,116,0.4575892857142857
2,cah2,rabvs_reliable,6,31664,492,1024,0,116,0.4130859375
0,casp3,greedy_surrogate,1,10899,199,384,118,126,0.5
0,casp3,greedy_surrogate,2,10899,199,512,57,183,0.48828125
0,casp3,greedy_surrogate,3,10899,199,640,7,190,0.48125
0,casp3,greedy_surrogate,4,10899,199,768,5,195,0.48828125
0,casp3,greedy_surrogate,5,10899,199,896,1,196,0.4810267857142857
0,casp3,greedy_surrogate,6,10899,199,1024,0,196,0.4921875
0,casp3,boba_ucb,1,10899,199,384,118,126,0.4921875
0,casp3,boba_ucb,2,10899,199,512,4,130,0.53125
0,casp3,boba_ucb,3,10899,199,640,4,134,0.5203125
0,casp3,boba_ucb,4,10899,199,768,0,134,0.5
0,casp3,boba_ucb,5,10899,199,896,0,134,0.5022321428571429
0,casp3,boba_ucb,6,10899,199,1024,1,135,0.494140625
0,casp3,rabvs_budgeted_reliable,1,10899,199,384,118,126,0.4921875
0,casp3,rabvs_budgeted_reliable,2,10899,199,512,4,130,0.53125
0,casp3,rabvs_budgeted_reliable,3,10899,199,640,4,134,0.5203125
0,casp3,rabvs_budgeted_reliable,4,10899,199,768,0,134,0.5
0,casp3,rabvs_budgeted_reliable,5,10899,199,896,0,134,0.5022321428571429
0,casp3,rabvs_budgeted_reliable,6,10899,199,1024,1,135,0.494140625
0,casp3,rabvs_budgeted_reliable_no_density,1,10899,199,384,118,126,0.4921875
0,casp3,rabvs_budgeted_reliable_no_density,2,10899,199,512,4,130,0.53125
0,casp3,rabvs_budgeted_reliable_no_density,3,10899,199,640,4,134,0.5203125
0,casp3,rabvs_budgeted_reliable_no_density,4,10899,199,768,0,134,0.5
0,casp3,rabvs_budgeted_reliable_no_density,5,10899,199,896,0,134,0.5022321428571429
0,casp3,rabvs_budgeted_reliable_no_density,6,10899,199,1024,1,135,0.494140625
0,casp3,rabvs_hit,1,10899,199,384,115,123,0.4947916666666667
0,casp3,rabvs_hit,2,10899,199,512,7,130,0.474609375
0,casp3,rabvs_hit,3,10899,199,640,3,133,0.415625
0,casp3,rabvs_hit,4,10899,199,768,0,133,0.42578125
0,casp3,rabvs_hit,5,10899,199,896,0,133,0.37276785714285715
0,casp3,rabvs_hit,6,10899,199,1024,0,133,0.3505859375
0,casp3,rabvs_reliable,1,10899,199,384,115,123,0.4947916666666667
0,casp3,rabvs_reliable,2,10899,199,512,7,130,0.474609375
0,casp3,rabvs_reliable,3,10899,199,640,3,133,0.415625
0,casp3,rabvs_reliable,4,10899,199,768,0,133,0.42578125
0,casp3,rabvs_reliable,5,10899,199,896,0,133,0.37276785714285715
0,casp3,rabvs_reliable,6,10899,199,1024,0,133,0.3505859375
1,casp3,greedy_surrogate,1,10899,199,384,128,136,0.4453125
1,casp3,greedy_surrogate,2,10899,199,512,43,179,0.474609375
1,casp3,greedy_surrogate,3,10899,199,640,10,189,0.5109375
1,casp3,greedy_surrogate,4,10899,199,768,3,192,0.5286458333333334
1,casp3,greedy_surrogate,5,10899,199,896,0,192,0.5111607142857143
1,casp3,greedy_surrogate,6,10899,199,1024,0,192,0.521484375
1,casp3,boba_ucb,1,10899,199,384,128,136,0.4453125
1,casp3,boba_ucb,2,10899,199,512,12,148,0.4609375
1,casp3,boba_ucb,3,10899,199,640,2,150,0.46875
1,casp3,boba_ucb,4,10899,199,768,0,150,0.4830729166666667
1,casp3,boba_ucb,5,10899,199,896,1,151,0.46316964285714285
1,casp3,boba_ucb,6,10899,199,1024,0,151,0.466796875
1,casp3,rabvs_budgeted_reliable,1,10899,199,384,128,136,0.4453125
1,casp3,rabvs_budgeted_reliable,2,10899,199,512,12,148,0.4609375
1,casp3,rabvs_budgeted_reliable,3,10899,199,640,2,150,0.46875
1,casp3,rabvs_budgeted_reliable,4,10899,199,768,0,150,0.4830729166666667
1,casp3,rabvs_budgeted_reliable,5,10899,199,896,1,151,0.46316964285714285
1,casp3,rabvs_budgeted_reliable,6,10899,199,1024,0,151,0.466796875
1,casp3,rabvs_budgeted_reliable_no_density,1,10899,199,384,128,136,0.4453125
1,casp3,rabvs_budgeted_reliable_no_density,2,10899,199,512,12,148,0.4609375
1,casp3,rabvs_budgeted_reliable_no_density,3,10899,199,640,2,150,0.46875
1,casp3,rabvs_budgeted_reliable_no_density,4,10899,199,768,0,150,0.4830729166666667
1,casp3,rabvs_budgeted_reliable_no_density,5,10899,199,896,1,151,0.46316964285714285
1,casp3,rabvs_budgeted_reliable_no_density,6,10899,199,1024,0,151,0.466796875
1,casp3,rabvs_hit,1,10899,199,384,114,122,0.4270833333333333
1,casp3,rabvs_hit,2,10899,199,512,5,127,0.435546875
1,casp3,rabvs_hit,3,10899,199,640,2,129,0.4109375
1,casp3,rabvs_hit,4,10899,199,768,0,129,0.3528645833333333
1,casp3,rabvs_hit,5,10899,199,896,0,129,0.30580357142857145
1,casp3,rabvs_hit,6,10899,199,1024,0,129,0.29296875
1,casp3,rabvs_reliable,1,10899,199,384,114,122,0.4270833333333333
1,casp3,rabvs_reliable,2,10899,199,512,5,127,0.435546875
1,casp3,rabvs_reliable,3,10899,199,640,2,129,0.4109375
1,casp3,rabvs_reliable,4,10899,199,768,0,129,0.3528645833333333
1,casp3,rabvs_reliable,5,10899,199,896,0,129,0.30580357142857145
1,casp3,rabvs_reliable,6,10899,199,1024,0,129,0.29296875
2,casp3,greedy_surrogate,1,10899,199,384,125,133,0.484375
2,casp3,greedy_surrogate,2,10899,199,512,45,178,0.517578125
2,casp3,greedy_surrogate,3,10899,199,640,7,185,0.5265625
2,casp3,greedy_surrogate,4,10899,199,768,6,191,0.5247395833333334
2,casp3,greedy_surrogate,5,10899,199,896,1,192,0.5491071428571429
2,casp3,greedy_surrogate,6,10899,199,1024,0,192,0.537109375
2,casp3,boba_ucb,1,10899,199,384,125,133,0.4661458333333333
2,casp3,boba_ucb,2,10899,199,512,20,153,0.494140625
2,casp3,boba_ucb,3,10899,199,640,3,156,0.51875
2,casp3,boba_ucb,4,10899,199,768,6,162,0.5390625
2,casp3,boba_ucb,5,10899,199,896,2,164,0.5591517857142857
2,casp3,boba_ucb,6,10899,199,1024,0,164,0.5498046875
2,casp3,rabvs_budgeted_reliable,1,10899,199,384,125,133,0.4661458333333333
2,casp3,rabvs_budgeted_reliable,2,10899,199,512,20,153,0.494140625
2,casp3,rabvs_budgeted_reliable,3,10899,199,640,3,156,0.51875
2,casp3,rabvs_budgeted_reliable,4,10899,199,768,6,162,0.5390625
2,casp3,rabvs_budgeted_reliable,5,10899,199,896,2,164,0.5591517857142857
2,casp3,rabvs_budgeted_reliable,6,10899,199,1024,0,164,0.5498046875
2,casp3,rabvs_budgeted_reliable_no_density,1,10899,199,384,125,133,0.4661458333333333
2,casp3,rabvs_budgeted_reliable_no_density,2,10899,199,512,20,153,0.494140625
2,casp3,rabvs_budgeted_reliable_no_density,3,10899,199,640,3,156,0.51875
2,casp3,rabvs_budgeted_reliable_no_density,4,10899,199,768,6,162,0.5390625
2,casp3,rabvs_budgeted_reliable_no_density,5,10899,199,896,2,164,0.5591517857142857
2,casp3,rabvs_budgeted_reliable_no_density,6,10899,199,1024,0,164,0.5498046875
2,casp3,rabvs_hit,1,10899,199,384,120,128,0.4791666666666667
2,casp3,rabvs_hit,2,10899,199,512,10,138,0.46484375
2,casp3,rabvs_hit,3,10899,199,640,2,140,0.4109375
2,casp3,rabvs_hit,4,10899,199,768,0,140,0.3723958333333333
2,casp3,rabvs_hit,5,10899,199,896,0,140,0.38058035714285715
2,casp3,rabvs_hit,6,10899,199,1024,0,140,0.349609375
2,casp3,rabvs_reliable,1,10899,199,384,120,128,0.4791666666666667
2,casp3,rabvs_reliable,2,10899,199,512,10,138,0.46484375
2,casp3,rabvs_reliable,3,10899,199,640,2,140,0.4109375
2,casp3,rabvs_reliable,4,10899,199,768,0,140,0.3723958333333333
2,casp3,rabvs_reliable,5,10899,199,896,0,140,0.38058035714285715
2,casp3,rabvs_reliable,6,10899,199,1024,0,140,0.349609375
0,cdk2,greedy_surrogate,1,28324,474,384,80,88,0.4036458333333333
0,cdk2,greedy_surrogate,2,28324,474,512,84,172,0.404296875
0,cdk2,greedy_surrogate,3,28324,474,640,67,239,0.41875
0,cdk2,greedy_surrogate,4,28324,474,768,51,290,0.4283854166666667
0,cdk2,greedy_surrogate,5,28324,474,896,30,320,0.4419642857142857
0,cdk2,greedy_surrogate,6,28324,474,1024,18,338,0.443359375
0,cdk2,boba_ucb,1,28324,474,384,88,96,0.3958333333333333
0,cdk2,boba_ucb,2,28324,474,512,20,116,0.45703125
0,cdk2,boba_ucb,3,28324,474,640,23,139,0.45
0,cdk2,boba_ucb,4,28324,474,768,6,145,0.4505208333333333
0,cdk2,boba_ucb,5,28324,474,896,5,150,0.46763392857142855
0,cdk2,boba_ucb,6,28324,474,1024,25,175,0.4638671875
0,cdk2,rabvs_budgeted_reliable,1,28324,474,384,88,96,0.3958333333333333
0,cdk2,rabvs_budgeted_reliable,2,28324,474,512,20,116,0.45703125
0,cdk2,rabvs_budgeted_reliable,3,28324,474,640,23,139,0.45
0,cdk2,rabvs_budgeted_reliable,4,28324,474,768,6,145,0.4505208333333333
0,cdk2,rabvs_budgeted_reliable,5,28324,474,896,5,150,0.46763392857142855
0,cdk2,rabvs_budgeted_reliable,6,28324,474,1024,25,175,0.4638671875
0,cdk2,rabvs_budgeted_reliable_no_density,1,28324,474,384,88,96,0.3958333333333333
0,cdk2,rabvs_budgeted_reliable_no_density,2,28324,474,512,20,116,0.45703125
0,cdk2,rabvs_budgeted_reliable_no_density,3,28324,474,640,23,139,0.45
0,cdk2,rabvs_budgeted_reliable_no_density,4,28324,474,768,6,145,0.4505208333333333
0,cdk2,rabvs_budgeted_reliable_no_density,5,28324,474,896,5,150,0.46763392857142855
0,cdk2,rabvs_budgeted_reliable_no_density,6,28324,474,1024,25,175,0.4638671875
0,cdk2,rabvs_hit,1,28324,474,384,74,82,0.4192708333333333
0,cdk2,rabvs_hit,2,28324,474,512,3,85,0.486328125
0,cdk2,rabvs_hit,3,28324,474,640,4,89,0.465625
0,cdk2,rabvs_hit,4,28324,474,768,16,105,0.4518229166666667
0,cdk2,rabvs_hit,5,28324,474,896,25,130,0.42410714285714285
0,cdk2,rabvs_hit,6,28324,474,1024,4,134,0.40625
0,cdk2,rabvs_reliable,1,28324,474,384,74,82,0.4192708333333333
0,cdk2,rabvs_reliable,2,28324,474,512,3,85,0.486328125
0,cdk2,rabvs_reliable,3,28324,474,640,4,89,0.465625
0,cdk2,rabvs_reliable,4,28324,474,768,16,105,0.4518229166666667
0,cdk2,rabvs_reliable,5,28324,474,896,25,130,0.42410714285714285
0,cdk2,rabvs_reliable,6,28324,474,1024,4,134,0.40625
1,cdk2,greedy_surrogate,1,28324,474,384,68,76,0.46875
1,cdk2,greedy_surrogate,2,28324,474,512,65,141,0.4296875
1,cdk2,greedy_surrogate,3,28324,474,640,56,197,0.4203125
1,cdk2,greedy_surrogate,4,28324,474,768,43,240,0.4296875
1,cdk2,greedy_surrogate,5,28324,474,896,47,287,0.43861607142857145
1,cdk2,greedy_surrogate,6,28324,474,1024,28,315,0.443359375
1,cdk2,boba_ucb,1,28324,474,384,70,78,0.4609375
1,cdk2,boba_ucb,2,28324,474,512,4,82,0.4296875
1,cdk2,boba_ucb,3,28324,474,640,57,139,0.4390625
1,cdk2,boba_ucb,4,28324,474,768,7,146,0.4518229166666667
1,cdk2,boba_ucb,5,28324,474,896,37,183,0.43526785714285715
1,cdk2,boba_ucb,6,28324,474,1024,37,220,0.4501953125
1,cdk2,rabvs_budgeted_reliable,1,28324,474,384,70,78,0.4609375
1,cdk2,rabvs_budgeted_reliable,2,28324,474,512,4,82,0.4296875
1,cdk2,rabvs_budgeted_reliable,3,28324,474,640,57,139,0.4390625
1,cdk2,rabvs_budgeted_reliable,4,28324,474,768,7,146,0.4518229166666667
1,cdk2,rabvs_budgeted_reliable,5,28324,474,896,37,183,0.43526785714285715
1,cdk2,rabvs_budgeted_reliable,6,28324,474,1024,37,220,0.4501953125
1,cdk2,rabvs_budgeted_reliable_no_density,1,28324,474,384,70,78,0.4609375
1,cdk2,rabvs_budgeted_reliable_no_density,2,28324,474,512,4,82,0.4296875
1,cdk2,rabvs_budgeted_reliable_no_density,3,28324,474,640,57,139,0.4390625
1,cdk2,rabvs_budgeted_reliable_no_density,4,28324,474,768,7,146,0.4518229166666667
1,cdk2,rabvs_budgeted_reliable_no_density,5,28324,474,896,37,183,0.43526785714285715
1,cdk2,rabvs_budgeted_reliable_no_density,6,28324,474,1024,37,220,0.4501953125
1,cdk2,rabvs_hit,1,28324,474,384,50,58,0.4609375
1,cdk2,rabvs_hit,2,28324,474,512,2,60,0.462890625
1,cdk2,rabvs_hit,3,28324,474,640,44,104,0.415625
1,cdk2,rabvs_hit,4,28324,474,768,22,126,0.4192708333333333
1,cdk2,rabvs_hit,5,28324,474,896,18,144,0.42745535714285715
1,cdk2,rabvs_hit,6,28324,474,1024,19,163,0.421875
1,cdk2,rabvs_reliable,1,28324,474,384,50,58,0.4609375
1,cdk2,rabvs_reliable,2,28324,474,512,2,60,0.462890625
1,cdk2,rabvs_reliable,3,28324,474,640,44,104,0.415625
1,cdk2,rabvs_reliable,4,28324,474,768,22,126,0.4192708333333333
1,cdk2,rabvs_reliable,5,28324,474,896,18,144,0.42745535714285715
1,cdk2,rabvs_reliable,6,28324,474,1024,19,163,0.421875
2,cdk2,greedy_surrogate,1,28324,474,384,86,94,0.4765625
2,cdk2,greedy_surrogate,2,28324,474,512,67,161,0.486328125
2,cdk2,greedy_surrogate,3,28324,474,640,59,220,0.4875
2,cdk2,greedy_surrogate,4,28324,474,768,38,258,0.48046875
2,cdk2,greedy_surrogate,5,28324,474,896,34,292,0.47098214285714285
2,cdk2,greedy_surrogate,6,28324,474,1024,12,304,0.4619140625
2,cdk2,boba_ucb,1,28324,474,384,41,49,0.5520833333333334
2,cdk2,boba_ucb,2,28324,474,512,40,89,0.572265625
2,cdk2,boba_ucb,3,28324,474,640,42,131,0.578125
2,cdk2,boba_ucb,4,28324,474,768,6,137,0.56640625
2,cdk2,boba_ucb,5,28324,474,896,1,138,0.5580357142857143
2,cdk2,boba_ucb,6,28324,474,1024,3,141,0.546875
2,cdk2,rabvs_budgeted_reliable,1,28324,474,384,41,49,0.5520833333333334
2,cdk2,rabvs_budgeted_reliable,2,28324,474,512,40,89,0.572265625
2,cdk2,rabvs_budgeted_reliable,3,28324,474,640,42,131,0.578125
2,cdk2,rabvs_budgeted_reliable,4,28324,474,768,6,137,0.56640625
2,cdk2,rabvs_budgeted_reliable,5,28324,474,896,1,138,0.5580357142857143
2,cdk2,rabvs_budgeted_reliable,6,28324,474,1024,3,141,0.546875
2,cdk2,rabvs_budgeted_reliable_no_density,1,28324,474,384,41,49,0.5520833333333334
2,cdk2,rabvs_budgeted_reliable_no_density,2,28324,474,512,40,89,0.572265625
2,cdk2,rabvs_budgeted_reliable_no_density,3,28324,474,640,42,131,0.578125
2,cdk2,rabvs_budgeted_reliable_no_density,4,28324,474,768,6,137,0.56640625
2,cdk2,rabvs_budgeted_reliable_no_density,5,28324,474,896,1,138,0.5580357142857143
2,cdk2,rabvs_budgeted_reliable_no_density,6,28324,474,1024,3,141,0.546875
2,cdk2,rabvs_hit,1,28324,474,384,23,31,0.53125
2,cdk2,rabvs_hit,2,28324,474,512,55,86,0.46875
2,cdk2,rabvs_hit,3,28324,474,640,1,87,0.4796875
2,cdk2,rabvs_hit,4,28324,474,768,8,95,0.4609375
2,cdk2,rabvs_hit,5,28324,474,896,5,100,0.45870535714285715
2,cdk2,rabvs_hit,6,28324,474,1024,3,103,0.458984375
2,cdk2,rabvs_reliable,1,28324,474,384,23,31,0.53125
2,cdk2,rabvs_reliable,2,28324,474,512,55,86,0.46875
2,cdk2,rabvs_reliable,3,28324,474,640,1,87,0.4796875
2,cdk2,rabvs_reliable,4,28324,474,768,8,95,0.4609375
2,cdk2,rabvs_reliable,5,28324,474,896,5,100,0.45870535714285715
2,cdk2,rabvs_reliable,6,28324,474,1024,3,103,0.458984375
0,comt,greedy_surrogate,1,3891,41,384,33,41,0.6015625
0,comt,greedy_surrogate,2,3891,41,512,0,41,0.58203125
0,comt,greedy_surrogate,3,3891,41,640,0,41,0.5640625
0,comt,greedy_surrogate,4,3891,41,768,0,41,0.5729166666666666
0,comt,greedy_surrogate,5,3891,41,896,0,41,0.5725446428571429
0,comt,greedy_surrogate,6,3891,41,1024,0,41,0.57421875
0,comt,boba_ucb,1,3891,41,384,30,38,0.6015625
0,comt,boba_ucb,2,3891,41,512,0,38,0.587890625
0,comt,boba_ucb,3,3891,41,640,0,38,0.5640625
0,comt,boba_ucb,4,3891,41,768,0,38,0.5091145833333334
0,comt,boba_ucb,5,3891,41,896,0,38,0.4877232142857143
0,comt,boba_ucb,6,3891,41,1024,0,38,0.4833984375
0,comt,rabvs_budgeted_reliable,1,3891,41,384,30,38,0.6015625
0,comt,rabvs_budgeted_reliable,2,3891,41,512,0,38,0.587890625
0,comt,rabvs_budgeted_reliable,3,3891,41,640,0,38,0.5640625
0,comt,rabvs_budgeted_reliable,4,3891,41,768,0,38,0.5091145833333334
0,comt,rabvs_budgeted_reliable,5,3891,41,896,0,38,0.4877232142857143
0,comt,rabvs_budgeted_reliable,6,3891,41,1024,0,38,0.4833984375
0,comt,rabvs_budgeted_reliable_no_density,1,3891,41,384,30,38,0.6015625
0,comt,rabvs_budgeted_reliable_no_density,2,3891,41,512,0,38,0.587890625
0,comt,rabvs_budgeted_reliable_no_density,3,3891,41,640,0,38,0.5640625
0,comt,rabvs_budgeted_reliable_no_density,4,3891,41,768,0,38,0.5091145833333334
0,comt,rabvs_budgeted_reliable_no_density,5,3891,41,896,0,38,0.4877232142857143
0,comt,rabvs_budgeted_reliable_no_density,6,3891,41,1024,0,38,0.4833984375
0,comt,rabvs_hit,1,3891,41,384,10,18,0.4557291666666667
0,comt,rabvs_hit,2,3891,41,512,0,18,0.35546875
0,comt,rabvs_hit,3,3891,41,640,0,18,0.30625
0,comt,rabvs_hit,4,3891,41,768,0,18,0.27734375
0,comt,rabvs_hit,5,3891,41,896,0,18,0.27232142857142855
0,comt,rabvs_hit,6,3891,41,1024,0,18,0.3349609375
0,comt,rabvs_reliable,1,3891,41,384,10,18,0.4557291666666667
0,comt,rabvs_reliable,2,3891,41,512,0,18,0.35546875
0,comt,rabvs_reliable,3,3891,41,640,0,18,0.30625
0,comt,rabvs_reliable,4,3891,41,768,0,18,0.27734375
0,comt,rabvs_reliable,5,3891,41,896,0,18,0.27232142857142855
0,comt,rabvs_reliable,6,3891,41,1024,0,18,0.3349609375
1,comt,greedy_surrogate,1,3891,41,384,33,41,0.5625
1,comt,greedy_surrogate,2,3891,41,512,0,41,0.5625
1,comt,greedy_surrogate,3,3891,41,640,0,41,0.5875
1,comt,greedy_surrogate,4,3891,41,768,0,41,0.5833333333333334
1,comt,greedy_surrogate,5,3891,41,896,0,41,0.5747767857142857
1,comt,greedy_surrogate,6,3891,41,1024,0,41,0.5625
1,comt,boba_ucb,1,3891,41,384,31,39,0.5755208333333334
1,comt,boba_ucb,2,3891,41,512,0,39,0.537109375
1,comt,boba_ucb,3,3891,41,640,0,39,0.5234375
1,comt,boba_ucb,4,3891,41,768,0,39,0.515625
1,comt,boba_ucb,5,3891,41,896,0,39,0.5323660714285714
1,comt,boba_ucb,6,3891,41,1024,0,39,0.5126953125
1,comt,rabvs_budgeted_reliable,1,3891,41,384,31,39,0.5755208333333334
1,comt,rabvs_budgeted_reliable,2,3891,41,512,0,39,0.537109375
1,comt,rabvs_budgeted_reliable,3,3891,41,640,0,39,0.5234375
1,comt,rabvs_budgeted_reliable,4,3891,41,768,0,39,0.515625
1,comt,rabvs_budgeted_reliable,5,3891,41,896,0,39,0.5323660714285714
1,comt,rabvs_budgeted_reliable,6,3891,41,1024,0,39,0.5126953125
1,comt,rabvs_budgeted_reliable_no_density,1,3891,41,384,31,39,0.5755208333333334
1,comt,rabvs_budgeted_reliable_no_density,2,3891,41,512,0,39,0.537109375
1,comt,rabvs_budgeted_reliable_no_density,3,3891,41,640,0,39,0.5234375
1,comt,rabvs_budgeted_reliable_no_density,4,3891,41,768,0,39,0.515625
1,comt,rabvs_budgeted_reliable_no_density,5,3891,41,896,0,39,0.5323660714285714
1,comt,rabvs_budgeted_reliable_no_density,6,3891,41,1024,0,39,0.5126953125
1,comt,rabvs_hit,1,3891,41,384,31,39,0.4166666666666667
1,comt,rabvs_hit,2,3891,41,512,0,39,0.33984375
1,comt,rabvs_hit,3,3891,41,640,0,39,0.290625
1,comt,rabvs_hit,4,3891,41,768,0,39,0.2669270833333333
1,comt,rabvs_hit,5,3891,41,896,0,39,0.2622767857142857
1,comt,rabvs_hit,6,3891,41,1024,0,39,0.3017578125
1,comt,rabvs_reliable,1,3891,41,384,31,39,0.4166666666666667
1,comt,rabvs_reliable,2,3891,41,512,0,39,0.33984375
1,comt,rabvs_reliable,3,3891,41,640,0,39,0.290625
1,comt,rabvs_reliable,4,3891,41,768,0,39,0.2669270833333333
1,comt,rabvs_reliable,5,3891,41,896,0,39,0.2622767857142857
1,comt,rabvs_reliable,6,3891,41,1024,0,39,0.3017578125
2,comt,greedy_surrogate,1,3891,41,384,33,41,0.6432291666666666
2,comt,greedy_surrogate,2,3891,41,512,0,41,0.619140625
2,comt,greedy_surrogate,3,3891,41,640,0,41,0.5953125
2,comt,greedy_surrogate,4,3891,41,768,0,41,0.5911458333333334
2,comt,greedy_surrogate,5,3891,41,896,0,41,0.5792410714285714
2,comt,greedy_surrogate,6,3891,41,1024,0,41,0.564453125
2,comt,boba_ucb,1,3891,41,384,33,41,0.640625
2,comt,boba_ucb,2,3891,41,512,0,41,0.5859375
2,comt,boba_ucb,3,3891,41,640,0,41,0.53125
2,comt,boba_ucb,4,3891,41,768,0,41,0.5091145833333334
2,comt,boba_ucb,5,3891,41,896,0,41,0.49107142857142855
2,comt,boba_ucb,6,3891,41,1024,0,41,0.4619140625
2,comt,rabvs_budgeted_reliable,1,3891,41,384,33,41,0.640625
2,comt,rabvs_budgeted_reliable,2,3891,41,512,0,41,0.5859375
2,comt,rabvs_budgeted_reliable,3,3891,41,640,0,41,0.53125
2,comt,rabvs_budgeted_reliable,4,3891,41,768,0,41,0.5091145833333334
2,comt,rabvs_budgeted_reliable,5,3891,41,896,0,41,0.49107142857142855
2,comt,rabvs_budgeted_reliable,6,3891,41,1024,0,41,0.4619140625
2,comt,rabvs_budgeted_reliable_no_density,1,3891,41,384,33,41,0.640625
2,comt,rabvs_budgeted_reliable_no_density,2,3891,41,512,0,41,0.5859375
2,comt,rabvs_budgeted_reliable_no_density,3,3891,41,640,0,41,0.53125
2,comt,rabvs_budgeted_reliable_no_density,4,3891,41,768,0,41,0.5091145833333334
2,comt,rabvs_budgeted_reliable_no_density,5,3891,41,896,0,41,0.49107142857142855
2,comt,rabvs_budgeted_reliable_no_density,6,3891,41,1024,0,41,0.4619140625
2,comt,rabvs_hit,1,3891,41,384,33,41,0.4557291666666667
2,comt,rabvs_hit,2,3891,41,512,0,41,0.35546875
2,comt,rabvs_hit,3,3891,41,640,0,41,0.29375
2,comt,rabvs_hit,4,3891,41,768,0,41,0.2708333333333333
2,comt,rabvs_hit,5,3891,41,896,0,41,0.25558035714285715
2,comt,rabvs_hit,6,3891,41,1024,0,41,0.2724609375
2,comt,rabvs_reliable,1,3891,41,384,33,41,0.4557291666666667
2,comt,rabvs_reliable,2,3891,41,512,0,41,0.35546875
2,comt,rabvs_reliable,3,3891,41,640,0,41,0.29375
2,comt,rabvs_reliable,4,3891,41,768,0,41,0.2708333333333333
2,comt,rabvs_reliable,5,3891,41,896,0,41,0.25558035714285715
2,comt,rabvs_reliable,6,3891,41,1024,0,41,0.2724609375
0,cp2c9,greedy_surrogate,1,7570,120,384,42,50,0.4375
0,cp2c9,greedy_surrogate,2,7570,120,512,24,74,0.451171875
0,cp2c9,greedy_surrogate,3,7570,120,640,9,83,0.453125
0,cp2c9,greedy_surrogate,4,7570,120,768,6,89,0.4752604166666667
0,cp2c9,greedy_surrogate,5,7570,120,896,5,94,0.46986607142857145
0,cp2c9,greedy_surrogate,6,7570,120,1024,5,99,0.47265625
0,cp2c9,boba_ucb,1,7570,120,384,40,48,0.4427083333333333
0,cp2c9,boba_ucb,2,7570,120,512,4,52,0.439453125
0,cp2c9,boba_ucb,3,7570,120,640,2,54,0.459375
0,cp2c9,boba_ucb,4,7570,120,768,16,70,0.4453125
0,cp2c9,boba_ucb,5,7570,120,896,0,70,0.453125
0,cp2c9,boba_ucb,6,7570,120,1024,4,74,0.4560546875
0,cp2c9,rabvs_budgeted_reliable,1,7570,120,384,40,48,0.4427083333333333
0,cp2c9,rabvs_budgeted_reliable,2,7570,120,512,4,52,0.439453125
0,cp2c9,rabvs_budgeted_reliable,3,7570,120,640,2,54,0.459375
0,cp2c9,rabvs_budgeted_reliable,4,7570,120,768,16,70,0.4453125
0,cp2c9,rabvs_budgeted_reliable,5,7570,120,896,0,70,0.453125
0,cp2c9,rabvs_budgeted_reliable,6,7570,120,1024,4,74,0.4560546875
0,cp2c9,rabvs_budgeted_reliable_no_density,1,7570,120,384,40,48,0.4427083333333333
0,cp2c9,rabvs_budgeted_reliable_no_density,2,7570,120,512,4,52,0.439453125
0,cp2c9,rabvs_budgeted_reliable_no_density,3,7570,120,640,2,54,0.459375
0,cp2c9,rabvs_budgeted_reliable_no_density,4,7570,120,768,16,70,0.4453125
0,cp2c9,rabvs_budgeted_reliable_no_density,5,7570,120,896,0,70,0.453125
0,cp2c9,rabvs_budgeted_reliable_no_density,6,7570,120,1024,4,74,0.4560546875
0,cp2c9,rabvs_hit,1,7570,120,384,39,47,0.4192708333333333
0,cp2c9,rabvs_hit,2,7570,120,512,5,52,0.4140625
0,cp2c9,rabvs_hit,3,7570,120,640,9,61,0.425
0,cp2c9,rabvs_hit,4,7570,120,768,11,72,0.4036458333333333
0,cp2c9,rabvs_hit,5,7570,120,896,0,72,0.38058035714285715
0,cp2c9,rabvs_hit,6,7570,120,1024,3,75,0.38671875
0,cp2c9,rabvs_reliable,1,7570,120,384,39,47,0.4192708333333333
0,cp2c9,rabvs_reliable,2,7570,120,512,5,52,0.4140625
0,cp2c9,rabvs_reliable,3,7570,120,640,9,61,0.425
0,cp2c9,rabvs_reliable,4,7570,120,768,11,72,0.4036458333333333
0,cp2c9,rabvs_reliable,5,7570,120,896,0,72,0.38058035714285715
0,cp2c9,rabvs_reliable,6,7570,120,1024,3,75,0.38671875
1,cp2c9,greedy_surrogate,1,7570,120,384,38,46,0.4453125
1,cp2c9,greedy_surrogate,2,7570,120,512,24,70,0.44140625
1,cp2c9,greedy_surrogate,3,7570,120,640,13,83,0.4796875
1,cp2c9,greedy_surrogate,4,7570,120,768,6,89,0.5026041666666666
1,cp2c9,greedy_surrogate,5,7570,120,896,2,91,0.49441964285714285
1,cp2c9,greedy_surrogate,6,7570,120,1024,2,93,0.478515625
1,cp2c9,boba_ucb,1,7570,120,384,28,36,0.4296875
1,cp2c9,boba_ucb,2,7570,120,512,12,48,0.431640625
1,cp2c9,boba_ucb,3,7570,120,640,11,59,0.4421875
1,cp2c9,boba_ucb,4,7570,120,768,3,62,0.4348958333333333
1,cp2c9,boba_ucb,5,7570,120,896,4,66,0.43861607142857145
1,cp2c9,boba_ucb,6,7570,120,1024,0,66,0.4560546875
1,cp2c9,rabvs_budgeted_reliable,1,7570,120,384,28,36,0.4296875
1,cp2c9,rabvs_budgeted_reliable,2,7570,120,512,12,48,0.431640625
1,cp2c9,rabvs_budgeted_reliable,3,7570,120,640,11,59,0.4421875
1,cp2c9,rabvs_budgeted_reliable,4,7570,120,768,3,62,0.4348958333333333
1,cp2c9,rabvs_budgeted_reliable,5,7570,120,896,4,66,0.43861607142857145
1,cp2c9,rabvs_budgeted_reliable,6,7570,120,1024,0,66,0.4560546875
1,cp2c9,rabvs_budgeted_reliable_no_density,1,7570,120,384,28,36,0.4296875
1,cp2c9,rabvs_budgeted_reliable_no_density,2,7570,120,512,12,48,0.431640625
1,cp2c9,rabvs_budgeted_reliable_no_density,3,7570,120,640,11,59,0.4421875
1,cp2c9,rabvs_budgeted_reliable_no_density,4,7570,120,768,3,62,0.4348958333333333
1,cp2c9,rabvs_budgeted_reliable_no_density,5,7570,120,896,4,66,0.43861607142857145
1,cp2c9,rabvs_budgeted_reliable_no_density,6,7570,120,1024,0,66,0.4560546875
1,cp2c9,rabvs_hit,1,7570,120,384,30,38,0.3671875
1,cp2c9,rabvs_hit,2,7570,120,512,11,49,0.380859375
1,cp2c9,rabvs_hit,3,7570,120,640,5,54,0.334375
1,cp2c9,rabvs_hit,4,7570,120,768,7,61,0.3463541666666667
1,cp2c9,rabvs_hit,5,7570,120,896,0,61,0.3203125
1,cp2c9,rabvs_hit,6,7570,120,1024,0,61,0.3173828125
1,cp2c9,rabvs_reliable,1,7570,120,384,30,38,0.3671875
1,cp2c9,rabvs_reliable,2,7570,120,512,11,49,0.380859375
1,cp2c9,rabvs_reliable,3,7570,120,640,5,54,0.334375
1,cp2c9,rabvs_reliable,4,7570,120,768,7,61,0.3463541666666667
1,cp2c9,rabvs_reliable,5,7570,120,896,0,61,0.3203125
1,cp2c9,rabvs_reliable,6,7570,120,1024,0,61,0.3173828125
2,cp2c9,greedy_surrogate,1,7570,120,384,34,42,0.4114583333333333
2,cp2c9,greedy_surrogate,2,7570,120,512,30,72,0.392578125
2,cp2c9,greedy_surrogate,3,7570,120,640,9,81,0.409375
2,cp2c9,greedy_surrogate,4,7570,120,768,5,86,0.3984375
2,cp2c9,greedy_surrogate,5,7570,120,896,7,93,0.4017857142857143
2,cp2c9,greedy_surrogate,6,7570,120,1024,1,94,0.3974609375
2,cp2c9,boba_ucb,1,7570,120,384,33,41,0.4322916666666667
2,cp2c9,boba_ucb,2,7570,120,512,23,64,0.43359375
2,cp2c9,boba_ucb,3,7570,120,640,4,68,0.446875
2,cp2c9,boba_ucb,4,7570,120,768,4,72,0.4296875
2,cp2c9,boba_ucb,5,7570,120,896,2,74,0.44642857142857145
2,cp2c9,boba_ucb,6,7570,120,1024,0,74,0.4453125
2,cp2c9,rabvs_budgeted_reliable,1,7570,120,384,33,41,0.4322916666666667
2,cp2c9,rabvs_budgeted_reliable,2,7570,120,512,23,64,0.43359375
2,cp2c9,rabvs_budgeted_reliable,3,7570,120,640,4,68,0.446875
2,cp2c9,rabvs_budgeted_reliable,4,7570,120,768,4,72,0.4296875
2,cp2c9,rabvs_budgeted_reliable,5,7570,120,896,2,74,0.44642857142857145
2,cp2c9,rabvs_budgeted_reliable,6,7570,120,1024,0,74,0.4453125
2,cp2c9,rabvs_budgeted_reliable_no_density,1,7570,120,384,33,41,0.4322916666666667
2,cp2c9,rabvs_budgeted_reliable_no_density,2,7570,120,512,23,64,0.43359375
2,cp2c9,rabvs_budgeted_reliable_no_density,3,7570,120,640,4,68,0.446875
2,cp2c9,rabvs_budgeted_reliable_no_density,4,7570,120,768,4,72,0.4296875
2,cp2c9,rabvs_budgeted_reliable_no_density,5,7570,120,896,2,74,0.44642857142857145
2,cp2c9,rabvs_budgeted_reliable_no_density,6,7570,120,1024,0,74,0.4453125
2,cp2c9,rabvs_hit,1,7570,120,384,39,47,0.390625
2,cp2c9,rabvs_hit,2,7570,120,512,14,61,0.384765625
2,cp2c9,rabvs_hit,3,7570,120,640,5,66,0.403125
2,cp2c9,rabvs_hit,4,7570,120,768,5,71,0.3802083333333333
2,cp2c9,rabvs_hit,5,7570,120,896,0,71,0.3705357142857143
2,cp2c9,rabvs_hit,6,7570,120,1024,2,73,0.3427734375
2,cp2c9,rabvs_reliable,1,7570,120,384,39,47,0.390625
2,cp2c9,rabvs_reliable,2,7570,120,512,14,61,0.384765625
2,cp2c9,rabvs_reliable,3,7570,120,640,5,66,0.403125
2,cp2c9,rabvs_reliable,4,7570,120,768,5,71,0.3802083333333333
2,cp2c9,rabvs_reliable,5,7570,120,896,0,71,0.3705357142857143
2,cp2c9,rabvs_reliable,6,7570,120,1024,2,73,0.3427734375
0,cp3a4,greedy_surrogate,1,11970,170,384,39,47,0.3697916666666667
0,cp3a4,greedy_surrogate,2,11970,170,512,23,70,0.333984375
0,cp3a4,greedy_surrogate,3,11970,170,640,24,94,0.33125
0,cp3a4,greedy_surrogate,4,11970,170,768,21,115,0.3489583333333333
0,cp3a4,greedy_surrogate,5,11970,170,896,9,124,0.35379464285714285
0,cp3a4,greedy_surrogate,6,11970,170,1024,4,128,0.35546875
0,cp3a4,boba_ucb,1,11970,170,384,27,35,0.4036458333333333
0,cp3a4,boba_ucb,2,11970,170,512,28,63,0.353515625
0,cp3a4,boba_ucb,3,11970,170,640,7,70,0.3453125
0,cp3a4,boba_ucb,4,11970,170,768,5,75,0.3528645833333333
0,cp3a4,boba_ucb,5,11970,170,896,1,76,0.38058035714285715
0,cp3a4,boba_ucb,6,11970,170,1024,2,78,0.3984375
0,cp3a4,rabvs_budgeted_reliable,1,11970,170,384,27,35,0.4036458333333333
0,cp3a4,rabvs_budgeted_reliable,2,11970,170,512,28,63,0.353515625
0,cp3a4,rabvs_budgeted_reliable,3,11970,170,640,7,70,0.3453125
0,cp3a4,rabvs_budgeted_reliable,4,11970,170,768,5,75,0.3528645833333333
0,cp3a4,rabvs_budgeted_reliable,5,11970,170,896,1,76,0.38058035714285715
0,cp3a4,rabvs_budgeted_reliable,6,11970,170,1024,2,78,0.3984375
0,cp3a4,rabvs_budgeted_reliable_no_density,1,11970,170,384,27,35,0.4036458333333333
0,cp3a4,rabvs_budgeted_reliable_no_density,2,11970,170,512,28,63,0.353515625
0,cp3a4,rabvs_budgeted_reliable_no_density,3,11970,170,640,7,70,0.3453125
0,cp3a4,rabvs_budgeted_reliable_no_density,4,11970,170,768,5,75,0.3528645833333333
0,cp3a4,rabvs_budgeted_reliable_no_density,5,11970,170,896,1,76,0.38058035714285715
0,cp3a4,rabvs_budgeted_reliable_no_density,6,11970,170,1024,2,78,0.3984375
0,cp3a4,rabvs_hit,1,11970,170,384,25,33,0.3828125
0,cp3a4,rabvs_hit,2,11970,170,512,28,61,0.333984375
0,cp3a4,rabvs_hit,3,11970,170,640,5,66,0.3421875
0,cp3a4,rabvs_hit,4,11970,170,768,9,75,0.3502604166666667
0,cp3a4,rabvs_hit,5,11970,170,896,1,76,0.34263392857142855
0,cp3a4,rabvs_hit,6,11970,170,1024,6,82,0.3193359375
0,cp3a4,rabvs_reliable,1,11970,170,384,25,33,0.3828125
0,cp3a4,rabvs_reliable,2,11970,170,512,28,61,0.333984375
0,cp3a4,rabvs_reliable,3,11970,170,640,5,66,0.3421875
0,cp3a4,rabvs_reliable,4,11970,170,768,9,75,0.3502604166666667
0,cp3a4,rabvs_reliable,5,11970,170,896,1,76,0.34263392857142855
0,cp3a4,rabvs_reliable,6,11970,170,1024,6,82,0.3193359375
1,cp3a4,greedy_surrogate,1,11970,170,384,26,34,0.375
1,cp3a4,greedy_surrogate,2,11970,170,512,22,56,0.384765625
1,cp3a4,greedy_surrogate,3,11970,170,640,33,89,0.3828125
1,cp3a4,greedy_surrogate,4,11970,170,768,11,100,0.3697916666666667
1,cp3a4,greedy_surrogate,5,11970,170,896,7,107,0.36495535714285715
1,cp3a4,greedy_surrogate,6,11970,170,1024,15,122,0.3720703125
1,cp3a4,boba_ucb,1,11970,170,384,20,28,0.4036458333333333
1,cp3a4,boba_ucb,2,11970,170,512,19,47,0.392578125
1,cp3a4,boba_ucb,3,11970,170,640,11,58,0.3671875
1,cp3a4,boba_ucb,4,11970,170,768,7,65,0.38671875
1,cp3a4,boba_ucb,5,11970,170,896,12,77,0.38058035714285715
1,cp3a4,boba_ucb,6,11970,170,1024,2,79,0.3837890625
1,cp3a4,rabvs_budgeted_reliable,1,11970,170,384,20,28,0.4036458333333333
1,cp3a4,rabvs_budgeted_reliable,2,11970,170,512,19,47,0.392578125
1,cp3a4,rabvs_budgeted_reliable,3,11970,170,640,11,58,0.3671875
1,cp3a4,rabvs_budgeted_reliable,4,11970,170,768,7,65,0.38671875
1,cp3a4,rabvs_budgeted_reliable,5,11970,170,896,12,77,0.38058035714285715
1,cp3a4,rabvs_budgeted_reliable,6,11970,170,1024,2,79,0.3837890625
1,cp3a4,rabvs_budgeted_reliable_no_density,1,11970,170,384,20,28,0.4036458333333333
1,cp3a4,rabvs_budgeted_reliable_no_density,2,11970,170,512,19,47,0.392578125
1,cp3a4,rabvs_budgeted_reliable_no_density,3,11970,170,640,11,58,0.3671875
1,cp3a4,rabvs_budgeted_reliable_no_density,4,11970,170,768,7,65,0.38671875
1,cp3a4,rabvs_budgeted_reliable_no_density,5,11970,170,896,12,77,0.38058035714285715
1,cp3a4,rabvs_budgeted_reliable_no_density,6,11970,170,1024,2,79,0.3837890625
1,cp3a4,rabvs_hit,1,11970,170,384,15,23,0.3932291666666667
1,cp3a4,rabvs_hit,2,11970,170,512,25,48,0.39453125
1,cp3a4,rabvs_hit,3,11970,170,640,5,53,0.415625
1,cp3a4,rabvs_hit,4,11970,170,768,12,65,0.4049479166666667
1,cp3a4,rabvs_hit,5,11970,170,896,10,75,0.40401785714285715
1,cp3a4,rabvs_hit,6,11970,170,1024,3,78,0.3896484375
1,cp3a4,rabvs_reliable,1,11970,170,384,15,23,0.3932291666666667
1,cp3a4,rabvs_reliable,2,11970,170,512,25,48,0.39453125
1,cp3a4,rabvs_reliable,3,11970,170,640,5,53,0.415625
1,cp3a4,rabvs_reliable,4,11970,170,768,12,65,0.4049479166666667
1,cp3a4,rabvs_reliable,5,11970,170,896,10,75,0.40401785714285715
1,cp3a4,rabvs_reliable,6,11970,170,1024,3,78,0.3896484375
2,cp3a4,greedy_surrogate,1,11970,170,384,39,47,0.3854166666666667
2,cp3a4,greedy_surrogate,2,11970,170,512,25,72,0.388671875
2,cp3a4,greedy_surrogate,3,11970,170,640,24,96,0.3640625
2,cp3a4,greedy_surrogate,4,11970,170,768,19,115,0.3671875
2,cp3a4,greedy_surrogate,5,11970,170,896,5,120,0.3705357142857143
2,cp3a4,greedy_surrogate,6,11970,170,1024,2,122,0.3759765625
2,cp3a4,boba_ucb,1,11970,170,384,16,24,0.4270833333333333
2,cp3a4,boba_ucb,2,11970,170,512,23,47,0.396484375
2,cp3a4,boba_ucb,3,11970,170,640,17,64,0.4078125
2,cp3a4,boba_ucb,4,11970,170,768,2,66,0.40234375
2,cp3a4,boba_ucb,5,11970,170,896,8,74,0.3939732142857143
2,cp3a4,boba_ucb,6,11970,170,1024,14,88,0.3876953125
2,cp3a4,rabvs_budgeted_reliable,1,11970,170,384,16,24,0.4270833333333333
2,cp3a4,rabvs_budgeted_reliable,2,11970,170,512,23,47,0.396484375
2,cp3a4,rabvs_budgeted_reliable,3,11970,170,640,17,64,0.4078125
2,cp3a4,rabvs_budgeted_reliable,4,11970,170,768,2,66,0.40234375
2,cp3a4,rabvs_budgeted_reliable,5,11970,170,896,8,74,0.3939732142857143
2,cp3a4,rabvs_budgeted_reliable,6,11970,170,1024,14,88,0.3876953125
2,cp3a4,rabvs_budgeted_reliable_no_density,1,11970,170,384,16,24,0.4270833333333333
2,cp3a4,rabvs_budgeted_reliable_no_density,2,11970,170,512,23,47,0.396484375
2,cp3a4,rabvs_budgeted_reliable_no_density,3,11970,170,640,17,64,0.4078125
2,cp3a4,rabvs_budgeted_reliable_no_density,4,11970,170,768,2,66,0.40234375
2,cp3a4,rabvs_budgeted_reliable_no_density,5,11970,170,896,8,74,0.3939732142857143
2,cp3a4,rabvs_budgeted_reliable_no_density,6,11970,170,1024,14,88,0.3876953125
2,cp3a4,rabvs_hit,1,11970,170,384,23,31,0.3802083333333333
2,cp3a4,rabvs_hit,2,11970,170,512,16,47,0.365234375
2,cp3a4,rabvs_hit,3,11970,170,640,6,53,0.384375
2,cp3a4,rabvs_hit,4,11970,170,768,22,75,0.3580729166666667
2,cp3a4,rabvs_hit,5,11970,170,896,15,90,0.34933035714285715
2,cp3a4,rabvs_hit,6,11970,170,1024,1,91,0.3466796875
2,cp3a4,rabvs_reliable,1,11970,170,384,23,31,0.3802083333333333
2,cp3a4,rabvs_reliable,2,11970,170,512,16,47,0.365234375
2,cp3a4,rabvs_reliable,3,11970,170,640,6,53,0.384375
2,cp3a4,rabvs_reliable,4,11970,170,768,22,75,0.3580729166666667
2,cp3a4,rabvs_reliable,5,11970,170,896,15,90,0.34933035714285715
2,cp3a4,rabvs_reliable,6,11970,170,1024,1,91,0.3466796875
0,csf1r,greedy_surrogate,1,12315,166,384,111,119,0.4140625
0,csf1r,greedy_surrogate,2,12315,166,512,25,144,0.384765625
0,csf1r,greedy_surrogate,3,12315,166,640,5,149,0.396875
0,csf1r,greedy_surrogate,4,12315,166,768,4,153,0.3997395833333333
0,csf1r,greedy_surrogate,5,12315,166,896,3,156,0.4029017857142857
0,csf1r,greedy_surrogate,6,12315,166,1024,3,159,0.4072265625
0,csf1r,boba_ucb,1,12315,166,384,106,114,0.4036458333333333
0,csf1r,boba_ucb,2,12315,166,512,8,122,0.384765625
0,csf1r,boba_ucb,3,12315,166,640,6,128,0.4296875
0,csf1r,boba_ucb,4,12315,166,768,0,128,0.3997395833333333
0,csf1r,boba_ucb,5,12315,166,896,0,128,0.4330357142857143
0,csf1r,boba_ucb,6,12315,166,1024,1,129,0.4169921875
0,csf1r,rabvs_budgeted_reliable,1,12315,166,384,106,114,0.4036458333333333
0,csf1r,rabvs_budgeted_reliable,2,12315,166,512,8,122,0.384765625
0,csf1r,rabvs_budgeted_reliable,3,12315,166,640,6,128,0.4296875
0,csf1r,rabvs_budgeted_reliable,4,12315,166,768,0,128,0.3997395833333333
0,csf1r,rabvs_budgeted_reliable,5,12315,166,896,0,128,0.4330357142857143
0,csf1r,rabvs_budgeted_reliable,6,12315,166,1024,1,129,0.4169921875
0,csf1r,rabvs_budgeted_reliable_no_density,1,12315,166,384,106,114,0.4036458333333333
0,csf1r,rabvs_budgeted_reliable_no_density,2,12315,166,512,8,122,0.384765625
0,csf1r,rabvs_budgeted_reliable_no_density,3,12315,166,640,6,128,0.4296875
0,csf1r,rabvs_budgeted_reliable_no_density,4,12315,166,768,0,128,0.3997395833333333
0,csf1r,rabvs_budgeted_reliable_no_density,5,12315,166,896,0,128,0.4330357142857143
0,csf1r,rabvs_budgeted_reliable_no_density,6,12315,166,1024,1,129,0.4169921875
0,csf1r,rabvs_hit,1,12315,166,384,84,92,0.3541666666666667
0,csf1r,rabvs_hit,2,12315,166,512,4,96,0.349609375
0,csf1r,rabvs_hit,3,12315,166,640,6,102,0.3484375
0,csf1r,rabvs_hit,4,12315,166,768,0,102,0.3020833333333333
0,csf1r,rabvs_hit,5,12315,166,896,0,102,0.27232142857142855
0,csf1r,rabvs_hit,6,12315,166,1024,0,102,0.2470703125
0,csf1r,rabvs_reliable,1,12315,166,384,84,92,0.3541666666666667
0,csf1r,rabvs_reliable,2,12315,166,512,4,96,0.349609375
0,csf1r,rabvs_reliable,3,12315,166,640,6,102,0.3484375
0,csf1r,rabvs_reliable,4,12315,166,768,0,102,0.3020833333333333
0,csf1r,rabvs_reliable,5,12315,166,896,0,102,0.27232142857142855
0,csf1r,rabvs_reliable,6,12315,166,1024,0,102,0.2470703125
1,csf1r,greedy_surrogate,1,12315,166,384,87,95,0.4114583333333333
1,csf1r,greedy_surrogate,2,12315,166,512,50,145,0.3828125
1,csf1r,greedy_surrogate,3,12315,166,640,11,156,0.3609375
1,csf1r,greedy_surrogate,4,12315,166,768,2,158,0.3697916666666667
1,csf1r,greedy_surrogate,5,12315,166,896,0,158,0.38504464285714285
1,csf1r,greedy_surrogate,6,12315,166,1024,0,158,0.3916015625
1,csf1r,boba_ucb,1,12315,166,384,96,104,0.4192708333333333
1,csf1r,boba_ucb,2,12315,166,512,12,116,0.41796875
1,csf1r,boba_ucb,3,12315,166,640,2,118,0.4421875
1,csf1r,boba_ucb,4,12315,166,768,1,119,0.4244791666666667
1,csf1r,boba_ucb,5,12315,166,896,0,119,0.4263392857142857
1,csf1r,boba_ucb,6,12315,166,1024,7,126,0.451171875
1,csf1r,rabvs_budgeted_reliable,1,12315,166,384,96,104,0.4192708333333333
1,csf1r,rabvs_budgeted_reliable,2,12315,166,512,12,116,0.41796875
1,csf1r,rabvs_budgeted_reliable,3,12315,166,640,2,118,0.4421875
1,csf1r,rabvs_budgeted_reliable,4,12315,166,768,1,119,0.4244791666666667
1,csf1r,rabvs_budgeted_reliable,5,12315,166,896,0,119,0.4263392857142857
1,csf1r,rabvs_budgeted_reliable,6,12315,166,1024,7,126,0.451171875
1,csf1r,rabvs_budgeted_reliable_no_density,1,12315,166,384,96,104,0.4192708333333333
1,csf1r,rabvs_budgeted_reliable_no_density,2,12315,166,512,12,116,0.41796875
1,csf1r,rabvs_budgeted_reliable_no_density,3,12315,166,640,2,118,0.4421875
1,csf1r,rabvs_budgeted_reliable_no_density,4,12315,166,768,1,119,0.4244791666666667
1,csf1r,rabvs_budgeted_reliable_no_density,5,12315,166,896,0,119,0.4263392857142857
1,csf1r,rabvs_budgeted_reliable_no_density,6,12315,166,1024,7,126,0.451171875
1,csf1r,rabvs_hit,1,12315,166,384,56,64,0.3932291666666667
1,csf1r,rabvs_hit,2,12315,166,512,10,74,0.375
1,csf1r,rabvs_hit,3,12315,166,640,3,77,0.34375
1,csf1r,rabvs_hit,4,12315,166,768,1,78,0.34375
1,csf1r,rabvs_hit,5,12315,166,896,0,78,0.30245535714285715
1,csf1r,rabvs_hit,6,12315,166,1024,7,85,0.275390625
1,csf1r,rabvs_reliable,1,12315,166,384,56,64,0.3932291666666667
1,csf1r,rabvs_reliable,2,12315,166,512,10,74,0.375
1,csf1r,rabvs_reliable,3,12315,166,640,3,77,0.34375
1,csf1r,rabvs_reliable,4,12315,166,768,1,78,0.34375
1,csf1r,rabvs_reliable,5,12315,166,896,0,78,0.30245535714285715
1,csf1r,rabvs_reliable,6,12315,166,1024,7,85,0.275390625
2,csf1r,greedy_surrogate,1,12315,166,384,103,111,0.4036458333333333
2,csf1r,greedy_surrogate,2,12315,166,512,28,139,0.380859375
2,csf1r,greedy_surrogate,3,12315,166,640,10,149,0.3703125
2,csf1r,greedy_surrogate,4,12315,166,768,2,151,0.3893229166666667
2,csf1r,greedy_surrogate,5,12315,166,896,1,152,0.40625
2,csf1r,greedy_surrogate,6,12315,166,1024,2,154,0.4189453125
2,csf1r,boba_ucb,1,12315,166,384,79,87,0.4375
2,csf1r,boba_ucb,2,12315,166,512,44,131,0.392578125
2,csf1r,boba_ucb,3,12315,166,640,3,134,0.371875
2,csf1r,boba_ucb,4,12315,166,768,1,135,0.3841145833333333
2,csf1r,boba_ucb,5,12315,166,896,2,137,0.36941964285714285
2,csf1r,boba_ucb,6,12315,166,1024,0,137,0.37890625
2,csf1r,rabvs_budgeted_reliable,1,12315,166,384,79,87,0.4375
2,csf1r,rabvs_budgeted_reliable,2,12315,166,512,44,131,0.392578125
2,csf1r,rabvs_budgeted_reliable,3,12315,166,640,3,134,0.371875
2,csf1r,rabvs_budgeted_reliable,4,12315,166,768,1,135,0.3841145833333333
2,csf1r,rabvs_budgeted_reliable,5,12315,166,896,2,137,0.36941964285714285
2,csf1r,rabvs_budgeted_reliable,6,12315,166,1024,0,137,0.37890625
2,csf1r,rabvs_budgeted_reliable_no_density,1,12315,166,384,79,87,0.4375
2,csf1r,rabvs_budgeted_reliable_no_density,2,12315,166,512,44,131,0.392578125
2,csf1r,rabvs_budgeted_reliable_no_density,3,12315,166,640,3,134,0.371875
2,csf1r,rabvs_budgeted_reliable_no_density,4,12315,166,768,1,135,0.3841145833333333
2,csf1r,rabvs_budgeted_reliable_no_density,5,12315,166,896,2,137,0.36941964285714285
2,csf1r,rabvs_budgeted_reliable_no_density,6,12315,166,1024,0,137,0.37890625
2,csf1r,rabvs_hit,1,12315,166,384,69,77,0.3958333333333333
2,csf1r,rabvs_hit,2,12315,166,512,15,92,0.36328125
2,csf1r,rabvs_hit,3,12315,166,640,8,100,0.3234375
2,csf1r,rabvs_hit,4,12315,166,768,1,101,0.2916666666666667
2,csf1r,rabvs_hit,5,12315,166,896,2,103,0.25892857142857145
2,csf1r,rabvs_hit,6,12315,166,1024,0,103,0.2314453125
2,csf1r,rabvs_reliable,1,12315,166,384,69,77,0.3958333333333333
2,csf1r,rabvs_reliable,2,12315,166,512,15,92,0.36328125
2,csf1r,rabvs_reliable,3,12315,166,640,8,100,0.3234375
2,csf1r,rabvs_reliable,4,12315,166,768,1,101,0.2916666666666667
2,csf1r,rabvs_reliable,5,12315,166,896,2,103,0.25892857142857145
2,csf1r,rabvs_reliable,6,12315,166,1024,0,103,0.2314453125
