seed,target,method,pool_size,active_count,active_ratio_pool,queried_total,queried_hits,AUBC,ECE,Brier,NLL,EF_0.1pct,EF_1pct,neural_inferences,inference_saved_ratio,hits_per_1000_inferences,mean_pairwise_cosine_distance_at1000,PAINS_Brenk_free_ratio_at1000,unseen_initial_scaffold_hit_rate_at1000,high_score_high_unc_hit_rate,high_score_low_unc_hit_rate,false_confidence_gap,calib_train_size,calib_calibration_size,calib_test_size,calib_train_positive_count,calib_calibration_positive_count,conformal_residual_q90,conformal_coverage90,risk_coverage_auc,calib_ECE_test,calib_Brier_test,calib_NLL_test,Hit@100,Recall@100,unique_scaffold_count@100,Hit@500,Recall@500,unique_scaffold_count@500,Hit@1000,Recall@1000,unique_scaffold_count@1000
1,aa2ar,boba_ucb,32032,482,0.015047452547452548,2560,408,0.7306985294117647,0.45474202344775516,0.22151026592092482,0.6405974352431527,66.4564315352697,66.4564315352697,4096,0.984015984015984,115.72265625,0.5605071187019348,0.6699999999999999,0.47708333333333336,0.04868913857677903,0.2515605493133583,0.20287141073657927,2048,512,29472,326,82,0.7486379163851046,0.991313789359392,0.4778070569144286,0.4656648291860902,0.22758144008962544,0.6524541840024034,100,0.2074688796680498,100,441,0.9149377593360996,498,474,0.983402489626556,961
1,aa2ar,rabvs_budgeted_no_ucb,32032,482,0.015047452547452548,2560,474,0.7960179324894515,0.4539976799742654,0.2189740099579398,0.6364333708707213,66.4564315352697,66.4564315352697,4096,0.984015984015984,116.69921875,0.5696125030517578,0.768,0.47433264887063653,0.04681647940074907,0.25280898876404495,0.20599250936329588,2048,512,29472,379,95,0.8820057122828234,0.9999321389793703,0.4908125301844069,0.4598012147357523,0.21896575455351555,0.6289587594642727,100,0.2074688796680498,100,418,0.8672199170124482,500,478,0.991701244813278,979
2,aa2ar,boba_ucb,32032,482,0.015047452547452548,2560,415,0.7064759036144578,0.4543677477132701,0.22226090984109675,0.6459464476129557,66.4564315352697,66.4564315352697,4096,0.984015984015984,114.74609375,0.5598235130310059,0.679,0.46755921730175076,0.05181023720349563,0.2484394506866417,0.19662921348314605,2048,512,29472,332,83,0.7235780345936697,0.9873778501628665,0.480727080053619,0.46585512414405755,0.22773561648566645,0.652834600099035,100,0.2074688796680498,100,448,0.9294605809128631,500,470,0.975103734439834,957
2,aa2ar,rabvs_budgeted_no_ucb,32032,482,0.015047452547452548,2560,472,0.7993908898305084,0.4540923133850865,0.21908952798718284,0.6372932879450993,66.4564315352697,66.4564315352697,4096,0.984015984015984,116.455078125,0.5695388317108154,0.773,0.4694501018329939,0.054307116104868915,0.24531835205992508,0.19101123595505617,2048,512,29472,378,94,0.9237806631608174,0.9999321389793703,0.4895559975400267,0.4591644093003706,0.2183704356641748,0.6277742985856146,100,0.2074688796680498,100,403,0.8360995850622407,500,477,0.9896265560165975,975
1,abl1,boba_ucb,10932,182,0.01664837175265276,2560,162,0.8503086419753086,0.4509141589667129,0.22096850935241272,0.6427659804097967,60.065934065934066,60.065934065934066,3072,0.964873765093304,56.640625,0.6152819991111755,0.5469999999999999,0.1649269311064718,0.0603290676416819,0.2595978062157221,0.1992687385740402,2048,512,8372,130,32,0.6968433284639902,0.985188724319159,0.48333198793095283,0.4700031147428841,0.23286244852259325,0.6618620638206217,100,0.5494505494505495,100,173,0.9505494505494505,481,174,0.9560439560439561,928
1,abl1,rabvs_budgeted_no_ucb,10932,182,0.01664837175265276,2560,176,0.8444602272727273,0.4495350786604118,0.21637574431851322,0.6370768184750921,60.065934065934066,59.51487045065027,3072,0.964873765093304,57.6171875,0.605810284614563,0.829,0.16529774127310062,0.06398537477148081,0.263254113345521,0.1992687385740402,2048,512,8372,141,35,0.7410778308265451,1.0,0.4894585621720512,0.45550682368691686,0.2148865828779503,0.6205178900614664,100,0.5494505494505495,100,176,0.967032967032967,487,177,0.9725274725274725,982
2,abl1,boba_ucb,10932,182,0.01664837175265276,2560,165,0.8147727272727273,0.4511813525458777,0.2210512065390429,0.6412066359954276,60.065934065934066,60.065934065934066,3072,0.964873765093304,57.942708333333336,0.6119900941848755,0.563,0.1716101694915254,0.054844606946983544,0.27056672760511885,0.2157221206581353,2048,512,8372,132,33,0.6939532864193395,0.9902054467271859,0.47639947957772033,0.4723772293811228,0.2341158029947957,0.6619482776821282,100,0.5494505494505495,100,172,0.945054945054945,482,178,0.978021978021978,934
2,abl1,rabvs_budgeted_no_ucb,10932,182,0.01664837175265276,2560,177,0.842867231638418,0.44940857246450266,0.21720479386849667,0.6411899271506757,60.065934065934066,58.96380683536647,3072,0.964873765093304,58.268229166666664,0.6043214201927185,0.804,0.16873706004140787,0.051188299817184646,0.2797074954296161,0.22851919561243145,2048,512,8372,142,35,0.7863221947792515,1.0,0.4778576152503546,0.45342427428425297,0.21330584439835382,0.6171052217972519,100,0.5494505494505495,100,178,0.978021978021978,491,179,0.9835164835164835,988
1,ace,boba_ucb,17182,282,0.016412524735187988,2560,272,0.8731617647058824,0.45253816038440586,0.2188417842221288,0.6277015813979322,60.92907801418439,60.92907801418439,3328,0.9757886159934815,84.13461538461539,0.5542206168174744,0.45399999999999996,0.294250281848929,0.010465116279069767,0.31664726426076834,0.30618214798169857,2048,512,14622,218,54,0.5965367408530731,0.9198468061824647,0.5071980580536725,0.47238742147517565,0.23269013830220076,0.6600868428636494,100,0.3546099290780142,100,280,0.9929078014184397,444,280,0.9929078014184397,774
1,ace,rabvs_budgeted_no_ucb,17182,282,0.016412524735187988,2560,282,0.8674645390070922,0.45246476289471727,0.21576169779802862,0.6197620781126321,60.92907801418439,58.449406234537356,3328,0.9757886159934815,84.73557692307693,0.5539013743400574,0.77,0.2686414708886619,0.017421602787456445,0.3111888111888112,0.29376720840135473,2048,512,14622,226,56,0.6332111219361064,0.9919299685405554,0.505897052503672,0.4630333018456697,0.22130721634906578,0.633755151520104,93,0.32978723404255317,100,282,1.0,494,282,1.0,980
2,ace,boba_ucb,17182,282,0.016412524735187988,2560,275,0.8545454545454545,0.45283478827028756,0.22003487317609602,0.6295299203648287,60.92907801418439,60.92907801418439,3328,0.9757886159934815,84.13461538461539,0.5603097677230835,0.41600000000000004,0.2830601092896175,0.013937282229965157,0.3135198135198135,0.29958253128984835,2048,512,14622,220,55,0.601733367322078,0.9221720694843387,0.497490272909667,0.47346263386411197,0.23413115224844314,0.66233695581313,100,0.3546099290780142,100,280,0.9929078014184397,463,280,0.9929078014184397,825
2,ace,rabvs_budgeted_no_ucb,17182,282,0.016412524735187988,2560,282,0.8692375886524822,0.4525096483072846,0.21604855901851044,0.620504594941771,60.92907801418439,58.80364506020122,3328,0.9757886159934815,84.73557692307693,0.5549111366271973,0.756,0.2674897119341564,0.018604651162790697,0.309662398137369,0.2910577469745783,2048,512,14622,226,56,0.649258774362888,0.9973327862125564,0.5028903970234619,0.46294254714734523,0.2211496401045552,0.6333442717298277,94,0.3333333333333333,100,282,1.0,496,282,1.0,984
1,aces,boba_ucb,26703,453,0.016964386024042242,2560,331,0.7956948640483383,0.45384047486962165,0.22536913740565212,0.651902135111061,58.94701986754967,58.94701986754967,3840,0.9820244916301539,107.03125,0.6076709628105164,0.371,0.41368421052631577,0.09131736526946108,0.23595505617977527,0.1446376909103142,2048,512,24143,265,66,0.6941107832371196,0.975976473511991,0.48452052968580867,0.4659268358793655,0.231508889730528,0.6624084531876617,100,0.22075055187637968,100,387,0.8543046357615894,488,411,0.9072847682119205,907
1,aces,rabvs_budgeted_no_ucb,26703,453,0.016964386024042242,2560,425,0.7898529411764705,0.4526513057305473,0.21984035116411213,0.6379782864730253,58.94701986754967,50.55755636580103,3840,0.9820244916301539,112.76041666666667,0.6083297729492188,0.489,0.43243243243243246,0.07035928143712575,0.2614232209737828,0.19106393953665704,2048,512,24143,340,85,0.8840549561329639,0.9999171602534896,0.49830908363316745,0.4559815368949632,0.21664338958245072,0.6239873470587731,95,0.2097130242825607,100,421,0.9293598233995585,500,433,0.9558498896247241,963
2,aces,boba_ucb,26703,453,0.016964386024042242,2560,358,0.7543645251396648,0.4522580766311651,0.2232317322022318,0.652523603488705,58.94701986754967,58.94701986754967,3840,0.9820244916301539,111.97916666666667,0.5949050188064575,0.357,0.43020833333333336,0.08532934131736528,0.24868913857677902,0.16335979725941374,2048,512,24143,286,72,0.7800783024518851,0.9872012591641469,0.4794812820421672,0.46042211744825506,0.2257257341252346,0.6520788555393242,100,0.22075055187637968,100,403,0.8896247240618101,493,430,0.9492273730684326,942
2,aces,rabvs_budgeted_no_ucb,26703,453,0.016964386024042242,2560,423,0.7934397163120568,0.4526410926177172,0.2199537540648609,0.6391800692932315,58.94701986754967,48.57057816801846,3840,0.9820244916301539,112.5,0.6071838140487671,0.488,0.4310880829015544,0.07260479041916168,0.25767790262172285,0.18507311220256117,2048,512,24143,338,85,0.8864648693172785,0.9999171602534896,0.4940122239362567,0.4570383515805313,0.21752852772057538,0.6257681189468147,94,0.20750551876379691,100,419,0.9249448123620309,500,432,0.9536423841059603,967
1,ada,boba_ucb,5543,93,0.016777918094894463,2560,92,0.875,0.44729793955367003,0.210805485233574,0.6099512975767273,59.6021505376344,59.6021505376344,2781,0.9372857658307776,33.441208198489754,0.6613823771476746,0.526,0.06392045454545454,0.007194244604316547,0.3285198555956679,0.3213256109913513,2048,512,2983,74,18,0.6087055999290731,0.9567549446865572,0.49697910549670027,0.4791522672928406,0.2354196840476728,0.6642992931972255,92,0.989247311827957,50,93,1.0,383,93,1.0,697
1,ada,rabvs_budgeted_no_ucb,5543,93,0.016777918094894463,2560,93,0.8729838709677419,0.4472574353101339,0.21066951440259005,0.609859621188539,59.6021505376344,57.43479960899315,2781,0.9372857658307776,33.441208198489754,0.66886305809021,0.817,0.05447941888619855,0.007194244604316547,0.3285198555956679,0.3213256109913513,2048,512,2983,74,19,0.6233655122544984,0.9859202145491116,0.50156860918384,0.4777682567335983,0.23285653055508615,0.6581665794832964,93,1.0,50,93,1.0,439,93,1.0,847
2,ada,boba_ucb,5543,93,0.016777918094894463,2560,92,0.875,0.4473992747690237,0.211124767986401,0.6102613836484849,59.6021505376344,59.6021505376344,2781,0.9372857658307776,33.441208198489754,0.6629195809364319,0.532,0.06531204644412192,0.01079136690647482,0.3249097472924188,0.314118380385944,2048,512,2983,74,18,0.6184407963482244,0.9611129735165941,0.5039680458093748,0.48246081359757337,0.2385312536244996,0.6700190558547564,92,0.989247311827957,50,93,1.0,353,93,1.0,675
2,ada,rabvs_budgeted_no_ucb,5543,93,0.016777918094894463,2560,93,0.8716397849462365,0.4473636063931872,0.21056468391251476,0.6089140621874674,59.6021505376344,58.51847507331378,2781,0.9372857658307776,33.441208198489754,0.6654343008995056,0.821,0.055487053020961775,0.0035971223021582736,0.33212996389891697,0.3285328415967587,2048,512,2983,74,19,0.61778264269567,0.9825678846798525,0.501796993649614,0.4784577862569028,0.23369600061531867,0.6598492086698609,93,1.0,50,93,1.0,436,93,1.0,839
1,ada17,boba_ucb,36432,532,0.014602547211242864,2560,405,0.8001543209876543,0.4555475293444013,0.2216997475334104,0.6379113252776676,68.4812030075188,68.4812030075188,4352,0.9850680720245938,119.71507352941177,0.5104842185974121,0.22999999999999998,0.5295358649789029,0.03951701427003293,0.2508232711306257,0.21130625686059276,2048,512,33872,324,81,0.6994211435945191,0.9898145961265943,0.4835413388426573,0.46648383556737893,0.22844517782752127,0.6535534116929468,100,0.18796992481203006,100,487,0.9154135338345865,500,521,0.9793233082706767,925
1,ada17,rabvs_budgeted_no_ucb,36432,532,0.014602547211242864,2560,527,0.8041982922201139,0.4547403441432471,0.2183157500732592,0.629370043075972,41.849624060150376,63.025282987688996,4352,0.9850680720245938,122.01286764705883,0.5108489394187927,0.384,0.5267489711934157,0.033479692645444564,0.25850713501646544,0.22502744237102087,2048,512,33872,422,105,0.8368321761206818,0.9998523854511101,0.49359863176403196,0.46274276286734717,0.2211010521392995,0.6334229421886792,71,0.13345864661654136,100,471,0.8853383458646616,500,531,0.9981203007518797,975
2,ada17,boba_ucb,36432,532,0.014602547211242864,2560,396,0.7673611111111112,0.45560589975506066,0.22126480705397855,0.6355464797674447,68.4812030075188,68.4812030075188,4352,0.9850680720245938,121.5533088235294,0.5115368366241455,0.245,0.5367647058823529,0.045554335894621295,0.24643249176728868,0.20087815587266739,2048,512,33872,317,79,0.6615402532450742,0.9815186584789797,0.48358209537375707,0.46629579782930547,0.22791099585396865,0.6511937927068094,100,0.18796992481203006,100,491,0.9229323308270677,500,529,0.9943609022556391,920
2,ada17,rabvs_budgeted_no_ucb,36432,532,0.014602547211242864,2560,528,0.7973484848484849,0.45462316081069365,0.2178081530290242,0.6269624710161728,41.849624060150376,64.34222919937206,4352,0.9850680720245938,122.01286764705883,0.5082175731658936,0.41100000000000003,0.5294117647058824,0.030186608122941824,0.26180021953896815,0.23161361141602632,2048,512,33872,422,106,0.7894859945255709,0.999763816721776,0.49293221172859264,0.4629838208325423,0.2212748547380164,0.6338810505998839,78,0.14661654135338345,100,478,0.8984962406015038,500,531,0.9981203007518797,973
1,adrb1,boba_ucb,16097,247,0.015344474125613468,2560,220,0.8576704545454545,0.4537744466637389,0.2211032281834371,0.6338565963553591,65.17004048582996,65.17004048582996,3328,0.9741566751568616,73.3173076923077,0.6070252060890198,0.48,0.26218097447795824,0.034782608695652174,0.26956521739130435,0.23478260869565218,2048,512,13537,176,44,0.6409973020290107,0.9637290389303391,0.484583088013985,0.4732528326387027,0.23459858847857065,0.6652783892746263,100,0.4048582995951417,100,243,0.9838056680161943,472,244,0.9878542510121457,837
1,adrb1,rabvs_budgeted_no_ucb,16097,247,0.015344474125613468,2560,246,0.845020325203252,0.4531363993161726,0.21802605461353256,0.6299274390382636,65.17004048582996,57.88394900294214,3328,0.9741566751568616,74.21875,0.6122087836265564,0.71,0.23779854620976115,0.034782608695652174,0.2720496894409938,0.2372670807453416,2048,512,13537,197,49,0.7334134031708562,0.9992612838886016,0.4864635472902733,0.46060518517783455,0.21942285336818082,0.6299702799150529,82,0.3319838056680162,100,246,0.9959514170040485,491,247,1.0,974
2,adrb1,boba_ucb,16097,247,0.015344474125613468,2560,225,0.8625,0.45396925748048683,0.22102757845038207,0.6351244820418824,65.17004048582996,65.17004048582996,3328,0.9741566751568616,72.11538461538461,0.6021234393119812,0.45599999999999996,0.2554410080183276,0.03225806451612903,0.26990049751243783,0.2376424329963088,2048,512,13537,180,45,0.615128762258992,0.9395730220876117,0.4985673512843016,0.4738824277253505,0.23517235115969995,0.6660021529584337,100,0.4048582995951417,100,235,0.951417004048583,467,240,0.97165991902834,855
2,adrb1,rabvs_budgeted_no_ucb,16097,247,0.015344474125613468,2560,242,0.8427169421487604,0.4533946320428698,0.21786124770865328,0.6280938175310182,65.17004048582996,61.93177760454649,3328,0.9741566751568616,73.61778846153847,0.6151946783065796,0.729,0.2372528616024974,0.034782608695652174,0.2708074534161491,0.23602484472049692,2048,512,13537,194,48,0.6863874393752152,0.999113540666322,0.49218534013183635,0.4638786461717304,0.22227582380214067,0.63585229334097,92,0.3724696356275304,100,243,0.9838056680161943,492,245,0.9919028340080972,986
1,adrb2,boba_ucb,15231,231,0.015166436872168603,2560,216,0.8674768518518519,0.45420857740385595,0.22179422281336444,0.6373508959777072,65.93506493506494,65.93506493506494,3328,0.9726872825159215,68.20913461538461,0.6094778180122375,0.44699999999999995,0.2409778812572759,0.026246719160104987,0.27296587926509186,0.24671916010498687,2048,512,12671,173,43,0.6558466662642607,0.9734827558992976,0.49279684314626016,0.4760070533297371,0.23714143506662805,0.6696468426134681,100,0.4329004329004329,100,223,0.9653679653679653,445,227,0.9826839826839827,822
1,adrb2,rabvs_budgeted_no_ucb,15231,231,0.015166436872168603,2560,226,0.8531526548672567,0.45415899716480057,0.21914023685771325,0.6303807851473017,65.93506493506494,62.03101503759399,3328,0.9726872825159215,68.81009615384616,0.6193029284477234,0.736,0.21680497925311204,0.03805774278215223,0.2650918635170604,0.22703412073490814,2048,512,12671,181,45,0.7139447294556266,0.999526477783916,0.49724386966167144,0.46524729755782795,0.22420007272383766,0.6395675651403101,91,0.3939393939393939,100,229,0.9913419913419913,485,229,0.9913419913419913,975
2,adrb2,boba_ucb,15231,231,0.015166436872168603,2560,218,0.8334288990825688,0.45445771676818836,0.22192091152100893,0.637355314836961,65.93506493506494,65.93506493506494,3328,0.9726872825159215,67.90865384615384,0.6034151315689087,0.469,0.23690205011389523,0.028871391076115485,0.27034120734908135,0.24146981627296588,2048,512,12671,174,44,0.6460377590843255,0.9755346855023281,0.49582730244909945,0.47538577094941614,0.23601074904196045,0.666106066419165,100,0.4329004329004329,100,225,0.974025974025974,447,226,0.9783549783549783,855
2,adrb2,rabvs_budgeted_no_ucb,15231,231,0.015166436872168603,2560,229,0.8395196506550219,0.4539510375964751,0.2198787427280597,0.6354303773776961,65.93506493506494,58.12696514012303,3328,0.9726872825159215,69.11057692307693,0.6250994205474854,0.7110000000000001,0.22245540398740818,0.04461942257217848,0.2585301837270341,0.21391076115485563,2048,512,12671,183,46,0.6965624378525536,0.9989740351984847,0.494416015488732,0.46519097537150556,0.22410702964828152,0.6393469369604063,82,0.354978354978355,99,230,0.9956709956709957,489,230,0.9956709956709957,977
1,akt1,boba_ucb,16743,293,0.017499850683867887,2560,259,0.8583494208494209,0.4494029033234826,0.21666406031056423,0.6237782612526007,57.143344709897605,57.143344709897605,3328,0.9751537956160784,84.13461538461539,0.612117350101471,0.5860000000000001,0.2762605042016807,0.047619047619047616,0.2958083832335329,0.2481893356144853,2048,512,14183,207,52,0.6429394514436633,0.9743354720439963,0.47803148835562104,0.4696366059075818,0.2307070650487161,0.6550419053466773,100,0.3412969283276451,100,275,0.9385665529010239,486,280,0.9556313993174061,931
1,akt1,rabvs_budgeted_no_ucb,16743,293,0.017499850683867887,2560,281,0.8503113879003559,0.4485602682686597,0.21404018253928836,0.6188605237971375,57.143344709897605,57.143344709897605,3328,0.9751537956160784,84.73557692307693,0.6211393475532532,0.885,0.27170582226762,0.03937947494033413,0.3070489844683393,0.26766950952800517,2048,512,14183,225,56,0.6754304204159016,0.9982373263766481,0.4763353764668218,0.46325228402978663,0.22228846041325206,0.6356436344078452,100,0.3412969283276451,100,281,0.9590443686006825,495,282,0.962457337883959,986
2,akt1,boba_ucb,16743,293,0.017499850683867887,2560,264,0.8354640151515151,0.4488880690464171,0.21639813534512137,0.6244658243446748,57.143344709897605,57.143344709897605,3328,0.9751537956160784,84.43509615384616,0.6103302240371704,0.623,0.28055260361317746,0.0405727923627685,0.3010752688172043,0.2605024764544358,2048,512,14183,211,53,0.632557140235039,0.9691179581188747,0.46519659202992214,0.4671698527748491,0.22897892166055311,0.6532978511379224,100,0.3412969283276451,100,277,0.9453924914675768,484,281,0.9590443686006825,918
2,akt1,rabvs_budgeted_no_ucb,16743,293,0.017499850683867887,2560,281,0.8565391459074733,0.4485374331636961,0.2140749146887819,0.618687247877682,57.143344709897605,57.143344709897605,3328,0.9751537956160784,84.73557692307693,0.6196572184562683,0.9,0.27170582226762,0.0441527446300716,0.3046594982078853,0.2605067535778137,2048,512,14183,225,56,0.6698932159109315,0.9983783402665163,0.47294522426188385,0.46352215483084114,0.2227844113167952,0.6365401615185733,100,0.3412969283276451,100,281,0.9590443686006825,496,282,0.962457337883959,988
1,akt2,boba_ucb,7017,117,0.016673792218896963,2560,116,0.8345905172413793,0.4502061333407861,0.21804615544332231,0.6268082801597099,59.97435897435898,59.97435897435898,2816,0.9498361122987031,41.54829545454545,0.6479493379592896,0.53,0.11703360370799537,0.03418803418803419,0.29914529914529914,0.26495726495726496,2048,512,4457,93,23,0.6496077516543719,0.9755440879515369,0.49748355310890136,0.48383151923060685,0.2431045122165522,0.6797003839273206,100,0.8547008547008547,100,117,1.0,451,117,1.0,818
1,akt2,rabvs_budgeted_no_ucb,7017,117,0.016673792218896963,2560,117,0.8707264957264957,0.4497997580099663,0.2154584836638237,0.6211956250779685,59.97435897435898,59.97435897435898,2816,0.9498361122987031,41.54829545454545,0.6446977257728577,0.808,0.10802139037433155,0.042735042735042736,0.2905982905982906,0.24786324786324787,2048,512,4457,94,23,0.6308142605323898,0.9759928202827014,0.5000182450501183,0.4700256447442282,0.22915342471104666,0.6496276228409527,92,0.7863247863247863,100,117,1.0,491,117,1.0,953
2,akt2,boba_ucb,7017,117,0.016673792218896963,2560,115,0.8652173913043478,0.45010753187211633,0.21786236865895006,0.6271688732386462,59.97435897435898,59.97435897435898,2816,0.9498361122987031,41.54829545454545,0.6486327648162842,0.522,0.11785297549591599,0.03133903133903134,0.301994301994302,0.2706552706552707,2048,512,4457,92,23,0.6145748809444269,0.9409916984518735,0.4944722734054843,0.481188786015496,0.24119811046133346,0.6761309467419166,100,0.8547008547008547,100,117,1.0,443,117,1.0,816
2,akt2,rabvs_budgeted_no_ucb,7017,117,0.016673792218896963,2560,117,0.8680555555555556,0.44957881846812126,0.2155823220547061,0.623243099464792,59.97435897435898,59.97435897435898,2816,0.9498361122987031,41.54829545454545,0.6457194685935974,0.81,0.10779082177161152,0.03133903133903134,0.301994301994302,0.2706552706552707,2048,512,4457,94,23,0.65483395537981,0.991249719542293,0.4922685749006576,0.4684512548046123,0.22730793899161883,0.6460016709673271,88,0.7521367521367521,100,117,1.0,487,117,1.0,953
1,aldr,boba_ucb,9159,159,0.017359973796265967,2560,157,0.82921974522293,0.44685601829576377,0.21471176228594518,0.6319683457146956,57.60377358490566,57.60377358490566,3072,0.9580740255486406,51.7578125,0.6495261788368225,0.41800000000000004,0.16705882352941176,0.03711790393013101,0.31004366812227074,0.27292576419213976,2048,512,6599,126,31,0.6774284365040802,0.9828761933626307,0.4851368428454544,0.46758242978587683,0.22639994482496106,0.6476863604002563,100,0.6289308176100629,100,159,1.0,444,159,1.0,829
1,aldr,rabvs_budgeted_no_ucb,9159,159,0.017359973796265967,2560,159,0.862814465408805,0.4468585122340063,0.2122185300574314,0.6242998847701554,57.60377358490566,45.707342083675144,3072,0.9580740255486406,51.7578125,0.6376121640205383,0.761,0.1488469601677149,0.05021834061135371,0.29694323144104806,0.24672489082969434,2048,512,6599,127,32,0.6986822797208013,0.9996969237763298,0.47947801590033473,0.45646607623219027,0.21371162639775787,0.6188693149067527,81,0.5094339622641509,100,159,1.0,488,159,1.0,979
2,aldr,boba_ucb,9159,159,0.017359973796265967,2560,154,0.8380681818181818,0.44736430214780376,0.2153601660547133,0.631668196451804,57.60377358490566,57.60377358490566,3072,0.9580740255486406,51.7578125,0.6483457088470459,0.42300000000000004,0.1632183908045977,0.05895196506550218,0.28820960698689957,0.2292576419213974,2048,512,6599,123,31,0.6887181626807184,0.9839369601454766,0.48037034247765537,0.4672257854085944,0.2270821089265354,0.6510025028862039,100,0.6289308176100629,100,159,1.0,452,159,1.0,839
2,aldr,rabvs_budgeted_no_ucb,9159,159,0.017359973796265967,2560,159,0.8580974842767296,0.4471749207382075,0.2126244596085857,0.623921928517565,57.60377358490566,47.58572600492207,3072,0.9580740255486406,51.7578125,0.6416603326797485,0.762,0.14994720168954592,0.07205240174672489,0.27510917030567683,0.20305676855895194,2048,512,6599,127,32,0.7406314606982212,0.9998484618881649,0.4757045074181401,0.45633760720949873,0.21388572658143135,0.6191463095387649,84,0.5283018867924528,100,159,1.0,490,159,1.0,973
1,ampc,boba_ucb,2898,48,0.016563146997929608,2560,48,0.8372395833333334,0.44707359424618154,0.22716521339224424,0.6774564463370182,60.37499999999999,60.37499999999999,2675,0.8846187025534852,17.94392523364486,0.6617788672447205,0.5780000000000001,0.01788617886178862,0.10344827586206896,0.22758620689655173,0.12413793103448277,2048,512,338,38,10,0.7313523496622786,1.0,0.5172838110784582,0.496731199286005,0.25154232566162193,0.696277460163123,48,1.0,68,48,1.0,386,48,1.0,694
1,ampc,rabvs_budgeted_no_ucb,2898,48,0.016563146997929608,2560,48,0.84375,0.4462283800540043,0.22328585494949987,0.6704467994316998,60.37499999999999,29.14655172413793,2675,0.8846187025534852,17.94392523364486,0.6526092290878296,0.739,0.01687116564417178,0.10344827586206896,0.22758620689655173,0.12413793103448277,2048,512,338,38,10,0.6735379107502575,1.0,0.44417047844162894,0.423391560828855,0.18520710710117266,0.5598730440823522,40,0.8333333333333334,81,48,1.0,422,48,1.0,796
2,ampc,boba_ucb,2898,48,0.016563146997929608,2560,47,0.8643617021276596,0.446190985819226,0.22480465097109067,0.6755363045094173,60.37499999999999,60.37499999999999,2675,0.8846187025534852,17.94392523364486,0.6518709063529968,0.563,0.024834437086092714,0.09655172413793103,0.22758620689655173,0.1310344827586207,2048,512,338,38,9,0.6860054708321643,0.9674556213017751,0.547093006339305,0.5033039330757231,0.2644435501918309,0.7239907121584362,47,0.9791666666666666,69,48,1.0,369,48,1.0,687
2,ampc,rabvs_budgeted_no_ucb,2898,48,0.016563146997929608,2560,48,0.859375,0.44560663941435896,0.22245584860637815,0.6712830088018277,60.37499999999999,29.14655172413793,2675,0.8846187025534852,17.94392523364486,0.6504876613616943,0.744,0.022556390977443608,0.08275862068965517,0.2482758620689655,0.16551724137931034,2048,512,338,38,10,0.6986370233154748,1.0,0.4319609038531152,0.41526596272163,0.17876344709088565,0.5461286417148927,40,0.8333333333333334,80,48,1.0,420,48,1.0,799
1,andr,boba_ucb,14619,269,0.01840071140296874,2560,231,0.7997835497835498,0.44664225911302236,0.2177498243887556,0.6521097430421315,54.3457249070632,54.3457249070632,3328,0.9715438812504276,78.42548076923077,0.6342286467552185,0.46499999999999997,0.27282976324689967,0.08207934336525308,0.2818057455540356,0.19972640218878251,2048,512,12059,185,46,0.8406056144284737,0.991790364043453,0.4790686459112401,0.4525729221917727,0.21520551141351776,0.6322088791754468,100,0.37174721189591076,100,252,0.9368029739776952,465,261,0.9702602230483272,868
1,andr,rabvs_budgeted_no_ucb,14619,269,0.01840071140296874,2560,260,0.8038461538461539,0.4463361234527163,0.21422744177445727,0.6404317588333813,54.3457249070632,48.76226001935123,3328,0.9715438812504276,79.0264423076923,0.6345915198326111,0.645,0.2598509052183174,0.08071135430916553,0.2818057455540356,0.20109439124487005,2048,512,12059,208,52,0.8602323944686521,1.0,0.4828718490151648,0.4484551241027144,0.2070147920078089,0.6053948419710151,100,0.37174721189591076,100,261,0.9702602230483272,469,263,0.9776951672862454,937
2,andr,boba_ucb,14619,269,0.01840071140296874,2560,237,0.7663502109704642,0.4457869217158687,0.21668113788223956,0.6517820604998078,54.3457249070632,54.3457249070632,3328,0.9715438812504276,79.62740384615384,0.6493499279022217,0.43700000000000006,0.2832369942196532,0.07240437158469945,0.292749658002736,0.22034528641803655,2048,512,12059,190,47,0.8762771256852019,0.9920391408906211,0.48333577360552554,0.45507649950847484,0.21732402705232745,0.6389341368433759,100,0.37174721189591076,100,257,0.9553903345724907,465,265,0.9851301115241635,867
2,andr,rabvs_budgeted_no_ucb,14619,269,0.01840071140296874,2560,261,0.8148946360153256,0.44653663721169695,0.2148822464059892,0.6405448883299785,54.3457249070632,49.13449101186536,3328,0.9715438812504276,79.62740384615384,0.6415858864784241,0.628,0.2645161290322581,0.07797537619699042,0.2872777017783858,0.2093023255813954,2048,512,12059,209,52,0.8912161797912537,0.9999170743842773,0.48030939688083896,0.4486453046127765,0.20719229851933535,0.6058950765718474,100,0.37174721189591076,100,263,0.9776951672862454,485,265,0.9851301115241635,945
1,aofb,boba_ucb,7022,122,0.017373967530618057,2560,104,0.7842548076923077,0.4461154614515164,0.2199190291797557,0.6732935117268178,57.55737704918033,57.55737704918033,2816,0.9498718313870692,42.61363636363636,0.7058230638504028,0.44599999999999995,0.12189054726368159,0.10795454545454546,0.23076923076923078,0.12281468531468533,2048,512,4462,83,21,0.849112674640356,0.9937247870909905,0.4723870443389753,0.44521561757583955,0.20833480953616185,0.6151557827455288,99,0.8114754098360656,100,117,0.9590163934426229,462,120,0.9836065573770492,838
1,aofb,rabvs_budgeted_no_ucb,7022,122,0.017373967530618057,2560,121,0.7985537190082644,0.44556604252022475,0.21872074489069684,0.6723827697430507,57.55737704918033,34.5344262295082,2816,0.9498718313870692,43.32386363636364,0.6976760029792786,0.627,0.1122334455667789,0.09090909090909091,0.2535612535612536,0.16265216265216267,2048,512,4462,97,24,0.8568978762019671,1.0,0.45341477012507353,0.4357148788330454,0.1947575959888634,0.5803113653301597,44,0.36065573770491804,99,121,0.9918032786885246,470,122,1.0,945
2,aofb,boba_ucb,7022,122,0.017373967530618057,2560,114,0.7033991228070176,0.4459564722370367,0.22205830342346436,0.682029370691616,57.55737704918033,57.55737704918033,2816,0.9498718313870692,42.61363636363636,0.6937006115913391,0.46199999999999997,0.12095808383233533,0.10227272727272728,0.23646723646723647,0.1341945091945092,2048,512,4462,91,23,0.8468182111539362,0.9919318691169879,0.47105074671772484,0.4492680171052366,0.21187477639347407,0.6237747631061819,99,0.8114754098360656,100,118,0.9672131147540983,461,120,0.9836065573770492,865
2,aofb,rabvs_budgeted_no_ucb,7022,122,0.017373967530618057,2560,121,0.793904958677686,0.4452214536860966,0.21985585295629284,0.6791271872187219,57.55737704918033,34.5344262295082,2816,0.9498718313870692,43.32386363636364,0.678035318851471,0.645,0.11469933184855234,0.07954545454545454,0.2678062678062678,0.1882608132608133,2048,512,4462,97,24,0.8626335898183974,1.0,0.4621109313266868,0.4360598693898269,0.1954773685705709,0.5818389707055036,44,0.36065573770491804,99,121,0.9918032786885246,470,122,1.0,933
1,bace1,boba_ucb,18383,283,0.015394658108034597,2560,255,0.7056372549019608,0.4525049250773239,0.221188836747231,0.642926503760784,64.95759717314488,64.95759717314488,3584,0.9756296578360442,78.40401785714286,0.5930612087249756,0.5900000000000001,0.2759706190975866,0.04673913043478261,0.2611534276387378,0.21441429720395516,2048,512,15823,204,51,0.7033170474739703,0.9838842191746192,0.4649119287348651,0.4655073903974011,0.2282054659058238,0.6571159689472871,100,0.35335689045936397,100,277,0.9787985865724381,458,281,0.9929328621908127,869
1,bace1,rabvs_budgeted_no_ucb,18383,283,0.015394658108034597,2560,280,0.8426339285714286,0.4524633889663097,0.2183024119491948,0.6327151667223055,64.95759717314488,64.95759717314488,3584,0.9756296578360442,78.40401785714286,0.5921435952186584,0.831,0.2714138286893705,0.04021739130434782,0.2676822633297062,0.22746487202535837,2048,512,15823,224,56,0.7775209494085878,0.9999368008595083,0.475515570018801,0.46104081601273594,0.2204880144404467,0.631941203637937,100,0.35335689045936397,100,280,0.9893992932862191,482,281,0.9929328621908127,970
2,bace1,boba_ucb,18383,283,0.015394658108034597,2560,265,0.8023584905660377,0.45262196269700083,0.22168225328877283,0.6417971750867997,64.95759717314488,64.95759717314488,3584,0.9756296578360442,77.56696428571429,0.5845580101013184,0.605,0.2693498452012384,0.03695652173913044,0.26659412404787813,0.2296376023087477,2048,512,15823,212,53,0.7256056227177766,0.9840106174556026,0.4603736844278373,0.46700964436451003,0.23040868646319757,0.6604021920012295,100,0.35335689045936397,100,272,0.9611307420494699,476,278,0.9823321554770318,880
2,bace1,rabvs_budgeted_no_ucb,18383,283,0.015394658108034597,2560,277,0.8273916967509025,0.4527100931202353,0.21900965966439392,0.6355356123933082,64.95759717314488,64.95759717314488,3584,0.9756296578360442,77.84598214285714,0.5868692994117737,0.837,0.26816786079836236,0.05543478260869565,0.250272034820457,0.19483725221176135,2048,512,15823,222,55,0.7767910016196261,0.9998736017190166,0.47230995596672526,0.4586926197496851,0.21888243695802023,0.6283362242174158,100,0.35335689045936397,100,278,0.9823321554770318,479,279,0.9858657243816255,966
1,braf,boba_ucb,10102,152,0.01504652544050683,2560,147,0.8720238095238095,0.45364794479964243,0.22131797836535608,0.6325220130159058,66.46052631578948,66.46052631578948,3072,0.9619877252029301,48.828125,0.6058967113494873,0.628,0.13987473903966596,0.017786561264822136,0.27920792079207923,0.2614213595272571,2048,512,7542,118,29,0.609733373446821,0.9249535932113497,0.4768093456715164,0.48487877556974285,0.24558780132204727,0.6856464026244915,100,0.6578947368421053,100,149,0.9802631578947368,487,150,0.9868421052631579,948
1,braf,rabvs_budgeted_no_ucb,10102,152,0.01504652544050683,2560,150,0.86875,0.4528508078762879,0.2159888371123403,0.6211785277665768,66.46052631578948,66.46052631578948,3072,0.9619877252029301,49.153645833333336,0.6054726839065552,0.911,0.1377551020408163,0.015810276679841896,0.2851485148514851,0.2693382381716432,2048,512,7542,120,30,0.6479670802049617,0.9961548660832671,0.4870699422138478,0.46330977623196956,0.22187608958090402,0.6347262287820684,100,0.6578947368421053,100,151,0.993421052631579,500,151,0.993421052631579,992
2,braf,boba_ucb,10102,152,0.01504652544050683,2560,150,0.8679166666666667,0.4530157910543822,0.22013231709273764,0.63256773719959,66.46052631578948,66.46052631578948,3072,0.9619877252029301,49.153645833333336,0.6053474545478821,0.597,0.13989637305699482,0.015810276679841896,0.28316831683168314,0.2673580401518412,2048,512,7542,120,30,0.6403244897359484,0.977326968973747,0.48056821437835273,0.479437106330084,0.2393118578099072,0.6736932319646574,100,0.6578947368421053,100,151,0.993421052631579,488,151,0.993421052631579,946
2,braf,rabvs_budgeted_no_ucb,10102,152,0.01504652544050683,2560,151,0.8721026490066225,0.4525160989404767,0.2162781828054414,0.6231471969233723,66.46052631578948,66.46052631578948,3072,0.9619877252029301,49.153645833333336,0.6072298884391785,0.894,0.13817809621289662,0.015810276679841896,0.28316831683168314,0.2673580401518412,2048,512,7542,121,30,0.6689306203170774,0.9980111376292761,0.4956948485328697,0.46651579305033425,0.22484910786776882,0.6408995482252041,100,0.6578947368421053,100,151,0.993421052631579,499,151,0.993421052631579,995
1,cah2,boba_ucb,31664,492,0.015538150581101567,2560,353,0.7935552407932012,0.4550279853535346,0.21984316776103283,0.6300322973904319,64.35772357723577,64.35772357723577,4096,0.9838302172814553,119.62890625,0.5643250942230225,0.399,0.5125958378970427,0.04040404040404041,0.2697409981048642,0.22933695770082377,2048,512,29104,282,71,0.6450364595261625,0.9857407916437603,0.4974793894521273,0.46731608210097664,0.2274932461830594,0.6473573558270419,100,0.2032520325203252,100,483,0.9817073170731707,499,490,0.9959349593495935,882
1,cah2,rabvs_budgeted_no_ucb,31664,492,0.015538150581101567,2560,488,0.8397797131147541,0.45390758061087155,0.2164686034284595,0.6217619611952122,64.35772357723577,63.95168115719012,4096,0.9838302172814553,119.140625,0.5847019553184509,0.669,0.48190279214064113,0.025883838383838384,0.2830069488313329,0.25712311044749453,2048,512,29104,390,98,0.6827910849691032,0.9989004947773502,0.5009619120119263,0.4644043370311634,0.22198239381600496,0.6351648571683842,100,0.2032520325203252,100,485,0.9857723577235772,500,488,0.991869918699187,987
2,cah2,boba_ucb,31664,492,0.015538150581101567,2560,308,0.867288961038961,0.4552905442732775,0.22131951031065628,0.6346859848225052,64.35772357723577,64.35772357723577,4096,0.9838302172814553,119.384765625,0.574027955532074,0.378,0.50764192139738,0.06060606060606061,0.2488945041061276,0.188288443500067,2048,512,29104,246,62,0.6044019748923976,0.9484263331500825,0.4941327465217273,0.4681666973318416,0.23007605402754244,0.6553669282099905,100,0.2032520325203252,100,479,0.9735772357723578,497,489,0.9939024390243902,877
2,cah2,rabvs_budgeted_no_ucb,31664,492,0.015538150581101567,2560,490,0.8373724489795918,0.453914077956871,0.21668795538971597,0.6229247475798801,64.35772357723577,63.34261752712164,4096,0.9838302172814553,119.62890625,0.580838143825531,0.645,0.48440748440748443,0.025883838383838384,0.28363866077068856,0.25775482238685016,2048,512,29104,392,98,0.6598879967534187,0.9985225398570643,0.5015136748180601,0.4647617731951261,0.22223297166952022,0.635573586098782,100,0.2032520325203252,100,480,0.975609756097561,500,490,0.9959349593495935,977
1,casp3,boba_ucb,10899,199,0.018258555830810166,2560,187,0.8168449197860963,0.44840163022381485,0.21717899594188217,0.6250459054206263,54.768844221105525,54.768844221105525,3072,0.964767409854115,64.77864583333333,0.6069222092628479,0.5609999999999999,0.19153439153439153,0.03486238532110092,0.3302752293577982,0.29541284403669726,2048,512,8339,150,37,0.6546695190413139,0.9774553303753447,0.47921289850897475,0.4713273642085834,0.23345775246668643,0.6601977057828013,100,0.5025125628140703,100,198,0.9949748743718593,470,199,1.0,931
1,casp3,rabvs_budgeted_no_ucb,10899,199,0.018258555830810166,2560,198,0.8529040404040404,0.447859241522717,0.21393173298580503,0.6188616180597788,54.768844221105525,54.768844221105525,3072,0.964767409854115,64.453125,0.6002978682518005,0.844,0.18537590113285274,0.03669724770642202,0.3284403669724771,0.29174311926605506,2048,512,8339,158,40,0.6786778471944653,0.9994004077227485,0.4867466227999398,0.45994482335174325,0.2196382440424615,0.629775905605757,100,0.5025125628140703,100,198,0.9949748743718593,495,198,0.9949748743718593,990
2,casp3,boba_ucb,10899,199,0.018258555830810166,2560,185,0.8523648648648648,0.44893173227095257,0.21866204478979687,0.6286585819456699,54.768844221105525,54.768844221105525,3072,0.964767409854115,63.15104166666667,0.6050780415534973,0.514,0.1863157894736842,0.03669724770642202,0.3192660550458716,0.28256880733944956,2048,512,8339,148,37,0.6353132215846715,0.9658232401966663,0.48116394462561357,0.47750377533263894,0.23967733400105914,0.6740232054345578,100,0.5025125628140703,100,193,0.9698492462311558,485,194,0.9748743718592965,955
2,casp3,rabvs_budgeted_no_ucb,10899,199,0.018258555830810166,2560,198,0.8535353535353535,0.44779157927475377,0.21378298040153468,0.6196091017487888,54.768844221105525,54.768844221105525,3072,0.964767409854115,64.453125,0.6046054363250732,0.841,0.18545081967213115,0.03853211009174312,0.326605504587156,0.28807339449541286,2048,512,8339,158,40,0.6755530886945205,0.998800815445497,0.4827816404378198,0.4594246505122554,0.21911246989486616,0.6286717052662142,100,0.5025125628140703,100,198,0.9949748743718593,494,198,0.9949748743718593,992
1,cdk2,boba_ucb,28324,474,0.01673492444569976,2560,328,0.5813643292682927,0.45288296357909064,0.22603744281208035,0.67211796957784,59.755274261603375,59.755274261603375,4096,0.9819234571388222,97.65625,0.58272385597229,0.558,0.401673640167364,0.0839802399435427,0.2330508474576271,0.1490706075140844,2048,512,25764,262,66,0.9544102820220018,0.9955364073901568,0.46810257226681634,0.4587232224437553,0.22522158087025027,0.6555378317216403,100,0.2109704641350211,100,359,0.7573839662447257,492,400,0.8438818565400844,955
1,cdk2,rabvs_budgeted_no_ucb,28324,474,0.01673492444569976,2560,415,0.6837349397590361,0.45261062230735116,0.22325337112754268,0.6631846626500653,59.755274261603375,51.09814972193645,4096,0.9819234571388222,104.98046875,0.5760342478752136,0.636,0.42768595041322316,0.0748059280169372,0.2443502824858757,0.1695443544689385,2048,512,25764,332,83,0.9856270522555792,0.9998059307560938,0.4802686028511922,0.4506704197865316,0.21393182801932747,0.6216088095953259,100,0.2109704641350211,100,325,0.6856540084388185,495,430,0.9071729957805907,973
2,cdk2,boba_ucb,28324,474,0.01673492444569976,2560,328,0.7219893292682927,0.45289138901121484,0.22550432113352048,0.6696313859827816,59.755274261603375,59.755274261603375,4096,0.9819234571388222,96.6796875,0.5766480565071106,0.5860000000000001,0.39460020768431986,0.07974594213126324,0.2323446327683616,0.15259869063709836,2048,512,25764,262,66,0.9539018684037125,0.9944108057755007,0.4729020227079225,0.4579582417643989,0.22492730411005254,0.6569296936569712,100,0.2109704641350211,100,354,0.7468354430379747,498,396,0.8354430379746836,960
2,cdk2,rabvs_budgeted_no_ucb,28324,474,0.01673492444569976,2560,386,0.7610103626943006,0.4531930558310947,0.22231138970031727,0.6555607333552308,59.755274261603375,51.52044847996899,4096,0.9819234571388222,97.16796875,0.5738778710365295,0.653,0.39544513457556935,0.08327452364149612,0.21680790960451976,0.13353338596302364,2048,512,25764,309,77,0.9544307124215082,0.9998059307560938,0.4846339512004243,0.45379569769287315,0.21646767880554726,0.6240903933054069,100,0.2109704641350211,100,360,0.759493670886076,494,398,0.8396624472573839,960
1,comt,boba_ucb,3891,41,0.010537136982780776,2560,41,0.8689024390243902,0.46095864253186264,0.22465065372020276,0.6406090856731168,94.90243902439025,94.90243902439025,2715,0.9127794911333847,15.101289134438307,0.6816549897193909,0.525,0.011904761904761904,0.005128205128205128,0.20512820512820512,0.19999999999999998,2048,512,1331,33,8,0.6450398667133744,0.9541697971450037,0.5284897024149752,0.49188008794735794,0.25053339713760014,0.6945115278140603,41,1.0,59,41,1.0,369,41,1.0,738
1,comt,rabvs_budgeted_no_ucb,3891,41,0.010537136982780776,2560,41,0.875,0.4610714762718278,0.22499736458618674,0.6417366307804083,94.90243902439025,87.60225140712946,2715,0.9127794911333847,15.101289134438307,0.6876506209373474,0.716,0.011764705882352941,0.005128205128205128,0.20512820512820512,0.19999999999999998,2048,512,1331,33,8,0.6548247413429876,0.9774605559729527,0.5284806358819089,0.5010178362966529,0.2583645359578358,0.7100977194851126,41,1.0,69,41,1.0,432,41,1.0,831
2,comt,boba_ucb,3891,41,0.010537136982780776,2560,41,0.875,0.4609403192363366,0.2242407997382984,0.640206910158218,94.90243902439025,94.90243902439025,2715,0.9127794911333847,15.101289134438307,0.691704273223877,0.507,0.009138381201044387,0.005128205128205128,0.20512820512820512,0.19999999999999998,2048,512,1331,33,8,0.6574926288882617,0.966190833959429,0.5178954456200102,0.4893025654579268,0.24758909339937962,0.6884983598734953,41,1.0,59,41,1.0,393,41,1.0,758
2,comt,rabvs_budgeted_no_ucb,3891,41,0.010537136982780776,2560,41,0.875,0.4611732814043021,0.22446186040954974,0.6399454453491132,94.90243902439025,87.60225140712946,2715,0.9127794911333847,15.101289134438307,0.6853683590888977,0.7170000000000001,0.009114583333333334,0.005128205128205128,0.20512820512820512,0.19999999999999998,2048,512,1331,33,8,0.6566738145481683,0.9879789631855748,0.5176684464445238,0.48839181650021574,0.24514391566021473,0.6831149953171981,41,1.0,69,41,1.0,438,41,1.0,845
1,cp2c9,boba_ucb,7570,120,0.015852047556142668,2560,96,0.791015625,0.4519549982381083,0.22824366078792369,0.6884786866848304,63.083333333333336,63.083333333333336,2816,0.9535006605019815,40.48295454545455,0.6208785176277161,0.562,0.10928319623971798,0.10554089709762533,0.18783068783068782,0.08228979073306249,2048,512,5010,77,19,0.8597155928934865,0.9914171656686627,0.4924469011792171,0.46501750839831857,0.23074391226082308,0.663195525322325,94,0.7833333333333333,82,108,0.9,432,114,0.95,826
1,cp2c9,rabvs_budgeted_no_ucb,7570,120,0.015852047556142668,2560,115,0.7940217391304348,0.450393624517448,0.22565032011435382,0.690457214047706,63.083333333333336,43.16228070175439,2816,0.9535006605019815,41.19318181818181,0.6171406507492065,0.747,0.10573678290213723,0.06860158311345646,0.23809523809523808,0.16949365498178162,2048,512,5010,92,23,0.8836313183999851,0.9998003992015968,0.4707530056664933,0.4371628414379317,0.19939468289331716,0.5886966956270222,56,0.4666666666666667,100,116,0.9666666666666667,447,116,0.9666666666666667,918
2,cp2c9,boba_ucb,7570,120,0.015852047556142668,2560,101,0.7530940594059405,0.45155147279637964,0.22791810597510337,0.6914583419585772,63.083333333333336,63.083333333333336,2816,0.9535006605019815,41.54829545454545,0.6192700862884521,0.562,0.11311672683513839,0.09762532981530343,0.20634920634920634,0.1087238765339029,2048,512,5010,81,20,0.8253671374639567,0.9862275449101796,0.48810871203730766,0.4624986141757903,0.22845712573699145,0.6622770233900569,94,0.7833333333333333,82,113,0.9416666666666667,435,117,0.975,835
2,cp2c9,rabvs_budgeted_no_ucb,7570,120,0.015852047556142668,2560,116,0.7607758620689655,0.4503711421304813,0.2245131591833352,0.6856401746856617,63.083333333333336,43.16228070175439,2816,0.9535006605019815,41.54829545454545,0.6220358610153198,0.76,0.10573678290213723,0.09234828496042216,0.21693121693121692,0.12458293197079476,2048,512,5010,93,23,0.9157941770246529,1.0,0.47249238156662043,0.43862849548460897,0.20033176157955987,0.590464318255654,54,0.45,100,116,0.9666666666666667,442,117,0.975,917
1,cp3a4,boba_ucb,11970,170,0.014202172096908938,2560,134,0.6263992537313433,0.4551000970232337,0.23278790473841848,0.7061744117032783,70.41176470588236,68.06470588235294,3072,0.9679197994987468,50.455729166666664,0.6076470613479614,0.663,0.1514161220043573,0.07178631051752922,0.18896321070234115,0.11717690018481193,2048,512,9410,107,27,0.9093996076828986,0.9936238044633369,0.48267445258566993,0.4563670063393119,0.22358668246437766,0.6493471168179084,100,0.5882352941176471,100,151,0.888235294117647,475,155,0.9117647058823529,918
1,cp3a4,rabvs_budgeted_no_ucb,11970,170,0.014202172096908938,2560,157,0.7468152866242038,0.4549087544863543,0.22895239874589773,0.6933564467991574,70.41176470588236,65.71764705882353,3072,0.9679197994987468,52.408854166666664,0.6090173721313477,0.762,0.15658747300215983,0.07679465776293823,0.1939799331103679,0.11718527534742967,2048,512,9410,126,31,0.9601024002722528,0.999893730074389,0.4787183795938731,0.444224016174265,0.20785520652033573,0.6072729285068971,100,0.5882352941176471,100,157,0.9235294117647059,486,161,0.9470588235294117,937
2,cp3a4,boba_ucb,11970,170,0.014202172096908938,2560,132,0.6245265151515151,0.4549300239019531,0.23104350898020976,0.7009994507450777,70.41176470588236,69.23823529411764,3072,0.9679197994987468,52.083333333333336,0.603509247303009,0.648,0.15584415584415584,0.07345575959933222,0.19899665551839466,0.12554089591906242,2048,512,9410,106,26,0.9101720007053697,0.9909670563230606,0.4766121319679447,0.4581851514599411,0.22501398191846045,0.6589515087141202,100,0.5882352941176471,100,145,0.8529411764705882,476,160,0.9411764705882353,907
2,cp3a4,rabvs_budgeted_no_ucb,11970,170,0.014202172096908938,2560,150,0.7425,0.45495407639657764,0.22968368599036804,0.694977707501123,70.41176470588236,64.54411764705883,3072,0.9679197994987468,52.734375,0.5976169109344482,0.755,0.155154091392136,0.07345575959933222,0.20066889632107024,0.127213136721738,2048,512,9410,120,30,0.9532842456270421,0.999787460148778,0.4766523453939026,0.44558210379587776,0.20913348607283463,0.6093105984928453,100,0.5882352941176471,100,151,0.888235294117647,491,162,0.9529411764705882,959
1,csf1r,boba_ucb,12315,166,0.013479496548924077,2560,147,0.8316326530612245,0.45613322202489315,0.22507255172400964,0.6555541827471916,74.1867469879518,74.1867469879518,3072,0.9688185140073081,53.385416666666664,0.6044431328773499,0.569,0.15761448349307774,0.05519480519480519,0.21103896103896103,0.15584415584415584,2048,512,9755,118,29,0.6731240420065079,0.9833931317273193,0.4725691312387172,0.473720784091511,0.23589155700088255,0.6683439452069456,100,0.6024096385542169,100,164,0.9879518072289156,481,164,0.9879518072289156,939
1,csf1r,rabvs_budgeted_no_ucb,12315,166,0.013479496548924077,2560,164,0.8567073170731707,0.4555920685609144,0.22186356878151506,0.6473683666503777,74.1867469879518,69.96473699676756,3072,0.9688185140073081,53.7109375,0.6027719974517822,0.855,0.1550468262226847,0.05032467532467533,0.2159090909090909,0.16558441558441558,2048,512,9755,131,33,0.7937177936046967,0.9997949769349052,0.4747405722379316,0.4596070558942829,0.21958778597753278,0.6295741745030133,100,0.6024096385542169,100,164,0.9879518072289156,493,165,0.9939759036144579,984
2,csf1r,boba_ucb,12315,166,0.013479496548924077,2560,159,0.8081761006289309,0.4560026682405084,0.22467945551279542,0.6523937612013005,74.1867469879518,74.1867469879518,3072,0.9688185140073081,53.059895833333336,0.6080257892608643,0.595,0.15654952076677317,0.04383116883116883,0.22077922077922077,0.17694805194805194,2048,512,9755,127,32,0.7094704322587031,0.989543823680164,0.47343329629560826,0.47139495200417514,0.23337496615642525,0.6614830845687923,100,0.6024096385542169,100,161,0.9698795180722891,482,163,0.9819277108433735,926
2,csf1r,rabvs_budgeted_no_ucb,12315,166,0.013479496548924077,2560,163,0.8500766871165644,0.45545024595643513,0.22196260485308208,0.6488453458304451,74.1867469879518,70.56788128122244,3072,0.9688185140073081,53.059895833333336,0.6013385057449341,0.86,0.1515463917525773,0.040584415584415584,0.22402597402597402,0.18344155844155843,2048,512,9755,130,33,0.8167500853279437,1.0,0.47697468979530566,0.461060943233343,0.22108561099468138,0.6325783292945315,100,0.6024096385542169,100,163,0.9819277108433735,493,163,0.9819277108433735,987
1,cxcr4,boba_ucb,3446,40,0.011607661056297156,2560,40,0.8671875,0.4582130021367387,0.2236671611437644,0.6398554426088574,86.15,86.15,2697,0.9021691816598956,14.831294030404154,0.6761209964752197,0.637,0.017543859649122806,0.028901734104046242,0.20348837209302326,0.174586637988977,2048,512,886,32,8,0.6608902152198451,0.9762979683972912,0.48245790604880534,0.49167414599493797,0.2503202965668648,0.6941257153017241,40,1.0,80,40,1.0,383,40,1.0,730
1,cxcr4,rabvs_budgeted_no_ucb,3446,40,0.011607661056297156,2560,40,0.875,0.4580250961655568,0.2231708114354469,0.6387182456685427,86.15,68.41323529411764,2697,0.9021691816598956,14.831294030404154,0.6758636832237244,0.813,0.015873015873015872,0.028901734104046242,0.20348837209302326,0.174586637988977,2048,512,886,32,8,0.6719698123051745,0.9920993227990971,0.4842539063446597,0.4834703364496802,0.24283767146370455,0.6775394555985699,40,1.0,83,40,1.0,463,40,1.0,880
2,cxcr4,boba_ucb,3446,40,0.011607661056297156,2560,40,0.8625,0.4580406815035208,0.22387979383422327,0.6406008257888419,86.15,86.15,2697,0.9021691816598956,14.831294030404154,0.6732208728790283,0.645,0.023529411764705882,0.017341040462427744,0.21511627906976744,0.1977752386073397,2048,512,886,32,8,0.6730029107570747,0.9954853273137697,0.47947700878590127,0.4946219376779672,0.25239089130811004,0.6970204172502867,40,1.0,81,40,1.0,391,40,1.0,720
2,cxcr4,rabvs_budgeted_no_ucb,3446,40,0.011607661056297156,2560,40,0.875,0.4575048438121932,0.22174802052497045,0.6370561236751219,86.15,63.34558823529412,2697,0.9021691816598956,14.831294030404154,0.6779548525810242,0.8200000000000001,0.020752269779507133,0.017341040462427744,0.21511627906976744,0.1977752386073397,2048,512,886,32,8,0.6658883211599256,0.9988713318284425,0.48672694877178885,0.4695153728568051,0.227973099410638,0.6471589546778627,40,1.0,83,40,1.0,470,40,1.0,884
1,def,boba_ucb,5802,102,0.017580144777662874,2560,101,0.8564356435643564,0.4477011160081657,0.21334859238403275,0.6153229707621934,56.88235294117647,56.88235294117647,2792,0.9398483281627025,36.532951289398284,0.6309274435043335,0.472,0.07393939393939394,0.044673539518900345,0.30689655172413793,0.2622230122052376,2048,512,3242,81,20,0.6395881279902754,0.9799506477483035,0.5106776832858195,0.47797796859070146,0.2354604642689889,0.6638839070176986,100,0.9803921568627451,67,102,1.0,397,102,1.0,818
1,def,rabvs_budgeted_no_ucb,5802,102,0.017580144777662874,2560,102,0.8743872549019608,0.4473213514058394,0.21188043007413554,0.612596299534231,56.88235294117647,50.99797160243408,2792,0.9398483281627025,36.532951289398284,0.6331973075866699,0.764,0.0683090705487122,0.020618556701030927,0.3310344827586207,0.3104159260575898,2048,512,3242,82,20,0.626132903048513,0.9898210980876002,0.5103131944696632,0.4712234284625463,0.22789547491257614,0.6475241204176244,90,0.8823529411764706,73,102,1.0,454,102,1.0,919
2,def,boba_ucb,5802,102,0.017580144777662874,2560,100,0.846875,0.44800129565556174,0.2134104577742281,0.614504406537128,56.88235294117647,56.88235294117647,2792,0.9398483281627025,36.532951289398284,0.6225108504295349,0.46599999999999997,0.08121212121212121,0.03436426116838488,0.31724137931034485,0.28287711814196,2048,512,3242,80,20,0.6279033588448211,0.9753238741517581,0.5127947074754652,0.4808347559128047,0.23822101429689133,0.6685231938069728,100,0.9803921568627451,68,102,1.0,403,102,1.0,792
2,def,rabvs_budgeted_no_ucb,5802,102,0.017580144777662874,2560,102,0.8737745098039216,0.447296543440805,0.21141274747302535,0.6111234087945576,47.40196078431373,53.94016227180528,2792,0.9398483281627025,36.532951289398284,0.6293940544128418,0.783,0.07282608695652174,0.030927835051546393,0.32068965517241377,0.2897618201208674,2048,512,3242,82,20,0.6109371555213092,0.9824182603331277,0.5086552234228904,0.46954194169846686,0.2265301157313931,0.6445056030794698,94,0.9215686274509803,70,102,1.0,456,102,1.0,931
1,dhi1,boba_ucb,19680,330,0.01676829268292683,2560,211,0.7485189573459715,0.4512800515074196,0.2222597323189098,0.6645566671929952,59.63636363636363,59.63636363636363,3584,0.9772357723577236,89.28571428571429,0.5919499397277832,0.7150000000000001,0.3247863247863248,0.10772357723577236,0.22560975609756098,0.11788617886178862,2048,512,17120,169,42,0.9099852764050702,0.9932242990654205,0.4892040516307763,0.4563210838642066,0.22097471078453942,0.6479141101888591,100,0.30303030303030304,100,287,0.8696969696969697,480,320,0.9696969696969697,914
1,dhi1,rabvs_budgeted_no_ucb,19680,330,0.01676829268292683,2560,319,0.7789968652037618,0.4506071910135479,0.21881214410255648,0.6513270682485582,59.63636363636363,59.63636363636363,3584,0.9772357723577236,90.68080357142857,0.591737687587738,0.789,0.32872340425531915,0.08333333333333333,0.24796747967479674,0.1646341463414634,2048,512,17120,255,64,0.9660720517006859,0.9999415887850467,0.48803786545672556,0.4495297251055516,0.20903086554241837,0.6092803291483809,100,0.30303030303030304,100,320,0.9696969696969697,492,325,0.9848484848484849,947
2,dhi1,boba_ucb,19680,330,0.01676829268292683,2560,270,0.6993055555555555,0.4505236358522038,0.22098589428000828,0.6595845149486076,59.63636363636363,59.63636363636363,3584,0.9772357723577236,90.68080357142857,0.594723105430603,0.736,0.32802547770700635,0.08231707317073171,0.25203252032520324,0.1697154471544715,2048,512,17120,216,54,0.8569356442403454,0.9908294392523365,0.4855254752711313,0.4563243487210178,0.2194827390804049,0.6426171717621572,100,0.30303030303030304,100,304,0.9212121212121213,484,325,0.9848484848484849,923
2,dhi1,rabvs_budgeted_no_ucb,19680,330,0.01676829268292683,2560,321,0.7959501557632399,0.45058850034294073,0.2182955755117987,0.6489651673141417,59.63636363636363,59.63636363636363,3584,0.9772357723577236,91.23883928571429,0.5851428508758545,0.8109999999999999,0.32840549102428723,0.08130081300813008,0.2530487804878049,0.1717479674796748,2048,512,17120,257,64,0.9026117567359283,0.9996495327102803,0.4862228795613087,0.44908753280108704,0.2085383255748204,0.608430710276473,100,0.30303030303030304,100,322,0.9757575757575757,493,327,0.990909090909091,947
1,dpp4,boba_ucb,41482,533,0.012848946531025505,2560,334,0.7659056886227545,0.46005674969186283,0.22503645772559935,0.6452718703656993,77.82739212007505,77.45232035082167,4608,0.9861144592835447,112.41319444444444,0.5330641269683838,0.639,0.5148717948717949,0.07180722891566266,0.18466730954676952,0.11286008063110686,2048,512,38922,267,67,0.7202086425961612,0.9924207389137248,0.4890024823124574,0.4694709783853298,0.2308253181310368,0.6566609225762726,100,0.18761726078799248,100,469,0.8799249530956847,499,518,0.9718574108818011,940
1,dpp4,rabvs_budgeted_no_ucb,41482,533,0.012848946531025505,2560,521,0.8013435700575816,0.4583322100128402,0.2214743030505788,0.6389812015666273,77.82739212007505,66.9503108117272,4608,0.9861144592835447,113.71527777777777,0.5455496311187744,0.74,0.5215605749486653,0.04385542168674699,0.21263259402121504,0.16877717233446804,2048,512,38922,417,104,0.8651071331142616,0.9998201531267663,0.48841620681533626,0.46515680269900406,0.2233673096755994,0.638076880175244,100,0.18761726078799248,100,442,0.8292682926829268,498,524,0.9831144465290806,972
2,dpp4,boba_ucb,41482,533,0.012848946531025505,2560,410,0.714329268292683,0.45842265477823524,0.22357361452966845,0.6466247195132624,77.82739212007505,77.82739212007505,4608,0.9861144592835447,112.84722222222223,0.5487803220748901,0.622,0.5384615384615384,0.04385542168674699,0.21215043394406943,0.16829501225732243,2048,512,38922,328,82,0.7620452733091816,0.9932942808694312,0.48387049685166084,0.46700237480182727,0.22792210437400065,0.6531921440860762,100,0.18761726078799248,100,492,0.9230769230769231,500,520,0.975609756097561,917
2,dpp4,rabvs_budgeted_no_ucb,41482,533,0.012848946531025505,2560,521,0.8044625719769674,0.45842074200198524,0.2214654463268526,0.6372983108007668,77.82739212007505,69.38827731187413,4608,0.9861144592835447,113.93229166666667,0.5455155372619629,0.73,0.5231243576567317,0.03903614457831325,0.21793635486981677,0.17890021029150352,2048,512,38922,417,104,0.8490337518106612,0.9999229227686142,0.49226341058798756,0.4651526439920624,0.22354506685862058,0.6384391057771196,100,0.18761726078799248,100,455,0.8536585365853658,499,525,0.9849906191369606,967
1,drd3,boba_ucb,34530,480,0.013900955690703735,2560,376,0.7242353723404256,0.45663402425323507,0.22374416217423926,0.6503859040293059,71.9375,71.9375,4352,0.9842455835505358,106.84742647058823,0.5671060681343079,0.536,0.46673596673596673,0.05790387955993052,0.21552723059096177,0.15762335103103126,2048,512,31970,301,75,0.7593064883171519,0.9893963090397248,0.4910940883537694,0.46672135666973363,0.22902415337298243,0.6583575537501403,100,0.20833333333333334,100,438,0.9125,493,465,0.96875,907
1,drd3,rabvs_budgeted_no_ucb,34530,480,0.013900955690703735,2560,465,0.7989247311827957,0.4566735307420943,0.22061761474172295,0.6375168634312569,71.9375,62.55434782608696,4352,0.9842455835505358,107.99632352941177,0.5648050904273987,0.643,0.4651639344262295,0.04342790966994789,0.23117033603707995,0.18774242636713206,2048,512,31970,372,93,0.8707677270453931,0.999687206756334,0.4959971078921743,0.46174014467561,0.2205551805603353,0.6326774804469736,100,0.20833333333333334,100,453,0.94375,498,470,0.9791666666666666,974
2,drd3,boba_ucb,34530,480,0.013900955690703735,2560,370,0.7807432432432433,0.4573273146902849,0.22472286142096098,0.6500266960334733,71.9375,71.9375,4352,0.9842455835505358,105.23897058823529,0.5646789073944092,0.51,0.4613778705636743,0.06079907353792704,0.21320973348783315,0.1524106599499061,2048,512,31970,296,74,0.6975601426732722,0.9827025336252737,0.4890517292938671,0.4683947167447386,0.23112466170161675,0.6627216608685533,100,0.20833333333333334,100,434,0.9041666666666667,497,458,0.9541666666666667,941
2,drd3,rabvs_budgeted_no_ucb,34530,480,0.013900955690703735,2560,462,0.8070887445887446,0.45663029893370427,0.2204632960777812,0.637531121536889,71.9375,62.13731884057971,4352,0.9842455835505358,107.53676470588236,0.5597326755523682,0.648,0.46311475409836067,0.04863925883034163,0.2264041690793283,0.17776491024898666,2048,512,31970,370,92,0.8659398767261443,0.9997810447294339,0.49651919304254144,0.4620806166253018,0.22082437628388185,0.6329793293557424,100,0.20833333333333334,100,452,0.9416666666666667,499,468,0.975,970
1,dyr,boba_ucb,17431,231,0.013252251735413917,2560,218,0.8520642201834863,0.4577043757846798,0.223740058438614,0.6392994457037988,75.45887445887446,75.45887445887446,3328,0.9761344730652286,69.11057692307693,0.614457905292511,0.42400000000000004,0.2581818181818182,0.017201834862385322,0.24655963302752293,0.2293577981651376,2048,512,14871,174,44,0.6465696060057592,0.9753210947481675,0.47947143649694257,0.4748386023347357,0.23483275241312399,0.66244376030307,100,0.4329004329004329,100,228,0.987012987012987,432,230,0.9956709956709957,780
1,dyr,rabvs_budgeted_no_ucb,17431,231,0.013252251735413917,2560,227,0.8703193832599119,0.4573594670443765,0.22080351076401888,0.6324792091729301,75.45887445887446,74.5915310742897,3328,0.9761344730652286,68.81009615384616,0.6365286111831665,0.859,0.2204968944099379,0.017201834862385322,0.24655963302752293,0.2293577981651376,2048,512,14871,182,45,0.7083965534481361,0.9987895904781118,0.49447934215179834,0.467468373677834,0.22627498482879765,0.6438230612777858,100,0.4329004329004329,100,228,0.987012987012987,491,229,0.9913419913419913,961
2,dyr,boba_ucb,17431,231,0.013252251735413917,2560,225,0.8333333333333334,0.4573680570766632,0.22365280987978728,0.6424399286974947,75.45887445887446,75.45887445887446,3328,0.9761344730652286,69.11057692307693,0.6417893171310425,0.44399999999999995,0.2465437788018433,0.020642201834862386,0.24426605504587157,0.2236238532110092,2048,512,14871,180,45,0.6638762059534378,0.9773384439513146,0.4895047891842956,0.4735166212113695,0.23409153316046044,0.6657902343502575,100,0.4329004329004329,100,230,0.9956709956709957,452,230,0.9956709956709957,821
2,dyr,rabvs_budgeted_no_ucb,17431,231,0.013252251735413917,2560,230,0.8630434782608696,0.45749212066365896,0.22205408552327102,0.6377408020263591,75.45887445887446,74.5915310742897,3328,0.9761344730652286,69.4110576923077,0.6323555707931519,0.8089999999999999,0.226215644820296,0.024054982817869417,0.24110218140068887,0.21704719858281946,2048,512,14871,184,46,0.7175001099660453,0.9981843857171676,0.4931249259673228,0.4671029567833892,0.22607676897943996,0.643497872443496,100,0.4329004329004329,100,231,1.0,482,231,1.0,960
1,egfr,boba_ucb,35592,542,0.0152281411553158,2560,398,0.7792085427135679,0.45502637840285437,0.2218569078882289,0.6378091832797683,65.6678966789668,65.6678966789668,4352,0.984715666441897,120.17463235294117,0.5600060224533081,0.41300000000000003,0.5372340425531915,0.04101123595505618,0.2595505617977528,0.21853932584269664,2048,512,33032,318,80,0.7107175900286465,0.9917352869944297,0.48193705331951486,0.4660509404201608,0.22838979452248406,0.6516604747386853,100,0.18450184501845018,100,496,0.915129151291513,500,523,0.9649446494464945,929
1,egfr,rabvs_budgeted_no_ucb,35592,542,0.0152281411553158,2560,526,0.8198669201520913,0.45448897566078167,0.21895667082701117,0.6281913582921738,65.6678966789668,62.347609768232516,4352,0.984715666441897,121.78308823529412,0.5641725659370422,0.6619999999999999,0.5256673511293635,0.033707865168539325,0.2679775280898876,0.2342696629213483,2048,512,33032,421,105,0.7923768257076531,0.9997880842819085,0.490113174752627,0.4634366240276441,0.2228553749478326,0.636547354828154,100,0.18450184501845018,100,482,0.8892988929889298,500,530,0.977859778597786,994
2,egfr,boba_ucb,35592,542,0.0152281411553158,2560,350,0.7925,0.4554095072640675,0.2225483476194786,0.6390865398044713,65.6678966789668,65.6678966789668,4352,0.984715666441897,121.78308823529412,0.5703152418136597,0.43300000000000005,0.5284384694932782,0.05393258426966292,0.24831460674157305,0.1943820224719101,2048,512,33032,280,70,0.6718722138636157,0.9837127633809639,0.48157556211028874,0.4666084622074668,0.22922074676378484,0.6524039760580157,100,0.18450184501845018,100,496,0.915129151291513,500,530,0.977859778597786,946
2,egfr,rabvs_budgeted_no_ucb,35592,542,0.0152281411553158,2560,525,0.8208333333333333,0.45433401903791093,0.21861652241710738,0.627823692689286,65.6678966789668,62.347609768232516,4352,0.984715666441897,121.78308823529412,0.572287917137146,0.663,0.5219611848825332,0.037640449438202245,0.2640449438202247,0.22640449438202245,2048,512,33032,420,105,0.7391780782065573,0.9994853475417776,0.48839102387495054,0.4645896592600112,0.2238184809448931,0.6386883724404855,100,0.18450184501845018,100,482,0.8892988929889298,500,530,0.977859778597786,995
1,esr1,boba_ucb,21068,383,0.01817922916271122,2560,319,0.8136755485893417,0.4499932523548675,0.21698151402458893,0.6231706462221506,55.007832898172325,55.007832898172325,3584,0.9787355230681603,104.07366071428571,0.627980649471283,0.488,0.3953488372093023,0.04933586337760911,0.3114909781576448,0.2621551147800357,2048,512,18508,255,64,0.6066459144649426,0.9538037605359845,0.4904829916631137,0.46728710930923006,0.22830522012593765,0.6500948453291674,100,0.26109660574412535,100,367,0.95822454308094,477,373,0.9738903394255874,851
1,esr1,rabvs_budgeted_no_ucb,21068,383,0.01817922916271122,2560,382,0.837696335078534,0.4485524758944732,0.21262875835278952,0.6152009011441856,55.007832898172325,55.007832898172325,3584,0.9787355230681603,106.58482142857143,0.6258509755134583,0.79,0.3769309989701339,0.04364326375711575,0.3200379867046534,0.27639472294753764,2048,512,18508,306,76,0.6827226996775665,0.9992435703479576,0.49401104403712837,0.45898089334325454,0.21685997032971474,0.6246763166414013,100,0.26109660574412535,100,382,0.9973890339425587,488,382,0.9973890339425587,978
2,esr1,boba_ucb,21068,383,0.01817922916271122,2560,299,0.857232441471572,0.44936033264952613,0.2166891645804059,0.6239519700307946,55.007832898172325,55.007832898172325,3584,0.9787355230681603,106.30580357142857,0.6218286156654358,0.525,0.3845338983050847,0.04734848484848485,0.31588962892483347,0.2685411440763486,2048,512,18508,239,60,0.5903500345037622,0.92354657445429,0.4928725135741773,0.46898353604073534,0.23054172852890706,0.6537986029583747,100,0.26109660574412535,100,375,0.97911227154047,486,381,0.9947780678851175,891
2,esr1,rabvs_budgeted_no_ucb,21068,383,0.01817922916271122,2560,380,0.8401315789473685,0.44848426226060106,0.21267609608795351,0.6148252532830683,55.007832898172325,55.007832898172325,3584,0.9787355230681603,106.30580357142857,0.6214835047721863,0.808,0.37307297019527236,0.03320683111954459,0.33048433048433046,0.29727749936478587,2048,512,18508,304,76,0.6636972544464788,0.9984331100064837,0.4935816710365676,0.46008834571531726,0.21811782546198508,0.6271323184210028,100,0.26109660574412535,100,381,0.9947780678851175,491,381,0.9947780678851175,978
1,esr2,boba_ucb,20566,367,0.017844986871535545,2560,281,0.8489768683274022,0.45141061806250116,0.21861288121305003,0.6249254138743408,56.038147138964575,56.038147138964575,3584,0.9782164737916951,101.00446428571429,0.6250426173210144,0.511,0.37980241492864986,0.057337220602526724,0.29863813229571984,0.24130091169319312,2048,512,18006,225,56,0.5930520897230561,0.9270243252249251,0.49474785288685263,0.4713045906813889,0.23274044201128577,0.6569563560885702,100,0.2724795640326976,100,356,0.9700272479564033,472,362,0.9863760217983651,850
1,esr2,rabvs_budgeted_no_ucb,20566,367,0.017844986871535545,2560,365,0.8513698630136987,0.4492633703801093,0.21335416502219637,0.6165368136537754,56.038147138964575,56.038147138964575,3584,0.9782164737916951,101.84151785714286,0.6351193189620972,0.8029999999999999,0.3605371900826446,0.03206997084548105,0.32490272373540857,0.2928327528899275,2048,512,18006,292,73,0.700205382881707,0.9998889259135844,0.49335118625020113,0.46002140454839935,0.21784514186571524,0.6266366165101674,100,0.2724795640326976,100,365,0.9945504087193461,487,365,0.9945504087193461,973
2,esr2,boba_ucb,20566,367,0.017844986871535545,2560,286,0.8479020979020979,0.4502402074918256,0.21693497886948335,0.6232686835945751,56.038147138964575,56.038147138964575,3584,0.9782164737916951,101.5625,0.6348279118537903,0.514,0.37717391304347825,0.05442176870748299,0.301556420233463,0.24713465152598002,2048,512,18006,229,57,0.6114213966582976,0.9552371431744974,0.48974004164805884,0.4683276077856683,0.2295153808178765,0.652247460530401,100,0.2724795640326976,100,361,0.9836512261580381,480,364,0.9918256130790191,870
2,esr2,rabvs_budgeted_no_ucb,20566,367,0.017844986871535545,2560,363,0.8507231404958677,0.4490733891044966,0.2129679779247752,0.6154627512680411,56.038147138964575,56.038147138964575,3584,0.9782164737916951,101.28348214285714,0.6331421136856079,0.806,0.355601233299075,0.038872691933916424,0.31809338521400776,0.27922069328009136,2048,512,18006,290,73,0.6742033089669474,0.9981672775741419,0.4968924998384371,0.4603700506346476,0.2183929891589633,0.6279191609947808,100,0.2724795640326976,100,363,0.989100817438692,491,363,0.989100817438692,969
1,fa10,boba_ucb,28862,537,0.018605779225278913,2560,416,0.7080829326923077,0.44799206873795516,0.21675452067653056,0.6296760033670257,53.746741154562386,53.746741154562386,4096,0.9822604116138868,128.90625,0.5438148379325867,0.484,0.5311850311850311,0.060941828254847646,0.30838530838530837,0.24744348013046072,2048,512,26302,333,83,0.7076363821953549,0.9897346209413733,0.4562420512518501,0.46020984286050703,0.22350360927056812,0.6435870055925129,100,0.186219739292365,100,480,0.8938547486033519,498,528,0.9832402234636871,912
1,fa10,rabvs_budgeted_no_ucb,28862,537,0.018605779225278913,2560,531,0.8104990583804144,0.44732868345365573,0.21353165591848236,0.6203222976544719,53.746741154562386,51.70101744279703,4096,0.9822604116138868,130.859375,0.5400298833847046,0.655,0.5323076923076923,0.05055401662049862,0.32155232155232155,0.2709983049318229,2048,512,26302,425,106,0.7698709972726583,0.999885940232682,0.4623651319287421,0.4560353016873678,0.21617801845737653,0.6225111489705293,100,0.186219739292365,100,464,0.8640595903165735,497,536,0.9981378026070763,975
2,fa10,boba_ucb,28862,537,0.018605779225278913,2560,425,0.6802941176470588,0.4480367159772299,0.21708012073450733,0.6293795041193416,53.746741154562386,53.746741154562386,4096,0.9822604116138868,130.37109375,0.5383577346801758,0.538,0.5357512953367876,0.06301939058171745,0.3090783090783091,0.24605891849659162,2048,512,26302,340,85,0.646634272692893,0.9764656680100373,0.44647689703077315,0.46177795713696745,0.22557253920431514,0.6475526011837062,100,0.186219739292365,100,490,0.9124767225325885,497,534,0.994413407821229,935
2,fa10,rabvs_budgeted_no_ucb,28862,537,0.018605779225278913,2560,532,0.8043937969924813,0.44718181571929905,0.21346447081862147,0.6203980634760478,53.746741154562386,51.515042559909276,4096,0.9822604116138868,130.615234375,0.5422194004058838,0.655,0.5345717234262126,0.04775086505190312,0.3245492371705964,0.2767983721186933,2048,512,26302,426,106,0.769785887425408,0.999885940232682,0.4580830099537643,0.456802014125414,0.21677767424871194,0.6238515599195591,100,0.186219739292365,100,456,0.8491620111731844,497,535,0.9962756052141527,976
1,fa7,boba_ucb,6364,114,0.017913262099308613,2560,114,0.8558114035087719,0.4464468505824057,0.21411582199409282,0.6162537367253884,55.82456140350877,55.82456140350877,2814,0.944728158390949,40.51172707889126,0.6160455346107483,0.42700000000000005,0.09932279909706546,0.0219435736677116,0.33647798742138363,0.314534413753672,2048,512,3804,91,23,0.6075491743974789,0.8969505783385909,0.4625552633591026,0.48917999543580115,0.24922016342050285,0.691723205496652,100,0.8771929824561403,76,114,1.0,420,114,1.0,801
1,fa7,rabvs_budgeted_no_ucb,6364,114,0.017913262099308613,2560,114,0.8744517543859649,0.44616846147773154,0.2108567195446442,0.6096903447367854,55.82456140350877,54.080043859649116,2814,0.944728158390949,40.51172707889126,0.631962239742279,0.6739999999999999,0.09745293466223699,0.021875,0.33753943217665616,0.3156644321766562,2048,512,3804,91,23,0.6222936680287432,0.9773922187171399,0.4729588442246312,0.4692928256915225,0.22775498602617358,0.6470385027707345,97,0.8508771929824561,83,114,1.0,451,114,1.0,885
2,fa7,boba_ucb,6364,114,0.017913262099308613,2560,113,0.875,0.4464392137832979,0.21360010229685103,0.6146157845127537,55.82456140350877,55.82456140350877,2814,0.944728158390949,40.51172707889126,0.6185067296028137,0.375,0.10360884749708964,0.01567398119122257,0.34276729559748426,0.32709331440626166,2048,512,3804,90,23,0.6136085793222568,0.9169295478443743,0.4670735256631516,0.48979124802109614,0.24881849411638507,0.6908359852738355,100,0.8771929824561403,76,114,1.0,398,114,1.0,781
2,fa7,rabvs_budgeted_no_ucb,6364,114,0.017913262099308613,2560,114,0.8744517543859649,0.44606031753560005,0.2103589758009997,0.6084007277859,55.82456140350877,54.952302631578945,2814,0.944728158390949,40.51172707889126,0.6323642134666443,0.6859999999999999,0.09888888888888889,0.009404388714733543,0.3490566037735849,0.33965221505885135,2048,512,3804,91,23,0.6295517386950538,0.9850157728706624,0.47177415611640977,0.46657222023057826,0.22473867452995844,0.6410673618277009,98,0.8596491228070176,83,114,1.0,448,114,1.0,878
1,fabp4,boba_ucb,2797,47,0.016803718269574545,2560,47,0.824468085106383,0.44756102847974416,0.21848922507079366,0.6303783983689825,59.51063829787233,59.51063829787233,2671,0.8806310332499107,17.59640584050917,0.6668475270271301,0.492,0.019400352733686066,0.04285714285714286,0.29285714285714287,0.25,2048,512,237,38,9,0.677511678581693,0.9831223628691983,0.5294409121593578,0.5390531493332502,0.29604553507635084,0.7869208369993089,47,1.0,66,47,1.0,360,47,1.0,653
1,fabp4,rabvs_budgeted_no_ucb,2797,47,0.016803718269574545,2560,47,0.8590425531914894,0.4468330202433024,0.21461898579215005,0.6233036032244071,39.673758865248224,55.25987841945288,2671,0.8806310332499107,17.222014226881317,0.6555431485176086,0.63,0.017064846416382253,0.04285714285714286,0.29285714285714287,0.25,2048,512,237,38,9,0.6651077093622872,1.0,0.4401765345656937,0.4335003404825316,0.19449400825921326,0.578972529390537,46,0.9787234042553191,72,46,0.9787234042553191,413,46,0.9787234042553191,687
2,fabp4,boba_ucb,2797,47,0.016803718269574545,2560,47,0.8683510638297872,0.4463886904274299,0.21811481841863134,0.6366291359122418,59.51063829787233,59.51063829787233,2671,0.8806310332499107,17.59640584050917,0.666753351688385,0.485,0.02097902097902098,0.02142857142857143,0.3142857142857143,0.29285714285714287,2048,512,237,38,9,0.6809410053823807,0.9957805907172996,0.507679208756028,0.520218795180103,0.27682353574557045,0.7476479611271455,47,1.0,66,47,1.0,363,47,1.0,647
2,fabp4,rabvs_budgeted_no_ucb,2797,47,0.016803718269574545,2560,47,0.8736702127659575,0.44573589841828876,0.2145171895967525,0.628592708302364,39.673758865248224,46.75835866261398,2671,0.8806310332499107,17.222014226881317,0.6554906964302063,0.628,0.019834710743801654,0.02142857142857143,0.3142857142857143,0.29285714285714287,2048,512,237,38,9,0.6692831256052438,1.0,0.4197505494160537,0.4178439505140133,0.18026526365971557,0.5497905845426158,46,0.9787234042553191,69,46,0.9787234042553191,414,46,0.9787234042553191,689
1,fak1,boba_ucb,5450,100,0.01834862385321101,2560,97,0.8698453608247423,0.44429817934403143,0.20909749603848243,0.6061694426273058,54.5,54.5,2778,0.9362844036697248,35.99712023038157,0.618285596370697,0.5349999999999999,0.04656319290465632,0.02564102564102564,0.34191176470588236,0.3162707390648567,2048,512,2890,78,19,0.6310908522548407,0.9653979238754326,0.4891662097595609,0.4803590455473103,0.23775156230664415,0.6688021922380625,98,0.98,44,100,1.0,424,100,1.0,879
1,fak1,rabvs_budgeted_no_ucb,5450,100,0.01834862385321101,2560,99,0.8712121212121212,0.4440516389400497,0.20774932220098824,0.6036177142689532,54.5,53.49074074074074,2778,0.9362844036697248,35.63714902807776,0.6134933233261108,0.808,0.046223224351747465,0.032846715328467155,0.33579335793357934,0.30294664260511217,2048,512,2890,79,20,0.6283944379720321,0.9854671280276817,0.4885090330936183,0.4719052882548781,0.22805296704381675,0.6483812853959321,93,0.93,50,99,0.99,442,99,0.99,927
2,fak1,boba_ucb,5450,100,0.01834862385321101,2560,100,0.834375,0.44415366796212125,0.2097051365908953,0.6084149430677479,54.5,54.5,2778,0.9362844036697248,35.99712023038157,0.6171825528144836,0.489,0.046357615894039736,0.029304029304029304,0.3382352941176471,0.30893126481361777,2048,512,2890,80,20,0.6101062517411584,0.9397923875432526,0.4905372539626563,0.4842841257720861,0.24083541533554886,0.6747424074417401,100,1.0,44,100,1.0,425,100,1.0,889
2,fak1,rabvs_budgeted_no_ucb,5450,100,0.01834862385321101,2560,100,0.866875,0.4441153416756384,0.20753984871160663,0.603117543289916,54.5,53.49074074074074,2778,0.9362844036697248,35.99712023038157,0.6168119311332703,0.792,0.0467706013363029,0.029304029304029304,0.3382352941176471,0.30893126481361777,2048,512,2890,80,20,0.619242615126648,0.9761245674740484,0.4904456345912339,0.4742932580700157,0.22999476225386295,0.6524473810331143,94,0.94,50,100,1.0,442,100,1.0,931
1,fgfr1,boba_ucb,8839,139,0.01572576083267338,2560,122,0.805327868852459,0.45293421776606246,0.22255449951856238,0.6444780438466349,63.589928057553955,63.589928057553955,3072,0.9565561715126145,45.247395833333336,0.6170674562454224,0.499,0.132829373650108,0.07239819004524888,0.2398190045248869,0.16742081447963802,2048,512,6279,98,24,0.7197493680237991,0.9843924191750278,0.4725794242490619,0.4696735004637082,0.2332224353979515,0.6670979880682323,100,0.7194244604316546,100,136,0.9784172661870504,462,139,1.0,892
1,fgfr1,rabvs_budgeted_no_ucb,8839,139,0.01572576083267338,2560,138,0.8328804347826086,0.4513708737168897,0.21856534762238866,0.6377456573795721,63.589928057553955,49.860284499672986,3072,0.9565561715126145,45.247395833333336,0.6169180870056152,0.768,0.13015873015873017,0.0746606334841629,0.2398190045248869,0.165158371040724,2048,512,6279,110,28,0.7220108496071982,0.9992036948558688,0.48293593831524345,0.4554951053928167,0.21464562878586227,0.6200472102722879,81,0.5827338129496403,100,139,1.0,474,139,1.0,961
2,fgfr1,boba_ucb,8839,139,0.01572576083267338,2560,130,0.79375,0.4512129461823626,0.22169274856440332,0.649657531687584,63.589928057553955,63.589928057553955,3072,0.9565561715126145,45.247395833333336,0.6205897927284241,0.491,0.13127001067235858,0.06561085972850679,0.248868778280543,0.18325791855203621,2048,512,6279,104,26,0.7600875851308654,0.9837553750597229,0.4699368824210138,0.46841985509127815,0.2319879466783993,0.6651665679112577,100,0.7194244604316546,100,138,0.9928057553956835,467,139,1.0,908
2,fgfr1,rabvs_budgeted_no_ucb,8839,139,0.01572576083267338,2560,137,0.8280109489051095,0.451081992323051,0.21775158684529577,0.6360646248152844,63.589928057553955,49.137671680837144,3072,0.9565561715126145,45.247395833333336,0.6182226538658142,0.784,0.12906610703043023,0.07239819004524888,0.2420814479638009,0.16968325791855204,2048,512,6279,110,27,0.7054915557707565,0.9995222169135213,0.48063653336808493,0.4564173453418049,0.21591561212708085,0.6225100530611041,74,0.5323741007194245,100,138,0.9928057553956835,479,139,1.0,971
1,fkb1a,boba_ucb,5911,111,0.018778548468956182,2560,110,0.8721590909090909,0.44388583144030236,0.2090448573115152,0.6054096809615712,53.252252252252255,53.252252252252255,2796,0.940872948739638,39.69957081545064,0.6108916997909546,0.509,0.10344827586206896,0.016891891891891893,0.3581081081081081,0.34121621621621623,2048,512,3351,88,22,0.6020687281637193,0.9385258131900925,0.4904136992927499,0.4843316277122402,0.24091383356456908,0.6747340827916651,100,0.9009009009009009,80,111,1.0,435,111,1.0,856
1,fkb1a,rabvs_budgeted_no_ucb,5911,111,0.018778548468956182,2560,111,0.875,0.4437646299394879,0.20740162065247486,0.6026616203814213,53.252252252252255,53.252252252252255,2796,0.940872948739638,39.69957081545064,0.608009934425354,0.762,0.09793253536452666,0.006756756756756757,0.36824324324324326,0.3614864864864865,2048,512,3351,89,22,0.6345910238021766,0.9925395404356908,0.48745849913753064,0.4681908010799126,0.22438231440024523,0.6408707084734475,100,0.9009009009009009,88,111,1.0,469,111,1.0,949
2,fkb1a,boba_ucb,5911,111,0.018778548468956182,2560,110,0.8721590909090909,0.4437243360582013,0.20857423452693033,0.6046084109849877,53.252252252252255,53.252252252252255,2796,0.940872948739638,39.69957081545064,0.6161060333251953,0.498,0.10295857988165681,0.016891891891891893,0.3581081081081081,0.34121621621621623,2048,512,3351,88,22,0.6111345661555084,0.9528498955535661,0.49121140160563725,0.4819801892530853,0.23861021827956144,0.6700816932942253,100,0.9009009009009009,80,111,1.0,423,111,1.0,828
2,fkb1a,rabvs_budgeted_no_ucb,5911,111,0.018778548468956182,2560,111,0.875,0.4438529330324237,0.20753355188710945,0.6027992605546257,53.252252252252255,53.252252252252255,2796,0.940872948739638,39.69957081545064,0.6099808216094971,0.745,0.09375,0.010135135135135136,0.36486486486486486,0.3547297297297297,2048,512,3351,89,22,0.6049163840603422,0.9626977021784542,0.49594769442122605,0.4700066278784449,0.22644661935532298,0.6449776292943581,100,0.9009009009009009,88,111,1.0,471,111,1.0,945
1,fnta,boba_ucb,50592,592,0.01170145477545857,2560,376,0.7908909574468085,0.4629267595335981,0.22898880517789358,0.6500097155258708,85.45945945945945,85.45945945945945,5120,0.9873497786211258,111.9140625,0.511290431022644,0.7070000000000001,0.5673469387755102,0.040711462450592886,0.19090909090909092,0.15019762845849804,2048,512,48032,301,75,0.6455928145040145,0.9734760159893404,0.4767084931731194,0.47181371026545216,0.23482525680413877,0.6636932880359739,100,0.16891891891891891,100,500,0.8445945945945946,500,573,0.9679054054054054,979
1,fnta,rabvs_budgeted_no_ucb,50592,592,0.01170145477545857,2560,574,0.8059668989547039,0.46169955832806614,0.22489995359486886,0.6414939041630968,85.45945945945945,79.21044760175195,5120,0.9873497786211258,113.4765625,0.5193098783493042,0.8,0.5749235474006116,0.025296442687747035,0.20790513833992094,0.1826086956521739,2048,512,48032,459,115,0.7895801782774097,0.9996044303797469,0.4992875441034403,0.4689607065382305,0.22819844679426488,0.6474589472885167,100,0.16891891891891891,100,463,0.7820945945945946,500,581,0.981418918918919,989
2,fnta,boba_ucb,50592,592,0.01170145477545857,2560,337,0.7772626112759644,0.4637394930375495,0.23007552110378438,0.6516420288343757,85.45945945945945,84.95278282234804,5120,0.9873497786211258,112.6953125,0.5209789276123047,0.6619999999999999,0.5725971370143149,0.05731225296442688,0.17470355731225296,0.11739130434782608,2048,512,48032,270,67,0.6768793642857023,0.9831778814123917,0.48325076705718495,0.4721607682319532,0.23540194667609676,0.6640593759453999,100,0.16891891891891891,100,497,0.839527027027027,500,577,0.9746621621621622,952
2,fnta,rabvs_budgeted_no_ucb,50592,592,0.01170145477545857,2560,578,0.8014705882352942,0.4616431892183588,0.2250514329829866,0.6425403868363323,85.45945945945945,77.69041769041769,5120,0.9873497786211258,113.671875,0.5256285667419434,0.789,0.5775510204081633,0.030434782608695653,0.20237154150197628,0.17193675889328064,2048,512,48032,462,116,0.8054878822438886,0.999687708194537,0.4966303329086337,0.4679548893457745,0.2272688477650746,0.645502500693645,100,0.16891891891891891,100,454,0.7668918918918919,500,582,0.9831081081081081,982
1,fpps,boba_ucb,8935,85,0.009513150531617236,2560,85,0.875,0.4656709863735538,0.23042955183793878,0.6509948487580625,105.11764705882352,100.39325842696628,3072,0.9570229434806939,27.669270833333332,0.5854556560516357,0.42800000000000005,0.05449591280653951,0.0022371364653243847,0.18791946308724833,0.18568232662192394,2048,512,6375,68,17,0.602335292420017,0.8516078431372549,0.5149049767781074,0.4908608132085024,0.2515686340287677,0.6964585521053682,85,1.0,68,85,1.0,375,85,1.0,695
1,fpps,rabvs_budgeted_no_ucb,8935,85,0.009513150531617236,2560,85,0.875,0.46556059863391747,0.2272482270040102,0.6442410986145721,105.11764705882352,100.39325842696628,3072,0.9570229434806939,27.669270833333332,0.5898791551589966,0.722,0.0488997555012225,0.0,0.19015659955257272,0.19015659955257272,2048,512,6375,68,17,0.635334197098477,0.9785098039215686,0.5056441644213986,0.4744213333024473,0.233223640943733,0.658075865849484,85,1.0,68,85,1.0,435,85,1.0,816
2,fpps,boba_ucb,8935,85,0.009513150531617236,2560,85,0.875,0.46550323769616314,0.23080631561206608,0.6525107624961474,105.11764705882352,100.39325842696628,3072,0.9570229434806939,27.669270833333332,0.6118283271789551,0.41400000000000003,0.06149732620320856,0.0,0.19015659955257272,0.19015659955257272,2048,512,6375,68,17,0.6187475116502081,0.8917647058823529,0.5177750080437864,0.49189555155441167,0.2528132146283837,0.7000879859144117,85,1.0,69,85,1.0,376,85,1.0,676
2,fpps,rabvs_budgeted_no_ucb,8935,85,0.009513150531617236,2560,85,0.875,0.4655636365557864,0.2271330999226459,0.6440274887166791,105.11764705882352,100.39325842696628,3072,0.9570229434806939,27.669270833333332,0.5886723399162292,0.71,0.055222088835534214,0.0022371364653243847,0.18791946308724833,0.18568232662192394,2048,512,6375,68,17,0.6347325755772034,0.976,0.5077662921312586,0.4741998394357495,0.2327817480116498,0.6572895069712007,85,1.0,68,85,1.0,425,85,1.0,815
1,gcr,boba_ucb,15257,258,0.016910270695418495,2560,235,0.7898936170212766,0.44965767460326594,0.21703441400905765,0.6323348996232041,59.13565891472869,59.13565891472869,3328,0.9727338270957593,76.62259615384616,0.6196854710578918,0.5900000000000001,0.2518440463645943,0.056282722513089,0.27916120576671033,0.22287848325362133,2048,512,12697,188,47,0.7238483393303873,0.9913365361896511,0.4808297561407482,0.46371093908591143,0.2239294215468416,0.6441372155487927,100,0.3875968992248062,100,250,0.9689922480620154,476,255,0.9883720930232558,908
1,gcr,rabvs_budgeted_no_ucb,15257,258,0.016910270695418495,2560,255,0.825,0.4488772713641066,0.215053760038894,0.6316999232214963,59.13565891472869,59.13565891472869,3328,0.9727338270957593,77.52403846153847,0.6172818541526794,0.795,0.25,0.045871559633027525,0.29226736566186107,0.24639580602883354,2048,512,12697,204,51,0.8023643969809521,0.9998424824761755,0.4790436886928026,0.4551268559005215,0.21343733297629966,0.6179876368945445,100,0.3875968992248062,100,257,0.9961240310077519,476,258,1.0,954
2,gcr,boba_ucb,15257,258,0.016910270695418495,2560,236,0.7703919491525424,0.44919292023315094,0.21729286138275125,0.6361782751491191,59.13565891472869,59.13565891472869,3328,0.9727338270957593,76.32211538461539,0.6155778765678406,0.56,0.2534611288604899,0.0693717277486911,0.26474442988204455,0.19537270213335345,2048,512,12697,189,47,0.6876501557069256,0.9830668661888635,0.479921920272272,0.4650579034991524,0.2261390924868508,0.653313169243172,100,0.3875968992248062,100,247,0.9573643410852714,464,254,0.9844961240310077,890
2,gcr,rabvs_budgeted_no_ucb,15257,258,0.016910270695418495,2560,256,0.82470703125,0.4487340614862636,0.21483832606164485,0.6319146682571872,59.13565891472869,59.13565891472869,3328,0.9727338270957593,77.2235576923077,0.6114445924758911,0.782,0.25448785638859556,0.057667103538663174,0.2804718217562254,0.22280471821756226,2048,512,12697,205,51,0.8218033548787541,0.9996849649523509,0.47949700701801273,0.4555732314650907,0.2135934345478842,0.618442899811128,100,0.3875968992248062,100,256,0.9922480620155039,476,257,0.9961240310077519,960
1,glcm,boba_ucb,3854,54,0.01401141670991178,2560,54,0.8553240740740741,0.4558137272382811,0.22398714735330613,0.642135397490391,71.37037037037038,71.37037037037038,2714,0.9119745718733783,19.89683124539425,0.6849347949028015,0.5589999999999999,0.020967741935483872,0.06735751295336788,0.21243523316062177,0.1450777202072539,2048,512,1294,43,11,0.6945864475863207,1.0,0.506941684890697,0.4778345964582152,0.23627425671629101,0.6636451832014794,54,1.0,66,54,1.0,344,54,1.0,667
1,glcm,rabvs_budgeted_no_ucb,3854,54,0.01401141670991178,2560,54,0.8715277777777778,0.4551714289910039,0.2234965256439,0.6434060789233603,71.37037037037038,56.730294396961064,2714,0.9119745718733783,19.89683124539425,0.6911307573318481,0.752,0.020155038759689922,0.06217616580310881,0.21761658031088082,0.15544041450777202,2048,512,1294,43,11,0.6775746167212889,0.9969088098918083,0.5168704089109137,0.47438427089406754,0.23456666699324555,0.6601278076061969,54,1.0,69,54,1.0,403,54,1.0,752
2,glcm,boba_ucb,3854,54,0.01401141670991178,2560,54,0.8576388888888888,0.45551052081012994,0.22302222447445777,0.6400691737414012,71.37037037037038,71.37037037037038,2714,0.9119745718733783,19.89683124539425,0.6841686964035034,0.575,0.02680067001675042,0.06735751295336788,0.21243523316062177,0.1450777202072539,2048,512,1294,43,11,0.6781159699051089,0.991499227202473,0.5019513697433464,0.4726222813469073,0.23228702816643043,0.6559654827404291,54,1.0,66,54,1.0,356,54,1.0,654
2,glcm,rabvs_budgeted_no_ucb,3854,54,0.01401141670991178,2560,54,0.8715277777777778,0.45535969675516413,0.2234842435352064,0.6418239713041984,71.37037037037038,60.390313390313395,2714,0.9119745718733783,19.89683124539425,0.6884509325027466,0.769,0.024242424242424242,0.06217616580310881,0.21761658031088082,0.15544041450777202,2048,512,1294,43,11,0.65887347213757,0.9945904173106646,0.5191899580207463,0.47818018186917066,0.23767647984097115,0.6665040401659345,54,1.0,69,54,1.0,400,54,1.0,753
1,gria2,boba_ucb,12003,158,0.01316337582271099,2560,125,0.799,0.45877062417557224,0.22969244949163126,0.6703828869601741,75.96835443037975,75.96835443037975,3072,0.9680079980004999,46.549479166666664,0.655427873134613,0.45099999999999996,0.1443661971830986,0.051580698835274545,0.18666666666666668,0.13508596783139212,2048,512,9443,100,25,0.7082885865910176,0.9779731017685058,0.4994387792001796,0.47373719558407357,0.2386328126090999,0.6781244711779344,100,0.6329113924050633,100,139,0.879746835443038,443,143,0.9050632911392406,799
1,gria2,rabvs_budgeted_no_ucb,12003,158,0.01316337582271099,2560,154,0.7816558441558441,0.45757460578887876,0.2242713788975742,0.6540159979071466,75.96835443037975,58.875474683544304,3072,0.9680079980004999,50.78125,0.6486526131629944,0.698,0.14361140443505807,0.056572379367720464,0.20166666666666666,0.1450942872989462,2048,512,9443,123,31,0.7948625765439531,0.9997882029016203,0.49570411835732464,0.45800581790807465,0.2179818649251453,0.6265792151178419,73,0.4620253164556962,99,155,0.9810126582278481,475,156,0.9873417721518988,952
2,gria2,boba_ucb,12003,158,0.01316337582271099,2560,134,0.808768656716418,0.4581134803036947,0.228267174180004,0.6653590666858598,75.96835443037975,75.96835443037975,3072,0.9680079980004999,50.455729166666664,0.6561877727508545,0.41900000000000004,0.15254237288135594,0.05823627287853577,0.2,0.14176372712146423,2048,512,9443,107,27,0.7121434118092238,0.9787143916128349,0.49877837210755427,0.4719064448097627,0.23607306638389786,0.673005820643807,100,0.6329113924050633,100,154,0.9746835443037974,452,155,0.9810126582278481,840
2,gria2,rabvs_budgeted_no_ucb,12003,158,0.01316337582271099,2560,154,0.8340097402597403,0.4572770675546907,0.22482342704399333,0.6582385538319283,75.96835443037975,55.07705696202531,3072,0.9680079980004999,50.455729166666664,0.6470350623130798,0.688,0.14469453376205788,0.048252911813643926,0.21,0.16174708818635608,2048,512,9443,123,31,0.7609204795515397,1.0,0.4958551819506044,0.4564966745783852,0.21663141173157202,0.6236392169754824,67,0.4240506329113924,100,154,0.9746835443037974,463,155,0.9810126582278481,940
1,grik1,boba_ucb,6651,101,0.015185686362952939,2560,99,0.8181818181818182,0.4523654297296866,0.21954387048117974,0.6328473210406762,65.85148514851485,65.85148514851485,2816,0.9470756277251541,35.86647727272727,0.6579131484031677,0.493,0.07628294036061026,0.03003003003003003,0.2732732732732733,0.24324324324324326,2048,512,4091,79,20,0.6605003487895935,0.971156196528966,0.4851096011317362,0.4783486854316731,0.23840110326504024,0.6745856025278918,100,0.9900990099009901,53,101,1.0,376,101,1.0,733
1,grik1,rabvs_budgeted_no_ucb,6651,101,0.015185686362952939,2560,101,0.8712871287128713,0.45257584541348034,0.21736305332632846,0.6260657291861926,65.85148514851485,60.93719521205852,2816,0.9470756277251541,35.86647727272727,0.6586723327636719,0.748,0.06875,0.036036036036036036,0.2672672672672673,0.23123123123123127,2048,512,4091,81,20,0.6616407695110872,0.9909557565387436,0.4887015850955412,0.4671931791269047,0.22478983386533938,0.641412311327898,88,0.8712871287128713,63,101,1.0,414,101,1.0,834
2,grik1,boba_ucb,6651,101,0.015185686362952939,2560,101,0.8353960396039604,0.4522254847821913,0.21982176918387122,0.6345647996509629,65.85148514851485,65.85148514851485,2816,0.9470756277251541,35.86647727272727,0.6597785949707031,0.476,0.06666666666666667,0.03303303303303303,0.2702702702702703,0.23723723723723725,2048,512,4091,81,20,0.6731951641857903,0.9772671718406257,0.4908990020562119,0.47854688269632595,0.2378367253474895,0.6701782617582747,100,0.9900990099009901,52,101,1.0,371,101,1.0,736
2,grik1,rabvs_budgeted_no_ucb,6651,101,0.015185686362952939,2560,101,0.8743811881188119,0.4524654406617254,0.2178264340744017,0.627927414619155,65.85148514851485,57.98862125018472,2816,0.9470756277251541,35.86647727272727,0.6599518656730652,0.729,0.06142506142506143,0.036036036036036036,0.2672672672672673,0.23123123123123127,2048,512,4091,81,20,0.6531088858517136,0.9872891713517478,0.486955235873755,0.46693030985140366,0.22463412198618457,0.6410576779892083,84,0.8316831683168316,66,101,1.0,415,101,1.0,829
1,hdac2,boba_ucb,10485,185,0.01764425369575584,2560,182,0.832760989010989,0.44735877743062086,0.2135840377694806,0.6227874843265336,56.67567567567568,56.67567567567568,3072,0.9633762517882689,60.221354166666664,0.622392475605011,0.372,0.18642117376294592,0.0380952380952381,0.3148854961832061,0.276790258087968,2048,512,7925,146,36,0.6311220732650283,0.9745110410094637,0.49018732224719436,0.4690352778692169,0.22742882512116433,0.647688190925482,100,0.5405405405405406,100,185,1.0,450,185,1.0,836
1,hdac2,rabvs_budgeted_no_ucb,10485,185,0.01764425369575584,2560,185,0.8665540540540541,0.4472583735421575,0.21244594603395633,0.620769566603646,11.335135135135136,52.35752895752896,3072,0.9633762517882689,60.221354166666664,0.6119627952575684,0.661,0.16981132075471697,0.03428571428571429,0.3187022900763359,0.2844165757906216,2048,512,7925,148,37,0.734933486296853,0.9997476340694006,0.4876018512463966,0.461302806830088,0.21888273574251363,0.6291076733533916,92,0.4972972972972973,100,185,1.0,494,185,1.0,972
2,hdac2,boba_ucb,10485,185,0.01764425369575584,2560,181,0.8539364640883977,0.4476472316398017,0.21442335205260632,0.6223094002968885,56.67567567567568,56.67567567567568,3072,0.9633762517882689,60.221354166666664,0.6255691051483154,0.353,0.18903150525087514,0.02857142857142857,0.3244274809160305,0.29585605234460194,2048,512,7925,145,36,0.6319097019955066,0.9704731861198738,0.49020401888262527,0.47119328886637873,0.23025852038623132,0.6561035473479546,100,0.5405405405405406,100,185,1.0,463,185,1.0,830
2,hdac2,rabvs_budgeted_no_ucb,10485,185,0.01764425369575584,2560,180,0.8729166666666667,0.4476641828880145,0.21241279952619221,0.6151887609246325,45.340540540540545,55.596138996139,3072,0.9633762517882689,60.221354166666664,0.6081897020339966,0.683,0.1694560669456067,0.02095238095238095,0.3320610687022901,0.31110868774990913,2048,512,7925,144,36,0.6309224131519847,0.9888958990536277,0.4965505367627466,0.4694442556453319,0.22705897913579265,0.6456871885629759,98,0.5297297297297298,100,184,0.9945945945945946,493,185,1.0,973
1,hdac8,boba_ucb,10620,170,0.0160075329566855,2560,165,0.8507575757575757,0.4505544696363174,0.2150538797968318,0.6196182390211245,62.470588235294116,62.470588235294116,3072,0.9638418079096045,55.338541666666664,0.6213729381561279,0.41300000000000003,0.1794871794871795,0.02824858757062147,0.2919020715630885,0.263653483992467,2048,512,8060,132,33,0.6126349665383766,0.9686104218362283,0.4987032022938849,0.4750819589995014,0.23273853181139095,0.6581530548169481,100,0.5882352941176471,100,169,0.9941176470588236,443,170,1.0,799
1,hdac8,rabvs_budgeted_no_ucb,10620,170,0.0160075329566855,2560,166,0.8723644578313253,0.4503296171587281,0.21361941072831933,0.616635829943178,51.112299465240646,61.29189789123196,3072,0.9638418079096045,55.013020833333336,0.6241502165794373,0.729,0.15287958115183245,0.02824858757062147,0.2919020715630885,0.263653483992467,2048,512,8060,133,33,0.6307819614192213,0.9869727047146402,0.5011007536633524,0.47082705153972515,0.22780477597410084,0.6474328414038168,98,0.5764705882352941,100,168,0.9882352941176471,500,169,0.9941176470588236,980
2,hdac8,boba_ucb,10620,170,0.0160075329566855,2560,169,0.853180473372781,0.45057113423932654,0.21613200018417156,0.6245832423294124,62.470588235294116,62.470588235294116,3072,0.9638418079096045,55.338541666666664,0.640555202960968,0.42100000000000004,0.1720554272517321,0.032015065913371,0.288135593220339,0.256120527306968,2048,512,8060,135,34,0.631980571513194,0.9769230769230769,0.4988112889812626,0.47324214898516825,0.23082184919344023,0.6544548196963872,100,0.5882352941176471,100,170,1.0,454,170,1.0,831
2,hdac8,rabvs_budgeted_no_ucb,10620,170,0.0160075329566855,2560,170,0.8661764705882353,0.4502793768165609,0.21408194633904556,0.6204246151990663,28.39572192513369,58.93451720310766,3072,0.9638418079096045,55.338541666666664,0.6301555633544922,0.7110000000000001,0.15569487983281086,0.03389830508474576,0.2862523540489642,0.2523540489642184,2048,512,8060,136,34,0.6509507878265236,0.996650124069479,0.4980880151543675,0.4674975169963551,0.22416497748157843,0.6400265093522853,94,0.5529411764705883,100,170,1.0,493,170,1.0,980
1,hivint,boba_ucb,6750,100,0.014814814814814815,2560,98,0.8545918367346939,0.4532953279128324,0.2191123949213264,0.6309675886113143,67.5,67.5,2816,0.9478518518518518,35.51136363636364,0.6400638818740845,0.46499999999999997,0.08747044917257683,0.020710059171597635,0.27299703264094954,0.2522869734693519,2048,512,4190,78,20,0.6200743450605464,0.9591885441527447,0.5119593985904779,0.47893601330074287,0.23809245511798524,0.6718547727126839,98,0.98,77,99,0.99,421,100,1.0,835
1,hivint,rabvs_budgeted_no_ucb,6750,100,0.014814814814814815,2560,100,0.861875,0.4525943901685927,0.21801080074898938,0.6343338743319239,67.5,62.536764705882355,2816,0.9478518518518518,35.51136363636364,0.641940176486969,0.784,0.08078602620087336,0.023668639053254437,0.27299703264094954,0.2493283935876951,2048,512,4190,80,20,0.664823870253668,0.9978520286396182,0.5041780449651798,0.4674315360958721,0.22495843200875015,0.6412218143999451,78,0.78,87,100,1.0,461,100,1.0,947
2,hivint,boba_ucb,6750,100,0.014814814814814815,2560,99,0.8623737373737373,0.45301113309918406,0.21938848187314808,0.6344605859770608,67.5,67.5,2816,0.9478518518518518,35.51136363636364,0.653184175491333,0.476,0.09685230024213075,0.026627218934911243,0.27002967359050445,0.2434024546555932,2048,512,4190,79,20,0.6554623604034406,0.981145584725537,0.5069402718295838,0.47697124815073133,0.23530329237010095,0.6637556523827631,98,0.98,77,100,1.0,419,100,1.0,812
2,hivint,rabvs_budgeted_no_ucb,6750,100,0.014814814814814815,2560,99,0.8699494949494949,0.45333809914168005,0.2183319147881378,0.629621669261777,67.5,62.536764705882355,2816,0.9478518518518518,35.15625,0.6380574703216553,0.786,0.08440170940170941,0.023668639053254437,0.27299703264094954,0.2493283935876951,2048,512,4190,79,20,0.6366364399576624,0.9861575178997614,0.5133197469666206,0.47558477136469307,0.23303035771408726,0.6579168083650911,82,0.82,84,99,0.99,471,99,0.99,951
1,hivpr,boba_ucb,36286,536,0.0147715372319903,2560,312,0.858573717948718,0.45698641718137034,0.224276681639529,0.6403022167346615,67.69776119402985,67.69776119402985,4352,0.9850079920630547,118.10661764705883,0.5081389546394348,0.623,0.51340206185567,0.06611570247933884,0.22712238147739802,0.16100667899805918,2048,512,33726,250,62,0.6415523563682436,0.9588448081598766,0.4683671679940746,0.4673954279501962,0.23105534591427082,0.6555014465618982,100,0.1865671641791045,100,487,0.9085820895522388,497,514,0.9589552238805971,916
1,hivpr,rabvs_budgeted_no_ucb,36286,536,0.0147715372319903,2560,511,0.827421722113503,0.45551580157000476,0.22003948152245392,0.6322093976480763,67.69776119402985,67.69776119402985,4352,0.9850079920630547,120.17463235294117,0.5197377800941467,0.795,0.5173469387755102,0.02809917355371901,0.26460859977949286,0.23650942622577384,2048,512,33726,409,102,0.6988491399512644,0.9989622249896223,0.4845991784436693,0.46408413725145675,0.22373909674905257,0.6385268159060804,100,0.1865671641791045,100,478,0.8917910447761194,496,523,0.9757462686567164,975
2,hivpr,boba_ucb,36286,536,0.0147715372319903,2560,338,0.764792899408284,0.45677940617458623,0.22441559364750094,0.6411969868592591,67.69776119402985,67.69776119402985,4352,0.9850079920630547,118.56617647058823,0.4995265603065491,0.5880000000000001,0.5112936344969199,0.05674931129476584,0.23318632855567806,0.1764370172609122,2048,512,33726,270,68,0.6584045711906636,0.9765166340508806,0.46468689825368964,0.4672144119092582,0.23103032975976198,0.6557375659891602,100,0.1865671641791045,100,489,0.9123134328358209,498,516,0.9626865671641791,913
2,hivpr,rabvs_budgeted_no_ucb,36286,536,0.0147715372319903,2560,513,0.8278508771929824,0.4555362848338751,0.22004004503281271,0.6318265627981385,67.69776119402985,67.69776119402985,4352,0.9850079920630547,121.09375,0.5213243365287781,0.792,0.5204081632653061,0.024242424242424242,0.2695700110253583,0.2453275867829341,2048,512,33726,410,103,0.7787370074216454,0.9999110478562533,0.4835168861026686,0.4636703809758893,0.22341508218645742,0.6378478787008618,100,0.1865671641791045,100,479,0.8936567164179104,499,527,0.9832089552238806,972
1,hivrt,boba_ucb,19229,338,0.017577617140776953,2560,244,0.5373975409836066,0.4495520220594823,0.2220735602570028,0.6689747183116045,56.890532544378694,56.890532544378694,3584,0.9767018565708045,82.86830357142857,0.6100788116455078,0.5449999999999999,0.3064340239912759,0.09043659043659044,0.24557752341311134,0.1551409329765209,2048,512,16669,195,49,0.9150359961077669,0.9934009238706581,0.47955882743825706,0.45282052047393123,0.21783350240375862,0.640379789368786,100,0.2958579881656805,100,274,0.8106508875739645,485,297,0.878698224852071,909
1,hivrt,rabvs_budgeted_no_ucb,19229,338,0.017577617140776953,2560,292,0.7335188356164384,0.4496198829034386,0.22122159310696396,0.663266661006044,56.890532544378694,40.89007026627218,3584,0.9767018565708045,84.26339285714286,0.6053977012634277,0.594,0.30620985010706636,0.08108108108108109,0.24661810613943808,0.165537025058357,2048,512,16669,234,58,0.9462164613392632,0.9995800587917691,0.4764526435802728,0.44443775604325353,0.20742592062311538,0.6075415346672564,100,0.2958579881656805,100,287,0.849112426035503,495,302,0.893491124260355,950
2,hivrt,boba_ucb,19229,338,0.017577617140776953,2560,237,0.6294831223628692,0.44997152128182105,0.2240913776068147,0.673597948170245,56.890532544378694,56.890532544378694,3584,0.9767018565708045,81.47321428571429,0.6026401519775391,0.496,0.29577464788732394,0.07796257796257797,0.25390218522372526,0.1759396072611473,2048,512,16669,190,47,0.9172514170463505,0.9907013018177455,0.4769799273429752,0.45522599272299424,0.22255649734486194,0.6575338526007445,100,0.2958579881656805,100,263,0.7781065088757396,477,292,0.863905325443787,905
2,hivrt,rabvs_budgeted_no_ucb,19229,338,0.017577617140776953,2560,291,0.7066151202749141,0.4497170429507669,0.22259650561974811,0.6669020354311851,56.890532544378694,41.18637512327416,3584,0.9767018565708045,83.70535714285714,0.612855076789856,0.585,0.2968421052631579,0.079002079002079,0.2518210197710718,0.1728189407689928,2048,512,16669,233,58,0.9650286933310785,0.9995200671905933,0.46812732190134315,0.4412790398084969,0.2072508064562735,0.6098014676007887,100,0.2958579881656805,100,287,0.849112426035503,494,300,0.8875739644970414,959
1,hmdh,boba_ucb,8920,170,0.01905829596412556,2560,166,0.875,0.4448823115858216,0.21234845484722958,0.6118666915473558,52.470588235294116,52.470588235294116,3072,0.95695067264574,55.338541666666664,0.5992979407310486,0.528,0.16259298618490967,0.01569506726457399,0.3654708520179372,0.34977578475336324,2048,512,6360,133,33,0.5870871949022951,0.8778301886792453,0.45773249692153933,0.47905095849690094,0.2391039877160481,0.6710563739746369,100,0.5882352941176471,100,170,1.0,454,170,1.0,887
1,hmdh,rabvs_budgeted_no_ucb,8920,170,0.01905829596412556,2560,170,0.8738970588235294,0.44559447496105725,0.20993956876742642,0.6074813079951068,52.470588235294116,52.470588235294116,3072,0.95695067264574,55.338541666666664,0.6058472990989685,0.881,0.1612223393045311,0.013452914798206279,0.36771300448430494,0.3542600896860987,2048,512,6360,136,34,0.6388782599408211,0.9919811320754717,0.4702268246103075,0.4579875474799951,0.21723919080557946,0.6252030770273386,100,0.5882352941176471,100,170,1.0,493,170,1.0,963
2,hmdh,boba_ucb,8920,170,0.01905829596412556,2560,170,0.8580882352941176,0.44639944561755096,0.2144605838825119,0.6156710477122342,52.470588235294116,52.470588235294116,3072,0.95695067264574,55.338541666666664,0.6104191541671753,0.5489999999999999,0.16887417218543047,0.011210762331838564,0.36995515695067266,0.3587443946188341,2048,512,6360,136,34,0.6224317021553746,0.9569182389937106,0.45819191115855384,0.47561411625471106,0.23550978925617036,0.6633537959660565,100,0.5882352941176471,100,170,1.0,445,170,1.0,853
2,hmdh,rabvs_budgeted_no_ucb,8920,170,0.01905829596412556,2560,170,0.8746323529411765,0.44562804399694766,0.21004430342231573,0.6077581442333387,52.470588235294116,52.470588235294116,3072,0.95695067264574,55.338541666666664,0.6097252368927002,0.881,0.15904365904365905,0.011210762331838564,0.36995515695067266,0.3587443946188341,2048,512,6360,136,34,0.6273022999845839,0.9872641509433963,0.46792809032883803,0.4568248884458746,0.21583700801737846,0.622431904689312,100,0.5882352941176471,100,170,1.0,491,170,1.0,960
1,hs90a,boba_ucb,4938,88,0.017820980153908466,2560,88,0.8579545454545454,0.44557915940574155,0.21109128657288284,0.6106685890778658,56.11363636363636,56.11363636363636,2757,0.9302095990279465,31.91875226695684,0.630416214466095,0.51,0.03411764705882353,0.024291497975708502,0.3319838056680162,0.3076923076923077,2048,512,2378,70,18,0.6201745650812236,0.9684608915054668,0.49201415532777515,0.4874374479119937,0.24383577378682597,0.6807521304104853,88,1.0,42,88,1.0,407,88,1.0,844
1,hs90a,rabvs_budgeted_no_ucb,4938,88,0.017820980153908466,2560,88,0.875,0.4453081613333268,0.2092453619231981,0.6069499423208089,56.11363636363636,54.96846011131725,2757,0.9302095990279465,31.91875226695684,0.6303437352180481,0.754,0.0330672748004561,0.024291497975708502,0.3319838056680162,0.3076923076923077,2048,512,2378,70,18,0.6246462857551128,0.9873843566021867,0.49265831655728154,0.4726774601379637,0.22919386129161531,0.6504062011781465,88,1.0,43,88,1.0,437,88,1.0,908
2,hs90a,boba_ucb,4938,88,0.017820980153908466,2560,88,0.8707386363636364,0.44553416263732226,0.21114136840639067,0.6108995765735679,56.11363636363636,56.11363636363636,2757,0.9302095990279465,31.91875226695684,0.628494143486023,0.485,0.03591470258136925,0.024291497975708502,0.3319838056680162,0.3076923076923077,2048,512,2378,70,18,0.6145036240026376,0.947434819175778,0.49428080127012897,0.48572316083498357,0.2425506283523675,0.6780940624816106,88,1.0,42,88,1.0,401,88,1.0,845
2,hs90a,rabvs_budgeted_no_ucb,4938,88,0.017820980153908466,2560,88,0.875,0.4453188754638167,0.20945883036856347,0.6072743794681172,56.11363636363636,54.96846011131725,2757,0.9302095990279465,31.91875226695684,0.63018399477005,0.741,0.03695150115473441,0.024291497975708502,0.3319838056680162,0.3076923076923077,2048,512,2378,70,18,0.623902285173209,0.9810765349032801,0.4957327237377765,0.4728637967090702,0.2297985564714565,0.6516186879674963,88,1.0,43,88,1.0,435,88,1.0,909
1,hxk4,boba_ucb,4792,92,0.019198664440734557,2560,92,0.8729619565217391,0.442317484865433,0.20673017293503992,0.6005636386065852,52.08695652173913,52.08695652173913,2751,0.928239774624374,33.44238458742276,0.6074633598327637,0.56,0.05555555555555555,0.016666666666666666,0.36666666666666664,0.35,2048,512,2232,74,18,0.6075718548463266,0.9610215053763441,0.4787502054164943,0.4825820147799114,0.23866734436720446,0.6697226242030728,92,1.0,60,92,1.0,437,92,1.0,894
1,hxk4,rabvs_budgeted_no_ucb,4792,92,0.019198664440734557,2560,92,0.875,0.44199731664633646,0.20538207659175142,0.59819262362957,52.08695652173913,52.08695652173913,2751,0.928239774624374,33.44238458742276,0.6099993586540222,0.812,0.05649717514124294,0.016666666666666666,0.36666666666666664,0.35,2048,512,2232,74,18,0.6166622681046725,0.9807347670250897,0.4762490661767018,0.47134279083519515,0.22789073704601423,0.6477756975322538,92,1.0,60,92,1.0,456,92,1.0,933
2,hxk4,boba_ucb,4792,92,0.019198664440734557,2560,92,0.8675271739130435,0.4424817237054899,0.20746132855889252,0.6019142456459846,52.08695652173913,52.08695652173913,2751,0.928239774624374,33.44238458742276,0.6105194091796875,0.5489999999999999,0.0664488017429194,0.0125,0.37083333333333335,0.35833333333333334,2048,512,2232,74,18,0.6081114558825537,0.942652329749104,0.4805054283606853,0.48711553535316154,0.24345321259313382,0.6796741463687052,92,1.0,60,92,1.0,439,92,1.0,887
2,hxk4,rabvs_budgeted_no_ucb,4792,92,0.019198664440734557,2560,92,0.8743206521739131,0.44201737155428605,0.20523227442327466,0.5978752128216307,52.08695652173913,52.08695652173913,2751,0.928239774624374,33.44238458742276,0.607637882232666,0.827,0.06853932584269663,0.0125,0.37083333333333335,0.35833333333333334,2048,512,2232,74,18,0.6161604050761446,0.9811827956989247,0.479040071766452,0.4690639224597282,0.22567224703843536,0.6432414215987992,92,1.0,60,92,1.0,457,92,1.0,940
1,igf1r,boba_ucb,9448,148,0.015664690939881456,2560,143,0.8430944055944056,0.4524334089213505,0.22227816860259283,0.6375664191883054,63.83783783783784,63.83783783783784,3072,0.9593564775613886,48.177083333333336,0.6152621507644653,0.488,0.14316702819956617,0.029535864978902954,0.28450106157112526,0.2549651965922223,2048,512,6888,114,29,0.6649872588816508,0.9711091753774681,0.45598842618928304,0.4821317329618703,0.2448670634791012,0.6878529226413779,100,0.6756756756756757,100,146,0.9864864864864865,468,148,1.0,890
1,igf1r,rabvs_budgeted_no_ucb,9448,148,0.015664690939881456,2560,146,0.8617294520547946,0.45179045595565076,0.2175085007685363,0.6270776687599221,63.83783783783784,63.83783783783784,3072,0.9593564775613886,48.177083333333336,0.6034051179885864,0.83,0.13678756476683937,0.03382663847780127,0.2796610169491525,0.24583437847135126,2048,512,6888,117,29,0.7005642337350106,0.9994192799070848,0.46666777147198074,0.46083685134371705,0.22099056496441705,0.63264433873096,100,0.6756756756756757,100,147,0.9932432432432432,495,148,1.0,987
2,igf1r,boba_ucb,9448,148,0.015664690939881456,2560,137,0.8686131386861314,0.4525242884589747,0.22052110214369933,0.6307596241086701,63.83783783783784,63.83783783783784,3072,0.9593564775613886,47.200520833333336,0.6020532250404358,0.5469999999999999,0.13507853403141362,0.019027484143763214,0.288135593220339,0.2691081090765758,2048,512,6888,110,27,0.6357262506571221,0.961527293844367,0.45493020170417564,0.48282815375157645,0.24403263851113283,0.6813626480965086,100,0.6756756756756757,100,143,0.9662162162162162,474,145,0.9797297297297297,898
2,igf1r,rabvs_budgeted_no_ucb,9448,148,0.015664690939881456,2560,144,0.8628472222222222,0.45160566225288606,0.2171826759822766,0.6264812681816091,63.83783783783784,63.83783783783784,3072,0.9593564775613886,47.8515625,0.6107299327850342,0.845,0.13547052740434332,0.021141649048625793,0.2923728813559322,0.2712312323073064,2048,512,6888,115,29,0.6477873505227686,0.9892566782810686,0.4740580340085438,0.46575738224271224,0.22570017291478184,0.6426060086050956,100,0.6756756756756757,100,146,0.9864864864864865,498,147,0.9932432432432432,978
1,inha,boba_ucb,2343,43,0.01835253947930004,2343,43,0.8677325581395349,0.43732410365516433,0.20227849589102498,0.5939757194004309,54.48837209302326,54.48837209302326,2653,0.8584613743064448,16.208066339992463,0.6715331673622131,0.5489999999999999,0.024691358024691357,0.0423728813559322,0.3247863247863248,0.2824134434303926,1874,469,0,34,9,,,,,,,43,1.0,78,43,1.0,381,43,1.0,712
1,inha,rabvs_budgeted_no_ucb,2343,43,0.01835253947930004,2343,43,0.872093023255814,0.43732410365516433,0.20227849589102498,0.5939757194004309,54.48837209302326,49.75025278058645,2653,0.8584613743064448,16.208066339992463,0.674619734287262,0.708,0.022950819672131147,0.0423728813559322,0.3247863247863248,0.2824134434303926,1874,469,0,34,9,,,,,,,43,1.0,80,43,1.0,452,43,1.0,765
2,inha,boba_ucb,2343,43,0.01835253947930004,2343,43,0.8691860465116279,0.43762082498109467,0.20219837089284015,0.592832003074947,54.48837209302326,54.48837209302326,2653,0.8584613743064448,16.208066339992463,0.6717768311500549,0.5469999999999999,0.02097902097902098,0.05084745762711865,0.3162393162393162,0.2653918586121976,1874,469,0,34,9,,,,,,,43,1.0,78,43,1.0,388,43,1.0,720
2,inha,rabvs_budgeted_no_ucb,2343,43,0.01835253947930004,2343,43,0.875,0.43762082498109467,0.20219837089284015,0.592832003074947,54.48837209302326,52.119312436804854,2653,0.8584613743064448,16.208066339992463,0.6742388606071472,0.71,0.019736842105263157,0.05084745762711865,0.3162393162393162,0.2653918586121976,1874,469,0,34,9,,,,,,,43,1.0,80,43,1.0,453,43,1.0,769
1,ital,boba_ucb,8638,138,0.015975920351933317,2560,133,0.8369360902255639,0.45089104130374713,0.21971777944899207,0.6323162095808333,62.594202898550726,62.594202898550726,3072,0.9555452651076638,44.921875,0.6049176454544067,0.45399999999999996,0.13010752688172042,0.02546296296296296,0.29398148148148145,0.2685185185185185,2048,512,6078,106,27,0.6192415119856584,0.9290885159591971,0.4888720370420266,0.48317967137431517,0.244685033830301,0.6860514686045669,100,0.7246376811594203,100,138,1.0,449,138,1.0,882
1,ital,rabvs_budgeted_no_ucb,8638,138,0.015975920351933317,2560,136,0.8690257352941176,0.45052472452925213,0.21454457049540696,0.6208418738904808,62.594202898550726,56.77148634984833,3072,0.9555452651076638,44.270833333333336,0.6043291687965393,0.796,0.12280701754385964,0.02546296296296296,0.28935185185185186,0.2638888888888889,2048,512,6078,109,27,0.6681191461024443,0.9985192497532083,0.4872947096043358,0.45991978706941394,0.21850839463162405,0.6282775150771334,92,0.6666666666666666,100,136,0.9855072463768116,493,136,0.9855072463768116,978
2,ital,boba_ucb,8638,138,0.015975920351933317,2560,132,0.8612689393939394,0.45097485904764373,0.21875684883921426,0.630019310270602,62.594202898550726,62.594202898550726,3072,0.9555452651076638,44.270833333333336,0.6036770343780518,0.508,0.12809472551130247,0.02546296296296296,0.28935185185185186,0.2638888888888889,2048,512,6078,106,26,0.6251372765155745,0.9536031589338598,0.4864788110551841,0.48097700330012405,0.2415632412418323,0.6794917839106511,100,0.7246376811594203,100,136,0.9855072463768116,466,136,0.9855072463768116,903
2,ital,rabvs_budgeted_no_ucb,8638,138,0.015975920351933317,2560,136,0.8694852941176471,0.4505259044079843,0.21448398673401808,0.6199528789059289,62.594202898550726,56.04364678126054,3072,0.9555452651076638,44.270833333333336,0.6036406755447388,0.8109999999999999,0.12318840579710146,0.023148148148148147,0.2916666666666667,0.26851851851851855,2048,512,6078,109,27,0.63483053869638,0.9906219151036525,0.4940817721942327,0.4611826862390035,0.21983502018788856,0.6309378959174616,91,0.6594202898550725,100,136,0.9855072463768116,493,136,0.9855072463768116,981
1,jak2,boba_ucb,6607,107,0.016194944755562282,2560,103,0.8483009708737864,0.450738232101783,0.21906404903813342,0.6349735316944668,61.74766355140187,61.74766355140187,2816,0.9467231723929166,37.997159090909086,0.6251219511032104,0.5640000000000001,0.09816612729234088,0.045317220543806644,0.27575757575757576,0.2304403552137691,2048,512,4047,82,21,0.6384194478291505,0.9755374351371386,0.5022343818041449,0.4802530654437311,0.2388852194182148,0.6714415838081609,99,0.9252336448598131,100,106,0.9906542056074766,475,107,1.0,919
1,jak2,rabvs_budgeted_no_ucb,6607,107,0.016194944755562282,2560,106,0.8673349056603774,0.4500801590956224,0.2157015152095836,0.6289629386997762,61.74766355140187,61.74766355140187,2816,0.9467231723929166,37.997159090909086,0.6255683302879333,0.848,0.09568874868559411,0.045317220543806644,0.2787878787878788,0.23347065824407215,2048,512,4047,85,21,0.6860401257594918,0.9985174203113417,0.49179977754932236,0.4601519762844832,0.21834017928281763,0.6279053147011744,90,0.8411214953271028,100,107,1.0,496,107,1.0,983
2,jak2,boba_ucb,6607,107,0.016194944755562282,2560,106,0.8343160377358491,0.45074828193010846,0.21903797018526133,0.633859286996604,61.74766355140187,61.74766355140187,2816,0.9467231723929166,37.997159090909086,0.6287779808044434,0.526,0.09967141292442497,0.05740181268882175,0.26666666666666666,0.20926485397784492,2048,512,4047,85,21,0.6569376188689272,0.984927106498641,0.4990464867905319,0.4801945010834882,0.23861186755275765,0.6727342303802768,100,0.9345794392523364,100,106,0.9906542056074766,482,107,1.0,924
2,jak2,rabvs_budgeted_no_ucb,6607,107,0.016194944755562282,2560,106,0.8691037735849056,0.45017675034315013,0.21538605480713865,0.6264429061708979,61.74766355140187,61.74766355140187,2816,0.9467231723929166,37.997159090909086,0.6228847503662109,0.853,0.09548793284365163,0.0634441087613293,0.2606060606060606,0.19716195184473131,2048,512,4047,85,21,0.6472967712055372,0.9948109710896961,0.494199019920702,0.46044486885957997,0.21879333465566186,0.6288272554350827,89,0.8317757009345794,100,107,1.0,499,107,1.0,986
1,kif11,boba_ucb,6966,116,0.016652311225954636,2560,113,0.831858407079646,0.44932245974107166,0.2172844235156663,0.6306404015033235,60.05172413793104,60.05172413793104,2816,0.9494688486936549,40.127840909090914,0.6484943628311157,0.505,0.0988095238095238,0.04011461318051576,0.28448275862068967,0.2443681454401739,2048,512,4406,90,23,0.6464063490203238,0.9766227871084884,0.49107508800510713,0.47328019816986855,0.23311019792240067,0.6613226149046711,100,0.8620689655172413,61,113,0.9741379310344828,396,113,0.9741379310344828,794
1,kif11,rabvs_budgeted_no_ucb,6966,116,0.016652311225954636,2560,114,0.8645833333333334,0.4489683564967266,0.21508569032531646,0.6261676321935282,60.05172413793104,51.47290640394088,2816,0.9494688486936549,40.83806818181819,0.6384931802749634,0.8280000000000001,0.0913978494623656,0.04297994269340974,0.29022988505747127,0.24724994236406153,2048,512,4406,91,23,0.7005790764800393,0.9986382206082615,0.4920063119055187,0.46134802086497967,0.21993313914805407,0.6310190108084242,88,0.7586206896551724,67,115,0.9913793103448276,447,115,0.9913793103448276,927
2,kif11,boba_ucb,6966,116,0.016652311225954636,2560,115,0.8538043478260869,0.44918864518985896,0.21745408790918727,0.6329947525125378,60.05172413793104,60.05172413793104,2816,0.9494688486936549,41.19318181818181,0.6457817554473877,0.536,0.10093896713615023,0.04871060171919771,0.28448275862068967,0.23577215690149195,2048,512,4406,92,23,0.6604495363886524,0.9904675442578302,0.4932995893063356,0.47079562346314446,0.22931076279941748,0.6522643427891732,100,0.8620689655172413,64,116,1.0,400,116,1.0,792
2,kif11,rabvs_budgeted_no_ucb,6966,116,0.016652311225954636,2560,116,0.8636853448275862,0.4487378699305745,0.2147562259515519,0.6267508218132349,60.05172413793104,48.04137931034483,2816,0.9494688486936549,41.19318181818181,0.6368398070335388,0.836,0.09247311827956989,0.04297994269340974,0.29022988505747127,0.24724994236406153,2048,512,4406,93,23,0.6754042197983758,0.9993191103041307,0.49259186078822437,0.46204535860612883,0.2198237798010973,0.6308568695159564,85,0.7327586206896551,66,116,1.0,443,116,1.0,925
1,kit,boba_ucb,10616,166,0.01563677467972871,2560,157,0.7965764331210191,0.4524411634741243,0.2212811980839362,0.6376919229553113,63.95180722891567,63.95180722891567,3072,0.9638281838733986,53.059895833333336,0.5938886404037476,0.534,0.15671641791044777,0.035781544256120526,0.2749529190207156,0.2391713747645951,2048,512,8056,126,31,0.6580234798238667,0.9796425024826216,0.46314818642545913,0.47691643869154765,0.23854599894553258,0.6737475456437303,100,0.6024096385542169,100,162,0.9759036144578314,480,163,0.9819277108433735,931
1,kit,rabvs_budgeted_no_ucb,10616,166,0.01563677467972871,2560,162,0.8483796296296297,0.4518840352870829,0.2178211255654066,0.6308460734816869,63.95180722891567,63.95180722891567,3072,0.9638281838733986,53.7109375,0.594207763671875,0.862,0.15408479834539815,0.03954802259887006,0.2730696798493409,0.23352165725047083,2048,512,8056,130,32,0.6823398827198504,0.9992552135054618,0.4782633810044791,0.4636842214685396,0.2231818259563957,0.637260518114338,100,0.6024096385542169,100,164,0.9879518072289156,493,165,0.9939759036144579,987
2,kit,boba_ucb,10616,166,0.01563677467972871,2560,153,0.8161764705882353,0.452366984699018,0.22209183749849443,0.6420608306223068,63.95180722891567,63.95180722891567,3072,0.9638281838733986,53.059895833333336,0.5965009331703186,0.5509999999999999,0.15473684210526314,0.054613935969868174,0.2523540489642185,0.1977401129943503,2048,512,8056,122,31,0.6435310473900924,0.9652432969215492,0.46891177495156255,0.47718130969082095,0.2395957098751453,0.6763898499232601,100,0.6024096385542169,100,162,0.9759036144578314,489,163,0.9819277108433735,935
2,kit,rabvs_budgeted_no_ucb,10616,166,0.01563677467972871,2560,163,0.8565950920245399,0.45176292000600654,0.21798873149823203,0.6328915097081971,63.95180722891567,63.95180722891567,3072,0.9638281838733986,53.7109375,0.602039635181427,0.8280000000000001,0.15408479834539815,0.04519774011299435,0.2674199623352166,0.22222222222222224,2048,512,8056,130,33,0.6812110996817544,0.9993793445878848,0.48272040184657766,0.4616031379457719,0.22105238338548533,0.6329568218385224,100,0.6024096385542169,100,164,0.9879518072289156,492,165,0.9939759036144579,988
1,kith,boba_ucb,2907,57,0.0196078431372549,2560,57,0.875,0.43983695456923033,0.20567587851346517,0.5984072719852773,51.0,51.0,2676,0.8849329205366357,21.300448430493272,0.6507610082626343,0.5369999999999999,0.022606382978723406,0.0136986301369863,0.3793103448275862,0.3656117146905999,2048,512,347,46,11,0.646385763127886,0.9827089337175793,0.5344518701644647,0.51787091756341,0.27231018437551013,0.7384362796405893,57,1.0,67,57,1.0,420,57,1.0,827
1,kith,rabvs_budgeted_no_ucb,2907,57,0.0196078431372549,2560,57,0.875,0.43943756361460573,0.20441500288584857,0.596123206415609,51.0,51.0,2676,0.8849329205366357,21.300448430493272,0.6508786678314209,0.771,0.021822849807445442,0.0136986301369863,0.3793103448275862,0.3656117146905999,2048,512,347,46,11,0.6374357157500046,0.9884726224783862,0.5112626167373293,0.4870488204859618,0.24428508577443175,0.6808337243883096,57,1.0,70,57,1.0,461,57,1.0,936
2,kith,boba_ucb,2907,57,0.0196078431372549,2560,57,0.875,0.43991091304088153,0.20515179845429682,0.5973778451727265,51.0,51.0,2676,0.8849329205366357,21.300448430493272,0.6518216133117676,0.5609999999999999,0.027925531914893616,0.0273972602739726,0.36551724137931035,0.33811998110533775,2048,512,347,46,11,0.6461363244811802,1.0,0.5178682492679108,0.49937225520673617,0.2531347613101046,0.6992506850757887,57,1.0,67,57,1.0,426,57,1.0,821
2,kith,rabvs_budgeted_no_ucb,2907,57,0.0196078431372549,2560,57,0.875,0.4392477994277565,0.20505260103334524,0.5976106130494167,51.0,51.0,2676,0.8849329205366357,21.300448430493272,0.6533083915710449,0.773,0.02774108322324967,0.03424657534246575,0.3586206896551724,0.3243741143127067,2048,512,347,46,11,0.6443142763233637,0.9481268011527377,0.546052660090472,0.5088107302652997,0.2680351614506709,0.7297136681469946,57,1.0,70,57,1.0,452,57,1.0,929
1,kpcb,boba_ucb,8835,135,0.015280135823429542,2560,127,0.7962598425196851,0.4536152472048392,0.22100970495931904,0.6363196568632092,65.44444444444444,65.44444444444444,3072,0.9565365025466893,43.9453125,0.6373615264892578,0.43500000000000005,0.13553530751708429,0.04751131221719457,0.251131221719457,0.20361990950226244,2048,512,6275,102,25,0.7089757721428849,0.9891633466135458,0.486704216938733,0.47101858804510244,0.23160782497852345,0.6590411239998472,100,0.7407407407407407,100,131,0.9703703703703703,436,135,1.0,859
1,kpcb,rabvs_budgeted_no_ucb,8835,135,0.015280135823429542,2560,134,0.8334888059701493,0.4532379795616226,0.22013092556650535,0.6374266555652506,65.44444444444444,52.801767676767675,3072,0.9565365025466893,43.9453125,0.6475377082824707,0.735,0.12526315789473685,0.05656108597285068,0.248868778280543,0.19230769230769232,2048,512,6275,107,27,0.7641606644207442,0.9995219123505976,0.4866414236788241,0.46067268421868146,0.21982583588829685,0.6306094237295453,83,0.6148148148148148,99,135,1.0,475,135,1.0,944
2,kpcb,boba_ucb,8835,135,0.015280135823429542,2560,128,0.81787109375,0.45323122027323604,0.22167484286803832,0.6422006187550385,65.44444444444444,65.44444444444444,3072,0.9565365025466893,42.643229166666664,0.6590015888214111,0.42200000000000004,0.12777777777777777,0.03167420814479638,0.2647058823529412,0.2330316742081448,2048,512,6275,102,26,0.7282419790410157,0.989003984063745,0.49419236332276467,0.46810491483958033,0.229342308270605,0.6546828045672993,100,0.7407407407407407,100,130,0.9629629629629629,450,131,0.9703703703703703,847
2,kpcb,rabvs_budgeted_no_ucb,8835,135,0.015280135823429542,2560,130,0.8625,0.45278689382496046,0.21831879530019668,0.6329221365343488,65.44444444444444,56.52020202020202,3072,0.9565365025466893,43.619791666666664,0.6363661289215088,0.752,0.12381951731374606,0.04072398190045249,0.26018099547511314,0.21945701357466066,2048,512,6275,104,26,0.7029751434158508,0.9990438247011952,0.4865916397343188,0.45894175098423734,0.21784345132104113,0.6268168913271235,88,0.6518518518518519,100,133,0.9851851851851852,483,134,0.9925925925925926,966
1,lck,boba_ucb,27820,420,0.01509705248023005,2560,288,0.8203125,0.4550118759318683,0.22344336881975807,0.6466711998935483,66.23809523809524,66.23809523809524,3840,0.98274622573688,105.72916666666667,0.5570955276489258,0.65,0.40330920372285417,0.05751258087706686,0.2415528396836808,0.18404025880661395,2048,512,25260,230,58,0.8378995183046465,0.9929532858273951,0.4745258755307089,0.4639409838334839,0.22795616627666712,0.6562756169355817,100,0.23809523809523808,100,392,0.9333333333333333,490,406,0.9666666666666667,941
1,lck,rabvs_budgeted_no_ucb,27820,420,0.01509705248023005,2560,401,0.8207605985037406,0.4544544229915847,0.2203635690307835,0.6371263665218845,66.23809523809524,66.23809523809524,3840,0.98274622573688,105.20833333333333,0.5603038668632507,0.823,0.39551478083588176,0.040258806613946804,0.2595255212077642,0.21926671459381736,2048,512,25260,321,80,0.8929067688794172,0.9997624703087886,0.48066578353789713,0.46082246182630365,0.22127659926534404,0.6335156313597874,100,0.23809523809523808,100,400,0.9523809523809523,492,404,0.9619047619047619,976
2,lck,boba_ucb,27820,420,0.01509705248023005,2560,312,0.8141025641025641,0.4553529062942023,0.22369709070973146,0.6424738659234931,66.23809523809524,66.23809523809524,3840,0.98274622573688,102.60416666666666,0.5418840050697327,0.708,0.390899689762151,0.055355859094176854,0.23436376707404744,0.1790079079798706,2048,512,25260,250,62,0.6509187111484894,0.9752573238321457,0.46288197305477563,0.46909498084588835,0.23300650742222645,0.6633671388542993,100,0.23809523809523808,100,387,0.9214285714285714,489,394,0.9380952380952381,947
2,lck,rabvs_budgeted_no_ucb,27820,420,0.01509705248023005,2560,394,0.8399428934010152,0.454372465645805,0.21921607672177815,0.6327777494266955,66.23809523809524,66.23809523809524,3840,0.98274622573688,103.38541666666666,0.5592698454856873,0.892,0.39076923076923076,0.03666427030913012,0.2588066139468009,0.22214234363767077,2048,512,25260,315,79,0.7638744614227544,0.9996832937450515,0.48570535759729105,0.4614846703325953,0.22147233262523927,0.6337902534465119,100,0.23809523809523808,100,394,0.9380952380952381,493,397,0.9452380952380952,981
1,lkha4,boba_ucb,9621,171,0.01777362020579981,2560,171,0.856359649122807,0.44844426102361873,0.21455940994285427,0.6185379619979254,56.26315789473685,56.26315789473685,3072,0.9600873090115373,55.6640625,0.6415372490882874,0.609,0.1798298906439854,0.02074688796680498,0.33471933471933474,0.3139724467525298,2048,512,7061,137,34,0.6476257076097507,0.9793230420620309,0.4913528948852204,0.47005522274219064,0.22886000958734182,0.6501759469435395,100,0.5847953216374269,100,171,1.0,433,171,1.0,796
1,lkha4,rabvs_budgeted_no_ucb,9621,171,0.01777362020579981,2560,171,0.8695175438596491,0.4481770115350874,0.21204162112781855,0.6130709431739183,56.26315789473685,56.26315789473685,3072,0.9600873090115373,55.6640625,0.6363946795463562,0.882,0.15795090715048027,0.02074688796680498,0.33471933471933474,0.3139724467525298,2048,512,7061,137,34,0.6460792065928427,0.9957513100127461,0.4891441853332048,0.4612659999722745,0.21865603276050338,0.6286071273297152,100,0.5847953216374269,100,171,1.0,487,171,1.0,962
2,lkha4,boba_ucb,9621,171,0.01777362020579981,2560,168,0.8649553571428571,0.4483508701971229,0.214056049845023,0.6161935080857418,56.26315789473685,56.26315789473685,3072,0.9600873090115373,55.6640625,0.6267272233963013,0.659,0.17681498829039813,0.026970954356846474,0.3284823284823285,0.301511374125482,2048,512,7061,134,34,0.6370091508822162,0.9705424160883728,0.4907499913907207,0.4716971864688478,0.23075965580492463,0.6545282093130954,100,0.5847953216374269,100,171,1.0,442,171,1.0,814
2,lkha4,rabvs_budgeted_no_ucb,9621,171,0.01777362020579981,2560,170,0.8702205882352941,0.448363166140074,0.2120935813694872,0.6123338442107968,56.26315789473685,56.26315789473685,3072,0.9600873090115373,55.6640625,0.6358367204666138,0.893,0.16167023554603854,0.024896265560165973,0.3305613305613306,0.3056650650011646,2048,512,7061,136,34,0.6656700328538486,0.997875655006373,0.49183109564117494,0.4620688985122246,0.21955319756153902,0.6305284415380189,100,0.5847953216374269,100,171,1.0,492,171,1.0,962
1,mapk2,boba_ucb,6251,101,0.016157414813629818,2560,97,0.8344072164948454,0.4508374576721431,0.21734768102185373,0.6246144031180966,61.8910891089109,61.8910891089109,2810,0.9438089905615101,35.94306049822064,0.6299188733100891,0.505,0.09152542372881356,0.025559105431309903,0.28753993610223644,0.26198083067092653,2048,512,3691,78,19,0.6279618852295007,0.9658629097805472,0.49261528819392775,0.48330069984177176,0.24214689058031857,0.6768100396577992,97,0.9603960396039604,76,97,0.9603960396039604,435,101,1.0,849
1,mapk2,rabvs_budgeted_no_ucb,6251,101,0.016157414813629818,2560,101,0.8545792079207921,0.4497460210247433,0.21443626744911606,0.6200773960787385,61.8910891089109,57.961496149614966,2810,0.9438089905615101,35.94306049822064,0.6513534784317017,0.784,0.08663101604278074,0.02875399361022364,0.2939297124600639,0.26517571884984026,2048,512,3691,81,20,0.6241887072715561,0.9891628285017611,0.4949640512922814,0.47221505226810473,0.22966490723624736,0.6504884162768061,88,0.8712871287128713,83,101,1.0,470,101,1.0,942
2,mapk2,boba_ucb,6251,101,0.016157414813629818,2560,95,0.8690789473684211,0.4511706189639682,0.2175145317575588,0.6241996228356491,61.8910891089109,61.8910891089109,2810,0.9438089905615101,35.23131672597865,0.6318066716194153,0.515,0.08071748878923767,0.038338658146964855,0.2715654952076677,0.23322683706070285,2048,512,3691,76,19,0.620849650436624,0.9544838797073963,0.4982310049883869,0.48374444740171973,0.24320424571578,0.6789736077506957,95,0.9405940594059405,76,96,0.9504950495049505,449,99,0.9801980198019802,884
2,mapk2,rabvs_budgeted_no_ucb,6251,101,0.016157414813629818,2560,96,0.8723958333333334,0.45060782259198395,0.21551026127340314,0.6207715305374635,61.8910891089109,58.943894389438945,2810,0.9438089905615101,34.16370106761566,0.6447294354438782,0.802,0.0755750273822563,0.02875399361022364,0.28115015974440893,0.2523961661341853,2048,512,3691,77,19,0.6334563658836805,0.9875372527770252,0.49943097605346287,0.47480534456965373,0.23352467156734194,0.6585238576831285,90,0.8910891089108911,80,96,0.9504950495049505,466,96,0.9504950495049505,934
1,mcr,boba_ucb,5244,94,0.01792524790236461,2560,94,0.805186170212766,0.44513314958022754,0.21392516551436663,0.6303344803376741,55.78723404255319,55.78723404255319,2769,0.933995995423341,33.947273383893105,0.6516473293304443,0.5429999999999999,0.08548009367681499,0.053231939163498096,0.3053435114503817,0.2521115722868836,2048,512,2684,75,19,0.674071892453849,0.9884500745156483,0.48679440989750944,0.47146411147716766,0.22867858763366433,0.6511973582634827,94,1.0,74,94,1.0,435,94,1.0,851
1,mcr,rabvs_budgeted_no_ucb,5244,94,0.01792524790236461,2560,94,0.870345744680851,0.4448038902304357,0.21190159884057022,0.6258957634454383,55.78723404255319,43.98608837970539,2769,0.933995995423341,33.947273383893105,0.6368147134780884,0.794,0.07866379310344827,0.053231939163498096,0.3053435114503817,0.2521115722868836,2048,512,2684,75,19,0.6625317639373817,0.9988822652757079,0.4883410528603537,0.45890596888746177,0.21588796194417526,0.62326248280549,80,0.851063829787234,82,94,1.0,468,94,1.0,951
2,mcr,boba_ucb,5244,94,0.01792524790236461,2560,93,0.8588709677419355,0.44546210833799177,0.2138147890814623,0.6272956871351534,55.78723404255319,55.78723404255319,2769,0.933995995423341,33.947273383893105,0.6568253636360168,0.525,0.08175355450236967,0.04182509505703422,0.31679389312977096,0.2749687980727368,2048,512,2684,74,19,0.6396105676029155,0.982488822652757,0.4963912196465455,0.47822668545765074,0.23495549796309795,0.6632404286210211,93,0.9893617021276596,75,94,1.0,436,94,1.0,849
2,mcr,rabvs_budgeted_no_ucb,5244,94,0.01792524790236461,2560,94,0.8650265957446809,0.44472196286878496,0.2112900419799679,0.6244722961991768,55.78723404255319,42.91325695581015,2769,0.933995995423341,33.947273383893105,0.6349897384643555,0.817,0.0749185667752443,0.060836501901140684,0.29770992366412213,0.23687342176298146,2048,512,2684,75,19,0.6882118721157043,0.9992548435171386,0.4839930406223322,0.45797206859727274,0.21497730966169704,0.6214510903416991,80,0.851063829787234,82,94,1.0,471,94,1.0,958
1,met,boba_ucb,11416,166,0.014540995094604065,2560,156,0.8261217948717948,0.4544058245357352,0.22353030621310108,0.6444659615880602,68.7710843373494,68.7710843373494,3072,0.9663629992992292,53.059895833333336,0.6214289665222168,0.487,0.15392670157068064,0.040280210157618214,0.24518388791593695,0.20490367775831875,2048,512,8856,125,31,0.6769824834210221,0.9797877145438121,0.4800804266960357,0.4780262394796846,0.23952924472586967,0.6739855481483398,100,0.6024096385542169,100,162,0.9759036144578314,478,163,0.9819277108433735,932
1,met,rabvs_budgeted_no_ucb,11416,166,0.014540995094604065,2560,164,0.8551829268292683,0.4534718194605235,0.21842982648849674,0.6337716323652122,68.7710843373494,60.9287677023885,3072,0.9663629992992292,53.7109375,0.6141533255577087,0.832,0.15282051282051282,0.043782837127845885,0.2469352014010508,0.2031523642732049,2048,512,8856,131,33,0.7136538916713195,0.9996612466124661,0.48780302404050246,0.4599213600696825,0.218955292984313,0.6288138043213961,100,0.6024096385542169,100,164,0.9879518072289156,492,165,0.9939759036144579,990
2,met,boba_ucb,11416,166,0.014540995094604065,2560,159,0.782625786163522,0.4542870543617234,0.22236952284370884,0.6406934677801797,68.7710843373494,68.7710843373494,3072,0.9663629992992292,53.385416666666664,0.6173903942108154,0.496,0.15513626834381553,0.03327495621716287,0.2539404553415061,0.22066549912434325,2048,512,8856,127,32,0.6754251339197832,0.9863369467028004,0.48001277073903353,0.4751086822060692,0.2356431331160465,0.6644642979282583,100,0.6024096385542169,100,163,0.9819277108433735,484,164,0.9879518072289156,948
2,met,rabvs_budgeted_no_ucb,11416,166,0.014540995094604065,2560,165,0.8488636363636364,0.4531488333801517,0.2186573602053908,0.6372350252186367,68.7710843373494,60.9287677023885,3072,0.9663629992992292,54.036458333333336,0.617475152015686,0.819,0.15544041450777202,0.04553415061295972,0.24518388791593695,0.19964973730297725,2048,512,8856,132,33,0.7527866540823103,0.9998870822041553,0.4815521672823393,0.459604355483313,0.21854001863667222,0.6279593618992518,98,0.5903614457831325,100,165,0.9939759036144579,489,166,1.0,985
1,mk01,boba_ucb,4629,79,0.017066321019658673,2560,77,0.8400974025974026,0.44809122194101264,0.21872294905036985,0.6400236237977976,58.594936708860764,58.594936708860764,2745,0.9258749189889826,28.77959927140255,0.6499530673027039,0.485,0.03822441430332922,0.08189655172413793,0.2510822510822511,0.16918569935811315,2048,512,2069,62,15,0.6586585438374497,0.9830836152730787,0.4945551225483957,0.47637054717360416,0.23646500410510068,0.665857646717489,77,0.9746835443037974,63,77,0.9746835443037974,408,79,1.0,800
1,mk01,rabvs_budgeted_no_ucb,4629,79,0.017066321019658673,2560,79,0.8496835443037974,0.44702775838671044,0.21665730006300285,0.6399022877329624,58.594936708860764,38.21408915795267,2745,0.9258749189889826,28.77959927140255,0.6491010785102844,0.696,0.036556603773584904,0.07327586206896551,0.2683982683982684,0.1951224063293029,2048,512,2069,63,16,0.6766105940641415,0.9975833736104398,0.4935951301184075,0.45977662418014686,0.2193790260651104,0.6297131945923491,67,0.8481012658227848,71,79,1.0,449,79,1.0,913
2,mk01,boba_ucb,4629,79,0.017066321019658673,2560,78,0.8084935897435898,0.44817369525459644,0.21865440552569337,0.6396907088214062,58.594936708860764,58.594936708860764,2745,0.9258749189889826,28.77959927140255,0.6539598107337952,0.475,0.03850782190132371,0.07327586206896551,0.2683982683982684,0.1951224063293029,2048,512,2069,62,16,0.6870453930605196,0.9937167713871435,0.4754498203307323,0.469437253705674,0.2291219644853479,0.6504450107826634,78,0.9873417721518988,60,79,1.0,424,79,1.0,813
2,mk01,rabvs_budgeted_no_ucb,4629,79,0.017066321019658673,2560,79,0.8441455696202531,0.4476350689253925,0.21704190240647403,0.6375980737316033,58.594936708860764,45.856906989543205,2745,0.9258749189889826,28.77959927140255,0.6513128876686096,0.6890000000000001,0.0380952380952381,0.08620689655172414,0.2554112554112554,0.16920435885953128,2048,512,2069,63,16,0.6749964814773237,0.9956500724987917,0.484159979234147,0.46316347043862033,0.22296789531949937,0.6370303038972596,73,0.9240506329113924,66,79,1.0,449,79,1.0,898
1,mk10,boba_ucb,6704,104,0.015513126491646777,2560,104,0.7542067307692307,0.4494070930414908,0.22235503297449835,0.6684145680849888,64.46153846153847,64.46153846153847,2816,0.9474940334128878,36.93181818181819,0.6297209858894348,0.577,0.09565217391304348,0.05952380952380952,0.2507462686567164,0.19122245913290686,2048,512,4144,83,21,0.7976504060407397,0.9901061776061776,0.47358906125874994,0.4590616120375991,0.2203398145450145,0.6386157051267957,96,0.9230769230769231,100,104,1.0,478,104,1.0,937
1,mk10,rabvs_budgeted_no_ucb,6704,104,0.015513126491646777,2560,101,0.8155940594059405,0.4503380127938608,0.21907132693604775,0.6501802975940719,64.46153846153847,62.53731343283582,2816,0.9474940334128878,36.57670454545455,0.6215215921401978,0.8200000000000001,0.0919661733615222,0.08035714285714286,0.22686567164179106,0.1465085287846482,2048,512,4144,81,20,0.7910239207305535,0.9997586872586872,0.4798573046067538,0.4515553987271743,0.2102531106844117,0.6116878708513125,74,0.7115384615384616,100,103,0.9903846153846154,493,103,0.9903846153846154,986
2,mk10,boba_ucb,6704,104,0.015513126491646777,2560,96,0.7955729166666666,0.4510506796855306,0.22085736141905182,0.6514417091164519,64.46153846153847,64.46153846153847,2816,0.9474940334128878,36.57670454545455,0.6246746778488159,0.5820000000000001,0.09294871794871795,0.047619047619047616,0.25671641791044775,0.20909737029140013,2048,512,4144,77,19,0.7387648150876838,0.9946911196911197,0.5015228313490299,0.474675365984939,0.23489595700734062,0.6639859091928108,93,0.8942307692307693,100,101,0.9711538461538461,488,103,0.9903846153846154,943
2,mk10,rabvs_budgeted_no_ucb,6704,104,0.015513126491646777,2560,100,0.843125,0.45031218260098216,0.21860453918170086,0.6473488635390099,64.46153846153847,63.49942594718714,2816,0.9474940334128878,35.86647727272727,0.6215750575065613,0.829,0.08985200845665962,0.0625,0.23880597014925373,0.17630597014925373,2048,512,4144,80,20,0.7075077745713474,0.9992760617760618,0.49315304581368097,0.460570777344207,0.21912651722152218,0.629761493778157,72,0.6923076923076923,100,101,0.9711538461538461,492,101,0.9711538461538461,987
1,mk14,boba_ucb,36428,578,0.015866915559459755,2560,452,0.7300884955752213,0.45293158728742905,0.22110623650493197,0.6477101902648048,63.024221453287204,63.024221453287204,4352,0.9850664324146261,128.67647058823528,0.5415839552879333,0.733,0.5602471678681772,0.066410537870472,0.2504118616144975,0.1840013237440255,2048,512,33868,362,90,0.8625662762875881,0.99303177040274,0.4657094644770929,0.46182826678144745,0.2251952957557611,0.6513786127048335,100,0.17301038062283736,100,479,0.828719723183391,500,560,0.9688581314878892,974
1,mk14,rabvs_budgeted_no_ucb,36428,578,0.015866915559459755,2560,563,0.7761989342806395,0.4524747719341795,0.21767359545977708,0.6366191412751092,63.024221453287204,63.024221453287204,4352,0.9850664324146261,132.35294117647058,0.5399510860443115,0.78,0.5773195876288659,0.057628979143798026,0.2591982427237781,0.2015692635799801,2048,512,33868,450,113,0.9369709338699842,1.0,0.482703695954872,0.4576024544117225,0.21671201176203045,0.6244702277092226,100,0.17301038062283736,100,451,0.7802768166089965,500,576,0.9965397923875432,977
2,mk14,boba_ucb,36428,578,0.015866915559459755,2560,430,0.7389534883720931,0.4536172966209075,0.22107946641691043,0.64318702972708,63.024221453287204,63.024221453287204,4352,0.9850664324146261,127.75735294117646,0.5474569797515869,0.743,0.5584281282316442,0.06915477497255763,0.2482152663371774,0.17906049136461977,2048,512,33868,344,86,0.7664757868388203,0.9926184008503602,0.46847292974844135,0.4638657318551201,0.22633574859826275,0.6506118271492198,100,0.17301038062283736,100,479,0.828719723183391,500,556,0.9619377162629758,963
2,mk14,rabvs_budgeted_no_ucb,36428,578,0.015866915559459755,2560,556,0.7669739208633094,0.45245359254054945,0.21724118950428595,0.6342341766745699,63.024221453287204,63.024221453287204,4352,0.9850664324146261,131.66360294117646,0.5383511185646057,0.792,0.5736354273944387,0.05598243688254665,0.26084568918176826,0.20486325229922162,2048,512,33868,445,111,0.9548041766971161,1.0,0.4816563888575073,0.4581462201581563,0.217045900915547,0.6251382216072511,100,0.17301038062283736,100,454,0.7854671280276817,500,573,0.9913494809688581,980
1,mmp13,boba_ucb,37772,572,0.015143492534152283,2560,435,0.6711206896551725,0.45528357281189885,0.22382028322621692,0.6480009766625388,66.03496503496503,66.03496503496503,4352,0.9855977973101768,127.29779411764704,0.5179399847984314,0.30000000000000004,0.5577523413111343,0.04393859184753838,0.2567496029645315,0.2128110111169931,2048,512,35212,348,87,0.8017683220150686,0.9927297512211746,0.467317053300543,0.46501922424761055,0.22865466459564032,0.6554744331943222,100,0.17482517482517482,100,492,0.8601398601398601,499,554,0.9685314685314685,943
1,mmp13,rabvs_budgeted_no_ucb,37772,572,0.015143492534152283,2560,559,0.755031305903399,0.4549381295714371,0.22080727774255438,0.6381448714865173,66.03496503496503,54.85444185444185,4352,0.9855977973101768,129.36580882352942,0.5140343904495239,0.402,0.562564632885212,0.04287983059820011,0.25886712546320806,0.21598729486500795,2048,512,35212,447,112,0.905547858431652,0.999602408269908,0.48015135063273157,0.46113438286977937,0.22150084971567044,0.6343130138873965,94,0.16433566433566432,100,436,0.7622377622377622,499,563,0.9842657342657343,970
2,mmp13,boba_ucb,37772,572,0.015143492534152283,2560,414,0.7910628019323671,0.4554336101746772,0.2231286082117404,0.6447209603156958,66.03496503496503,66.03496503496503,4352,0.9855977973101768,128.90625,0.514235258102417,0.32299999999999995,0.5580678314491264,0.05346744309158285,0.24933827421916357,0.19587083112758072,2048,512,35212,331,83,0.749041214540409,0.9913949789844371,0.47369074525208377,0.4650585077042165,0.22820250246933038,0.6515203299489266,100,0.17482517482517482,100,491,0.8583916083916084,497,561,0.9807692307692307,932
2,mmp13,rabvs_budgeted_no_ucb,37772,572,0.015143492534152283,2560,559,0.7864490161001789,0.4550455976967404,0.2201059932171254,0.6341464891839943,66.03496503496503,57.824268324268324,4352,0.9855977973101768,129.36580882352942,0.5155291557312012,0.42000000000000004,0.5572597137014315,0.04393859184753838,0.25886712546320806,0.2149285336156697,2048,512,35212,447,112,0.8691045441237755,0.9997444053163694,0.4869803748298194,0.4608625098212324,0.22074147880597236,0.6323681494524224,95,0.1660839160839161,100,453,0.791958041958042,500,563,0.9842657342657343,972
1,mp2k1,boba_ucb,8271,121,0.014629428122355218,2560,118,0.7960805084745762,0.4537808621886476,0.22615175136306082,0.6587645175691694,68.35537190082644,68.35537190082644,3072,0.9535727239753355,39.388020833333336,0.636185884475708,0.386,0.12295081967213115,0.06280193236714976,0.22946859903381642,0.16666666666666666,2048,512,5711,94,24,0.6988078568946052,0.9758361057608125,0.492709098498251,0.47482816072530737,0.23764399236259193,0.6774297841165945,100,0.8264462809917356,100,121,1.0,447,121,1.0,846
1,mp2k1,rabvs_budgeted_no_ucb,8271,121,0.014629428122355218,2560,120,0.8442708333333333,0.4539211941412779,0.22134657763046384,0.6440558034356512,68.35537190082644,53.531315344020705,3072,0.9535727239753355,39.388020833333336,0.6369262337684631,0.732,0.11290322580645161,0.06038647342995169,0.22946859903381642,0.16908212560386474,2048,512,5711,96,24,0.7471731139101241,0.9996497986342147,0.48582139130123597,0.4554099921882901,0.2149025567708079,0.6205849922532654,82,0.6776859504132231,100,120,0.9917355371900827,489,121,1.0,973
2,mp2k1,boba_ucb,8271,121,0.014629428122355218,2560,101,0.8168316831683168,0.45574039597814103,0.22703924383588397,0.6533767036874367,68.35537190082644,68.35537190082644,3072,0.9535727239753355,38.411458333333336,0.6448202133178711,0.403,0.11551528878822197,0.07246376811594203,0.21256038647342995,0.14009661835748793,2048,512,5711,81,20,0.6691649804197674,0.9425669760112064,0.5009949795003789,0.4842681831831944,0.2501785180626139,0.7068766859780935,100,0.8264462809917356,100,117,0.9669421487603306,437,118,0.9752066115702479,813
2,mp2k1,rabvs_budgeted_no_ucb,8271,121,0.014629428122355218,2560,118,0.8209745762711864,0.45437902054913465,0.22129050737024178,0.6410842647227322,68.35537190082644,55.17843273922135,3072,0.9535727239753355,38.736979166666664,0.6352023482322693,0.754,0.10853530031612224,0.06280193236714976,0.22705314009661837,0.1642512077294686,2048,512,5711,94,24,0.7236348361219254,0.9996497986342147,0.48487739454665196,0.4563351422135638,0.21630484065373293,0.6233750465637179,84,0.6942148760330579,100,118,0.9752066115702479,491,119,0.9834710743801653,980
1,nos1,boba_ucb,8150,100,0.012269938650306749,2560,100,0.750625,0.4570840699896188,0.22478958173772925,0.6631256328085577,81.5,81.5,3072,0.9528834355828221,32.552083333333336,0.7099544405937195,0.654,0.10657894736842105,0.058823529411764705,0.18627450980392157,0.12745098039215685,2048,512,5590,80,20,0.7071916857568357,0.9915921288014311,0.5016680792314895,0.468435946858217,0.22729976344250086,0.6491921164246729,98,0.98,100,100,1.0,409,100,1.0,698
1,nos1,rabvs_budgeted_no_ucb,8150,100,0.012269938650306749,2560,100,0.8475,0.4570306135942167,0.2235166868090995,0.6597641471956749,81.5,58.64024390243902,3072,0.9528834355828221,32.552083333333336,0.7122793793678284,0.8220000000000001,0.08960176991150443,0.058823529411764705,0.18673218673218672,0.127908657320422,2048,512,5590,80,20,0.7247961394802771,0.9994633273703041,0.5034134135323821,0.46249016561435446,0.22026958665943386,0.6320129551567194,73,0.73,98,100,1.0,472,100,1.0,905
2,nos1,boba_ucb,8150,100,0.012269938650306749,2560,97,0.8356958762886598,0.4566556488145348,0.22606171764927138,0.669569252399863,81.5,81.5,3072,0.9528834355828221,32.552083333333336,0.7162330746650696,0.634,0.10394736842105264,0.0661764705882353,0.17936117936117937,0.11318470877294408,2048,512,5590,78,19,0.7109100599385523,0.984257602862254,0.5070769267223397,0.4703460895941276,0.23070468862069032,0.6597612452251703,95,0.95,99,100,1.0,414,100,1.0,734
2,nos1,rabvs_budgeted_no_ucb,8150,100,0.012269938650306749,2560,100,0.859375,0.45678595026760355,0.22432495819721565,0.6647941758162841,81.5,58.64024390243902,3072,0.9528834355828221,32.552083333333336,0.7112971544265747,0.8140000000000001,0.08826815642458101,0.056372549019607844,0.1891891891891892,0.13281664016958136,2048,512,5590,80,20,0.6832829886833179,0.9974955277280859,0.5056047702109115,0.4645339585752762,0.2225085868656838,0.6366637985414577,72,0.72,97,100,1.0,467,100,1.0,913
1,nram,boba_ucb,6298,98,0.015560495395363607,2560,98,0.8679846938775511,0.45082572494708045,0.21496453571914034,0.6176831496263144,64.26530612244898,64.26530612244898,2811,0.9442084788821848,34.863038064745645,0.6173655390739441,0.42700000000000005,0.09455587392550144,0.009523809523809525,0.30158730158730157,0.292063492063492,2048,512,3738,78,20,0.618732441460493,0.956661316211878,0.47096850390602885,0.48138206547410706,0.23983102463755984,0.6716661533484899,98,1.0,57,98,1.0,323,98,1.0,655
1,nram,rabvs_budgeted_no_ucb,6298,98,0.015560495395363607,2560,98,0.875,0.45080181783899925,0.21448774974306622,0.6167709113971594,64.26530612244898,64.26530612244898,2811,0.9442084788821848,34.863038064745645,0.6333426833152771,0.776,0.08188585607940446,0.009523809523809525,0.30158730158730157,0.292063492063492,2048,512,3738,78,20,0.6181873125364591,0.962011771000535,0.4748433371744482,0.4784947136843381,0.2365836193525671,0.6650639864709535,98,1.0,57,98,1.0,420,98,1.0,830
2,nram,boba_ucb,6298,98,0.015560495395363607,2560,97,0.8666237113402062,0.45041301937576494,0.21440177145535455,0.6169418354107012,64.26530612244898,64.26530612244898,2811,0.9442084788821848,34.863038064745645,0.6330799460411072,0.46099999999999997,0.09266943291839558,0.006349206349206349,0.3047619047619048,0.29841269841269846,2048,512,3738,78,19,0.5978114386136636,0.8986088817549491,0.48827717137926735,0.4874967883420088,0.2448165660794581,0.6824990587258735,98,1.0,57,98,1.0,333,98,1.0,650
2,nram,rabvs_budgeted_no_ucb,6298,98,0.015560495395363607,2560,98,0.875,0.4506907250402104,0.21395777543709676,0.6157786134993839,64.26530612244898,64.26530612244898,2811,0.9442084788821848,34.863038064745645,0.6365826725959778,0.776,0.08121212121212121,0.009523809523809525,0.30158730158730157,0.292063492063492,2048,512,3738,78,20,0.6192939234045837,0.9705724986623863,0.4746553441655567,0.47671975962090973,0.23436748262502974,0.6605714796327534,98,1.0,57,98,1.0,425,98,1.0,827
1,pa2ga,boba_ucb,5249,99,0.01886073537816727,2560,99,0.8497474747474747,0.44409172119225104,0.21344372773379633,0.6212369926288855,53.02020202020203,53.02020202020203,2769,0.9340588683558773,35.75297941495124,0.6260128021240234,0.386,0.05867665418227216,0.026615969581749048,0.3511450381679389,0.32452906858618985,2048,512,2689,79,20,0.6717761697750017,0.9840089252510227,0.4585167045304653,0.4709471372605306,0.23071698572736704,0.6548442443861116,99,1.0,38,99,1.0,382,99,1.0,770
1,pa2ga,rabvs_budgeted_no_ucb,5249,99,0.01886073537816727,2560,99,0.8535353535353535,0.4440092458849313,0.2111712848070957,0.6156189162487135,10.604040404040406,34.66705516705517,2769,0.9340588683558773,35.75297941495124,0.6282702088356018,0.617,0.05710814094775213,0.026615969581749048,0.3511450381679389,0.32452906858618985,2048,512,2689,79,20,0.6836361652645772,0.9985124581628858,0.45099800182510785,0.4530973518842311,0.2122530221496459,0.6153147128043466,70,0.7070707070707071,65,99,1.0,416,99,1.0,845
2,pa2ga,boba_ucb,5249,99,0.01886073537816727,2560,95,0.8611842105263158,0.44455090690706495,0.21220808898440155,0.6138054585993165,53.02020202020203,53.02020202020203,2769,0.9340588683558773,35.75297941495124,0.6217126846313477,0.41300000000000003,0.05745721271393643,0.019011406844106463,0.35877862595419846,0.339767219110092,2048,512,2689,76,19,0.624170464364224,0.9535143175901822,0.46834411754555366,0.48199363362977515,0.2411672832650739,0.6756987904728945,95,0.9595959595959596,38,99,1.0,386,99,1.0,774
2,pa2ga,rabvs_budgeted_no_ucb,5249,99,0.01886073537816727,2560,99,0.8623737373737373,0.443598913614154,0.21059840799818996,0.6174266295333992,10.604040404040406,31.608197358197362,2769,0.9340588683558773,35.75297941495124,0.625967264175415,0.622,0.055819477434679333,0.030418250950570342,0.3473282442748092,0.31690999332423886,2048,512,2689,79,20,0.6490156361980315,0.9970249163257716,0.4609348179217582,0.4537796258936901,0.2121295741838656,0.6152890011129156,62,0.6262626262626263,72,99,1.0,416,99,1.0,852
1,parp1,boba_ucb,30558,508,0.016624124615485306,2560,300,0.8197916666666667,0.4509577413724883,0.21607762440769399,0.6308227344991157,60.153543307086615,60.153543307086615,4096,0.9832449767654952,123.291015625,0.5465838313102722,0.669,0.5046439628482973,0.07918848167539266,0.2532722513089005,0.17408376963350786,2048,512,27998,240,60,0.6966826252955153,0.9908207729123509,0.47701450088436037,0.4609005432067293,0.22170715124777954,0.640544368279031,100,0.1968503937007874,100,463,0.9114173228346457,499,505,0.9940944881889764,973
1,parp1,rabvs_budgeted_no_ucb,30558,508,0.016624124615485306,2560,505,0.8120049504950495,0.44997299013610553,0.21322173857147014,0.6207026461689795,60.153543307086615,60.153543307086615,4096,0.9832449767654952,123.779296875,0.5519366264343262,0.829,0.5035897435897436,0.04319371727748691,0.2892670157068063,0.24607329842931938,2048,512,27998,404,101,0.8129378779306226,0.9998214158154154,0.48276341287359464,0.45953455108723235,0.21681191278733827,0.6252405952488936,100,0.1968503937007874,100,462,0.9094488188976378,500,507,0.9980314960629921,995
2,parp1,boba_ucb,30558,508,0.016624124615485306,2560,359,0.7459958217270195,0.4509592660999482,0.216388271431308,0.6297292911757334,60.153543307086615,60.153543307086615,4096,0.9832449767654952,123.779296875,0.5508148670196533,0.6819999999999999,0.505664263645726,0.08180628272251309,0.2506544502617801,0.16884816753926704,2048,512,27998,287,72,0.7194321872367616,0.9907136224016001,0.47827848068047984,0.46190790845735874,0.22278598216358467,0.6423280160253032,100,0.1968503937007874,100,473,0.9311023622047244,499,507,0.9980314960629921,978
2,parp1,rabvs_budgeted_no_ucb,30558,508,0.016624124615485306,2560,502,0.8217131474103586,0.4499770598149598,0.21300505463246383,0.6194326045828097,60.153543307086615,60.153543307086615,4096,0.9832449767654952,123.291015625,0.5560443997383118,0.831,0.5015384615384615,0.04384816753926701,0.2879581151832461,0.24410994764397909,2048,512,27998,402,100,0.7466057162294989,0.9997142653046647,0.48053496434778853,0.4599471984252379,0.21707860956534308,0.6257396996997976,100,0.1968503937007874,100,463,0.9114173228346457,500,505,0.9940944881889764,993
1,pde5a,boba_ucb,27948,398,0.014240732789466151,2560,292,0.797945205479452,0.4561437432662325,0.2222366216359708,0.6420455921344963,70.22110552763819,70.22110552763819,3840,0.982825246887076,100.78125,0.5561777949333191,0.6,0.3844559585492228,0.06437768240343347,0.21975662133142448,0.155378938927991,2048,512,25388,234,58,0.7319497313037431,0.9933827004884197,0.47896318674271393,0.4678171048901152,0.22917341840984648,0.6552531171656142,100,0.25125628140703515,100,366,0.9195979899497487,494,387,0.9723618090452262,946
1,pde5a,rabvs_budgeted_no_ucb,27948,398,0.014240732789466151,2560,384,0.8177083333333334,0.4546414426926932,0.2185340699859396,0.6361097612710434,70.22110552763819,63.677203220403094,3840,0.982825246887076,102.08333333333333,0.5620530247688293,0.746,0.3864337101747174,0.035050071530758224,0.24982104509663564,0.2147709735658774,2048,512,25388,307,77,0.8853441888788426,0.9999606113124311,0.4863660418649631,0.46022113089125893,0.21866488843982754,0.6287684291780192,100,0.25125628140703515,100,382,0.9597989949748744,496,392,0.9849246231155779,982
2,pde5a,boba_ucb,27948,398,0.014240732789466151,2560,320,0.6671875,0.4554917772107441,0.222197806459647,0.6444634886545604,70.22110552763819,70.22110552763819,3840,0.982825246887076,102.34375,0.5667670369148254,0.633,0.38666666666666666,0.04721030042918455,0.2376521116678597,0.19044181123867515,2048,512,25388,256,64,0.7099407534288177,0.98932566566882,0.48179946990257455,0.46810568212784154,0.2292387260088034,0.6552044442548454,100,0.25125628140703515,100,374,0.9396984924623115,494,393,0.9874371859296482,958
2,pde5a,rabvs_budgeted_no_ucb,27948,398,0.014240732789466151,2560,388,0.8115335051546392,0.4547699891041541,0.2190381258786803,0.637153835178773,70.22110552763819,63.677203220403094,3840,0.982825246887076,102.86458333333333,0.5652812719345093,0.728,0.3891170431211499,0.04792560801144492,0.23693629205440228,0.18901068404295734,2048,512,25388,310,78,0.8604080715218274,0.9998424452497243,0.48700615578901346,0.4601287199923071,0.21861834004789485,0.6286130529851426,100,0.25125628140703515,100,386,0.9698492462311558,496,395,0.992462311557789,981
1,pgh1,boba_ucb,10995,195,0.017735334242837655,2560,139,0.6357913669064749,0.44919774191674977,0.2285031139925981,0.6957513775628918,56.38461538461538,56.38461538461538,3072,0.965075034106412,57.291666666666664,0.6617764234542847,0.487,0.18772563176895307,0.09818181818181818,0.22363636363636363,0.12545454545454546,2048,512,8435,111,28,0.8930838705366531,0.9879075281564909,0.47551409264211386,0.45346613329412944,0.22420534627088295,0.6615914233183207,100,0.5128205128205128,100,162,0.8307692307692308,439,176,0.9025641025641026,831
1,pgh1,rabvs_budgeted_no_ucb,10995,195,0.017735334242837655,2560,169,0.7511094674556213,0.4493907600343288,0.22507225002804204,0.6827972208058257,56.38461538461538,45.107692307692304,3072,0.965075034106412,56.966145833333336,0.652898907661438,0.607,0.17593643586833144,0.0890909090909091,0.2309090909090909,0.1418181818181818,2048,512,8435,135,34,0.9427295705630279,0.9992886781268524,0.4652468073683053,0.43656823619803076,0.20177583888758868,0.5961091049538185,84,0.4307692307692308,100,169,0.8666666666666667,475,175,0.8974358974358975,899
2,pgh1,boba_ucb,10995,195,0.017735334242837655,2560,164,0.5598323170731707,0.44894839844086165,0.22847531004634414,0.6983831720339443,56.38461538461538,56.38461538461538,3072,0.965075034106412,59.5703125,0.6446807384490967,0.511,0.19086651053864168,0.09818181818181818,0.23636363636363636,0.13818181818181818,2048,512,8435,131,33,0.9312349724622228,0.995257854179016,0.4631808578076932,0.44315628304212956,0.21054880987798566,0.6208656235884483,100,0.5128205128205128,100,173,0.8871794871794871,459,183,0.9384615384615385,845
2,pgh1,rabvs_budgeted_no_ucb,10995,195,0.017735334242837655,2560,179,0.7461592178770949,0.44829052162249644,0.22354513086326508,0.6842039476078257,56.38461538461538,44.59510489510489,3072,0.965075034106412,59.5703125,0.6462942957878113,0.605,0.18480725623582767,0.09818181818181818,0.24181818181818182,0.14363636363636365,2048,512,8435,143,36,0.9619721537282708,1.0,0.45875803933079695,0.43172436781159196,0.19483959620900773,0.5797631868481635,84,0.4307692307692308,100,177,0.9076923076923077,481,183,0.9384615384615385,893
1,pgh2,boba_ucb,23585,435,0.018443926224295103,2560,343,0.7175655976676385,0.44899523355237975,0.22212927286777726,0.6624262420584727,54.2183908045977,54.2183908045977,3840,0.9796480814076743,100.26041666666667,0.6254724860191345,0.6,0.3969631236442516,0.06858594411515664,0.27504244482173174,0.2064565007065751,2048,512,21025,274,69,0.9291045899082486,0.9938644470868014,0.47599700141413703,0.4530105380734487,0.21977947413648127,0.6464380701706556,100,0.22988505747126436,100,362,0.832183908045977,489,385,0.8850574712643678,908
1,pgh2,rabvs_budgeted_no_ucb,23585,435,0.018443926224295103,2560,375,0.762,0.4495140240470727,0.21854975358228648,0.6461737347766092,54.2183908045977,53.75891291642315,3840,0.9796480814076743,102.34375,0.6186102628707886,0.671,0.3940990516332982,0.0940677966101695,0.2553011026293469,0.1612333060191774,2048,512,21025,300,75,0.9385561426946903,0.9997621878715814,0.4832945700286706,0.4495231525437701,0.21149466877766926,0.6147211614190998,100,0.22988505747126436,100,354,0.8137931034482758,492,393,0.903448275862069,934
2,pgh2,boba_ucb,23585,435,0.018443926224295103,2560,319,0.7188479623824452,0.4489147990563925,0.2205942096665643,0.6558272242942416,54.2183908045977,54.2183908045977,3840,0.9796480814076743,95.83333333333334,0.6291735768318176,0.569,0.375,0.08305084745762711,0.26039016115351993,0.17733931369589281,2048,512,21025,255,64,0.8432651657712953,0.9909155766944114,0.4839014195244479,0.4586706979784401,0.2235014060757377,0.6493325380335164,100,0.22988505747126436,100,344,0.7908045977011494,480,368,0.8459770114942529,895
2,pgh2,rabvs_budgeted_no_ucb,23585,435,0.018443926224295103,2560,378,0.7703373015873016,0.44952806749464186,0.21822196584206646,0.6434005766504662,54.2183908045977,54.2183908045977,3840,0.9796480814076743,102.86458333333333,0.6233624815940857,0.6970000000000001,0.3976545842217484,0.09322033898305085,0.26293469041560646,0.16971435143255562,2048,512,21025,302,76,0.9539229690604641,0.9999524375743163,0.4850106371900838,0.4502653735282244,0.2118989337672011,0.6155934255872217,100,0.22988505747126436,100,356,0.8183908045977012,493,395,0.9080459770114943,945
1,plk1,boba_ucb,6907,107,0.015491530331547706,2560,104,0.8016826923076923,0.45127254044430865,0.22072134756691075,0.6415703393863518,64.55140186915888,64.55140186915888,2816,0.9490372086289272,37.997159090909086,0.6226060390472412,0.51,0.0945054945054945,0.03757225433526012,0.27246376811594203,0.2348915137806819,2048,512,4347,83,21,0.6509118314661033,0.9751552795031055,0.4722212749990639,0.4791832577576407,0.2399896884773346,0.6751976746080406,100,0.9345794392523364,80,107,1.0,450,107,1.0,903
1,plk1,rabvs_budgeted_no_ucb,6907,107,0.015491530331547706,2560,106,0.8408018867924528,0.45086581671341724,0.2175118686627089,0.6339739005066837,64.55140186915888,56.131653799268584,2816,0.9490372086289272,37.997159090909086,0.6111754775047302,0.834,0.09110169491525423,0.03468208092485549,0.2753623188405797,0.24068023791572424,2048,512,4347,85,21,0.6998586415815028,0.9995399125833908,0.47761262618873446,0.45901675676734816,0.21861526660913536,0.6279563116710866,89,0.8317757009345794,88,107,1.0,475,107,1.0,963
2,plk1,boba_ucb,6907,107,0.015491530331547706,2560,106,0.8077830188679245,0.45101440755816286,0.22135441356223,0.645635007524142,64.55140186915888,64.55140186915888,2816,0.9490372086289272,37.997159090909086,0.6249433159828186,0.531,0.09219088937093275,0.049132947976878616,0.2608695652173913,0.21173661724051268,2048,512,4347,85,21,0.66316097352584,0.9703243616287095,0.4767179585769731,0.476045496092876,0.2376238724751245,0.6732282601220076,100,0.9345794392523364,80,107,1.0,455,107,1.0,892
2,plk1,rabvs_budgeted_no_ucb,6907,107,0.015491530331547706,2560,107,0.8504672897196262,0.45045156996773905,0.21739063335575243,0.6382802251647587,64.55140186915888,57.067181362589736,2816,0.9490372086289272,37.997159090909086,0.6116361021995544,0.83,0.09042553191489362,0.046242774566473986,0.263768115942029,0.217525341375555,2048,512,4347,86,21,0.7307051128321584,0.9997699562916954,0.47355379213526483,0.455192610571071,0.21477548274113942,0.6200115015423551,80,0.7476635514018691,91,107,1.0,473,107,1.0,962
1,pnph,boba_ucb,7053,103,0.014603714731320005,2560,103,0.875,0.45204073884429646,0.21598669659568695,0.6226182851955366,68.47572815533981,68.47572815533981,2816,0.9500921593648093,36.57670454545455,0.66429603099823,0.42200000000000004,0.11538461538461539,0.0169971671388102,0.2747875354107649,0.2577903682719547,2048,512,4493,82,21,0.6577311072436814,0.973736924104162,0.48788336606364263,0.4765393944856883,0.23431470868892848,0.6636875225220307,100,0.970873786407767,77,103,1.0,382,103,1.0,657
1,pnph,rabvs_budgeted_no_ucb,7053,103,0.014603714731320005,2560,103,0.875,0.45250402101497506,0.2156369261344571,0.6210999782910802,68.47572815533981,66.54683440448517,2816,0.9500921593648093,36.57670454545455,0.6708921790122986,0.7010000000000001,0.09950859950859951,0.0169971671388102,0.2747875354107649,0.2577903682719547,2048,512,4493,82,21,0.6424519660492525,0.9866458936122858,0.49544141063941655,0.47388082125960584,0.2299982348347871,0.6525139046725119,98,0.9514563106796117,79,103,1.0,448,103,1.0,813
2,pnph,boba_ucb,7053,103,0.014603714731320005,2560,103,0.875,0.45212871964457213,0.21684607473099687,0.6245864137973873,68.47572815533981,68.47572815533981,2816,0.9500921593648093,36.57670454545455,0.6624479293823242,0.45599999999999996,0.11671469740634005,0.031161473087818695,0.26062322946175637,0.22946175637393768,2048,512,4493,82,21,0.6308624375358403,0.9443578900511908,0.490321282339724,0.48064688096313346,0.23875025095302227,0.671514817094777,100,0.970873786407767,77,103,1.0,372,103,1.0,654
2,pnph,rabvs_budgeted_no_ucb,7053,103,0.014603714731320005,2560,103,0.875,0.45245928829676585,0.21533522066943417,0.6206033034779691,68.47572815533981,66.54683440448517,2816,0.9500921593648093,36.57670454545455,0.6688269376754761,0.7050000000000001,0.09938650306748466,0.031161473087818695,0.26062322946175637,0.22946175637393768,2048,512,4493,82,21,0.6337287420940411,0.9859781882929001,0.48885442430422216,0.4713879190692444,0.2273883789109196,0.64712350053283,98,0.9514563106796117,79,103,1.0,442,103,1.0,809
1,ppara,boba_ucb,19772,373,0.018865061703418975,2560,323,0.7848297213622291,0.4475511751931491,0.21638931021141408,0.6220375874432391,53.008042895442365,53.008042895442365,3584,0.9773416953267247,103.79464285714286,0.5442313551902771,0.44899999999999995,0.3811074918566775,0.041456016177957536,0.3346814964610718,0.2932254802831143,2048,512,17212,258,65,0.626855989554733,0.9513130374157565,0.45451131049041105,0.4660417627306718,0.2293440374333907,0.6507641006259199,100,0.2680965147453083,100,369,0.9892761394101877,478,372,0.9973190348525469,858
1,ppara,rabvs_budgeted_no_ucb,19772,373,0.018865061703418975,2560,373,0.8495308310991957,0.4471730297416203,0.212896329363895,0.6150210235588149,53.008042895442365,53.008042895442365,3584,0.9773416953267247,104.07366071428571,0.5414235591888428,0.792,0.36102564102564105,0.025278058645096056,0.3518705763397371,0.32659251769464104,2048,512,17212,298,75,0.6683670702886826,0.9988961189867535,0.4753571776487633,0.45793430738842567,0.2183251290739911,0.6270877670654902,100,0.2680965147453083,100,373,1.0,494,373,1.0,994
2,ppara,boba_ucb,19772,373,0.018865061703418975,2560,302,0.8371274834437086,0.44775801920298247,0.2174236600952758,0.6247213095172806,53.008042895442365,53.008042895442365,3584,0.9773416953267247,103.79464285714286,0.5412150621414185,0.45699999999999996,0.3783494105037513,0.047474747474747475,0.32861476238624876,0.2811400149115013,2048,512,17212,242,60,0.6349110979084426,0.9485242853822914,0.4552756312113948,0.4667971524188117,0.2309041699468698,0.655369874850899,100,0.2680965147453083,100,370,0.9919571045576407,480,372,0.9973190348525469,855
2,ppara,rabvs_budgeted_no_ucb,19772,373,0.018865061703418975,2560,373,0.8505361930294906,0.4471275751783827,0.21287618411077597,0.6150903152405224,53.008042895442365,53.008042895442365,3584,0.9773416953267247,104.07366071428571,0.5405178070068359,0.798,0.3623336745138178,0.032355915065722954,0.3447927199191102,0.31243680485338726,2048,512,17212,298,75,0.6528113813113694,0.9980827329769928,0.47796058840357036,0.4577990519769125,0.21749153148129594,0.6256659232934197,100,0.2680965147453083,100,373,1.0,494,373,1.0,987
1,ppard,boba_ucb,12490,240,0.01921537229783827,2560,230,0.8625,0.44508764362753206,0.21392289121528751,0.6161914637279464,52.04166666666667,52.04166666666667,3072,0.9692554043234588,77.47395833333333,0.556777834892273,0.482,0.23974082073434125,0.0288,0.3525641025641026,0.3237641025641026,2048,512,9930,184,46,0.6047526807268224,0.8968781470292044,0.4524493174364318,0.4737535484952117,0.23530228012748675,0.6640121051596543,100,0.4166666666666667,100,238,0.9916666666666667,457,238,0.9916666666666667,866
1,ppard,rabvs_budgeted_no_ucb,12490,240,0.01921537229783827,2560,240,0.8630208333333333,0.4451428940449824,0.2104117224703855,0.6090555819409639,52.04166666666667,52.04166666666667,3072,0.9692554043234588,78.125,0.568170964717865,0.8009999999999999,0.23069001029866118,0.0288,0.3557692307692308,0.3269692307692308,2048,512,9930,192,48,0.6269595610111447,0.9826787512588117,0.46744918104521227,0.4590834532182421,0.2186527657863537,0.6284256830135428,100,0.4166666666666667,100,240,1.0,495,240,1.0,968
2,ppard,boba_ucb,12490,240,0.01921537229783827,2560,237,0.8433544303797469,0.4451466271906767,0.21336732983793516,0.6163452748701995,52.04166666666667,52.04166666666667,3072,0.9692554043234588,78.125,0.5702207088470459,0.46499999999999997,0.24724061810154527,0.024,0.3605769230769231,0.33657692307692305,2048,512,9930,190,47,0.6416743163104834,0.9695871097683787,0.45866581094609377,0.46816977971212437,0.22934367508632617,0.652336282381328,100,0.4166666666666667,100,240,1.0,458,240,1.0,836
2,ppard,rabvs_budgeted_no_ucb,12490,240,0.01921537229783827,2560,240,0.8658854166666666,0.4451833198134137,0.21056284152827648,0.6093480532150692,52.04166666666667,52.04166666666667,3072,0.9692554043234588,78.125,0.5654049515724182,0.802,0.2318840579710145,0.0272,0.3573717948717949,0.3301717948717949,2048,512,9930,192,48,0.6542404487164807,0.9959718026183283,0.4650776939845834,0.458791684399278,0.21851444445528606,0.6280960489304018,100,0.4166666666666667,100,240,1.0,498,240,1.0,979
1,pparg,boba_ucb,25784,484,0.01877133105802048,2560,349,0.7867120343839542,0.44949620254316186,0.21884376815917636,0.630111075951522,53.272727272727266,53.272727272727266,3840,0.9813838039094012,124.21875,0.5280169248580933,0.45999999999999996,0.4815983175604627,0.06976744186046512,0.30411171450737007,0.23434427264690494,2048,512,23224,279,70,0.686282281504008,0.9902686875645884,0.4553192327328423,0.46170286278607425,0.226621236623276,0.647134862619303,100,0.2066115702479339,100,451,0.9318181818181818,498,477,0.9855371900826446,929
1,pparg,rabvs_budgeted_no_ucb,25784,484,0.01877133105802048,2560,477,0.822982180293501,0.44811435514206516,0.21502417893901482,0.6223464031095259,53.272727272727266,53.272727272727266,3840,0.9813838039094012,125.0,0.5263941287994385,0.6679999999999999,0.47772020725388603,0.04806201550387597,0.32583397982932505,0.2777719643254491,2048,512,23224,382,95,0.7800748822734915,0.9996124698587668,0.4734462917427487,0.4579348229291897,0.21892504353111353,0.6280982926992942,100,0.2066115702479339,100,467,0.9648760330578512,500,480,0.9917355371900827,985
2,pparg,boba_ucb,25784,484,0.01877133105802048,2560,344,0.7872456395348837,0.4494066290356424,0.21958330580200275,0.6326517968414963,53.272727272727266,53.272727272727266,3840,0.9813838039094012,124.21875,0.5126304030418396,0.509,0.4800420168067227,0.07751937984496124,0.29635376260667184,0.2188343827617106,2048,512,23224,275,69,0.7138875938958829,0.9882018601446779,0.4506065535243313,0.4623846406894498,0.2278461294558086,0.6511619566026001,100,0.2066115702479339,100,460,0.9504132231404959,498,477,0.9855371900826446,936
2,pparg,rabvs_budgeted_no_ucb,25784,484,0.01877133105802048,2560,478,0.8164225941422594,0.44795637371952546,0.2144019919219018,0.6213710456116638,53.272727272727266,53.272727272727266,3840,0.9813838039094012,125.0,0.5218741297721863,0.677,0.47668393782383417,0.043410852713178294,0.330488750969744,0.2870778982565657,2048,512,23224,382,96,0.7828061438424218,0.9999138821908371,0.47783048040072046,0.457128172601778,0.21771278080547202,0.6256819651275796,100,0.2066115702479339,100,465,0.9607438016528925,499,480,0.9917355371900827,986
1,prgr,boba_ucb,15943,293,0.018377971523552656,2560,255,0.7242647058823529,0.44750909447492226,0.21843831467384114,0.6475008932589235,54.41296928327645,54.41296928327645,3328,0.9739070438436932,84.43509615384616,0.6317282319068909,0.528,0.2824919441460795,0.08521303258145363,0.27352572145545795,0.18831268887400432,2048,512,13383,204,51,0.8575966631673305,0.9953672569677949,0.4750579634714709,0.4604391893367302,0.22217313137811767,0.6421575111774549,100,0.3412969283276451,100,270,0.9215017064846417,473,281,0.9590443686006825,880
1,prgr,rabvs_budgeted_no_ucb,15943,293,0.018377971523552656,2560,282,0.8018617021276596,0.44733072580317396,0.21537573623500747,0.6378901249865334,54.41296928327645,54.41296928327645,3328,0.9739070438436932,86.53846153846153,0.6316439509391785,0.7090000000000001,0.28361344537815125,0.08897243107769423,0.27478042659974905,0.18580799552205482,2048,512,13383,226,56,0.9209608641325766,0.999701113352761,0.4752605155990333,0.4494357948783817,0.2089949904946914,0.609449535982091,100,0.3412969283276451,100,283,0.9658703071672355,477,288,0.9829351535836177,932
2,prgr,boba_ucb,15943,293,0.018377971523552656,2560,254,0.7746062992125984,0.447562727460337,0.21727376175244612,0.641523884676585,54.41296928327645,54.41296928327645,3328,0.9739070438436932,84.43509615384616,0.624921441078186,0.548,0.2831001076426265,0.09398496240601503,0.26348808030112925,0.1695031178951142,2048,512,13383,203,51,0.8493068367038681,0.9932750504371217,0.4775628776560679,0.4573876477047914,0.21993092384836738,0.6388590315033279,100,0.3412969283276451,100,272,0.9283276450511946,465,281,0.9590443686006825,867
2,prgr,rabvs_budgeted_no_ucb,15943,293,0.018377971523552656,2560,279,0.8169802867383512,0.44729919790845557,0.21524863061815083,0.6363756541886035,54.41296928327645,54.41296928327645,3328,0.9739070438436932,85.9375,0.6308198571205139,0.729,0.28480340063761955,0.08646616541353383,0.27352572145545795,0.18705955604192412,2048,512,13383,223,56,0.8457084960198853,0.9994022267055219,0.4745787443289639,0.45154340602025145,0.21115437067574394,0.6135905605419,100,0.3412969283276451,100,280,0.9556313993174061,477,286,0.9761092150170648,928
1,ptn1,boba_ucb,7380,130,0.017615176151761516,2560,129,0.8381782945736435,0.4493441724609604,0.22076522184854017,0.6410133134515182,56.769230769230774,56.769230769230774,2816,0.9523035230352304,45.809659090909086,0.6320769786834717,0.40800000000000003,0.12556053811659193,0.05962059620596206,0.2899728997289973,0.23035230352303526,2048,512,4820,103,26,0.6721412422574929,0.9809128630705394,0.46388645761246333,0.46632593575953113,0.22969980370990364,0.6548474716500606,100,0.7692307692307693,100,129,0.9923076923076923,463,129,0.9923076923076923,878
1,ptn1,rabvs_budgeted_no_ucb,7380,130,0.017615176151761516,2560,130,0.85625,0.4486766636723163,0.21654597131747996,0.6331293897519049,56.769230769230774,52.933471933471935,2816,0.9523035230352304,46.16477272727273,0.6229101419448853,0.708,0.12242686890574214,0.07046070460704607,0.28184281842818426,0.2113821138211382,2048,512,4820,104,26,0.7094994631519919,0.9979253112033195,0.462934055846148,0.4469399940200274,0.2085237045390945,0.6071714066227897,85,0.6538461538461539,100,130,1.0,490,130,1.0,953
2,ptn1,boba_ucb,7380,130,0.017615176151761516,2560,122,0.8181352459016393,0.44956936746970816,0.22194290058722366,0.6445614974691275,56.769230769230774,56.769230769230774,2816,0.9523035230352304,46.16477272727273,0.6245962381362915,0.46099999999999997,0.12348401323042998,0.05929919137466307,0.29427792915531337,0.2349787377806503,2048,512,4820,98,24,0.6880735818122801,0.9811203319502074,0.4724935388390715,0.4755946927863682,0.23933923572078555,0.6741584853550662,100,0.7692307692307693,100,130,1.0,467,130,1.0,894
2,ptn1,rabvs_budgeted_no_ucb,7380,130,0.017615176151761516,2560,130,0.8668269230769231,0.4481904537133181,0.21657235791554758,0.6369929530102375,56.769230769230774,54.46777546777547,2816,0.9523035230352304,46.16477272727273,0.6242627501487732,0.727,0.11978609625668449,0.05962059620596206,0.2926829268292683,0.23306233062330622,2048,512,4820,104,26,0.6911674044622617,0.9983402489626556,0.4745880413815918,0.45088671017711296,0.2117146356363444,0.6138219355961949,78,0.6,100,130,1.0,493,130,1.0,960
1,pur2,boba_ucb,2750,50,0.01818181818181818,2560,50,0.875,0.4394995959903547,0.2031825544244221,0.5940767639827637,55.0,55.0,2670,0.8786363636363637,18.726591760299627,0.6333736777305603,0.396,0.03508771929824561,0.007246376811594203,0.35766423357664234,0.35041785676504816,2048,512,190,40,10,0.6473891796840786,0.9947368421052631,0.4828204513045662,0.5281580856031461,0.2838603536927558,0.7613909930050167,50,1.0,75,50,1.0,382,50,1.0,733
1,pur2,rabvs_budgeted_no_ucb,2750,50,0.01818181818181818,2560,50,0.875,0.4380923360146729,0.2005649943897291,0.5887862377587215,55.0,55.0,2670,0.8786363636363637,18.726591760299627,0.6530243754386902,0.6,0.03873239436619718,0.007246376811594203,0.35766423357664234,0.35041785676504816,2048,512,190,40,10,0.656295706204878,1.0,0.38578741497541685,0.41882447989340316,0.18188827006690936,0.5525803518849626,50,1.0,84,50,1.0,425,50,1.0,661
2,pur2,boba_ucb,2750,50,0.01818181818181818,2560,50,0.875,0.43909584646791044,0.20307534736326016,0.594191214239458,55.0,55.0,2670,0.8786363636363637,18.726591760299627,0.6362305879592896,0.399,0.04225352112676056,0.007246376811594203,0.35766423357664234,0.35041785676504816,2048,512,190,40,10,0.6558404111149623,0.9105263157894737,0.47390300932353124,0.5322490897508669,0.2915310239823294,0.7786542909832715,50,1.0,80,50,1.0,397,50,1.0,738
2,pur2,rabvs_budgeted_no_ucb,2750,50,0.01818181818181818,2560,50,0.875,0.4387695871629508,0.20174830179202846,0.5911648925069882,55.0,55.0,2670,0.8786363636363637,18.726591760299627,0.6507578492164612,0.583,0.04576271186440678,0.007246376811594203,0.35766423357664234,0.35041785676504816,2048,512,190,40,10,0.6586451730459862,1.0,0.4190704029245957,0.4632264188550131,0.22398706178393446,0.6382048037294343,50,1.0,84,50,1.0,430,50,1.0,688
1,pygm,boba_ucb,4027,77,0.019120933697541594,2560,72,0.8663194444444444,0.44534247487060835,0.21433483837766165,0.6160224074503046,52.2987012987013,52.2987012987013,2721,0.9155388626769307,28.298419698640206,0.654211699962616,0.514,0.03418803418803419,0.024752475247524754,0.3582089552238806,0.3334564799763558,2048,512,1467,58,14,0.6329851635522935,0.9277436946148603,0.5074856819905949,0.510087773490374,0.27107647716626443,0.7358844806242634,75,0.974025974025974,52,77,1.0,401,77,1.0,804
1,pygm,rabvs_budgeted_no_ucb,4027,77,0.019120933697541594,2560,77,0.859577922077922,0.44457842871591585,0.21035159955048194,0.6118786351965811,52.2987012987013,44.453896103896106,2721,0.9155388626769307,28.298419698640206,0.6488203406333923,0.825,0.03598971722365039,0.0594059405940594,0.32338308457711445,0.26397714398305505,2048,512,1467,62,15,0.6477697272212363,1.0,0.4383560714576682,0.429830584091749,0.19087106433232315,0.571515092363827,77,1.0,52,77,1.0,414,77,1.0,877
2,pygm,boba_ucb,4027,77,0.019120933697541594,2560,75,0.8741666666666666,0.4450793216624101,0.2151099106212716,0.6198070191015721,52.2987012987013,52.2987012987013,2721,0.9155388626769307,28.298419698640206,0.6615323424339294,0.554,0.027742749054224466,0.0297029702970297,0.35323383084577115,0.3235308605487415,2048,512,1467,60,15,0.6475394310650562,0.9536468984321745,0.492821547969213,0.4956315846266012,0.257081611456493,0.7071962420535064,77,1.0,52,77,1.0,395,77,1.0,790
2,pygm,rabvs_budgeted_no_ucb,4027,77,0.019120933697541594,2560,77,0.8733766233766234,0.44431955118320393,0.21011883250921776,0.6123751799731768,52.2987012987013,40.53149350649351,2721,0.9155388626769307,28.298419698640206,0.6490355134010315,0.825,0.028132992327365727,0.0594059405940594,0.32338308457711445,0.26397714398305505,2048,512,1467,62,15,0.6640076552902346,0.9993183367416496,0.43653531754451713,0.43231330356737774,0.1930692101491763,0.5761418853628185,77,1.0,52,77,1.0,415,77,1.0,880
1,pyrd,boba_ucb,6561,111,0.016918152720621856,2560,111,0.8710585585585585,0.4480269592393743,0.2147332001901764,0.6201173356588967,59.10810810810811,59.10810810810811,2816,0.9463496418228928,39.41761363636364,0.6135991811752319,0.5820000000000001,0.09723889555822329,0.030395136778115502,0.3079268292682927,0.2775316924901772,2048,512,4001,89,22,0.6205196864881424,0.9487628092976755,0.4829458555757262,0.4837573548739115,0.24252839450675634,0.6792333896336296,100,0.9009009009009009,61,111,1.0,400,111,1.0,788
1,pyrd,rabvs_budgeted_no_ucb,6561,111,0.016918152720621856,2560,111,0.875,0.44772558643187566,0.211119254637439,0.6116017517447488,59.10810810810811,56.421375921375926,2816,0.9463496418228928,39.41761363636364,0.6216458082199097,0.868,0.09,0.03343465045592705,0.3048780487804878,0.27144339832456077,2048,512,4001,89,22,0.6159192488903353,0.9787553111722069,0.4868538825192556,0.466379266302282,0.22429760963123607,0.6399675600280427,93,0.8378378378378378,73,111,1.0,443,111,1.0,884
2,pyrd,boba_ucb,6561,111,0.016918152720621856,2560,109,0.8526376146788991,0.44853541873579034,0.2145555486796541,0.6178263763532507,59.10810810810811,59.10810810810811,2816,0.9463496418228928,39.41761363636364,0.6140212416648865,0.623,0.09179926560587515,0.02735562310030395,0.31097560975609756,0.28361998665579363,2048,512,4001,87,22,0.6257998600325533,0.9667583104223944,0.48355760582310753,0.4828090409738373,0.2412644974342096,0.6768211197155012,100,0.9009009009009009,60,111,1.0,407,111,1.0,784
2,pyrd,rabvs_budgeted_no_ucb,6561,111,0.016918152720621856,2560,111,0.8733108108108109,0.44802113513520464,0.21163077923742668,0.6122864393601953,59.10810810810811,56.421375921375926,2816,0.9463496418228928,39.41761363636364,0.618920087814331,0.867,0.08465011286681716,0.02127659574468085,0.3170731707317073,0.2957965749870265,2048,512,4001,89,22,0.6327743080391307,0.9915021244688828,0.47940140387995606,0.4647047663397761,0.22248826452336234,0.6362054149037631,92,0.8288288288288288,73,111,1.0,447,111,1.0,892
1,reni,boba_ucb,7062,104,0.014726706315491363,2560,102,0.8700980392156863,0.4538769114821059,0.22244515902105017,0.6364960132373135,67.90384615384615,67.90384615384615,2816,0.9501557632398754,36.93181818181819,0.6007515788078308,0.401,0.09508196721311475,0.02824858757062147,0.26628895184135976,0.2380403642707383,2048,512,4502,82,20,0.6485162395664325,0.9546868058640604,0.47423625934542035,0.48604955717597875,0.24778856421438877,0.6900102890365163,100,0.9615384615384616,100,104,1.0,452,104,1.0,860
1,reni,rabvs_budgeted_no_ucb,7062,104,0.014726706315491363,2560,104,0.8659855769230769,0.4531640585519867,0.2181401838913004,0.6297730844795312,67.90384615384615,64.07827735644636,2816,0.9501557632398754,36.93181818181819,0.6093291640281677,0.6659999999999999,0.09186906019007392,0.02824858757062147,0.26628895184135976,0.2380403642707383,2048,512,4502,83,21,0.6748574013134466,0.9960017769880053,0.4721606200644828,0.4596633395742223,0.21896750772004048,0.6291283562726873,96,0.9230769230769231,100,104,1.0,482,104,1.0,932
2,reni,boba_ucb,7062,104,0.014726706315491363,2560,104,0.8623798076923077,0.45384552487056506,0.2227604843102248,0.6374331671849472,67.90384615384615,67.90384615384615,2816,0.9501557632398754,36.93181818181819,0.6015462279319763,0.403,0.09427609427609428,0.031073446327683617,0.26345609065155806,0.23238264432387445,2048,512,4502,83,21,0.629454385308415,0.9144824522434474,0.4749178240140404,0.48821986951690005,0.25040067475299266,0.6961606793926285,100,0.9615384615384616,100,104,1.0,442,104,1.0,820
2,reni,rabvs_budgeted_no_ucb,7062,104,0.014726706315491363,2560,104,0.875,0.4534661722655947,0.2175189026907879,0.6257308602654854,67.90384615384615,66.94745395449621,2816,0.9501557632398754,36.93181818181819,0.612633466720581,0.6619999999999999,0.0911062906724512,0.03389830508474576,0.26062322946175637,0.2267249243770106,2048,512,4502,83,21,0.6515961335975834,0.9935584184806753,0.4820814519623556,0.4602034461245973,0.21964634491496585,0.6304252321134312,99,0.9519230769230769,100,104,1.0,482,104,1.0,925
1,rock1,boba_ucb,6400,100,0.015625,2560,98,0.8424744897959183,0.4511533753961994,0.21944329686884015,0.6368864886377074,64.0,64.0,2816,0.945,35.51136363636364,0.6423299312591553,0.629,0.0915032679738562,0.04375,0.26875,0.22499999999999998,2048,512,3840,78,20,0.676864275631617,0.9872395833333333,0.4800577582554892,0.4795612751958446,0.23896972950144382,0.670669520732405,98,0.98,100,100,1.0,473,100,1.0,913
1,rock1,rabvs_budgeted_no_ucb,6400,100,0.015625,2560,100,0.859375,0.4502515399183322,0.21746303796446964,0.6383093560467966,64.0,64.0,2816,0.945,35.51136363636364,0.6473129391670227,0.856,0.08888888888888889,0.05625,0.25625,0.19999999999999998,2048,512,3840,80,20,0.7033361147924921,0.9997395833333333,0.47723004902740485,0.4631764168702303,0.22190333043376043,0.6345636331847809,89,0.89,100,100,1.0,490,100,1.0,973
2,rock1,boba_ucb,6400,100,0.015625,2560,98,0.8227040816326531,0.4511649215093911,0.21955154485256195,0.6381794382475783,64.0,64.0,2816,0.945,35.51136363636364,0.6444815397262573,0.632,0.09502262443438914,0.05625,0.25625,0.19999999999999998,2048,512,3840,78,20,0.641034015490572,0.9794270833333333,0.48708240138648845,0.4777213314055815,0.2367470606488323,0.6670914718030813,98,0.98,100,99,0.99,474,100,1.0,892
2,rock1,rabvs_budgeted_no_ucb,6400,100,0.015625,2560,99,0.8630050505050505,0.4506023593767882,0.21690195241134816,0.6335129885168148,64.0,64.0,2816,0.945,35.51136363636364,0.6557080745697021,0.872,0.08974358974358974,0.05,0.2625,0.21250000000000002,2048,512,3840,79,20,0.6944448751083914,0.99921875,0.4902475537806849,0.4647520371487585,0.22332340582707674,0.6376592047353332,88,0.88,100,100,1.0,492,100,1.0,973
1,rxra,boba_ucb,7081,131,0.018500211834486656,2560,126,0.8616071428571429,0.44602925362811063,0.2131267805538174,0.6136383603063421,54.05343511450381,54.05343511450381,2816,0.9502895071317611,46.51988636363636,0.6162660121917725,0.494,0.1145374449339207,0.022535211267605635,0.3474576271186441,0.3249224158510384,2048,512,4521,101,25,0.624677729420421,0.9480203494802035,0.4661266134385951,0.48263186896617616,0.2423432097597112,0.6773449304749818,100,0.7633587786259542,71,131,1.0,398,131,1.0,793
1,rxra,rabvs_budgeted_no_ucb,7081,131,0.018500211834486656,2560,131,0.8721374045801527,0.4450310551804682,0.2085364552197676,0.6049128459419572,54.05343511450381,53.29211912697559,2816,0.9502895071317611,46.51988636363636,0.6173575520515442,0.771,0.11646136618141098,0.011267605633802818,0.3587570621468927,0.3474894565130899,2048,512,4521,105,26,0.6280253773506063,0.9876133598761336,0.46701940436251926,0.45963632426048284,0.2177433296357627,0.626772662771622,98,0.7480916030534351,79,131,1.0,443,131,1.0,871
2,rxra,boba_ucb,7081,131,0.018500211834486656,2560,130,0.8451923076923077,0.44545838553077133,0.21279572484585924,0.613177958896092,54.05343511450381,54.05343511450381,2816,0.9502895071317611,46.51988636363636,0.6121675372123718,0.501,0.11731207289293849,0.022535211267605635,0.3474576271186441,0.3249224158510384,2048,512,4521,104,26,0.6114980001859358,0.9301039593010396,0.46548268564850315,0.4842413877605679,0.24352016354990202,0.6804295386031208,100,0.7633587786259542,69,131,1.0,407,131,1.0,799
2,rxra,rabvs_budgeted_no_ucb,7081,131,0.018500211834486656,2560,131,0.8721374045801527,0.44505965950876475,0.20900441506479556,0.605796285929659,54.05343511450381,53.29211912697559,2816,0.9502895071317611,46.51988636363636,0.6221392154693604,0.764,0.11318681318681319,0.01971830985915493,0.3492957746478873,0.3295774647887324,2048,512,4521,105,26,0.6362002289513805,0.993364299933643,0.4653962849304148,0.46109089518270485,0.219388706844027,0.6299267086739702,99,0.7557251908396947,78,131,1.0,437,131,1.0,879
1,sahh,boba_ucb,3513,63,0.017933390264730998,2560,63,0.875,0.4430473884204397,0.20578090630684376,0.5992933820590876,55.761904761904766,55.761904761904766,2700,0.9039282664389411,23.333333333333336,0.6750971674919128,0.45199999999999996,0.008012820512820512,0.022727272727272728,0.3352272727272727,0.3125,2048,512,953,50,13,0.6221501984271456,0.993704092339979,0.47476514377927614,0.4791301467473634,0.23343057407116832,0.6594374224596543,63,1.0,48,63,1.0,355,63,1.0,650
1,sahh,rabvs_budgeted_no_ucb,3513,63,0.017933390264730998,2560,63,0.875,0.4430731119192681,0.20614582394859227,0.6001069781668078,55.761904761904766,55.761904761904766,2700,0.9039282664389411,23.333333333333336,0.6779237985610962,0.663,0.0070921985815602835,0.022727272727272728,0.3352272727272727,0.3125,2048,512,953,50,13,0.624444513134419,0.9706190975865687,0.4811910413559753,0.4829584268320363,0.23804603645518327,0.6690381075997941,63,1.0,51,63,1.0,423,63,1.0,821
2,sahh,boba_ucb,3513,63,0.017933390264730998,2560,63,0.875,0.44277426620391147,0.2058761364534934,0.599784542174581,55.761904761904766,55.761904761904766,2700,0.9039282664389411,23.333333333333336,0.6713674068450928,0.43100000000000005,0.029801324503311258,0.011363636363636364,0.3465909090909091,0.33522727272727276,2048,512,953,50,13,0.6215619830254737,0.9412381951731374,0.4848882861916242,0.48929687846339615,0.24470036618490673,0.682938574300755,63,1.0,47,63,1.0,336,63,1.0,658
2,sahh,rabvs_budgeted_no_ucb,3513,63,0.017933390264730998,2560,63,0.875,0.4429275186789832,0.2059953043972827,0.5997057915881867,55.761904761904766,55.761904761904766,2700,0.9039282664389411,23.333333333333336,0.6751588582992554,0.6799999999999999,0.025495750708215296,0.011299435028248588,0.3485714285714286,0.33727199354318,2048,512,953,50,13,0.615571824108102,0.9758656873032528,0.4818821677244289,0.48419114751944714,0.23894082332876715,0.6705707962880058,63,1.0,51,63,1.0,423,63,1.0,825
1,src,boba_ucb,35024,524,0.014961169483782549,2560,351,0.7936253561253561,0.4567475602222223,0.22384167714011638,0.6391707753782904,66.83969465648855,66.83969465648855,4352,0.9844677935130196,107.07720588235294,0.5533584952354431,0.602,0.4639175257731959,0.05707762557077625,0.22615648201027985,0.1690788564395036,2048,512,32464,281,70,0.6799324458885094,0.9847215377033022,0.484357400169102,0.4673382265476958,0.23073777677635277,0.655780630933055,100,0.19083969465648856,100,448,0.8549618320610687,499,466,0.8893129770992366,973
1,src,rabvs_budgeted_no_ucb,35024,524,0.014961169483782549,2560,458,0.826146288209607,0.45582049378220824,0.22069529385812922,0.633341328503792,66.83969465648855,60.53766630316249,4352,0.9844677935130196,106.15808823529412,0.5694164037704468,0.764,0.45556690500510727,0.04337899543378995,0.24728726442033125,0.2039082689865413,2048,512,32464,366,92,0.7711729165358264,0.9997535731887629,0.49075456509107673,0.4636739829565356,0.22405959548049414,0.6392717785790352,100,0.19083969465648856,100,458,0.8740458015267175,499,462,0.8816793893129771,989
2,src,boba_ucb,35024,524,0.014961169483782549,2560,354,0.7552966101694916,0.4560188094027459,0.2243605238028772,0.6465958633900246,66.83969465648855,66.83969465648855,4352,0.9844677935130196,111.90257352941177,0.5561762452125549,0.5860000000000001,0.4845679012345679,0.059931506849315065,0.23472301541976015,0.1747915085704451,2048,512,32464,283,71,0.721292518723206,0.9878018728437654,0.4735814790629609,0.46644817286858814,0.23039642418212034,0.6572095731678925,100,0.19083969465648856,100,454,0.8664122137404581,497,487,0.9293893129770993,947
2,src,rabvs_budgeted_no_ucb,35024,524,0.014961169483782549,2560,472,0.8148834745762712,0.45558137721747394,0.22069818966894553,0.6350858796874499,66.83969465648855,57.86407851690295,4352,0.9844677935130196,110.52389705882352,0.5675902962684631,0.7010000000000001,0.4779033915724563,0.04337899543378995,0.24557395773843518,0.20219496230464523,2048,512,32464,378,94,0.8978466061925595,0.9998767865943815,0.4925413181858815,0.4609623878548914,0.2212594617053085,0.6336930589407782,100,0.19083969465648856,100,451,0.8606870229007634,500,481,0.9179389312977099,986
1,tgfr1,boba_ucb,8633,133,0.015406000231669176,2560,133,0.8656015037593985,0.4508009389742344,0.21470773330944176,0.6181972547278058,64.90977443609023,64.90977443609023,3072,0.9555195181281131,43.294270833333336,0.6269683241844177,0.621,0.11871657754010695,0.020833333333333332,0.28703703703703703,0.2662037037037037,2048,512,6073,106,27,0.6106040396905789,0.9589988473571546,0.4986167393953028,0.4788122075966137,0.23568833689927793,0.6644034832537923,100,0.7518796992481203,73,133,1.0,438,133,1.0,900
1,tgfr1,rabvs_budgeted_no_ucb,8633,133,0.015406000231669176,2560,133,0.8740601503759399,0.45062555802746546,0.21282492261096034,0.6142618633059587,64.90977443609023,63.40024479804161,3072,0.9555195181281131,43.294270833333336,0.6240745186805725,0.94,0.115625,0.023148148148148147,0.2847222222222222,0.26157407407407407,2048,512,6073,106,27,0.6335902885733947,0.9906141939733245,0.4967740621901149,0.47075602230058655,0.2269918128017544,0.6459135325200357,98,0.7368421052631579,83,133,1.0,464,133,1.0,958
2,tgfr1,boba_ucb,8633,133,0.015406000231669176,2560,133,0.8402255639097744,0.450664890311432,0.21415444865021385,0.6173404253591774,64.90977443609023,64.90977443609023,3072,0.9555195181281131,43.294270833333336,0.6201017498970032,0.615,0.11713665943600868,0.009259259259259259,0.2986111111111111,0.28935185185185186,2048,512,6073,106,27,0.6289022869974079,0.9757945002469949,0.49305508043768353,0.4758944693153747,0.2328021086707506,0.6584691080339298,100,0.7518796992481203,76,133,1.0,440,133,1.0,893
2,tgfr1,rabvs_budgeted_no_ucb,8633,133,0.015406000231669176,2560,133,0.8726503759398496,0.4505597505517082,0.21279891680740382,0.6143084333518188,64.90977443609023,64.15500961706591,3072,0.9555195181281131,43.294270833333336,0.6265743970870972,0.94,0.1125,0.009259259259259259,0.2986111111111111,0.28935185185185186,2048,512,6073,106,27,0.6372059341995304,0.9934134694549646,0.4997966076200315,0.47003603556184637,0.2261930142595531,0.6443797015986777,99,0.7443609022556391,82,133,1.0,463,133,1.0,957
1,thb,boba_ucb,7553,103,0.01363696544419436,2560,90,0.7979166666666667,0.45643391258768584,0.22487224517178322,0.6428523964076671,73.33009708737865,73.33009708737865,2816,0.9533960015887727,36.57670454545455,0.6148409247398376,0.55,0.08143322475570032,0.042328042328042326,0.23015873015873015,0.18783068783068782,2048,512,4993,72,18,0.6354260872177161,0.9339074704586421,0.4941974925876857,0.48709557668404424,0.25019346869926945,0.6983754455733822,100,0.970873786407767,58,103,1.0,410,103,1.0,846
1,thb,rabvs_budgeted_no_ucb,7553,103,0.01363696544419436,2560,97,0.8679123711340206,0.45656904911239454,0.2203545066566088,0.6308261338223576,73.33009708737865,67.5408788962698,2816,0.9533960015887727,34.44602272727273,0.6063077449798584,0.856,0.07309322033898305,0.013227513227513227,0.24603174603174602,0.2328042328042328,2048,512,4993,78,19,0.6555603232148635,0.9933907470458642,0.49732785786376377,0.4672451985190821,0.22721008645313778,0.6457498816565574,93,0.9029126213592233,62,97,0.941747572815534,454,97,0.941747572815534,938
2,thb,boba_ucb,7553,103,0.01363696544419436,2560,102,0.8131127450980392,0.45539591522450107,0.22524916341925252,0.6487371585741175,73.33009708737865,73.33009708737865,2816,0.9533960015887727,36.57670454545455,0.6278806328773499,0.5589999999999999,0.07903780068728522,0.026455026455026454,0.24603174603174602,0.21957671957671956,2048,512,4993,82,20,0.6450728370567327,0.9353094332064891,0.4958450484039534,0.48829387986815564,0.25242342869625717,0.7114728977070677,100,0.970873786407767,58,103,1.0,390,103,1.0,819
2,thb,rabvs_budgeted_no_ucb,7553,103,0.01363696544419436,2560,103,0.8567961165048543,0.4556027419575045,0.21964848735804218,0.6322496922157225,73.33009708737865,64.64626980071539,2816,0.9533960015887727,36.57670454545455,0.6131106019020081,0.83,0.07411385606874328,0.026455026455026454,0.24603174603174602,0.21957671957671956,2048,512,4993,82,21,0.6628207763796093,0.9959943921490086,0.49014281152216144,0.46382234157574576,0.22312404999795135,0.6372561828074473,84,0.8155339805825242,70,103,1.0,445,103,1.0,931
1,thrb,boba_ucb,27465,461,0.01678499908975059,2560,345,0.7733695652173913,0.4521490052662221,0.22044978221951428,0.6324189838089169,59.577006507592195,59.577006507592195,3840,0.9825232113599126,119.27083333333334,0.5229247212409973,0.41400000000000003,0.46421052631578946,0.053857350800582245,0.2811361981063365,0.22727884730575426,2048,512,24905,276,69,0.6941723111098077,0.9900421602087934,0.4462993246797129,0.4644157924453577,0.2283509977792681,0.6498202630265708,100,0.21691973969631237,100,450,0.9761388286334056,496,458,0.9934924078091106,902
1,thrb,rabvs_budgeted_no_ucb,27465,461,0.01678499908975059,2560,456,0.8171600877192983,0.45121428546646625,0.21763972161814812,0.626333559979651,59.577006507592195,52.64440938670874,3840,0.9825232113599126,119.27083333333334,0.5249873995780945,0.623,0.45463917525773195,0.042212518195050945,0.29278951201748,0.25057699382242904,2048,512,24905,365,91,0.7685762203195716,0.999518169042361,0.4578875901700216,0.461165583364341,0.22202622756532697,0.6341601313012519,100,0.21691973969631237,100,449,0.9739696312364425,498,458,0.9934924078091106,983
2,thrb,boba_ucb,27465,461,0.01678499908975059,2560,352,0.7547940340909091,0.45236957770382924,0.22096000417214817,0.6330923467377361,59.577006507592195,59.577006507592195,3840,0.9825232113599126,118.22916666666666,0.5338131785392761,0.41400000000000003,0.4591194968553459,0.05309090909090909,0.28,0.22690909090909095,2048,512,24905,282,70,0.6878521694029603,0.9896807869905642,0.4432902968220408,0.46529716129399984,0.22901492848348065,0.6505853272548121,100,0.21691973969631237,100,443,0.9609544468546638,494,454,0.9848156182212582,909
2,thrb,rabvs_budgeted_no_ucb,27465,461,0.01678499908975059,2560,455,0.8118131868131868,0.45114515409366834,0.217458539770487,0.6258662277754663,59.577006507592195,51.34454742654309,3840,0.9825232113599126,119.01041666666666,0.5295827984809875,0.62,0.45045965270684374,0.04002911208151383,0.2949745083758194,0.25494539629430557,2048,512,24905,364,91,0.7253652147517423,0.9997590845211805,0.4557945067625254,0.4618056157492848,0.22253162706407237,0.6351776022867061,100,0.21691973969631237,100,449,0.9739696312364425,498,457,0.9913232104121475,978
1,try1,boba_ucb,26429,449,0.01698891369329146,2560,341,0.7864736070381232,0.45248974570150335,0.22197113673139743,0.634571684186253,58.8619153674833,58.8619153674833,3840,0.9818381323546105,116.14583333333334,0.5418412089347839,0.243,0.4607948442534909,0.06354009077155824,0.27554882664647995,0.2120087358749217,2048,512,23869,273,68,0.6312510116188743,0.9520717248313713,0.44683212674359885,0.46643046507948566,0.23164643419073958,0.6564451016016806,100,0.22271714922049,100,436,0.9710467706013363,490,446,0.9933184855233853,879
1,try1,rabvs_budgeted_no_ucb,26429,449,0.01698891369329146,2560,446,0.836042600896861,0.4512508812164769,0.21741451625456595,0.6235159995226454,58.8619153674833,57.301182763042455,3840,0.9818381323546105,116.66666666666667,0.5621318221092224,0.548,0.44069529652351735,0.030257186081694403,0.3096139288417865,0.2793567427600921,2048,512,23869,357,89,0.6887613645881698,0.9987012442917592,0.46417910012950886,0.4613294494331438,0.22226959132389984,0.6347859621635275,93,0.2071269487750557,100,446,0.9933184855233853,495,448,0.9977728285077951,984
2,try1,boba_ucb,26429,449,0.01698891369329146,2560,321,0.8362538940809969,0.45268444771482735,0.22181926774951916,0.6330153478143226,58.8619153674833,58.8619153674833,3840,0.9818381323546105,115.36458333333334,0.5346760749816895,0.278,0.45464247598719315,0.05219364599092285,0.2853898561695685,0.23319621017864567,2048,512,23869,257,64,0.6115182859155599,0.9342243076794168,0.44238008457922423,0.46777524376202445,0.23210651851386996,0.6560734937110454,100,0.22271714922049,99,429,0.955456570155902,477,443,0.9866369710467706,883
2,try1,rabvs_budgeted_no_ucb,26429,449,0.01698891369329146,2560,447,0.8287192393736018,0.451257865587902,0.2178997055362541,0.6250288114705521,58.8619153674833,55.294526557332794,3840,0.9818381323546105,116.66666666666667,0.5594303011894226,0.55,0.44295991778006166,0.031746031746031744,0.30763416477702193,0.2758881330309902,2048,512,23869,358,89,0.6833789463317713,0.9978214420377896,0.46137622706877385,0.462328939215692,0.22358203203598528,0.6373424298175696,84,0.1870824053452116,98,446,0.9933184855233853,488,448,0.9977728285077951,978
1,tryb1,boba_ucb,7798,148,0.018979225442421133,2560,146,0.875,0.4452554654400698,0.21328311481608775,0.6155146248181411,52.68918918918919,52.68918918918919,3072,0.950756604257502,47.8515625,0.6148948073387146,0.46599999999999997,0.14869466515323496,0.028205128205128206,0.3487179487179487,0.3205128205128205,2048,512,5238,117,29,0.6120618755580647,0.9316533027873234,0.47635545267630475,0.47934824373429297,0.23944312132045262,0.6739087417634523,100,0.6756756756756757,100,147,0.9932432432432432,446,147,0.9932432432432432,848
1,tryb1,rabvs_budgeted_no_ucb,7798,148,0.018979225442421133,2560,148,0.8703547297297297,0.44480469519927535,0.2101059827135685,0.6085067260144776,52.68918918918919,49.98717948717949,3072,0.950756604257502,48.177083333333336,0.6126299500465393,0.784,0.13707165109034267,0.038461538461538464,0.34102564102564104,0.3025641025641026,2048,512,5238,118,30,0.630144674975005,0.9856815578465064,0.4861701191128766,0.4650779754442248,0.2238371899712057,0.6388991242036736,96,0.6486486486486487,100,148,1.0,497,148,1.0,967
2,tryb1,boba_ucb,7798,148,0.018979225442421133,2560,146,0.8660102739726028,0.44525152027532927,0.2124122424743211,0.6128130985359568,52.68918918918919,52.68918918918919,3072,0.950756604257502,47.8515625,0.6060811281204224,0.477,0.14852607709750568,0.03324808184143223,0.3444730077120823,0.31122492587065004,2048,512,5238,117,29,0.625700905940375,0.9656357388316151,0.47660861752432465,0.47551395706652005,0.23523465530584367,0.6628970588063527,100,0.6756756756756757,100,147,0.9932432432432432,442,147,0.9932432432432432,859
2,tryb1,rabvs_budgeted_no_ucb,7798,148,0.018979225442421133,2560,148,0.8686655405405406,0.4447803825183478,0.2096614203458869,0.6077538146578355,52.68918918918919,50.66268191268191,3072,0.950756604257502,48.177083333333336,0.6176186800003052,0.767,0.1385099685204617,0.010256410256410256,0.36923076923076925,0.358974358974359,2048,512,5238,118,30,0.6276146683804117,0.9828178694158075,0.4918022814088889,0.4644351665201115,0.22290293913046227,0.6371194345649688,97,0.6554054054054054,100,148,1.0,491,148,1.0,965
1,tysy,boba_ucb,6859,109,0.015891529377460273,2560,108,0.8402777777777778,0.4519255897026698,0.22081119818818798,0.6354310100330859,62.92660550458715,62.92660550458715,2816,0.9486805656801283,38.70738636363636,0.6441553831100464,0.43799999999999994,0.10426008968609865,0.03206997084548105,0.2857142857142857,0.2536443148688047,2048,512,4299,86,22,0.6515231310847118,0.9741800418702024,0.5001209570607169,0.48356068722070505,0.2438053821834588,0.6865824270373659,100,0.9174311926605505,100,109,1.0,458,109,1.0,878
1,tysy,rabvs_budgeted_no_ucb,6859,109,0.015891529377460273,2560,109,0.8658256880733946,0.4513153538069245,0.21692845380661385,0.6261234460363695,62.92660550458715,56.54274697513628,2816,0.9486805656801283,38.70738636363636,0.6390399932861328,0.786,0.09872611464968153,0.043731778425655975,0.27405247813411077,0.23032069970845478,2048,512,4299,87,22,0.6689895487533951,0.9953477552919283,0.5005508899087069,0.4626055604623285,0.2220956046523886,0.6349761786885189,93,0.8532110091743119,100,109,1.0,493,109,1.0,975
2,tysy,boba_ucb,6859,109,0.015891529377460273,2560,98,0.8616071428571429,0.45280111331602846,0.22250621654431693,0.6408751060692134,62.92660550458715,62.92660550458715,2816,0.9486805656801283,36.93181818181819,0.6380775570869446,0.46199999999999997,0.09887640449438202,0.043731778425655975,0.2536443148688047,0.2099125364431487,2048,512,4299,78,20,0.6254515755199077,0.9437078390323331,0.5095488783961889,0.48307681173820777,0.24659952695723686,0.6909822472839061,98,0.8990825688073395,100,98,0.8990825688073395,458,104,0.9541284403669725,872
2,tysy,rabvs_budgeted_no_ucb,6859,109,0.015891529377460273,2560,98,0.8743622448979592,0.45281317410791966,0.21881624548171316,0.6302455102455994,62.92660550458715,55.63076718521473,2816,0.9486805656801283,36.57670454545455,0.6368830800056458,0.8009999999999999,0.09157894736842105,0.05539358600583091,0.2478134110787172,0.1924198250728863,2048,512,4299,78,20,0.6704464987987069,0.998371714352175,0.5070454995080483,0.4622116940545243,0.2234742515325307,0.6379348409243196,92,0.8440366972477065,100,98,0.8990825688073395,499,103,0.944954128440367,975
1,urok,boba_ucb,10012,162,0.016180583300039953,2560,158,0.8520569620253164,0.4517737984998529,0.2187716340956227,0.6261350078617887,61.80246913580247,61.80246913580247,3072,0.9616460247702757,52.734375,0.6112959980964661,0.391,0.17365269461077845,0.017964071856287425,0.30538922155688625,0.28742514970059885,2048,512,7452,126,32,0.6287443917540112,0.9668545356951154,0.46918289159462745,0.4797410209801334,0.23925059354288042,0.6717033175409831,100,0.6172839506172839,100,161,0.9938271604938271,432,162,1.0,783
1,urok,rabvs_budgeted_no_ucb,10012,162,0.016180583300039953,2560,161,0.8664596273291926,0.4510883534326424,0.21598277461659243,0.6215556624225494,30.901234567901234,56.858271604938274,3072,0.9616460247702757,52.734375,0.6405248641967773,0.714,0.15491452991452992,0.027944111776447105,0.2954091816367265,0.2674650698602794,2048,512,7452,129,32,0.6531414008855232,0.9944981213097155,0.47632040035466194,0.4654673881456366,0.22453696723317534,0.6399199972787374,92,0.5679012345679012,100,162,1.0,491,162,1.0,944
2,urok,boba_ucb,10012,162,0.016180583300039953,2560,160,0.83671875,0.451352836970701,0.2185660332195219,0.6272489509241298,61.80246913580247,61.80246913580247,3072,0.9616460247702757,52.734375,0.6240425705909729,0.398,0.17200474495848161,0.01996007984031936,0.3033932135728543,0.283433133732535,2048,512,7452,128,32,0.6261261883658217,0.9672571121846484,0.47237901390841386,0.4785924851146216,0.23822729163431744,0.6684035025618503,100,0.6172839506172839,100,162,1.0,422,162,1.0,782
2,urok,rabvs_budgeted_no_ucb,10012,162,0.016180583300039953,2560,162,0.871141975308642,0.4512074050545105,0.21619939018957923,0.6218221302035944,37.081481481481475,58.094320987654314,3072,0.9616460247702757,52.734375,0.6375026106834412,0.72,0.15491452991452992,0.027944111776447105,0.2954091816367265,0.2674650698602794,2048,512,7452,130,32,0.6422306915480082,0.9922168545356951,0.47940407458210127,0.4678827754592914,0.22637479545053543,0.6437734091982183,94,0.5802469135802469,100,162,1.0,491,162,1.0,945
1,vgfr2,boba_ucb,25358,409,0.016129032258064516,2560,328,0.7600990853658537,0.45176748080216705,0.21891178870133515,0.6377098078195846,62.0,62.0,3840,0.9810710623866236,105.46875,0.5662912726402283,0.5740000000000001,0.39775051124744376,0.0583596214511041,0.2634069400630915,0.2050473186119874,2048,512,22798,262,66,0.7189795374896837,0.9920168435827704,0.47613360645868613,0.46397290487697285,0.22537001096020873,0.6468409691413944,100,0.24449877750611246,100,403,0.9853300733496333,498,405,0.9902200488997555,966
1,vgfr2,rabvs_budgeted_no_ucb,25358,409,0.016129032258064516,2560,404,0.8224009900990099,0.4510493905137145,0.21538800773460295,0.6274576864117907,62.0,61.51181102362205,3840,0.9810710623866236,105.98958333333333,0.5692014098167419,0.752,0.3989795918367347,0.050473186119873815,0.27129337539432175,0.22082018927444794,2048,512,22798,323,81,0.7999867403172726,0.9996490920256162,0.4856940389805576,0.45973872564520163,0.21807811444543038,0.6273612875104748,100,0.24449877750611246,100,404,0.9877750611246944,499,407,0.9951100244498777,994
2,vgfr2,boba_ucb,25358,409,0.016129032258064516,2560,363,0.7565426997245179,0.45160479633374745,0.2185118625011692,0.6345915538805997,62.0,62.0,3840,0.9810710623866236,105.20833333333333,0.566044270992279,0.577,0.4,0.05362776025236593,0.26735015772870663,0.2137223974763407,2048,512,22798,290,73,0.7105851221388593,0.9882884463549434,0.4724213105184382,0.4648223707203114,0.2262953299764141,0.65084287474872,100,0.24449877750611246,100,397,0.9706601466992665,498,404,0.9877750611246944,961
2,vgfr2,rabvs_budgeted_no_ucb,25358,409,0.016129032258064516,2560,403,0.8247518610421837,0.4512720955034981,0.21599054263374237,0.6283342756947613,62.0,61.75590551181102,3840,0.9810710623866236,105.98958333333333,0.5691300630569458,0.767,0.3997955010224949,0.050473186119873815,0.27129337539432175,0.22082018927444794,2048,512,22798,322,81,0.768421830561513,0.9998245460128081,0.4826052536766856,0.46028665012706144,0.2187882685277511,0.6286847233596793,100,0.24449877750611246,100,404,0.9877750611246944,500,407,0.9951100244498777,989
1,wee1,boba_ucb,6252,102,0.016314779270633396,2560,102,0.8682598039215687,0.4484885491159447,0.21324795157762658,0.6140742236976744,61.29411764705883,61.29411764705883,2810,0.943817978246961,36.29893238434163,0.6260548233985901,0.43000000000000005,0.07467532467532467,0.003194888178913738,0.3226837060702875,0.3194888178913738,2048,512,3692,82,20,0.6007348122128565,0.9282231852654388,0.4855246379361226,0.4875208792008178,0.24515593133609334,0.6828857377884126,100,0.9803921568627451,56,102,1.0,429,102,1.0,860
1,wee1,rabvs_budgeted_no_ucb,6252,102,0.016314779270633396,2560,102,0.875,0.44812218902113954,0.21086137245453448,0.6096875774416548,61.29411764705883,61.29411764705883,2810,0.943817978246961,36.29893238434163,0.6295942664146423,0.756,0.07387580299785867,0.003194888178913738,0.3226837060702875,0.3194888178913738,2048,512,3692,82,20,0.613270155157631,0.973726977248104,0.48594563630817955,0.4726967796780899,0.230028982530919,0.6518535674795577,100,0.9803921568627451,58,102,1.0,453,102,1.0,943
2,wee1,boba_ucb,6252,102,0.016314779270633396,2560,102,0.875,0.448407516919805,0.2124673583500822,0.6125120131796365,61.29411764705883,61.29411764705883,2810,0.943817978246961,36.29893238434163,0.6283118724822998,0.43300000000000005,0.07272727272727272,0.003194888178913738,0.3226837060702875,0.3194888178913738,2048,512,3692,82,20,0.5953458619695274,0.9336403033586133,0.4789569926891196,0.48185282506536736,0.23947551616109083,0.6708807332845604,100,0.9803921568627451,56,102,1.0,429,102,1.0,864
2,wee1,rabvs_budgeted_no_ucb,6252,102,0.016314779270633396,2560,102,0.875,0.4481716884211863,0.21109597048503856,0.6100765912110536,61.29411764705883,61.29411764705883,2810,0.943817978246961,36.29893238434163,0.6307175755500793,0.755,0.07351351351351351,0.003194888178913738,0.3226837060702875,0.3194888178913738,2048,512,3692,82,20,0.6087569944510434,0.9721018418201517,0.4895428984789852,0.47428670625499353,0.23166081993833829,0.6550744227080135,100,0.9803921568627451,58,102,1.0,453,102,1.0,941
1,xiap,boba_ucb,5250,100,0.01904761904761905,2560,100,0.865,0.4453382760844551,0.21330433081308023,0.6136745154082207,52.49999999999999,52.49999999999999,2770,0.934047619047619,36.101083032490976,0.633586049079895,0.482,0.06135770234986945,0.019011406844106463,0.3612167300380228,0.34220532319391633,2048,512,2690,80,20,0.6191718621034925,0.9178438661710037,0.46811386925535536,0.4843262631408217,0.24552993660674954,0.6841947393671186,100,1.0,49,100,1.0,339,100,1.0,717
1,xiap,rabvs_budgeted_no_ucb,5250,100,0.01904761904761905,2560,100,0.875,0.4449145821778832,0.2098245309387972,0.6070306834663126,52.49999999999999,52.49999999999999,2770,0.934047619047619,36.101083032490976,0.6376118063926697,0.738,0.05731707317073171,0.019011406844106463,0.36259541984732824,0.3435840130032218,2048,512,2690,80,20,0.6251965034818325,0.9769516728624535,0.4728456985860966,0.4595495896609716,0.21939329656474574,0.6297377241129403,98,0.98,51,100,1.0,426,100,1.0,838
2,xiap,boba_ucb,5250,100,0.01904761904761905,2560,100,0.858125,0.44482388452332283,0.2114403599794377,0.6108057691492899,52.49999999999999,52.49999999999999,2770,0.934047619047619,36.101083032490976,0.6346657276153564,0.473,0.06521739130434782,0.011406844106463879,0.3702290076335878,0.3588221635271239,2048,512,2690,80,20,0.6340966327266432,0.9609665427509294,0.45482423757844864,0.46888777011446003,0.22965959849781856,0.65191547178008,100,1.0,49,100,1.0,353,100,1.0,731
2,xiap,rabvs_budgeted_no_ucb,5250,100,0.01904761904761905,2560,100,0.835625,0.44477818090429433,0.21063640595391814,0.6090779016629889,52.49999999999999,52.49999999999999,2770,0.934047619047619,36.101083032490976,0.6386858820915222,0.721,0.05970149253731343,0.015209125475285171,0.366412213740458,0.3512030882651728,2048,512,2690,80,20,0.6270581471213985,0.958364312267658,0.4753373210763948,0.4651062078711071,0.22560920262204856,0.6428701975102852,96,0.96,53,100,1.0,416,100,1.0,832
