seed,target,method,pool_size,active_count,active_ratio_pool,queried_total,queried_hits,AUBC,ECE,Brier,EF_0.1pct,EF_1pct,neural_inferences,inference_saved_ratio,hits_per_1000_inferences,mean_pairwise_cosine_distance_at1000,PAINS_Brenk_free_ratio_at1000,unseen_initial_scaffold_hit_rate_at1000,high_score_high_unc_hit_rate,high_score_low_unc_hit_rate,false_confidence_gap,Hit@100,Recall@100,unique_scaffold_count@100,Hit@500,Recall@500,unique_scaffold_count@500,Hit@1000,Recall@1000,unique_scaffold_count@1000
0,ADRB2,boba_ucb,50004,4,7.999360051195904e-05,1024,4,0.8333333333333334,0.0020681816308538528,0.0002625513267738554,1000.08,100.00800000000001,3584,0.9880542889902141,1.1160714285714286,0.619304358959198,0.31299999999999994,0.0,0.0011995201919232307,0.0004,-0.0007995201919232307,4,1.0,86,4,1.0,403,4,1.0,815
0,ADRB2,rabvs_budgeted_reliable,50004,4,7.999360051195904e-05,1024,4,0.8333333333333334,0.0020681816308538528,0.0002625513267738554,1000.08,100.00800000000001,3584,0.9880542889902141,1.1160714285714286,0.6081589460372925,0.896,0.0,0.0011995201919232307,0.0004,-0.0007995201919232307,4,1.0,91,4,1.0,483,4,1.0,982
0,ADRB2,rabvs_budgeted_reliable_no_density,50004,4,7.999360051195904e-05,1024,4,0.8333333333333334,0.0020681816308538528,0.0002625513267738554,1000.08,100.00800000000001,3584,0.9880542889902141,1.1160714285714286,0.6092925667762756,0.896,0.0,0.0011995201919232307,0.0004,-0.0007995201919232307,4,1.0,91,4,1.0,483,4,1.0,982
0,ADRB2,rabvs_budgeted_reliable_no_alert,50004,4,7.999360051195904e-05,1024,4,0.8333333333333334,0.0020681816308538528,0.0002625513267738554,1000.08,100.00800000000001,3584,0.9880542889902141,1.1160714285714286,0.609341561794281,0.376,0.0,0.0011995201919232307,0.0004,-0.0007995201919232307,4,1.0,91,4,1.0,477,4,1.0,971
0,ADRB2,rabvs_budgeted_reliable_no_novelty,50004,4,7.999360051195904e-05,1024,4,0.8333333333333334,0.0020681816308538528,0.0002625513267738554,1000.08,100.00800000000001,3584,0.9880542889902141,1.1160714285714286,0.6125528812408447,0.85,0.0,0.0011995201919232307,0.0004,-0.0007995201919232307,4,1.0,85,4,1.0,426,4,1.0,834
0,ADRB2,rabvs_budgeted_reliable_q50,50004,4,7.999360051195904e-05,1024,4,0.8333333333333334,0.0020681816308538528,0.0002625513267738554,1000.08,100.00800000000001,3584,0.9880542889902141,1.1160714285714286,0.6054698824882507,0.897,0.0,0.0011995201919232307,0.0004,-0.0007995201919232307,4,1.0,91,4,1.0,483,4,1.0,982
0,ADRB2,rabvs_budgeted_reliable_q90,50004,4,7.999360051195904e-05,1024,4,0.8333333333333334,0.0020681816308538528,0.0002625513267738554,1000.08,100.00800000000001,3584,0.9880542889902141,1.1160714285714286,0.6091013550758362,0.896,0.0,0.0011995201919232307,0.0004,-0.0007995201919232307,4,1.0,91,4,1.0,483,4,1.0,982
1,ADRB2,boba_ucb,50004,4,7.999360051195904e-05,1024,4,0.8333333333333334,0.0028437363468007525,0.00040374465672374124,1000.08,100.00800000000001,3584,0.9880542889902141,1.1160714285714286,0.6120410561561584,0.30400000000000005,0.0,0.001599360255897641,0.0,-0.001599360255897641,4,1.0,87,4,1.0,411,4,1.0,812
1,ADRB2,rabvs_budgeted_reliable,50004,4,7.999360051195904e-05,1024,4,0.8333333333333334,0.0028437363468007525,0.00040374465672374124,1000.08,100.00800000000001,3584,0.9880542889902141,1.1160714285714286,0.6022270321846008,0.859,0.0,0.001599360255897641,0.0,-0.001599360255897641,4,1.0,91,4,1.0,475,4,1.0,975
1,ADRB2,rabvs_budgeted_reliable_no_density,50004,4,7.999360051195904e-05,1024,4,0.8333333333333334,0.0028437363468007525,0.00040374465672374124,1000.08,100.00800000000001,3584,0.9880542889902141,1.1160714285714286,0.6027710437774658,0.858,0.0,0.001599360255897641,0.0,-0.001599360255897641,4,1.0,91,4,1.0,475,4,1.0,975
1,ADRB2,rabvs_budgeted_reliable_no_alert,50004,4,7.999360051195904e-05,1024,4,0.8333333333333334,0.0028437363468007525,0.00040374465672374124,1000.08,100.00800000000001,3584,0.9880542889902141,1.1160714285714286,0.6001642346382141,0.356,0.0,0.001599360255897641,0.0,-0.001599360255897641,4,1.0,90,4,1.0,471,4,1.0,962
1,ADRB2,rabvs_budgeted_reliable_no_novelty,50004,4,7.999360051195904e-05,1024,4,0.8333333333333334,0.0028437363468007525,0.00040374465672374124,1000.08,100.00800000000001,3584,0.9880542889902141,1.1160714285714286,0.6023381948471069,0.804,0.0,0.001599360255897641,0.0,-0.001599360255897641,4,1.0,84,4,1.0,426,4,1.0,860
1,ADRB2,rabvs_budgeted_reliable_q50,50004,4,7.999360051195904e-05,1024,4,0.8333333333333334,0.0028437363468007525,0.00040374465672374124,1000.08,100.00800000000001,3584,0.9880542889902141,1.1160714285714286,0.6014174222946167,0.862,0.0,0.001599360255897641,0.0,-0.001599360255897641,4,1.0,91,4,1.0,475,4,1.0,975
1,ADRB2,rabvs_budgeted_reliable_q90,50004,4,7.999360051195904e-05,1024,4,0.8333333333333334,0.0028437363468007525,0.00040374465672374124,1000.08,100.00800000000001,3584,0.9880542889902141,1.1160714285714286,0.6027710437774658,0.858,0.0,0.001599360255897641,0.0,-0.001599360255897641,4,1.0,91,4,1.0,475,4,1.0,975
2,ADRB2,boba_ucb,50004,4,7.999360051195904e-05,1024,4,0.8333333333333334,0.0021334834017256144,0.000347993312145995,750.0600000000001,100.00800000000001,3584,0.9880542889902141,1.1160714285714286,0.6098302602767944,0.32599999999999996,0.0,0.0011995201919232307,0.0004,-0.0007995201919232307,4,1.0,74,4,1.0,414,4,1.0,799
2,ADRB2,rabvs_budgeted_reliable,50004,4,7.999360051195904e-05,1024,4,0.8333333333333334,0.0021334834017256144,0.000347993312145995,750.0600000000001,100.00800000000001,3584,0.9880542889902141,1.1160714285714286,0.6044935584068298,0.905,0.0,0.0011995201919232307,0.0004,-0.0007995201919232307,4,1.0,79,4,1.0,476,4,1.0,976
2,ADRB2,rabvs_budgeted_reliable_no_density,50004,4,7.999360051195904e-05,1024,4,0.8333333333333334,0.0021334834017256144,0.000347993312145995,750.0600000000001,100.00800000000001,3584,0.9880542889902141,1.1160714285714286,0.6061577200889587,0.902,0.0,0.0011995201919232307,0.0004,-0.0007995201919232307,4,1.0,80,4,1.0,476,4,1.0,976
2,ADRB2,rabvs_budgeted_reliable_no_alert,50004,4,7.999360051195904e-05,1024,4,0.8333333333333334,0.0021334834017256144,0.000347993312145995,750.0600000000001,100.00800000000001,3584,0.9880542889902141,1.1160714285714286,0.608710765838623,0.366,0.0,0.0011995201919232307,0.0004,-0.0007995201919232307,3,0.75,79,4,1.0,467,4,1.0,962
2,ADRB2,rabvs_budgeted_reliable_no_novelty,50004,4,7.999360051195904e-05,1024,4,0.8333333333333334,0.0021334834017256144,0.000347993312145995,750.0600000000001,100.00800000000001,3584,0.9880542889902141,1.1160714285714286,0.6010441780090332,0.868,0.0,0.0011995201919232307,0.0004,-0.0007995201919232307,4,1.0,76,4,1.0,410,4,1.0,821
2,ADRB2,rabvs_budgeted_reliable_q50,50004,4,7.999360051195904e-05,1024,4,0.8333333333333334,0.0021334834017256144,0.000347993312145995,750.0600000000001,100.00800000000001,3584,0.9880542889902141,1.1160714285714286,0.6013962030410767,0.915,0.0,0.0011995201919232307,0.0004,-0.0007995201919232307,4,1.0,80,4,1.0,477,4,1.0,977
2,ADRB2,rabvs_budgeted_reliable_q90,50004,4,7.999360051195904e-05,1024,4,0.8333333333333334,0.0021334834017256144,0.000347993312145995,750.0600000000001,100.00800000000001,3584,0.9880542889902141,1.1160714285714286,0.6055253148078918,0.902,0.0,0.0011995201919232307,0.0004,-0.0007995201919232307,4,1.0,80,4,1.0,476,4,1.0,976
0,ALDH1,boba_ucb,26640,1343,0.050412912912912916,1024,71,0.4894366197183099,0.051935158835040726,0.05484485104880227,6.612062546537602,4.623472306977421,2304,0.9855855855855856,52.517361111111114,0.611242413520813,0.612,0.11522633744855967,0.08858858858858859,0.08108108108108109,-0.007507507507507505,34,0.02531645569620253,96,82,0.06105733432613552,452,121,0.09009679821295608,883
0,ALDH1,rabvs_budgeted_reliable,26640,1343,0.050412912912912916,1024,71,0.4894366197183099,0.051935158835040726,0.05484485104880227,8.816083395383469,4.101467369092873,2304,0.9855855855855856,49.479166666666664,0.6079674959182739,0.752,0.10747185261003071,0.08858858858858859,0.08108108108108109,-0.007507507507507505,33,0.024571854058078928,98,73,0.054355919583023084,461,114,0.08488458674609084,920
0,ALDH1,rabvs_budgeted_reliable_no_density,26640,1343,0.050412912912912916,1024,71,0.4894366197183099,0.051935158835040726,0.05484485104880227,8.081409779101513,4.325183771043394,2304,0.9855855855855856,52.951388888888886,0.6096763610839844,0.751,0.11542390194075587,0.08858858858858859,0.08108108108108109,-0.007507507507507505,32,0.023827252419955324,98,80,0.05956813104988831,468,122,0.09084139985107967,933
0,ALDH1,rabvs_budgeted_reliable_no_alert,26640,1343,0.050412912912912916,1024,71,0.4894366197183099,0.051935158835040726,0.05484485104880227,6.612062546537602,4.3997559050269,2304,0.9855855855855856,50.34722222222222,0.6080629229545593,0.612,0.10871794871794872,0.08858858858858859,0.08108108108108109,-0.007507507507507505,36,0.02680565897244974,98,75,0.05584512285927029,463,116,0.08637379002233805,925
0,ALDH1,rabvs_budgeted_reliable_no_novelty,26640,1343,0.050412912912912916,1024,71,0.4894366197183099,0.051935158835040726,0.05484485104880227,8.081409779101513,4.026895235109366,2304,0.9855855855855856,46.875,0.6078442335128784,0.755,0.102803738317757,0.08858858858858859,0.08108108108108109,-0.007507507507507505,30,0.022338049143708117,95,74,0.055100521221146684,454,108,0.08041697691734921,871
0,ALDH1,rabvs_budgeted_reliable_q50,26640,1343,0.050412912912912916,1024,71,0.4894366197183099,0.051935158835040726,0.05484485104880227,10.285430627947381,4.026895235109366,2304,0.9855855855855856,46.875,0.602666437625885,0.748,0.10103092783505155,0.08858858858858859,0.08108108108108109,-0.007507507507507505,32,0.023827252419955324,98,71,0.05286671630677588,467,108,0.08041697691734921,913
0,ALDH1,rabvs_budgeted_reliable_q90,26640,1343,0.050412912912912916,1024,71,0.4894366197183099,0.051935158835040726,0.05484485104880227,8.081409779101513,4.250611637059887,2304,0.9855855855855856,52.517361111111114,0.608971893787384,0.746,0.11451942740286299,0.08858858858858859,0.08108108108108109,-0.007507507507507505,32,0.023827252419955324,98,77,0.0573343261355175,468,121,0.09009679821295608,928
1,ALDH1,boba_ucb,26640,1343,0.050412912912912916,1024,83,0.5401606425702812,0.05566893411743012,0.056461133333636705,8.081409779101513,5.070905110878462,2304,0.9855855855855856,62.5,0.6016584038734436,0.44399999999999995,0.14270500532481364,0.0915915915915916,0.0915915915915916,0.0,32,0.023827252419955324,93,104,0.0774385703648548,439,144,0.10722263588979895,856
1,ALDH1,rabvs_budgeted_reliable,26640,1343,0.050412912912912916,1024,83,0.5401606425702812,0.05566893411743012,0.056461133333636705,5.877388930255646,5.145477244861969,2304,0.9855855855855856,66.40625,0.599457859992981,0.5609999999999999,0.14973821989528796,0.0915915915915916,0.0915915915915916,0.0,36,0.02680565897244974,96,107,0.07967237527922562,459,153,0.11392405063291139,905
1,ALDH1,rabvs_budgeted_reliable_no_density,26640,1343,0.050412912912912916,1024,83,0.5401606425702812,0.05566893411743012,0.056461133333636705,5.877388930255646,5.220049378845475,2304,0.9855855855855856,66.40625,0.600506603717804,0.5740000000000001,0.14973821989528796,0.0915915915915916,0.0915915915915916,0.0,35,0.026061057334326135,96,103,0.0766939687267312,457,153,0.11392405063291139,913
1,ALDH1,rabvs_budgeted_reliable_no_alert,26640,1343,0.050412912912912916,1024,83,0.5401606425702812,0.05566893411743012,0.056461133333636705,9.550757011665425,5.294621512828982,2304,0.9855855855855856,65.53819444444444,0.5996389389038086,0.43899999999999995,0.14826498422712933,0.0915915915915916,0.0915915915915916,0.0,33,0.024571854058078928,97,106,0.07892777364110201,462,151,0.11243484735666419,901
1,ALDH1,rabvs_budgeted_reliable_no_novelty,26640,1343,0.050412912912912916,1024,83,0.5401606425702812,0.05566893411743012,0.056461133333636705,7.346736162819558,5.070905110878462,2304,0.9855855855855856,62.5,0.6010289192199707,0.5589999999999999,0.14148936170212767,0.0915915915915916,0.0915915915915916,0.0,37,0.027550260610573342,94,102,0.0759493670886076,442,144,0.10722263588979895,856
1,ALDH1,rabvs_budgeted_reliable_q50,26640,1343,0.050412912912912916,1024,83,0.5401606425702812,0.05566893411743012,0.056461133333636705,7.346736162819558,5.070905110878462,2304,0.9855855855855856,61.197916666666664,0.5966533422470093,0.5660000000000001,0.13702928870292888,0.0915915915915916,0.0915915915915916,0.0,37,0.027550260610573342,96,101,0.07520476545048399,461,141,0.10498883097542815,908
1,ALDH1,rabvs_budgeted_reliable_q90,26640,1343,0.050412912912912916,1024,83,0.5401606425702812,0.05566893411743012,0.056461133333636705,5.877388930255646,5.145477244861969,2304,0.9855855855855856,65.97222222222223,0.5994914174079895,0.569,0.1486910994764398,0.0915915915915916,0.0915915915915916,0.0,36,0.02680565897244974,96,105,0.0781831720029784,457,152,0.11317944899478778,911
2,ALDH1,boba_ucb,26640,1343,0.050412912912912916,1024,70,0.4583333333333333,0.052212015080099816,0.05476791816699777,7.346736162819558,4.623472306977421,2304,0.9855855855855856,54.25347222222222,0.6053009629249573,0.5569999999999999,0.11875,0.1036036036036036,0.09084084084084085,-0.012762762762762753,35,0.026061057334326135,97,83,0.06180193596425912,469,125,0.09307520476545049,922
2,ALDH1,rabvs_budgeted_reliable,26640,1343,0.050412912912912916,1024,70,0.4583333333333333,0.052212015080099816,0.05476791816699777,9.550757011665425,4.7726165749444345,2304,0.9855855855855856,55.12152777777778,0.6014798283576965,0.6639999999999999,0.12086776859504132,0.1036036036036036,0.09084084084084085,-0.012762762762762753,35,0.026061057334326135,97,84,0.06254653760238273,481,127,0.09456440804169769,952
2,ALDH1,rabvs_budgeted_reliable_no_density,26640,1343,0.050412912912912916,1024,70,0.4583333333333333,0.052212015080099816,0.05476791816699777,9.550757011665425,4.548900172993914,2304,0.9855855855855856,54.25347222222222,0.6034523844718933,0.6659999999999999,0.1189245087900724,0.1036036036036036,0.09084084084084085,-0.012762762762762753,34,0.02531645569620253,98,80,0.05956813104988831,484,125,0.09307520476545049,952
2,ALDH1,rabvs_budgeted_reliable_no_alert,26640,1343,0.050412912912912916,1024,70,0.4583333333333333,0.052212015080099816,0.05476791816699777,8.816083395383469,4.698044440960928,2304,0.9855855855855856,56.857638888888886,0.6006330847740173,0.565,0.125129265770424,0.1036036036036036,0.09084084084084085,-0.012762762762762753,37,0.027550260610573342,98,84,0.06254653760238273,479,131,0.0975428145941921,948
2,ALDH1,rabvs_budgeted_reliable_no_novelty,26640,1343,0.050412912912912916,1024,70,0.4583333333333333,0.052212015080099816,0.05476791816699777,8.816083395383469,4.3997559050269,2304,0.9855855855855856,52.517361111111114,0.6041457056999207,0.667,0.115625,0.1036036036036036,0.09084084084084085,-0.012762762762762753,33,0.024571854058078928,95,83,0.06180193596425912,471,121,0.09009679821295608,923
2,ALDH1,rabvs_budgeted_reliable_q50,26640,1343,0.050412912912912916,1024,70,0.4583333333333333,0.052212015080099816,0.05476791816699777,10.285430627947381,4.548900172993914,2304,0.9855855855855856,51.64930555555555,0.6024778485298157,0.6679999999999999,0.11375387797311272,0.1036036036036036,0.09084084084084085,-0.012762762762762753,35,0.026061057334326135,97,85,0.06329113924050633,476,119,0.08860759493670886,942
2,ALDH1,rabvs_budgeted_reliable_q90,26640,1343,0.050412912912912916,1024,70,0.4583333333333333,0.052212015080099816,0.05476791816699777,9.550757011665425,4.623472306977421,2304,0.9855855855855856,53.81944444444445,0.603047251701355,0.665,0.11789038262668046,0.1036036036036036,0.09084084084084085,-0.012762762762762753,34,0.02531645569620253,98,82,0.06105733432613552,482,124,0.09233060312732688,950
0,ESR1_ago,boba_ucb,911,3,0.003293084522502744,911,3,0.8333333333333334,0.009408280065852079,0.0012499486597769658,303.6666666666667,101.22222222222221,1060,0.8060739114526162,2.830188679245283,0.7339130640029907,0.4401756311745335,0.0,0.043478260869565216,0.021739130434782608,-0.021739130434782608,3,1.0,79,3,1.0,322,3,1.0,611
0,ESR1_ago,rabvs_budgeted_reliable,911,3,0.003293084522502744,911,3,0.8333333333333334,0.009408280065852079,0.0012499486597769658,303.6666666666667,67.48148148148148,1060,0.8060739114526162,2.830188679245283,0.7339131236076355,0.4401756311745335,0.0,0.043478260869565216,0.021739130434782608,-0.021739130434782608,2,0.6666666666666666,97,2,0.6666666666666666,404,3,1.0,611
0,ESR1_ago,rabvs_budgeted_reliable_no_density,911,3,0.003293084522502744,911,3,0.8333333333333334,0.009408280065852079,0.0012499486597769658,303.6666666666667,101.22222222222221,1060,0.8060739114526162,2.830188679245283,0.7339130640029907,0.4401756311745335,0.0,0.043478260869565216,0.021739130434782608,-0.021739130434782608,3,1.0,97,3,1.0,452,3,1.0,611
0,ESR1_ago,rabvs_budgeted_reliable_no_alert,911,3,0.003293084522502744,911,3,0.8333333333333334,0.009408280065852079,0.0012499486597769658,303.6666666666667,67.48148148148148,1060,0.8060739114526162,2.830188679245283,0.7339129447937012,0.4401756311745335,0.0,0.043478260869565216,0.021739130434782608,-0.021739130434782608,2,0.6666666666666666,95,2,0.6666666666666666,421,3,1.0,611
0,ESR1_ago,rabvs_budgeted_reliable_no_novelty,911,3,0.003293084522502744,911,3,0.8333333333333334,0.009408280065852079,0.0012499486597769658,303.6666666666667,67.48148148148148,1060,0.8060739114526162,2.830188679245283,0.7339130640029907,0.4401756311745335,0.0,0.043478260869565216,0.021739130434782608,-0.021739130434782608,2,0.6666666666666666,68,2,0.6666666666666666,297,3,1.0,611
0,ESR1_ago,rabvs_budgeted_reliable_q50,911,3,0.003293084522502744,911,3,0.8333333333333334,0.009408280065852079,0.0012499486597769658,303.6666666666667,67.48148148148148,1060,0.8060739114526162,2.830188679245283,0.7339129447937012,0.4401756311745335,0.0,0.043478260869565216,0.021739130434782608,-0.021739130434782608,2,0.6666666666666666,95,3,1.0,322,3,1.0,611
0,ESR1_ago,rabvs_budgeted_reliable_q90,911,3,0.003293084522502744,911,3,0.8333333333333334,0.009408280065852079,0.0012499486597769658,303.6666666666667,67.48148148148148,1060,0.8060739114526162,2.830188679245283,0.7339129447937012,0.4401756311745335,0.0,0.043478260869565216,0.021739130434782608,-0.021739130434782608,2,0.6666666666666666,97,2,0.6666666666666666,456,3,1.0,611
1,ESR1_ago,boba_ucb,911,3,0.003293084522502744,911,3,0.8333333333333334,0.01019018309723015,0.0017598845860981888,303.6666666666667,101.22222222222221,1060,0.8060739114526162,2.830188679245283,0.7339509725570679,0.4401756311745335,0.0,0.043478260869565216,0.021739130434782608,-0.021739130434782608,3,1.0,79,3,1.0,338,3,1.0,611
1,ESR1_ago,rabvs_budgeted_reliable,911,3,0.003293084522502744,911,3,0.8333333333333334,0.01019018309723015,0.0017598845860981888,303.6666666666667,67.48148148148148,1060,0.8060739114526162,2.830188679245283,0.7339509129524231,0.4401756311745335,0.0,0.043478260869565216,0.021739130434782608,-0.021739130434782608,2,0.6666666666666666,97,2,0.6666666666666666,401,3,1.0,611
1,ESR1_ago,rabvs_budgeted_reliable_no_density,911,3,0.003293084522502744,911,3,0.8333333333333334,0.01019018309723015,0.0017598845860981888,303.6666666666667,101.22222222222221,1060,0.8060739114526162,2.830188679245283,0.7339509725570679,0.4401756311745335,0.0,0.043478260869565216,0.021739130434782608,-0.021739130434782608,3,1.0,97,3,1.0,451,3,1.0,611
1,ESR1_ago,rabvs_budgeted_reliable_no_alert,911,3,0.003293084522502744,911,3,0.8333333333333334,0.01019018309723015,0.0017598845860981888,303.6666666666667,67.48148148148148,1060,0.8060739114526162,2.830188679245283,0.7339509129524231,0.4401756311745335,0.0,0.043478260869565216,0.021739130434782608,-0.021739130434782608,2,0.6666666666666666,96,2,0.6666666666666666,420,3,1.0,611
1,ESR1_ago,rabvs_budgeted_reliable_no_novelty,911,3,0.003293084522502744,911,3,0.8333333333333334,0.01019018309723015,0.0017598845860981888,303.6666666666667,67.48148148148148,1060,0.8060739114526162,2.830188679245283,0.7339509129524231,0.4401756311745335,0.0,0.043478260869565216,0.021739130434782608,-0.021739130434782608,2,0.6666666666666666,70,2,0.6666666666666666,305,3,1.0,611
1,ESR1_ago,rabvs_budgeted_reliable_q50,911,3,0.003293084522502744,911,3,0.8333333333333334,0.01019018309723015,0.0017598845860981888,303.6666666666667,67.48148148148148,1060,0.8060739114526162,2.830188679245283,0.7339509725570679,0.4401756311745335,0.0,0.043478260869565216,0.021739130434782608,-0.021739130434782608,2,0.6666666666666666,93,3,1.0,321,3,1.0,611
1,ESR1_ago,rabvs_budgeted_reliable_q90,911,3,0.003293084522502744,911,3,0.8333333333333334,0.01019018309723015,0.0017598845860981888,303.6666666666667,67.48148148148148,1060,0.8060739114526162,2.830188679245283,0.7339509725570679,0.4401756311745335,0.0,0.043478260869565216,0.021739130434782608,-0.021739130434782608,2,0.6666666666666666,97,2,0.6666666666666666,454,3,1.0,611
2,ESR1_ago,boba_ucb,911,3,0.003293084522502744,911,3,0.8333333333333334,0.008543531975500035,0.001420428982698418,303.6666666666667,101.22222222222221,1060,0.8060739114526162,2.830188679245283,0.7340320348739624,0.4401756311745335,0.0,0.043478260869565216,0.021739130434782608,-0.021739130434782608,3,1.0,82,3,1.0,325,3,1.0,611
2,ESR1_ago,rabvs_budgeted_reliable,911,3,0.003293084522502744,911,3,0.8333333333333334,0.008543531975500035,0.001420428982698418,303.6666666666667,67.48148148148148,1060,0.8060739114526162,2.830188679245283,0.7340318560600281,0.4401756311745335,0.0,0.043478260869565216,0.021739130434782608,-0.021739130434782608,2,0.6666666666666666,97,2,0.6666666666666666,404,3,1.0,611
2,ESR1_ago,rabvs_budgeted_reliable_no_density,911,3,0.003293084522502744,911,3,0.8333333333333334,0.008543531975500035,0.001420428982698418,303.6666666666667,101.22222222222221,1060,0.8060739114526162,2.830188679245283,0.7340319156646729,0.4401756311745335,0.0,0.043478260869565216,0.021739130434782608,-0.021739130434782608,3,1.0,97,3,1.0,452,3,1.0,611
2,ESR1_ago,rabvs_budgeted_reliable_no_alert,911,3,0.003293084522502744,911,3,0.8333333333333334,0.008543531975500035,0.001420428982698418,303.6666666666667,67.48148148148148,1060,0.8060739114526162,2.830188679245283,0.7340320348739624,0.4401756311745335,0.0,0.043478260869565216,0.021739130434782608,-0.021739130434782608,2,0.6666666666666666,97,2,0.6666666666666666,422,3,1.0,611
2,ESR1_ago,rabvs_budgeted_reliable_no_novelty,911,3,0.003293084522502744,911,3,0.8333333333333334,0.008543531975500035,0.001420428982698418,303.6666666666667,67.48148148148148,1060,0.8060739114526162,2.830188679245283,0.7340319156646729,0.4401756311745335,0.0,0.043478260869565216,0.021739130434782608,-0.021739130434782608,2,0.6666666666666666,71,2,0.6666666666666666,297,3,1.0,611
2,ESR1_ago,rabvs_budgeted_reliable_q50,911,3,0.003293084522502744,911,3,0.8333333333333334,0.008543531975500035,0.001420428982698418,303.6666666666667,67.48148148148148,1060,0.8060739114526162,2.830188679245283,0.734031617641449,0.4401756311745335,0.0,0.043478260869565216,0.021739130434782608,-0.021739130434782608,2,0.6666666666666666,93,3,1.0,320,3,1.0,611
2,ESR1_ago,rabvs_budgeted_reliable_q90,911,3,0.003293084522502744,911,3,0.8333333333333334,0.008543531975500035,0.001420428982698418,303.6666666666667,67.48148148148148,1060,0.8060739114526162,2.830188679245283,0.7340319156646729,0.4401756311745335,0.0,0.043478260869565216,0.021739130434782608,-0.021739130434782608,2,0.6666666666666666,97,2,0.6666666666666666,454,3,1.0,611
0,ESR1_ant,boba_ucb,819,25,0.030525030525030524,819,25,0.6766666666666666,0.0898138325658002,0.03909291149182495,32.76,24.57,1056,0.7851037851037851,23.674242424242426,0.7360277771949768,0.4652014652014652,0.022613065326633167,0.2682926829268293,0.21951219512195122,-0.048780487804878064,24,0.96,60,25,1.0,316,25,1.0,536
0,ESR1_ant,rabvs_budgeted_reliable,819,25,0.030525030525030524,819,25,0.6766666666666666,0.0898138325658002,0.03909291149182495,32.76,12.285,1056,0.7851037851037851,23.674242424242426,0.7360278367996216,0.4652014652014652,0.022613065326633167,0.2682926829268293,0.21951219512195122,-0.048780487804878064,16,0.64,60,16,0.64,346,25,1.0,536
0,ESR1_ant,rabvs_budgeted_reliable_no_density,819,25,0.030525030525030524,819,25,0.6766666666666666,0.0898138325658002,0.03909291149182495,32.76,24.57,1056,0.7851037851037851,23.674242424242426,0.7360278367996216,0.4652014652014652,0.022613065326633167,0.2682926829268293,0.21951219512195122,-0.048780487804878064,23,0.92,70,25,1.0,380,25,1.0,536
0,ESR1_ant,rabvs_budgeted_reliable_no_alert,819,25,0.030525030525030524,819,25,0.6766666666666666,0.0898138325658002,0.03909291149182495,32.76,20.475,1056,0.7851037851037851,23.674242424242426,0.7360277771949768,0.4652014652014652,0.022613065326633167,0.2682926829268293,0.21951219512195122,-0.048780487804878064,15,0.6,60,17,0.68,355,25,1.0,536
0,ESR1_ant,rabvs_budgeted_reliable_no_novelty,819,25,0.030525030525030524,819,25,0.6766666666666666,0.0898138325658002,0.03909291149182495,32.76,12.285,1056,0.7851037851037851,23.674242424242426,0.7360277771949768,0.4652014652014652,0.022613065326633167,0.2682926829268293,0.21951219512195122,-0.048780487804878064,16,0.64,52,17,0.68,276,25,1.0,536
0,ESR1_ant,rabvs_budgeted_reliable_q50,819,25,0.030525030525030524,819,25,0.6766666666666666,0.0898138325658002,0.03909291149182495,32.76,16.38,1056,0.7851037851037851,23.674242424242426,0.736027717590332,0.4652014652014652,0.022613065326633167,0.2682926829268293,0.21951219512195122,-0.048780487804878064,11,0.44,60,25,1.0,308,25,1.0,536
0,ESR1_ant,rabvs_budgeted_reliable_q90,819,25,0.030525030525030524,819,25,0.6766666666666666,0.0898138325658002,0.03909291149182495,32.76,24.57,1056,0.7851037851037851,23.674242424242426,0.7360278964042664,0.4652014652014652,0.022613065326633167,0.2682926829268293,0.21951219512195122,-0.048780487804878064,22,0.88,67,24,0.96,350,25,1.0,536
1,ESR1_ant,boba_ucb,819,25,0.030525030525030524,819,25,0.71,0.08488286370283986,0.037256136115475666,32.76,20.475,1056,0.7851037851037851,23.674242424242426,0.7360116243362427,0.4652014652014652,0.031007751937984496,0.36585365853658536,0.1951219512195122,-0.17073170731707316,24,0.96,59,25,1.0,328,25,1.0,536
1,ESR1_ant,rabvs_budgeted_reliable,819,25,0.030525030525030524,819,25,0.71,0.08488286370283986,0.037256136115475666,32.76,24.57,1056,0.7851037851037851,23.674242424242426,0.7360116243362427,0.4652014652014652,0.031007751937984496,0.36585365853658536,0.1951219512195122,-0.17073170731707316,17,0.68,63,18,0.72,352,25,1.0,536
1,ESR1_ant,rabvs_budgeted_reliable_no_density,819,25,0.030525030525030524,819,25,0.71,0.08488286370283986,0.037256136115475666,32.76,24.57,1056,0.7851037851037851,23.674242424242426,0.7360115051269531,0.4652014652014652,0.031007751937984496,0.36585365853658536,0.1951219512195122,-0.17073170731707316,23,0.92,65,25,1.0,385,25,1.0,536
1,ESR1_ant,rabvs_budgeted_reliable_no_alert,819,25,0.030525030525030524,819,25,0.71,0.08488286370283986,0.037256136115475666,32.76,24.57,1056,0.7851037851037851,23.674242424242426,0.7360116839408875,0.4652014652014652,0.031007751937984496,0.36585365853658536,0.1951219512195122,-0.17073170731707316,17,0.68,62,18,0.72,358,25,1.0,536
1,ESR1_ant,rabvs_budgeted_reliable_no_novelty,819,25,0.030525030525030524,819,25,0.71,0.08488286370283986,0.037256136115475666,0.0,16.38,1056,0.7851037851037851,23.674242424242426,0.7360116839408875,0.4652014652014652,0.031007751937984496,0.36585365853658536,0.1951219512195122,-0.17073170731707316,17,0.68,55,18,0.72,288,25,1.0,536
1,ESR1_ant,rabvs_budgeted_reliable_q50,819,25,0.030525030525030524,819,25,0.71,0.08488286370283986,0.037256136115475666,32.76,20.475,1056,0.7851037851037851,23.674242424242426,0.7360117435455322,0.4652014652014652,0.031007751937984496,0.36585365853658536,0.1951219512195122,-0.17073170731707316,12,0.48,58,25,1.0,312,25,1.0,536
1,ESR1_ant,rabvs_budgeted_reliable_q90,819,25,0.030525030525030524,819,25,0.71,0.08488286370283986,0.037256136115475666,32.76,24.57,1056,0.7851037851037851,23.674242424242426,0.7360116243362427,0.4652014652014652,0.031007751937984496,0.36585365853658536,0.1951219512195122,-0.17073170731707316,22,0.88,64,24,0.96,354,25,1.0,536
2,ESR1_ant,boba_ucb,819,25,0.030525030525030524,819,25,0.7,0.09782398110980063,0.041200560724895134,32.76,24.57,1056,0.7851037851037851,23.674242424242426,0.7360069751739502,0.4652014652014652,0.029411764705882353,0.36585365853658536,0.17073170731707318,-0.19512195121951217,23,0.92,60,25,1.0,325,25,1.0,536
2,ESR1_ant,rabvs_budgeted_reliable,819,25,0.030525030525030524,819,25,0.7,0.09782398110980063,0.041200560724895134,32.76,12.285,1056,0.7851037851037851,23.674242424242426,0.7360069155693054,0.4652014652014652,0.029411764705882353,0.36585365853658536,0.17073170731707318,-0.19512195121951217,16,0.64,65,18,0.72,351,25,1.0,536
2,ESR1_ant,rabvs_budgeted_reliable_no_density,819,25,0.030525030525030524,819,25,0.7,0.09782398110980063,0.041200560724895134,32.76,28.665,1056,0.7851037851037851,23.674242424242426,0.7360069155693054,0.4652014652014652,0.029411764705882353,0.36585365853658536,0.17073170731707318,-0.19512195121951217,22,0.88,71,25,1.0,385,25,1.0,536
2,ESR1_ant,rabvs_budgeted_reliable_no_alert,819,25,0.030525030525030524,819,25,0.7,0.09782398110980063,0.041200560724895134,32.76,20.475,1056,0.7851037851037851,23.674242424242426,0.736007034778595,0.4652014652014652,0.029411764705882353,0.36585365853658536,0.17073170731707318,-0.19512195121951217,17,0.68,62,19,0.76,356,25,1.0,536
2,ESR1_ant,rabvs_budgeted_reliable_no_novelty,819,25,0.030525030525030524,819,25,0.7,0.09782398110980063,0.041200560724895134,32.76,16.38,1056,0.7851037851037851,23.674242424242426,0.7360070943832397,0.4652014652014652,0.029411764705882353,0.36585365853658536,0.17073170731707318,-0.19512195121951217,17,0.68,53,18,0.72,279,25,1.0,536
2,ESR1_ant,rabvs_budgeted_reliable_q50,819,25,0.030525030525030524,819,25,0.7,0.09782398110980063,0.041200560724895134,32.76,12.285,1056,0.7851037851037851,23.674242424242426,0.7360069155693054,0.4652014652014652,0.029411764705882353,0.36585365853658536,0.17073170731707318,-0.19512195121951217,11,0.44,59,25,1.0,307,25,1.0,536
2,ESR1_ant,rabvs_budgeted_reliable_q90,819,25,0.030525030525030524,819,25,0.7,0.09782398110980063,0.041200560724895134,32.76,28.665,1056,0.7851037851037851,23.674242424242426,0.7360070943832397,0.4652014652014652,0.029411764705882353,0.36585365853658536,0.17073170731707318,-0.19512195121951217,22,0.88,70,24,0.96,359,25,1.0,536
0,FEN1,boba_ucb,50091,91,0.001816693617615939,1024,14,0.6428571428571429,0.01638179190142461,0.005286933149223043,88.07208791208792,20.875370138843195,3584,0.9880750367664185,7.254464285714286,0.5983134508132935,0.406,0.01733477789815818,0.010778443113772455,0.005189620758483034,-0.005588822355289421,10,0.10989010989010989,93,19,0.2087912087912088,415,26,0.2857142857142857,784
0,FEN1,rabvs_budgeted_reliable,50091,91,0.001816693617615939,1024,14,0.6428571428571429,0.01638179190142461,0.005286933149223043,77.06307692307693,19.77666644732513,3584,0.9880750367664185,6.417410714285714,0.6067599654197693,0.575,0.014659685863874346,0.010778443113772455,0.005189620758483034,-0.005588822355289421,10,0.10989010989010989,96,18,0.1978021978021978,453,23,0.25274725274725274,880
0,FEN1,rabvs_budgeted_reliable_no_density,50091,91,0.001816693617615939,1024,14,0.6428571428571429,0.01638179190142461,0.005286933149223043,77.06307692307693,19.77666644732513,3584,0.9880750367664185,6.696428571428571,0.6058125495910645,0.579,0.01567398119122257,0.010778443113772455,0.005189620758483034,-0.005588822355289421,10,0.10989010989010989,96,18,0.1978021978021978,454,24,0.26373626373626374,884
0,FEN1,rabvs_budgeted_reliable_no_alert,50091,91,0.001816693617615939,1024,14,0.6428571428571429,0.01638179190142461,0.005286933149223043,99.0810989010989,23.072777521879317,3584,0.9880750367664185,8.091517857142858,0.6019043326377869,0.405,0.0198744769874477,0.010778443113772455,0.005189620758483034,-0.005588822355289421,12,0.13186813186813187,96,21,0.23076923076923078,450,29,0.31868131868131866,868
0,FEN1,rabvs_budgeted_reliable_no_novelty,50091,91,0.001816693617615939,1024,14,0.6428571428571429,0.01638179190142461,0.005286933149223043,88.07208791208792,19.77666644732513,3584,0.9880750367664185,6.696428571428571,0.6003694534301758,0.5760000000000001,0.015217391304347827,0.010778443113772455,0.005189620758483034,-0.005588822355289421,9,0.0989010989010989,93,18,0.1978021978021978,418,24,0.26373626373626374,788
0,FEN1,rabvs_budgeted_reliable_q50,50091,91,0.001816693617615939,1024,14,0.6428571428571429,0.01638179190142461,0.005286933149223043,77.06307692307693,18.67796275580707,3584,0.9880750367664185,6.417410714285714,0.6049996614456177,0.573,0.014783526927138331,0.010778443113772455,0.005189620758483034,-0.005588822355289421,10,0.10989010989010989,95,17,0.18681318681318682,451,23,0.25274725274725274,871
0,FEN1,rabvs_budgeted_reliable_q90,50091,91,0.001816693617615939,1024,14,0.6428571428571429,0.01638179190142461,0.005286933149223043,77.06307692307693,19.77666644732513,3584,0.9880750367664185,6.696428571428571,0.6063494682312012,0.577,0.015690376569037656,0.010778443113772455,0.005189620758483034,-0.005588822355289421,10,0.10989010989010989,96,18,0.1978021978021978,454,24,0.26373626373626374,882
1,FEN1,boba_ucb,50091,91,0.001816693617615939,1024,19,0.7894736842105263,0.009146501318010246,0.0033874968243496235,154.12615384615387,27.46759228795157,3584,0.9880750367664185,7.533482142857143,0.6661884784698486,0.352,0.017462165308498253,0.00998003992015968,0.006786427145708583,-0.003193612774451098,19,0.2087912087912088,77,25,0.27472527472527475,380,27,0.2967032967032967,720
1,FEN1,rabvs_budgeted_reliable,50091,91,0.001816693617615939,1024,19,0.7894736842105263,0.009146501318010246,0.0033874968243496235,176.14417582417585,27.46759228795157,3584,0.9880750367664185,7.254464285714286,0.6700848937034607,0.603,0.015005359056806002,0.00998003992015968,0.006786427145708583,-0.003193612774451098,17,0.18681318681318682,86,25,0.27472527472527475,437,26,0.2857142857142857,869
1,FEN1,rabvs_budgeted_reliable_no_density,50091,91,0.001816693617615939,1024,19,0.7894736842105263,0.009146501318010246,0.0033874968243496235,176.14417582417585,27.46759228795157,3584,0.9880750367664185,7.254464285714286,0.66956627368927,0.605,0.014989293361884369,0.00998003992015968,0.006786427145708583,-0.003193612774451098,17,0.18681318681318682,86,25,0.27472527472527475,438,26,0.2857142857142857,869
1,FEN1,rabvs_budgeted_reliable_no_alert,50091,91,0.001816693617615939,1024,19,0.7894736842105263,0.009146501318010246,0.0033874968243496235,176.14417582417585,25.270184904915443,3584,0.9880750367664185,8.370535714285714,0.6705792546272278,0.376,0.01948051948051948,0.00998003992015968,0.006786427145708583,-0.003193612774451098,20,0.21978021978021978,86,23,0.25274725274725274,428,30,0.32967032967032966,858
1,FEN1,rabvs_budgeted_reliable_no_novelty,50091,91,0.001816693617615939,1024,19,0.7894736842105263,0.009146501318010246,0.0033874968243496235,143.11714285714285,27.46759228795157,3584,0.9880750367664185,7.254464285714286,0.6682693958282471,0.573,0.01596351197263398,0.00998003992015968,0.006786427145708583,-0.003193612774451098,19,0.2087912087912088,79,25,0.27472527472527475,387,26,0.2857142857142857,739
1,FEN1,rabvs_budgeted_reliable_q50,50091,91,0.001816693617615939,1024,19,0.7894736842105263,0.009146501318010246,0.0033874968243496235,176.14417582417585,27.46759228795157,3584,0.9880750367664185,7.254464285714286,0.669633150100708,0.605,0.015069967707212056,0.00998003992015968,0.006786427145708583,-0.003193612774451098,17,0.18681318681318682,86,25,0.27472527472527475,438,26,0.2857142857142857,867
1,FEN1,rabvs_budgeted_reliable_q90,50091,91,0.001816693617615939,1024,19,0.7894736842105263,0.009146501318010246,0.0033874968243496235,176.14417582417585,27.46759228795157,3584,0.9880750367664185,7.254464285714286,0.6701264381408691,0.603,0.015005359056806002,0.00998003992015968,0.006786427145708583,-0.003193612774451098,17,0.18681318681318682,86,25,0.27472527472527475,438,26,0.2857142857142857,868
2,FEN1,boba_ucb,50091,91,0.001816693617615939,1024,10,0.825,0.004659357205971751,0.0025979965841077582,110.0901098901099,20.875370138843195,3584,0.9880750367664185,6.138392857142857,0.6062425971031189,0.375,0.013948497854077254,0.007984031936127744,0.00718562874251497,-0.0007984031936127739,11,0.12087912087912088,90,19,0.2087912087912088,410,22,0.24175824175824176,773
2,FEN1,rabvs_budgeted_reliable,50091,91,0.001816693617615939,1024,10,0.825,0.004659357205971751,0.0025979965841077582,88.07208791208792,19.77666644732513,3584,0.9880750367664185,5.859375,0.617875874042511,0.6950000000000001,0.012448132780082987,0.007984031936127744,0.00718562874251497,-0.0007984031936127739,11,0.12087912087912088,93,18,0.1978021978021978,454,21,0.23076923076923078,924
2,FEN1,rabvs_budgeted_reliable_no_density,50091,91,0.001816693617615939,1024,10,0.825,0.004659357205971751,0.0025979965841077582,88.07208791208792,19.77666644732513,3584,0.9880750367664185,5.859375,0.6173171997070312,0.6799999999999999,0.012435233160621761,0.007984031936127744,0.00718562874251497,-0.0007984031936127739,11,0.12087912087912088,93,18,0.1978021978021978,456,21,0.23076923076923078,925
2,FEN1,rabvs_budgeted_reliable_no_alert,50091,91,0.001816693617615939,1024,10,0.825,0.004659357205971751,0.0025979965841077582,99.0810989010989,21.974073830361256,3584,0.9880750367664185,6.975446428571429,0.6111605763435364,0.366,0.016684045881126174,0.007984031936127744,0.00718562874251497,-0.0007984031936127739,12,0.13186813186813187,91,20,0.21978021978021978,446,25,0.27472527472527475,904
2,FEN1,rabvs_budgeted_reliable_no_novelty,50091,91,0.001816693617615939,1024,10,0.825,0.004659357205971751,0.0025979965841077582,99.0810989010989,19.77666644732513,3584,0.9880750367664185,5.580357142857143,0.6083987355232239,0.639,0.011802575107296138,0.007984031936127744,0.00718562874251497,-0.0007984031936127739,11,0.12087912087912088,89,18,0.1978021978021978,411,20,0.21978021978021978,771
2,FEN1,rabvs_budgeted_reliable_q50,50091,91,0.001816693617615939,1024,10,0.825,0.004659357205971751,0.0025979965841077582,88.07208791208792,19.77666644732513,3584,0.9880750367664185,6.138392857142857,0.6189696788787842,0.712,0.013499480789200415,0.007984031936127744,0.00718562874251497,-0.0007984031936127739,11,0.12087912087912088,92,18,0.1978021978021978,452,22,0.24175824175824176,924
2,FEN1,rabvs_budgeted_reliable_q90,50091,91,0.001816693617615939,1024,10,0.825,0.004659357205971751,0.0025979965841077582,88.07208791208792,19.77666644732513,3584,0.9880750367664185,5.859375,0.6171852350234985,0.681,0.012435233160621761,0.007984031936127744,0.00718562874251497,-0.0007984031936127739,11,0.12087912087912088,93,18,0.1978021978021978,456,21,0.23076923076923078,925
0,GBA,boba_ucb,50041,41,0.0008193281509162487,1024,9,0.8333333333333334,0.0048761982055781795,0.0013929017907564959,219.69219512195122,24.410243902439024,3584,0.988063121573643,3.0691964285714284,0.6377812623977661,0.544,0.002224694104560623,0.005593288054334798,0.001199040767386091,-0.0043942472869487065,9,0.21951219512195122,74,10,0.24390243902439024,378,11,0.2682926829268293,752
0,GBA,rabvs_budgeted_reliable,50041,41,0.0008193281509162487,1024,9,0.8333333333333334,0.0048761982055781795,0.0013929017907564959,219.69219512195122,26.851268292682924,3584,0.988063121573643,3.627232142857143,0.6242360472679138,0.842,0.004197271773347324,0.005593288054334798,0.001199040767386091,-0.0043942472869487065,9,0.21951219512195122,87,11,0.2682926829268293,440,13,0.3170731707317073,917
0,GBA,rabvs_budgeted_reliable_no_density,50041,41,0.0008193281509162487,1024,9,0.8333333333333334,0.0048761982055781795,0.0013929017907564959,219.69219512195122,26.851268292682924,3584,0.988063121573643,3.3482142857142856,0.6231189370155334,0.836,0.0031413612565445027,0.005593288054334798,0.001199040767386091,-0.0043942472869487065,9,0.21951219512195122,87,11,0.2682926829268293,440,12,0.2926829268292683,915
0,GBA,rabvs_budgeted_reliable_no_alert,50041,41,0.0008193281509162487,1024,9,0.8333333333333334,0.0048761982055781795,0.0013929017907564959,219.69219512195122,24.410243902439024,3584,0.988063121573643,3.3482142857142856,0.639004647731781,0.55,0.003161222339304531,0.005593288054334798,0.001199040767386091,-0.0043942472869487065,9,0.21951219512195122,88,10,0.24390243902439024,433,12,0.2926829268292683,897
0,GBA,rabvs_budgeted_reliable_no_novelty,50041,41,0.0008193281509162487,1024,9,0.8333333333333334,0.0048761982055781795,0.0013929017907564959,219.69219512195122,24.410243902439024,3584,0.988063121573643,3.0691964285714284,0.6285457611083984,0.793,0.0022026431718061676,0.005593288054334798,0.001199040767386091,-0.0043942472869487065,9,0.21951219512195122,75,10,0.24390243902439024,385,11,0.2682926829268293,737
0,GBA,rabvs_budgeted_reliable_q50,50041,41,0.0008193281509162487,1024,9,0.8333333333333334,0.0048761982055781795,0.0013929017907564959,219.69219512195122,26.851268292682924,3584,0.988063121573643,3.627232142857143,0.6284850239753723,0.861,0.004206098843322818,0.005593288054334798,0.001199040767386091,-0.0043942472869487065,9,0.21951219512195122,86,11,0.2682926829268293,439,13,0.3170731707317073,921
0,GBA,rabvs_budgeted_reliable_q90,50041,41,0.0008193281509162487,1024,9,0.8333333333333334,0.0048761982055781795,0.0013929017907564959,219.69219512195122,26.851268292682924,3584,0.988063121573643,3.3482142857142856,0.6229345202445984,0.839,0.0031413612565445027,0.005593288054334798,0.001199040767386091,-0.0043942472869487065,9,0.21951219512195122,87,11,0.2682926829268293,440,12,0.2926829268292683,915
1,GBA,boba_ucb,50041,41,0.0008193281509162487,1024,12,0.7777777777777778,0.00571367365176675,0.0015322752473760058,268.51268292682926,34.174341463414635,3584,0.988063121573643,4.185267857142857,0.6321511268615723,0.5429999999999999,0.00646551724137931,0.004794246903715541,0.002398081534772182,-0.002396165368943359,13,0.3170731707317073,88,14,0.34146341463414637,407,15,0.36585365853658536,776
1,GBA,rabvs_budgeted_reliable,50041,41,0.0008193281509162487,1024,12,0.7777777777777778,0.00571367365176675,0.0015322752473760058,219.69219512195122,34.174341463414635,3584,0.988063121573643,4.185267857142857,0.6226168870925903,0.846,0.006191950464396285,0.004794246903715541,0.002398081534772182,-0.002396165368943359,13,0.3170731707317073,93,14,0.34146341463414637,459,15,0.36585365853658536,935
1,GBA,rabvs_budgeted_reliable_no_density,50041,41,0.0008193281509162487,1024,12,0.7777777777777778,0.00571367365176675,0.0015322752473760058,219.69219512195122,34.174341463414635,3584,0.988063121573643,4.185267857142857,0.623846173286438,0.832,0.006191950464396285,0.004794246903715541,0.002398081534772182,-0.002396165368943359,13,0.3170731707317073,93,14,0.34146341463414637,460,15,0.36585365853658536,934
1,GBA,rabvs_budgeted_reliable_no_alert,50041,41,0.0008193281509162487,1024,12,0.7777777777777778,0.00571367365176675,0.0015322752473760058,292.92292682926825,34.174341463414635,3584,0.988063121573643,3.90625,0.6281013488769531,0.5680000000000001,0.005230125523012552,0.004794246903715541,0.002398081534772182,-0.002396165368943359,13,0.3170731707317073,92,14,0.34146341463414637,450,14,0.34146341463414637,907
1,GBA,rabvs_budgeted_reliable_no_novelty,50041,41,0.0008193281509162487,1024,12,0.7777777777777778,0.00571367365176675,0.0015322752473760058,268.51268292682926,34.174341463414635,3584,0.988063121573643,4.185267857142857,0.6272715926170349,0.79,0.006423982869379015,0.004794246903715541,0.002398081534772182,-0.002396165368943359,13,0.3170731707317073,88,14,0.34146341463414637,404,15,0.36585365853658536,778
1,GBA,rabvs_budgeted_reliable_q50,50041,41,0.0008193281509162487,1024,12,0.7777777777777778,0.00571367365176675,0.0015322752473760058,268.51268292682926,31.733317073170728,3584,0.988063121573643,3.90625,0.6209576725959778,0.862,0.005175983436853002,0.004794246903715541,0.002398081534772182,-0.002396165368943359,12,0.2926829268292683,91,13,0.3170731707317073,455,14,0.34146341463414637,940
1,GBA,rabvs_budgeted_reliable_q90,50041,41,0.0008193281509162487,1024,12,0.7777777777777778,0.00571367365176675,0.0015322752473760058,219.69219512195122,34.174341463414635,3584,0.988063121573643,4.185267857142857,0.6224390268325806,0.84,0.006191950464396285,0.004794246903715541,0.002398081534772182,-0.002396165368943359,13,0.3170731707317073,93,14,0.34146341463414637,458,15,0.36585365853658536,934
2,GBA,boba_ucb,50041,41,0.0008193281509162487,1024,15,0.6611111111111111,0.006065293533024246,0.001871278098958848,341.74341463414635,39.05639024390244,3584,0.988063121573643,5.022321428571429,0.627665102481842,0.524,0.009453781512605041,0.004794246903715541,0.002398081534772182,-0.002396165368943359,14,0.34146341463414637,92,16,0.3902439024390244,441,18,0.43902439024390244,858
2,GBA,rabvs_budgeted_reliable,50041,41,0.0008193281509162487,1024,15,0.6611111111111111,0.006065293533024246,0.001871278098958848,317.3331707317073,36.61536585365853,3584,0.988063121573643,4.185267857142857,0.620978832244873,0.7989999999999999,0.006134969325153374,0.004794246903715541,0.002398081534772182,-0.002396165368943359,14,0.34146341463414637,94,15,0.36585365853658536,470,15,0.36585365853658536,957
2,GBA,rabvs_budgeted_reliable_no_density,50041,41,0.0008193281509162487,1024,15,0.6611111111111111,0.006065293533024246,0.001871278098958848,317.3331707317073,36.61536585365853,3584,0.988063121573643,4.185267857142857,0.6170375347137451,0.789,0.006128702757916241,0.004794246903715541,0.002398081534772182,-0.002396165368943359,14,0.34146341463414637,95,15,0.36585365853658536,470,15,0.36585365853658536,953
2,GBA,rabvs_budgeted_reliable_no_alert,50041,41,0.0008193281509162487,1024,15,0.6611111111111111,0.006065293533024246,0.001871278098958848,317.3331707317073,39.05639024390244,3584,0.988063121573643,4.464285714285714,0.6248714923858643,0.5409999999999999,0.007194244604316547,0.004794246903715541,0.002398081534772182,-0.002396165368943359,14,0.34146341463414637,94,16,0.3902439024390244,463,16,0.3902439024390244,943
2,GBA,rabvs_budgeted_reliable_no_novelty,50041,41,0.0008193281509162487,1024,15,0.6611111111111111,0.006065293533024246,0.001871278098958848,317.3331707317073,43.93843902439024,3584,0.988063121573643,5.022321428571429,0.6264793872833252,0.767,0.009433962264150943,0.004794246903715541,0.002398081534772182,-0.002396165368943359,14,0.34146341463414637,92,18,0.43902439024390244,445,18,0.43902439024390244,877
2,GBA,rabvs_budgeted_reliable_q50,50041,41,0.0008193281509162487,1024,15,0.6611111111111111,0.006065293533024246,0.001871278098958848,317.3331707317073,36.61536585365853,3584,0.988063121573643,4.464285714285714,0.6277377009391785,0.8220000000000001,0.007186858316221766,0.004794246903715541,0.002398081534772182,-0.002396165368943359,14,0.34146341463414637,93,15,0.36585365853658536,470,16,0.3902439024390244,956
2,GBA,rabvs_budgeted_reliable_q90,50041,41,0.0008193281509162487,1024,15,0.6611111111111111,0.006065293533024246,0.001871278098958848,317.3331707317073,36.61536585365853,3584,0.988063121573643,4.185267857142857,0.6173324584960938,0.789,0.006134969325153374,0.004794246903715541,0.002398081534772182,-0.002396165368943359,14,0.34146341463414637,95,15,0.36585365853658536,470,15,0.36585365853658536,952
0,IDH1,boba_ucb,50009,9,0.00017996760583095044,1024,8,0.8333333333333334,0.006487794064339069,0.0012314049963925262,666.7866666666666,88.90488888888889,3584,0.988055483346331,2.232142857142857,0.6003873944282532,0.755,0.0,0.0027988804478208716,0.0004,-0.0023988804478208715,6,0.6666666666666666,80,8,0.8888888888888888,417,8,0.8888888888888888,830
0,IDH1,rabvs_budgeted_reliable,50009,9,0.00017996760583095044,1024,8,0.8333333333333334,0.006487794064339069,0.0012314049963925262,666.7866666666666,77.79177777777778,3584,0.988055483346331,2.232142857142857,0.5948578715324402,0.9339999999999999,0.0,0.0027988804478208716,0.0004,-0.0023988804478208715,6,0.6666666666666666,85,7,0.7777777777777778,465,8,0.8888888888888888,946
0,IDH1,rabvs_budgeted_reliable_no_density,50009,9,0.00017996760583095044,1024,8,0.8333333333333334,0.006487794064339069,0.0012314049963925262,666.7866666666666,77.79177777777778,3584,0.988055483346331,1.953125,0.5926090478897095,0.924,0.0,0.0027988804478208716,0.0004,-0.0023988804478208715,6,0.6666666666666666,86,7,0.7777777777777778,443,7,0.7777777777777778,912
0,IDH1,rabvs_budgeted_reliable_no_alert,50009,9,0.00017996760583095044,1024,8,0.8333333333333334,0.006487794064339069,0.0012314049963925262,666.7866666666666,88.90488888888889,3584,0.988055483346331,2.232142857142857,0.5988134741783142,0.745,0.0,0.0027988804478208716,0.0004,-0.0023988804478208715,6,0.6666666666666666,86,8,0.8888888888888888,462,8,0.8888888888888888,936
0,IDH1,rabvs_budgeted_reliable_no_novelty,50009,9,0.00017996760583095044,1024,8,0.8333333333333334,0.006487794064339069,0.0012314049963925262,666.7866666666666,88.90488888888889,3584,0.988055483346331,2.232142857142857,0.597457766532898,0.907,0.0,0.0027988804478208716,0.0004,-0.0023988804478208715,6,0.6666666666666666,82,8,0.8888888888888888,438,8,0.8888888888888888,859
0,IDH1,rabvs_budgeted_reliable_q50,50009,9,0.00017996760583095044,1024,8,0.8333333333333334,0.006487794064339069,0.0012314049963925262,666.7866666666666,77.79177777777778,3584,0.988055483346331,2.232142857142857,0.5978078842163086,0.95,0.0,0.0027988804478208716,0.0004,-0.0023988804478208715,6,0.6666666666666666,91,7,0.7777777777777778,478,8,0.8888888888888888,969
0,IDH1,rabvs_budgeted_reliable_q90,50009,9,0.00017996760583095044,1024,8,0.8333333333333334,0.006487794064339069,0.0012314049963925262,666.7866666666666,77.79177777777778,3584,0.988055483346331,2.232142857142857,0.5929409265518188,0.926,0.0,0.0027988804478208716,0.0004,-0.0023988804478208715,6,0.6666666666666666,85,7,0.7777777777777778,448,8,0.8888888888888888,924
1,IDH1,boba_ucb,50009,9,0.00017996760583095044,1024,8,0.8333333333333334,0.005840221971118882,0.0009357445209984945,777.9177777777778,88.90488888888889,3584,0.988055483346331,2.232142857142857,0.6206602454185486,0.6990000000000001,0.0,0.003198720511795282,0.0,-0.003198720511795282,7,0.7777777777777778,86,8,0.8888888888888888,421,8,0.8888888888888888,837
1,IDH1,rabvs_budgeted_reliable,50009,9,0.00017996760583095044,1024,8,0.8333333333333334,0.005840221971118882,0.0009357445209984945,777.9177777777778,88.90488888888889,3584,0.988055483346331,2.232142857142857,0.6152958869934082,0.923,0.0,0.003198720511795282,0.0,-0.003198720511795282,7,0.7777777777777778,88,8,0.8888888888888888,465,8,0.8888888888888888,950
1,IDH1,rabvs_budgeted_reliable_no_density,50009,9,0.00017996760583095044,1024,8,0.8333333333333334,0.005840221971118882,0.0009357445209984945,777.9177777777778,88.90488888888889,3584,0.988055483346331,2.232142857142857,0.6114842295646667,0.902,0.0,0.003198720511795282,0.0,-0.003198720511795282,7,0.7777777777777778,89,8,0.8888888888888888,454,8,0.8888888888888888,930
1,IDH1,rabvs_budgeted_reliable_no_alert,50009,9,0.00017996760583095044,1024,8,0.8333333333333334,0.005840221971118882,0.0009357445209984945,777.9177777777778,88.90488888888889,3584,0.988055483346331,2.232142857142857,0.6194114685058594,0.7030000000000001,0.0,0.003198720511795282,0.0,-0.003198720511795282,7,0.7777777777777778,89,8,0.8888888888888888,462,8,0.8888888888888888,937
1,IDH1,rabvs_budgeted_reliable_no_novelty,50009,9,0.00017996760583095044,1024,8,0.8333333333333334,0.005840221971118882,0.0009357445209984945,777.9177777777778,88.90488888888889,3584,0.988055483346331,2.232142857142857,0.620046079158783,0.905,0.0,0.003198720511795282,0.0,-0.003198720511795282,7,0.7777777777777778,87,8,0.8888888888888888,434,8,0.8888888888888888,848
1,IDH1,rabvs_budgeted_reliable_q50,50009,9,0.00017996760583095044,1024,8,0.8333333333333334,0.005840221971118882,0.0009357445209984945,777.9177777777778,88.90488888888889,3584,0.988055483346331,2.232142857142857,0.6216593384742737,0.938,0.0,0.003198720511795282,0.0,-0.003198720511795282,7,0.7777777777777778,91,8,0.8888888888888888,476,8,0.8888888888888888,971
1,IDH1,rabvs_budgeted_reliable_q90,50009,9,0.00017996760583095044,1024,8,0.8333333333333334,0.005840221971118882,0.0009357445209984945,777.9177777777778,88.90488888888889,3584,0.988055483346331,2.232142857142857,0.6117261648178101,0.91,0.0,0.003198720511795282,0.0,-0.003198720511795282,7,0.7777777777777778,88,8,0.8888888888888888,456,8,0.8888888888888888,934
2,IDH1,boba_ucb,50009,9,0.00017996760583095044,1024,8,0.8333333333333334,0.00612462334796126,0.000999497048975274,889.0488888888889,88.90488888888889,3584,0.988055483346331,2.232142857142857,0.6125395894050598,0.755,0.0,0.0027988804478208716,0.0004,-0.0023988804478208715,8,0.8888888888888888,83,8,0.8888888888888888,431,8,0.8888888888888888,862
2,IDH1,rabvs_budgeted_reliable,50009,9,0.00017996760583095044,1024,8,0.8333333333333334,0.00612462334796126,0.000999497048975274,889.0488888888889,88.90488888888889,3584,0.988055483346331,2.232142857142857,0.6091504693031311,0.9410000000000001,0.0,0.0027988804478208716,0.0004,-0.0023988804478208715,8,0.8888888888888888,92,8,0.8888888888888888,470,8,0.8888888888888888,954
2,IDH1,rabvs_budgeted_reliable_no_density,50009,9,0.00017996760583095044,1024,8,0.8333333333333334,0.00612462334796126,0.000999497048975274,777.9177777777778,88.90488888888889,3584,0.988055483346331,2.232142857142857,0.6007856130599976,0.943,0.0,0.0027988804478208716,0.0004,-0.0023988804478208715,8,0.8888888888888888,90,8,0.8888888888888888,451,8,0.8888888888888888,938
2,IDH1,rabvs_budgeted_reliable_no_alert,50009,9,0.00017996760583095044,1024,8,0.8333333333333334,0.00612462334796126,0.000999497048975274,889.0488888888889,88.90488888888889,3584,0.988055483346331,2.232142857142857,0.6120680570602417,0.767,0.0,0.0027988804478208716,0.0004,-0.0023988804478208715,8,0.8888888888888888,93,8,0.8888888888888888,467,8,0.8888888888888888,955
2,IDH1,rabvs_budgeted_reliable_no_novelty,50009,9,0.00017996760583095044,1024,8,0.8333333333333334,0.00612462334796126,0.000999497048975274,889.0488888888889,88.90488888888889,3584,0.988055483346331,2.232142857142857,0.612465500831604,0.9319999999999999,0.0,0.0027988804478208716,0.0004,-0.0023988804478208715,8,0.8888888888888888,88,8,0.8888888888888888,437,8,0.8888888888888888,883
2,IDH1,rabvs_budgeted_reliable_q50,50009,9,0.00017996760583095044,1024,8,0.8333333333333334,0.00612462334796126,0.000999497048975274,889.0488888888889,88.90488888888889,3584,0.988055483346331,2.232142857142857,0.6123547554016113,0.946,0.0,0.0027988804478208716,0.0004,-0.0023988804478208715,8,0.8888888888888888,95,8,0.8888888888888888,483,8,0.8888888888888888,973
2,IDH1,rabvs_budgeted_reliable_q90,50009,9,0.00017996760583095044,1024,8,0.8333333333333334,0.00612462334796126,0.000999497048975274,889.0488888888889,88.90488888888889,3584,0.988055483346331,2.232142857142857,0.6039100885391235,0.943,0.0,0.0027988804478208716,0.0004,-0.0023988804478208715,8,0.8888888888888888,88,8,0.8888888888888888,457,8,0.8888888888888888,942
0,KAT2A,boba_ucb,50048,48,0.0009590792838874681,1024,8,0.8333333333333334,0.01292910513969098,0.0029049686713401197,125.11999999999999,12.512,3584,0.9880647911338448,2.5111607142857144,0.6151533126831055,0.583,0.0,0.0043947263284059125,0.0019984012789768186,-0.002396325049429094,6,0.125,88,6,0.125,406,9,0.1875,800
0,KAT2A,rabvs_budgeted_reliable,50048,48,0.0009590792838874681,1024,8,0.8333333333333334,0.01292910513969098,0.0029049686713401197,104.26666666666667,12.512,3584,0.9880647911338448,1.953125,0.6118958592414856,0.796,0.0,0.0043947263284059125,0.0019984012789768186,-0.002396325049429094,6,0.125,97,6,0.125,465,7,0.14583333333333334,913
0,KAT2A,rabvs_budgeted_reliable_no_density,50048,48,0.0009590792838874681,1024,8,0.8333333333333334,0.01292910513969098,0.0029049686713401197,104.26666666666667,12.512,3584,0.9880647911338448,1.953125,0.6120206117630005,0.795,0.0,0.0043947263284059125,0.0019984012789768186,-0.002396325049429094,6,0.125,93,6,0.125,457,7,0.14583333333333334,900
0,KAT2A,rabvs_budgeted_reliable_no_alert,50048,48,0.0009590792838874681,1024,8,0.8333333333333334,0.01292910513969098,0.0029049686713401197,125.11999999999999,14.597333333333333,3584,0.9880647911338448,1.953125,0.6166813969612122,0.5740000000000001,0.0,0.0043947263284059125,0.0019984012789768186,-0.002396325049429094,6,0.125,97,7,0.14583333333333334,461,7,0.14583333333333334,905
0,KAT2A,rabvs_budgeted_reliable_no_novelty,50048,48,0.0009590792838874681,1024,8,0.8333333333333334,0.01292910513969098,0.0029049686713401197,125.11999999999999,14.597333333333333,3584,0.9880647911338448,1.953125,0.6115854382514954,0.7989999999999999,0.0,0.0043947263284059125,0.0019984012789768186,-0.002396325049429094,6,0.125,95,7,0.14583333333333334,416,7,0.14583333333333334,811
0,KAT2A,rabvs_budgeted_reliable_q50,50048,48,0.0009590792838874681,1024,8,0.8333333333333334,0.01292910513969098,0.0029049686713401197,125.11999999999999,12.512,3584,0.9880647911338448,2.232142857142857,0.6135588884353638,0.773,0.0,0.0043947263284059125,0.0019984012789768186,-0.002396325049429094,6,0.125,96,6,0.125,456,8,0.16666666666666666,913
0,KAT2A,rabvs_budgeted_reliable_q90,50048,48,0.0009590792838874681,1024,8,0.8333333333333334,0.01292910513969098,0.0029049686713401197,104.26666666666667,12.512,3584,0.9880647911338448,1.953125,0.611814022064209,0.793,0.0,0.0043947263284059125,0.0019984012789768186,-0.002396325049429094,6,0.125,93,6,0.125,456,7,0.14583333333333334,896
1,KAT2A,boba_ucb,50048,48,0.0009590792838874681,1024,10,0.75,0.008286555900334426,0.0021117094657980137,166.82666666666665,20.85333333333333,3584,0.9880647911338448,3.0691964285714284,0.5951966047286987,0.523,0.003171247357293869,0.003595685177786656,0.001199040767386091,-0.002396644410400565,9,0.1875,88,10,0.20833333333333334,409,11,0.22916666666666666,817
1,KAT2A,rabvs_budgeted_reliable,50048,48,0.0009590792838874681,1024,10,0.75,0.008286555900334426,0.0021117094657980137,125.11999999999999,20.85333333333333,3584,0.9880647911338448,2.7901785714285716,0.5883622169494629,0.769,0.0020639834881320948,0.003595685177786656,0.001199040767386091,-0.002396644410400565,9,0.1875,91,10,0.20833333333333334,454,10,0.20833333333333334,923
1,KAT2A,rabvs_budgeted_reliable_no_density,50048,48,0.0009590792838874681,1024,10,0.75,0.008286555900334426,0.0021117094657980137,125.11999999999999,20.85333333333333,3584,0.9880647911338448,2.7901785714285716,0.5870232582092285,0.768,0.002061855670103093,0.003595685177786656,0.001199040767386091,-0.002396644410400565,9,0.1875,91,10,0.20833333333333334,453,10,0.20833333333333334,922
1,KAT2A,rabvs_budgeted_reliable_no_alert,50048,48,0.0009590792838874681,1024,10,0.75,0.008286555900334426,0.0021117094657980137,166.82666666666665,20.85333333333333,3584,0.9880647911338448,2.7901785714285716,0.5944446921348572,0.521,0.002081165452653486,0.003595685177786656,0.001199040767386091,-0.002396644410400565,9,0.1875,91,10,0.20833333333333334,450,10,0.20833333333333334,908
1,KAT2A,rabvs_budgeted_reliable_no_novelty,50048,48,0.0009590792838874681,1024,10,0.75,0.008286555900334426,0.0021117094657980137,145.97333333333336,20.85333333333333,3584,0.9880647911338448,2.7901785714285716,0.5856091976165771,0.758,0.0021253985122210413,0.003595685177786656,0.001199040767386091,-0.002396644410400565,8,0.16666666666666666,85,10,0.20833333333333334,415,10,0.20833333333333334,805
1,KAT2A,rabvs_budgeted_reliable_q50,50048,48,0.0009590792838874681,1024,10,0.75,0.008286555900334426,0.0021117094657980137,145.97333333333336,20.85333333333333,3584,0.9880647911338448,2.7901785714285716,0.5929868817329407,0.768,0.002072538860103627,0.003595685177786656,0.001199040767386091,-0.002396644410400565,9,0.1875,93,10,0.20833333333333334,455,10,0.20833333333333334,926
1,KAT2A,rabvs_budgeted_reliable_q90,50048,48,0.0009590792838874681,1024,10,0.75,0.008286555900334426,0.0021117094657980137,125.11999999999999,20.85333333333333,3584,0.9880647911338448,2.7901785714285716,0.5865791440010071,0.763,0.002061855670103093,0.003595685177786656,0.001199040767386091,-0.002396644410400565,9,0.1875,91,10,0.20833333333333334,454,10,0.20833333333333334,922
2,KAT2A,boba_ucb,50048,48,0.0009590792838874681,1024,9,0.7685185185185185,0.018462029009620125,0.004042421473569336,145.97333333333336,25.024,3584,0.9880647911338448,3.627232142857143,0.5888394713401794,0.5660000000000001,0.0044004400440044,0.0043947263284059125,0.0019984012789768186,-0.002396325049429094,9,0.1875,88,12,0.25,402,13,0.2708333333333333,775
2,KAT2A,rabvs_budgeted_reliable,50048,48,0.0009590792838874681,1024,9,0.7685185185185185,0.018462029009620125,0.004042421473569336,145.97333333333336,25.024,3584,0.9880647911338448,3.627232142857143,0.5843551754951477,0.756,0.004250797024442083,0.0043947263284059125,0.0019984012789768186,-0.002396325049429094,9,0.1875,93,12,0.25,450,13,0.2708333333333333,868
2,KAT2A,rabvs_budgeted_reliable_no_density,50048,48,0.0009590792838874681,1024,9,0.7685185185185185,0.018462029009620125,0.004042421473569336,145.97333333333336,25.024,3584,0.9880647911338448,3.627232142857143,0.5875917673110962,0.761,0.004219409282700422,0.0043947263284059125,0.0019984012789768186,-0.002396325049429094,9,0.1875,93,12,0.25,452,13,0.2708333333333333,884
2,KAT2A,rabvs_budgeted_reliable_no_alert,50048,48,0.0009590792838874681,1024,9,0.7685185185185185,0.018462029009620125,0.004042421473569336,166.82666666666665,25.024,3584,0.9880647911338448,3.627232142857143,0.5876044631004333,0.5609999999999999,0.004259850905218318,0.0043947263284059125,0.0019984012789768186,-0.002396325049429094,9,0.1875,93,12,0.25,442,13,0.2708333333333333,872
2,KAT2A,rabvs_budgeted_reliable_no_novelty,50048,48,0.0009590792838874681,1024,9,0.7685185185185185,0.018462029009620125,0.004042421473569336,145.97333333333336,25.024,3584,0.9880647911338448,3.3482142857142856,0.5823659896850586,0.75,0.0033003300330033004,0.0043947263284059125,0.0019984012789768186,-0.002396325049429094,9,0.1875,88,12,0.25,390,12,0.25,773
2,KAT2A,rabvs_budgeted_reliable_q50,50048,48,0.0009590792838874681,1024,9,0.7685185185185185,0.018462029009620125,0.004042421473569336,145.97333333333336,25.024,3584,0.9880647911338448,3.90625,0.5812908411026001,0.756,0.00536480686695279,0.0043947263284059125,0.0019984012789768186,-0.002396325049429094,9,0.1875,92,12,0.25,442,14,0.2916666666666667,855
2,KAT2A,rabvs_budgeted_reliable_q90,50048,48,0.0009590792838874681,1024,9,0.7685185185185185,0.018462029009620125,0.004042421473569336,145.97333333333336,25.024,3584,0.9880647911338448,3.627232142857143,0.5861309170722961,0.763,0.004223864836325237,0.0043947263284059125,0.0019984012789768186,-0.002396325049429094,9,0.1875,93,12,0.25,452,13,0.2708333333333333,878
0,MAPK1,boba_ucb,15327,77,0.0050238141841195275,1024,10,0.7166666666666667,0.0059950432409144674,0.005903307443063216,106.16103896103897,13.009931245225363,1792,0.9805136904373546,8.928571428571429,0.6231470704078674,0.7090000000000001,0.008602150537634409,0.018252933507170794,0.005221932114882507,-0.013031001392288287,9,0.11688311688311688,98,13,0.16883116883116883,447,16,0.2077922077922078,873
0,MAPK1,rabvs_budgeted_reliable,15327,77,0.0050238141841195275,1024,10,0.7166666666666667,0.0059950432409144674,0.005903307443063216,106.16103896103897,11.708938120702827,1792,0.9805136904373546,9.486607142857142,0.6155741214752197,0.91,0.009345794392523364,0.018252933507170794,0.005221932114882507,-0.013031001392288287,9,0.11688311688311688,100,14,0.18181818181818182,481,17,0.22077922077922077,970
0,MAPK1,rabvs_budgeted_reliable_no_density,15327,77,0.0050238141841195275,1024,10,0.7166666666666667,0.0059950432409144674,0.005903307443063216,106.16103896103897,11.708938120702827,1792,0.9805136904373546,8.928571428571429,0.6189762353897095,0.909,0.008290155440414507,0.018252933507170794,0.005221932114882507,-0.013031001392288287,9,0.11688311688311688,100,14,0.18181818181818182,484,16,0.2077922077922078,973
0,MAPK1,rabvs_budgeted_reliable_no_alert,15327,77,0.0050238141841195275,1024,10,0.7166666666666667,0.0059950432409144674,0.005903307443063216,106.16103896103897,11.708938120702827,1792,0.9805136904373546,8.928571428571429,0.6156861782073975,0.683,0.008342022940563087,0.018252933507170794,0.005221932114882507,-0.013031001392288287,9,0.11688311688311688,99,13,0.16883116883116883,480,16,0.2077922077922078,967
0,MAPK1,rabvs_budgeted_reliable_no_novelty,15327,77,0.0050238141841195275,1024,10,0.7166666666666667,0.0059950432409144674,0.005903307443063216,106.16103896103897,13.009931245225363,1792,0.9805136904373546,8.928571428571429,0.6209757328033447,0.897,0.008629989212513484,0.018252933507170794,0.005221932114882507,-0.013031001392288287,10,0.12987012987012986,96,14,0.18181818181818182,439,16,0.2077922077922078,863
0,MAPK1,rabvs_budgeted_reliable_q50,15327,77,0.0050238141841195275,1024,10,0.7166666666666667,0.0059950432409144674,0.005903307443063216,106.16103896103897,11.708938120702827,1792,0.9805136904373546,8.370535714285714,0.611276388168335,0.918,0.0073145245559038665,0.018252933507170794,0.005221932114882507,-0.013031001392288287,9,0.11688311688311688,100,12,0.15584415584415584,488,15,0.19480519480519481,977
0,MAPK1,rabvs_budgeted_reliable_q90,15327,77,0.0050238141841195275,1024,10,0.7166666666666667,0.0059950432409144674,0.005903307443063216,106.16103896103897,11.708938120702827,1792,0.9805136904373546,9.486607142857142,0.6184918880462646,0.909,0.009316770186335404,0.018252933507170794,0.005221932114882507,-0.013031001392288287,9,0.11688311688311688,100,14,0.18181818181818182,482,17,0.22077922077922077,973
1,MAPK1,boba_ucb,15327,77,0.0050238141841195275,1024,20,0.7375,0.00990565351153711,0.006887133239486949,106.16103896103897,24.718869365928192,1792,0.9805136904373546,13.950892857142858,0.6208412647247314,0.8109999999999999,0.018907563025210083,0.02607561929595828,0.010443864229765013,-0.015631755066193267,19,0.24675324675324675,97,22,0.2857142857142857,472,25,0.3246753246753247,912
1,MAPK1,rabvs_budgeted_reliable,15327,77,0.0050238141841195275,1024,20,0.7375,0.00990565351153711,0.006887133239486949,132.7012987012987,24.718869365928192,1792,0.9805136904373546,15.625,0.6108739972114563,0.945,0.020833333333333332,0.02607561929595828,0.010443864229765013,-0.015631755066193267,19,0.24675324675324675,97,25,0.3246753246753247,486,28,0.36363636363636365,974
1,MAPK1,rabvs_budgeted_reliable_no_density,15327,77,0.0050238141841195275,1024,20,0.7375,0.00990565351153711,0.006887133239486949,106.16103896103897,24.718869365928192,1792,0.9805136904373546,15.066964285714286,0.6163467168807983,0.921,0.01970954356846473,0.02607561929595828,0.010443864229765013,-0.015631755066193267,19,0.24675324675324675,97,24,0.3116883116883117,483,27,0.35064935064935066,971
1,MAPK1,rabvs_budgeted_reliable_no_alert,15327,77,0.0050238141841195275,1024,20,0.7375,0.00990565351153711,0.006887133239486949,132.7012987012987,24.718869365928192,1792,0.9805136904373546,15.066964285714286,0.6127577424049377,0.833,0.019771071800208116,0.02607561929595828,0.010443864229765013,-0.015631755066193267,19,0.24675324675324675,97,24,0.3116883116883117,485,27,0.35064935064935066,974
1,MAPK1,rabvs_budgeted_reliable_no_novelty,15327,77,0.0050238141841195275,1024,20,0.7375,0.00990565351153711,0.006887133239486949,132.7012987012987,24.718869365928192,1792,0.9805136904373546,15.066964285714286,0.6124074459075928,0.9390000000000001,0.020021074815595362,0.02607561929595828,0.010443864229765013,-0.015631755066193267,19,0.24675324675324675,97,24,0.3116883116883117,468,27,0.35064935064935066,910
1,MAPK1,rabvs_budgeted_reliable_q50,15327,77,0.0050238141841195275,1024,20,0.7375,0.00990565351153711,0.006887133239486949,132.7012987012987,24.718869365928192,1792,0.9805136904373546,13.950892857142858,0.6082051396369934,0.953,0.01791359325605901,0.02607561929595828,0.010443864229765013,-0.015631755066193267,19,0.24675324675324675,97,22,0.2857142857142857,486,25,0.3246753246753247,977
1,MAPK1,rabvs_budgeted_reliable_q90,15327,77,0.0050238141841195275,1024,20,0.7375,0.00990565351153711,0.006887133239486949,106.16103896103897,24.718869365928192,1792,0.9805136904373546,15.066964285714286,0.6140158772468567,0.9359999999999999,0.01973001038421599,0.02607561929595828,0.010443864229765013,-0.015631755066193267,19,0.24675324675324675,97,24,0.3116883116883117,483,27,0.35064935064935066,971
2,MAPK1,boba_ucb,15327,77,0.0050238141841195275,1024,18,0.6805555555555556,0.010756017773453948,0.007074723434770947,132.7012987012987,22.116883116883116,1792,0.9805136904373546,13.392857142857142,0.647712767124176,0.7150000000000001,0.016891891891891893,0.02607561929595828,0.009138381201044387,-0.016937238094913893,17,0.22077922077922077,87,21,0.2727272727272727,405,24,0.3116883116883117,793
2,MAPK1,rabvs_budgeted_reliable,15327,77,0.0050238141841195275,1024,18,0.6805555555555556,0.010756017773453948,0.007074723434770947,132.7012987012987,22.116883116883116,1792,0.9805136904373546,13.392857142857142,0.6411333680152893,0.9,0.015889830508474576,0.02607561929595828,0.009138381201044387,-0.016937238094913893,17,0.22077922077922077,91,21,0.2727272727272727,458,24,0.3116883116883117,936
2,MAPK1,rabvs_budgeted_reliable_no_density,15327,77,0.0050238141841195275,1024,18,0.6805555555555556,0.010756017773453948,0.007074723434770947,132.7012987012987,22.116883116883116,1792,0.9805136904373546,13.950892857142858,0.640737771987915,0.905,0.016877637130801686,0.02607561929595828,0.009138381201044387,-0.016937238094913893,17,0.22077922077922077,91,22,0.2857142857142857,457,25,0.3246753246753247,938
2,MAPK1,rabvs_budgeted_reliable_no_alert,15327,77,0.0050238141841195275,1024,18,0.6805555555555556,0.010756017773453948,0.007074723434770947,145.97142857142856,22.116883116883116,1792,0.9805136904373546,13.392857142857142,0.6441788077354431,0.733,0.016025641025641024,0.02607561929595828,0.009138381201044387,-0.016937238094913893,17,0.22077922077922077,90,21,0.2727272727272727,451,24,0.3116883116883117,923
2,MAPK1,rabvs_budgeted_reliable_no_novelty,15327,77,0.0050238141841195275,1024,18,0.6805555555555556,0.010756017773453948,0.007074723434770947,145.97142857142856,23.417876241405654,1792,0.9805136904373546,12.834821428571429,0.6449214220046997,0.884,0.01569506726457399,0.02607561929595828,0.009138381201044387,-0.016937238094913893,17,0.22077922077922077,88,19,0.24675324675324675,405,23,0.2987012987012987,800
2,MAPK1,rabvs_budgeted_reliable_q50,15327,77,0.0050238141841195275,1024,18,0.6805555555555556,0.010756017773453948,0.007074723434770947,132.7012987012987,23.417876241405654,1792,0.9805136904373546,11.71875,0.6409257650375366,0.9,0.012738853503184714,0.02607561929595828,0.009138381201044387,-0.016937238094913893,17,0.22077922077922077,90,20,0.2597402597402597,456,21,0.2727272727272727,936
2,MAPK1,rabvs_budgeted_reliable_q90,15327,77,0.0050238141841195275,1024,18,0.6805555555555556,0.010756017773453948,0.007074723434770947,132.7012987012987,22.116883116883116,1792,0.9805136904373546,13.950892857142858,0.6403190493583679,0.905,0.016877637130801686,0.02607561929595828,0.009138381201044387,-0.016937238094913893,17,0.22077922077922077,91,22,0.2857142857142857,457,25,0.3246753246753247,938
0,MTORC1,boba_ucb,8267,24,0.0029031087456150963,1024,13,0.7243589743589743,0.016707313884037907,0.005773279525598161,86.11458333333333,45.65110441767069,1536,0.969033506713439,9.114583333333334,0.6225943565368652,0.8029999999999999,0.006872852233676976,0.024154589371980676,0.007263922518159807,-0.01689066685382087,11,0.4583333333333333,75,12,0.5,354,14,0.5833333333333334,671
0,MTORC1,rabvs_budgeted_reliable,8267,24,0.0029031087456150963,1024,13,0.7243589743589743,0.016707313884037907,0.005773279525598161,129.171875,41.50100401606426,1536,0.969033506713439,8.463541666666666,0.6164683699607849,0.956,0.00544069640914037,0.024154589371980676,0.007263922518159807,-0.01689066685382087,11,0.4583333333333333,80,12,0.5,437,13,0.5416666666666666,919
0,MTORC1,rabvs_budgeted_reliable_no_density,8267,24,0.0029031087456150963,1024,13,0.7243589743589743,0.016707313884037907,0.005773279525598161,129.171875,41.50100401606426,1536,0.969033506713439,8.463541666666666,0.6227017045021057,0.964,0.005393743257820928,0.024154589371980676,0.007263922518159807,-0.01689066685382087,10,0.4166666666666667,78,12,0.5,427,13,0.5416666666666666,923
0,MTORC1,rabvs_budgeted_reliable_no_alert,8267,24,0.0029031087456150963,1024,13,0.7243589743589743,0.016707313884037907,0.005773279525598161,129.171875,45.65110441767069,1536,0.969033506713439,9.114583333333334,0.6199020743370056,0.804,0.006514657980456026,0.024154589371980676,0.007263922518159807,-0.01689066685382087,11,0.4583333333333333,79,12,0.5,431,14,0.5833333333333334,929
0,MTORC1,rabvs_budgeted_reliable_no_novelty,8267,24,0.0029031087456150963,1024,13,0.7243589743589743,0.016707313884037907,0.005773279525598161,86.11458333333333,41.50100401606426,1536,0.969033506713439,9.114583333333334,0.6170614361763,0.933,0.006952491309385863,0.024154589371980676,0.007263922518159807,-0.01689066685382087,11,0.4583333333333333,74,13,0.5416666666666666,366,14,0.5833333333333334,665
0,MTORC1,rabvs_budgeted_reliable_q50,8267,24,0.0029031087456150963,1024,13,0.7243589743589743,0.016707313884037907,0.005773279525598161,215.28645833333331,45.65110441767069,1536,0.969033506713439,9.114583333333334,0.6125734448432922,0.927,0.006741573033707865,0.024154589371980676,0.007263922518159807,-0.01689066685382087,11,0.4583333333333333,84,12,0.5,455,14,0.5833333333333334,835
0,MTORC1,rabvs_budgeted_reliable_q90,8267,24,0.0029031087456150963,1024,13,0.7243589743589743,0.016707313884037907,0.005773279525598161,129.171875,41.50100401606426,1536,0.969033506713439,8.463541666666666,0.6200421452522278,0.966,0.005393743257820928,0.024154589371980676,0.007263922518159807,-0.01689066685382087,10,0.4166666666666667,78,12,0.5,431,13,0.5416666666666666,929
1,MTORC1,boba_ucb,8267,24,0.0029031087456150963,1024,11,0.7727272727272727,0.012221145125900577,0.004214550516961911,172.22916666666666,45.65110441767069,1536,0.969033506713439,7.8125,0.6082789897918701,0.783,0.0033707865168539327,0.026570048309178744,0.002421307506053269,-0.024148740803125474,11,0.4583333333333333,78,12,0.5,377,12,0.5,687
1,MTORC1,rabvs_budgeted_reliable,8267,24,0.0029031087456150963,1024,11,0.7727272727272727,0.012221145125900577,0.004214550516961911,172.22916666666666,45.65110441767069,1536,0.969033506713439,7.161458333333333,0.6122270822525024,0.952,0.0021598272138228943,0.026570048309178744,0.002421307506053269,-0.024148740803125474,11,0.4583333333333333,88,11,0.4583333333333333,461,11,0.4583333333333333,929
1,MTORC1,rabvs_budgeted_reliable_no_density,8267,24,0.0029031087456150963,1024,11,0.7727272727272727,0.012221145125900577,0.004214550516961911,172.22916666666666,45.65110441767069,1536,0.969033506713439,7.8125,0.617457389831543,0.965,0.003171247357293869,0.026570048309178744,0.002421307506053269,-0.024148740803125474,11,0.4583333333333333,88,12,0.5,461,12,0.5,961
1,MTORC1,rabvs_budgeted_reliable_no_alert,8267,24,0.0029031087456150963,1024,11,0.7727272727272727,0.012221145125900577,0.004214550516961911,172.22916666666666,45.65110441767069,1536,0.969033506713439,7.161458333333333,0.6170410513877869,0.784,0.0021390374331550803,0.026570048309178744,0.002421307506053269,-0.024148740803125474,11,0.4583333333333333,86,11,0.4583333333333333,451,11,0.4583333333333333,950
1,MTORC1,rabvs_budgeted_reliable_no_novelty,8267,24,0.0029031087456150963,1024,11,0.7727272727272727,0.012221145125900577,0.004214550516961911,172.22916666666666,45.65110441767069,1536,0.969033506713439,7.161458333333333,0.606985867023468,0.937,0.0022522522522522522,0.026570048309178744,0.002421307506053269,-0.024148740803125474,11,0.4583333333333333,79,11,0.4583333333333333,370,11,0.4583333333333333,684
1,MTORC1,rabvs_budgeted_reliable_q50,8267,24,0.0029031087456150963,1024,11,0.7727272727272727,0.012221145125900577,0.004214550516961911,172.22916666666666,45.65110441767069,1536,0.969033506713439,7.8125,0.6075780391693115,0.928,0.0033370411568409346,0.026570048309178744,0.002421307506053269,-0.024148740803125474,11,0.4583333333333333,86,11,0.4583333333333333,466,12,0.5,857
1,MTORC1,rabvs_budgeted_reliable_q90,8267,24,0.0029031087456150963,1024,11,0.7727272727272727,0.012221145125900577,0.004214550516961911,172.22916666666666,45.65110441767069,1536,0.969033506713439,7.8125,0.615290105342865,0.966,0.003188097768331562,0.026570048309178744,0.002421307506053269,-0.024148740803125474,11,0.4583333333333333,88,12,0.5,461,12,0.5,961
2,MTORC1,boba_ucb,8267,24,0.0029031087456150963,1024,11,0.7651515151515151,0.010865123608058946,0.00457236577260562,215.28645833333331,41.50100401606426,1536,0.969033506713439,8.463541666666666,0.6096753478050232,0.771,0.0033519553072625698,0.021739130434782608,0.009685230024213076,-0.012053900410569533,11,0.4583333333333333,66,11,0.4583333333333333,330,13,0.5416666666666666,641
2,MTORC1,rabvs_budgeted_reliable,8267,24,0.0029031087456150963,1024,11,0.7651515151515151,0.010865123608058946,0.00457236577260562,258.34375,41.50100401606426,1536,0.969033506713439,8.463541666666666,0.6134156584739685,0.952,0.0032537960954446853,0.021739130434782608,0.009685230024213076,-0.012053900410569533,11,0.4583333333333333,72,11,0.4583333333333333,444,13,0.5416666666666666,905
2,MTORC1,rabvs_budgeted_reliable_no_density,8267,24,0.0029031087456150963,1024,11,0.7651515151515151,0.010865123608058946,0.00457236577260562,215.28645833333331,41.50100401606426,1536,0.969033506713439,8.463541666666666,0.6176302433013916,0.966,0.0032119914346895075,0.021739130434782608,0.009685230024213076,-0.012053900410569533,11,0.4583333333333333,70,12,0.5,439,13,0.5416666666666666,939
2,MTORC1,rabvs_budgeted_reliable_no_alert,8267,24,0.0029031087456150963,1024,11,0.7651515151515151,0.010865123608058946,0.00457236577260562,258.34375,41.50100401606426,1536,0.969033506713439,9.114583333333334,0.615793764591217,0.8,0.004314994606256742,0.021739130434782608,0.009685230024213076,-0.012053900410569533,11,0.4583333333333333,73,11,0.4583333333333333,437,14,0.5833333333333334,937
2,MTORC1,rabvs_budgeted_reliable_no_novelty,8267,24,0.0029031087456150963,1024,11,0.7651515151515151,0.010865123608058946,0.00457236577260562,258.34375,45.65110441767069,1536,0.969033506713439,7.8125,0.6042429208755493,0.94,0.0022624434389140274,0.021739130434782608,0.009685230024213076,-0.012053900410569533,11,0.4583333333333333,68,12,0.5,344,12,0.5,643
2,MTORC1,rabvs_budgeted_reliable_q50,8267,24,0.0029031087456150963,1024,11,0.7651515151515151,0.010865123608058946,0.00457236577260562,258.34375,45.65110441767069,1536,0.969033506713439,7.8125,0.6075190305709839,0.94,0.0022148394241417496,0.021739130434782608,0.009685230024213076,-0.012053900410569533,11,0.4583333333333333,76,11,0.4583333333333333,456,12,0.5,819
2,MTORC1,rabvs_budgeted_reliable_q90,8267,24,0.0029031087456150963,1024,11,0.7651515151515151,0.010865123608058946,0.00457236577260562,215.28645833333331,41.50100401606426,1536,0.969033506713439,8.463541666666666,0.6154545545578003,0.965,0.0032258064516129032,0.021739130434782608,0.009685230024213076,-0.012053900410569533,11,0.4583333333333333,70,12,0.5,439,13,0.5416666666666666,938
0,OPRK1,boba_ucb,50006,6,0.00011998560172779267,1024,6,0.8333333333333334,0.003816405962324935,0.0003352977505541037,1000.1199999999999,100.012,3584,0.988054766761322,1.6741071428571428,0.5962599515914917,0.6639999999999999,0.0,0.0023990403838464614,0.0,-0.0023990403838464614,6,1.0,89,6,1.0,428,6,1.0,835
0,OPRK1,rabvs_budgeted_reliable,50006,6,0.00011998560172779267,1024,6,0.8333333333333334,0.003816405962324935,0.0003352977505541037,1000.1199999999999,100.012,3584,0.988054766761322,1.6741071428571428,0.597965657711029,0.955,0.0,0.0023990403838464614,0.0,-0.0023990403838464614,6,1.0,93,6,1.0,479,6,1.0,972
0,OPRK1,rabvs_budgeted_reliable_no_density,50006,6,0.00011998560172779267,1024,6,0.8333333333333334,0.003816405962324935,0.0003352977505541037,1000.1199999999999,100.012,3584,0.988054766761322,1.6741071428571428,0.5931922197341919,0.955,0.0,0.0023990403838464614,0.0,-0.0023990403838464614,6,1.0,95,6,1.0,480,6,1.0,970
0,OPRK1,rabvs_budgeted_reliable_no_alert,50006,6,0.00011998560172779267,1024,6,0.8333333333333334,0.003816405962324935,0.0003352977505541037,1000.1199999999999,100.012,3584,0.988054766761322,1.6741071428571428,0.5974062085151672,0.65,0.0,0.0023990403838464614,0.0,-0.0023990403838464614,6,1.0,95,6,1.0,482,6,1.0,971
0,OPRK1,rabvs_budgeted_reliable_no_novelty,50006,6,0.00011998560172779267,1024,6,0.8333333333333334,0.003816405962324935,0.0003352977505541037,1000.1199999999999,100.012,3584,0.988054766761322,1.6741071428571428,0.5939984321594238,0.951,0.0,0.0023990403838464614,0.0,-0.0023990403838464614,6,1.0,86,6,1.0,421,6,1.0,800
0,OPRK1,rabvs_budgeted_reliable_q50,50006,6,0.00011998560172779267,1024,6,0.8333333333333334,0.003816405962324935,0.0003352977505541037,1000.1199999999999,100.012,3584,0.988054766761322,1.6741071428571428,0.5990722179412842,0.961,0.0,0.0023990403838464614,0.0,-0.0023990403838464614,6,1.0,93,6,1.0,479,6,1.0,972
0,OPRK1,rabvs_budgeted_reliable_q90,50006,6,0.00011998560172779267,1024,6,0.8333333333333334,0.003816405962324935,0.0003352977505541037,1000.1199999999999,100.012,3584,0.988054766761322,1.6741071428571428,0.5949057340621948,0.957,0.0,0.0023990403838464614,0.0,-0.0023990403838464614,6,1.0,95,6,1.0,480,6,1.0,972
1,OPRK1,boba_ucb,50006,6,0.00011998560172779267,1024,6,0.8333333333333334,0.0032550293866837783,0.00025929243408078867,833.4333333333333,100.012,3584,0.988054766761322,1.6741071428571428,0.5938016176223755,0.598,0.0,0.0023990403838464614,0.0,-0.0023990403838464614,6,1.0,85,6,1.0,428,6,1.0,839
1,OPRK1,rabvs_budgeted_reliable,50006,6,0.00011998560172779267,1024,6,0.8333333333333334,0.0032550293866837783,0.00025929243408078867,1000.1199999999999,100.012,3584,0.988054766761322,1.6741071428571428,0.5982499718666077,0.955,0.0,0.0023990403838464614,0.0,-0.0023990403838464614,6,1.0,92,6,1.0,482,6,1.0,980
1,OPRK1,rabvs_budgeted_reliable_no_density,50006,6,0.00011998560172779267,1024,6,0.8333333333333334,0.0032550293866837783,0.00025929243408078867,1000.1199999999999,100.012,3584,0.988054766761322,1.6741071428571428,0.598562479019165,0.952,0.0,0.0023990403838464614,0.0,-0.0023990403838464614,6,1.0,92,6,1.0,482,6,1.0,979
1,OPRK1,rabvs_budgeted_reliable_no_alert,50006,6,0.00011998560172779267,1024,6,0.8333333333333334,0.0032550293866837783,0.00025929243408078867,1000.1199999999999,100.012,3584,0.988054766761322,1.6741071428571428,0.5977263450622559,0.587,0.0,0.0023990403838464614,0.0,-0.0023990403838464614,6,1.0,93,6,1.0,475,6,1.0,970
1,OPRK1,rabvs_budgeted_reliable_no_novelty,50006,6,0.00011998560172779267,1024,6,0.8333333333333334,0.0032550293866837783,0.00025929243408078867,1000.1199999999999,100.012,3584,0.988054766761322,1.6741071428571428,0.5924794673919678,0.925,0.0,0.0023990403838464614,0.0,-0.0023990403838464614,6,1.0,86,6,1.0,418,6,1.0,821
1,OPRK1,rabvs_budgeted_reliable_q50,50006,6,0.00011998560172779267,1024,6,0.8333333333333334,0.0032550293866837783,0.00025929243408078867,1000.1199999999999,100.012,3584,0.988054766761322,1.6741071428571428,0.6028971672058105,0.956,0.0,0.0023990403838464614,0.0,-0.0023990403838464614,6,1.0,92,6,1.0,483,6,1.0,980
1,OPRK1,rabvs_budgeted_reliable_q90,50006,6,0.00011998560172779267,1024,6,0.8333333333333334,0.0032550293866837783,0.00025929243408078867,1000.1199999999999,100.012,3584,0.988054766761322,1.6741071428571428,0.5984809994697571,0.953,0.0,0.0023990403838464614,0.0,-0.0023990403838464614,6,1.0,92,6,1.0,482,6,1.0,979
2,OPRK1,boba_ucb,50006,6,0.00011998560172779267,1024,6,0.8333333333333334,0.003252657812585594,0.00037594891262322046,1000.1199999999999,100.012,3584,0.988054766761322,1.6741071428571428,0.5996662974357605,0.6759999999999999,0.0,0.0023990403838464614,0.0,-0.0023990403838464614,6,1.0,95,6,1.0,444,6,1.0,866
2,OPRK1,rabvs_budgeted_reliable,50006,6,0.00011998560172779267,1024,6,0.8333333333333334,0.003252657812585594,0.00037594891262322046,1000.1199999999999,100.012,3584,0.988054766761322,1.6741071428571428,0.5949822664260864,0.946,0.0,0.0023990403838464614,0.0,-0.0023990403838464614,6,1.0,96,6,1.0,486,6,1.0,982
2,OPRK1,rabvs_budgeted_reliable_no_density,50006,6,0.00011998560172779267,1024,6,0.8333333333333334,0.003252657812585594,0.00037594891262322046,1000.1199999999999,100.012,3584,0.988054766761322,1.6741071428571428,0.5950796604156494,0.94,0.0,0.0023990403838464614,0.0,-0.0023990403838464614,6,1.0,96,6,1.0,488,6,1.0,980
2,OPRK1,rabvs_budgeted_reliable_no_alert,50006,6,0.00011998560172779267,1024,6,0.8333333333333334,0.003252657812585594,0.00037594891262322046,1000.1199999999999,100.012,3584,0.988054766761322,1.6741071428571428,0.5950239896774292,0.665,0.0,0.0023990403838464614,0.0,-0.0023990403838464614,6,1.0,97,6,1.0,488,6,1.0,981
2,OPRK1,rabvs_budgeted_reliable_no_novelty,50006,6,0.00011998560172779267,1024,6,0.8333333333333334,0.003252657812585594,0.00037594891262322046,1000.1199999999999,100.012,3584,0.988054766761322,1.6741071428571428,0.5967363715171814,0.938,0.0,0.0023990403838464614,0.0,-0.0023990403838464614,6,1.0,95,6,1.0,442,6,1.0,847
2,OPRK1,rabvs_budgeted_reliable_q50,50006,6,0.00011998560172779267,1024,6,0.8333333333333334,0.003252657812585594,0.00037594891262322046,1000.1199999999999,100.012,3584,0.988054766761322,1.6741071428571428,0.5955668091773987,0.956,0.0,0.0023990403838464614,0.0,-0.0023990403838464614,6,1.0,96,6,1.0,486,6,1.0,983
2,OPRK1,rabvs_budgeted_reliable_q90,50006,6,0.00011998560172779267,1024,6,0.8333333333333334,0.003252657812585594,0.00037594891262322046,1000.1199999999999,100.012,3584,0.988054766761322,1.6741071428571428,0.5955163836479187,0.9410000000000001,0.0,0.0023990403838464614,0.0,-0.0023990403838464614,6,1.0,97,6,1.0,488,6,1.0,982
0,PKM2,boba_ucb,50136,136,0.0027126216690601564,1024,17,0.6274509803921569,0.014923755202186815,0.006128978795411059,73.72941176470589,15.452271926734765,3584,0.9880857401202063,5.859375,0.6262032985687256,0.44699999999999995,0.014675052410901468,0.007977662544874352,0.007179896290386917,-0.0007977662544874356,13,0.09558823529411764,96,21,0.15441176470588236,440,21,0.15441176470588236,845
0,PKM2,rabvs_budgeted_reliable,50136,136,0.0027126216690601564,1024,17,0.6274509803921569,0.014923755202186815,0.006128978795411059,66.3564705882353,14.71644945403311,3584,0.9880857401202063,5.580357142857143,0.6277436017990112,0.628,0.013388259526261586,0.007977662544874352,0.007179896290386917,-0.0007977662544874356,14,0.10294117647058823,98,20,0.14705882352941177,469,20,0.14705882352941177,914
0,PKM2,rabvs_budgeted_reliable_no_density,50136,136,0.0027126216690601564,1024,17,0.6274509803921569,0.014923755202186815,0.006128978795411059,66.3564705882353,13.980626981331456,3584,0.9880857401202063,5.859375,0.6266103982925415,0.625,0.01440329218106996,0.007977662544874352,0.007179896290386917,-0.0007977662544874356,14,0.10294117647058823,98,19,0.13970588235294118,469,21,0.15441176470588236,919
0,PKM2,rabvs_budgeted_reliable_no_alert,50136,136,0.0027126216690601564,1024,17,0.6274509803921569,0.014923755202186815,0.006128978795411059,73.72941176470589,14.71644945403311,3584,0.9880857401202063,5.859375,0.6292023658752441,0.46399999999999997,0.014477766287487074,0.007977662544874352,0.007179896290386917,-0.0007977662544874356,14,0.10294117647058823,96,20,0.14705882352941177,467,21,0.15441176470588236,907
0,PKM2,rabvs_budgeted_reliable_no_novelty,50136,136,0.0027126216690601564,1024,17,0.6274509803921569,0.014923755202186815,0.006128978795411059,73.72941176470589,13.980626981331456,3584,0.9880857401202063,5.859375,0.6285596489906311,0.621,0.014690451206715634,0.007977662544874352,0.007179896290386917,-0.0007977662544874356,15,0.11029411764705882,95,19,0.13970588235294118,442,21,0.15441176470588236,849
0,PKM2,rabvs_budgeted_reliable_q50,50136,136,0.0027126216690601564,1024,17,0.6274509803921569,0.014923755202186815,0.006128978795411059,88.47529411764705,13.980626981331456,3584,0.9880857401202063,6.417410714285714,0.6303614974021912,0.65,0.016494845360824743,0.007977662544874352,0.007179896290386917,-0.0007977662544874356,16,0.11764705882352941,96,19,0.13970588235294118,469,23,0.16911764705882354,925
0,PKM2,rabvs_budgeted_reliable_q90,50136,136,0.0027126216690601564,1024,17,0.6274509803921569,0.014923755202186815,0.006128978795411059,66.3564705882353,14.71644945403311,3584,0.9880857401202063,5.859375,0.6269475221633911,0.623,0.014418125643666324,0.007977662544874352,0.007179896290386917,-0.0007977662544874356,14,0.10294117647058823,98,20,0.14705882352941177,470,21,0.15441176470588236,915
1,PKM2,boba_ucb,50136,136,0.0027126216690601564,1024,12,0.7638888888888888,0.004133314615096955,0.0034745873038215806,73.72941176470589,13.980626981331456,3584,0.9880857401202063,5.859375,0.5994071960449219,0.714,0.013513513513513514,0.011966493817311527,0.0023932987634623054,-0.009573195053849222,13,0.09558823529411764,87,19,0.13970588235294118,433,21,0.15441176470588236,827
1,PKM2,rabvs_budgeted_reliable,50136,136,0.0027126216690601564,1024,12,0.7638888888888888,0.004133314615096955,0.0034745873038215806,66.3564705882353,14.71644945403311,3584,0.9880857401202063,6.138392857142857,0.5913970470428467,0.901,0.014344262295081968,0.011966493817311527,0.0023932987634623054,-0.009573195053849222,13,0.09558823529411764,91,20,0.14705882352941177,464,22,0.16176470588235295,936
1,PKM2,rabvs_budgeted_reliable_no_density,50136,136,0.0027126216690601564,1024,12,0.7638888888888888,0.004133314615096955,0.0034745873038215806,66.3564705882353,14.71644945403311,3584,0.9880857401202063,5.859375,0.5923253893852234,0.899,0.01330603889457523,0.011966493817311527,0.0023932987634623054,-0.009573195053849222,13,0.09558823529411764,91,20,0.14705882352941177,467,21,0.15441176470588236,933
1,PKM2,rabvs_budgeted_reliable_no_alert,50136,136,0.0027126216690601564,1024,12,0.7638888888888888,0.004133314615096955,0.0034745873038215806,73.72941176470589,14.71644945403311,3584,0.9880857401202063,6.417410714285714,0.5970162153244019,0.7170000000000001,0.015321756894790603,0.011966493817311527,0.0023932987634623054,-0.009573195053849222,12,0.08823529411764706,90,20,0.14705882352941177,465,23,0.16911764705882354,938
1,PKM2,rabvs_budgeted_reliable_no_novelty,50136,136,0.0027126216690601564,1024,12,0.7638888888888888,0.004133314615096955,0.0034745873038215806,73.72941176470589,13.244804508629798,3584,0.9880857401202063,5.859375,0.5953527688980103,0.905,0.013541666666666667,0.011966493817311527,0.0023932987634623054,-0.009573195053849222,12,0.08823529411764706,90,18,0.1323529411764706,437,21,0.15441176470588236,830
1,PKM2,rabvs_budgeted_reliable_q50,50136,136,0.0027126216690601564,1024,12,0.7638888888888888,0.004133314615096955,0.0034745873038215806,73.72941176470589,14.71644945403311,3584,0.9880857401202063,5.859375,0.5902381539344788,0.909,0.013333333333333334,0.011966493817311527,0.0023932987634623054,-0.009573195053849222,14,0.10294117647058823,91,20,0.14705882352941177,459,21,0.15441176470588236,933
1,PKM2,rabvs_budgeted_reliable_q90,50136,136,0.0027126216690601564,1024,12,0.7638888888888888,0.004133314615096955,0.0034745873038215806,66.3564705882353,14.71644945403311,3584,0.9880857401202063,5.859375,0.5923990607261658,0.898,0.01330603889457523,0.011966493817311527,0.0023932987634623054,-0.009573195053849222,13,0.09558823529411764,91,20,0.14705882352941177,467,21,0.15441176470588236,933
2,PKM2,boba_ucb,50136,136,0.0027126216690601564,1024,13,0.7564102564102564,0.007501261056766586,0.0042356698554717395,81.10235294117648,11.773159563226487,3584,0.9880857401202063,5.301339285714286,0.5937432646751404,0.74,0.009230769230769232,0.007977662544874352,0.004786597526924611,-0.0031910650179497414,12,0.08823529411764706,94,16,0.11764705882352941,438,19,0.13970588235294118,871
2,PKM2,rabvs_budgeted_reliable,50136,136,0.0027126216690601564,1024,13,0.7564102564102564,0.007501261056766586,0.0042356698554717395,88.47529411764705,11.773159563226487,3584,0.9880857401202063,5.022321428571429,0.5909730792045593,0.874,0.008130081300813009,0.007977662544874352,0.004786597526924611,-0.0031910650179497414,12,0.08823529411764706,97,16,0.11764705882352941,462,18,0.1323529411764706,915
2,PKM2,rabvs_budgeted_reliable_no_density,50136,136,0.0027126216690601564,1024,13,0.7564102564102564,0.007501261056766586,0.0042356698554717395,88.47529411764705,11.037337090524833,3584,0.9880857401202063,4.743303571428571,0.5911502242088318,0.869,0.007106598984771574,0.007977662544874352,0.004786597526924611,-0.0031910650179497414,12,0.08823529411764706,97,15,0.11029411764705882,467,17,0.125,919
2,PKM2,rabvs_budgeted_reliable_no_alert,50136,136,0.0027126216690601564,1024,13,0.7564102564102564,0.007501261056766586,0.0042356698554717395,88.47529411764705,11.037337090524833,3584,0.9880857401202063,6.138392857142857,0.5981212258338928,0.72,0.012219959266802444,0.007977662544874352,0.004786597526924611,-0.0031910650179497414,13,0.09558823529411764,96,15,0.11029411764705882,467,22,0.16176470588235295,917
2,PKM2,rabvs_budgeted_reliable_no_novelty,50136,136,0.0027126216690601564,1024,13,0.7564102564102564,0.007501261056766586,0.0042356698554717395,88.47529411764705,11.773159563226487,3584,0.9880857401202063,4.743303571428571,0.5898095965385437,0.866,0.007216494845360825,0.007977662544874352,0.004786597526924611,-0.0031910650179497414,12,0.08823529411764706,91,16,0.11764705882352941,432,17,0.125,854
2,PKM2,rabvs_budgeted_reliable_q50,50136,136,0.0027126216690601564,1024,13,0.7564102564102564,0.007501261056766586,0.0042356698554717395,88.47529411764705,11.037337090524833,3584,0.9880857401202063,4.464285714285714,0.594843864440918,0.869,0.006147540983606557,0.007977662544874352,0.004786597526924611,-0.0031910650179497414,12,0.08823529411764706,95,15,0.11029411764705882,461,16,0.11764705882352941,914
2,PKM2,rabvs_budgeted_reliable_q90,50136,136,0.0027126216690601564,1024,13,0.7564102564102564,0.007501261056766586,0.0042356698554717395,88.47529411764705,11.037337090524833,3584,0.9880857401202063,4.743303571428571,0.5910012722015381,0.869,0.007106598984771574,0.007977662544874352,0.004786597526924611,-0.0031910650179497414,12,0.08823529411764706,97,15,0.11029411764705882,467,17,0.125,920
0,PPARG,boba_ucb,867,6,0.006920415224913495,867,6,0.8333333333333334,0.0188618828022842,0.00508655496272061,144.5,64.22222222222221,1058,0.7966166858900423,5.671077504725898,0.7416831254959106,0.4429065743944637,0.0,0.11363636363636363,0.023255813953488372,-0.09038054968287526,6,1.0,72,6,1.0,328,6,1.0,541
0,PPARG,rabvs_budgeted_reliable,867,6,0.006920415224913495,867,6,0.8333333333333334,0.0188618828022842,0.00508655496272061,144.5,48.166666666666664,1058,0.7966166858900423,5.671077504725898,0.7416831851005554,0.4429065743944637,0.0,0.11363636363636363,0.023255813953488372,-0.09038054968287526,3,0.5,91,3,0.5,358,6,1.0,541
0,PPARG,rabvs_budgeted_reliable_no_density,867,6,0.006920415224913495,867,6,0.8333333333333334,0.0188618828022842,0.00508655496272061,144.5,64.22222222222221,1058,0.7966166858900423,5.671077504725898,0.7416831851005554,0.4429065743944637,0.0,0.11363636363636363,0.023255813953488372,-0.09038054968287526,6,1.0,92,6,1.0,434,6,1.0,541
0,PPARG,rabvs_budgeted_reliable_no_alert,867,6,0.006920415224913495,867,6,0.8333333333333334,0.0188618828022842,0.00508655496272061,144.5,48.166666666666664,1058,0.7966166858900423,5.671077504725898,0.7416831254959106,0.4429065743944637,0.0,0.11363636363636363,0.023255813953488372,-0.09038054968287526,3,0.5,93,3,0.5,362,6,1.0,541
0,PPARG,rabvs_budgeted_reliable_no_novelty,867,6,0.006920415224913495,867,6,0.8333333333333334,0.0188618828022842,0.00508655496272061,144.5,48.166666666666664,1058,0.7966166858900423,5.671077504725898,0.7416831254959106,0.4429065743944637,0.0,0.11363636363636363,0.023255813953488372,-0.09038054968287526,3,0.5,58,3,0.5,301,6,1.0,541
0,PPARG,rabvs_budgeted_reliable_q50,867,6,0.006920415224913495,867,6,0.8333333333333334,0.0188618828022842,0.00508655496272061,144.5,48.166666666666664,1058,0.7966166858900423,5.671077504725898,0.7416831254959106,0.4429065743944637,0.0,0.11363636363636363,0.023255813953488372,-0.09038054968287526,3,0.5,93,6,1.0,303,6,1.0,541
0,PPARG,rabvs_budgeted_reliable_q90,867,6,0.006920415224913495,867,6,0.8333333333333334,0.0188618828022842,0.00508655496272061,144.5,48.166666666666664,1058,0.7966166858900423,5.671077504725898,0.7416831254959106,0.4429065743944637,0.0,0.11363636363636363,0.023255813953488372,-0.09038054968287526,5,0.8333333333333334,91,5,0.8333333333333334,434,6,1.0,541
1,PPARG,boba_ucb,867,6,0.006920415224913495,867,6,0.8333333333333334,0.01991314374651585,0.005263782301983376,144.5,80.27777777777779,1058,0.7966166858900423,5.671077504725898,0.7416810393333435,0.4429065743944637,0.0,0.11363636363636363,0.023255813953488372,-0.09038054968287526,6,1.0,80,6,1.0,338,6,1.0,541
1,PPARG,rabvs_budgeted_reliable,867,6,0.006920415224913495,867,6,0.8333333333333334,0.01991314374651585,0.005263782301983376,144.5,48.166666666666664,1058,0.7966166858900423,5.671077504725898,0.7416810393333435,0.4429065743944637,0.0,0.11363636363636363,0.023255813953488372,-0.09038054968287526,3,0.5,95,4,0.6666666666666666,356,6,1.0,541
1,PPARG,rabvs_budgeted_reliable_no_density,867,6,0.006920415224913495,867,6,0.8333333333333334,0.01991314374651585,0.005263782301983376,144.5,64.22222222222221,1058,0.7966166858900423,5.671077504725898,0.7416810989379883,0.4429065743944637,0.0,0.11363636363636363,0.023255813953488372,-0.09038054968287526,6,1.0,95,6,1.0,438,6,1.0,541
1,PPARG,rabvs_budgeted_reliable_no_alert,867,6,0.006920415224913495,867,6,0.8333333333333334,0.01991314374651585,0.005263782301983376,144.5,48.166666666666664,1058,0.7966166858900423,5.671077504725898,0.7416809797286987,0.4429065743944637,0.0,0.11363636363636363,0.023255813953488372,-0.09038054968287526,3,0.5,94,4,0.6666666666666666,361,6,1.0,541
1,PPARG,rabvs_budgeted_reliable_no_novelty,867,6,0.006920415224913495,867,6,0.8333333333333334,0.01991314374651585,0.005263782301983376,144.5,48.166666666666664,1058,0.7966166858900423,5.671077504725898,0.7416812181472778,0.4429065743944637,0.0,0.11363636363636363,0.023255813953488372,-0.09038054968287526,3,0.5,64,4,0.6666666666666666,306,6,1.0,541
1,PPARG,rabvs_budgeted_reliable_q50,867,6,0.006920415224913495,867,6,0.8333333333333334,0.01991314374651585,0.005263782301983376,144.5,48.166666666666664,1058,0.7966166858900423,5.671077504725898,0.7416810393333435,0.4429065743944637,0.0,0.11363636363636363,0.023255813953488372,-0.09038054968287526,4,0.6666666666666666,95,6,1.0,305,6,1.0,541
1,PPARG,rabvs_budgeted_reliable_q90,867,6,0.006920415224913495,867,6,0.8333333333333334,0.01991314374651585,0.005263782301983376,144.5,64.22222222222221,1058,0.7966166858900423,5.671077504725898,0.7416808605194092,0.4429065743944637,0.0,0.11363636363636363,0.023255813953488372,-0.09038054968287526,5,0.8333333333333334,95,5,0.8333333333333334,438,6,1.0,541
2,PPARG,boba_ucb,867,6,0.006920415224913495,867,6,0.8333333333333334,0.025379935178192627,0.009225439820316591,144.5,64.22222222222221,1058,0.7966166858900423,5.671077504725898,0.7415961027145386,0.4429065743944637,0.0,0.11363636363636363,0.023255813953488372,-0.09038054968287526,6,1.0,75,6,1.0,347,6,1.0,541
2,PPARG,rabvs_budgeted_reliable,867,6,0.006920415224913495,867,6,0.8333333333333334,0.025379935178192627,0.009225439820316591,144.5,32.11111111111111,1058,0.7966166858900423,5.671077504725898,0.7415960431098938,0.4429065743944637,0.0,0.11363636363636363,0.023255813953488372,-0.09038054968287526,3,0.5,91,3,0.5,355,6,1.0,541
2,PPARG,rabvs_budgeted_reliable_no_density,867,6,0.006920415224913495,867,6,0.8333333333333334,0.025379935178192627,0.009225439820316591,144.5,64.22222222222221,1058,0.7966166858900423,5.671077504725898,0.7415961027145386,0.4429065743944637,0.0,0.11363636363636363,0.023255813953488372,-0.09038054968287526,6,1.0,91,6,1.0,436,6,1.0,541
2,PPARG,rabvs_budgeted_reliable_no_alert,867,6,0.006920415224913495,867,6,0.8333333333333334,0.025379935178192627,0.009225439820316591,144.5,32.11111111111111,1058,0.7966166858900423,5.671077504725898,0.7415962815284729,0.4429065743944637,0.0,0.11363636363636363,0.023255813953488372,-0.09038054968287526,3,0.5,88,3,0.5,362,6,1.0,541
2,PPARG,rabvs_budgeted_reliable_no_novelty,867,6,0.006920415224913495,867,6,0.8333333333333334,0.025379935178192627,0.009225439820316591,144.5,32.11111111111111,1058,0.7966166858900423,5.671077504725898,0.7415961027145386,0.4429065743944637,0.0,0.11363636363636363,0.023255813953488372,-0.09038054968287526,3,0.5,65,3,0.5,311,6,1.0,541
2,PPARG,rabvs_budgeted_reliable_q50,867,6,0.006920415224913495,867,6,0.8333333333333334,0.025379935178192627,0.009225439820316591,144.5,32.11111111111111,1058,0.7966166858900423,5.671077504725898,0.7415961027145386,0.4429065743944637,0.0,0.11363636363636363,0.023255813953488372,-0.09038054968287526,3,0.5,91,6,1.0,303,6,1.0,541
2,PPARG,rabvs_budgeted_reliable_q90,867,6,0.006920415224913495,867,6,0.8333333333333334,0.025379935178192627,0.009225439820316591,144.5,48.166666666666664,1058,0.7966166858900423,5.671077504725898,0.7415960431098938,0.4429065743944637,0.0,0.11363636363636363,0.023255813953488372,-0.09038054968287526,5,0.8333333333333334,90,5,0.8333333333333334,433,6,1.0,541
0,TP53,boba_ucb,811,16,0.01972872996300863,811,16,0.7083333333333334,0.05092493553612962,0.017330969015282343,50.6875,38.015625,1056,0.782983970406905,15.151515151515152,0.7304356694221497,0.4636251541307028,0.02185792349726776,0.2926829268292683,0.0975609756097561,-0.19512195121951217,16,1.0,78,16,1.0,329,16,1.0,512
0,TP53,rabvs_budgeted_reliable,811,16,0.01972872996300863,811,16,0.7083333333333334,0.05092493553612962,0.017330969015282343,50.6875,44.3515625,1056,0.782983970406905,15.151515151515152,0.7304357290267944,0.4636251541307028,0.02185792349726776,0.2926829268292683,0.0975609756097561,-0.19512195121951217,15,0.9375,82,15,0.9375,342,16,1.0,512
0,TP53,rabvs_budgeted_reliable_no_density,811,16,0.01972872996300863,811,16,0.7083333333333334,0.05092493553612962,0.017330969015282343,50.6875,38.015625,1056,0.782983970406905,15.151515151515152,0.7304357290267944,0.4636251541307028,0.02185792349726776,0.2926829268292683,0.0975609756097561,-0.19512195121951217,16,1.0,85,16,1.0,401,16,1.0,512
0,TP53,rabvs_budgeted_reliable_no_alert,811,16,0.01972872996300863,811,16,0.7083333333333334,0.05092493553612962,0.017330969015282343,50.6875,44.3515625,1056,0.782983970406905,15.151515151515152,0.7304357886314392,0.4636251541307028,0.02185792349726776,0.2926829268292683,0.0975609756097561,-0.19512195121951217,15,0.9375,83,15,0.9375,348,16,1.0,512
0,TP53,rabvs_budgeted_reliable_no_novelty,811,16,0.01972872996300863,811,16,0.7083333333333334,0.05092493553612962,0.017330969015282343,50.6875,38.015625,1056,0.782983970406905,15.151515151515152,0.7304357290267944,0.4636251541307028,0.02185792349726776,0.2926829268292683,0.0975609756097561,-0.19512195121951217,15,0.9375,70,15,0.9375,293,16,1.0,512
0,TP53,rabvs_budgeted_reliable_q50,811,16,0.01972872996300863,811,16,0.7083333333333334,0.05092493553612962,0.017330969015282343,50.6875,38.015625,1056,0.782983970406905,15.151515151515152,0.7304357886314392,0.4636251541307028,0.02185792349726776,0.2926829268292683,0.0975609756097561,-0.19512195121951217,9,0.5625,83,16,1.0,307,16,1.0,512
0,TP53,rabvs_budgeted_reliable_q90,811,16,0.01972872996300863,811,16,0.7083333333333334,0.05092493553612962,0.017330969015282343,50.6875,38.015625,1056,0.782983970406905,15.151515151515152,0.7304356694221497,0.4636251541307028,0.02185792349726776,0.2926829268292683,0.0975609756097561,-0.19512195121951217,16,1.0,84,16,1.0,390,16,1.0,512
1,TP53,boba_ucb,811,16,0.01972872996300863,811,16,0.71875,0.06215391012130813,0.021732314613122482,50.6875,38.015625,1056,0.782983970406905,15.151515151515152,0.7302815318107605,0.4636251541307028,0.01881720430107527,0.21951219512195122,0.17073170731707318,-0.04878048780487804,16,1.0,76,16,1.0,346,16,1.0,512
1,TP53,rabvs_budgeted_reliable,811,16,0.01972872996300863,811,16,0.71875,0.06215391012130813,0.021732314613122482,50.6875,44.3515625,1056,0.782983970406905,15.151515151515152,0.7302815914154053,0.4636251541307028,0.01881720430107527,0.21951219512195122,0.17073170731707318,-0.04878048780487804,15,0.9375,81,15,0.9375,340,16,1.0,512
1,TP53,rabvs_budgeted_reliable_no_density,811,16,0.01972872996300863,811,16,0.71875,0.06215391012130813,0.021732314613122482,50.6875,38.015625,1056,0.782983970406905,15.151515151515152,0.7302815914154053,0.4636251541307028,0.01881720430107527,0.21951219512195122,0.17073170731707318,-0.04878048780487804,16,1.0,89,16,1.0,408,16,1.0,512
1,TP53,rabvs_budgeted_reliable_no_alert,811,16,0.01972872996300863,811,16,0.71875,0.06215391012130813,0.021732314613122482,50.6875,44.3515625,1056,0.782983970406905,15.151515151515152,0.7302814722061157,0.4636251541307028,0.01881720430107527,0.21951219512195122,0.17073170731707318,-0.04878048780487804,15,0.9375,83,15,0.9375,347,16,1.0,512
1,TP53,rabvs_budgeted_reliable_no_novelty,811,16,0.01972872996300863,811,16,0.71875,0.06215391012130813,0.021732314613122482,50.6875,38.015625,1056,0.782983970406905,15.151515151515152,0.7302815914154053,0.4636251541307028,0.01881720430107527,0.21951219512195122,0.17073170731707318,-0.04878048780487804,15,0.9375,70,15,0.9375,299,16,1.0,512
1,TP53,rabvs_budgeted_reliable_q50,811,16,0.01972872996300863,811,16,0.71875,0.06215391012130813,0.021732314613122482,50.6875,44.3515625,1056,0.782983970406905,15.151515151515152,0.7302815318107605,0.4636251541307028,0.01881720430107527,0.21951219512195122,0.17073170731707318,-0.04878048780487804,9,0.5625,77,16,1.0,308,16,1.0,512
1,TP53,rabvs_budgeted_reliable_q90,811,16,0.01972872996300863,811,16,0.71875,0.06215391012130813,0.021732314613122482,50.6875,38.015625,1056,0.782983970406905,15.151515151515152,0.7302814722061157,0.4636251541307028,0.01881720430107527,0.21951219512195122,0.17073170731707318,-0.04878048780487804,16,1.0,86,16,1.0,384,16,1.0,512
2,TP53,boba_ucb,811,16,0.01972872996300863,811,16,0.7291666666666666,0.06759212109918566,0.02554191321321317,50.6875,31.6796875,1056,0.782983970406905,15.151515151515152,0.7302824258804321,0.4636251541307028,0.019886363636363636,0.2682926829268293,0.12195121951219512,-0.14634146341463417,16,1.0,85,16,1.0,337,16,1.0,512
2,TP53,rabvs_budgeted_reliable,811,16,0.01972872996300863,811,16,0.7291666666666666,0.06759212109918566,0.02554191321321317,50.6875,31.6796875,1056,0.782983970406905,15.151515151515152,0.7302824854850769,0.4636251541307028,0.019886363636363636,0.2682926829268293,0.12195121951219512,-0.14634146341463417,15,0.9375,86,16,1.0,341,16,1.0,512
2,TP53,rabvs_budgeted_reliable_no_density,811,16,0.01972872996300863,811,16,0.7291666666666666,0.06759212109918566,0.02554191321321317,50.6875,31.6796875,1056,0.782983970406905,15.151515151515152,0.7302824258804321,0.4636251541307028,0.019886363636363636,0.2682926829268293,0.12195121951219512,-0.14634146341463417,16,1.0,89,16,1.0,403,16,1.0,512
2,TP53,rabvs_budgeted_reliable_no_alert,811,16,0.01972872996300863,811,16,0.7291666666666666,0.06759212109918566,0.02554191321321317,50.6875,31.6796875,1056,0.782983970406905,15.151515151515152,0.7302826046943665,0.4636251541307028,0.019886363636363636,0.2682926829268293,0.12195121951219512,-0.14634146341463417,15,0.9375,86,16,1.0,348,16,1.0,512
2,TP53,rabvs_budgeted_reliable_no_novelty,811,16,0.01972872996300863,811,16,0.7291666666666666,0.06759212109918566,0.02554191321321317,50.6875,31.6796875,1056,0.782983970406905,15.151515151515152,0.7302825450897217,0.4636251541307028,0.019886363636363636,0.2682926829268293,0.12195121951219512,-0.14634146341463417,15,0.9375,76,16,1.0,298,16,1.0,512
2,TP53,rabvs_budgeted_reliable_q50,811,16,0.01972872996300863,811,16,0.7291666666666666,0.06759212109918566,0.02554191321321317,50.6875,25.34375,1056,0.782983970406905,15.151515151515152,0.7302826046943665,0.4636251541307028,0.019886363636363636,0.2682926829268293,0.12195121951219512,-0.14634146341463417,9,0.5625,78,16,1.0,312,16,1.0,512
2,TP53,rabvs_budgeted_reliable_q90,811,16,0.01972872996300863,811,16,0.7291666666666666,0.06759212109918566,0.02554191321321317,50.6875,31.6796875,1056,0.782983970406905,15.151515151515152,0.7302824854850769,0.4636251541307028,0.019886363636363636,0.2682926829268293,0.12195121951219512,-0.14634146341463417,16,1.0,88,16,1.0,390,16,1.0,512
0,VDR,boba_ucb,50165,165,0.0032891458187979668,1024,10,0.8166666666666667,0.0066518424358203675,0.004453519852928059,54.72545454545454,10.295846915368827,3584,0.9880926276620485,6.138392857142857,0.6248181462287903,0.515,0.012671594508975714,0.009565563969709047,0.005582137161084529,-0.003983426808624517,12,0.07272727272727272,91,17,0.10303030303030303,429,22,0.13333333333333333,841
0,VDR,rabvs_budgeted_reliable,50165,165,0.0032891458187979668,1024,10,0.8166666666666667,0.0066518424358203675,0.004453519852928059,48.64484848484849,10.295846915368827,3584,0.9880926276620485,5.022321428571429,0.6269542574882507,0.773,0.008238928939237899,0.009565563969709047,0.005582137161084529,-0.003983426808624517,9,0.05454545454545454,96,17,0.10303030303030303,470,18,0.10909090909090909,939
0,VDR,rabvs_budgeted_reliable_no_density,50165,165,0.0032891458187979668,1024,10,0.8166666666666667,0.0066518424358203675,0.004453519852928059,48.64484848484849,10.295846915368827,3584,0.9880926276620485,5.022321428571429,0.6259421706199646,0.778,0.00823045267489712,0.009565563969709047,0.005582137161084529,-0.003983426808624517,9,0.05454545454545454,95,17,0.10303030303030303,471,18,0.10909090909090909,938
0,VDR,rabvs_budgeted_reliable_no_alert,50165,165,0.0032891458187979668,1024,10,0.8166666666666667,0.0066518424358203675,0.004453519852928059,48.64484848484849,10.295846915368827,3584,0.9880926276620485,5.859375,0.6287636160850525,0.5349999999999999,0.011363636363636364,0.009565563969709047,0.005582137161084529,-0.003983426808624517,10,0.06060606060606061,96,17,0.10303030303030303,473,21,0.12727272727272726,925
0,VDR,rabvs_budgeted_reliable_no_novelty,50165,165,0.0032891458187979668,1024,10,0.8166666666666667,0.0066518424358203675,0.004453519852928059,48.64484848484849,10.295846915368827,3584,0.9880926276620485,5.301339285714286,0.6257914900779724,0.765,0.009513742071881607,0.009565563969709047,0.005582137161084529,-0.003983426808624517,9,0.05454545454545454,93,17,0.10303030303030303,427,19,0.11515151515151516,844
0,VDR,rabvs_budgeted_reliable_q50,50165,165,0.0032891458187979668,1024,10,0.8166666666666667,0.0066518424358203675,0.004453519852928059,48.64484848484849,10.295846915368827,3584,0.9880926276620485,5.022321428571429,0.6291840076446533,0.773,0.008264462809917356,0.009565563969709047,0.005582137161084529,-0.003983426808624517,9,0.05454545454545454,96,17,0.10303030303030303,469,18,0.10909090909090909,940
0,VDR,rabvs_budgeted_reliable_q90,50165,165,0.0032891458187979668,1024,10,0.8166666666666667,0.0066518424358203675,0.004453519852928059,48.64484848484849,10.295846915368827,3584,0.9880926276620485,5.022321428571429,0.6259185671806335,0.777,0.008238928939237899,0.009565563969709047,0.005582137161084529,-0.003983426808624517,9,0.05454545454545454,95,17,0.10303030303030303,471,18,0.10909090909090909,938
1,VDR,boba_ucb,50165,165,0.0032891458187979668,1024,12,0.6736111111111112,0.006124344537010222,0.00461751782727628,54.72545454545454,10.901484969214053,3584,0.9880926276620485,5.859375,0.6487452387809753,0.355,0.012790697674418604,0.00996412913511359,0.009170653907496013,-0.0007934752276175776,10,0.06060606060606061,70,18,0.10909090909090909,328,21,0.12727272727272726,663
1,VDR,rabvs_budgeted_reliable,50165,165,0.0032891458187979668,1024,12,0.6736111111111112,0.006124344537010222,0.00461751782727628,54.72545454545454,9.690208861523603,3584,0.9880926276620485,5.301339285714286,0.6612127423286438,0.631,0.011995637949836423,0.00996412913511359,0.009170653907496013,-0.0007934752276175776,9,0.05454545454545454,85,16,0.09696969696969697,402,19,0.11515151515151516,815
1,VDR,rabvs_budgeted_reliable_no_density,50165,165,0.0032891458187979668,1024,12,0.6736111111111112,0.006124344537010222,0.00461751782727628,54.72545454545454,8.478932753833153,3584,0.9880926276620485,5.301339285714286,0.66069096326828,0.631,0.011956521739130435,0.00996412913511359,0.009170653907496013,-0.0007934752276175776,9,0.05454545454545454,86,14,0.08484848484848485,405,19,0.11515151515151516,822
1,VDR,rabvs_budgeted_reliable_no_alert,50165,165,0.0032891458187979668,1024,12,0.6736111111111112,0.006124344537010222,0.00461751782727628,54.72545454545454,9.690208861523603,3584,0.9880926276620485,6.138392857142857,0.6591327786445618,0.373,0.013230429988974642,0.00996412913511359,0.009170653907496013,-0.0007934752276175776,9,0.05454545454545454,80,16,0.09696969696969697,390,22,0.13333333333333333,790
1,VDR,rabvs_budgeted_reliable_no_novelty,50165,165,0.0032891458187979668,1024,12,0.6736111111111112,0.006124344537010222,0.00461751782727628,54.72545454545454,8.478932753833153,3584,0.9880926276620485,5.301339285714286,0.6515676975250244,0.5920000000000001,0.010452961672473868,0.00996412913511359,0.009170653907496013,-0.0007934752276175776,9,0.05454545454545454,72,14,0.08484848484848485,329,19,0.11515151515151516,672
1,VDR,rabvs_budgeted_reliable_q50,50165,165,0.0032891458187979668,1024,12,0.6736111111111112,0.006124344537010222,0.00461751782727628,54.72545454545454,9.690208861523603,3584,0.9880926276620485,5.301339285714286,0.6642466187477112,0.647,0.012008733624454149,0.00996412913511359,0.009170653907496013,-0.0007934752276175776,9,0.05454545454545454,83,16,0.09696969696969697,398,19,0.11515151515151516,819
1,VDR,rabvs_budgeted_reliable_q90,50165,165,0.0032891458187979668,1024,12,0.6736111111111112,0.006124344537010222,0.00461751782727628,54.72545454545454,9.084570807678377,3584,0.9880926276620485,5.301339285714286,0.6607133150100708,0.63,0.011982570806100218,0.00996412913511359,0.009170653907496013,-0.0007934752276175776,9,0.05454545454545454,86,14,0.08484848484848485,405,19,0.11515151515151516,819
2,VDR,boba_ucb,50165,165,0.0032891458187979668,1024,14,0.6488095238095238,0.012961600852607372,0.006455021670711273,48.64484848484849,9.690208861523603,3584,0.9880926276620485,5.859375,0.6249613761901855,0.375,0.013647642679900745,0.009166998804304504,0.007974481658692184,-0.0011925171456123197,9,0.05454545454545454,65,16,0.09696969696969697,316,21,0.12727272727272726,646
2,VDR,rabvs_budgeted_reliable,50165,165,0.0032891458187979668,1024,14,0.6488095238095238,0.012961600852607372,0.006455021670711273,60.80606060606061,9.084570807678377,3584,0.9880926276620485,5.859375,0.6321812868118286,0.613,0.012658227848101266,0.009166998804304504,0.007974481658692184,-0.0011925171456123197,12,0.07272727272727272,76,15,0.09090909090909091,376,21,0.12727272727272726,778
2,VDR,rabvs_budgeted_reliable_no_density,50165,165,0.0032891458187979668,1024,14,0.6488095238095238,0.012961600852607372,0.006455021670711273,60.80606060606061,9.084570807678377,3584,0.9880926276620485,5.580357142857143,0.632646918296814,0.608,0.011481056257175661,0.009166998804304504,0.007974481658692184,-0.0011925171456123197,12,0.07272727272727272,77,15,0.09090909090909091,375,20,0.12121212121212122,782
2,VDR,rabvs_budgeted_reliable_no_alert,50165,165,0.0032891458187979668,1024,14,0.6488095238095238,0.012961600852607372,0.006455021670711273,48.64484848484849,9.084570807678377,3584,0.9880926276620485,6.975446428571429,0.6328214406967163,0.41000000000000003,0.017421602787456445,0.009166998804304504,0.007974481658692184,-0.0011925171456123197,12,0.07272727272727272,74,15,0.09090909090909091,360,25,0.15151515151515152,765
2,VDR,rabvs_budgeted_reliable_no_novelty,50165,165,0.0032891458187979668,1024,14,0.6488095238095238,0.012961600852607372,0.006455021670711273,48.64484848484849,8.478932753833153,3584,0.9880926276620485,5.022321428571429,0.6279709935188293,0.5820000000000001,0.009696969696969697,0.009166998804304504,0.007974481658692184,-0.0011925171456123197,10,0.06060606060606061,69,14,0.08484848484848485,323,18,0.10909090909090909,667
2,VDR,rabvs_budgeted_reliable_q50,50165,165,0.0032891458187979668,1024,14,0.6488095238095238,0.012961600852607372,0.006455021670711273,60.80606060606061,9.084570807678377,3584,0.9880926276620485,6.138392857142857,0.6301907896995544,0.631,0.013904982618771726,0.009166998804304504,0.007974481658692184,-0.0011925171456123197,12,0.07272727272727272,74,15,0.09090909090909091,369,22,0.13333333333333333,769
2,VDR,rabvs_budgeted_reliable_q90,50165,165,0.0032891458187979668,1024,14,0.6488095238095238,0.012961600852607372,0.006455021670711273,60.80606060606061,9.084570807678377,3584,0.9880926276620485,5.580357142857143,0.6322781443595886,0.61,0.011481056257175661,0.009166998804304504,0.007974481658692184,-0.0011925171456123197,12,0.07272727272727272,77,15,0.09090909090909091,376,20,0.12121212121212122,782
