target,method,AUBC,Hit@100,Hit@500,Hit@1000,Recall@1000,EF_0.1pct,EF_1pct,ECE,Brier,neural_inferences,inference_saved_ratio,hits_per_1000_inferences,unique_scaffold_count@1000,mean_pairwise_cosine_distance_at1000,PAINS_Brenk_free_ratio_at1000,unseen_initial_scaffold_hit_rate_at1000,high_score_high_unc_hit_rate,high_score_low_unc_hit_rate,false_confidence_gap
aa2ar,boba_ucb,0.7142112043088248,100.0,430.0,459.3333333333333,0.9529737206085752,66.4564315352697,66.4564315352697,0.0048212251224336,0.003213534032280267,4096.0,0.984015984015984,112.14192708333333,952.6666666666666,0.5589477817217509,0.6609999999999999,0.4576968085413096,0.05035372451102783,0.24552642530170618,0.1951727007906783
aa2ar,greedy_surrogate,0.8059063069371039,100.0,438.6666666666667,469.0,0.9730290456431536,66.4564315352697,66.4564315352697,0.0038292705383935997,0.0026529618384644334,256256.0,0.0,1.830201048951049,956.3333333333334,0.5618850390116373,0.682,0.4668599385781326,0.05346340052684193,0.24365376612567624,0.19019036559883426
aa2ar,rabvs_budgeted_no_ucb,0.8008027847273632,100.0,438.0,468.3333333333333,0.9716459197787,66.4564315352697,66.04107883817427,0.0037150373974503335,0.0026238319182494,4096.0,0.984015984015984,114.33919270833333,981.6666666666666,0.5603238542874655,0.7783333333333333,0.46425895634859565,0.05512837586828063,0.24261339991677064,0.18748502404848996
aa2ar,rabvs_budgeted_random_parts,0.533190332899588,100.0,426.3333333333333,462.6666666666667,0.9598893499308437,66.4564315352697,65.41804979253112,0.006813842500051734,0.0038113043954766668,4096.0,0.984015984015984,112.95572916666667,964.3333333333334,0.563966969648997,0.7473333333333333,0.4603051689281899,0.09280066583437367,0.20432792342904701,0.1115272575946733
aa2ar,rabvs_budgeted_reliable,0.7142112043088248,100.0,433.0,460.6666666666667,0.9557399723374828,66.4564315352697,65.90262793914246,0.0048212251224336,0.003213534032280267,4096.0,0.984015984015984,112.46744791666667,976.6666666666666,0.5571110248565674,0.763,0.4585900902036861,0.05035372451102783,0.24552642530170618,0.1951727007906783
abl1,boba_ucb,0.8227348608375862,100.0,170.33333333333334,172.66666666666666,0.9487179487179486,60.06593406593407,59.88224619417281,0.007231283777463334,0.0043111014645647,3072.0,0.964873765093304,56.20659722222223,899.0,0.6154470046361288,0.5509999999999999,0.17200177024103155,0.05667276051188297,0.2595978062157221,0.2029250457038391
abl1,greedy_surrogate,0.8500565789296507,100.0,176.66666666666666,176.66666666666666,0.9706959706959707,60.06593406593407,59.69855832241154,0.007976142865507633,0.0043326620418479,87456.0,0.0,2.020063422368582,921.6666666666666,0.6157405575116476,0.5619999999999999,0.17490094435161274,0.07373552711761117,0.24923826934795854,0.17550274223034734
abl1,rabvs_budgeted_no_ucb,0.8429895145589978,98.0,175.66666666666666,176.66666666666666,0.9706959706959708,60.06593406593407,58.96380683536646,0.0076065757252728,0.004225307612413866,3072.0,0.964873765093304,57.50868055555555,984.3333333333334,0.6082728107770284,0.8296666666666667,0.17062871211291356,0.07251675807434486,0.24984765386959165,0.17733089579524675
abl1,rabvs_budgeted_random_parts,0.5607300138142446,95.66666666666667,169.0,170.0,0.934065934065934,60.06593406593407,57.67799173303761,0.013463424871286699,0.0075258905833601,3072.0,0.964873765093304,55.338541666666664,980.6666666666666,0.6125107010205587,0.77,0.16360316814985462,0.10847044485070073,0.2138939670932358,0.10542352224253497
abl1,rabvs_budgeted_reliable,0.8227348608375862,98.33333333333333,171.0,173.33333333333334,0.9523809523809522,60.06593406593407,59.14749470712774,0.007231283777463334,0.0043111014645647,3072.0,0.964873765093304,56.423611111111114,987.0,0.6053246259689331,0.842,0.16714398168978636,0.05667276051188297,0.2595978062157221,0.2029250457038391
ace,boba_ucb,0.8613899988899988,100.0,280.0,281.3333333333333,0.9976359338061466,60.92907801418439,60.92907801418439,0.0025169433214040668,0.0005412022939099666,3328.0,0.9757886159934815,84.53525641025642,840.3333333333334,0.5713463028271993,0.43566666666666665,0.2930556447240769,0.0162790697674418,0.31121459060923556,0.29493552084179364
ace,greedy_surrogate,0.8711447212336892,100.0,281.0,281.0,0.99645390070922,60.92907801418439,60.92907801418439,0.0013868579043438665,0.00023291519871423334,137456.0,0.0,2.044290536608078,850.6666666666666,0.5776843229929606,0.421,0.2891415012952787,0.029844961240310035,0.2972448583624369,0.2673998971221268
ace,rabvs_budgeted_no_ucb,0.8694507767646066,100.0,281.0,281.3333333333333,0.9976359338061466,60.92907801418439,60.92907801418439,0.0016053620984486667,0.00026152424218496665,3328.0,0.9757886159934815,84.53525641025642,996.6666666666666,0.574225922425588,0.7956666666666666,0.2725376812968054,0.0259483084228133,0.3017479371642784,0.27579962874146496
ace,rabvs_budgeted_random_parts,0.5110788417063682,100.0,281.0,281.3333333333333,0.9976359338061466,60.92907801418439,60.92907801418439,0.0023105114273505333,0.0005439473002608334,3328.0,0.9757886159934815,84.53525641025642,995.0,0.5767400662104288,0.7760000000000001,0.2727267758965558,0.06666666666666664,0.26104448114356876,0.19437781447690208
ace,rabvs_budgeted_reliable,0.8613899988899988,100.0,279.3333333333333,279.6666666666667,0.9917257683215129,60.92907801418439,60.92907801418439,0.0025169433214040668,0.0005412022939099666,3328.0,0.9757886159934815,84.03445512820512,993.6666666666666,0.5736240744590759,0.7763333333333334,0.2729216254782824,0.0162790697674418,0.31121459060923556,0.29493552084179364
aces,boba_ucb,0.7590891221319934,100.0,376.3333333333333,405.6666666666667,0.8955114054451804,58.94701986754967,58.873428082446615,0.006043688290509033,0.004991120941516634,3840.0,0.982024491630154,105.64236111111113,932.6666666666666,0.6012609998385111,0.37033333333333335,0.4102408864321767,0.06911177644710577,0.2519350811485643,0.18282330470145847
aces,greedy_surrogate,0.7846736596736598,100.0,397.3333333333333,423.3333333333333,0.9345106696100075,58.94701986754967,58.873428082446615,0.005406912008773267,0.004155484596068866,213624.0,0.0,1.9816749678562964,924.6666666666666,0.5986510713895162,0.3229999999999999,0.42887551121813244,0.06387225548902194,0.2616729088639201,0.19780065337489808
aces,rabvs_budgeted_no_ucb,0.7916857877902933,98.0,399.3333333333333,422.0,0.9315673289183222,58.94701986754967,58.505469156931326,0.0055671695807232675,0.0041801673744653,3840.0,0.982024491630154,109.89583333333333,965.6666666666666,0.5972880721092224,0.478,0.42160308334583313,0.062125748502993995,0.26160637526445235,0.1994806267614583
aces,rabvs_budgeted_random_parts,0.6309969608680653,99.33333333333333,375.6666666666667,404.6666666666667,0.8933038999264165,58.94701986754967,58.57906094203438,0.007917648755409634,0.0059252616488456,3840.0,0.982024491630154,105.38194444444444,944.6666666666666,0.6048380732536316,0.4506666666666666,0.4071317950806174,0.0985221031385247,0.22127250981250937,0.12275040667398467
aces,rabvs_budgeted_reliable,0.7590891221319934,99.33333333333333,377.0,405.0,0.8940397350993378,58.94701986754967,58.7262445122405,0.006043688290509033,0.004991120941516634,3840.0,0.982024491630154,105.46875,968.6666666666666,0.5992920994758606,0.5126666666666667,0.40318348248020025,0.06911177644710577,0.2519350811485643,0.18282330470145847
ada,boba_ucb,0.8738799283154122,92.33333333333333,92.33333333333333,92.33333333333333,0.992831541218638,59.6021505376344,59.6021505376344,0.0020250754772785664,0.00024058013748033333,2781.0,0.9372857658307776,33.20148627591993,723.6666666666666,0.6554133494695028,0.5073333333333333,0.06492192825102364,0.004796163069544334,0.3285198555956679,0.3237236925261235
ada,greedy_surrogate,0.8676075268817204,93.0,93.0,93.0,1.0,59.6021505376344,59.6021505376344,0.0021333048395075,0.00015698568874686667,44344.0,0.0,2.097239761861808,738.3333333333334,0.6564006805419922,0.49033333333333334,0.06489887554583773,0.0107913669064748,0.3249097472924188,0.314118380385944
ada,rabvs_budgeted_no_ucb,0.8720878136200717,93.0,93.0,93.0,1.0,59.6021505376344,59.6021505376344,0.0023695789120036664,0.00017095258471660002,2781.0,0.9372857658307776,33.441208198489754,949.3333333333334,0.6596853733062744,0.941,0.05530663562670734,0.009592326139088699,0.32611311672683513,0.31652079058774646
ada,rabvs_budgeted_random_parts,0.5901862851385329,84.0,84.0,84.0,0.903225806451613,59.6021505376344,59.6021505376344,0.0028286462439827665,0.00041005495360003333,2781.0,0.9372857658307776,30.204962243797194,955.0,0.6620633403460184,0.9446666666666665,0.048466035706486804,0.11031175059952036,0.22503008423586038,0.11471833363634003
ada,rabvs_budgeted_reliable,0.8738799283154122,92.33333333333333,92.33333333333333,92.33333333333333,0.992831541218638,59.6021505376344,59.6021505376344,0.0020250754772785664,0.00024058013748033333,2781.0,0.9372857658307776,33.20148627591993,949.6666666666666,0.6621558467547098,0.9436666666666667,0.05523809950607706,0.004796163069544334,0.3285198555956679,0.3237236925261235
ada17,boba_ucb,0.7673969709559988,100.0,482.0,517.6666666666666,0.9730576441102756,68.4812030075188,68.35577955878709,0.0033414950034246667,0.0018311318776197,4352.0,0.9850680720245938,118.94914215686276,921.3333333333334,0.5137646198272705,0.22933333333333325,0.5227401763972407,0.038411893079022964,0.2512346806467538,0.21282278756773085
ada17,greedy_surrogate,0.8046786652099746,100.0,488.0,527.0,0.9906015037593985,68.4812030075188,68.4812030075188,0.0028213313482388334,0.0013534066486073002,291456.0,0.0,1.808163153271849,926.6666666666666,0.5176668167114258,0.2356666666666666,0.5268266827793734,0.03622392974753013,0.25411635565312846,0.21789242590559824
ada17,rabvs_budgeted_no_ucb,0.8021570064976137,99.66666666666667,487.0,525.3333333333334,0.9874686716791979,67.84711779448622,68.41849128315295,0.0030444359023554996,0.0013635141089436333,4352.0,0.9850680720245938,120.71078431372548,972.0,0.5166266361872355,0.37799999999999995,0.5211087318938376,0.0343944383461397,0.2557628979143798,0.22136845956824
ada17,rabvs_budgeted_random_parts,0.4724432867817387,94.66666666666667,467.6666666666667,515.3333333333334,0.9686716791979949,58.335839598997495,67.35239196893333,0.005472613870048367,0.0032075927445622,4352.0,0.9850680720245938,118.41299019607841,944.3333333333334,0.511874238650004,0.3753333333333333,0.5131070736114417,0.059641419685327435,0.22960117087449686,0.16995975118916937
ada17,rabvs_budgeted_reliable,0.7673969709559988,99.33333333333333,482.0,515.6666666666666,0.9692982456140351,67.21303258145365,68.35577955878709,0.0033414950034246667,0.0018311318776197,4352.0,0.9850680720245938,118.48958333333333,970.6666666666666,0.5116829673449198,0.37766666666666665,0.5122272440415617,0.038411893079022964,0.2512346806467538,0.21282278756773085
adrb1,boba_ucb,0.8605725132490827,100.0,234.66666666666666,238.0,0.9635627530364372,65.17004048582996,65.17004048582996,0.0028069489830415337,0.0015861962134895667,3328.0,0.9741566751568614,71.51442307692308,828.0,0.602036694685618,0.38466666666666666,0.2543527953263524,0.03478260869565213,0.2645962732919254,0.22981366459627325
adrb1,greedy_surrogate,0.8385192178132805,100.0,242.33333333333334,243.33333333333334,0.9851551956815116,65.17004048582996,65.17004048582996,0.003833576687655233,0.0014458522986332335,128776.0,0.0,1.8895860512310783,828.6666666666666,0.6050017476081848,0.383,0.2609727672222994,0.04761904761904757,0.2559006211180124,0.20828157349896473
adrb1,rabvs_budgeted_no_ucb,0.8420360563304522,100.0,242.0,243.66666666666666,0.9865047233468286,65.17004048582996,65.17004048582996,0.003953566137049734,0.0014189281177782668,3328.0,0.9741566751568614,73.21714743589745,989.6666666666666,0.6064085364341736,0.7456666666666667,0.23849811323239334,0.04761904761904756,0.25424430641821943,0.2066252587991718
adrb1,rabvs_budgeted_random_parts,0.7030211321719246,100.0,236.66666666666666,240.33333333333334,0.9730094466936573,65.17004048582996,65.17004048582996,0.0045107821277403,0.0017304661246435333,3328.0,0.9741566751568614,72.21554487179488,989.6666666666666,0.5976626475652059,0.7383333333333333,0.23375154311961133,0.06414828743019484,0.2368530020703933,0.17270471464019846
adrb1,rabvs_budgeted_reliable,0.8605725132490827,100.0,234.0,237.33333333333334,0.9608636977058028,65.17004048582996,65.17004048582996,0.0028069489830415337,0.0015861962134895667,3328.0,0.9741566751568614,71.31410256410255,994.3333333333334,0.6008274555206299,0.7793333333333333,0.2301529238950253,0.03478260869565213,0.2645962732919254,0.22981366459627325
adrb2,boba_ucb,0.8511591737564497,100.0,221.33333333333334,222.66666666666666,0.9639249639249639,65.93506493506494,65.93506493506494,0.003996759307381599,0.0018826326208085335,3328.0,0.9726872825159217,66.90705128205128,804.6666666666666,0.611066460609436,0.399,0.2418610571174701,0.037620297462817066,0.25809273840769903,0.22047244094488186
adrb2,greedy_surrogate,0.8489659813999021,100.0,226.66666666666666,226.66666666666666,0.9812409812409814,65.93506493506494,65.93506493506494,0.004778216136598933,0.0017936712019163,121848.0,0.0,1.8602411747970145,825.0,0.6153238415718079,0.39566666666666667,0.24065097678351208,0.0559930008748906,0.24146981627296582,0.18547681539807517
adrb2,rabvs_budgeted_no_ucb,0.8477979609791441,100.0,227.0,227.66666666666666,0.9855699855699855,65.93506493506494,65.93506493506494,0.005283059683601433,0.0018358299619223334,3328.0,0.9726872825159217,68.40945512820512,980.6666666666666,0.6117585897445679,0.7333333333333334,0.2212532178101512,0.0524934383202099,0.24584426946631666,0.1933508311461067
adrb2,rabvs_budgeted_random_parts,0.5682379529834427,100.0,214.33333333333334,215.33333333333334,0.9321789321789321,65.93506493506494,65.50128161312372,0.006625997854549033,0.0034481871799363333,3328.0,0.9726872825159217,64.70352564102564,955.6666666666666,0.6245114405949911,0.738,0.21239067406885823,0.1211327941805439,0.17497812773403323,0.053845333553489305
adrb2,rabvs_budgeted_reliable,0.8511591737564497,100.0,220.33333333333334,221.66666666666666,0.9595959595959597,65.93506493506494,65.93506493506494,0.003996759307381599,0.0018826326208085335,3328.0,0.9726872825159217,66.60657051282051,981.3333333333334,0.6069815556208292,0.7743333333333333,0.21510062654215167,0.037620297462817066,0.25809273840769903,0.22047244094488186
akt1,boba_ucb,0.8135062066147675,100.0,277.0,279.3333333333333,0.9533560864618883,57.143344709897605,57.143344709897605,0.0044185405791593,0.0023845805400852333,3328.0,0.9751537956160784,83.93429487179488,881.0,0.6088755130767822,0.6456666666666666,0.28367887100361905,0.0381861575178997,0.29669454400637196,0.2585083864884722
akt1,greedy_surrogate,0.8516459074733097,100.0,280.6666666666667,280.6666666666667,0.9579067121729237,57.143344709897605,57.143344709897605,0.0026304180933195997,0.0016276306744502,133944.0,0.0,2.0954030540126216,891.3333333333334,0.6065296530723572,0.6626666666666666,0.28430251196484463,0.04335719968178197,0.291915571485464,0.2485583718036819
akt1,rabvs_budgeted_no_ucb,0.851315984578885,100.0,281.0,281.0,0.9590443686006824,57.143344709897605,57.143344709897605,0.0028899419005921335,0.0016450114007243,3328.0,0.9751537956160784,84.43509615384616,990.0,0.6040787100791931,0.9049999999999999,0.27556352291100944,0.04176610978520281,0.294305057745918,0.252538947960715
akt1,rabvs_budgeted_random_parts,0.501544283253842,100.0,265.3333333333333,267.3333333333333,0.9124004550625711,57.143344709897605,57.143344709897605,0.005511003914014201,0.0031651817729049666,3328.0,0.9751537956160784,80.32852564102564,983.6666666666666,0.6105729540189108,0.8546666666666667,0.2631966350634578,0.08910103420843274,0.24482681927442876,0.15572578506599596
akt1,rabvs_budgeted_reliable,0.8135062066147675,100.0,277.6666666666667,277.6666666666667,0.9476678043230944,57.143344709897605,57.143344709897605,0.0044185405791593,0.0023845805400852333,3328.0,0.9751537956160784,83.43349358974359,986.6666666666666,0.6075435678164164,0.884,0.27238331920850933,0.0381861575178997,0.29669454400637196,0.2585083864884722
akt2,boba_ucb,0.8507261994002998,100.0,116.33333333333333,116.33333333333333,0.9943019943019943,59.97435897435898,59.97435897435898,0.005968378719915367,0.0013417089214722668,2816.0,0.9498361122987032,41.311553030303024,833.0,0.6458271344502767,0.5403333333333333,0.12155454938684117,0.03418803418803413,0.29724596391263053,0.26305792972459635
akt2,greedy_surrogate,0.8669871794871794,100.0,116.33333333333333,116.33333333333333,0.9943019943019943,59.97435897435898,59.97435897435898,0.0040601122915943,0.0009236422700821999,56136.0,0.0,2.0723481069782905,836.0,0.646065870920817,0.5376666666666666,0.12085442384326438,0.0426918760252093,0.288698955365622,0.24600707934041266
akt2,rabvs_budgeted_no_ucb,0.8692851090480401,99.66666666666667,116.66666666666667,117.0,1.0,59.97435897435898,59.97435897435898,0.004580274554579467,0.0009843034365958332,2816.0,0.9498361122987032,41.54829545454545,995.6666666666666,0.6386556625366211,0.9443333333333332,0.11107193038316472,0.04463437796771127,0.28774928774928776,0.24311490978157643
akt2,rabvs_budgeted_random_parts,0.6672595686332122,100.0,115.0,115.0,0.982905982905983,59.97435897435898,59.97435897435898,0.0086022624512389,0.0022105065593057333,2816.0,0.9498361122987032,40.83806818181818,990.0,0.6396550337473551,0.914,0.10958712694774037,0.07692307692307687,0.25641025641025633,0.1794871794871795
akt2,rabvs_budgeted_reliable,0.8507261994002998,99.66666666666667,116.33333333333333,117.0,1.0,59.97435897435898,59.97435897435898,0.005968378719915367,0.0013417089214722668,2816.0,0.9498361122987032,41.54829545454545,992.3333333333334,0.6427671909332275,0.9380000000000001,0.11206104744591057,0.03418803418803413,0.29724596391263053,0.26305792972459635
aldr,boba_ucb,0.8324346168693303,100.0,159.0,159.0,1.0,57.60377358490566,57.60377358490566,0.0095071116325953,0.0032460908182820668,3072.0,0.9580740255486407,51.7578125,843.6666666666666,0.6436121662457784,0.44599999999999995,0.16975867280418377,0.0538573508005822,0.2933042212518195,0.23944687045123722
aldr,greedy_surrogate,0.8630765199161425,100.0,159.0,159.0,1.0,57.60377358490566,57.60377358490566,0.0075254881099902,0.0026205778313211337,73272.0,0.0,2.169996724533246,840.3333333333334,0.6421443025271097,0.4489999999999999,0.16972392331879202,0.07350800582241628,0.27365356622998543,0.20014556040756915
aldr,rabvs_budgeted_no_ucb,0.8618972746331237,98.66666666666667,159.0,159.0,1.0,57.60377358490566,56.7689362865737,0.007661365008802201,0.0026738482540200666,3072.0,0.9580740255486407,51.7578125,987.3333333333334,0.6380055546760559,0.8176666666666667,0.1535143519626405,0.06986899563318773,0.27729257641921395,0.20742358078602618
aldr,rabvs_budgeted_random_parts,0.6258963806029196,98.33333333333333,155.66666666666666,155.66666666666666,0.9790356394129979,57.60377358490566,56.56022696199071,0.007917336514041333,0.0034794371587688,3072.0,0.9580740255486407,50.67274305555555,989.6666666666666,0.6353191335995992,0.8296666666666667,0.15087778076450595,0.10917030567685583,0.2379912663755458,0.1288209606986899
aldr,rabvs_budgeted_reliable,0.8324346168693303,98.66666666666667,158.0,158.0,0.9937106918238993,57.60377358490566,56.7689362865737,0.0095071116325953,0.0032460908182820668,3072.0,0.9580740255486407,51.432291666666664,984.0,0.6419894099235535,0.8126666666666665,0.15376555180476745,0.0538573508005822,0.2933042212518195,0.23944687045123722
ampc,boba_ucb,0.8441890648506339,46.0,46.666666666666664,47.0,0.9791666666666666,60.37499999999999,60.37499999999999,0.0230157593758549,0.008032202729123432,2675.0,0.8846187025534852,17.570093457943923,666.3333333333334,0.6593776941299438,0.5436666666666666,0.022556058025422803,0.0758620689655172,0.24597701149425286,0.1701149425287356
ampc,greedy_surrogate,0.8498263888888888,47.333333333333336,47.666666666666664,47.666666666666664,0.9930555555555555,60.37499999999999,60.37499999999999,0.025140941312710066,0.008589527111988134,23184.0,0.0,2.0560156429721648,668.6666666666666,0.6558185815811157,0.54,0.022763257385833766,0.09655172413793096,0.232183908045977,0.1356321839080459
ampc,rabvs_budgeted_no_ucb,0.84765625,46.666666666666664,48.0,48.0,1.0,60.37499999999999,60.37499999999999,0.024962003674043998,0.008156813543222634,2675.0,0.8846187025534852,17.94392523364486,865.6666666666666,0.6561776399612427,0.8383333333333333,0.0185038527746173,0.10089749645725081,0.2303959131545338,0.129498416697283
ampc,rabvs_budgeted_random_parts,0.6720696376613929,44.0,45.666666666666664,45.666666666666664,0.9513888888888888,60.37499999999999,59.68103448275861,0.0266007372032744,0.009291871932378933,2675.0,0.8846187025534852,17.07165109034268,842.6666666666666,0.6570285558700562,0.8316666666666667,0.017593786737655534,0.10574712643678157,0.2229885057471264,0.1172413793103448
ampc,rabvs_budgeted_reliable,0.8441890648506339,45.333333333333336,46.333333333333336,46.333333333333336,0.9652777777777777,60.37499999999999,60.37499999999999,0.0230157593758549,0.008032202729123432,2675.0,0.8846187025534852,17.3208722741433,822.6666666666666,0.6576522390047709,0.8173333333333334,0.017489894523133567,0.0758620689655172,0.24597701149425286,0.1701149425287356
andr,boba_ucb,0.7453600093487895,100.0,246.66666666666666,255.66666666666666,0.9504337050805454,54.34572490706321,53.72533991953964,0.0113192953369229,0.006586053123422334,3328.0,0.9715438812504275,76.82291666666667,888.6666666666666,0.6386801997820536,0.4536666666666666,0.2633299137693071,0.07250341997264016,0.28180574555403554,0.20930232558139536
andr,greedy_surrogate,0.8183967233113719,100.0,254.33333333333334,256.6666666666667,0.9541511771995044,54.34572490706321,53.35310892702552,0.0104076577409271,0.006085235312711534,116952.0,0.0,2.1946325558063706,872.0,0.6385205388069153,0.4596666666666666,0.26862945618635886,0.0765693874449004,0.27633378932968533,0.19976440188478492
andr,rabvs_budgeted_no_ucb,0.8073071518840002,98.0,253.0,257.0,0.9553903345724907,54.34572490706321,53.477185924530225,0.011963868324143567,0.006374312782298233,3328.0,0.9715438812504275,77.2235576923077,947.6666666666666,0.6341288089752197,0.6603333333333333,0.2555449989635696,0.07250341997264016,0.28180574555403554,0.2093023255813953
andr,rabvs_budgeted_random_parts,0.5187899723176784,96.66666666666667,245.66666666666666,250.66666666666666,0.9318463444857498,54.34572490706321,52.484569944492556,0.014413161242841567,0.0081339682897755,3328.0,0.9715438812504275,75.32051282051282,930.6666666666666,0.6298134922981262,0.6583333333333333,0.25160178817531226,0.11627906976744184,0.2352941176470588,0.11901504787961692
andr,rabvs_budgeted_reliable,0.7453600093487895,99.33333333333333,248.0,254.33333333333334,0.9454770755885997,54.34572490706321,53.60126292203493,0.0113192953369229,0.006586053123422334,3328.0,0.9715438812504275,76.42227564102565,952.0,0.6333275636037191,0.6789999999999999,0.25260927217051277,0.07250341997264016,0.28180574555403554,0.20930232558139536
aofb,boba_ucb,0.7473498887119171,75.66666666666667,114.66666666666667,117.0,0.9590163934426229,57.55737704918033,48.78672911787666,0.026878826392087937,0.014491248418607569,2816.0,0.9498718313870692,41.548295454545446,875.6666666666666,0.6607339183489481,0.507,0.11605197066558533,0.07954545454545449,0.2497625830959164,0.17021712855046187
aofb,greedy_surrogate,0.8039533521036107,71.66666666666667,119.0,120.0,0.983606557377049,57.55737704918033,46.045901639344265,0.02941810488492037,0.015319448953704934,56176.0,0.0,2.1361435488464826,880.0,0.6598962346712748,0.496,0.11968829212543967,0.08901515151515148,0.2526115859449192,0.1635964344297677
aofb,rabvs_budgeted_no_ucb,0.7934415174471993,72.0,118.33333333333333,119.66666666666667,0.9808743169398907,52.07572209211554,45.22365339578456,0.030825578367201466,0.015748718967504367,2816.0,0.9498718313870692,42.49526515151515,953.6666666666666,0.659465491771698,0.6896666666666667,0.11285024340440504,0.084280303030303,0.25830959164292494,0.1740292886126219
aofb,rabvs_budgeted_random_parts,0.5779024314119545,70.33333333333333,104.66666666666667,107.33333333333333,0.8797814207650273,57.55737704918033,44.12732240437159,0.0283506825741154,0.0162251376101625,2816.0,0.9498718313870692,38.115530303030305,956.3333333333334,0.6711568832397461,0.7356666666666666,0.10104700526195076,0.10890151515151514,0.2146248812915479,0.10572336614003276
aofb,rabvs_budgeted_reliable,0.7473498887119171,73.66666666666667,113.66666666666667,115.66666666666667,0.9480874316939891,57.55737704918033,47.14223263075723,0.026878826392087937,0.014491248418607569,2816.0,0.9498718313870692,41.0748106060606,961.3333333333334,0.6628461082776388,0.7146666666666667,0.10867915291016723,0.07954545454545449,0.2497625830959164,0.17021712855046187
bace1,boba_ucb,0.7733815812908739,100.0,272.6666666666667,275.3333333333333,0.972909305064782,64.95759717314488,64.95759717314488,0.008257079754843901,0.0032727236854492338,3584.0,0.9756296578360443,76.82291666666667,842.3333333333334,0.6006487409273783,0.5636666666666666,0.28326875644364286,0.03949275362318833,0.2626042800145085,0.22311152639132012
bace1,greedy_surrogate,0.8408473640118334,100.0,277.0,278.0,0.9823321554770317,64.95759717314488,64.95759717314488,0.0049454559082414,0.0021547731233844,147064.0,0.0,1.8903334602621984,844.6666666666666,0.5936480164527893,0.6156666666666667,0.2818720841336939,0.05144927536231877,0.25136017410228506,0.19991089873996618
bace1,rabvs_budgeted_no_ucb,0.8416418650793651,100.0,276.0,277.6666666666667,0.9811542991755006,64.95759717314488,64.95759717314488,0.004960347813738167,0.002140545055220533,3584.0,0.9756296578360443,77.47395833333333,967.3333333333334,0.592706302801768,0.84,0.2708684741613836,0.05036231884057967,0.2520856002901704,0.2017232814495907
bace1,rabvs_budgeted_random_parts,0.5457555203194738,100.0,269.3333333333333,271.3333333333333,0.9587750294464076,64.95759717314488,64.01618272136017,0.009696974563720567,0.004571837687170367,3584.0,0.9756296578360443,75.70684523809524,925.0,0.5938648184140524,0.793,0.2703867934296884,0.08188405797101446,0.21964446231726353,0.13776040434624903
bace1,rabvs_budgeted_reliable,0.7733815812908739,100.0,273.0,276.6666666666667,0.9776207302709069,64.95759717314488,64.72224356019869,0.008257079754843901,0.0032727236854492338,3584.0,0.9756296578360443,77.19494047619048,949.0,0.5956741174062093,0.7853333333333333,0.27436705160546476,0.03949275362318833,0.2626042800145085,0.22311152639132012
braf,boba_ucb,0.8632278756251358,100.0,149.66666666666666,149.66666666666666,0.9846491228070176,66.46052631578948,66.46052631578948,0.0031651179865224,0.0009239803128786667,3072.0,0.96198772520293,48.71961805555555,923.6666666666666,0.6164551575978597,0.6076666666666667,0.14619643668391044,0.022397891963109335,0.27392739273927386,0.2515295007761646
braf,greedy_surrogate,0.8729175000370386,100.0,149.66666666666666,149.66666666666666,0.9846491228070176,66.46052631578948,66.46052631578948,0.0020987117585554668,0.0005740519696289,80816.0,0.0,1.8519435095360652,914.0,0.6158312956492106,0.5730000000000001,0.145876589313191,0.028326745718050033,0.26798679867986797,0.2396600529618179
braf,rabvs_budgeted_no_ucb,0.868756438557763,100.0,150.0,150.0,0.986842105263158,66.46052631578948,66.46052631578948,0.0025854988720502,0.0006094038533382,3072.0,0.96198772520293,48.828125,1000.0,0.6096065441767374,0.9363333333333334,0.14219933547484434,0.0223978919631093,0.27524752475247527,0.2528496327893659
braf,rabvs_budgeted_random_parts,0.6535481653443923,100.0,145.66666666666666,145.66666666666666,0.9583333333333334,66.46052631578948,66.46052631578948,0.003162584620266034,0.0011027527820451333,3072.0,0.96198772520293,47.41753472222223,998.6666666666666,0.6102931499481201,0.9313333333333333,0.13788394426692294,0.1218708827404479,0.17425742574257422,0.05238654300212627
braf,rabvs_budgeted_reliable,0.8632278756251358,100.0,148.66666666666666,148.66666666666666,0.9780701754385964,66.46052631578948,66.46052631578948,0.0031651179865224,0.0009239803128786667,3072.0,0.96198772520293,48.39409722222223,998.6666666666666,0.6088396310806274,0.9289999999999999,0.1416844635036704,0.022397891963109335,0.27392739273927386,0.2515295007761646
cah2,boba_ucb,0.8299104656513712,100.0,478.6666666666667,488.0,0.991869918699187,64.35772357723577,64.35772357723577,0.0023895072797007998,0.0009215669068140999,4096.0,0.9838302172814553,119.140625,858.0,0.5418289105097452,0.38466666666666666,0.512675630589413,0.05176767676767673,0.25752790061065484,0.205760223842978
cah2,greedy_surrogate,0.8378755234200019,100.0,486.0,488.3333333333333,0.9925474254742547,64.35772357723577,64.35772357723577,0.0014181444519225,0.0005050921858633,253312.0,0.0,1.927793919487957,842.6666666666666,0.5394876400629679,0.38000000000000006,0.5185682728019585,0.030934343434343366,0.27858496525584336,0.24765062182149986
cah2,rabvs_budgeted_no_ucb,0.837465375201004,100.0,486.6666666666667,488.6666666666667,0.9932249322493224,64.35772357723577,64.35772357723577,0.0017235672468956,0.00054268872494,4096.0,0.9838302172814553,119.30338541666667,985.0,0.5654764771461487,0.6653333333333333,0.48593272575870056,0.027356902356902302,0.28216466624552533,0.25480776388862303
cah2,rabvs_budgeted_random_parts,0.6299861216161956,100.0,482.6666666666667,488.0,0.991869918699187,64.35772357723577,64.35772357723577,0.0021949317366759665,0.0009365875950423001,4096.0,0.9838302172814553,119.140625,971.0,0.5533002217610677,0.636,0.4869610063021763,0.0713383838383838,0.23815540113708145,0.16681701729869766
cah2,rabvs_budgeted_reliable,0.8299104656513712,100.0,479.3333333333333,486.0,0.9878048780487805,64.35772357723577,64.35772357723577,0.0023895072797007998,0.0009215669068140999,4096.0,0.9838302172814553,118.65234375,977.3333333333334,0.5616176327069601,0.6396666666666667,0.48365007075409894,0.05176767676767673,0.25752790061065484,0.205760223842978
casp3,boba_ucb,0.8335089963173455,100.0,195.33333333333334,195.66666666666666,0.9832495812395309,54.768844221105525,54.768844221105525,0.0051377400964158,0.0017322605470643665,3072.0,0.9647674098541149,63.69357638888889,910.3333333333334,0.6140281955401102,0.5219999999999999,0.19820510522245102,0.04464831804281343,0.31498470948012236,0.27033639143730887
casp3,greedy_surrogate,0.8617808798646361,100.0,197.0,197.0,0.9899497487437184,54.768844221105525,54.768844221105525,0.0043103005064626665,0.0012370590619109,87192.0,0.0,2.2593815946417104,909.0,0.6197212139765421,0.5296666666666666,0.20006751691276306,0.0495412844036697,0.3119266055045871,0.2623853211009174
casp3,rabvs_budgeted_no_ucb,0.8548254741722078,100.0,197.66666666666666,197.66666666666666,0.9932998324958122,54.768844221105525,54.768844221105525,0.0050346314646307995,0.0013570055931775666,3072.0,0.9647674098541149,64.34461805555556,995.3333333333334,0.6145469546318054,0.8556666666666667,0.19164336300609572,0.0458715596330275,0.31681957186544346,0.2709480122324159
casp3,rabvs_budgeted_random_parts,0.6646235767315529,100.0,178.0,178.66666666666666,0.8978224455611391,54.768844221105525,54.768844221105525,0.0057293027633200004,0.002248727887947367,3072.0,0.9647674098541149,58.15972222222222,994.3333333333334,0.6060052911440531,0.8526666666666666,0.17262790029954775,0.15705100200513045,0.19946820471307788,0.042417202707947466
casp3,rabvs_budgeted_reliable,0.8335089963173455,100.0,194.0,194.66666666666666,0.9782244556113904,54.768844221105525,54.768844221105525,0.0051377400964158,0.0017322605470643665,3072.0,0.9647674098541149,63.36805555555555,994.3333333333334,0.607025663057963,0.8636666666666667,0.18926516542733027,0.04464831804281343,0.31498470948012236,0.27033639143730887
cdk2,boba_ucb,0.6730142102662052,96.33333333333333,331.3333333333333,374.3333333333333,0.789732770745429,58.3325296363271,53.983857901825424,0.009314044872811499,0.0091206243331099,4096.0,0.9819234571388223,91.38997395833333,947.0,0.5776983698209127,0.581,0.3766099214923471,0.07362973418019286,0.2156308851224105,0.14200115094221763
cdk2,greedy_surrogate,0.7219930568033318,96.33333333333333,336.3333333333333,387.6666666666667,0.8178621659634318,58.3325296363271,53.068877259421605,0.0102378591179989,0.0088975439142259,226592.0,0.0,1.7108576942992986,938.0,0.5789202849070231,0.57,0.38955167601114965,0.0693954363679134,0.2274011299435028,0.15800569357558936
cdk2,rabvs_budgeted_no_ucb,0.7193355692452611,96.66666666666667,344.6666666666667,393.0,0.8291139240506329,59.04390194896524,53.843091649147915,0.0111183920000901,0.009111197315726067,4096.0,0.9819234571388223,95.947265625,961.6666666666666,0.5780516465504965,0.6453333333333333,0.39245459848073366,0.07104210773935539,0.2264595103578154,0.15541740261845993
cdk2,rabvs_budgeted_random_parts,0.5746220238095238,94.33333333333333,311.0,363.6666666666667,0.7672292545710268,58.3325296363271,50.253552205871394,0.0172152345141884,0.013301996660046334,4096.0,0.9819234571388223,88.78580729166667,943.6666666666666,0.5815580089886984,0.6463333333333333,0.3641282268303005,0.09268407433545044,0.198210922787194,0.10552684845174343
cdk2,rabvs_budgeted_reliable,0.6730142102662052,97.0,333.6666666666667,378.6666666666667,0.7988748241912799,59.04390194896524,54.47653978619672,0.009314044872811499,0.0091206243331099,4096.0,0.9819234571388223,92.44791666666667,968.3333333333334,0.5755766828854879,0.6699999999999999,0.37676512004381085,0.07362973418019286,0.2156308851224105,0.14200115094221763
comt,boba_ucb,0.8729674796747968,41.0,41.0,41.0,1.0,94.90243902439023,94.90243902439023,0.0021504544001093332,0.00015231866878383333,2715.0,0.9127794911333847,15.101289134438309,708.3333333333334,0.6907506187756857,0.4023333333333334,0.012211218469035065,0.008547008547008501,0.20170940170940166,0.19316239316239311
comt,greedy_surrogate,0.875,41.0,41.0,41.0,1.0,94.90243902439023,94.90243902439023,0.001809547478286,0.00013038588668676666,31128.0,0.0,1.317142122847597,714.3333333333334,0.6860872904459635,0.39233333333333337,0.0120566381411577,0.008547008547008501,0.20170940170940166,0.19316239316239311
comt,rabvs_budgeted_no_ucb,0.875,41.0,41.0,41.0,1.0,94.90243902439023,94.90243902439023,0.0020713361463578998,0.00011539317182714863,2715.0,0.9127794911333847,15.101289134438309,971.0,0.6742368936538696,0.9543333333333334,0.009830989341021668,0.008547008547008501,0.20170940170940166,0.19316239316239311
comt,rabvs_budgeted_random_parts,0.7238313008130081,41.0,41.0,41.0,1.0,94.90243902439023,94.90243902439023,0.0022086605431256333,0.00016153674742050002,2715.0,0.9127794911333847,15.101289134438309,959.6666666666666,0.6789780855178833,0.948,0.0101654336904132,0.010238967381824468,0.2003436426116838,0.19010467522985927
comt,rabvs_budgeted_reliable,0.8729674796747968,41.0,41.0,41.0,1.0,94.90243902439023,94.90243902439023,0.0021504544001093332,0.00015231866878383333,2715.0,0.9127794911333847,15.101289134438309,946.6666666666666,0.6801960269610087,0.9493333333333333,0.010182654345090834,0.008547008547008501,0.20170940170940166,0.19316239316239311
cp2c9,boba_ucb,0.7654045422735117,76.0,107.66666666666667,111.33333333333333,0.9277777777777777,63.083333333333336,52.84612573099415,0.02097678111795483,0.011977371874258,2816.0,0.9535006605019816,39.53598484848485,834.3333333333334,0.6182431777318319,0.5519999999999999,0.10965016206339569,0.0958663148636763,0.1931216931216931,0.09725537825801671
cp2c9,greedy_surrogate,0.7675720633273108,77.66666666666667,114.66666666666667,114.66666666666667,0.9555555555555557,60.454861111111114,52.84612573099415,0.026788209518021466,0.0140866613977089,60560.0,0.0,1.8934390136503743,816.0,0.6176804304122925,0.5466666666666666,0.1142643348315621,0.0800351802990325,0.22310405643738973,0.14306887613835717
cp2c9,rabvs_budgeted_no_ucb,0.7706006371814094,73.66666666666667,113.66666666666667,114.66666666666667,0.9555555555555556,60.454861111111114,51.186038011695906,0.02956355760205567,0.014863222489618898,2816.0,0.9535006605019816,40.719696969696976,921.0,0.6120357910792033,0.7556666666666666,0.10636789903301437,0.07299912049252417,0.2301587301587301,0.15715960966620593
cp2c9,rabvs_budgeted_random_parts,0.6270193925263355,68.0,97.66666666666667,100.33333333333333,0.8361111111111111,63.083333333333336,49.24926900584796,0.02123730313849,0.013377271488678335,2816.0,0.9535006605019816,35.629734848484844,939.3333333333334,0.6121446887652079,0.8106666666666668,0.09081547330802726,0.10466138962181178,0.17019400352733682,0.065532613905525
cp2c9,rabvs_budgeted_reliable,0.7654045422735117,73.66666666666667,107.33333333333333,110.33333333333333,0.9194444444444444,57.82638888888889,52.29276315789474,0.02097678111795483,0.011977371874258,2816.0,0.9535006605019816,39.18087121212121,943.3333333333334,0.6151420871416727,0.8130000000000001,0.10074339554952944,0.0958663148636763,0.1931216931216931,0.09725537825801671
cp3a4,boba_ucb,0.6493838499869201,83.66666666666667,136.33333333333334,144.33333333333334,0.8490196078431372,68.45588235294117,53.786764705882355,0.0204608501213451,0.0124314254083952,3072.0,0.9679197994987468,46.983506944444436,906.3333333333334,0.6038730144500732,0.6626666666666666,0.14032733696272925,0.07401224262659983,0.16945373467112593,0.09544149204452607
cp3a4,greedy_surrogate,0.7477505133755135,79.0,148.66666666666666,151.66666666666666,0.8921568627450981,70.41176470588236,53.59117647058824,0.022093344685002334,0.0125913538660521,95760.0,0.0,1.5838206627680311,896.0,0.6109911600748698,0.6436666666666667,0.15034550161341775,0.08069003895381187,0.17335562987736897,0.09266559092355707
cp3a4,rabvs_budgeted_no_ucb,0.7463103624966682,83.33333333333333,146.0,151.33333333333334,0.8901960784313725,68.45588235294117,55.54705882352942,0.021627333914326963,0.012336361850592933,3072.0,0.9679197994987468,49.26215277777778,961.3333333333334,0.6031326651573181,0.7813333333333333,0.14439861163945883,0.07401224262659988,0.17948717948717943,0.10547493686057953
cp3a4,rabvs_budgeted_random_parts,0.6290603667392883,77.66666666666667,140.66666666666666,151.0,0.888235294117647,64.54411764705883,51.24411764705883,0.035710182456474865,0.018821854111443898,3072.0,0.9679197994987468,49.153645833333336,932.0,0.6108972628911337,0.7356666666666666,0.14620689123697936,0.07067334446299384,0.18283166109253066,0.1121583166295367
cp3a4,rabvs_budgeted_reliable,0.6493838499869201,84.66666666666667,135.33333333333334,144.66666666666666,0.8509803921568627,70.41176470588236,54.76470588235295,0.0204608501213451,0.0124314254083952,3072.0,0.9679197994987468,47.09201388888889,958.6666666666666,0.5983291665712992,0.8000000000000002,0.13743033338376734,0.07401224262659983,0.16945373467112593,0.09544149204452607
csf1r,boba_ucb,0.8157111981514955,100.0,159.33333333333334,162.0,0.9759036144578314,74.1867469879518,73.58360270349691,0.0079905069786407,0.0035911026118878,3072.0,0.968818514007308,52.734375,925.0,0.6077178517977396,0.59,0.16130713867722987,0.04491341991341987,0.21861471861471857,0.17370129870129866
csf1r,greedy_surrogate,0.8568507157464212,99.66666666666667,162.66666666666666,163.0,0.9819277108433736,74.1867469879518,73.78465079831521,0.006677060692145066,0.002976553675156,98520.0,0.0,1.6544863987007714,932.3333333333334,0.6110464930534363,0.6,0.16080403831592158,0.0546536796536796,0.2099567099567099,0.15530303030303025
csf1r,rabvs_budgeted_no_ucb,0.8575855665964066,98.66666666666667,162.33333333333334,163.33333333333334,0.9839357429718877,74.1867469879518,73.38255460867862,0.006281070685041833,0.0029266045527323666,3072.0,0.968818514007308,53.16840277777777,990.0,0.6008150577545166,0.8726666666666666,0.15714434156804738,0.05516410925649167,0.2083333333333333,0.15316922407684155
csf1r,rabvs_budgeted_random_parts,0.6503368714618715,98.33333333333333,157.0,157.66666666666666,0.9497991967871485,74.1867469879518,72.57836222940541,0.0093869145374825,0.004173456065059433,3072.0,0.968818514007308,51.32378472222222,983.6666666666666,0.6026093165079752,0.8536666666666667,0.15237978557351473,0.06331168831168822,0.20075757575757572,0.1374458874458874
csf1r,rabvs_budgeted_reliable,0.8157111981514955,100.0,160.66666666666666,162.33333333333334,0.9779116465863454,74.1867469879518,73.98569889313352,0.0079905069786407,0.0035911026118878,3072.0,0.968818514007308,52.842881944444436,988.0,0.5994126995404562,0.8543333333333333,0.1575301024683907,0.04491341991341987,0.21861471861471857,0.17370129870129866
cxcr4,boba_ucb,0.8682291666666666,40.0,40.0,40.0,1.0,86.15000000000002,86.15000000000002,0.0040649708843601,0.0004932240077784334,2697.0,0.9021691816598955,14.831294030404154,772.0,0.6985875368118286,0.655,0.02053498871465737,0.017341040462427668,0.2151162790697674,0.19777523860733967
cxcr4,greedy_surrogate,0.875,40.0,40.0,40.0,1.0,86.15000000000002,86.15000000000002,0.004013071871474166,0.0004841343208192667,27568.0,0.0,1.4509576320371445,771.6666666666666,0.6984091003735861,0.652,0.020442618001828866,0.02119460500963383,0.21124031007751934,0.19004570506788543
cxcr4,rabvs_budgeted_no_ucb,0.875,40.0,40.0,40.0,1.0,86.15000000000002,86.15000000000002,0.0042821865533533,0.0004995654912500667,2697.0,0.9021691816598955,14.831294030404154,982.3333333333334,0.6665489474932352,0.9613333333333333,0.0172102915099598,0.02119460500963383,0.21124031007751934,0.19004570506788543
cxcr4,rabvs_budgeted_random_parts,0.7302083333333332,40.0,40.0,40.0,1.0,86.15000000000002,86.15000000000002,0.0047288954258261,0.0005836587385505333,2697.0,0.9021691816598955,14.831294030404154,945.6666666666666,0.6751025120417277,0.951,0.0177710755121922,0.017341040462427668,0.2151162790697674,0.19777523860733967
cxcr4,rabvs_budgeted_reliable,0.8682291666666666,40.0,40.0,40.0,1.0,86.15000000000002,86.15000000000002,0.0040649708843601,0.0004932240077784334,2697.0,0.9021691816598955,14.831294030404154,948.0,0.6775714953740438,0.9556666666666667,0.017686522299351703,0.017341040462427668,0.2151162790697674,0.19777523860733967
def,boba_ucb,0.8504785478547855,100.0,102.0,102.0,1.0,56.88235294117647,56.88235294117647,0.0038235559694625005,0.0004891230193193,2792.0,0.9398483281627024,36.53295128939829,793.3333333333334,0.6336240172386169,0.4486666666666666,0.08369088883059096,0.032073310423825836,0.3191807876130663,0.2871074771892404
def,greedy_surrogate,0.8739787581699346,100.0,102.0,102.0,1.0,56.88235294117647,56.88235294117647,0.003411082422702967,0.00029593084969853334,46416.0,0.0,2.197518097207859,780.6666666666666,0.6353032390276591,0.439,0.08457756521816855,0.034364261168384834,0.31687403720819995,0.28250977603981514
def,rabvs_budgeted_no_ucb,0.8739787581699346,100.0,102.0,102.0,1.0,56.88235294117647,56.88235294117647,0.0037228324756525665,0.00033417599466743336,2792.0,0.9398483281627024,36.53295128939829,964.3333333333334,0.6274490356445312,0.8826666666666667,0.07462082776662547,0.030927835051546334,0.32068965517241377,0.2897618201208674
def,rabvs_budgeted_random_parts,0.708574932012432,99.0,100.33333333333333,100.33333333333333,0.9836601307189543,56.88235294117647,56.88235294117647,0.0040665060121326995,0.0007284788247715668,2792.0,0.9398483281627024,35.9360076408787,965.3333333333334,0.6300342281659445,0.8833333333333333,0.07394603503118168,0.10882016036655207,0.2425287356321839,0.13370857526563176
def,rabvs_budgeted_reliable,0.8504785478547855,100.0,101.33333333333333,101.33333333333333,0.9934640522875817,56.88235294117647,56.88235294117647,0.0038235559694625005,0.0004891230193193,2792.0,0.9398483281627024,36.294173829990456,965.0,0.628018299738566,0.884,0.07484267241902777,0.032073310423825836,0.3191807876130663,0.2871074771892404
dhi1,boba_ucb,0.7249327323706845,99.0,284.3333333333333,311.0,0.9424242424242424,59.63636363636363,56.104599292416545,0.013159292985000867,0.0079060630700329,3584.0,0.9772357723577235,86.77455357142857,911.0,0.5990137060483297,0.7040000000000001,0.3208127785596288,0.0843495934959349,0.24186991869918698,0.15752032520325202
dhi1,greedy_surrogate,0.782670591119743,99.33333333333333,300.3333333333333,320.3333333333333,0.9707070707070707,59.63636363636363,56.306414397784955,0.012705913803898532,0.006891982693056233,157440.0,0.0,2.034637533875339,917.0,0.5972461501757304,0.7136666666666667,0.32575532738479046,0.08096205962059616,0.24762872628726287,0.16666666666666666
dhi1,rabvs_budgeted_no_ucb,0.782154754995663,99.66666666666667,301.6666666666667,322.0,0.9757575757575757,59.63636363636363,56.91185971389016,0.013823672892030235,0.007169916150356534,3584.0,0.9772357723577235,89.84375,955.0,0.5894088745117188,0.8183333333333334,0.3221353056002458,0.0752032520325203,0.2533875338753387,0.1781842818428184
dhi1,rabvs_budgeted_random_parts,0.6262073017129461,96.66666666666667,287.6666666666667,315.3333333333333,0.9555555555555556,58.642424242424234,56.50822950315336,0.017143186972048502,0.010159328831641633,3584.0,0.9772357723577235,87.98363095238095,937.3333333333334,0.5881490508715311,0.7996666666666666,0.3173693184179592,0.0897696476964769,0.23644986449864494,0.14668021680216795
dhi1,rabvs_budgeted_reliable,0.7249327323706845,99.66666666666667,287.6666666666667,313.3333333333333,0.9494949494949495,59.63636363636363,56.60913705583757,0.013159292985000867,0.0079060630700329,3584.0,0.9772357723577235,87.42559523809524,949.0,0.5935217539469401,0.8033333333333333,0.31512081966483274,0.0843495934959349,0.24186991869918698,0.15752032520325202
dpp4,boba_ucb,0.7592574678374051,100.0,464.6666666666667,505.6666666666667,0.9487179487179488,77.82739212007505,76.38961700460378,0.0027563939476288337,0.0022909051250914,4608.0,0.9861144592835448,109.73668981481482,928.3333333333334,0.5481014649073283,0.636,0.5170057656003034,0.0613654618473895,0.19109611057537768,0.12973064872798806
dpp4,greedy_surrogate,0.8111391195150164,100.0,475.0,519.0,0.9737335834896811,77.82739212007505,76.88971269694161,0.0028135664362352666,0.0018433350397558668,331856.0,0.0,1.5639313437153464,934.0,0.546562910079956,0.6376666666666667,0.5287187176099869,0.03999999999999993,0.2132754741240758,0.17327547412407582
dpp4,rabvs_budgeted_no_ucb,0.8030564834637531,100.0,476.6666666666667,517.6666666666666,0.9712320200125079,77.82739212007505,77.0772485815683,0.0027004843687410004,0.0018172795980353667,4608.0,0.9861144592835448,112.34085648148148,973.3333333333334,0.5397582252820333,0.7333333333333334,0.517513752775303,0.03887550200803206,0.21436666627938947,0.17549116427135733
dpp4,rabvs_budgeted_random_parts,0.4977393358378161,100.0,463.3333333333333,508.0,0.953095684803002,77.82739212007505,76.13956915843487,0.004190234896508033,0.0027705064639980998,4608.0,0.9861144592835448,110.24305555555554,960.6666666666666,0.5497026046117147,0.7133333333333333,0.5130127319908342,0.08016064257028109,0.1730954676952748,0.09293482512499368
dpp4,rabvs_budgeted_reliable,0.7592574678374051,100.0,467.3333333333333,508.6666666666667,0.9543464665415885,77.82739212007505,76.452128966146,0.0027563939476288337,0.0022909051250914,4608.0,0.9861144592835448,110.38773148148148,975.6666666666666,0.5429925322532654,0.7513333333333333,0.5084329529294123,0.0613654618473895,0.19109611057537768,0.12973064872798806
drd3,boba_ucb,0.7734284775467496,100.0,413.0,452.6666666666667,0.9430555555555555,71.9375,69.92185990338164,0.005194206669361967,0.003640287366044267,4352.0,0.9842455835505358,104.01348039215686,908.6666666666666,0.5762995878855387,0.5266666666666667,0.4617113951647089,0.06253618992472489,0.20857473928157585,0.1460385493568509
drd3,greedy_surrogate,0.8012146946683586,100.0,443.3333333333333,461.3333333333333,0.9611111111111111,71.9375,70.75591787439613,0.0033256184056684,0.0023243562945159,276240.0,0.0,1.670045371174824,928.6666666666666,0.5636201699574789,0.522,0.4640485263010488,0.05056938814900593,0.22074159907300114,0.17017221092399515
drd3,rabvs_budgeted_no_ucb,0.8012075319520789,98.66666666666667,444.3333333333333,461.0,0.9604166666666667,71.9375,70.68641304347827,0.0034706662414002334,0.0023503920372167668,4352.0,0.9842455835505358,105.9283088235294,972.6666666666666,0.5560709436734518,0.6456666666666667,0.4579545476292473,0.04960432348967377,0.2211278485901892,0.17152352510051538
drd3,rabvs_budgeted_random_parts,0.5840598593354129,98.0,416.0,456.3333333333333,0.9506944444444446,71.9375,70.0608695652174,0.006864798148255867,0.004435969533844266,4352.0,0.9842455835505358,104.85600490196077,929.6666666666666,0.5611744920412699,0.5753333333333334,0.45752470860573835,0.09069519058239857,0.18073312708011688,0.0900379364977182
drd3,rabvs_budgeted_reliable,0.7734284775467496,99.0,418.0,455.0,0.9479166666666666,71.9375,70.19987922705315,0.005194206669361967,0.003640287366044267,4352.0,0.9842455835505358,104.54963235294117,949.6666666666666,0.5692893862724304,0.636,0.45726475957501017,0.06253618992472489,0.20857473928157585,0.1460385493568509
dyr,boba_ucb,0.8558152426234727,100.0,225.66666666666666,227.0,0.9826839826839828,75.45887445887446,75.45887445887446,0.0026847154300592667,0.0011074665611034333,3328.0,0.9761344730652285,68.20913461538461,771.3333333333334,0.6119428078333536,0.4493333333333333,0.24663961347076524,0.030187392064342733,0.2316513761467889,0.20146398408244615
dyr,greedy_surrogate,0.8662790329725967,100.0,229.33333333333334,229.33333333333334,0.9927849927849927,75.45887445887446,75.45887445887446,0.0029932315406337,0.0009455464364693335,139448.0,0.0,1.6445795804409766,785.0,0.608810305595398,0.47700000000000004,0.24645187556949918,0.03746177370030577,0.2255351681957186,0.1880733944954128
dyr,rabvs_budgeted_no_ucb,0.8674354276077435,100.0,228.33333333333334,228.33333333333334,0.9884559884559884,75.45887445887446,75.45887445887446,0.0026226032847225665,0.0008672739002077,3328.0,0.9761344730652285,68.60977564102565,989.6666666666666,0.6130179166793823,0.9,0.22207378649351275,0.030951918058226502,0.23194431308258978,0.2009923950243632
dyr,rabvs_budgeted_random_parts,0.6266463215347909,100.0,224.0,224.0,0.9696969696969697,75.45887445887446,75.1697599973462,0.004456718860575867,0.001792725262398,3328.0,0.9761344730652285,67.3076923076923,972.0,0.6152895092964172,0.8643333333333333,0.21947165534562504,0.0833131911822917,0.1788990825688073,0.09558589138651563
dyr,rabvs_budgeted_reliable,0.8558152426234727,100.0,226.66666666666666,227.33333333333334,0.9841269841269842,75.45887445887446,75.1697599973462,0.0026847154300592667,0.0011074665611034333,3328.0,0.9761344730652285,68.30929487179488,989.3333333333334,0.6205505927403768,0.9026666666666667,0.22132962199554873,0.030187392064342733,0.2316513761467889,0.20146398408244615
egfr,boba_ucb,0.7959422445600891,100.0,488.3333333333333,518.6666666666666,0.9569495694956949,65.6678966789668,65.6678966789668,0.0027674132920832667,0.0018090222404740335,4352.0,0.9847156664418971,119.17892156862744,945.3333333333334,0.5597671667734782,0.45433333333333326,0.5248362708837235,0.05411985018726587,0.24363295880149807,0.18951310861423218
egfr,greedy_surrogate,0.8229557865994539,100.0,493.3333333333333,523.3333333333334,0.965559655596556,65.6678966789668,65.6678966789668,0.0017431978625443666,0.0013701444041747332,284736.0,0.0,1.8379598411628082,942.6666666666666,0.5562680761019388,0.45066666666666655,0.5288145609082213,0.033895131086142304,0.2644194756554307,0.23052434456928836
egfr,rabvs_budgeted_no_ucb,0.8186813724027239,100.0,494.6666666666667,525.6666666666666,0.9698646986469864,65.6678966789668,65.6678966789668,0.002164686465334,0.0014072108193568667,4352.0,0.9847156664418971,120.7873774509804,994.0,0.5581897695859274,0.6483333333333333,0.5214023607303027,0.031460674157303296,0.2662921348314607,0.23483146067415728
egfr,rabvs_budgeted_random_parts,0.5982914971673138,100.0,485.6666666666667,516.6666666666666,0.953259532595326,65.6678966789668,65.60640988432357,0.003645387986103333,0.0019874844702400334,4352.0,0.9847156664418971,118.71936274509805,983.0,0.5574744542439779,0.6103333333333333,0.514459314611223,0.10653327781598097,0.19235672946759208,0.08582345165161111
egfr,rabvs_budgeted_reliable,0.7959422445600891,100.0,489.0,517.0,0.9538745387453874,65.6678966789668,65.6678966789668,0.0027674132920832667,0.0018090222404740335,4352.0,0.9847156664418971,118.79595588235294,990.0,0.5575260122617086,0.6453333333333333,0.5133894302342589,0.05411985018726587,0.24363295880149807,0.18951310861423218
esr1,boba_ucb,0.8121354641735077,100.0,370.6666666666667,378.0,0.9869451697127937,55.007832898172325,55.007832898172325,0.003124129557668333,0.0015470209560035668,3584.0,0.9787355230681604,105.46875,864.3333333333334,0.6171215971310934,0.513,0.3990782937880917,0.0572422517394054,0.3044300402512505,0.24718778851184497
esr1,greedy_surrogate,0.8387017722261157,100.0,381.0,381.6666666666667,0.9965187119234118,55.007832898172325,55.007832898172325,0.003035702981395,0.0009485386394332667,168544.0,0.0,2.264492753623188,858.3333333333334,0.6207166115442911,0.5343333333333334,0.40266929986107075,0.0531309297912713,0.30959164292497626,0.2564607131337049
esr1,rabvs_budgeted_no_ucb,0.8379627078166622,100.0,380.3333333333333,381.3333333333333,0.9956483899042646,55.007832898172325,55.007832898172325,0.003137292351805,0.0009605523878527334,3584.0,0.9787355230681604,106.39880952380952,985.6666666666666,0.6173867980639139,0.8193333333333332,0.3785953700618873,0.05060088551549646,0.3120228761173311,0.26142199060183463
esr1,rabvs_budgeted_random_parts,0.538326767195338,100.0,370.6666666666667,373.6666666666667,0.9756309834638817,55.007832898172325,54.9209326882226,0.0036725165319921663,0.0015293460445249332,3584.0,0.9787355230681604,104.25967261904763,979.6666666666666,0.6116409103075663,0.809,0.3725383573596171,0.10341555977229595,0.2589427033871478,0.15552714361485176
esr1,rabvs_budgeted_reliable,0.8121354641735077,100.0,372.3333333333333,374.0,0.9765013054830288,55.007832898172325,55.007832898172325,0.003124129557668333,0.0015470209560035668,3584.0,0.9787355230681604,104.35267857142857,986.0,0.6137539545694987,0.831,0.37089023419610245,0.0572422517394054,0.3044300402512505,0.24718778851184497
esr2,boba_ucb,0.8351188757659821,100.0,358.3333333333333,362.3333333333333,0.9872842870118075,56.038147138964575,56.038147138964575,0.004039352634407067,0.0014557650156662666,3584.0,0.9782164737916951,101.09747023809523,827.3333333333334,0.630969782670339,0.5003333333333333,0.3920349893314201,0.05928085519922253,0.29701686121919585,0.23773600601997327
esr2,greedy_surrogate,0.8487722432394564,100.0,364.6666666666667,365.0,0.9945504087193461,56.038147138964575,56.038147138964575,0.0031579677093298997,0.0009032432259158666,164528.0,0.0,2.21846737333463,839.3333333333334,0.6324349045753479,0.522,0.3886000328513801,0.05474570780693224,0.3009079118028534,0.24616220399592112
esr2,rabvs_budgeted_no_ucb,0.8505024400844762,100.0,363.3333333333333,364.3333333333333,0.9927338782924613,56.038147138964575,56.038147138964575,0.0031578863081961664,0.0009119377078114334,3584.0,0.9782164737916951,101.65550595238096,982.6666666666666,0.6233301957448324,0.8223333333333334,0.3607460002462708,0.04405571752510523,0.3118317180494581,0.26777600052435274
esr2,rabvs_budgeted_random_parts,0.5234063525717035,100.0,360.3333333333333,362.0,0.9863760217983651,56.038147138964575,56.038147138964575,0.0028801860816528332,0.0014225460272974666,3584.0,0.9782164737916951,101.00446428571429,982.3333333333334,0.6186386942863464,0.83,0.36032058478091744,0.08778749595076124,0.26653696498054474,0.17874946902978342
esr2,rabvs_budgeted_reliable,0.8351188757659821,100.0,360.6666666666667,363.6666666666667,0.9909173478655768,56.038147138964575,56.038147138964575,0.004039352634407067,0.0014557650156662666,3584.0,0.9782164737916951,101.46949404761904,975.6666666666666,0.6234041253725687,0.8113333333333334,0.3627304466514641,0.05928085519922253,0.29701686121919585,0.23773600601997327
fa10,boba_ucb,0.6802494149062525,100.0,470.0,516.0,0.9608938547486034,53.74674115456239,53.62275789930388,0.0038836509623392,0.003162232050723667,4096.0,0.9822604116138868,125.9765625,921.0,0.5445016026496887,0.5213333333333333,0.5217839342103917,0.06371191135734067,0.3051513051513051,0.24143939379396442
fa10,greedy_surrogate,0.8084342981045484,100.0,477.0,531.0,0.988826815642458,53.74674115456239,53.74674115456239,0.0037240909279138003,0.0023654681356188,230896.0,0.0,2.299736677984894,934.0,0.5437424580256144,0.5166666666666667,0.5391096683913323,0.051246537396121866,0.3183183183183183,0.26707178092219636
fa10,rabvs_budgeted_no_ucb,0.8045895989974937,100.0,478.3333333333333,530.6666666666666,0.9882060831781502,53.74674115456239,53.43678301641612,0.0037838542998941335,0.0023746819420855,4096.0,0.9822604116138868,129.55729166666666,969.3333333333334,0.5382277766863505,0.6366666666666667,0.5313383808190472,0.05517082179132036,0.3143190068397825,0.25914818504846204
fa10,rabvs_budgeted_random_parts,0.6391981580259457,100.0,469.6666666666667,522.0,0.9720670391061453,53.74674115456239,53.12682487826985,0.006145201481882166,0.0037786712917943,4096.0,0.9822604116138868,127.44140625,955.6666666666666,0.53929336865743,0.6316666666666667,0.5227729639504349,0.0676361957525392,0.3013841137109835,0.23374791795844427
fa10,rabvs_budgeted_reliable,0.6802494149062525,100.0,472.3333333333333,515.6666666666666,0.9602731222842956,53.74674115456239,53.622757899303885,0.0038836509623392,0.003162232050723667,4096.0,0.9822604116138868,125.89518229166667,954.3333333333334,0.538113534450531,0.6413333333333333,0.5185081983811733,0.06371191135734067,0.3051513051513051,0.24143939379396442
fa7,boba_ucb,0.8645833333333334,100.0,114.0,114.0,1.0,55.82456140350877,55.82456140350877,0.002939805113808033,0.00025870341159396664,2814.0,0.9447281583909491,40.51172707889126,767.6666666666666,0.6246265769004822,0.414,0.1142149727734932,0.016718913270637365,0.3413576230752548,0.32463870980461734
fa7,greedy_surrogate,0.8746345029239766,100.0,114.0,114.0,1.0,55.82456140350877,55.82456140350877,0.0017721546925738333,0.00013002417958440002,50912.0,0.0,2.239157762413577,759.6666666666666,0.6270802021026611,0.4096666666666667,0.11315662076845719,0.02925809822361543,0.32914046121593293,0.29988236299231746
fa7,rabvs_budgeted_no_ucb,0.8746345029239766,100.0,114.0,114.0,1.0,55.82456140350877,55.82456140350877,0.0022974760737322335,0.00015282415976816666,2814.0,0.9447281583909491,40.51172707889126,971.0,0.6392097473144531,0.8969999999999999,0.10102485334444093,0.018808777429467034,0.3396226415094339,0.32081386407996687
fa7,rabvs_budgeted_random_parts,0.6876265207001028,100.0,111.66666666666667,111.66666666666667,0.97953216374269,55.82456140350877,55.82456140350877,0.0020810683039661003,0.00029778664585846667,2814.0,0.9447281583909491,39.682539682539684,963.0,0.6470616658528646,0.891,0.10012371876812533,0.06060606060606053,0.29738504104151464,0.23677898043545406
fa7,rabvs_budgeted_reliable,0.8645833333333334,100.0,114.0,114.0,1.0,55.82456140350877,55.82456140350877,0.002939805113808033,0.00025870341159396664,2814.0,0.9447281583909491,40.51172707889126,955.0,0.6484812299410502,0.8816666666666667,0.10317261138681687,0.016718913270637365,0.3413576230752548,0.32463870980461734
fabp4,boba_ucb,0.8506205673758865,46.666666666666664,46.666666666666664,46.666666666666664,0.9929078014184398,59.51063829787233,59.51063829787233,0.0060616381854083,0.0010803181675184002,2671.0,0.8806310332499107,17.47160863596655,647.3333333333334,0.6675513982772827,0.4626666666666666,0.019880320401053267,0.028571428571428536,0.30476190476190473,0.27619047619047615
fabp4,greedy_surrogate,0.8652482269503546,47.0,47.0,47.0,1.0,59.51063829787233,59.51063829787233,0.0066008738525277005,0.0011080670460423333,22376.0,0.0,2.100464783696818,650.0,0.666722039381663,0.46433333333333326,0.020595384260206566,0.028571428571428536,0.3071428571428571,0.2785714285714285
fabp4,rabvs_budgeted_no_ucb,0.8670212765957447,46.0,46.0,46.0,0.9787234042553191,59.51063829787233,59.51063829787233,0.006563270583929366,0.0010624513449126666,2671.0,0.8806310332499107,17.222014226881317,803.0,0.6585430304209391,0.6543333333333333,0.014768068848169833,0.028520770010131664,0.3071428571428571,0.2786220871327254
fabp4,rabvs_budgeted_random_parts,0.7034574468085107,46.0,46.0,46.0,0.9787234042553191,59.51063829787233,59.51063829787233,0.007371811504578533,0.0012957689330531333,2671.0,0.8806310332499107,17.222014226881317,816.3333333333334,0.6652506987253824,0.5996666666666667,0.015047427933024432,0.028571428571428536,0.3071428571428571,0.2785714285714285
fabp4,rabvs_budgeted_reliable,0.8506205673758865,46.0,46.0,46.0,0.9787234042553191,59.51063829787233,59.51063829787233,0.0060616381854083,0.0010803181675184002,2671.0,0.8806310332499107,17.222014226881317,804.3333333333334,0.661653200785319,0.6113333333333334,0.0152013554523365,0.028571428571428536,0.30476190476190473,0.27619047619047615
fak1,boba_ucb,0.8423081474857984,97.0,97.66666666666667,99.66666666666667,0.9966666666666667,54.5,54.5,0.002367265312739567,0.0008823359134500333,2778.0,0.9362844036697248,35.87712982961363,851.0,0.6355571548144022,0.5736666666666667,0.04882723499170936,0.029304029304029266,0.329656862745098,0.3003528334410687
fak1,greedy_surrogate,0.8708333333333332,99.0,100.0,100.0,1.0,54.5,54.5,0.0031533173551533665,0.0004816039229093333,43600.0,0.0,2.293577981651376,833.3333333333334,0.6400712529818217,0.4589999999999999,0.05018596508324224,0.03663003663003656,0.3308823529411764,0.2942523163111398
fak1,rabvs_budgeted_no_ucb,0.8699768518518519,98.0,99.33333333333333,99.33333333333333,0.9933333333333333,54.5,54.5,0.0031336218739157,0.0005564077072512334,2778.0,0.9362844036697248,35.7571394288457,943.3333333333334,0.6256027817726135,0.9823333333333334,0.045989409780003994,0.0366300366300366,0.3284313725490196,0.29180133591898294
fak1,rabvs_budgeted_random_parts,0.6606034701114488,92.66666666666667,93.66666666666667,93.66666666666667,0.9366666666666666,54.5,54.5,0.0031739613837372337,0.0009868152777021666,2778.0,0.9362844036697248,33.717302615790736,945.0,0.6252907713254293,0.9846666666666666,0.04090761460489467,0.06349206349206343,0.30269607843137253,0.239204014939309
fak1,rabvs_budgeted_reliable,0.8423081474857984,97.0,97.33333333333333,97.33333333333333,0.9733333333333333,54.5,54.5,0.002367265312739567,0.0008823359134500333,2778.0,0.9362844036697248,35.03719702423806,943.6666666666666,0.6260248819986979,0.9886666666666667,0.04449038918348377,0.029304029304029266,0.329656862745098,0.3003528334410687
fgfr1,boba_ucb,0.800504769843475,100.0,133.33333333333334,134.66666666666666,0.9688249400479617,63.58992805755397,63.58992805755397,0.008226020765525999,0.0036316110318433,3072.0,0.9565561715126144,43.83680555555555,876.6666666666666,0.6295748353004456,0.4916666666666667,0.13506468944434016,0.06259426847662138,0.24208144796380085,0.1794871794871794
fgfr1,greedy_surrogate,0.8439120590758961,100.0,136.66666666666666,136.66666666666666,0.9832134292565947,63.58992805755397,63.58992805755397,0.007789485902233234,0.0027893017814535,70712.0,0.0,1.9327224044952294,864.3333333333334,0.6269408067067465,0.4763333333333333,0.13754303677379923,0.07239819004524886,0.23680241327300147,0.16440422322775258
fgfr1,rabvs_budgeted_no_ucb,0.837862882055863,100.0,136.66666666666666,136.66666666666666,0.9832134292565947,63.58992805755397,63.58992805755397,0.007830525939070401,0.0026569585095203665,3072.0,0.9565561715126144,44.48784722222222,988.3333333333334,0.6192814906438192,0.8503333333333334,0.13014337103532195,0.06787330316742074,0.2413273001508295,0.17345399698340871
fgfr1,rabvs_budgeted_random_parts,0.6182705026455025,98.66666666666667,132.33333333333334,133.0,0.9568345323741007,63.58992805755397,62.86731523871811,0.014100725605737668,0.0055274613358752,3072.0,0.9565561715126144,43.294270833333336,966.3333333333334,0.6223050554593405,0.7896666666666666,0.128015722623443,0.08898944193061835,0.2194570135746606,0.13046757164404216
fgfr1,rabvs_budgeted_reliable,0.800504769843475,99.66666666666667,130.0,131.0,0.9424460431654677,63.58992805755397,63.58992805755397,0.008226020765525999,0.0036316110318433,3072.0,0.9565561715126144,42.643229166666664,986.6666666666666,0.622277836004893,0.8540000000000001,0.12486098131259415,0.06259426847662138,0.24208144796380085,0.1794871794871794
fkb1a,boba_ucb,0.8714015151515152,100.0,111.0,111.0,1.0,53.252252252252255,53.252252252252255,0.0013125158406926331,0.00018190692621306665,2796.0,0.940872948739638,39.69957081545064,859.3333333333334,0.6273023088773092,0.4693333333333333,0.10702957896386474,0.014639639639639601,0.3603603603603604,0.34572072072072074
fkb1a,greedy_surrogate,0.875,100.0,111.0,111.0,1.0,53.252252252252255,53.252252252252255,0.0014047587139450668,8.414048867634214e-05,47288.0,0.0,2.3473185586195227,867.3333333333334,0.6269809206326803,0.4593333333333332,0.10561203665266383,0.014620681287347899,0.3603603603603604,0.34573967907301234
fkb1a,rabvs_budgeted_no_ucb,0.875,100.0,111.0,111.0,1.0,53.252252252252255,53.252252252252255,0.0017758462157211332,9.743570077059167e-05,2796.0,0.940872948739638,39.69957081545064,978.6666666666666,0.6147902607917786,0.9036666666666667,0.09984841405708848,0.011261261261261235,0.36373873873873874,0.3524774774774775
fkb1a,rabvs_budgeted_random_parts,0.7027249743983615,100.0,110.66666666666667,110.66666666666667,0.9969969969969971,53.252252252252255,53.252252252252255,0.0018198355388950001,0.0003189427433163667,2796.0,0.940872948739638,39.580352885073914,978.6666666666666,0.6135004162788391,0.904,0.09966884349683214,0.05180180180180177,0.3231981981981981,0.27139639639639634
fkb1a,rabvs_budgeted_reliable,0.8714015151515152,100.0,111.0,111.0,1.0,53.252252252252255,53.252252252252255,0.0013125158406926331,0.00018190692621306665,2796.0,0.940872948739638,39.69957081545064,979.0,0.6141520937283834,0.907,0.10030197022331282,0.014639639639639601,0.3603603603603604,0.34572072072072074
fnta,boba_ucb,0.80230952720733,100.0,497.6666666666667,563.6666666666666,0.9521396396396398,85.45945945945944,84.95278282234806,0.0019461842278638,0.0015106418835394667,5120.0,0.9873497786211258,110.09114583333333,957.3333333333334,0.5220617254575094,0.6893333333333334,0.5621760535992848,0.04202898550724634,0.18708827404479575,0.14505928853754937
fnta,greedy_surrogate,0.8054315337129152,100.0,497.6666666666667,574.0,0.9695945945945946,85.45945945945944,85.06537763059502,0.0015959593358560002,0.0011902459574432,404736.0,0.0,1.418208412397217,954.6666666666666,0.5168759028116862,0.6936666666666668,0.5737301323706899,0.0264786736691637,0.20382081686429507,0.1773421431951313
fnta,rabvs_budgeted_no_ucb,0.8042536662469334,100.0,498.0,572.0,0.9662162162162162,85.45945945945944,85.12167503471852,0.0018214854306846,0.0012107199224745,5120.0,0.9873497786211258,111.71875,981.6666666666666,0.5180599490801493,0.8029999999999999,0.5685518566942684,0.026218708827404433,0.20421607378129114,0.1779973649538867
fnta,rabvs_budgeted_random_parts,0.633595095814523,100.0,498.0,562.6666666666666,0.9504504504504504,85.45945945945944,85.00908022647154,0.0022839303288679,0.0015053073180981,5120.0,0.9873497786211258,109.89583333333333,979.0,0.5161815484364828,0.797,0.5596515473024327,0.03913043478260867,0.19064558629776016,0.1515151515151515
fnta,rabvs_budgeted_reliable,0.80230952720733,100.0,497.6666666666667,560.6666666666666,0.9470720720720721,85.45945945945944,84.95278282234804,0.0019461842278638,0.0015106418835394667,5120.0,0.9873497786211258,109.50520833333333,985.3333333333334,0.5192216833432516,0.8083333333333332,0.5554797379074329,0.04202898550724634,0.18708827404479575,0.14505928853754937
fpps,boba_ucb,0.875,85.0,85.0,85.0,1.0,105.11764705882352,100.39325842696628,0.0018437407496121666,6.053946731351455e-05,3072.0,0.9570229434806942,27.66927083333333,624.3333333333334,0.6789414683977762,0.3403333333333333,0.06625454164203966,0.0007457121551081,0.18941088739746456,0.1886651752423564
fpps,greedy_surrogate,0.875,85.0,85.0,85.0,1.0,105.11764705882352,100.39325842696628,0.0008069168996182333,1.3304815808756377e-05,71480.0,0.0,1.1891438164521546,613.6666666666666,0.6760873198509216,0.36766666666666664,0.06790352995630383,0.011177359646319334,0.17897091722595074,0.16779355757963135
fpps,rabvs_budgeted_no_ucb,0.875,85.0,85.0,85.0,1.0,105.11764705882352,100.39325842696628,0.0011590805568148,1.7503964553610785e-05,3072.0,0.9570229434806942,27.66927083333333,968.0,0.6193345983823141,0.9136666666666667,0.04456419347063173,0.0037285607755405997,0.18642803877703204,0.18269947800149142
fpps,rabvs_budgeted_random_parts,0.6221879731775903,85.0,85.0,85.0,1.0,105.11764705882352,100.39325842696628,0.0012408316633432,2.6773757928455077e-05,3072.0,0.9570229434806942,27.66927083333333,967.6666666666666,0.617845356464386,0.9113333333333333,0.04473997924479576,0.04396047891660804,0.14640759453367855,0.10244711561707036
fpps,rabvs_budgeted_reliable,0.875,85.0,85.0,85.0,1.0,105.11764705882352,100.39325842696628,0.0018437407496121666,6.053946731351455e-05,3072.0,0.9570229434806942,27.66927083333333,966.0,0.6196110645929972,0.9049999999999999,0.0448362804558561,0.0007457121551081,0.18941088739746456,0.1886651752423564
gcr,boba_ucb,0.7952845826640003,100.0,243.66666666666666,248.66666666666666,0.9638242894056849,59.13565891472869,58.87798719832464,0.0063180831240289325,0.0036336603603168336,3328.0,0.9727338270957592,74.71955128205127,870.3333333333334,0.6270338296890259,0.5496666666666666,0.25917555463736114,0.05941459152468324,0.2699868938401048,0.21057230231542154
gcr,greedy_surrogate,0.8291700289244636,99.66666666666667,252.66666666666666,253.33333333333334,0.9819121447028424,59.13565891472869,58.49147962371857,0.007108232657932467,0.003402199302662367,122056.0,0.0,2.0755500207555,872.6666666666666,0.6205743749936422,0.5599999999999999,0.2643242233959679,0.06200951969240547,0.2708606378331149,0.20885111814070934
gcr,rabvs_budgeted_no_ucb,0.824575546364379,100.0,253.0,254.33333333333334,0.9857881136950905,59.13565891472869,58.362643765516545,0.006904104956286467,0.0032327740301792,3328.0,0.9727338270957592,76.42227564102565,967.3333333333334,0.6140541235605875,0.8173333333333334,0.25340957415765125,0.06290956749672344,0.27086063783311487,0.20795107033639137
gcr,rabvs_budgeted_random_parts,0.6672887314355642,99.66666666666667,240.0,244.66666666666666,0.9483204134366924,59.13565891472869,57.97613619091047,0.0103452752254037,0.005330099751593233,3328.0,0.9727338270957592,73.5176282051282,950.0,0.6146961053212484,0.7896666666666667,0.24467436069872425,0.12145041502839664,0.21231979030144166,0.09086937527304495
gcr,rabvs_budgeted_reliable,0.7952845826640003,100.0,246.33333333333334,252.0,0.9767441860465116,59.13565891472869,58.62031548192059,0.0063180831240289325,0.0036336603603168336,3328.0,0.9727338270957592,75.72115384615384,972.0,0.6174628138542175,0.831,0.25012693764345684,0.05941459152468324,0.2699868938401048,0.21057230231542154
glcm,boba_ucb,0.8599537037037037,54.0,54.0,54.0,1.0,71.37037037037038,71.37037037037038,0.008039209338376332,0.0012324220411489666,2714.0,0.9119745718733784,19.89683124539425,727.0,0.698965827624003,0.48333333333333334,0.02636296845951397,0.04490500863557853,0.234887737478411,0.1899827288428325
glcm,greedy_surrogate,0.8730709876543209,54.0,54.0,54.0,1.0,71.37037037037038,71.37037037037038,0.007405300829837466,0.0011407327465167668,30832.0,0.0,1.7514270887389725,718.6666666666666,0.6992365916570028,0.482,0.026553240279619833,0.050086355785837595,0.2297063903281519,0.17962003454231432
glcm,rabvs_budgeted_no_ucb,0.8726851851851851,54.0,54.0,54.0,1.0,71.37037037037038,71.37037037037038,0.007724391501808201,0.0012146459609870001,2714.0,0.9119745718733784,19.89683124539425,937.0,0.6822869380315145,0.9156666666666666,0.0211889171509318,0.0517333475775866,0.22797927461139889,0.17624592703381228
glcm,rabvs_budgeted_random_parts,0.7649016203703703,53.333333333333336,53.333333333333336,53.333333333333336,0.9876543209876543,71.37037037037038,71.37037037037038,0.008771303160591734,0.0015629855186550332,2714.0,0.9119745718733784,19.651191353475806,900.0,0.6883171598116556,0.9026666666666667,0.021209029241453667,0.05354058721934366,0.22625215889464587,0.17271157167530218
glcm,rabvs_budgeted_reliable,0.8599537037037037,54.0,54.0,54.0,1.0,71.37037037037038,71.37037037037038,0.008039209338376332,0.0012324220411489666,2714.0,0.9119745718733784,19.89683124539425,905.6666666666666,0.6872792641321818,0.9049999999999999,0.021864784184925132,0.04490500863557853,0.234887737478411,0.1899827288428325
gria2,boba_ucb,0.801009092468691,99.33333333333333,146.0,148.66666666666666,0.940928270042194,75.96835443037975,73.43607594936708,0.008948981395794399,0.0042485921924895,3072.0,0.9680079980005,48.39409722222223,817.3333333333334,0.6470400889714559,0.42533333333333334,0.15361221834253005,0.0549084858569051,0.19323719726381952,0.13832871140691436
gria2,greedy_surrogate,0.8321472210585114,99.0,154.33333333333334,154.33333333333334,0.9767932489451475,75.96835443037975,74.2801687763713,0.008962159642310133,0.0035131623846205665,96024.0,0.0,1.607237079618984,814.6666666666666,0.6457022428512573,0.4186666666666667,0.16075415351498404,0.06156405990016637,0.19544370493621735,0.13387964503605096
gria2,rabvs_budgeted_no_ucb,0.8223755411255412,98.66666666666667,153.66666666666666,154.66666666666666,0.9789029535864978,75.96835443037975,74.06914556962025,0.008847037934292633,0.0035268473100554336,3072.0,0.9680079980005,50.34722222222222,965.3333333333334,0.6390360395113627,0.7556666666666666,0.14465260376893688,0.0582012629375551,0.19899740307920602,0.1407961401416509
gria2,rabvs_budgeted_random_parts,0.5158355832386005,96.33333333333333,138.33333333333334,140.33333333333334,0.8881856540084389,73.8581223628692,70.69277426160336,0.010092062448563232,0.0048077953097263,3072.0,0.9680079980005,45.68142361111111,961.3333333333334,0.6401446660359701,0.761,0.13082783623815283,0.12081025819322684,0.13250138197899386,0.011691123785767067
gria2,rabvs_budgeted_reliable,0.801009092468691,98.33333333333333,144.0,145.0,0.9177215189873418,75.96835443037975,74.49119198312236,0.008948981395794399,0.0042485921924895,3072.0,0.9680079980005,47.200520833333336,966.6666666666666,0.640728751818339,0.7776666666666667,0.13660715702750958,0.0549084858569051,0.19323719726381952,0.13832871140691436
grik1,boba_ucb,0.8400084087356104,98.0,101.0,101.0,1.0,65.85148514851485,65.85148514851485,0.005854916439397301,0.0011856959603232,2816.0,0.947075627725154,35.86647727272727,711.6666666666666,0.6709204117457072,0.4769999999999999,0.07615476036528664,0.038038038038038,0.2652652652652652,0.22722722722722719
grik1,greedy_surrogate,0.872937293729373,99.0,101.0,101.0,1.0,65.85148514851485,65.85148514851485,0.004331662272148499,0.0006856133465293,53208.0,0.0,1.8982107953691172,709.6666666666666,0.673021674156189,0.4783333333333333,0.0762753281622602,0.04600408792025553,0.2572572572572572,0.21125316933700164
grik1,rabvs_budgeted_no_ucb,0.8723184818481848,98.66666666666667,101.0,101.0,1.0,65.85148514851485,65.85148514851485,0.0049205105047979,0.0007080486809493666,2816.0,0.947075627725154,35.86647727272727,948.6666666666666,0.6631667216618856,0.9316666666666666,0.06077583081305447,0.044044044044043995,0.2592592592592592,0.21521521521521517
grik1,rabvs_budgeted_random_parts,0.6484196847753186,88.0,89.66666666666667,89.66666666666667,0.8877887788778877,65.85148514851485,65.52386581941776,0.006007291271870101,0.0020405133419982998,2816.0,0.947075627725154,31.841856060606062,945.6666666666666,0.6677565375963846,0.9326666666666666,0.05323027948580924,0.10710710710710707,0.19519519519519515,0.08808808808808803
grik1,rabvs_budgeted_reliable,0.8400084087356104,97.66666666666667,100.33333333333333,100.33333333333333,0.9933993399339934,65.85148514851485,65.85148514851485,0.005854916439397301,0.0011856959603232,2816.0,0.947075627725154,35.62973484848485,946.0,0.6682265400886536,0.9256666666666667,0.06138937731931853,0.038038038038038,0.2652652652652652,0.22722722722722719
hdac2,boba_ucb,0.8510706370758809,100.0,184.66666666666666,184.66666666666666,0.9981981981981982,56.67567567567568,56.67567567567568,0.005783192854778967,0.0015411945676469,3072.0,0.9633762517882688,60.11284722222222,845.6666666666666,0.6162559787432352,0.3269999999999999,0.19014001778394482,0.037460317460317395,0.3148854961832061,0.2774251787228887
hdac2,greedy_surrogate,0.8642404053197889,100.0,183.66666666666666,183.66666666666666,0.9927927927927929,56.67567567567568,56.67567567567568,0.004882302145231333,0.0015007889213237,83880.0,0.0,2.1896359879192495,836.3333333333334,0.624610424041748,0.3309999999999999,0.1892330975545153,0.053333333333333295,0.2970737913486005,0.24374045801526711
hdac2,rabvs_budgeted_no_ucb,0.8697554181929181,99.66666666666667,181.66666666666666,181.66666666666666,0.981981981981982,54.78648648648649,56.4957528957529,0.0041821255935070335,0.0012785032279985,3072.0,0.9633762517882688,59.13628472222222,993.6666666666666,0.606974184513092,0.7616666666666667,0.17071016921484228,0.04507936507936507,0.3021628498727735,0.2570834847934084
hdac2,rabvs_budgeted_random_parts,0.5040579542115907,100.0,178.66666666666666,178.66666666666666,0.9657657657657658,56.67567567567568,56.67567567567568,0.005175389565249,0.0018776623507826334,3072.0,0.9633762517882688,58.15972222222222,992.3333333333334,0.6056079268455505,0.7543333333333333,0.16779519130403606,0.08126984126984126,0.2671755725190839,0.18590573124924267
hdac2,rabvs_budgeted_reliable,0.8510706370758809,100.0,183.0,183.0,0.9891891891891893,56.67567567567568,56.67567567567568,0.005783192854778967,0.0015411945676469,3072.0,0.9633762517882688,59.5703125,992.0,0.6088836789131165,0.7453333333333333,0.1724502089066934,0.037460317460317395,0.3148854961832061,0.2774251787228887
hdac8,boba_ucb,0.8476884226884227,100.0,168.66666666666666,169.0,0.9941176470588236,62.47058823529412,62.47058823529412,0.0045777124976414665,0.0011800277803263332,3072.0,0.9638418079096044,55.01302083333332,860.0,0.6240490674972534,0.38000000000000006,0.17551718585665857,0.033270558694287466,0.28562460765850595,0.2523540489642184
hdac8,greedy_surrogate,0.8696968370681607,100.0,168.66666666666666,168.66666666666666,0.9921568627450981,62.47058823529412,62.47058823529412,0.0032486528889741997,0.0007795924911189666,84960.0,0.0,1.9852479598242312,876.0,0.6254022121429443,0.3956666666666666,0.17260305454253455,0.046453232893910824,0.2711864406779661,0.22473320778405523
hdac8,rabvs_budgeted_no_ucb,0.867258740845736,99.33333333333333,168.33333333333334,168.33333333333334,0.9901960784313726,60.57754010695188,62.07769145394007,0.0034419235313261666,0.0008900749019880999,3072.0,0.9638418079096044,54.796006944444436,997.6666666666666,0.6120009620984396,0.7953333333333333,0.1575277524889781,0.04143126177024473,0.27746390458254866,0.23603264281230385
hdac8,rabvs_budgeted_random_parts,0.6934184774742459,99.66666666666667,166.66666666666666,166.66666666666666,0.9803921568627452,60.57754010695188,62.2741398446171,0.004563100477907933,0.0013097414747424334,3072.0,0.9638418079096044,54.25347222222222,994.6666666666666,0.6156992117563883,0.783,0.15606912157630481,0.10546139359698681,0.21343377275580658,0.10797237915881978
hdac8,rabvs_budgeted_reliable,0.8476884226884227,99.66666666666667,168.33333333333334,168.33333333333334,0.9901960784313726,60.57754010695188,62.2741398446171,0.0045777124976414665,0.0011800277803263332,3072.0,0.9638418079096044,54.796006944444436,995.0,0.6162097454071045,0.7813333333333334,0.15792497809909598,0.033270558694287466,0.28562460765850595,0.2523540489642184
hivint,boba_ucb,0.8528353260496117,97.0,98.66666666666667,98.66666666666667,0.9866666666666667,67.5,67.5,0.0059590482566539,0.0014721785765530332,2816.0,0.9478518518518518,35.03787878787879,820.6666666666666,0.6497423847516378,0.4746666666666666,0.0941796970516039,0.021696252465483196,0.2710187932739861,0.2493225408085029
hivint,greedy_surrogate,0.8668581649831649,96.66666666666667,99.66666666666667,99.66666666666667,0.9966666666666667,67.5,67.5,0.0056602030712692665,0.0013116636734166666,54000.0,0.0,1.845679012345679,824.0,0.6611157655715942,0.4593333333333332,0.09407603383054024,0.0364891518737672,0.2591493570722057,0.22266020519843846
hivint,rabvs_budgeted_no_ucb,0.8687289132824847,96.66666666666667,99.0,99.33333333333333,0.9933333333333333,67.5,67.5,0.0053578187073289665,0.0012631461637904,2816.0,0.9478518518518518,35.27462121212121,971.6666666666666,0.638407568136851,0.9,0.08467928831581047,0.0325443786982248,0.2611275964391691,0.22858321774094426
hivint,rabvs_budgeted_random_parts,0.6802755858440938,93.33333333333333,97.33333333333333,97.33333333333333,0.9733333333333333,67.5,67.16911764705883,0.0053760644545829,0.0017072127829295333,2816.0,0.9478518518518518,34.56439393939394,974.0,0.6411723891894022,0.9063333333333334,0.08275035038139006,0.1351084812623274,0.1592482690405539,0.024139787778226496
hivint,rabvs_budgeted_reliable,0.8528353260496117,96.66666666666667,98.66666666666667,99.33333333333333,0.9933333333333333,67.5,67.16911764705883,0.0059590482566539,0.0014721785765530332,2816.0,0.9478518518518518,35.27462121212121,970.6666666666666,0.6350168387095133,0.896,0.08568667441539346,0.021696252465483196,0.2710187932739861,0.2493225408085029
hivpr,boba_ucb,0.7929740576375192,100.0,480.3333333333333,512.6666666666666,0.9564676616915423,67.69776119402985,67.51126598412894,0.0017827318665442668,0.0018861829048632667,4352.0,0.9850079920630548,117.80024509803921,882.3333333333334,0.5065300663312277,0.615,0.5260225611757029,0.058206817878423765,0.22753013121575094,0.16932331333732717
hivpr,greedy_surrogate,0.8274690521455508,100.0,492.6666666666667,512.0,0.9552238805970149,67.69776119402985,67.69776119402985,0.0011220427745842001,0.0013813722836715666,290288.0,0.0,1.7637656396406325,874.0,0.501272718111674,0.598,0.5251049241245319,0.031221303948576598,0.2533994854832782,0.22217818153470148
hivpr,rabvs_budgeted_no_ucb,0.825244676036539,100.0,493.6666666666667,511.6666666666667,0.9546019900497512,67.69776119402985,67.63559612406289,0.0013344595109272001,0.0014252830591154001,4352.0,0.9850079920630548,117.57046568627452,975.0,0.5033029913902283,0.8046666666666668,0.509773526573832,0.025160697887970568,0.25927967658948914,0.23411897870151854
hivpr,rabvs_budgeted_random_parts,0.64030446279836,100.0,469.3333333333333,509.0,0.9496268656716418,67.69776119402985,67.20044063429408,0.0032404152870082665,0.0027857425649873667,4352.0,0.9850079920630548,116.95772058823529,931.3333333333334,0.5036420027414957,0.7416666666666667,0.5113231188847494,0.06923783287419646,0.215178243292907,0.1459404104187105
hivpr,rabvs_budgeted_reliable,0.7929740576375192,100.0,480.6666666666667,514.3333333333334,0.9595771144278608,67.69776119402985,67.5734310540959,0.0017827318665442668,0.0018861829048632667,4352.0,0.9850079920630548,118.18321078431372,970.6666666666666,0.5053453048070272,0.7836666666666666,0.5134138515140951,0.058206817878423765,0.22753013121575094,0.16932331333732717
hivrt,boba_ucb,0.6341330169455169,99.66666666666667,247.66666666666666,274.6666666666667,0.8126232741617357,56.89053254437869,50.3718256903353,0.016119618263221735,0.011521628491336334,3584.0,0.9767018565708044,76.63690476190476,901.6666666666666,0.6113428076108297,0.5246666666666666,0.27929599979112346,0.0672210672210672,0.23343739160596597,0.16621632438489878
hivrt,greedy_surrogate,0.738545321679287,100.0,261.6666666666667,287.3333333333333,0.8500986193293886,56.89053254437869,50.27305740466798,0.018700137254939166,0.011237020491109433,153832.0,0.0,1.8678385078093853,914.6666666666666,0.6129586299260458,0.5363333333333333,0.2919301875759075,0.071032571032571,0.24072147069025315,0.1696888996576821
hivrt,rabvs_budgeted_no_ucb,0.7386935053767791,95.0,263.6666666666667,284.3333333333333,0.8412228796844182,56.89053254437869,50.66813054733728,0.019377222158092202,0.011259773433959,3584.0,0.9767018565708044,79.33407738095238,952.0,0.6121328473091125,0.6286666666666667,0.2843672509383633,0.063063063063063,0.24627124523066246,0.1832081821675994
hivrt,rabvs_budgeted_random_parts,0.5611573232309726,93.0,239.33333333333334,271.0,0.8017751479289941,56.89053254437869,48.001386834319526,0.023260725777054736,0.0149850595009682,3584.0,0.9767018565708044,75.61383928571429,951.6666666666666,0.6099967559178671,0.608,0.2705347597600838,0.0817740817740817,0.21748178980228927,0.13570770802820745
hivrt,rabvs_budgeted_reliable,0.6341330169455169,93.66666666666667,249.0,277.0,0.8195266272189349,56.89053254437869,49.976752547666,0.016119618263221735,0.011521628491336334,3584.0,0.9767018565708044,77.28794642857143,942.6666666666666,0.6088799436887106,0.6293333333333333,0.27867981500592437,0.0672210672210672,0.23343739160596597,0.16621632438489878
hmdh,boba_ucb,0.8684998259658894,100.0,170.0,170.0,1.0,52.47058823529412,52.47058823529412,0.0020192936976101334,0.0002512080789576,3072.0,0.95695067264574,55.33854166666666,826.3333333333334,0.6197601159413656,0.534,0.17913034904714864,0.016442451420029834,0.36472346786248133,0.3482810164424514
hmdh,greedy_surrogate,0.8747549019607842,100.0,170.0,170.0,1.0,52.47058823529412,52.47058823529412,0.0014482363124947333,0.00013178873041556666,71360.0,0.0,2.382286995515695,832.6666666666666,0.6261795163154602,0.5313333333333333,0.18118579840639645,0.03437967115097157,0.3467862481315396,0.312406576980568
hmdh,rabvs_budgeted_no_ucb,0.8745098039215686,100.0,170.0,170.0,1.0,52.47058823529412,52.47058823529412,0.0017820211469673668,0.00013699536846506667,3072.0,0.95695067264574,55.33854166666666,999.3333333333334,0.6036823391914368,0.976,0.16357260935582285,0.0179372197309417,0.3632286995515695,0.34529147982062786
hmdh,rabvs_budgeted_random_parts,0.6772271711272361,100.0,169.66666666666666,169.66666666666666,0.9980392156862745,52.47058823529412,52.47058823529412,0.0021575496350356,0.00025717335074633337,3072.0,0.95695067264574,55.23003472222222,997.3333333333334,0.6032981077829996,0.9716666666666667,0.1633892570961932,0.10290879244074307,0.27836693195437584,0.17545813951363276
hmdh,rabvs_budgeted_reliable,0.8684998259658894,100.0,170.0,170.0,1.0,52.47058823529412,52.47058823529412,0.0020192936976101334,0.0002512080789576,3072.0,0.95695067264574,55.33854166666666,997.3333333333334,0.6010714968045553,0.9736666666666666,0.16433670970911596,0.016442451420029834,0.36472346786248133,0.3482810164424514
hs90a,boba_ucb,0.8631628787878788,88.0,88.0,88.0,1.0,56.11363636363635,56.11363636363635,0.003615248359735567,0.00048718648503366673,2757.0,0.9302095990279464,31.91875226695684,799.0,0.6579870184262594,0.4883333333333333,0.039762342882449064,0.031039136302294167,0.3252361673414304,0.29419703103913625
hs90a,greedy_surrogate,0.875,88.0,88.0,88.0,1.0,56.11363636363635,56.11363636363635,0.0032670856590152337,0.0003709697542403,39504.0,0.0,2.227622519238558,804.3333333333334,0.6581138968467712,0.48500000000000004,0.03954824085780476,0.035087719298245564,0.32118758434547906,0.28609986504723345
hs90a,rabvs_budgeted_no_ucb,0.8747632575757575,88.0,88.0,88.0,1.0,56.11363636363635,56.11363636363635,0.003629470500619833,0.0004041649389306333,2757.0,0.9302095990279464,31.91875226695684,942.0,0.6347491145133972,0.9516666666666667,0.03698713956267677,0.0323886639676113,0.3238866396761133,0.291497975708502
hs90a,rabvs_budgeted_random_parts,0.7067618534482758,84.33333333333333,84.33333333333333,84.33333333333333,0.9583333333333334,56.11363636363635,56.11363636363635,0.004098039525353467,0.0006996248391350667,2757.0,0.9302095990279464,30.58880425583364,944.0,0.6362151106198629,0.9493333333333333,0.034446905499130036,0.08367071524966259,0.27260458839406204,0.18893387314439947
hs90a,rabvs_budgeted_reliable,0.8631628787878788,87.66666666666667,88.0,88.0,1.0,56.11363636363635,56.11363636363635,0.003615248359735567,0.00048718648503366673,2757.0,0.9302095990279464,31.91875226695684,942.3333333333334,0.6375080148379008,0.9526666666666666,0.037273202523175,0.031039136302294167,0.3252361673414304,0.29419703103913625
hxk4,boba_ucb,0.8697916666666666,92.0,92.0,92.0,1.0,52.08695652173913,52.08695652173913,0.0023244159168551667,8.563944725027785e-05,2751.0,0.928239774624374,33.44238458742276,812.0,0.6309714516003927,0.5323333333333333,0.06872684272679293,0.0222222222222222,0.3611111111111111,0.33888888888888885
hxk4,greedy_surrogate,0.875,92.0,92.0,92.0,1.0,52.08695652173913,52.08695652173913,0.0019263298647134335,6.268691843297921e-05,38336.0,0.0,2.39983305509182,813.6666666666666,0.6322550972302755,0.5306666666666667,0.06883213246043617,0.027777777777777735,0.35555555555555557,0.3277777777777778
hxk4,rabvs_budgeted_no_ucb,0.8747735507246377,92.0,92.0,92.0,1.0,52.08695652173913,52.08695652173913,0.0022638893596481665,7.727931751683259e-05,2751.0,0.928239774624374,33.44238458742276,960.0,0.6161577502886454,0.9806666666666667,0.06445295419963827,0.0222222222222222,0.3611111111111111,0.33888888888888885
hxk4,rabvs_budgeted_random_parts,0.5872088766931682,84.33333333333333,84.33333333333333,84.33333333333333,0.9166666666666666,52.08695652173913,52.08695652173913,0.002645794017049733,0.000261407436159111,2751.0,0.928239774624374,30.655519205137526,962.0,0.6178186734517416,0.9823333333333334,0.056683448941538504,0.10416666666666663,0.2791666666666666,0.17499999999999996
hxk4,rabvs_budgeted_reliable,0.8697916666666666,92.0,92.0,92.0,1.0,52.08695652173913,52.08695652173913,0.0023244159168551667,8.563944725027785e-05,2751.0,0.928239774624374,33.44238458742276,960.0,0.6199544866879781,0.9813333333333333,0.06524973306202766,0.0222222222222222,0.3611111111111111,0.33888888888888885
igf1r,boba_ucb,0.8510408927308913,100.0,142.66666666666666,143.0,0.9662162162162163,63.83783783783784,63.83783783783784,0.004273330097480467,0.0016721630162799667,3072.0,0.9593564775613886,46.549479166666664,864.3333333333334,0.623821755250295,0.5183333333333333,0.14345979568023606,0.03241719520789283,0.27048022598870053,0.23806303078080762
igf1r,greedy_surrogate,0.8610838844276492,100.0,144.66666666666666,144.66666666666666,0.9774774774774775,63.83783783783784,63.83783783783784,0.0036559341740913663,0.0013955022340661333,75584.0,0.0,1.9139853231724526,850.3333333333334,0.633518397808075,0.4883333333333333,0.1477789550085794,0.0345313601127554,0.2718926553672316,0.23736129525447613
igf1r,rabvs_budgeted_no_ucb,0.8642148983537151,100.0,145.0,145.0,0.9797297297297297,63.83783783783784,63.83783783783784,0.004183834415364834,0.0013386992951819,3072.0,0.9593564775613886,47.200520833333336,997.0,0.6177021662394205,0.9343333333333333,0.1384686737470463,0.035940803382663804,0.2709968227804254,0.23505601939776158
igf1r,rabvs_budgeted_random_parts,0.6349954837007267,96.33333333333333,113.33333333333333,114.0,0.7702702702702702,63.83783783783784,62.705961280429364,0.004853986457493433,0.0028429536683245334,3072.0,0.9593564775613886,37.109375,995.3333333333334,0.6163855989774069,0.9343333333333333,0.10652479716177114,0.11839323467230439,0.18573446327683615,0.06734122860453166
igf1r,rabvs_budgeted_reliable,0.8510408927308913,100.0,141.33333333333334,142.33333333333334,0.9617117117117117,63.83783783783784,63.83783783783784,0.004273330097480467,0.0016721630162799667,3072.0,0.9593564775613886,46.33246527777777,996.0,0.6126765608787537,0.9329999999999999,0.13628304633185667,0.03241719520789283,0.27048022598870053,0.23806303078080762
inha,boba_ucb,0.8696705426356589,43.0,43.0,43.0,1.0,54.48837209302326,54.48837209302326,0.0049012692219620665,0.00043900006848006666,2653.0,0.8584613743064448,16.208066339992463,738.0,0.6870973904927572,0.5103333333333334,0.024143783186045303,0.03672316384180787,0.3304843304843305,0.29376116664252255
inha,greedy_surrogate,0.873546511627907,43.0,43.0,43.0,1.0,54.48837209302326,54.48837209302326,0.0049315815058614335,0.0004342591618438,18744.0,0.0,2.294067434912505,732.0,0.6876457929611206,0.5093333333333333,0.0241334343173356,0.04237288135593217,0.3247863247863248,0.2824134434303926
inha,rabvs_budgeted_no_ucb,0.8740310077519379,43.0,43.0,43.0,1.0,54.48837209302326,54.48837209302326,0.005121587775535267,0.00047043144000476667,2653.0,0.8584613743064448,16.208066339992463,831.3333333333334,0.6828611095746359,0.7213333333333333,0.020807907129816533,0.03672316384180787,0.3304843304843305,0.29376116664252255
inha,rabvs_budgeted_random_parts,0.7645348837209301,43.0,43.0,43.0,1.0,54.48837209302326,54.48837209302326,0.005013571897767067,0.00044837495108236664,2653.0,0.8584613743064448,16.208066339992463,834.3333333333334,0.6832025448481241,0.7106666666666667,0.0208120419820166,0.03954802259887,0.3276353276353276,0.2880873050364575
inha,rabvs_budgeted_reliable,0.8696705426356589,43.0,43.0,43.0,1.0,54.48837209302326,54.48837209302326,0.0049012692219620665,0.00043900006848006666,2653.0,0.8584613743064448,16.208066339992463,834.0,0.6834633151690165,0.7133333333333334,0.0208596589281915,0.03672316384180787,0.3304843304843305,0.29376116664252255
ital,boba_ucb,0.8480321039482469,100.0,136.66666666666666,137.33333333333334,0.9951690821256038,62.594202898550726,62.594202898550726,0.0052069996532065335,0.0013730914198137,3072.0,0.9555452651076638,44.704861111111114,837.3333333333334,0.6231733163197836,0.486,0.14107581422126994,0.023919753086419703,0.29398148148148145,0.2700617283950617
ital,greedy_surrogate,0.8629227053140097,100.0,138.0,138.0,1.0,62.594202898550726,62.594202898550726,0.0044439431447100995,0.0008257214265975,69104.0,0.0,1.9969900439916648,825.3333333333334,0.6263808210690817,0.47233333333333327,0.1414837743561225,0.03472222222222217,0.28472222222222215,0.24999999999999997
ital,rabvs_budgeted_no_ucb,0.8673961885478829,100.0,136.66666666666666,136.66666666666666,0.9903381642512077,62.594202898550726,62.594202898550726,0.0040584590296251334,0.0009742138072070333,3072.0,0.9555452651076638,44.48784722222223,994.6666666666666,0.6084934075673422,0.8853333333333334,0.12994075006337433,0.0216049382716049,0.29475308641975306,0.27314814814814814
ital,rabvs_budgeted_random_parts,0.669276525198939,100.0,134.66666666666666,135.0,0.9782608695652173,62.594202898550726,62.594202898550726,0.0050337690656296,0.0024061483815974332,3072.0,0.9555452651076638,43.9453125,989.6666666666666,0.6099425355593363,0.8753333333333333,0.1284350226177538,0.07253086419753084,0.2430555555555555,0.17052469135802464
ital,rabvs_budgeted_reliable,0.8480321039482469,100.0,136.66666666666666,136.66666666666666,0.9903381642512077,62.594202898550726,62.594202898550726,0.0052069996532065335,0.0013730914198137,3072.0,0.9555452651076638,44.48784722222222,990.6666666666666,0.6107089122136434,0.8726666666666666,0.1307654812157236,0.023919753086419703,0.29398148148148145,0.2700617283950617
jak2,boba_ucb,0.8066747932878502,96.66666666666667,106.33333333333333,106.33333333333333,0.9937694704049843,61.74766355140187,61.74766355140187,0.007600481291323666,0.0025966775659924998,2816.0,0.9467231723929167,37.760416666666664,905.0,0.6353373527526855,0.5833333333333334,0.10548732169643643,0.052366565961732066,0.2696969696969696,0.21733040373523757
jak2,greedy_surrogate,0.8632626520895785,96.33333333333333,106.0,106.0,0.9906542056074766,61.74766355140187,61.74766355140187,0.005894746838085367,0.002047353801758233,52856.0,0.0,2.005448766459815,905.6666666666666,0.6357747515042623,0.5960000000000001,0.10523812591009574,0.0654582074521651,0.25555555555555554,0.19009734810339038
jak2,rabvs_budgeted_no_ucb,0.868297020065888,97.33333333333333,105.66666666666667,106.0,0.9906542056074766,61.74766355140187,61.74766355140187,0.005462072968082733,0.0019429620310029,2816.0,0.9467231723929167,37.642045454545446,998.3333333333334,0.6241013010342916,0.943,0.09811300197764346,0.06646525679758307,0.25353535353535345,0.1870700967377704
jak2,rabvs_budgeted_random_parts,0.610114655928507,89.33333333333333,94.0,94.0,0.8785046728971962,61.74766355140187,60.18837911828567,0.011797299910914966,0.004216379524436101,2816.0,0.9467231723929167,33.38068181818182,994.3333333333334,0.6232706109682719,0.9090000000000001,0.08589782587731264,0.12588116817724063,0.19595959595959592,0.07007842778235528
jak2,rabvs_budgeted_reliable,0.8066747932878502,96.66666666666667,105.33333333333333,105.33333333333333,0.9844236760124611,61.74766355140187,61.74766355140187,0.007600481291323666,0.0025966775659924998,2816.0,0.9467231723929167,37.40530303030303,998.3333333333334,0.6277477145195007,0.9250000000000002,0.09834586351859594,0.052366565961732066,0.2696969696969696,0.21733040373523757
kif11,boba_ucb,0.8377933820700268,99.66666666666667,115.0,115.0,0.9913793103448275,60.05172413793104,60.05172413793104,0.009821282233335801,0.0027687692355193665,2816.0,0.9494688486936548,40.83806818181818,775.6666666666666,0.6528435945510864,0.5576666666666666,0.1074069644769005,0.03820439350525303,0.29214559386973177,0.2539412003644787
kif11,greedy_surrogate,0.8572198275862069,99.66666666666667,116.0,116.0,1.0,60.05172413793104,60.05172413793104,0.007780705808721466,0.0021777810010176,55728.0,0.0,2.0815389032443297,779.3333333333334,0.6507798830668131,0.5563333333333333,0.10878177942908969,0.05635148042024827,0.27681992337164746,0.22046844295139914
kif11,rabvs_budgeted_no_ucb,0.8639185067553942,99.66666666666667,114.0,114.0,0.9827586206896551,60.05172413793104,60.05172413793104,0.0075060327694191666,0.0022205616606939334,2816.0,0.9494688486936548,40.48295454545455,947.0,0.6363022923469543,0.9209999999999999,0.09389272948235504,0.0573065902578796,0.2701149425287356,0.21280835227085593
kif11,rabvs_budgeted_random_parts,0.687082559214768,97.0,110.66666666666667,110.66666666666667,0.9540229885057472,60.05172413793104,60.05172413793104,0.0105085779652904,0.0038862508922309336,2816.0,0.9494688486936548,39.29924242424243,942.3333333333334,0.6370869676272074,0.9076666666666666,0.09133297728398555,0.06972301814708687,0.25862068965517243,0.18889767150808545
kif11,rabvs_budgeted_reliable,0.8377933820700268,99.33333333333333,114.33333333333333,114.33333333333333,0.985632183908046,60.05172413793104,60.05172413793104,0.009821282233335801,0.0027687692355193665,2816.0,0.9494688486936548,40.60132575757576,943.3333333333334,0.6395443479220072,0.91,0.0957413364296843,0.03820439350525303,0.29214559386973177,0.2539412003644787
kit,boba_ucb,0.8198555430664834,100.0,159.33333333333334,161.33333333333334,0.9718875502008033,63.95180722891567,63.95180722891567,0.0053813146410998,0.0024216033668739002,3072.0,0.9638281838733986,52.51736111111111,901.6666666666666,0.6074188550313314,0.5673333333333334,0.15895564188262204,0.04456999372253603,0.25925925925925924,0.21468926553672316
kit,greedy_surrogate,0.8558850261304248,100.0,162.0,162.0,0.9759036144578314,63.95180722891567,63.95180722891567,0.0044936065334001,0.0018685823094872999,84928.0,0.0,1.9074981160512436,883.3333333333334,0.6098448634147644,0.5439999999999999,0.16091763992017402,0.06716886377903324,0.23791588198367855,0.17074701820464533
kit,rabvs_budgeted_no_ucb,0.8526839776895009,100.0,161.66666666666666,162.33333333333334,0.9779116465863454,63.95180722891567,63.95180722891567,0.0044890970964216,0.0018415961995611665,3072.0,0.9638281838733986,52.84288194444445,991.3333333333334,0.6004442771275839,0.8956666666666667,0.15568264594813666,0.0590081607030759,0.24544883866917763,0.18644067796610167
kit,rabvs_budgeted_random_parts,0.6279185392798524,98.66666666666667,153.66666666666666,155.33333333333334,0.9357429718875502,63.95180722891567,63.14738198075321,0.006465415470035433,0.0034477511653647334,3072.0,0.9638281838733986,50.56423611111111,989.0,0.6019363204638163,0.8803333333333333,0.14950049896892126,0.09478970495919643,0.2084118016321406,0.1136220966729441
kit,rabvs_budgeted_reliable,0.8198555430664834,100.0,160.0,160.66666666666666,0.9678714859437751,63.95180722891567,63.95180722891567,0.0053813146410998,0.0024216033668739002,3072.0,0.9638281838733986,52.30034722222222,993.6666666666666,0.6003584663073221,0.9016666666666667,0.1550898126166943,0.04456999372253603,0.25925925925925924,0.21468926553672316
kith,boba_ucb,0.8739035087719298,57.0,57.0,57.0,1.0,51.0,51.0,0.0021549273599428,7.074857942698992e-05,2676.0,0.8849329205366357,21.300448430493272,866.0,0.6692985494931539,0.5403333333333333,0.029652719952272002,0.02739726027397257,0.36551724137931035,0.33811998110533775
kith,greedy_surrogate,0.875,57.0,57.0,57.0,1.0,51.0,51.0,0.0020711399331582335,5.9835877531478546e-05,23256.0,0.0,2.450980392156863,866.6666666666666,0.6682668924331665,0.5416666666666666,0.029742111393469103,0.029680365296803634,0.36321839080459767,0.333538025507794
kith,rabvs_budgeted_no_ucb,0.875,57.0,57.0,57.0,1.0,51.0,51.0,0.002228162491412467,7.012543704021368e-05,2676.0,0.8849329205366357,21.300448430493272,969.3333333333334,0.6444902420043945,0.9786666666666667,0.028198338984272434,0.02283105022831047,0.3701149425287356,0.3472838923004251
kith,rabvs_budgeted_random_parts,0.7107894736842105,55.666666666666664,55.666666666666664,55.666666666666664,0.9766081871345028,51.0,51.0,0.0022940907313871,7.55742012831907e-05,2676.0,0.8849329205366357,20.802192326856005,954.6666666666666,0.6512865026791891,0.9700000000000001,0.027111564009661766,0.04337899543378993,0.3494252873563218,0.30604629192253185
kith,rabvs_budgeted_reliable,0.8739035087719298,57.0,57.0,57.0,1.0,51.0,51.0,0.0021549273599428,7.074857942698992e-05,2676.0,0.8849329205366357,21.300448430493272,953.6666666666666,0.654016355673472,0.9673333333333334,0.028766314237848967,0.02739726027397257,0.36551724137931035,0.33811998110533775
kpcb,boba_ucb,0.8120796102333472,99.66666666666667,129.0,130.0,0.9629629629629629,65.44444444444444,65.19654882154883,0.0081015700018506,0.0028332192156174997,3072.0,0.9565365025466891,42.317708333333336,842.3333333333334,0.6446799437204996,0.4263333333333333,0.1317622122344087,0.0422322775263951,0.25188536953242835,0.20965309200603313
kpcb,greedy_surrogate,0.8475103352965948,99.33333333333333,129.66666666666666,129.66666666666666,0.9604938271604939,65.44444444444444,65.44444444444444,0.005963838858866967,0.0024011261512454,70680.0,0.0,1.8345595170722506,846.0,0.6529210805892944,0.421,0.1301630583821286,0.04072398190045247,0.25263951734539963,0.21191553544494715
kpcb,rabvs_budgeted_no_ucb,0.8481011015287309,99.33333333333333,130.0,131.0,0.9703703703703703,65.44444444444444,65.19654882154883,0.006587642796430233,0.0023112796165375336,3072.0,0.9565365025466891,42.643229166666664,983.0,0.639738917350769,0.8293333333333334,0.12449531078137514,0.04374057315233779,0.25188536953242835,0.2081447963800905
kpcb,rabvs_budgeted_random_parts,0.6590141313271936,99.33333333333333,127.0,128.66666666666666,0.9530864197530864,65.44444444444444,65.19654882154883,0.010350980630149999,0.004695670351544533,3072.0,0.9565365025466891,41.88368055555555,974.6666666666666,0.6399924755096436,0.7976666666666667,0.12297123086546342,0.06410256410256404,0.22624434389140272,0.16214177978883856
kpcb,rabvs_budgeted_reliable,0.8120796102333472,99.66666666666667,128.66666666666666,130.33333333333334,0.9654320987654321,65.44444444444444,65.44444444444444,0.0081015700018506,0.0028332192156174997,3072.0,0.9565365025466891,42.42621527777777,983.3333333333334,0.6354386806488037,0.8186666666666667,0.12418499101299507,0.0422322775263951,0.25188536953242835,0.20965309200603313
lck,boba_ucb,0.8173159073989392,100.0,384.0,393.0,0.9357142857142856,66.23809523809524,66.07925088500629,0.0032374253346459,0.002836510049214367,3840.0,0.98274622573688,102.34375,923.3333333333334,0.5499009092648824,0.6936666666666667,0.39097444328902126,0.05103088133623093,0.23489958572322586,0.18386870438699485
lck,greedy_surrogate,0.836593233126492,100.0,390.3333333333333,395.3333333333333,0.9412698412698411,66.23809523809524,66.15867306155076,0.002816739597061533,0.0025694162794203004,222560.0,0.0,1.7763000239635751,927.0,0.5482103625933329,0.701,0.3955684847321081,0.0383329408264954,0.2476030390640758,0.20927009823758036
lck,rabvs_budgeted_no_ucb,0.8347623202199661,100.0,390.6666666666667,394.3333333333333,0.9388888888888888,66.23809523809524,65.92040653191732,0.0026148967446678662,0.0025180497485147,3840.0,0.98274622573688,102.69097222222221,976.0,0.5461795727411906,0.863,0.3899166715124857,0.038820992092020064,0.247064462017733,0.20824346992571288
lck,rabvs_budgeted_random_parts,0.4993137996585972,100.0,382.0,390.3333333333333,0.9293650793650793,66.23809523809524,65.76156217882837,0.0030339020914006668,0.003016495998931067,3840.0,0.98274622573688,101.64930555555556,976.6666666666666,0.55095907052358,0.8476666666666667,0.3875360111614632,0.09633357296908697,0.1883537023723939,0.09202012940330694
lck,rabvs_budgeted_reliable,0.8173159073989392,100.0,385.6666666666667,392.6666666666667,0.9349206349206348,66.23809523809524,65.9998287084618,0.0032374253346459,0.002836510049214367,3840.0,0.98274622573688,102.25694444444446,975.3333333333334,0.5484035611152649,0.8506666666666667,0.3882090028276375,0.05103088133623093,0.23489958572322586,0.18386870438699485
lkha4,boba_ucb,0.8532283232118759,100.0,170.0,170.66666666666666,0.9980506822612085,56.26315789473685,56.26315789473685,0.0034515798433432665,0.0006050774237292333,3072.0,0.9600873090115373,55.55555555555555,827.0,0.6353833476702372,0.6533333333333333,0.18493646346571924,0.022130013831258566,0.33264033264033266,0.31051031880907404
lkha4,greedy_surrogate,0.8692738791423001,100.0,170.66666666666666,170.66666666666666,0.9980506822612085,56.26315789473685,56.26315789473685,0.0029392582652816002,0.0004471574838495333,76968.0,0.0,2.217371721581263,820.6666666666666,0.6418769160906473,0.6343333333333333,0.18412435899345214,0.030428769017980566,0.3243243243243243,0.29389555530634365
lkha4,rabvs_budgeted_no_ucb,0.8707358674463938,100.0,171.0,171.0,1.0,56.26315789473685,56.26315789473685,0.0035585452223273997,0.0005114099614381333,3072.0,0.9600873090115373,55.6640625,995.0,0.6322354276974996,0.9406666666666667,0.1612899533070298,0.025587828492392734,0.32986832986832987,0.30428050137593704
lkha4,rabvs_budgeted_random_parts,0.4978951559048646,100.0,170.66666666666666,170.66666666666666,0.9980506822612085,56.26315789473685,56.26315789473685,0.005690413060870966,0.0010774887999485333,3072.0,0.9600873090115373,55.55555555555555,991.0,0.6278197566668192,0.9256666666666667,0.1623262604431962,0.06154910096818803,0.2934570382703163,0.23190793730212814
lkha4,rabvs_budgeted_reliable,0.8532283232118759,100.0,169.66666666666666,169.66666666666666,0.9922027290448342,56.26315789473685,56.26315789473685,0.0034515798433432665,0.0006050774237292333,3072.0,0.9600873090115373,55.23003472222222,995.0,0.6283560792605082,0.9423333333333334,0.1604339080127139,0.022130013831258566,0.33264033264033266,0.31051031880907404
mapk2,boba_ucb,0.8446144355734697,95.66666666666667,98.0,99.0,0.9801980198019802,61.8910891089109,61.8910891089109,0.0037475495220662333,0.0013097860903696667,2810.0,0.94380899056151,35.23131672597865,866.3333333333334,0.649996797243754,0.5336666666666666,0.08963805685146209,0.043663471778487735,0.27050053248136313,0.22683706070287535
mapk2,greedy_surrogate,0.85992075770077,97.33333333333333,98.33333333333333,99.0,0.9801980198019802,61.8910891089109,61.8910891089109,0.004043975954047734,0.0011618690840559667,50008.0,0.0,1.979683250679891,858.0,0.6487434903780619,0.5383333333333332,0.08980811744003785,0.04366347177848767,0.27050053248136313,0.22683706070287535
mapk2,rabvs_budgeted_no_ucb,0.8654685781078109,98.0,99.33333333333333,99.66666666666667,0.9867986798679867,61.8910891089109,61.8910891089109,0.0048705122600906665,0.001068507349096,2810.0,0.94380899056151,35.468564650059314,973.3333333333334,0.6472908059755961,0.957,0.08568789328324437,0.04579339723109687,0.27156549520766765,0.2257720979765708
mapk2,rabvs_budgeted_random_parts,0.6873002283105022,87.33333333333333,88.0,88.0,0.8712871287128712,61.8910891089109,61.8910891089109,0.0052670055134551,0.0018125310864343335,2810.0,0.94380899056151,31.316725978647685,976.6666666666666,0.6499561468760172,0.9616666666666666,0.0742675844075768,0.101171458998935,0.2161874334398296,0.11501597444089455
mapk2,rabvs_budgeted_reliable,0.8446144355734697,95.33333333333333,97.0,97.0,0.9603960396039604,61.8910891089109,61.8910891089109,0.0037475495220662333,0.0013097860903696667,2810.0,0.94380899056151,34.519572953736656,974.3333333333334,0.6527263522148132,0.961,0.0837980864967877,0.043663471778487735,0.27050053248136313,0.22683706070287535
mcr,boba_ucb,0.8405280065583772,91.66666666666667,94.0,94.0,1.0,55.78723404255319,55.78723404255319,0.0086731056019152,0.002506196433364033,2769.0,0.933995995423341,33.947273383893105,824.0,0.667529284954071,0.48466666666666663,0.09105947389427337,0.05830164765525977,0.3002544529262086,0.24195280527094878
mcr,greedy_surrogate,0.8645833333333334,91.33333333333333,94.0,94.0,1.0,55.78723404255319,55.78723404255319,0.008511820265789666,0.0027052135990059,41952.0,0.0,2.240655987795576,822.0,0.6659917632738749,0.4963333333333333,0.09140465315066056,0.07097591888466408,0.2875318066157761,0.2165558877311119
mcr,rabvs_budgeted_no_ucb,0.869218316373728,92.0,93.33333333333333,93.33333333333333,0.9929078014184398,55.78723404255319,55.78723404255319,0.0082653081469457,0.0024446240145353667,2769.0,0.933995995423341,33.70651257975202,973.0,0.630383570988973,0.9276666666666668,0.07950485813800107,0.0684410646387832,0.2871786685242697,0.21873760388548646
mcr,rabvs_budgeted_random_parts,0.6109646513494206,77.66666666666667,79.0,79.0,0.8404255319148937,55.78723404255319,54.35679214402618,0.0110358700735217,0.004227564453778033,2769.0,0.933995995423341,28.53015529071867,974.6666666666666,0.6306108037630717,0.9196666666666667,0.06423400837103112,0.13181242078580477,0.22646310432569972,0.09465068353989488
mcr,rabvs_budgeted_reliable,0.8405280065583772,92.0,93.66666666666667,93.66666666666667,0.9964539007092199,55.78723404255319,55.78723404255319,0.0086731056019152,0.002506196433364033,2769.0,0.933995995423341,33.82689298182256,973.0,0.6319256027539571,0.9283333333333333,0.08079074497838797,0.05830164765525977,0.3002544529262086,0.24195280527094878
met,boba_ucb,0.7998244624956432,100.0,159.66666666666666,161.0,0.9698795180722892,68.7710843373494,68.7710843373494,0.004861769103828733,0.0020001309796891,3072.0,0.9663629992992292,52.408854166666664,928.6666666666666,0.6240319212277731,0.5096666666666666,0.15871768632705516,0.03619381202568587,0.24635143023934616,0.2101576182136602
met,greedy_surrogate,0.8502756220744025,100.0,164.33333333333334,164.33333333333334,0.9899598393574297,68.7710843373494,68.7710843373494,0.005065464070989566,0.0018621296438993667,91328.0,0.0,1.7993751459939267,914.6666666666666,0.6283319393793741,0.48466666666666663,0.16416756536419713,0.05078809106830117,0.23701109165207232,0.18622300058377114
met,rabvs_budgeted_no_ucb,0.8521064301552107,99.33333333333333,164.33333333333334,164.33333333333334,0.9899598393574299,68.7710843373494,68.36891425350524,0.0052872146422394,0.0018777225707808664,3072.0,0.9663629992992292,53.493923611111114,993.0,0.6165648897488912,0.8623333333333333,0.15702882115132757,0.051955633391710394,0.23642732049036766,0.18447168709865727
met,rabvs_budgeted_random_parts,0.6896355560977797,99.66666666666667,159.66666666666666,159.66666666666666,0.9618473895582329,68.7710843373494,68.56999929542731,0.005046815593150467,0.0024752273379094,3072.0,0.9663629992992292,51.974826388888886,995.0,0.6136157512664795,0.883,0.15274629334208503,0.0718038528896672,0.2130764740221833,0.14127262113251604
met,rabvs_budgeted_reliable,0.7998244624956432,100.0,160.0,160.33333333333334,0.9658634538152611,68.7710843373494,68.7710843373494,0.004861769103828733,0.0020001309796891,3072.0,0.9663629992992292,52.19184027777778,996.6666666666666,0.6147902011871338,0.8733333333333334,0.15334173476806665,0.03619381202568587,0.24635143023934616,0.2101576182136602
mk01,boba_ucb,0.812246780996781,75.66666666666667,77.0,77.33333333333333,0.9789029535864979,58.59493670886078,58.59493670886078,0.010505617269637732,0.0039089957512838,2745.0,0.9258749189889826,28.17243472981178,829.6666666666666,0.6546523769696554,0.5103333333333334,0.03975690550965343,0.0804597701149425,0.2521582823306961,0.17169851221575352
mk01,greedy_surrogate,0.8522179297495752,77.0,78.33333333333333,78.33333333333333,0.9915611814345991,58.59493670886078,58.59493670886078,0.0114418126027246,0.0039012809100050666,37032.0,0.0,2.115287679124361,835.0,0.652553935845693,0.5,0.040551767445220537,0.0804597701149425,0.2582972582972583,0.17783748818231573
mk01,rabvs_budgeted_no_ucb,0.8491561181434598,76.0,79.0,79.0,1.0,58.59493670886078,58.59493670886078,0.0130133123592025,0.0043573952201309,2745.0,0.9258749189889826,28.77959927140255,949.6666666666666,0.6475838422775269,0.9106666666666667,0.039240672771877066,0.0761494252873563,0.26551226551226553,0.1893628402249092
mk01,rabvs_budgeted_random_parts,0.7197234093067427,73.33333333333333,75.33333333333333,75.33333333333333,0.9535864978902954,58.59493670886078,58.17033571821685,0.012619722607008632,0.0044717567024886665,2745.0,0.9258749189889826,27.44383727990285,953.6666666666666,0.6507550279299418,0.927,0.036117953234707165,0.0818965517241379,0.25396825396825395,0.17207170224411597
mk01,rabvs_budgeted_reliable,0.812246780996781,75.0,77.0,77.0,0.9746835443037973,58.59493670886078,58.59493670886078,0.010505617269637732,0.0039089957512838,2745.0,0.9258749189889826,28.051001821493625,952.3333333333334,0.6520777543385824,0.9266666666666667,0.03733625546948153,0.0804597701149425,0.2521582823306961,0.17169851221575352
mk10,boba_ucb,0.8013046364379085,86.33333333333333,99.0,100.0,0.9615384615384616,64.46153846153847,62.85801760428626,0.016365116068918866,0.006949188244990166,2816.0,0.9474940334128878,35.51136363636363,917.3333333333334,0.6348417599995931,0.5553333333333333,0.0970273986810294,0.062499999999999965,0.2338308457711442,0.1713308457711442
mk10,greedy_surrogate,0.8288835147792334,86.0,101.0,101.0,0.9711538461538461,64.46153846153847,62.53731343283582,0.014749266464233933,0.0063694199269189004,53632.0,0.0,1.883204057279236,914.6666666666666,0.6387960910797119,0.5536666666666666,0.09792484417497578,0.07242063492063487,0.22861881070836287,0.156198175787728
mk10,rabvs_budgeted_no_ucb,0.8241403274942879,86.66666666666667,100.0,100.66666666666667,0.9679487179487181,64.46153846153847,61.89590508993495,0.013972881673568133,0.006052585903665334,2816.0,0.9474940334128878,35.74810606060606,990.3333333333334,0.6257232824961344,0.871,0.0939083237484135,0.06547619047619042,0.23283582089552235,0.1673596304193318
mk10,rabvs_budgeted_random_parts,0.6029276065449011,76.0,88.0,89.0,0.8557692307692308,64.46153846153847,60.61308840413318,0.0158248291180891,0.007717333832414234,2816.0,0.9474940334128878,31.605113636363637,990.3333333333334,0.6252073446909586,0.879,0.0816687806485763,0.10218253968253964,0.1950248756218905,0.0928423359393508
mk10,rabvs_budgeted_reliable,0.8013046364379085,86.0,99.0,100.0,0.9615384615384617,64.46153846153847,62.85801760428626,0.016365116068918866,0.006949188244990166,2816.0,0.9474940334128878,35.51136363636363,990.6666666666666,0.6235834161440531,0.8573333333333334,0.093569983643772,0.062499999999999965,0.2338308457711442,0.1713308457711442
mk14,boba_ucb,0.7327520285106778,100.0,454.0,533.6666666666666,0.9232987312572088,63.0242214532872,61.46593026350812,0.0034620421209075,0.0041693709557928,4352.0,0.985066432414626,122.62561274509802,963.6666666666666,0.5470707416534424,0.7413333333333334,0.5362730699133271,0.07261786270043363,0.23979392766774513,0.1671760649673115
mk14,greedy_surrogate,0.7600038117050745,100.0,458.6666666666667,549.6666666666666,0.9509803921568628,63.0242214532872,61.69678821754946,0.004587031219919466,0.003768587041967267,291424.0,0.0,1.886140697631858,966.3333333333334,0.5428809523582458,0.7440000000000001,0.5526096962328139,0.060007317965605496,0.2538898041369211,0.1938824861713155
mk14,rabvs_budgeted_no_ucb,0.7623140535062665,100.0,462.6666666666667,551.3333333333334,0.9538638985005767,63.0242214532872,61.81221719457014,0.004959102091571933,0.003931888226047367,4352.0,0.985066432414626,126.68504901960785,977.3333333333334,0.5402842164039612,0.805,0.5529963042109715,0.05543358946212947,0.25773384587223136,0.20230025641010183
mk14,rabvs_budgeted_random_parts,0.6256627476419698,100.0,446.3333333333333,528.6666666666666,0.914648212226067,63.0242214532872,61.46593026350812,0.0057414400720450336,0.0051581902652169,4352.0,0.985066432414626,121.47671568627452,968.0,0.5465511480967203,0.7926666666666667,0.5295577003108752,0.0735455543358946,0.23265604978949295,0.15911049545359826
mk14,rabvs_budgeted_reliable,0.7327520285106778,100.0,458.0,542.0,0.9377162629757785,63.0242214532872,61.7545027060598,0.0034620421209075,0.0041693709557928,4352.0,0.985066432414626,124.5404411764706,982.3333333333334,0.5440075397491455,0.8046666666666665,0.5420801817884042,0.07261786270043363,0.23979392766774513,0.1671760649673115
mmp13,boba_ucb,0.7237270752534468,100.0,470.3333333333333,533.6666666666666,0.932983682983683,66.03496503496503,65.56910990244323,0.0056317933069955336,0.0036582939732025667,4352.0,0.9855977973101768,122.62561274509805,928.3333333333334,0.5129338304201762,0.32999999999999996,0.540629917087649,0.052408681842244564,0.24563260984647958,0.19322392800423502
mmp13,greedy_surrogate,0.7733935009800295,100.0,486.0,552.6666666666666,0.9662004662004661,66.03496503496503,65.86026936026936,0.0033485200779711003,0.0023501156785038,302176.0,0.0,1.828956193300152,942.3333333333334,0.5199625293413798,0.3223333333333332,0.5581269529481122,0.04640903476266097,0.2535733192165166,0.2071642844538556
mmp13,rabvs_budgeted_no_ucb,0.7714140180282452,98.0,486.0,550.0,0.9615384615384616,64.87645687645687,65.62734179400844,0.0037704795119854,0.0024619988004524335,4352.0,0.9855977973101768,126.37867647058825,970.6666666666666,0.5153401096661886,0.417,0.5484660071274777,0.04622370486143199,0.2541026998411858,0.2078789949797537
mmp13,rabvs_budgeted_random_parts,0.6524983421795597,97.66666666666667,477.3333333333333,534.3333333333334,0.9341491841491841,64.87645687645687,65.62734179400846,0.006197722982034234,0.0037471070963751,4352.0,0.9855977973101768,122.77879901960785,940.6666666666666,0.5173205534617106,0.39599999999999996,0.5446104306112244,0.05752602788071287,0.23963296276689605,0.18210693488618312
mmp13,rabvs_budgeted_reliable,0.7237270752534468,99.0,472.6666666666667,532.0,0.9300699300699301,66.03496503496503,65.510878010878,0.0056317933069955336,0.0036582939732025667,4352.0,0.9855977973101768,122.24264705882354,955.0,0.5118247469266256,0.4116666666666666,0.5318208551416835,0.052408681842244564,0.24563260984647958,0.19322392800423502
mp2k1,boba_ucb,0.8100571723195961,99.33333333333333,115.0,116.0,0.9586776859504132,68.35537190082644,68.35537190082644,0.008851219033058333,0.0032736680905277333,3072.0,0.9535727239753355,37.760416666666664,849.6666666666666,0.6483927766482035,0.41566666666666663,0.1163991044364512,0.05797101449275357,0.22141706924315616,0.16344605475040255
mp2k1,greedy_surrogate,0.8420051353874883,98.0,118.66666666666667,118.66666666666667,0.9807162534435263,68.35537190082644,68.35537190082644,0.008951650954556134,0.0029683729143946667,66168.0,0.0,1.793414742272196,861.3333333333334,0.6501067280769348,0.4363333333333333,0.1183017478822469,0.0619967793880837,0.22463768115942026,0.16264090177133653
mp2k1,rabvs_budgeted_no_ucb,0.8301176755137316,98.33333333333333,119.33333333333333,119.33333333333333,0.9862258953168045,68.35537190082644,67.53181320322612,0.009748156005255434,0.0030734043488584665,3072.0,0.9535727239753355,38.845486111111114,988.6666666666666,0.6429343620936075,0.8119999999999999,0.11191751580067731,0.05636070853462153,0.2318840579710145,0.1755233494363929
mp2k1,rabvs_budgeted_random_parts,0.625084742777558,97.0,115.66666666666667,116.33333333333333,0.9614325068870523,68.35537190082644,68.08085233495967,0.0090531423664536,0.0031412843362445,3072.0,0.9535727239753355,37.86892361111111,986.0,0.644777238368988,0.8276666666666667,0.10884898823837784,0.07004830917874394,0.21739130434782605,0.1473429951690821
mp2k1,rabvs_budgeted_reliable,0.8100571723195961,98.66666666666667,114.33333333333333,115.66666666666667,0.9559228650137741,68.35537190082644,68.08085233495967,0.008851219033058333,0.0032736680905277333,3072.0,0.9535727239753355,37.65190972222222,987.0,0.6452148159344991,0.8276666666666667,0.10876326683013797,0.05797101449275357,0.22141706924315616,0.16344605475040255
nos1,boba_ucb,0.7929402920962199,89.0,100.0,100.0,1.0,81.5,78.51829268292683,0.0113513574466541,0.0041866790899628,3072.0,0.9528834355828218,32.552083333333336,758.6666666666666,0.7146331071853638,0.6026666666666667,0.10586760257998151,0.0490196078431372,0.19656019656019652,0.14754058871705927
nos1,greedy_surrogate,0.8572916666666667,89.66666666666667,100.0,100.0,1.0,81.5,77.85569105691057,0.0097918877972788,0.0038511149551314337,65200.0,0.0,1.5337423312883436,770.6666666666666,0.7094212969144186,0.5873333333333334,0.10389922883676002,0.06290849673202613,0.18263718263718257,0.11972868590515647
nos1,rabvs_budgeted_no_ucb,0.854375,90.0,100.0,100.0,1.0,81.5,77.85569105691057,0.009923163977519434,0.003809535377786933,3072.0,0.9528834355828218,32.552083333333336,979.0,0.6982049544652303,0.874,0.08800469571834096,0.0579625900890103,0.18739461386520204,0.12943202377619176
nos1,rabvs_budgeted_random_parts,0.5986309092764767,81.0,90.66666666666667,90.66666666666667,0.9066666666666666,81.5,73.21747967479673,0.009660839476329534,0.004792630152715901,3072.0,0.9528834355828218,29.513888888888886,981.6666666666666,0.6977380911509196,0.8873333333333333,0.07890872419332147,0.1029411764705882,0.14086814086814078,0.03792696439755257
nos1,rabvs_budgeted_reliable,0.7929402920962199,88.33333333333333,99.0,99.0,0.9899999999999999,81.5,78.84959349593497,0.0113513574466541,0.0041866790899628,3072.0,0.9528834355828218,32.2265625,974.3333333333334,0.7036282817522684,0.8676666666666666,0.0876370557764679,0.0490196078431372,0.19656019656019652,0.14754058871705927
nram,boba_ucb,0.8675310330317695,97.66666666666667,98.0,98.0,1.0,64.26530612244898,64.26530612244898,0.0016284273414905331,0.00013760135295326527,2811.0,0.9442084788821848,34.863038064745645,622.3333333333334,0.6431289712587992,0.46066666666666656,0.09855751665990543,0.010582010582010533,0.3005291005291005,0.2899470899470899
nram,greedy_surrogate,0.875,98.0,98.0,98.0,1.0,64.26530612244898,64.26530612244898,0.0013602713921094668,5.477430285209204e-05,50384.0,0.0,1.945061924420451,622.0,0.6407236258188883,0.431,0.09974066153399737,0.010582010582010533,0.3005291005291005,0.2899470899470899
nram,rabvs_budgeted_no_ucb,0.875,98.0,98.0,98.0,1.0,64.26530612244898,64.26530612244898,0.0019854884882438664,6.124744367181342e-05,2811.0,0.9442084788821848,34.863038064745645,957.0,0.642716666062673,0.956,0.0706782524628964,0.009503717098653766,0.3019074579584133,0.29240374085975956
nram,rabvs_budgeted_random_parts,0.5941696136330911,98.0,98.0,98.0,1.0,64.26530612244898,64.26530612244898,0.0017530429047066334,0.00014551013304581466,2811.0,0.9442084788821848,34.863038064745645,945.0,0.6458402276039124,0.9543333333333334,0.0720928262832678,0.04232804232804227,0.26878306878306873,0.22645502645502644
nram,rabvs_budgeted_reliable,0.8675310330317695,97.33333333333333,97.33333333333333,97.66666666666667,0.9965986394557822,64.26530612244898,64.26530612244898,0.0016284273414905331,0.00013760135295326527,2811.0,0.9442084788821848,34.744456302620655,942.6666666666666,0.6467878023783366,0.9546666666666667,0.0720276819959293,0.010582010582010533,0.3005291005291005,0.2899470899470899
pa2ga,boba_ucb,0.840091706539075,97.0,97.66666666666667,97.66666666666667,0.9865319865319865,53.02020202020203,53.02020202020203,0.006672913558442,0.001524335909775,2769.0,0.9340588683558771,35.27145780666907,730.3333333333334,0.6424460808436075,0.357,0.059374851228977565,0.0380228136882129,0.33460559796437656,0.29658278427616364
pa2ga,greedy_surrogate,0.8598484848484849,97.66666666666667,99.0,99.0,1.0,53.02020202020203,53.02020202020203,0.006892803499067933,0.0013514612758546002,41992.0,0.0,2.3575919222709087,722.0,0.646937886873881,0.3343333333333332,0.06188967214651347,0.044359949302915036,0.3333333333333333,0.2889733840304182
pa2ga,rabvs_budgeted_no_ucb,0.8619528619528619,97.66666666666667,99.0,99.0,1.0,53.02020202020203,53.02020202020203,0.0070284165441261,0.0013217571206689332,2769.0,0.9340588683558771,35.75297941495124,932.6666666666666,0.6295954982439677,0.862,0.0521126220820071,0.04182509505703417,0.3358778625954198,0.2940527675383856
pa2ga,rabvs_budgeted_random_parts,0.6295648795648795,89.33333333333333,91.0,91.0,0.9191919191919192,53.02020202020203,52.68032893032893,0.008204749976476368,0.0026399168937489997,2769.0,0.9340588683558771,32.863849765258216,923.3333333333334,0.6345018744468689,0.8456666666666667,0.04513380119605346,0.100126742712294,0.27735368956743,0.17722694685513593
pa2ga,rabvs_budgeted_reliable,0.840091706539075,97.0,97.66666666666667,97.66666666666667,0.9865319865319865,53.02020202020203,53.02020202020203,0.006672913558442,0.001524335909775,2769.0,0.9340588683558771,35.27145780666907,909.6666666666666,0.6350981990496317,0.8263333333333334,0.052265120879909366,0.0380228136882129,0.33460559796437656,0.29658278427616364
parp1,boba_ucb,0.8006390219029883,100.0,455.6666666666667,499.3333333333333,0.9829396325459318,60.153543307086615,59.69485615768618,0.0026975065494068335,0.0026249421287436333,4096.0,0.9832449767654952,121.90755208333333,969.0,0.5496444702148438,0.6900000000000001,0.5017238612536409,0.08813263525305408,0.24192844677137867,0.15379581151832458
parp1,greedy_surrogate,0.8203067702603594,100.0,472.3333333333333,504.0,0.9921259842519684,60.153543307086615,59.89143636457208,0.002816557076730833,0.0018142101112934336,244464.0,0.0,2.061653249558217,971.0,0.5476917425791422,0.6996666666666668,0.5060578494184421,0.047774869109947604,0.28250436300174514,0.2347294938917975
parp1,rabvs_budgeted_no_ucb,0.8176381754922789,100.0,473.0,504.0,0.9921259842519684,60.153543307086615,59.82590962894344,0.0028950617561394,0.0018233823843555334,4096.0,0.9832449767654952,123.046875,994.3333333333334,0.5452994108200073,0.8223333333333334,0.5024094164655124,0.04559336823734727,0.28446771378708546,0.2388743455497382
parp1,rabvs_budgeted_random_parts,0.5744274184364858,100.0,456.0,488.6666666666667,0.9619422572178477,60.153543307086615,59.36722247954301,0.0043840655093763,0.0027687353801932,4096.0,0.9832449767654952,119.30338541666667,988.0,0.5512582262357076,0.7956666666666666,0.48711523568989373,0.13699825479930192,0.19328097731239088,0.05628272251308893
parp1,rabvs_budgeted_reliable,0.8006390219029883,100.0,460.0,492.0,0.9685039370078741,60.153543307086615,59.49827595080027,0.0026975065494068335,0.0026249421287436333,4096.0,0.9832449767654952,120.1171875,992.0,0.5490344166755676,0.8136666666666666,0.49121341972156807,0.08813263525305408,0.24192844677137867,0.15379581151832458
pde5a,boba_ucb,0.7583188291139241,100.0,365.0,376.0,0.9447236180904524,70.22110552763819,69.88552079393384,0.0030333864148683666,0.0029208893167254335,3840.0,0.9828252468870758,97.91666666666667,934.0,0.5690413117408752,0.603,0.3760504947146674,0.0579399141630901,0.21975662133142446,0.1618167071683343
pde5a,greedy_surrogate,0.8149882012448285,100.0,377.0,384.6666666666667,0.966499162479062,70.22110552763819,69.71772842708164,0.0038566415976058334,0.0027414575917019002,223584.0,0.0,1.720457039263394,934.3333333333334,0.5667169292767843,0.6003333333333334,0.385233205704503,0.04434907010014303,0.2333571939871152,0.18900812388697216
pde5a,rabvs_budgeted_no_ucb,0.8133087639202451,100.0,375.3333333333333,383.6666666666667,0.9639865996649917,70.22110552763819,69.54993606022947,0.0041546245210168,0.0027990005726111003,3840.0,0.9828252468870758,99.91319444444446,973.3333333333334,0.5653444727261862,0.7366666666666667,0.38100353654021774,0.040772532188841165,0.23836793128131706,0.19759539909247584
pde5a,rabvs_budgeted_random_parts,0.6106837035397595,100.0,360.6666666666667,378.0,0.949748743718593,70.22110552763819,67.53642765800328,0.0056075970456427,0.0041636177585124,3840.0,0.9828252468870758,98.4375,969.6666666666666,0.5681169430414835,0.7246666666666667,0.3748323649568679,0.08774439675727223,0.19016941064185153,0.10242501388457927
pde5a,rabvs_budgeted_reliable,0.7583188291139241,100.0,365.6666666666667,379.3333333333333,0.9530988274706867,70.22110552763819,69.71772842708164,0.0030333864148683666,0.0029208893167254335,3840.0,0.9828252468870758,98.78472222222221,979.3333333333334,0.5670571525891622,0.7716666666666666,0.37431297320123663,0.0579399141630901,0.21975662133142446,0.1618167071683343
pgh1,boba_ucb,0.6419285030724958,83.0,158.66666666666666,165.0,0.8461538461538461,56.38461538461538,45.62027972027971,0.02625706765884527,0.015789406435000434,3072.0,0.965075034106412,53.7109375,836.3333333333334,0.6539348562558492,0.49266666666666664,0.17338479429878437,0.08969696969696966,0.21212121212121207,0.1224242424242424
pgh1,greedy_surrogate,0.7686269214432833,81.33333333333333,163.66666666666666,169.33333333333334,0.8683760683760684,52.967365967365964,45.27855477855477,0.024528893946711167,0.015224252496318069,87960.0,0.0,1.9251174776413522,845.3333333333334,0.6521895925203959,0.49366666666666664,0.17662600740543363,0.08969696969696966,0.21878787878787875,0.12909090909090906
pgh1,rabvs_budgeted_no_ucb,0.7560340062220167,79.33333333333333,163.66666666666666,171.66666666666666,0.8803418803418804,56.38461538461538,44.424242424242415,0.027257292581252496,0.016177852775836433,3072.0,0.965075034106412,55.881076388888886,908.3333333333334,0.650196890036265,0.637,0.17293825125347864,0.08606060606060602,0.22424242424242424,0.13818181818181816
pgh1,rabvs_budgeted_random_parts,0.5975878647214854,73.33333333333333,149.66666666666666,163.0,0.8358974358974359,56.38461538461538,40.15268065268065,0.03659988712263357,0.021516679748776302,3072.0,0.965075034106412,53.059895833333336,906.3333333333334,0.6505832672119141,0.6056666666666667,0.16186286443919215,0.10181818181818177,0.203030303030303,0.10121212121212116
pgh1,rabvs_budgeted_reliable,0.6419285030724958,84.33333333333333,157.33333333333334,166.66666666666666,0.8547008547008547,54.67599067599067,46.132867132867126,0.02625706765884527,0.015789406435000434,3072.0,0.965075034106412,54.25347222222222,906.0,0.6513361732165018,0.6343333333333333,0.16836269579045982,0.08969696969696966,0.21212121212121207,0.1224242424242424
pgh2,boba_ucb,0.7146192056355011,100.0,322.3333333333333,346.6666666666667,0.7969348659003831,54.2183908045977,52.68679784401585,0.0124155188306145,0.009392213392616366,3840.0,0.9796480814076745,90.27777777777777,872.0,0.6224482456843058,0.586,0.35835062277446933,0.06271186440677963,0.25247384789369515,0.1897619834869155
pgh2,greedy_surrogate,0.7739730643560502,100.0,332.6666666666667,354.3333333333333,0.8145593869731801,54.2183908045977,53.376014676277684,0.007969469880923266,0.007746375799113633,188680.0,0.0,1.8779591548300474,888.0,0.6188025077184042,0.5910000000000001,0.3684750285581813,0.06918990417964281,0.24264061752235522,0.17345071334271236
pgh2,rabvs_budgeted_no_ucb,0.7732783465033658,100.0,333.3333333333333,351.6666666666667,0.8084291187739464,54.2183908045977,53.22285538021949,0.0079821510019473,0.0078317768749028,3840.0,0.9796480814076745,91.5798611111111,952.3333333333334,0.6151318947474161,0.7246666666666667,0.35247347221301756,0.07288135593220334,0.23946847610969746,0.16658712017749402
pgh2,rabvs_budgeted_random_parts,0.4954444444444444,99.66666666666667,315.6666666666667,355.3333333333333,0.8168582375478928,54.2183908045977,52.22731995584129,0.015409630217855465,0.011206456005364832,3840.0,0.9796480814076745,92.53472222222221,939.0,0.6148086786270142,0.6753333333333332,0.3590440057362953,0.08192090395480223,0.24144755442465363,0.15952665046985134
pgh2,rabvs_budgeted_reliable,0.7146192056355011,100.0,322.3333333333333,348.3333333333333,0.8007662835249042,54.2183908045977,52.91653678810312,0.0124155188306145,0.009392213392616366,3840.0,0.9796480814076745,90.71180555555554,939.0,0.6180193821589152,0.7186666666666667,0.3484556391411122,0.06271186440677963,0.25247384789369515,0.1897619834869155
plk1,boba_ucb,0.8157854453918723,95.33333333333333,103.66666666666667,105.0,0.9813084112149534,64.55140186915888,64.55140186915888,0.008368573434414899,0.003179826423200633,2816.0,0.9490372086289272,37.28693181818182,905.3333333333334,0.6319656769434611,0.5273333333333333,0.09602330251118142,0.044315992292870865,0.25700483091787435,0.21268883862500346
plk1,greedy_surrogate,0.8372517654566676,95.66666666666667,105.66666666666667,106.0,0.9906542056074766,64.55140186915888,64.55140186915888,0.007200764757941833,0.0027527550148451333,55256.0,0.0,1.91834370928044,898.6666666666666,0.632153312365214,0.529,0.09718247433620968,0.056840077071290906,0.2492753623188406,0.1924352852475496
plk1,rabvs_budgeted_no_ucb,0.8522474410324877,96.33333333333333,106.0,106.0,0.9906542056074766,64.55140186915888,64.23955934805183,0.007863386800117866,0.0026474010331034334,2816.0,0.9490372086289272,37.642045454545446,976.0,0.6197220881779989,0.9183333333333333,0.09300512219152153,0.055876685934489335,0.25120772946859904,0.1953310435341096
plk1,rabvs_budgeted_random_parts,0.6339161150016414,92.66666666666667,101.33333333333333,101.66666666666667,0.9501557632398754,64.55140186915888,64.55140186915888,0.0081119583931227,0.003321561468211,2816.0,0.9490372086289272,36.103219696969695,976.3333333333334,0.6212697823842367,0.9266666666666667,0.08907169929715957,0.0664739884393063,0.23864734299516907,0.1721733545558627
plk1,rabvs_budgeted_reliable,0.8157854453918723,96.33333333333333,103.66666666666667,104.66666666666667,0.9781931464174454,64.55140186915888,64.55140186915888,0.008368573434414899,0.003179826423200633,2816.0,0.9490372086289272,37.1685606060606,975.0,0.6172532836596171,0.92,0.09250080878611748,0.044315992292870865,0.25700483091787435,0.21268883862500346
pnph,boba_ucb,0.875,100.0,103.0,103.0,1.0,68.47572815533981,68.47572815533981,0.0025198261159551667,0.0002965391753640333,2816.0,0.9500921593648092,36.57670454545455,660.6666666666666,0.6688401103019714,0.46233333333333326,0.11655460370358313,0.016997167138810165,0.2747875354107649,0.2577903682719547
pnph,greedy_surrogate,0.875,100.0,103.0,103.0,1.0,68.47572815533981,68.47572815533981,0.0017493841535146666,0.0001918249169392,56424.0,0.0,1.8254643414150007,655.0,0.6696229775746664,0.47766666666666663,0.1189585198315156,0.0358829084041548,0.2559017941454202,0.22001888574126535
pnph,rabvs_budgeted_no_ucb,0.875,100.0,103.0,103.0,1.0,68.47572815533981,68.47572815533981,0.0021533325250745997,0.00019851871942896666,2816.0,0.9500921593648092,36.57670454545455,956.0,0.6669246753056844,0.9653333333333333,0.08987466495918317,0.023607176581680735,0.2681775259678942,0.24457034938621336
pnph,rabvs_budgeted_random_parts,0.48136068943706517,99.66666666666667,102.33333333333333,102.33333333333333,0.9935275080906149,68.47572815533981,68.47572815533981,0.00265819604472,0.0004066722416852667,2816.0,0.9500921593648092,36.339962121212125,952.0,0.6738156278928121,0.9633333333333333,0.08950517177522856,0.09065155807365433,0.20113314447592065,0.11048158640226634
pnph,rabvs_budgeted_reliable,0.875,99.66666666666667,103.0,103.0,1.0,68.47572815533981,68.47572815533981,0.0025198261159551667,0.0002965391753640333,2816.0,0.9500921593648092,36.57670454545455,955.3333333333334,0.670546273390452,0.9596666666666667,0.08980909349785647,0.016997167138810165,0.2747875354107649,0.2577903682719547
ppara,boba_ucb,0.8239573902641107,100.0,368.6666666666667,370.0,0.9919571045576406,53.008042895442365,53.008042895442365,0.003428465815737167,0.0012158331994468333,3584.0,0.9773416953267248,103.23660714285715,841.6666666666666,0.5467692017555237,0.4609999999999999,0.39646723118191907,0.049179385619887994,0.3268172115492641,0.2776378259293761
ppara,greedy_surrogate,0.8500693963984741,100.0,371.6666666666667,372.0,0.9973190348525468,53.008042895442365,53.008042895442365,0.0025542191736956667,0.0007277710626340667,158176.0,0.0,2.3518106413109447,860.3333333333334,0.5446013410886129,0.4579999999999999,0.3916591427367788,0.0576149087776994,0.31917762049207954,0.26156271171438006
ppara,rabvs_budgeted_no_ucb,0.8499551370751535,100.0,372.0,373.0,1.0,53.008042895442365,53.008042895442365,0.0027462792492004002,0.0007755713451919,3584.0,0.9773416953267248,104.07366071428572,991.6666666666666,0.53964630762736,0.7983333333333333,0.3684458900134395,0.048164182053717634,0.3288411584670432,0.28067697641332545
ppara,rabvs_budgeted_random_parts,0.7121520013416816,100.0,357.0,359.3333333333333,0.9633601429848078,53.008042895442365,53.008042895442365,0.0034868221446584997,0.0012664468105180332,3584.0,0.9773416953267248,100.26041666666667,980.6666666666666,0.5421237150828043,0.7806666666666667,0.3558916808798717,0.16883053657573374,0.20728008088978767,0.03844954431405397
ppara,rabvs_budgeted_reliable,0.8239573902641107,100.0,367.6666666666667,370.3333333333333,0.9928507596067918,53.008042895442365,53.008042895442365,0.003428465815737167,0.0012158331994468333,3584.0,0.9773416953267248,103.32961309523809,984.0,0.5405945777893066,0.7883333333333334,0.36748581123316226,0.049179385619887994,0.3268172115492641,0.2776378259293761
ppard,boba_ucb,0.8533403656821378,100.0,238.0,238.66666666666666,0.9944444444444445,52.041666666666664,52.041666666666664,0.0036142047638255998,0.0008629349127537334,3072.0,0.9692554043234588,77.69097222222223,812.6666666666666,0.5836023489634196,0.48866666666666664,0.26604451073830754,0.03253333333333333,0.3498931623931623,0.317359829059829
ppard,greedy_surrogate,0.8721903845926556,100.0,237.33333333333334,237.33333333333334,0.9888888888888889,52.041666666666664,52.041666666666664,0.0019558124946157667,0.0005088944264203667,99920.0,0.0,2.3752335201494525,785.6666666666666,0.5889373620351156,0.45033333333333325,0.27037935363232307,0.0746249201277955,0.3055569288389513,0.23093200871115574
ppard,rabvs_budgeted_no_ucb,0.8652676080892608,100.0,239.33333333333334,240.0,1.0,52.041666666666664,52.041666666666664,0.0031531823519632667,0.0005142160714330333,3072.0,0.9692554043234588,78.125,998.3333333333334,0.5736221273740133,0.8643333333333333,0.2357896478594533,0.0512,0.33226495726495725,0.2810649572649572
ppard,rabvs_budgeted_random_parts,0.6805485658444104,100.0,233.0,234.66666666666666,0.9777777777777777,52.041666666666664,52.041666666666664,0.0032604875808245003,0.0009474558449024,3072.0,0.9692554043234588,76.3888888888889,997.0,0.5758174657821655,0.8706666666666667,0.2314071551500668,0.1376,0.24358974358974353,0.10598974358974356
ppard,rabvs_budgeted_reliable,0.8533403656821378,100.0,237.66666666666666,239.0,0.9958333333333332,52.041666666666664,52.041666666666664,0.0036142047638255998,0.0008629349127537334,3072.0,0.9692554043234588,77.79947916666667,995.3333333333334,0.5744856397310892,0.8606666666666666,0.2363996634464979,0.03253333333333333,0.3498931623931623,0.317359829059829
pparg,boba_ucb,0.7622736569488846,100.0,453.6666666666667,473.0,0.9772727272727272,53.27272727272727,53.27272727272727,0.0042403077672991335,0.0025286433465172,3840.0,0.981383803909401,123.17708333333333,909.6666666666666,0.5157872637112936,0.49133333333333334,0.49212472567820303,0.072609819121447,0.2971295577967416,0.2245197386752946
pparg,greedy_surrogate,0.8258949106139816,100.0,461.0,474.6666666666667,0.9807162534435262,53.27272727272727,53.27272727272727,0.0028965430628485667,0.0019780219311709333,206272.0,0.0,2.3011686834212433,915.0,0.5225812395413717,0.46433333333333326,0.48856698382818314,0.0594315245478036,0.31031807602792866,0.25088655148012495
pparg,rabvs_budgeted_no_ucb,0.8217174836580939,100.0,459.3333333333333,475.3333333333333,0.9820936639118457,53.27272727272727,53.20389945971342,0.003429731591691267,0.0020674844523526667,3840.0,0.981383803909401,123.78472222222224,985.6666666666666,0.5189473827679952,0.6619999999999999,0.4745056679363248,0.05762273901808781,0.31238686320144815,0.25476412418336025
pparg,rabvs_budgeted_random_parts,0.5325482400304258,100.0,445.3333333333333,465.3333333333333,0.9614325068870523,53.27272727272727,53.20389945971342,0.0039320713241200326,0.0028394825771213667,3840.0,0.981383803909401,121.18055555555554,973.6666666666666,0.5187483827273051,0.65,0.4649273410342698,0.12163582691338466,0.24779207524439992,0.12615624833101524
pparg,rabvs_budgeted_reliable,0.7622736569488846,100.0,454.0,470.0,0.9710743801652892,53.27272727272727,53.13507164669955,0.0042403077672991335,0.0025286433465172,3840.0,0.981383803909401,122.39583333333333,979.0,0.5108054478963217,0.6636666666666667,0.4691293572414958,0.072609819121447,0.2971295577967416,0.2245197386752946
prgr,boba_ucb,0.7628131887032815,99.66666666666667,265.0,274.6666666666667,0.9374288964732651,54.41296928327645,54.18482266154363,0.009137517612964568,0.006358308294112501,3328.0,0.9739070438436932,82.53205128205128,868.0,0.6307724714279175,0.543,0.2844775161090775,0.08187134502923973,0.2680886658301966,0.18621732080095676
prgr,greedy_surrogate,0.8092691339885838,100.0,271.0,277.0,0.9453924914675769,54.41296928327645,54.070749350677225,0.010029168801317666,0.0062100249035552,127544.0,0.0,2.171799535846453,868.3333333333334,0.6359216173489889,0.557,0.2898210607273681,0.0827067669172932,0.2668339606859054,0.18412719376861222
prgr,rabvs_budgeted_no_ucb,0.8035279553741095,99.33333333333333,272.3333333333333,277.3333333333333,0.9465301478953356,54.41296928327645,52.81594293114674,0.0102517355518845,0.006168693251601067,3328.0,0.9739070438436932,83.33333333333333,944.3333333333334,0.6269546151161194,0.739,0.2765793526299844,0.07852965747702587,0.27227101631116685,0.19374135883414093
prgr,rabvs_budgeted_random_parts,0.5681984287132908,98.0,258.0,269.6666666666667,0.9203640500568828,54.41296928327645,52.131503065948294,0.015472847199358666,0.009093341906258733,3328.0,0.9739070438436932,81.02964743589745,911.6666666666666,0.6280408104260763,0.6823333333333333,0.2703282557516973,0.09811292938227918,0.25480549968579824,0.15669257030351902
prgr,rabvs_budgeted_reliable,0.7628131887032815,100.0,264.0,272.3333333333333,0.9294653014789535,54.41296928327645,53.04408955287956,0.009137517612964568,0.006358308294112501,3328.0,0.9739070438436932,81.83092948717949,948.6666666666666,0.6235129237174988,0.7396666666666666,0.27009688232019874,0.08187134502923973,0.2680886658301966,0.18621732080095676
ptn1,boba_ucb,0.831604513491761,99.66666666666667,128.33333333333334,129.33333333333334,0.9948717948717949,56.76923076923077,56.76923076923077,0.0094637689604923,0.0033952504433222334,2816.0,0.9523035230352304,45.928030303030305,827.0,0.6404609481493632,0.4426666666666666,0.13850164117998018,0.06233062330623299,0.2872628726287263,0.2249322493224932
ptn1,greedy_surrogate,0.8613782051282052,99.0,130.0,130.0,1.0,56.76923076923077,56.76923076923077,0.009032463696661634,0.0032694590765758994,59040.0,0.0,2.2018970189701896,832.0,0.6418392459551493,0.4246666666666666,0.1371011016201902,0.07226738934056,0.28003613369467023,0.2077687443541102
ptn1,rabvs_budgeted_no_ucb,0.8618266746173723,100.0,129.33333333333334,129.33333333333334,0.9948717948717949,56.76923076923077,56.76923076923077,0.007920397727404467,0.0027714054369508668,2816.0,0.9523035230352304,45.928030303030305,991.0,0.6218706170717875,0.8576666666666667,0.12254014642734651,0.06955736224028901,0.2809394760614273,0.21138211382113817
ptn1,rabvs_budgeted_random_parts,0.6395627176104086,98.0,123.0,123.0,0.946153846153846,56.76923076923077,56.76923076923077,0.009452008761234034,0.0043057033736777,2816.0,0.9523035230352304,43.67897727272727,986.0,0.6251266400019327,0.856,0.11690624546176903,0.1291779584462511,0.22041553748870815,0.09123757904245704
ptn1,rabvs_budgeted_reliable,0.831604513491761,100.0,127.33333333333333,127.33333333333333,0.9794871794871796,56.76923076923077,56.76923076923077,0.0094637689604923,0.0033952504433222334,2816.0,0.9523035230352304,45.21780303030303,986.0,0.6247198979059855,0.8513333333333333,0.12190045264932951,0.06233062330623299,0.2872628726287263,0.2249322493224932
pur2,boba_ucb,0.875,50.0,50.0,50.0,1.0,55.0,55.0,0.0006236477151774666,4.162501085424646e-06,2670.0,0.8786363636363635,18.726591760299627,670.0,0.6727459828058878,0.37566666666666665,0.040519630956336865,0.014457998818336601,0.34867237913889765,0.33421438032056106
pur2,greedy_surrogate,0.875,50.0,50.0,50.0,1.0,55.0,55.0,0.0006048806845404,3.938116598256823e-06,22000.0,0.0,2.2727272727272725,674.0,0.6719138224919637,0.375,0.04053228658314557,0.0144927536231884,0.3503649635036496,0.3358722098804612
pur2,rabvs_budgeted_no_ucb,0.875,50.0,50.0,50.0,1.0,55.0,55.0,0.0006906331639564999,3.9296638450907205e-06,2670.0,0.8786363636363635,18.726591760299627,812.0,0.6551370819409689,0.56,0.034286309317314,0.009627329192546568,0.35351572756393423,0.3438883983713876
pur2,rabvs_budgeted_random_parts,0.7141666666666667,50.0,50.0,50.0,1.0,55.0,55.0,0.0006477234909367667,3.938901024475431e-06,2670.0,0.8786363636363635,18.726591760299627,776.3333333333334,0.660813053448995,0.5860000000000001,0.035734192219710165,0.012077294685990335,0.3519517613456045,0.33987446665961424
pur2,rabvs_budgeted_reliable,0.875,50.0,50.0,50.0,1.0,55.0,55.0,0.0006236477151774666,4.162501085424646e-06,2670.0,0.8786363636363635,18.726591760299627,771.0,0.6643140316009521,0.5866666666666666,0.0366295076340005,0.014457998818336601,0.34867237913889765,0.33421438032056106
pygm,boba_ucb,0.8610061928811928,75.0,76.33333333333333,76.33333333333333,0.9913419913419913,52.2987012987013,52.2987012987013,0.004084451347496233,0.0010588324802184334,2721.0,0.9155388626769309,28.053411735881422,775.0,0.6560115218162537,0.5663333333333334,0.0339883540041767,0.029702970297029663,0.34825870646766166,0.31855573617063193
pygm,greedy_surrogate,0.8706709956709956,77.0,77.0,77.0,1.0,52.2987012987013,52.2987012987013,0.0055720597329672675,0.0006456123443987666,32216.0,0.0,2.3901167121926994,766.0,0.6675172646840414,0.5753333333333334,0.034871273367095036,0.0313531353135313,0.351575456053068,0.32022232073953666
pygm,rabvs_budgeted_no_ucb,0.8687770562770561,77.0,77.0,77.0,1.0,52.2987012987013,52.2987012987013,0.005517157252872666,0.0006768519073089,2721.0,0.9155388626769309,28.298419698640213,951.3333333333334,0.6458171010017395,0.975,0.0304895739129159,0.033003300330032966,0.34991708126036486,0.3169137809303319
pygm,rabvs_budgeted_random_parts,0.689818796068796,75.0,75.0,75.0,0.9740259740259741,52.2987012987013,52.2987012987013,0.0058499792108056,0.0008534586678193333,2721.0,0.9155388626769309,27.56339581036384,911.6666666666666,0.6543132662773132,0.948,0.0314468805126543,0.06270627062706267,0.3200663349917081,0.2573600643646454
pygm,rabvs_budgeted_reliable,0.8610061928811928,74.66666666666667,75.66666666666667,76.0,0.987012987012987,52.2987012987013,52.2987012987013,0.004084451347496233,0.0010588324802184334,2721.0,0.9155388626769309,27.930907754502027,899.6666666666666,0.6470524668693542,0.9616666666666666,0.030657445821316968,0.029702970297029663,0.34825870646766166,0.31855573617063193
pyrd,boba_ucb,0.8533354559730707,100.0,111.0,111.0,1.0,59.108108108108105,59.108108108108105,0.003508755988282467,0.0005377454964053666,2816.0,0.9463496418228928,39.41761363636364,766.0,0.6325809359550476,0.5666666666666667,0.10291608317035554,0.0344478216818642,0.3038617886178862,0.2694139669360219
pyrd,greedy_surrogate,0.8734984984984985,100.0,111.0,111.0,1.0,59.108108108108105,59.108108108108105,0.0030548103626051666,0.0004105859413528,52488.0,0.0,2.114769090077732,779.6666666666666,0.6278842290242513,0.5646666666666668,0.1027269027269027,0.04356636271529884,0.2947154471544715,0.2511490844391726
pyrd,rabvs_budgeted_no_ucb,0.8740615615615616,100.0,111.0,111.0,1.0,59.108108108108105,59.108108108108105,0.0034021806376404663,0.0004611228510325667,2816.0,0.9463496418228928,39.41761363636364,958.3333333333334,0.6207762360572815,0.957,0.08802537148819638,0.03850050658561294,0.2997967479674796,0.2612962413818667
pyrd,rabvs_budgeted_random_parts,0.4068171408892991,88.0,88.0,88.0,0.7927927927927927,59.108108108108105,59.108108108108105,0.0035369834233108335,0.0015983576977344333,2816.0,0.9463496418228928,31.25,969.3333333333334,0.6259775559107462,0.9683333333333333,0.06386185391977962,0.160081053698075,0.17669953295277632,0.016618479254701297
pyrd,rabvs_budgeted_reliable,0.8533354559730707,100.0,110.66666666666667,110.66666666666667,0.9969969969969971,59.108108108108105,59.108108108108105,0.003508755988282467,0.0005377454964053666,2816.0,0.9463496418228928,39.29924242424243,958.6666666666666,0.6270819703737894,0.9593333333333334,0.08938950900078384,0.0344478216818642,0.3038617886178862,0.2694139669360219
reni,boba_ucb,0.8545358848667672,99.66666666666667,104.0,104.0,1.0,67.90384615384615,67.90384615384615,0.0052896307564056335,0.0008833885945941333,2816.0,0.9501557632398754,36.93181818181819,832.3333333333334,0.6150796810785929,0.4283333333333333,0.10153386984605321,0.02824858757062143,0.2662889518413597,0.23804036427073827
reni,greedy_surrogate,0.8695913461538461,100.0,104.0,104.0,1.0,67.90384615384615,67.90384615384615,0.004228228881122267,0.0006270703453548334,56496.0,0.0,1.8408382894364204,817.3333333333334,0.619715690612793,0.431,0.1026668835203391,0.050847457627118564,0.24339132429591923,0.1925438666688006
reni,rabvs_budgeted_no_ucb,0.8705929487179488,100.0,104.0,104.0,1.0,67.90384615384615,67.90384615384615,0.004831648073970867,0.0006542540566181333,2816.0,0.9501557632398754,36.93181818181819,993.0,0.6147359013557434,0.8993333333333333,0.09356684135578713,0.04425612052730693,0.2502360717658168,0.20597995123850976
reni,rabvs_budgeted_random_parts,0.5916802832244009,94.66666666666667,98.33333333333333,98.66666666666667,0.9487179487179488,67.90384615384615,67.90384615384615,0.005167836809448733,0.0013604065766379334,2816.0,0.9501557632398754,35.03787878787879,993.3333333333334,0.6190755168596903,0.9076666666666666,0.08873010354577081,0.09604519774011296,0.19546742209631726,0.09942222435620424
reni,rabvs_budgeted_reliable,0.8545358848667672,99.66666666666667,103.66666666666667,103.66666666666667,0.9967948717948718,67.90384615384615,67.90384615384615,0.0052896307564056335,0.0008833885945941333,2816.0,0.9501557632398754,36.813446969696976,976.3333333333334,0.6221987803777059,0.8653333333333334,0.09525634920075954,0.02824858757062143,0.2662889518413597,0.23804036427073827
rock1,boba_ucb,0.8334686147186147,93.0,99.0,99.0,0.9899999999999999,64.0,64.0,0.008568507881210033,0.0027310556137823336,2816.0,0.945,35.15625,890.3333333333334,0.642656664053599,0.6716666666666665,0.09678426185439908,0.05932307892004154,0.25,0.19067692107995846
rock1,greedy_surrogate,0.8712121212121212,94.33333333333333,99.0,99.0,0.9899999999999999,64.0,64.0,0.007077707278213967,0.0023048650739746,51200.0,0.0,1.93359375,891.6666666666666,0.6429623961448669,0.6616666666666667,0.09623386894025958,0.06979166666666667,0.23958333333333334,0.1697916666666666
rock1,rabvs_budgeted_no_ucb,0.8643202861952862,94.33333333333333,99.33333333333333,99.33333333333333,0.9933333333333333,64.0,64.0,0.0085659333960453,0.0026940962303936334,2816.0,0.945,35.27462121212121,988.6666666666666,0.6419979333877563,0.9419999999999998,0.09249862169452809,0.06354166666666666,0.24687500000000004,0.18333333333333332
rock1,rabvs_budgeted_random_parts,0.7313064562447785,84.33333333333333,87.66666666666667,87.66666666666667,0.8766666666666666,64.0,63.333333333333336,0.010008076731607933,0.003822351142546467,2816.0,0.945,31.131628787878793,990.3333333333334,0.6437756021817526,0.9443333333333334,0.08031356637383387,0.11145833333333333,0.19791666666666666,0.08645833333333335
rock1,rabvs_budgeted_reliable,0.8334686147186147,93.66666666666667,98.33333333333333,98.33333333333333,0.9833333333333334,64.0,64.0,0.008568507881210033,0.0027310556137823336,2816.0,0.945,34.91950757575757,989.3333333333334,0.6446849703788757,0.9456666666666665,0.09183267263892786,0.05932307892004154,0.25,0.19067692107995846
rxra,boba_ucb,0.8585323868243716,100.0,130.66666666666666,131.0,1.0,54.053435114503806,54.053435114503806,0.003138073762,0.0005897791823870333,2816.0,0.9502895071317612,46.51988636363635,730.3333333333334,0.6460685928662618,0.4246666666666666,0.13512500518952128,0.023474178403755833,0.3465160075329567,0.3230418291292008
rxra,greedy_surrogate,0.8687977099236641,100.0,131.0,131.0,1.0,54.053435114503806,54.053435114503806,0.0023129607278255,0.000201632018142,56648.0,0.0,2.312526479310832,716.0,0.6525507569313049,0.4126666666666667,0.13734875378332878,0.04694835680751167,0.3229755178907721,0.27602716108326036
rxra,rabvs_budgeted_no_ucb,0.8729325699745547,100.0,131.0,131.0,1.0,54.053435114503806,54.053435114503806,0.0028496866764212998,0.00023172834770643334,2816.0,0.9502895071317612,46.51988636363635,959.0,0.6185524861017863,0.9129999999999999,0.1143004375822374,0.030875757337319967,0.33805725680102555,0.30718149946370543
rxra,rabvs_budgeted_random_parts,0.6466034301774347,100.0,128.0,128.66666666666666,0.9821882951653945,54.053435114503806,54.053435114503806,0.0033725020383677333,0.0005972674733555667,2816.0,0.9502895071317612,45.691287878787875,948.6666666666666,0.6230700214703878,0.899,0.11371638667408317,0.07605633802816897,0.2937853107344633,0.21772897270629424
rxra,rabvs_budgeted_reliable,0.8585323868243716,100.0,129.0,129.33333333333334,0.9872773536895675,54.053435114503806,54.053435114503806,0.003138073762,0.0005897791823870333,2816.0,0.9502895071317612,45.928030303030305,914.6666666666666,0.6291197935740153,0.8913333333333333,0.11754643595956671,0.023474178403755833,0.3465160075329567,0.3230418291292008
sahh,boba_ucb,0.875,63.0,63.0,63.0,1.0,55.761904761904766,55.761904761904766,0.0007783473425452999,4.069008753498545e-06,2700.0,0.9039282664389412,23.333333333333332,649.6666666666666,0.6791327993075053,0.419,0.0209031669963414,0.0170454545454545,0.3409090909090909,0.3238636363636363
sahh,greedy_surrogate,0.875,63.0,63.0,63.0,1.0,55.761904761904766,55.761904761904766,0.0007327884809031001,3.5789220524894534e-06,28104.0,0.0,2.241673783091375,654.0,0.6794935862223307,0.4226666666666667,0.020780748308245434,0.0170454545454545,0.3409090909090909,0.3238636363636363
sahh,rabvs_budgeted_no_ucb,0.875,63.0,63.0,63.0,1.0,55.761904761904766,55.761904761904766,0.0008340784274534001,3.7270802957971483e-06,2700.0,0.9039282664389412,23.333333333333332,811.6666666666666,0.6790595253308614,0.8610000000000001,0.016271294234470234,0.0170454545454545,0.3409090909090909,0.3238636363636363
sahh,rabvs_budgeted_random_parts,0.7452296521445457,62.333333333333336,62.333333333333336,62.333333333333336,0.9894179894179893,55.761904761904766,55.761904761904766,0.0007704798169568665,8.823638661869844e-06,2700.0,0.9039282664389412,23.086419753086417,818.6666666666666,0.6866885821024576,0.777,0.015411095075150733,0.04545454545454539,0.3125,0.26704545454545453
sahh,rabvs_budgeted_reliable,0.875,63.0,63.0,63.0,1.0,55.761904761904766,55.761904761904766,0.0007783473425452999,4.069008753498545e-06,2700.0,0.9039282664389412,23.333333333333332,815.6666666666666,0.6859426498413086,0.7799999999999999,0.016293044939847703,0.0170454545454545,0.3409090909090909,0.3238636363636363
src,boba_ucb,0.7750256191997318,100.0,438.6666666666667,463.0,0.8835877862595419,66.83969465648855,66.83969465648855,0.004110715705362567,0.003629034421295267,4352.0,0.9844677935130196,106.38786764705883,945.6666666666666,0.5565008123715719,0.5950000000000001,0.4668666021949521,0.048325722983257165,0.22786978869217586,0.17954406570891868
src,greedy_surrogate,0.8153526428311499,100.0,449.0,467.0,0.8912213740458016,66.83969465648855,66.77603780443475,0.0025829145709606333,0.0030901588577381665,280192.0,0.0,1.6667142530835999,944.6666666666666,0.559431791305542,0.5710000000000001,0.4710141631497164,0.0433789954337899,0.2311060346468684,0.1877270392130785
src,rabvs_budgeted_no_ucb,0.812397196170673,100.0,450.0,465.6666666666667,0.8886768447837149,66.83969465648855,66.64872410032716,0.0025766532366505,0.0030827497759234666,4352.0,0.9844677935130196,107.00061274509805,984.3333333333334,0.5571583906809489,0.7213333333333334,0.46255653500143384,0.041286149162861434,0.23243860651056536,0.1911524573477039
src,rabvs_budgeted_random_parts,0.4743784826964974,99.66666666666667,432.3333333333333,456.3333333333333,0.8708651399491094,66.83969465648855,65.5029007633588,0.0095349665636533,0.0058953950799518,4352.0,0.9844677935130196,104.85600490196077,966.0,0.562287449836731,0.649,0.4563262487088375,0.0662100456621004,0.2090234151913192,0.14281336952921872
src,rabvs_budgeted_reliable,0.7750256191997318,100.0,440.6666666666667,461.6666666666667,0.8810432569974554,66.83969465648855,66.45775354416575,0.004110715705362567,0.003629034421295267,4352.0,0.9844677935130196,106.08149509803921,985.3333333333334,0.5557265480359396,0.7203333333333334,0.4600358938904516,0.048325722983257165,0.22786978869217586,0.17954406570891868
tgfr1,boba_ucb,0.858049226118732,100.0,132.33333333333334,133.0,1.0,64.90977443609023,64.90977443609023,0.0023527184916243,0.0002976987793281333,3072.0,0.9555195181281132,43.294270833333336,871.0,0.6300573746363322,0.6943333333333334,0.12634602309665954,0.0231481481481481,0.2847222222222222,0.261574074074074
tgfr1,greedy_surrogate,0.8724937343358397,100.0,133.0,133.0,1.0,64.90977443609023,64.90977443609023,0.0017671473135558002,0.00017107618715523333,69064.0,0.0,1.925750028958647,872.3333333333334,0.6282950242360433,0.707,0.12574290869267699,0.0223765432098765,0.2854938271604938,0.2631172839506173
tgfr1,rabvs_budgeted_no_ucb,0.8726503759398496,100.0,133.0,133.0,1.0,64.90977443609023,64.90977443609023,0.0020169186116184667,0.00017918246140010002,3072.0,0.9555195181281132,43.294270833333336,964.0,0.6222976644833883,0.9883333333333333,0.12019473236822527,0.022360505231944768,0.2854938271604938,0.263133321928549
tgfr1,rabvs_budgeted_random_parts,0.7044936582882522,100.0,130.33333333333334,131.0,0.9849624060150376,64.90977443609023,64.90977443609023,0.0018816498321194664,0.0003619981964331333,3072.0,0.9555195181281132,42.643229166666664,964.3333333333334,0.6263089776039124,0.991,0.11837756902689371,0.07330246913580243,0.23302469135802464,0.15972222222222218
tgfr1,rabvs_budgeted_reliable,0.858049226118732,100.0,132.66666666666666,132.66666666666666,0.9974937343358397,64.90977443609023,64.90977443609023,0.0023527184916243,0.0002976987793281333,3072.0,0.9555195181281132,43.18576388888889,964.0,0.6248838305473328,0.988,0.12044393753022146,0.0231481481481481,0.2847222222222222,0.261574074074074
thb,boba_ucb,0.8181524156054175,95.66666666666667,98.66666666666667,98.66666666666667,0.9579288025889968,73.33009708737865,73.33009708737865,0.0050556663223547,0.0017362810731906665,2816.0,0.9533960015887728,35.03787878787879,806.6666666666666,0.6352919936180115,0.5203333333333332,0.08176002539008803,0.029982363315696633,0.23104056437389767,0.20105820105820096
thb,greedy_surrogate,0.8679603309645348,97.33333333333333,99.0,99.0,0.9611650485436893,73.33009708737865,73.33009708737865,0.0029178236705411,0.0011101393681498333,60424.0,0.0,1.6384218191447106,780.6666666666666,0.6351192196210226,0.5033333333333333,0.0836729857475517,0.029982363315696633,0.2319223985890652,0.20194003527336857
thb,rabvs_budgeted_no_ucb,0.8659251659827177,97.33333333333333,99.0,99.0,0.9611650485436893,73.33009708737865,73.33009708737865,0.003273101922884133,0.0010867646670211333,2816.0,0.9533960015887728,35.15625,955.0,0.6124244928359985,0.9306666666666666,0.07597973606928686,0.026455026455026436,0.23544973544973538,0.20899470899470893
thb,rabvs_budgeted_random_parts,0.7476927997076023,94.33333333333333,97.66666666666667,97.66666666666667,0.9482200647249192,73.33009708737865,73.33009708737865,0.0043619456658741005,0.0015449577411374,2816.0,0.9533960015887728,34.68276515151515,956.0,0.6159276962280273,0.9246666666666666,0.07465655211667498,0.09259259259259256,0.173721340388007,0.08112874779541444
thb,rabvs_budgeted_reliable,0.8181524156054175,95.0,97.0,97.0,0.941747572815534,73.33009708737865,73.33009708737865,0.0050556663223547,0.0017362810731906665,2816.0,0.9533960015887728,34.44602272727273,952.0,0.618832012017568,0.9233333333333333,0.07514920454236136,0.029982363315696633,0.23104056437389767,0.20105820105820096
thrb,boba_ucb,0.7665504638160888,100.0,431.3333333333333,446.0,0.9674620390455532,59.577006507592195,59.577006507592195,0.0036931969555739665,0.0021962921893684665,3840.0,0.9825232113599126,116.14583333333331,892.0,0.5375667214393616,0.4043333333333334,0.4538493669378354,0.06356137797185828,0.2663267783442583,0.20276540037239996
thrb,greedy_surrogate,0.813545805501171,100.0,446.0,455.3333333333333,0.9877078814172089,59.577006507592195,59.577006507592195,0.0034879093541046002,0.0016405615718941,219720.0,0.0,2.0723344863159174,902.0,0.5357310970624288,0.39366666666666666,0.4632218154526162,0.04463852498786994,0.2881062410747511,0.2434677160868811
thrb,rabvs_budgeted_no_ucb,0.8138244248441616,100.0,445.3333333333333,454.0,0.9848156182212581,59.577006507592195,59.50479195424966,0.003588377130069166,0.0016036052924225665,3840.0,0.9825232113599126,118.22916666666667,976.6666666666666,0.5253805716832479,0.6096666666666667,0.45129582465933593,0.04024264296262467,0.29251714061417355,0.2522744976515489
thrb,rabvs_budgeted_random_parts,0.5164504255808603,100.0,428.3333333333333,440.3333333333333,0.9551699204627622,59.577006507592195,59.50479195424966,0.0037199457382797664,0.002476310767800633,3840.0,0.9825232113599126,114.6701388888889,972.0,0.5320496956507365,0.6196666666666667,0.44178079485088123,0.06938379427462389,0.25613012867200774,0.18674633439738378
thrb,rabvs_budgeted_reliable,0.7665504638160888,100.0,431.3333333333333,446.6666666666667,0.9689081706435285,59.577006507592195,59.577006507592195,0.0036931969555739665,0.0021962921893684665,3840.0,0.9825232113599126,116.31944444444444,971.6666666666666,0.5263369480768839,0.6086666666666667,0.44576186804302126,0.06356137797185828,0.2663267783442583,0.20276540037239996
try1,boba_ucb,0.8133125486822187,100.0,427.6666666666667,436.3333333333333,0.9717891610987378,58.8619153674833,58.8619153674833,0.0023597800752378334,0.0016182401775792666,3840.0,0.9818381323546103,113.62847222222221,853.3333333333334,0.5309359033902487,0.2936666666666667,0.45485018118983306,0.0592273752881364,0.2759450236905171,0.21671764840238059
try1,greedy_surrogate,0.8334731543624162,100.0,444.6666666666667,446.6666666666667,0.9948032665181885,58.8619153674833,58.8619153674833,0.0026106117147228335,0.0008824122198457001,211432.0,0.0,2.112578354585241,869.6666666666666,0.5408170024553934,0.3016666666666666,0.4612660711666641,0.04412506303580427,0.29414634537398315,0.25002128233817883
try1,rabvs_budgeted_no_ucb,0.832013707058851,99.66666666666667,443.0,446.6666666666667,0.9948032665181885,58.10727542687454,58.78759476727183,0.0028921873262116003,0.0009042752786509,3840.0,0.9818381323546103,116.31944444444446,978.0,0.5356910427411398,0.5493333333333333,0.44433258431378736,0.03958648512355013,0.2987635629573555,0.25917707783380534
try1,rabvs_budgeted_random_parts,0.6145508610390659,99.66666666666667,428.6666666666667,436.3333333333333,0.971789161098738,58.10727542687454,58.78759476727183,0.0032649670842406,0.0015787698040117335,3840.0,0.9818381323546103,113.62847222222221,970.0,0.5338028271993002,0.5386666666666667,0.43505260507083365,0.0635400907715582,0.2740348221044663,0.21049473133290805
try1,rabvs_budgeted_reliable,0.8133125486822187,99.66666666666667,428.6666666666667,436.6666666666667,0.9725315515961396,58.10727542687454,58.78759476727183,0.0023597800752378334,0.0016182401775792666,3840.0,0.9818381323546103,113.71527777777777,977.0,0.5312953591346741,0.5573333333333333,0.4364492816967583,0.0592273752881364,0.2759450236905171,0.21671764840238059
tryb1,boba_ucb,0.8698775743173982,100.0,147.0,147.0,0.9932432432432433,52.68918918918919,52.68918918918919,0.004143708627724867,0.0006205796900548333,3072.0,0.950756604257502,47.8515625,859.6666666666666,0.6193769971529642,0.4863333333333333,0.15376874252068298,0.0273504273504273,0.3495726495726495,0.3222222222222222
tryb1,greedy_surrogate,0.8723072562358277,100.0,147.0,147.0,0.9932432432432433,52.68918918918919,52.68918918918919,0.0028450583823594667,0.00042590976720583335,62384.0,0.0,2.3563734290843805,862.3333333333334,0.6184615691502889,0.47866666666666663,0.15417943642508855,0.03162393162393157,0.34529914529914524,0.31367521367521367
tryb1,rabvs_budgeted_no_ucb,0.871056643378072,100.0,147.66666666666666,147.66666666666666,0.9977477477477477,52.68918918918919,52.68918918918919,0.003763568936096,0.0004925209753345333,3072.0,0.950756604257502,48.06857638888889,996.6666666666666,0.608696440855662,0.9026666666666667,0.14286068500033558,0.025616980348438134,0.3532924658888669,0.32767548554042875
tryb1,rabvs_budgeted_random_parts,0.6420410810069659,100.0,144.66666666666666,144.66666666666666,0.9774774774774775,52.68918918918919,52.68918918918919,0.0044343400657249335,0.0009098426447523,3072.0,0.950756604257502,47.09201388888889,996.3333333333334,0.6100403666496277,0.903,0.14067239267243695,0.08803418803418796,0.28888888888888886,0.2008547008547008
tryb1,rabvs_budgeted_reliable,0.8698775743173982,100.0,147.0,147.0,0.9932432432432433,52.68918918918919,52.68918918918919,0.004143708627724867,0.0006205796900548333,3072.0,0.950756604257502,47.8515625,996.0,0.6133478085199991,0.9026666666666667,0.14343736149013317,0.0273504273504273,0.3495726495726495,0.3222222222222222
tysy,boba_ucb,0.8520171957671958,99.33333333333333,105.33333333333333,106.0,0.9724770642201834,62.92660550458715,62.92660550458715,0.0059449587580018325,0.0017749190724779332,2816.0,0.9486805656801284,37.64204545454545,860.0,0.6484771370887756,0.41733333333333333,0.1068199473606739,0.044649919768571834,0.26239067055393583,0.21774075078536392
tysy,greedy_surrogate,0.8618119266055047,100.0,109.0,109.0,1.0,62.92660550458715,62.92660550458715,0.004993655717993034,0.0010041971702909665,54872.0,0.0,1.986441172182534,867.6666666666666,0.6491677562395731,0.4183333333333333,0.10929967987516194,0.054421768707482936,0.2633624878522838,0.20894071914480072
tysy,rabvs_budgeted_no_ucb,0.8700091275042127,99.33333333333333,105.33333333333333,105.33333333333333,0.9663608562691132,62.92660550458715,62.92660550458715,0.0042127274911168,0.001377606980102133,2816.0,0.9486805656801284,37.405303030303024,998.3333333333334,0.6377231280008951,0.9176666666666667,0.09779012586569331,0.05150631681243923,0.2575315840621963,0.206025267249757
tysy,rabvs_budgeted_random_parts,0.6675874201504239,97.0,104.33333333333333,104.33333333333333,0.9571865443425076,62.92660550458715,62.92660550458715,0.005160009524604567,0.0016377402973486667,2816.0,0.9486805656801284,37.05018939393939,996.3333333333334,0.6370758414268494,0.9133333333333334,0.09691010533758222,0.11551065608967837,0.2013366750208855,0.08582601893120713
tysy,rabvs_budgeted_reliable,0.8520171957671958,99.33333333333333,105.33333333333333,105.33333333333333,0.9663608562691132,62.92660550458715,62.92660550458715,0.0059449587580018325,0.0017749190724779332,2816.0,0.9486805656801284,37.405303030303024,996.3333333333334,0.6422087351481119,0.9036666666666667,0.09884446765294976,0.044649919768571834,0.26239067055393583,0.21774075078536392
urok,boba_ucb,0.8512532287947635,100.0,159.33333333333334,161.0,0.9938271604938272,61.80246913580246,61.80246913580246,0.004277277566982367,0.001055204588391,3072.0,0.9616460247702756,52.40885416666666,798.0,0.6159962018330892,0.36400000000000005,0.17737485238204423,0.027944111776447067,0.2934131736526946,0.2654690618762474
urok,greedy_surrogate,0.8654835390946501,100.0,162.0,162.0,1.0,61.80246913580246,61.80246913580246,0.0041476387754776,0.0007168232260368334,80096.0,0.0,2.022572912504994,802.0,0.6237745483716329,0.36400000000000005,0.17689665432247056,0.05522288755821687,0.26813040585495673,0.21290751829673984
urok,rabvs_budgeted_no_ucb,0.8682792091608517,100.0,162.0,162.0,1.0,61.80246913580246,61.80246913580246,0.004085176872487267,0.0007263164580600333,3072.0,0.9616460247702756,52.734375,995.3333333333334,0.6356818477312723,0.8126666666666665,0.15569128497060594,0.04657351962741177,0.2754491017964072,0.2288755821689953
urok,rabvs_budgeted_random_parts,0.6483678376230558,100.0,147.66666666666666,148.0,0.9135802469135803,61.80246913580246,61.80246913580246,0.0049875246776945005,0.0013167983228628336,3072.0,0.9616460247702756,48.177083333333336,996.3333333333334,0.6369666258494059,0.8176666666666668,0.14163719333849786,0.11044577511643373,0.21091151031270786,0.10046573519627407
urok,rabvs_budgeted_reliable,0.8512532287947635,100.0,161.0,161.33333333333334,0.9958847736625515,61.80246913580246,61.80246913580246,0.004277277566982367,0.001055204588391,3072.0,0.9616460247702756,52.51736111111111,995.3333333333334,0.638144294420878,0.8216666666666667,0.15672129550601974,0.027944111776447067,0.2934131736526946,0.2654690618762474
vgfr2,boba_ucb,0.7510260901304319,100.0,390.3333333333333,402.6666666666667,0.9845150774246129,62.0,61.91863517060367,0.0052941283272652,0.0029260172518011003,3840.0,0.9810710623866236,104.8611111111111,956.6666666666666,0.5697192748387655,0.585,0.40238474307973165,0.05441640378548893,0.26550998948475285,0.21109358569926392
vgfr2,greedy_surrogate,0.8274061657442884,100.0,397.0,404.3333333333333,0.9885900570497147,62.0,62.0,0.003702159793458467,0.0023520761307186332,202864.0,0.0,1.9931251150195861,954.3333333333334,0.572675367196401,0.5773333333333334,0.4037441154569152,0.0533648790746582,0.2668243953732912,0.21345951629863302
vgfr2,rabvs_budgeted_no_ucb,0.8260346544890221,100.0,398.3333333333333,402.0,0.982885085574572,62.0,61.75590551181102,0.0037308056245127334,0.0023399168601061335,3840.0,0.9810710623866236,104.6875,987.0,0.56831028064092,0.758,0.3967109115301663,0.05283911671924287,0.2678759200841219,0.21503680336487907
vgfr2,rabvs_budgeted_random_parts,0.5667689540568696,100.0,386.6666666666667,398.0,0.9731051344743276,62.0,61.349081364829395,0.004937696951861266,0.0032059818968881,3840.0,0.9810710623866236,103.64583333333333,983.6666666666666,0.5708117882410685,0.7396666666666666,0.3923334028664553,0.09644963329215067,0.2229232386961093,0.12647360540395863
vgfr2,rabvs_budgeted_reliable,0.7510260901304319,100.0,390.0,402.0,0.9828850855745722,62.0,61.59317585301837,0.0052941283272652,0.0029260172518011003,3840.0,0.9810710623866236,104.6875,982.0,0.564202348391215,0.731,0.39794005104749286,0.05441640378548893,0.26550998948475285,0.21109358569926392
wee1,boba_ucb,0.8713235294117648,100.0,102.0,102.0,1.0,61.29411764705883,61.29411764705883,0.0012766262159961334,2.6060587090916044e-05,2810.0,0.943817978246961,36.29893238434163,838.3333333333334,0.644403874874115,0.425,0.08354490971308787,0.0031948881789137,0.3226837060702875,0.3194888178913738
wee1,greedy_surrogate,0.8747957516339869,100.0,102.0,102.0,1.0,61.29411764705883,61.29411764705883,0.0008442992632620333,1.6200141970680316e-05,50016.0,0.0,2.0393474088291743,840.6666666666666,0.6440498431523641,0.43199999999999994,0.08314344984177534,0.0031948881789137,0.3226837060702875,0.3194888178913738
wee1,rabvs_budgeted_no_ucb,0.875,100.0,102.0,102.0,1.0,61.29411764705883,61.29411764705883,0.0011447820813772333,2.0321091097648845e-05,2810.0,0.943817978246961,36.29893238434163,956.0,0.6364323496818542,0.9036666666666667,0.0776131721163703,0.0031948881789137,0.3226837060702875,0.3194888178913738
wee1,rabvs_budgeted_random_parts,0.79663257007007,100.0,101.66666666666667,101.66666666666667,0.9967320261437909,61.29411764705883,61.29411764705883,0.0011207721026340667,9.95787048451347e-05,2810.0,0.943817978246961,36.1803084223013,956.0,0.6369453072547913,0.9043333333333333,0.07747084999568198,0.0287539936102236,0.2971246006389776,0.268370607028754
wee1,rabvs_budgeted_reliable,0.8713235294117648,100.0,102.0,102.0,1.0,61.29411764705883,61.29411764705883,0.0012766262159961334,2.6060587090916044e-05,2810.0,0.943817978246961,36.29893238434163,956.0,0.6373470226923624,0.9033333333333333,0.07831918355771263,0.0031948881789137,0.3226837060702875,0.3194888178913738
xiap,boba_ucb,0.8562500000000001,100.0,100.0,100.0,1.0,52.49999999999999,52.49999999999999,0.0035180900448717003,0.0002728431118432,2770.0,0.934047619047619,36.101083032490976,681.0,0.6559921701749166,0.4676666666666666,0.07194329478470234,0.016476552598225534,0.3651399491094147,0.34866339651118916
xiap,greedy_surrogate,0.8727083333333333,100.0,100.0,100.0,1.0,52.49999999999999,52.49999999999999,0.0023895661829246334,0.00014790465979893332,42000.0,0.0,2.3809523809523814,691.6666666666666,0.6532212893168131,0.4619999999999999,0.07123806490010727,0.02027883396704683,0.36132315521628494,0.34104432124923806
xiap,rabvs_budgeted_no_ucb,0.861875,99.33333333333333,99.66666666666667,99.66666666666667,0.9966666666666667,52.49999999999999,52.49999999999999,0.0028942175561933667,0.00029647176347133333,2770.0,0.934047619047619,35.98074608904934,949.3333333333334,0.6370139320691427,0.985,0.05768589990730983,0.016462150017283034,0.3656127830910669,0.34915063307378374
xiap,rabvs_budgeted_random_parts,0.6967592592592592,95.0,95.33333333333333,95.33333333333333,0.9533333333333333,52.49999999999999,52.49999999999999,0.0022457725016301333,0.0007572471571313666,2770.0,0.934047619047619,34.416365824308066,942.0,0.639544685681661,0.9803333333333333,0.0545922228798001,0.11896051772477624,0.2585621947296072,0.13960167700483092
xiap,rabvs_budgeted_reliable,0.8562500000000001,100.0,100.0,100.0,1.0,52.49999999999999,52.49999999999999,0.0035180900448717003,0.0002728431118432,2770.0,0.934047619047619,36.101083032490976,935.0,0.6459553837776184,0.9646666666666667,0.06017012858441703,0.016476552598225534,0.3651399491094147,0.34866339651118916
