seed,target,method,round,pool_size,active_count,queried_total,new_hits,cumulative_hits,risk_alert_rate_queried
0,aa2ar,greedy_surrogate,1,32032,482,768,253,269,0.4140625
0,aa2ar,greedy_surrogate,2,32032,482,1024,128,397,0.384765625
0,aa2ar,greedy_surrogate,3,32032,482,1280,35,432,0.390625
0,aa2ar,greedy_surrogate,4,32032,482,1536,17,449,0.37890625
0,aa2ar,greedy_surrogate,5,32032,482,1792,9,458,0.390625
0,aa2ar,greedy_surrogate,6,32032,482,2048,5,463,0.3896484375
0,aa2ar,greedy_surrogate,7,32032,482,2304,7,470,0.3962673611111111
0,aa2ar,greedy_surrogate,8,32032,482,2560,0,470,0.397265625
0,aa2ar,boba_ucb,1,32032,482,768,252,268,0.4127604166666667
0,aa2ar,boba_ucb,2,32032,482,1024,12,280,0.419921875
0,aa2ar,boba_ucb,3,32032,482,1280,0,280,0.45625
0,aa2ar,boba_ucb,4,32032,482,1536,2,282,0.43359375
0,aa2ar,boba_ucb,5,32032,482,1792,7,289,0.4497767857142857
0,aa2ar,boba_ucb,6,32032,482,2048,88,377,0.43359375
0,aa2ar,boba_ucb,7,32032,482,2304,12,389,0.4370659722222222
0,aa2ar,boba_ucb,8,32032,482,2560,8,397,0.448046875
0,aa2ar,boba_risk_final,1,32032,482,768,252,268,0.4127604166666667
0,aa2ar,boba_risk_final,2,32032,482,1024,12,280,0.419921875
0,aa2ar,boba_risk_final,3,32032,482,1280,0,280,0.45625
0,aa2ar,boba_risk_final,4,32032,482,1536,2,282,0.43359375
0,aa2ar,boba_risk_final,5,32032,482,1792,7,289,0.4497767857142857
0,aa2ar,boba_risk_final,6,32032,482,2048,88,377,0.43359375
0,aa2ar,boba_risk_final,7,32032,482,2304,12,389,0.4370659722222222
0,aa2ar,boba_risk_final,8,32032,482,2560,8,397,0.448046875
0,aa2ar,rabvs_hit,1,32032,482,768,64,80,0.4153645833333333
0,aa2ar,rabvs_hit,2,32032,482,1024,25,105,0.4267578125
0,aa2ar,rabvs_hit,3,32032,482,1280,80,185,0.3765625
0,aa2ar,rabvs_hit,4,32032,482,1536,106,291,0.36328125
0,aa2ar,rabvs_hit,5,32032,482,1792,0,291,0.3677455357142857
0,aa2ar,rabvs_hit,6,32032,482,2048,30,321,0.36572265625
0,aa2ar,rabvs_hit,7,32032,482,2304,4,325,0.3472222222222222
0,aa2ar,rabvs_hit,8,32032,482,2560,29,354,0.326171875
0,aa2ar,rabvs_reliable_q90,1,32032,482,768,64,80,0.4153645833333333
0,aa2ar,rabvs_reliable_q90,2,32032,482,1024,25,105,0.4267578125
0,aa2ar,rabvs_reliable_q90,3,32032,482,1280,80,185,0.3765625
0,aa2ar,rabvs_reliable_q90,4,32032,482,1536,106,291,0.36328125
0,aa2ar,rabvs_reliable_q90,5,32032,482,1792,0,291,0.3677455357142857
0,aa2ar,rabvs_reliable_q90,6,32032,482,2048,30,321,0.36572265625
0,aa2ar,rabvs_reliable_q90,7,32032,482,2304,4,325,0.3472222222222222
0,aa2ar,rabvs_reliable_q90,8,32032,482,2560,29,354,0.326171875
0,aa2ar,rabvs_reliable,1,32032,482,768,64,80,0.4153645833333333
0,aa2ar,rabvs_reliable,2,32032,482,1024,25,105,0.4267578125
0,aa2ar,rabvs_reliable,3,32032,482,1280,80,185,0.3765625
0,aa2ar,rabvs_reliable,4,32032,482,1536,106,291,0.36328125
0,aa2ar,rabvs_reliable,5,32032,482,1792,0,291,0.3677455357142857
0,aa2ar,rabvs_reliable,6,32032,482,2048,30,321,0.36572265625
0,aa2ar,rabvs_reliable,7,32032,482,2304,4,325,0.3472222222222222
0,aa2ar,rabvs_reliable,8,32032,482,2560,29,354,0.326171875
1,aa2ar,greedy_surrogate,1,32032,482,768,255,271,0.44140625
1,aa2ar,greedy_surrogate,2,32032,482,1024,124,395,0.3896484375
1,aa2ar,greedy_surrogate,3,32032,482,1280,32,427,0.40703125
1,aa2ar,greedy_surrogate,4,32032,482,1536,19,446,0.3899739583333333
1,aa2ar,greedy_surrogate,5,32032,482,1792,12,458,0.41294642857142855
1,aa2ar,greedy_surrogate,6,32032,482,2048,7,465,0.41845703125
1,aa2ar,greedy_surrogate,7,32032,482,2304,5,470,0.4253472222222222
1,aa2ar,greedy_surrogate,8,32032,482,2560,1,471,0.419140625
1,aa2ar,boba_ucb,1,32032,482,768,256,272,0.44140625
1,aa2ar,boba_ucb,2,32032,482,1024,50,322,0.423828125
1,aa2ar,boba_ucb,3,32032,482,1280,5,327,0.42265625
1,aa2ar,boba_ucb,4,32032,482,1536,0,327,0.4921875
1,aa2ar,boba_ucb,5,32032,482,1792,0,327,0.5027901785714286
1,aa2ar,boba_ucb,6,32032,482,2048,17,344,0.50390625
1,aa2ar,boba_ucb,7,32032,482,2304,54,398,0.4895833333333333
1,aa2ar,boba_ucb,8,32032,482,2560,10,408,0.48828125
1,aa2ar,boba_risk_final,1,32032,482,768,256,272,0.44140625
1,aa2ar,boba_risk_final,2,32032,482,1024,50,322,0.423828125
1,aa2ar,boba_risk_final,3,32032,482,1280,5,327,0.42265625
1,aa2ar,boba_risk_final,4,32032,482,1536,0,327,0.4921875
1,aa2ar,boba_risk_final,5,32032,482,1792,0,327,0.5027901785714286
1,aa2ar,boba_risk_final,6,32032,482,2048,17,344,0.50390625
1,aa2ar,boba_risk_final,7,32032,482,2304,54,398,0.4895833333333333
1,aa2ar,boba_risk_final,8,32032,482,2560,10,408,0.48828125
1,aa2ar,rabvs_hit,1,32032,482,768,80,96,0.4296875
1,aa2ar,rabvs_hit,2,32032,482,1024,78,174,0.3935546875
1,aa2ar,rabvs_hit,3,32032,482,1280,1,175,0.3484375
1,aa2ar,rabvs_hit,4,32032,482,1536,2,177,0.322265625
1,aa2ar,rabvs_hit,5,32032,482,1792,0,177,0.3482142857142857
1,aa2ar,rabvs_hit,6,32032,482,2048,103,280,0.34423828125
1,aa2ar,rabvs_hit,7,32032,482,2304,8,288,0.3285590277777778
1,aa2ar,rabvs_hit,8,32032,482,2560,67,355,0.32734375
1,aa2ar,rabvs_reliable_q90,1,32032,482,768,80,96,0.4296875
1,aa2ar,rabvs_reliable_q90,2,32032,482,1024,78,174,0.3935546875
1,aa2ar,rabvs_reliable_q90,3,32032,482,1280,1,175,0.3484375
1,aa2ar,rabvs_reliable_q90,4,32032,482,1536,2,177,0.322265625
1,aa2ar,rabvs_reliable_q90,5,32032,482,1792,0,177,0.3482142857142857
1,aa2ar,rabvs_reliable_q90,6,32032,482,2048,103,280,0.34423828125
1,aa2ar,rabvs_reliable_q90,7,32032,482,2304,8,288,0.3285590277777778
1,aa2ar,rabvs_reliable_q90,8,32032,482,2560,67,355,0.32734375
1,aa2ar,rabvs_reliable,1,32032,482,768,80,96,0.4296875
1,aa2ar,rabvs_reliable,2,32032,482,1024,78,174,0.3935546875
1,aa2ar,rabvs_reliable,3,32032,482,1280,1,175,0.3484375
1,aa2ar,rabvs_reliable,4,32032,482,1536,2,177,0.322265625
1,aa2ar,rabvs_reliable,5,32032,482,1792,0,177,0.3482142857142857
1,aa2ar,rabvs_reliable,6,32032,482,2048,103,280,0.34423828125
1,aa2ar,rabvs_reliable,7,32032,482,2304,8,288,0.3285590277777778
1,aa2ar,rabvs_reliable,8,32032,482,2560,67,355,0.32734375
2,aa2ar,greedy_surrogate,1,32032,482,768,255,271,0.4309895833333333
2,aa2ar,greedy_surrogate,2,32032,482,1024,113,384,0.396484375
2,aa2ar,greedy_surrogate,3,32032,482,1280,48,432,0.384375
2,aa2ar,greedy_surrogate,4,32032,482,1536,19,451,0.3841145833333333
2,aa2ar,greedy_surrogate,5,32032,482,1792,7,458,0.40345982142857145
2,aa2ar,greedy_surrogate,6,32032,482,2048,9,467,0.4033203125
2,aa2ar,greedy_surrogate,7,32032,482,2304,3,470,0.4049479166666667
2,aa2ar,greedy_surrogate,8,32032,482,2560,1,471,0.40546875
2,aa2ar,boba_ucb,1,32032,482,768,256,272,0.4348958333333333
2,aa2ar,boba_ucb,2,32032,482,1024,16,288,0.427734375
2,aa2ar,boba_ucb,3,32032,482,1280,11,299,0.43046875
2,aa2ar,boba_ucb,4,32032,482,1536,2,301,0.4615885416666667
2,aa2ar,boba_ucb,5,32032,482,1792,0,301,0.48716517857142855
2,aa2ar,boba_ucb,6,32032,482,2048,98,399,0.46142578125
2,aa2ar,boba_ucb,7,32032,482,2304,11,410,0.4722222222222222
2,aa2ar,boba_ucb,8,32032,482,2560,2,412,0.46875
2,aa2ar,boba_risk_final,1,32032,482,768,256,272,0.4348958333333333
2,aa2ar,boba_risk_final,2,32032,482,1024,16,288,0.427734375
2,aa2ar,boba_risk_final,3,32032,482,1280,11,299,0.43046875
2,aa2ar,boba_risk_final,4,32032,482,1536,2,301,0.4615885416666667
2,aa2ar,boba_risk_final,5,32032,482,1792,0,301,0.48716517857142855
2,aa2ar,boba_risk_final,6,32032,482,2048,98,399,0.46142578125
2,aa2ar,boba_risk_final,7,32032,482,2304,11,410,0.4722222222222222
2,aa2ar,boba_risk_final,8,32032,482,2560,2,412,0.46875
2,aa2ar,rabvs_hit,1,32032,482,768,84,100,0.4466145833333333
2,aa2ar,rabvs_hit,2,32032,482,1024,36,136,0.4169921875
2,aa2ar,rabvs_hit,3,32032,482,1280,6,142,0.3765625
2,aa2ar,rabvs_hit,4,32032,482,1536,1,143,0.3580729166666667
2,aa2ar,rabvs_hit,5,32032,482,1792,2,145,0.33816964285714285
2,aa2ar,rabvs_hit,6,32032,482,2048,10,155,0.34130859375
2,aa2ar,rabvs_hit,7,32032,482,2304,82,237,0.3498263888888889
2,aa2ar,rabvs_hit,8,32032,482,2560,174,411,0.33359375
2,aa2ar,rabvs_reliable_q90,1,32032,482,768,84,100,0.4466145833333333
2,aa2ar,rabvs_reliable_q90,2,32032,482,1024,36,136,0.4169921875
2,aa2ar,rabvs_reliable_q90,3,32032,482,1280,6,142,0.3765625
2,aa2ar,rabvs_reliable_q90,4,32032,482,1536,1,143,0.3580729166666667
2,aa2ar,rabvs_reliable_q90,5,32032,482,1792,2,145,0.33816964285714285
2,aa2ar,rabvs_reliable_q90,6,32032,482,2048,10,155,0.34130859375
2,aa2ar,rabvs_reliable_q90,7,32032,482,2304,82,237,0.3498263888888889
2,aa2ar,rabvs_reliable_q90,8,32032,482,2560,174,411,0.33359375
2,aa2ar,rabvs_reliable,1,32032,482,768,84,100,0.4466145833333333
2,aa2ar,rabvs_reliable,2,32032,482,1024,36,136,0.4169921875
2,aa2ar,rabvs_reliable,3,32032,482,1280,6,142,0.3765625
2,aa2ar,rabvs_reliable,4,32032,482,1536,1,143,0.3580729166666667
2,aa2ar,rabvs_reliable,5,32032,482,1792,2,145,0.33816964285714285
2,aa2ar,rabvs_reliable,6,32032,482,2048,10,155,0.34130859375
2,aa2ar,rabvs_reliable,7,32032,482,2304,82,237,0.3498263888888889
2,aa2ar,rabvs_reliable,8,32032,482,2560,174,411,0.33359375
0,abl1,greedy_surrogate,1,10932,182,768,131,147,0.4244791666666667
0,abl1,greedy_surrogate,2,10932,182,1024,18,165,0.4482421875
0,abl1,greedy_surrogate,3,10932,182,1280,11,176,0.45390625
0,abl1,greedy_surrogate,4,10932,182,1536,0,176,0.458984375
0,abl1,greedy_surrogate,5,10932,182,1792,1,177,0.45703125
0,abl1,greedy_surrogate,6,10932,182,2048,0,177,0.44921875
0,abl1,greedy_surrogate,7,10932,182,2304,0,177,0.4479166666666667
0,abl1,greedy_surrogate,8,10932,182,2560,1,178,0.448046875
0,abl1,boba_ucb,1,10932,182,768,111,127,0.4375
0,abl1,boba_ucb,2,10932,182,1024,12,139,0.4638671875
0,abl1,boba_ucb,3,10932,182,1280,0,139,0.44609375
0,abl1,boba_ucb,4,10932,182,1536,1,140,0.46875
0,abl1,boba_ucb,5,10932,182,1792,18,158,0.46484375
0,abl1,boba_ucb,6,10932,182,2048,2,160,0.4501953125
0,abl1,boba_ucb,7,10932,182,2304,4,164,0.4578993055555556
0,abl1,boba_ucb,8,10932,182,2560,1,165,0.455859375
0,abl1,boba_risk_final,1,10932,182,768,111,127,0.4375
0,abl1,boba_risk_final,2,10932,182,1024,12,139,0.4638671875
0,abl1,boba_risk_final,3,10932,182,1280,0,139,0.44609375
0,abl1,boba_risk_final,4,10932,182,1536,1,140,0.46875
0,abl1,boba_risk_final,5,10932,182,1792,18,158,0.46484375
0,abl1,boba_risk_final,6,10932,182,2048,2,160,0.4501953125
0,abl1,boba_risk_final,7,10932,182,2304,4,164,0.4578993055555556
0,abl1,boba_risk_final,8,10932,182,2560,1,165,0.455859375
0,abl1,rabvs_hit,1,10932,182,768,111,127,0.41015625
0,abl1,rabvs_hit,2,10932,182,1024,5,132,0.376953125
0,abl1,rabvs_hit,3,10932,182,1280,0,132,0.32421875
0,abl1,rabvs_hit,4,10932,182,1536,7,139,0.2877604166666667
0,abl1,rabvs_hit,5,10932,182,1792,0,139,0.29799107142857145
0,abl1,rabvs_hit,6,10932,182,2048,21,160,0.296875
0,abl1,rabvs_hit,7,10932,182,2304,3,163,0.2803819444444444
0,abl1,rabvs_hit,8,10932,182,2560,2,165,0.262109375
0,abl1,rabvs_reliable_q90,1,10932,182,768,111,127,0.41015625
0,abl1,rabvs_reliable_q90,2,10932,182,1024,5,132,0.376953125
0,abl1,rabvs_reliable_q90,3,10932,182,1280,0,132,0.32421875
0,abl1,rabvs_reliable_q90,4,10932,182,1536,7,139,0.2877604166666667
0,abl1,rabvs_reliable_q90,5,10932,182,1792,0,139,0.29799107142857145
0,abl1,rabvs_reliable_q90,6,10932,182,2048,21,160,0.296875
0,abl1,rabvs_reliable_q90,7,10932,182,2304,3,163,0.2803819444444444
0,abl1,rabvs_reliable_q90,8,10932,182,2560,2,165,0.262109375
0,abl1,rabvs_reliable,1,10932,182,768,111,127,0.41015625
0,abl1,rabvs_reliable,2,10932,182,1024,5,132,0.376953125
0,abl1,rabvs_reliable,3,10932,182,1280,0,132,0.32421875
0,abl1,rabvs_reliable,4,10932,182,1536,7,139,0.2877604166666667
0,abl1,rabvs_reliable,5,10932,182,1792,0,139,0.29799107142857145
0,abl1,rabvs_reliable,6,10932,182,2048,21,160,0.296875
0,abl1,rabvs_reliable,7,10932,182,2304,3,163,0.2803819444444444
0,abl1,rabvs_reliable,8,10932,182,2560,2,165,0.262109375
1,abl1,greedy_surrogate,1,10932,182,768,140,156,0.421875
1,abl1,greedy_surrogate,2,10932,182,1024,8,164,0.44140625
1,abl1,greedy_surrogate,3,10932,182,1280,4,168,0.44453125
1,abl1,greedy_surrogate,4,10932,182,1536,3,171,0.4375
1,abl1,greedy_surrogate,5,10932,182,1792,3,174,0.43638392857142855
1,abl1,greedy_surrogate,6,10932,182,2048,2,176,0.43505859375
1,abl1,greedy_surrogate,7,10932,182,2304,1,177,0.4379340277777778
1,abl1,greedy_surrogate,8,10932,182,2560,0,177,0.437890625
1,abl1,boba_ucb,1,10932,182,768,132,148,0.4231770833333333
1,abl1,boba_ucb,2,10932,182,1024,8,156,0.4638671875
1,abl1,boba_ucb,3,10932,182,1280,0,156,0.45234375
1,abl1,boba_ucb,4,10932,182,1536,0,156,0.4322916666666667
1,abl1,boba_ucb,5,10932,182,1792,1,157,0.42354910714285715
1,abl1,boba_ucb,6,10932,182,2048,3,160,0.4453125
1,abl1,boba_ucb,7,10932,182,2304,2,162,0.4487847222222222
1,abl1,boba_ucb,8,10932,182,2560,0,162,0.44921875
1,abl1,boba_risk_final,1,10932,182,768,132,148,0.4231770833333333
1,abl1,boba_risk_final,2,10932,182,1024,8,156,0.4638671875
1,abl1,boba_risk_final,3,10932,182,1280,0,156,0.45234375
1,abl1,boba_risk_final,4,10932,182,1536,0,156,0.4322916666666667
1,abl1,boba_risk_final,5,10932,182,1792,1,157,0.42354910714285715
1,abl1,boba_risk_final,6,10932,182,2048,3,160,0.4453125
1,abl1,boba_risk_final,7,10932,182,2304,2,162,0.4487847222222222
1,abl1,boba_risk_final,8,10932,182,2560,0,162,0.44921875
1,abl1,rabvs_hit,1,10932,182,768,125,141,0.4114583333333333
1,abl1,rabvs_hit,2,10932,182,1024,0,141,0.36328125
1,abl1,rabvs_hit,3,10932,182,1280,2,143,0.303125
1,abl1,rabvs_hit,4,10932,182,1536,1,144,0.2682291666666667
1,abl1,rabvs_hit,5,10932,182,1792,6,150,0.27845982142857145
1,abl1,rabvs_hit,6,10932,182,2048,1,151,0.26513671875
1,abl1,rabvs_hit,7,10932,182,2304,2,153,0.2513020833333333
1,abl1,rabvs_hit,8,10932,182,2560,0,153,0.23203125
1,abl1,rabvs_reliable_q90,1,10932,182,768,125,141,0.4114583333333333
1,abl1,rabvs_reliable_q90,2,10932,182,1024,0,141,0.36328125
1,abl1,rabvs_reliable_q90,3,10932,182,1280,2,143,0.303125
1,abl1,rabvs_reliable_q90,4,10932,182,1536,1,144,0.2682291666666667
1,abl1,rabvs_reliable_q90,5,10932,182,1792,6,150,0.27845982142857145
1,abl1,rabvs_reliable_q90,6,10932,182,2048,1,151,0.26513671875
1,abl1,rabvs_reliable_q90,7,10932,182,2304,2,153,0.2513020833333333
1,abl1,rabvs_reliable_q90,8,10932,182,2560,0,153,0.23203125
1,abl1,rabvs_reliable,1,10932,182,768,125,141,0.4114583333333333
1,abl1,rabvs_reliable,2,10932,182,1024,0,141,0.36328125
1,abl1,rabvs_reliable,3,10932,182,1280,2,143,0.303125
1,abl1,rabvs_reliable,4,10932,182,1536,1,144,0.2682291666666667
1,abl1,rabvs_reliable,5,10932,182,1792,6,150,0.27845982142857145
1,abl1,rabvs_reliable,6,10932,182,2048,1,151,0.26513671875
1,abl1,rabvs_reliable,7,10932,182,2304,2,153,0.2513020833333333
1,abl1,rabvs_reliable,8,10932,182,2560,0,153,0.23203125
2,abl1,greedy_surrogate,1,10932,182,768,140,156,0.4153645833333333
2,abl1,greedy_surrogate,2,10932,182,1024,12,168,0.4443359375
2,abl1,greedy_surrogate,3,10932,182,1280,3,171,0.434375
2,abl1,greedy_surrogate,4,10932,182,1536,2,173,0.43359375
2,abl1,greedy_surrogate,5,10932,182,1792,1,174,0.43861607142857145
2,abl1,greedy_surrogate,6,10932,182,2048,2,176,0.44970703125
2,abl1,greedy_surrogate,7,10932,182,2304,0,176,0.4500868055555556
2,abl1,greedy_surrogate,8,10932,182,2560,0,176,0.451953125
2,abl1,boba_ucb,1,10932,182,768,125,141,0.4309895833333333
2,abl1,boba_ucb,2,10932,182,1024,1,142,0.4140625
2,abl1,boba_ucb,3,10932,182,1280,0,142,0.42265625
2,abl1,boba_ucb,4,10932,182,1536,0,142,0.4231770833333333
2,abl1,boba_ucb,5,10932,182,1792,16,158,0.42745535714285715
2,abl1,boba_ucb,6,10932,182,2048,0,158,0.43310546875
2,abl1,boba_ucb,7,10932,182,2304,0,158,0.4431423611111111
2,abl1,boba_ucb,8,10932,182,2560,1,159,0.4640625
2,abl1,boba_risk_final,1,10932,182,768,125,141,0.4309895833333333
2,abl1,boba_risk_final,2,10932,182,1024,1,142,0.4140625
2,abl1,boba_risk_final,3,10932,182,1280,0,142,0.42265625
2,abl1,boba_risk_final,4,10932,182,1536,0,142,0.4231770833333333
2,abl1,boba_risk_final,5,10932,182,1792,16,158,0.42745535714285715
2,abl1,boba_risk_final,6,10932,182,2048,0,158,0.43310546875
2,abl1,boba_risk_final,7,10932,182,2304,0,158,0.4431423611111111
2,abl1,boba_risk_final,8,10932,182,2560,1,159,0.4640625
2,abl1,rabvs_hit,1,10932,182,768,97,113,0.3880208333333333
2,abl1,rabvs_hit,2,10932,182,1024,1,114,0.326171875
2,abl1,rabvs_hit,3,10932,182,1280,0,114,0.2828125
2,abl1,rabvs_hit,4,10932,182,1536,0,114,0.2552083333333333
2,abl1,rabvs_hit,5,10932,182,1792,1,115,0.26674107142857145
2,abl1,rabvs_hit,6,10932,182,2048,22,137,0.26513671875
2,abl1,rabvs_hit,7,10932,182,2304,1,138,0.23958333333333334
2,abl1,rabvs_hit,8,10932,182,2560,2,140,0.238671875
2,abl1,rabvs_reliable_q90,1,10932,182,768,97,113,0.3880208333333333
2,abl1,rabvs_reliable_q90,2,10932,182,1024,1,114,0.326171875
2,abl1,rabvs_reliable_q90,3,10932,182,1280,0,114,0.2828125
2,abl1,rabvs_reliable_q90,4,10932,182,1536,0,114,0.2552083333333333
2,abl1,rabvs_reliable_q90,5,10932,182,1792,1,115,0.26674107142857145
2,abl1,rabvs_reliable_q90,6,10932,182,2048,22,137,0.26513671875
2,abl1,rabvs_reliable_q90,7,10932,182,2304,1,138,0.23958333333333334
2,abl1,rabvs_reliable_q90,8,10932,182,2560,2,140,0.238671875
2,abl1,rabvs_reliable,1,10932,182,768,97,113,0.3880208333333333
2,abl1,rabvs_reliable,2,10932,182,1024,1,114,0.326171875
2,abl1,rabvs_reliable,3,10932,182,1280,0,114,0.2828125
2,abl1,rabvs_reliable,4,10932,182,1536,0,114,0.2552083333333333
2,abl1,rabvs_reliable,5,10932,182,1792,1,115,0.26674107142857145
2,abl1,rabvs_reliable,6,10932,182,2048,22,137,0.26513671875
2,abl1,rabvs_reliable,7,10932,182,2304,1,138,0.23958333333333334
2,abl1,rabvs_reliable,8,10932,182,2560,2,140,0.238671875
0,ace,greedy_surrogate,1,17182,282,768,253,269,0.5598958333333334
0,ace,greedy_surrogate,2,17182,282,1024,10,279,0.5361328125
0,ace,greedy_surrogate,3,17182,282,1280,1,280,0.51640625
0,ace,greedy_surrogate,4,17182,282,1536,1,281,0.5299479166666666
0,ace,greedy_surrogate,5,17182,282,1792,0,281,0.5418526785714286
0,ace,greedy_surrogate,6,17182,282,2048,0,281,0.5458984375
0,ace,greedy_surrogate,7,17182,282,2304,0,281,0.5494791666666666
0,ace,greedy_surrogate,8,17182,282,2560,0,281,0.551171875
0,ace,boba_ucb,1,17182,282,768,250,266,0.55859375
0,ace,boba_ucb,2,17182,282,1024,1,267,0.560546875
0,ace,boba_ucb,3,17182,282,1280,0,267,0.55234375
0,ace,boba_ucb,4,17182,282,1536,0,267,0.5579427083333334
0,ace,boba_ucb,5,17182,282,1792,1,268,0.5602678571428571
0,ace,boba_ucb,6,17182,282,2048,1,269,0.54638671875
0,ace,boba_ucb,7,17182,282,2304,0,269,0.5642361111111112
0,ace,boba_ucb,8,17182,282,2560,4,273,0.546484375
0,ace,boba_risk_final,1,17182,282,768,250,266,0.55859375
0,ace,boba_risk_final,2,17182,282,1024,1,267,0.560546875
0,ace,boba_risk_final,3,17182,282,1280,0,267,0.55234375
0,ace,boba_risk_final,4,17182,282,1536,0,267,0.5579427083333334
0,ace,boba_risk_final,5,17182,282,1792,1,268,0.5602678571428571
0,ace,boba_risk_final,6,17182,282,2048,1,269,0.54638671875
0,ace,boba_risk_final,7,17182,282,2304,0,269,0.5642361111111112
0,ace,boba_risk_final,8,17182,282,2560,4,273,0.546484375
0,ace,rabvs_hit,1,17182,282,768,148,164,0.4908854166666667
0,ace,rabvs_hit,2,17182,282,1024,0,164,0.3828125
0,ace,rabvs_hit,3,17182,282,1280,0,164,0.31171875
0,ace,rabvs_hit,4,17182,282,1536,2,166,0.3196614583333333
0,ace,rabvs_hit,5,17182,282,1792,1,167,0.31473214285714285
0,ace,rabvs_hit,6,17182,282,2048,4,171,0.2841796875
0,ace,rabvs_hit,7,17182,282,2304,0,171,0.2690972222222222
0,ace,rabvs_hit,8,17182,282,2560,0,171,0.250390625
0,ace,rabvs_reliable_q90,1,17182,282,768,148,164,0.4908854166666667
0,ace,rabvs_reliable_q90,2,17182,282,1024,0,164,0.3828125
0,ace,rabvs_reliable_q90,3,17182,282,1280,0,164,0.31171875
0,ace,rabvs_reliable_q90,4,17182,282,1536,2,166,0.3196614583333333
0,ace,rabvs_reliable_q90,5,17182,282,1792,1,167,0.31473214285714285
0,ace,rabvs_reliable_q90,6,17182,282,2048,4,171,0.2841796875
0,ace,rabvs_reliable_q90,7,17182,282,2304,0,171,0.2690972222222222
0,ace,rabvs_reliable_q90,8,17182,282,2560,0,171,0.250390625
0,ace,rabvs_reliable,1,17182,282,768,148,164,0.4908854166666667
0,ace,rabvs_reliable,2,17182,282,1024,0,164,0.3828125
0,ace,rabvs_reliable,3,17182,282,1280,0,164,0.31171875
0,ace,rabvs_reliable,4,17182,282,1536,2,166,0.3196614583333333
0,ace,rabvs_reliable,5,17182,282,1792,1,167,0.31473214285714285
0,ace,rabvs_reliable,6,17182,282,2048,4,171,0.2841796875
0,ace,rabvs_reliable,7,17182,282,2304,0,171,0.2690972222222222
0,ace,rabvs_reliable,8,17182,282,2560,0,171,0.250390625
1,ace,greedy_surrogate,1,17182,282,768,250,266,0.5729166666666666
1,ace,greedy_surrogate,2,17182,282,1024,13,279,0.556640625
1,ace,greedy_surrogate,3,17182,282,1280,2,281,0.5296875
1,ace,greedy_surrogate,4,17182,282,1536,0,281,0.5598958333333334
1,ace,greedy_surrogate,5,17182,282,1792,0,281,0.5535714285714286
1,ace,greedy_surrogate,6,17182,282,2048,0,281,0.5546875
1,ace,greedy_surrogate,7,17182,282,2304,0,281,0.5520833333333334
1,ace,greedy_surrogate,8,17182,282,2560,0,281,0.552734375
1,ace,boba_ucb,1,17182,282,768,253,269,0.5768229166666666
1,ace,boba_ucb,2,17182,282,1024,2,271,0.572265625
1,ace,boba_ucb,3,17182,282,1280,0,271,0.59140625
1,ace,boba_ucb,4,17182,282,1536,0,271,0.57421875
1,ace,boba_ucb,5,17182,282,1792,0,271,0.5697544642857143
1,ace,boba_ucb,6,17182,282,2048,2,273,0.56689453125
1,ace,boba_ucb,7,17182,282,2304,0,273,0.55859375
1,ace,boba_ucb,8,17182,282,2560,0,273,0.55234375
1,ace,boba_risk_final,1,17182,282,768,253,269,0.5768229166666666
1,ace,boba_risk_final,2,17182,282,1024,2,271,0.572265625
1,ace,boba_risk_final,3,17182,282,1280,0,271,0.59140625
1,ace,boba_risk_final,4,17182,282,1536,0,271,0.57421875
1,ace,boba_risk_final,5,17182,282,1792,0,271,0.5697544642857143
1,ace,boba_risk_final,6,17182,282,2048,2,273,0.56689453125
1,ace,boba_risk_final,7,17182,282,2304,0,273,0.55859375
1,ace,boba_risk_final,8,17182,282,2560,0,273,0.55234375
1,ace,rabvs_hit,1,17182,282,768,215,231,0.54296875
1,ace,rabvs_hit,2,17182,282,1024,0,231,0.4248046875
1,ace,rabvs_hit,3,17182,282,1280,0,231,0.3671875
1,ace,rabvs_hit,4,17182,282,1536,0,231,0.33203125
1,ace,rabvs_hit,5,17182,282,1792,0,231,0.3744419642857143
1,ace,rabvs_hit,6,17182,282,2048,2,233,0.34912109375
1,ace,rabvs_hit,7,17182,282,2304,0,233,0.3181423611111111
1,ace,rabvs_hit,8,17182,282,2560,1,234,0.289453125
1,ace,rabvs_reliable_q90,1,17182,282,768,215,231,0.54296875
1,ace,rabvs_reliable_q90,2,17182,282,1024,0,231,0.4248046875
1,ace,rabvs_reliable_q90,3,17182,282,1280,0,231,0.3671875
1,ace,rabvs_reliable_q90,4,17182,282,1536,0,231,0.33203125
1,ace,rabvs_reliable_q90,5,17182,282,1792,0,231,0.3744419642857143
1,ace,rabvs_reliable_q90,6,17182,282,2048,2,233,0.34912109375
1,ace,rabvs_reliable_q90,7,17182,282,2304,0,233,0.3181423611111111
1,ace,rabvs_reliable_q90,8,17182,282,2560,1,234,0.289453125
1,ace,rabvs_reliable,1,17182,282,768,215,231,0.54296875
1,ace,rabvs_reliable,2,17182,282,1024,0,231,0.4248046875
1,ace,rabvs_reliable,3,17182,282,1280,0,231,0.3671875
1,ace,rabvs_reliable,4,17182,282,1536,0,231,0.33203125
1,ace,rabvs_reliable,5,17182,282,1792,0,231,0.3744419642857143
1,ace,rabvs_reliable,6,17182,282,2048,2,233,0.34912109375
1,ace,rabvs_reliable,7,17182,282,2304,0,233,0.3181423611111111
1,ace,rabvs_reliable,8,17182,282,2560,1,234,0.289453125
2,ace,greedy_surrogate,1,17182,282,768,252,268,0.5755208333333334
2,ace,greedy_surrogate,2,17182,282,1024,12,280,0.5537109375
2,ace,greedy_surrogate,3,17182,282,1280,1,281,0.534375
2,ace,greedy_surrogate,4,17182,282,1536,0,281,0.5657552083333334
2,ace,greedy_surrogate,5,17182,282,1792,0,281,0.55859375
2,ace,greedy_surrogate,6,17182,282,2048,0,281,0.5517578125
2,ace,greedy_surrogate,7,17182,282,2304,0,281,0.5512152777777778
2,ace,greedy_surrogate,8,17182,282,2560,0,281,0.546875
2,ace,boba_ucb,1,17182,282,768,249,265,0.5716145833333334
2,ace,boba_ucb,2,17182,282,1024,0,265,0.5625
2,ace,boba_ucb,3,17182,282,1280,0,265,0.5453125
2,ace,boba_ucb,4,17182,282,1536,0,265,0.5247395833333334
2,ace,boba_ucb,5,17182,282,1792,0,265,0.5390625
2,ace,boba_ucb,6,17182,282,2048,10,275,0.54541015625
2,ace,boba_ucb,7,17182,282,2304,0,275,0.5286458333333334
2,ace,boba_ucb,8,17182,282,2560,0,275,0.5078125
2,ace,boba_risk_final,1,17182,282,768,249,265,0.5716145833333334
2,ace,boba_risk_final,2,17182,282,1024,0,265,0.5625
2,ace,boba_risk_final,3,17182,282,1280,0,265,0.5453125
2,ace,boba_risk_final,4,17182,282,1536,0,265,0.5247395833333334
2,ace,boba_risk_final,5,17182,282,1792,0,265,0.5390625
2,ace,boba_risk_final,6,17182,282,2048,10,275,0.54541015625
2,ace,boba_risk_final,7,17182,282,2304,0,275,0.5286458333333334
2,ace,boba_risk_final,8,17182,282,2560,0,275,0.5078125
2,ace,rabvs_hit,1,17182,282,768,215,231,0.5455729166666666
2,ace,rabvs_hit,2,17182,282,1024,0,231,0.42578125
2,ace,rabvs_hit,3,17182,282,1280,0,231,0.35859375
2,ace,rabvs_hit,4,17182,282,1536,0,231,0.3235677083333333
2,ace,rabvs_hit,5,17182,282,1792,0,231,0.38392857142857145
2,ace,rabvs_hit,6,17182,282,2048,3,234,0.3544921875
2,ace,rabvs_hit,7,17182,282,2304,1,235,0.3185763888888889
2,ace,rabvs_hit,8,17182,282,2560,6,241,0.30234375
2,ace,rabvs_reliable_q90,1,17182,282,768,215,231,0.5455729166666666
2,ace,rabvs_reliable_q90,2,17182,282,1024,0,231,0.42578125
2,ace,rabvs_reliable_q90,3,17182,282,1280,0,231,0.35859375
2,ace,rabvs_reliable_q90,4,17182,282,1536,0,231,0.3235677083333333
2,ace,rabvs_reliable_q90,5,17182,282,1792,0,231,0.38392857142857145
2,ace,rabvs_reliable_q90,6,17182,282,2048,3,234,0.3544921875
2,ace,rabvs_reliable_q90,7,17182,282,2304,1,235,0.3185763888888889
2,ace,rabvs_reliable_q90,8,17182,282,2560,6,241,0.30234375
2,ace,rabvs_reliable,1,17182,282,768,215,231,0.5455729166666666
2,ace,rabvs_reliable,2,17182,282,1024,0,231,0.42578125
2,ace,rabvs_reliable,3,17182,282,1280,0,231,0.35859375
2,ace,rabvs_reliable,4,17182,282,1536,0,231,0.3235677083333333
2,ace,rabvs_reliable,5,17182,282,1792,0,231,0.38392857142857145
2,ace,rabvs_reliable,6,17182,282,2048,3,234,0.3544921875
2,ace,rabvs_reliable,7,17182,282,2304,1,235,0.3185763888888889
2,ace,rabvs_reliable,8,17182,282,2560,6,241,0.30234375
0,aces,greedy_surrogate,1,26703,453,768,239,255,0.48046875
0,aces,greedy_surrogate,2,26703,453,1024,61,316,0.498046875
0,aces,greedy_surrogate,3,26703,453,1280,52,368,0.53046875
0,aces,greedy_surrogate,4,26703,453,1536,30,398,0.5520833333333334
0,aces,greedy_surrogate,5,26703,453,1792,15,413,0.5569196428571429
0,aces,greedy_surrogate,6,26703,453,2048,7,420,0.56201171875
0,aces,greedy_surrogate,7,26703,453,2304,2,422,0.5611979166666666
0,aces,greedy_surrogate,8,26703,453,2560,7,429,0.56015625
0,aces,boba_ucb,1,26703,453,768,231,247,0.4778645833333333
0,aces,boba_ucb,2,26703,453,1024,1,248,0.4794921875
0,aces,boba_ucb,3,26703,453,1280,5,253,0.5140625
0,aces,boba_ucb,4,26703,453,1536,32,285,0.509765625
0,aces,boba_ucb,5,26703,453,1792,0,285,0.515625
0,aces,boba_ucb,6,26703,453,2048,42,327,0.5078125
0,aces,boba_ucb,7,26703,453,2304,18,345,0.5069444444444444
0,aces,boba_ucb,8,26703,453,2560,6,351,0.5046875
0,aces,boba_risk_final,1,26703,453,768,231,247,0.4778645833333333
0,aces,boba_risk_final,2,26703,453,1024,1,248,0.4794921875
0,aces,boba_risk_final,3,26703,453,1280,5,253,0.5140625
0,aces,boba_risk_final,4,26703,453,1536,32,285,0.509765625
0,aces,boba_risk_final,5,26703,453,1792,0,285,0.515625
0,aces,boba_risk_final,6,26703,453,2048,42,327,0.5078125
0,aces,boba_risk_final,7,26703,453,2304,18,345,0.5069444444444444
0,aces,boba_risk_final,8,26703,453,2560,6,351,0.5046875
0,aces,rabvs_hit,1,26703,453,768,79,95,0.3919270833333333
0,aces,rabvs_hit,2,26703,453,1024,81,176,0.44921875
0,aces,rabvs_hit,3,26703,453,1280,0,176,0.390625
0,aces,rabvs_hit,4,26703,453,1536,17,193,0.3619791666666667
0,aces,rabvs_hit,5,26703,453,1792,0,193,0.34151785714285715
0,aces,rabvs_hit,6,26703,453,2048,44,237,0.3564453125
0,aces,rabvs_hit,7,26703,453,2304,17,254,0.3589409722222222
0,aces,rabvs_hit,8,26703,453,2560,4,258,0.34453125
0,aces,rabvs_reliable_q90,1,26703,453,768,79,95,0.3919270833333333
0,aces,rabvs_reliable_q90,2,26703,453,1024,81,176,0.44921875
0,aces,rabvs_reliable_q90,3,26703,453,1280,0,176,0.390625
0,aces,rabvs_reliable_q90,4,26703,453,1536,17,193,0.3619791666666667
0,aces,rabvs_reliable_q90,5,26703,453,1792,0,193,0.34151785714285715
0,aces,rabvs_reliable_q90,6,26703,453,2048,44,237,0.3564453125
0,aces,rabvs_reliable_q90,7,26703,453,2304,17,254,0.3589409722222222
0,aces,rabvs_reliable_q90,8,26703,453,2560,4,258,0.34453125
0,aces,rabvs_reliable,1,26703,453,768,79,95,0.3919270833333333
0,aces,rabvs_reliable,2,26703,453,1024,81,176,0.44921875
0,aces,rabvs_reliable,3,26703,453,1280,0,176,0.390625
0,aces,rabvs_reliable,4,26703,453,1536,17,193,0.3619791666666667
0,aces,rabvs_reliable,5,26703,453,1792,0,193,0.34151785714285715
0,aces,rabvs_reliable,6,26703,453,2048,44,237,0.3564453125
0,aces,rabvs_reliable,7,26703,453,2304,17,254,0.3589409722222222
0,aces,rabvs_reliable,8,26703,453,2560,4,258,0.34453125
1,aces,greedy_surrogate,1,26703,453,768,248,264,0.5
1,aces,greedy_surrogate,2,26703,453,1024,68,332,0.5078125
1,aces,greedy_surrogate,3,26703,453,1280,33,365,0.534375
1,aces,greedy_surrogate,4,26703,453,1536,25,390,0.5631510416666666
1,aces,greedy_surrogate,5,26703,453,1792,23,413,0.5619419642857143
1,aces,greedy_surrogate,6,26703,453,2048,9,422,0.56591796875
1,aces,greedy_surrogate,7,26703,453,2304,4,426,0.5616319444444444
1,aces,greedy_surrogate,8,26703,453,2560,3,429,0.55390625
1,aces,boba_ucb,1,26703,453,768,251,267,0.4947916666666667
1,aces,boba_ucb,2,26703,453,1024,22,289,0.5361328125
1,aces,boba_ucb,3,26703,453,1280,0,289,0.5375
1,aces,boba_ucb,4,26703,453,1536,1,290,0.5045572916666666
1,aces,boba_ucb,5,26703,453,1792,0,290,0.515625
1,aces,boba_ucb,6,26703,453,2048,35,325,0.52734375
1,aces,boba_ucb,7,26703,453,2304,0,325,0.5247395833333334
1,aces,boba_ucb,8,26703,453,2560,6,331,0.508984375
1,aces,boba_risk_final,1,26703,453,768,251,267,0.4947916666666667
1,aces,boba_risk_final,2,26703,453,1024,22,289,0.5361328125
1,aces,boba_risk_final,3,26703,453,1280,0,289,0.5375
1,aces,boba_risk_final,4,26703,453,1536,1,290,0.5045572916666666
1,aces,boba_risk_final,5,26703,453,1792,0,290,0.515625
1,aces,boba_risk_final,6,26703,453,2048,35,325,0.52734375
1,aces,boba_risk_final,7,26703,453,2304,0,325,0.5247395833333334
1,aces,boba_risk_final,8,26703,453,2560,6,331,0.508984375
1,aces,rabvs_hit,1,26703,453,768,76,92,0.4244791666666667
1,aces,rabvs_hit,2,26703,453,1024,105,197,0.4921875
1,aces,rabvs_hit,3,26703,453,1280,1,198,0.4125
1,aces,rabvs_hit,4,26703,453,1536,0,198,0.369140625
1,aces,rabvs_hit,5,26703,453,1792,7,205,0.38839285714285715
1,aces,rabvs_hit,6,26703,453,2048,0,205,0.35498046875
1,aces,rabvs_hit,7,26703,453,2304,52,257,0.3862847222222222
1,aces,rabvs_hit,8,26703,453,2560,6,263,0.380078125
1,aces,rabvs_reliable_q90,1,26703,453,768,76,92,0.4244791666666667
1,aces,rabvs_reliable_q90,2,26703,453,1024,105,197,0.4921875
1,aces,rabvs_reliable_q90,3,26703,453,1280,1,198,0.4125
1,aces,rabvs_reliable_q90,4,26703,453,1536,0,198,0.369140625
1,aces,rabvs_reliable_q90,5,26703,453,1792,7,205,0.38839285714285715
1,aces,rabvs_reliable_q90,6,26703,453,2048,0,205,0.35498046875
1,aces,rabvs_reliable_q90,7,26703,453,2304,52,257,0.3862847222222222
1,aces,rabvs_reliable_q90,8,26703,453,2560,6,263,0.380078125
1,aces,rabvs_reliable,1,26703,453,768,76,92,0.4244791666666667
1,aces,rabvs_reliable,2,26703,453,1024,105,197,0.4921875
1,aces,rabvs_reliable,3,26703,453,1280,1,198,0.4125
1,aces,rabvs_reliable,4,26703,453,1536,0,198,0.369140625
1,aces,rabvs_reliable,5,26703,453,1792,7,205,0.38839285714285715
1,aces,rabvs_reliable,6,26703,453,2048,0,205,0.35498046875
1,aces,rabvs_reliable,7,26703,453,2304,52,257,0.3862847222222222
1,aces,rabvs_reliable,8,26703,453,2560,6,263,0.380078125
2,aces,greedy_surrogate,1,26703,453,768,242,258,0.4583333333333333
2,aces,greedy_surrogate,2,26703,453,1024,84,342,0.5146484375
2,aces,greedy_surrogate,3,26703,453,1280,31,373,0.53984375
2,aces,greedy_surrogate,4,26703,453,1536,23,396,0.546875
2,aces,greedy_surrogate,5,26703,453,1792,14,410,0.5513392857142857
2,aces,greedy_surrogate,6,26703,453,2048,8,418,0.548828125
2,aces,greedy_surrogate,7,26703,453,2304,5,423,0.5486111111111112
2,aces,greedy_surrogate,8,26703,453,2560,6,429,0.5484375
2,aces,boba_ucb,1,26703,453,768,245,261,0.4583333333333333
2,aces,boba_ucb,2,26703,453,1024,13,274,0.4970703125
2,aces,boba_ucb,3,26703,453,1280,2,276,0.47734375
2,aces,boba_ucb,4,26703,453,1536,0,276,0.4791666666666667
2,aces,boba_ucb,5,26703,453,1792,57,333,0.4888392857142857
2,aces,boba_ucb,6,26703,453,2048,9,342,0.49853515625
2,aces,boba_ucb,7,26703,453,2304,8,350,0.5056423611111112
2,aces,boba_ucb,8,26703,453,2560,8,358,0.508984375
2,aces,boba_risk_final,1,26703,453,768,245,261,0.4583333333333333
2,aces,boba_risk_final,2,26703,453,1024,13,274,0.4970703125
2,aces,boba_risk_final,3,26703,453,1280,2,276,0.47734375
2,aces,boba_risk_final,4,26703,453,1536,0,276,0.4791666666666667
2,aces,boba_risk_final,5,26703,453,1792,57,333,0.4888392857142857
2,aces,boba_risk_final,6,26703,453,2048,9,342,0.49853515625
2,aces,boba_risk_final,7,26703,453,2304,8,350,0.5056423611111112
2,aces,boba_risk_final,8,26703,453,2560,8,358,0.508984375
2,aces,rabvs_hit,1,26703,453,768,134,150,0.4283854166666667
2,aces,rabvs_hit,2,26703,453,1024,61,211,0.50390625
2,aces,rabvs_hit,3,26703,453,1280,0,211,0.48046875
2,aces,rabvs_hit,4,26703,453,1536,0,211,0.421875
2,aces,rabvs_hit,5,26703,453,1792,0,211,0.37220982142857145
2,aces,rabvs_hit,6,26703,453,2048,11,222,0.36572265625
2,aces,rabvs_hit,7,26703,453,2304,5,227,0.3615451388888889
2,aces,rabvs_hit,8,26703,453,2560,3,230,0.34375
2,aces,rabvs_reliable_q90,1,26703,453,768,134,150,0.4283854166666667
2,aces,rabvs_reliable_q90,2,26703,453,1024,61,211,0.50390625
2,aces,rabvs_reliable_q90,3,26703,453,1280,0,211,0.48046875
2,aces,rabvs_reliable_q90,4,26703,453,1536,0,211,0.421875
2,aces,rabvs_reliable_q90,5,26703,453,1792,0,211,0.37220982142857145
2,aces,rabvs_reliable_q90,6,26703,453,2048,11,222,0.36572265625
2,aces,rabvs_reliable_q90,7,26703,453,2304,5,227,0.3615451388888889
2,aces,rabvs_reliable_q90,8,26703,453,2560,3,230,0.34375
2,aces,rabvs_reliable,1,26703,453,768,134,150,0.4283854166666667
2,aces,rabvs_reliable,2,26703,453,1024,61,211,0.50390625
2,aces,rabvs_reliable,3,26703,453,1280,0,211,0.48046875
2,aces,rabvs_reliable,4,26703,453,1536,0,211,0.421875
2,aces,rabvs_reliable,5,26703,453,1792,0,211,0.37220982142857145
2,aces,rabvs_reliable,6,26703,453,2048,11,222,0.36572265625
2,aces,rabvs_reliable,7,26703,453,2304,5,227,0.3615451388888889
2,aces,rabvs_reliable,8,26703,453,2560,3,230,0.34375
0,ada,greedy_surrogate,1,5543,93,768,76,92,0.5143229166666666
0,ada,greedy_surrogate,2,5543,93,1024,0,92,0.4931640625
0,ada,greedy_surrogate,3,5543,93,1280,0,92,0.4953125
0,ada,greedy_surrogate,4,5543,93,1536,0,92,0.4895833333333333
0,ada,greedy_surrogate,5,5543,93,1792,0,92,0.48828125
0,ada,greedy_surrogate,6,5543,93,2048,0,92,0.4853515625
0,ada,greedy_surrogate,7,5543,93,2304,1,93,0.4921875
0,ada,greedy_surrogate,8,5543,93,2560,0,93,0.49140625
0,ada,boba_ucb,1,5543,93,768,76,92,0.5026041666666666
0,ada,boba_ucb,2,5543,93,1024,0,92,0.5009765625
0,ada,boba_ucb,3,5543,93,1280,0,92,0.5171875
0,ada,boba_ucb,4,5543,93,1536,1,93,0.4934895833333333
0,ada,boba_ucb,5,5543,93,1792,0,93,0.4810267857142857
0,ada,boba_ucb,6,5543,93,2048,0,93,0.474609375
0,ada,boba_ucb,7,5543,93,2304,0,93,0.4735243055555556
0,ada,boba_ucb,8,5543,93,2560,0,93,0.46796875
0,ada,boba_risk_final,1,5543,93,768,76,92,0.5026041666666666
0,ada,boba_risk_final,2,5543,93,1024,0,92,0.5009765625
0,ada,boba_risk_final,3,5543,93,1280,0,92,0.5171875
0,ada,boba_risk_final,4,5543,93,1536,1,93,0.4934895833333333
0,ada,boba_risk_final,5,5543,93,1792,0,93,0.4810267857142857
0,ada,boba_risk_final,6,5543,93,2048,0,93,0.474609375
0,ada,boba_risk_final,7,5543,93,2304,0,93,0.4735243055555556
0,ada,boba_risk_final,8,5543,93,2560,0,93,0.46796875
0,ada,rabvs_hit,1,5543,93,768,76,92,0.4036458333333333
0,ada,rabvs_hit,2,5543,93,1024,0,92,0.3271484375
0,ada,rabvs_hit,3,5543,93,1280,0,92,0.3734375
0,ada,rabvs_hit,4,5543,93,1536,0,92,0.3229166666666667
0,ada,rabvs_hit,5,5543,93,1792,0,92,0.28627232142857145
0,ada,rabvs_hit,6,5543,93,2048,0,92,0.3369140625
0,ada,rabvs_hit,7,5543,93,2304,0,92,0.3029513888888889
0,ada,rabvs_hit,8,5543,93,2560,0,92,0.2796875
0,ada,rabvs_reliable_q90,1,5543,93,768,76,92,0.4036458333333333
0,ada,rabvs_reliable_q90,2,5543,93,1024,0,92,0.3271484375
0,ada,rabvs_reliable_q90,3,5543,93,1280,0,92,0.3734375
0,ada,rabvs_reliable_q90,4,5543,93,1536,0,92,0.3229166666666667
0,ada,rabvs_reliable_q90,5,5543,93,1792,0,92,0.28627232142857145
0,ada,rabvs_reliable_q90,6,5543,93,2048,0,92,0.3369140625
0,ada,rabvs_reliable_q90,7,5543,93,2304,0,92,0.3029513888888889
0,ada,rabvs_reliable_q90,8,5543,93,2560,0,92,0.2796875
0,ada,rabvs_reliable,1,5543,93,768,76,92,0.4036458333333333
0,ada,rabvs_reliable,2,5543,93,1024,0,92,0.3271484375
0,ada,rabvs_reliable,3,5543,93,1280,0,92,0.3734375
0,ada,rabvs_reliable,4,5543,93,1536,0,92,0.3229166666666667
0,ada,rabvs_reliable,5,5543,93,1792,0,92,0.28627232142857145
0,ada,rabvs_reliable,6,5543,93,2048,0,92,0.3369140625
0,ada,rabvs_reliable,7,5543,93,2304,0,92,0.3029513888888889
0,ada,rabvs_reliable,8,5543,93,2560,0,92,0.2796875
1,ada,greedy_surrogate,1,5543,93,768,76,92,0.5260416666666666
1,ada,greedy_surrogate,2,5543,93,1024,0,92,0.50390625
1,ada,greedy_surrogate,3,5543,93,1280,0,92,0.5015625
1,ada,greedy_surrogate,4,5543,93,1536,0,92,0.4908854166666667
1,ada,greedy_surrogate,5,5543,93,1792,0,92,0.48214285714285715
1,ada,greedy_surrogate,6,5543,93,2048,0,92,0.4892578125
1,ada,greedy_surrogate,7,5543,93,2304,1,93,0.4930555555555556
1,ada,greedy_surrogate,8,5543,93,2560,0,93,0.490234375
1,ada,boba_ucb,1,5543,93,768,76,92,0.5221354166666666
1,ada,boba_ucb,2,5543,93,1024,0,92,0.5224609375
1,ada,boba_ucb,3,5543,93,1280,0,92,0.51328125
1,ada,boba_ucb,4,5543,93,1536,0,92,0.501953125
1,ada,boba_ucb,5,5543,93,1792,0,92,0.49107142857142855
1,ada,boba_ucb,6,5543,93,2048,0,92,0.474609375
1,ada,boba_ucb,7,5543,93,2304,0,92,0.48046875
1,ada,boba_ucb,8,5543,93,2560,0,92,0.46640625
1,ada,boba_risk_final,1,5543,93,768,76,92,0.5221354166666666
1,ada,boba_risk_final,2,5543,93,1024,0,92,0.5224609375
1,ada,boba_risk_final,3,5543,93,1280,0,92,0.51328125
1,ada,boba_risk_final,4,5543,93,1536,0,92,0.501953125
1,ada,boba_risk_final,5,5543,93,1792,0,92,0.49107142857142855
1,ada,boba_risk_final,6,5543,93,2048,0,92,0.474609375
1,ada,boba_risk_final,7,5543,93,2304,0,92,0.48046875
1,ada,boba_risk_final,8,5543,93,2560,0,92,0.46640625
1,ada,rabvs_hit,1,5543,93,768,76,92,0.4114583333333333
1,ada,rabvs_hit,2,5543,93,1024,0,92,0.341796875
1,ada,rabvs_hit,3,5543,93,1280,0,92,0.38359375
1,ada,rabvs_hit,4,5543,93,1536,0,92,0.322265625
1,ada,rabvs_hit,5,5543,93,1792,0,92,0.3041294642857143
1,ada,rabvs_hit,6,5543,93,2048,0,92,0.314453125
1,ada,rabvs_hit,7,5543,93,2304,0,92,0.3025173611111111
1,ada,rabvs_hit,8,5543,93,2560,0,92,0.275
1,ada,rabvs_reliable_q90,1,5543,93,768,76,92,0.4114583333333333
1,ada,rabvs_reliable_q90,2,5543,93,1024,0,92,0.341796875
1,ada,rabvs_reliable_q90,3,5543,93,1280,0,92,0.38359375
1,ada,rabvs_reliable_q90,4,5543,93,1536,0,92,0.322265625
1,ada,rabvs_reliable_q90,5,5543,93,1792,0,92,0.3041294642857143
1,ada,rabvs_reliable_q90,6,5543,93,2048,0,92,0.314453125
1,ada,rabvs_reliable_q90,7,5543,93,2304,0,92,0.3025173611111111
1,ada,rabvs_reliable_q90,8,5543,93,2560,0,92,0.275
1,ada,rabvs_reliable,1,5543,93,768,76,92,0.4114583333333333
1,ada,rabvs_reliable,2,5543,93,1024,0,92,0.341796875
1,ada,rabvs_reliable,3,5543,93,1280,0,92,0.38359375
1,ada,rabvs_reliable,4,5543,93,1536,0,92,0.322265625
1,ada,rabvs_reliable,5,5543,93,1792,0,92,0.3041294642857143
1,ada,rabvs_reliable,6,5543,93,2048,0,92,0.314453125
1,ada,rabvs_reliable,7,5543,93,2304,0,92,0.3025173611111111
1,ada,rabvs_reliable,8,5543,93,2560,0,92,0.275
2,ada,greedy_surrogate,1,5543,93,768,76,92,0.4869791666666667
2,ada,greedy_surrogate,2,5543,93,1024,0,92,0.4775390625
2,ada,greedy_surrogate,3,5543,93,1280,0,92,0.47578125
2,ada,greedy_surrogate,4,5543,93,1536,0,92,0.4765625
2,ada,greedy_surrogate,5,5543,93,1792,0,92,0.47488839285714285
2,ada,greedy_surrogate,6,5543,93,2048,0,92,0.47705078125
2,ada,greedy_surrogate,7,5543,93,2304,1,93,0.4878472222222222
2,ada,greedy_surrogate,8,5543,93,2560,0,93,0.484375
2,ada,boba_ucb,1,5543,93,768,76,92,0.453125
2,ada,boba_ucb,2,5543,93,1024,0,92,0.46875
2,ada,boba_ucb,3,5543,93,1280,0,92,0.50234375
2,ada,boba_ucb,4,5543,93,1536,0,92,0.517578125
2,ada,boba_ucb,5,5543,93,1792,0,92,0.5089285714285714
2,ada,boba_ucb,6,5543,93,2048,0,92,0.48828125
2,ada,boba_ucb,7,5543,93,2304,0,92,0.4778645833333333
2,ada,boba_ucb,8,5543,93,2560,0,92,0.481640625
2,ada,boba_risk_final,1,5543,93,768,76,92,0.453125
2,ada,boba_risk_final,2,5543,93,1024,0,92,0.46875
2,ada,boba_risk_final,3,5543,93,1280,0,92,0.50234375
2,ada,boba_risk_final,4,5543,93,1536,0,92,0.517578125
2,ada,boba_risk_final,5,5543,93,1792,0,92,0.5089285714285714
2,ada,boba_risk_final,6,5543,93,2048,0,92,0.48828125
2,ada,boba_risk_final,7,5543,93,2304,0,92,0.4778645833333333
2,ada,boba_risk_final,8,5543,93,2560,0,92,0.481640625
2,ada,rabvs_hit,1,5543,93,768,76,92,0.3828125
2,ada,rabvs_hit,2,5543,93,1024,0,92,0.3173828125
2,ada,rabvs_hit,3,5543,93,1280,0,92,0.4265625
2,ada,rabvs_hit,4,5543,93,1536,0,92,0.3658854166666667
2,ada,rabvs_hit,5,5543,93,1792,0,92,0.3482142857142857
2,ada,rabvs_hit,6,5543,93,2048,0,92,0.30810546875
2,ada,rabvs_hit,7,5543,93,2304,0,92,0.2795138888888889
2,ada,rabvs_hit,8,5543,93,2560,0,92,0.266796875
2,ada,rabvs_reliable_q90,1,5543,93,768,76,92,0.3828125
2,ada,rabvs_reliable_q90,2,5543,93,1024,0,92,0.3173828125
2,ada,rabvs_reliable_q90,3,5543,93,1280,0,92,0.4265625
2,ada,rabvs_reliable_q90,4,5543,93,1536,0,92,0.3658854166666667
2,ada,rabvs_reliable_q90,5,5543,93,1792,0,92,0.3482142857142857
2,ada,rabvs_reliable_q90,6,5543,93,2048,0,92,0.30810546875
2,ada,rabvs_reliable_q90,7,5543,93,2304,0,92,0.2795138888888889
2,ada,rabvs_reliable_q90,8,5543,93,2560,0,92,0.266796875
2,ada,rabvs_reliable,1,5543,93,768,76,92,0.3828125
2,ada,rabvs_reliable,2,5543,93,1024,0,92,0.3173828125
2,ada,rabvs_reliable,3,5543,93,1280,0,92,0.4265625
2,ada,rabvs_reliable,4,5543,93,1536,0,92,0.3658854166666667
2,ada,rabvs_reliable,5,5543,93,1792,0,92,0.3482142857142857
2,ada,rabvs_reliable,6,5543,93,2048,0,92,0.30810546875
2,ada,rabvs_reliable,7,5543,93,2304,0,92,0.2795138888888889
2,ada,rabvs_reliable,8,5543,93,2560,0,92,0.266796875
0,akt1,greedy_surrogate,1,16743,293,768,221,237,0.3411458333333333
0,akt1,greedy_surrogate,2,16743,293,1024,26,263,0.3759765625
0,akt1,greedy_surrogate,3,16743,293,1280,8,271,0.35625
0,akt1,greedy_surrogate,4,16743,293,1536,8,279,0.357421875
0,akt1,greedy_surrogate,5,16743,293,1792,1,280,0.35714285714285715
0,akt1,greedy_surrogate,6,16743,293,2048,0,280,0.37353515625
0,akt1,greedy_surrogate,7,16743,293,2304,1,281,0.3758680555555556
0,akt1,greedy_surrogate,8,16743,293,2560,0,281,0.38125
0,akt1,boba_ucb,1,16743,293,768,222,238,0.3385416666666667
0,akt1,boba_ucb,2,16743,293,1024,2,240,0.3515625
0,akt1,boba_ucb,3,16743,293,1280,0,240,0.33671875
0,akt1,boba_ucb,4,16743,293,1536,0,240,0.35546875
0,akt1,boba_ucb,5,16743,293,1792,12,252,0.38113839285714285
0,akt1,boba_ucb,6,16743,293,2048,10,262,0.37255859375
0,akt1,boba_ucb,7,16743,293,2304,11,273,0.3650173611111111
0,akt1,boba_ucb,8,16743,293,2560,1,274,0.36953125
0,akt1,boba_risk_final,1,16743,293,768,222,238,0.3385416666666667
0,akt1,boba_risk_final,2,16743,293,1024,2,240,0.3515625
0,akt1,boba_risk_final,3,16743,293,1280,0,240,0.33671875
0,akt1,boba_risk_final,4,16743,293,1536,0,240,0.35546875
0,akt1,boba_risk_final,5,16743,293,1792,12,252,0.38113839285714285
0,akt1,boba_risk_final,6,16743,293,2048,10,262,0.37255859375
0,akt1,boba_risk_final,7,16743,293,2304,11,273,0.3650173611111111
0,akt1,boba_risk_final,8,16743,293,2560,1,274,0.36953125
0,akt1,rabvs_hit,1,16743,293,768,87,103,0.3815104166666667
0,akt1,rabvs_hit,2,16743,293,1024,52,155,0.3271484375
0,akt1,rabvs_hit,3,16743,293,1280,0,155,0.26484375
0,akt1,rabvs_hit,4,16743,293,1536,0,155,0.23372395833333334
0,akt1,rabvs_hit,5,16743,293,1792,29,184,0.24386160714285715
0,akt1,rabvs_hit,6,16743,293,2048,46,230,0.2392578125
0,akt1,rabvs_hit,7,16743,293,2304,3,233,0.2183159722222222
0,akt1,rabvs_hit,8,16743,293,2560,0,233,0.199609375
0,akt1,rabvs_reliable_q90,1,16743,293,768,87,103,0.3815104166666667
0,akt1,rabvs_reliable_q90,2,16743,293,1024,52,155,0.3271484375
0,akt1,rabvs_reliable_q90,3,16743,293,1280,0,155,0.26484375
0,akt1,rabvs_reliable_q90,4,16743,293,1536,0,155,0.23372395833333334
0,akt1,rabvs_reliable_q90,5,16743,293,1792,29,184,0.24386160714285715
0,akt1,rabvs_reliable_q90,6,16743,293,2048,46,230,0.2392578125
0,akt1,rabvs_reliable_q90,7,16743,293,2304,3,233,0.2183159722222222
0,akt1,rabvs_reliable_q90,8,16743,293,2560,0,233,0.199609375
0,akt1,rabvs_reliable,1,16743,293,768,87,103,0.3815104166666667
0,akt1,rabvs_reliable,2,16743,293,1024,52,155,0.3271484375
0,akt1,rabvs_reliable,3,16743,293,1280,0,155,0.26484375
0,akt1,rabvs_reliable,4,16743,293,1536,0,155,0.23372395833333334
0,akt1,rabvs_reliable,5,16743,293,1792,29,184,0.24386160714285715
0,akt1,rabvs_reliable,6,16743,293,2048,46,230,0.2392578125
0,akt1,rabvs_reliable,7,16743,293,2304,3,233,0.2183159722222222
0,akt1,rabvs_reliable,8,16743,293,2560,0,233,0.199609375
1,akt1,greedy_surrogate,1,16743,293,768,216,232,0.3151041666666667
1,akt1,greedy_surrogate,2,16743,293,1024,23,255,0.349609375
1,akt1,greedy_surrogate,3,16743,293,1280,20,275,0.3625
1,akt1,greedy_surrogate,4,16743,293,1536,2,277,0.3658854166666667
1,akt1,greedy_surrogate,5,16743,293,1792,2,279,0.3716517857142857
1,akt1,greedy_surrogate,6,16743,293,2048,0,279,0.376953125
1,akt1,greedy_surrogate,7,16743,293,2304,2,281,0.37890625
1,akt1,greedy_surrogate,8,16743,293,2560,0,281,0.387890625
1,akt1,boba_ucb,1,16743,293,768,215,231,0.3203125
1,akt1,boba_ucb,2,16743,293,1024,1,232,0.3525390625
1,akt1,boba_ucb,3,16743,293,1280,0,232,0.40859375
1,akt1,boba_ucb,4,16743,293,1536,0,232,0.427734375
1,akt1,boba_ucb,5,16743,293,1792,3,235,0.42801339285714285
1,akt1,boba_ucb,6,16743,293,2048,0,235,0.43896484375
1,akt1,boba_ucb,7,16743,293,2304,25,260,0.4253472222222222
1,akt1,boba_ucb,8,16743,293,2560,1,261,0.40546875
1,akt1,boba_risk_final,1,16743,293,768,215,231,0.3203125
1,akt1,boba_risk_final,2,16743,293,1024,1,232,0.3525390625
1,akt1,boba_risk_final,3,16743,293,1280,0,232,0.40859375
1,akt1,boba_risk_final,4,16743,293,1536,0,232,0.427734375
1,akt1,boba_risk_final,5,16743,293,1792,3,235,0.42801339285714285
1,akt1,boba_risk_final,6,16743,293,2048,0,235,0.43896484375
1,akt1,boba_risk_final,7,16743,293,2304,25,260,0.4253472222222222
1,akt1,boba_risk_final,8,16743,293,2560,1,261,0.40546875
1,akt1,rabvs_hit,1,16743,293,768,187,203,0.3072916666666667
1,akt1,rabvs_hit,2,16743,293,1024,0,203,0.2646484375
1,akt1,rabvs_hit,3,16743,293,1280,0,203,0.22109375
1,akt1,rabvs_hit,4,16743,293,1536,2,205,0.21028645833333334
1,akt1,rabvs_hit,5,16743,293,1792,0,205,0.24386160714285715
1,akt1,rabvs_hit,6,16743,293,2048,12,217,0.22900390625
1,akt1,rabvs_hit,7,16743,293,2304,0,217,0.20616319444444445
1,akt1,rabvs_hit,8,16743,293,2560,21,238,0.2
1,akt1,rabvs_reliable_q90,1,16743,293,768,187,203,0.3072916666666667
1,akt1,rabvs_reliable_q90,2,16743,293,1024,0,203,0.2646484375
1,akt1,rabvs_reliable_q90,3,16743,293,1280,0,203,0.22109375
1,akt1,rabvs_reliable_q90,4,16743,293,1536,2,205,0.21028645833333334
1,akt1,rabvs_reliable_q90,5,16743,293,1792,0,205,0.24386160714285715
1,akt1,rabvs_reliable_q90,6,16743,293,2048,12,217,0.22900390625
1,akt1,rabvs_reliable_q90,7,16743,293,2304,0,217,0.20616319444444445
1,akt1,rabvs_reliable_q90,8,16743,293,2560,21,238,0.2
1,akt1,rabvs_reliable,1,16743,293,768,187,203,0.3072916666666667
1,akt1,rabvs_reliable,2,16743,293,1024,0,203,0.2646484375
1,akt1,rabvs_reliable,3,16743,293,1280,0,203,0.22109375
1,akt1,rabvs_reliable,4,16743,293,1536,2,205,0.21028645833333334
1,akt1,rabvs_reliable,5,16743,293,1792,0,205,0.24386160714285715
1,akt1,rabvs_reliable,6,16743,293,2048,12,217,0.22900390625
1,akt1,rabvs_reliable,7,16743,293,2304,0,217,0.20616319444444445
1,akt1,rabvs_reliable,8,16743,293,2560,21,238,0.2
2,akt1,greedy_surrogate,1,16743,293,768,235,251,0.3138020833333333
2,akt1,greedy_surrogate,2,16743,293,1024,17,268,0.333984375
2,akt1,greedy_surrogate,3,16743,293,1280,6,274,0.3375
2,akt1,greedy_surrogate,4,16743,293,1536,6,280,0.34375
2,akt1,greedy_surrogate,5,16743,293,1792,0,280,0.3588169642857143
2,akt1,greedy_surrogate,6,16743,293,2048,0,280,0.36083984375
2,akt1,greedy_surrogate,7,16743,293,2304,0,280,0.3702256944444444
2,akt1,greedy_surrogate,8,16743,293,2560,1,281,0.368359375
2,akt1,boba_ucb,1,16743,293,768,229,245,0.3177083333333333
2,akt1,boba_ucb,2,16743,293,1024,0,245,0.3173828125
2,akt1,boba_ucb,3,16743,293,1280,0,245,0.35703125
2,akt1,boba_ucb,4,16743,293,1536,0,245,0.396484375
2,akt1,boba_ucb,5,16743,293,1792,7,252,0.41685267857142855
2,akt1,boba_ucb,6,16743,293,2048,7,259,0.40625
2,akt1,boba_ucb,7,16743,293,2304,5,264,0.4053819444444444
2,akt1,boba_ucb,8,16743,293,2560,0,264,0.401953125
2,akt1,boba_risk_final,1,16743,293,768,229,245,0.3177083333333333
2,akt1,boba_risk_final,2,16743,293,1024,0,245,0.3173828125
2,akt1,boba_risk_final,3,16743,293,1280,0,245,0.35703125
2,akt1,boba_risk_final,4,16743,293,1536,0,245,0.396484375
2,akt1,boba_risk_final,5,16743,293,1792,7,252,0.41685267857142855
2,akt1,boba_risk_final,6,16743,293,2048,7,259,0.40625
2,akt1,boba_risk_final,7,16743,293,2304,5,264,0.4053819444444444
2,akt1,boba_risk_final,8,16743,293,2560,0,264,0.401953125
2,akt1,rabvs_hit,1,16743,293,768,59,75,0.3697916666666667
2,akt1,rabvs_hit,2,16743,293,1024,70,145,0.2978515625
2,akt1,rabvs_hit,3,16743,293,1280,0,145,0.25859375
2,akt1,rabvs_hit,4,16743,293,1536,0,145,0.23502604166666666
2,akt1,rabvs_hit,5,16743,293,1792,6,151,0.24274553571428573
2,akt1,rabvs_hit,6,16743,293,2048,110,261,0.2451171875
2,akt1,rabvs_hit,7,16743,293,2304,2,263,0.22178819444444445
2,akt1,rabvs_hit,8,16743,293,2560,0,263,0.205078125
2,akt1,rabvs_reliable_q90,1,16743,293,768,59,75,0.3697916666666667
2,akt1,rabvs_reliable_q90,2,16743,293,1024,70,145,0.2978515625
2,akt1,rabvs_reliable_q90,3,16743,293,1280,0,145,0.25859375
2,akt1,rabvs_reliable_q90,4,16743,293,1536,0,145,0.23502604166666666
2,akt1,rabvs_reliable_q90,5,16743,293,1792,6,151,0.24274553571428573
2,akt1,rabvs_reliable_q90,6,16743,293,2048,110,261,0.2451171875
2,akt1,rabvs_reliable_q90,7,16743,293,2304,2,263,0.22178819444444445
2,akt1,rabvs_reliable_q90,8,16743,293,2560,0,263,0.205078125
2,akt1,rabvs_reliable,1,16743,293,768,59,75,0.3697916666666667
2,akt1,rabvs_reliable,2,16743,293,1024,70,145,0.2978515625
2,akt1,rabvs_reliable,3,16743,293,1280,0,145,0.25859375
2,akt1,rabvs_reliable,4,16743,293,1536,0,145,0.23502604166666666
2,akt1,rabvs_reliable,5,16743,293,1792,6,151,0.24274553571428573
2,akt1,rabvs_reliable,6,16743,293,2048,110,261,0.2451171875
2,akt1,rabvs_reliable,7,16743,293,2304,2,263,0.22178819444444445
2,akt1,rabvs_reliable,8,16743,293,2560,0,263,0.205078125
0,akt2,greedy_surrogate,1,7017,117,768,96,112,0.42578125
0,akt2,greedy_surrogate,2,7017,117,1024,2,114,0.4248046875
0,akt2,greedy_surrogate,3,7017,117,1280,2,116,0.4515625
0,akt2,greedy_surrogate,4,7017,117,1536,0,116,0.4713541666666667
0,akt2,greedy_surrogate,5,7017,117,1792,0,116,0.47433035714285715
0,akt2,greedy_surrogate,6,7017,117,2048,0,116,0.47119140625
0,akt2,greedy_surrogate,7,7017,117,2304,0,116,0.4674479166666667
0,akt2,greedy_surrogate,8,7017,117,2560,1,117,0.465625
0,akt2,boba_ucb,1,7017,117,768,94,110,0.4348958333333333
0,akt2,boba_ucb,2,7017,117,1024,1,111,0.4482421875
0,akt2,boba_ucb,3,7017,117,1280,0,111,0.44296875
0,akt2,boba_ucb,4,7017,117,1536,0,111,0.4544270833333333
0,akt2,boba_ucb,5,7017,117,1792,2,113,0.46205357142857145
0,akt2,boba_ucb,6,7017,117,2048,3,116,0.4541015625
0,akt2,boba_ucb,7,7017,117,2304,0,116,0.4609375
0,akt2,boba_ucb,8,7017,117,2560,0,116,0.45390625
0,akt2,boba_risk_final,1,7017,117,768,94,110,0.4348958333333333
0,akt2,boba_risk_final,2,7017,117,1024,1,111,0.4482421875
0,akt2,boba_risk_final,3,7017,117,1280,0,111,0.44296875
0,akt2,boba_risk_final,4,7017,117,1536,0,111,0.4544270833333333
0,akt2,boba_risk_final,5,7017,117,1792,2,113,0.46205357142857145
0,akt2,boba_risk_final,6,7017,117,2048,3,116,0.4541015625
0,akt2,boba_risk_final,7,7017,117,2304,0,116,0.4609375
0,akt2,boba_risk_final,8,7017,117,2560,0,116,0.45390625
0,akt2,rabvs_hit,1,7017,117,768,94,110,0.3854166666666667
0,akt2,rabvs_hit,2,7017,117,1024,1,111,0.3212890625
0,akt2,rabvs_hit,3,7017,117,1280,0,111,0.2765625
0,akt2,rabvs_hit,4,7017,117,1536,0,111,0.2766927083333333
0,akt2,rabvs_hit,5,7017,117,1792,0,111,0.32310267857142855
0,akt2,rabvs_hit,6,7017,117,2048,3,114,0.29296875
0,akt2,rabvs_hit,7,7017,117,2304,3,117,0.2890625
0,akt2,rabvs_hit,8,7017,117,2560,0,117,0.280078125
0,akt2,rabvs_reliable_q90,1,7017,117,768,94,110,0.3854166666666667
0,akt2,rabvs_reliable_q90,2,7017,117,1024,1,111,0.3212890625
0,akt2,rabvs_reliable_q90,3,7017,117,1280,0,111,0.2765625
0,akt2,rabvs_reliable_q90,4,7017,117,1536,0,111,0.2766927083333333
0,akt2,rabvs_reliable_q90,5,7017,117,1792,0,111,0.32310267857142855
0,akt2,rabvs_reliable_q90,6,7017,117,2048,3,114,0.29296875
0,akt2,rabvs_reliable_q90,7,7017,117,2304,3,117,0.2890625
0,akt2,rabvs_reliable_q90,8,7017,117,2560,0,117,0.280078125
0,akt2,rabvs_reliable,1,7017,117,768,94,110,0.3854166666666667
0,akt2,rabvs_reliable,2,7017,117,1024,1,111,0.3212890625
0,akt2,rabvs_reliable,3,7017,117,1280,0,111,0.2765625
0,akt2,rabvs_reliable,4,7017,117,1536,0,111,0.2766927083333333
0,akt2,rabvs_reliable,5,7017,117,1792,0,111,0.32310267857142855
0,akt2,rabvs_reliable,6,7017,117,2048,3,114,0.29296875
0,akt2,rabvs_reliable,7,7017,117,2304,3,117,0.2890625
0,akt2,rabvs_reliable,8,7017,117,2560,0,117,0.280078125
1,akt2,greedy_surrogate,1,7017,117,768,94,110,0.4127604166666667
1,akt2,greedy_surrogate,2,7017,117,1024,7,117,0.421875
1,akt2,greedy_surrogate,3,7017,117,1280,0,117,0.4453125
1,akt2,greedy_surrogate,4,7017,117,1536,0,117,0.451171875
1,akt2,greedy_surrogate,5,7017,117,1792,0,117,0.453125
1,akt2,greedy_surrogate,6,7017,117,2048,0,117,0.4609375
1,akt2,greedy_surrogate,7,7017,117,2304,0,117,0.4665798611111111
1,akt2,greedy_surrogate,8,7017,117,2560,0,117,0.45703125
1,akt2,boba_ucb,1,7017,117,768,85,101,0.4401041666666667
1,akt2,boba_ucb,2,7017,117,1024,6,107,0.46484375
1,akt2,boba_ucb,3,7017,117,1280,0,107,0.46484375
1,akt2,boba_ucb,4,7017,117,1536,0,107,0.4752604166666667
1,akt2,boba_ucb,5,7017,117,1792,6,113,0.4838169642857143
1,akt2,boba_ucb,6,7017,117,2048,3,116,0.46435546875
1,akt2,boba_ucb,7,7017,117,2304,0,116,0.4704861111111111
1,akt2,boba_ucb,8,7017,117,2560,0,116,0.4625
1,akt2,boba_risk_final,1,7017,117,768,85,101,0.4401041666666667
1,akt2,boba_risk_final,2,7017,117,1024,6,107,0.46484375
1,akt2,boba_risk_final,3,7017,117,1280,0,107,0.46484375
1,akt2,boba_risk_final,4,7017,117,1536,0,107,0.4752604166666667
1,akt2,boba_risk_final,5,7017,117,1792,6,113,0.4838169642857143
1,akt2,boba_risk_final,6,7017,117,2048,3,116,0.46435546875
1,akt2,boba_risk_final,7,7017,117,2304,0,116,0.4704861111111111
1,akt2,boba_risk_final,8,7017,117,2560,0,116,0.4625
1,akt2,rabvs_hit,1,7017,117,768,85,101,0.3841145833333333
1,akt2,rabvs_hit,2,7017,117,1024,0,101,0.30859375
1,akt2,rabvs_hit,3,7017,117,1280,0,101,0.2703125
1,akt2,rabvs_hit,4,7017,117,1536,6,107,0.30859375
1,akt2,rabvs_hit,5,7017,117,1792,6,113,0.29910714285714285
1,akt2,rabvs_hit,6,7017,117,2048,3,116,0.27294921875
1,akt2,rabvs_hit,7,7017,117,2304,0,116,0.2612847222222222
1,akt2,rabvs_hit,8,7017,117,2560,0,116,0.25
1,akt2,rabvs_reliable_q90,1,7017,117,768,85,101,0.3841145833333333
1,akt2,rabvs_reliable_q90,2,7017,117,1024,0,101,0.30859375
1,akt2,rabvs_reliable_q90,3,7017,117,1280,0,101,0.2703125
1,akt2,rabvs_reliable_q90,4,7017,117,1536,6,107,0.30859375
1,akt2,rabvs_reliable_q90,5,7017,117,1792,6,113,0.29910714285714285
1,akt2,rabvs_reliable_q90,6,7017,117,2048,3,116,0.27294921875
1,akt2,rabvs_reliable_q90,7,7017,117,2304,0,116,0.2612847222222222
1,akt2,rabvs_reliable_q90,8,7017,117,2560,0,116,0.25
1,akt2,rabvs_reliable,1,7017,117,768,85,101,0.3841145833333333
1,akt2,rabvs_reliable,2,7017,117,1024,0,101,0.30859375
1,akt2,rabvs_reliable,3,7017,117,1280,0,101,0.2703125
1,akt2,rabvs_reliable,4,7017,117,1536,6,107,0.30859375
1,akt2,rabvs_reliable,5,7017,117,1792,6,113,0.29910714285714285
1,akt2,rabvs_reliable,6,7017,117,2048,3,116,0.27294921875
1,akt2,rabvs_reliable,7,7017,117,2304,0,116,0.2612847222222222
1,akt2,rabvs_reliable,8,7017,117,2560,0,116,0.25
2,akt2,greedy_surrogate,1,7017,117,768,98,114,0.4427083333333333
2,akt2,greedy_surrogate,2,7017,117,1024,1,115,0.4638671875
2,akt2,greedy_surrogate,3,7017,117,1280,1,116,0.4609375
2,akt2,greedy_surrogate,4,7017,117,1536,0,116,0.4518229166666667
2,akt2,greedy_surrogate,5,7017,117,1792,0,116,0.4525669642857143
2,akt2,greedy_surrogate,6,7017,117,2048,0,116,0.44970703125
2,akt2,greedy_surrogate,7,7017,117,2304,0,116,0.4513888888888889
2,akt2,greedy_surrogate,8,7017,117,2560,1,117,0.45390625
2,akt2,boba_ucb,1,7017,117,768,97,113,0.4244791666666667
2,akt2,boba_ucb,2,7017,117,1024,0,113,0.4443359375
2,akt2,boba_ucb,3,7017,117,1280,0,113,0.40390625
2,akt2,boba_ucb,4,7017,117,1536,0,113,0.4114583333333333
2,akt2,boba_ucb,5,7017,117,1792,1,114,0.43470982142857145
2,akt2,boba_ucb,6,7017,117,2048,0,114,0.4365234375
2,akt2,boba_ucb,7,7017,117,2304,1,115,0.4275173611111111
2,akt2,boba_ucb,8,7017,117,2560,0,115,0.436328125
2,akt2,boba_risk_final,1,7017,117,768,97,113,0.4244791666666667
2,akt2,boba_risk_final,2,7017,117,1024,0,113,0.4443359375
2,akt2,boba_risk_final,3,7017,117,1280,0,113,0.40390625
2,akt2,boba_risk_final,4,7017,117,1536,0,113,0.4114583333333333
2,akt2,boba_risk_final,5,7017,117,1792,1,114,0.43470982142857145
2,akt2,boba_risk_final,6,7017,117,2048,0,114,0.4365234375
2,akt2,boba_risk_final,7,7017,117,2304,1,115,0.4275173611111111
2,akt2,boba_risk_final,8,7017,117,2560,0,115,0.436328125
2,akt2,rabvs_hit,1,7017,117,768,97,113,0.3958333333333333
2,akt2,rabvs_hit,2,7017,117,1024,0,113,0.3349609375
2,akt2,rabvs_hit,3,7017,117,1280,0,113,0.2921875
2,akt2,rabvs_hit,4,7017,117,1536,0,113,0.3411458333333333
2,akt2,rabvs_hit,5,7017,117,1792,1,114,0.31026785714285715
2,akt2,rabvs_hit,6,7017,117,2048,0,114,0.27685546875
2,akt2,rabvs_hit,7,7017,117,2304,1,115,0.2664930555555556
2,akt2,rabvs_hit,8,7017,117,2560,0,115,0.251953125
2,akt2,rabvs_reliable_q90,1,7017,117,768,97,113,0.3958333333333333
2,akt2,rabvs_reliable_q90,2,7017,117,1024,0,113,0.3349609375
2,akt2,rabvs_reliable_q90,3,7017,117,1280,0,113,0.2921875
2,akt2,rabvs_reliable_q90,4,7017,117,1536,0,113,0.3411458333333333
2,akt2,rabvs_reliable_q90,5,7017,117,1792,1,114,0.31026785714285715
2,akt2,rabvs_reliable_q90,6,7017,117,2048,0,114,0.27685546875
2,akt2,rabvs_reliable_q90,7,7017,117,2304,1,115,0.2664930555555556
2,akt2,rabvs_reliable_q90,8,7017,117,2560,0,115,0.251953125
2,akt2,rabvs_reliable,1,7017,117,768,97,113,0.3958333333333333
2,akt2,rabvs_reliable,2,7017,117,1024,0,113,0.3349609375
2,akt2,rabvs_reliable,3,7017,117,1280,0,113,0.2921875
2,akt2,rabvs_reliable,4,7017,117,1536,0,113,0.3411458333333333
2,akt2,rabvs_reliable,5,7017,117,1792,1,114,0.31026785714285715
2,akt2,rabvs_reliable,6,7017,117,2048,0,114,0.27685546875
2,akt2,rabvs_reliable,7,7017,117,2304,1,115,0.2664930555555556
2,akt2,rabvs_reliable,8,7017,117,2560,0,115,0.251953125
0,aldr,greedy_surrogate,1,9159,159,768,127,143,0.4583333333333333
0,aldr,greedy_surrogate,2,9159,159,1024,13,156,0.47265625
0,aldr,greedy_surrogate,3,9159,159,1280,3,159,0.478125
0,aldr,greedy_surrogate,4,9159,159,1536,0,159,0.5006510416666666
0,aldr,greedy_surrogate,5,9159,159,1792,0,159,0.49776785714285715
0,aldr,greedy_surrogate,6,9159,159,2048,0,159,0.50537109375
0,aldr,greedy_surrogate,7,9159,159,2304,0,159,0.4991319444444444
0,aldr,greedy_surrogate,8,9159,159,2560,0,159,0.490234375
0,aldr,boba_ucb,1,9159,159,768,114,130,0.4778645833333333
0,aldr,boba_ucb,2,9159,159,1024,11,141,0.4501953125
0,aldr,boba_ucb,3,9159,159,1280,6,147,0.49453125
0,aldr,boba_ucb,4,9159,159,1536,0,147,0.4700520833333333
0,aldr,boba_ucb,5,9159,159,1792,7,154,0.47935267857142855
0,aldr,boba_ucb,6,9159,159,2048,1,155,0.4814453125
0,aldr,boba_ucb,7,9159,159,2304,0,155,0.4748263888888889
0,aldr,boba_ucb,8,9159,159,2560,2,157,0.47578125
0,aldr,boba_risk_final,1,9159,159,768,114,130,0.4778645833333333
0,aldr,boba_risk_final,2,9159,159,1024,11,141,0.4501953125
0,aldr,boba_risk_final,3,9159,159,1280,6,147,0.49453125
0,aldr,boba_risk_final,4,9159,159,1536,0,147,0.4700520833333333
0,aldr,boba_risk_final,5,9159,159,1792,7,154,0.47935267857142855
0,aldr,boba_risk_final,6,9159,159,2048,1,155,0.4814453125
0,aldr,boba_risk_final,7,9159,159,2304,0,155,0.4748263888888889
0,aldr,boba_risk_final,8,9159,159,2560,2,157,0.47578125
0,aldr,rabvs_hit,1,9159,159,768,91,107,0.4322916666666667
0,aldr,rabvs_hit,2,9159,159,1024,0,107,0.3828125
0,aldr,rabvs_hit,3,9159,159,1280,0,107,0.31796875
0,aldr,rabvs_hit,4,9159,159,1536,0,107,0.287109375
0,aldr,rabvs_hit,5,9159,159,1792,0,107,0.3158482142857143
0,aldr,rabvs_hit,6,9159,159,2048,7,114,0.30126953125
0,aldr,rabvs_hit,7,9159,159,2304,12,126,0.2790798611111111
0,aldr,rabvs_hit,8,9159,159,2560,5,131,0.2671875
0,aldr,rabvs_reliable_q90,1,9159,159,768,91,107,0.4322916666666667
0,aldr,rabvs_reliable_q90,2,9159,159,1024,0,107,0.3828125
0,aldr,rabvs_reliable_q90,3,9159,159,1280,0,107,0.31796875
0,aldr,rabvs_reliable_q90,4,9159,159,1536,0,107,0.287109375
0,aldr,rabvs_reliable_q90,5,9159,159,1792,0,107,0.3158482142857143
0,aldr,rabvs_reliable_q90,6,9159,159,2048,7,114,0.30126953125
0,aldr,rabvs_reliable_q90,7,9159,159,2304,12,126,0.2790798611111111
0,aldr,rabvs_reliable_q90,8,9159,159,2560,5,131,0.2671875
0,aldr,rabvs_reliable,1,9159,159,768,91,107,0.4322916666666667
0,aldr,rabvs_reliable,2,9159,159,1024,0,107,0.3828125
0,aldr,rabvs_reliable,3,9159,159,1280,0,107,0.31796875
0,aldr,rabvs_reliable,4,9159,159,1536,0,107,0.287109375
0,aldr,rabvs_reliable,5,9159,159,1792,0,107,0.3158482142857143
0,aldr,rabvs_reliable,6,9159,159,2048,7,114,0.30126953125
0,aldr,rabvs_reliable,7,9159,159,2304,12,126,0.2790798611111111
0,aldr,rabvs_reliable,8,9159,159,2560,5,131,0.2671875
1,aldr,greedy_surrogate,1,9159,159,768,125,141,0.4908854166666667
1,aldr,greedy_surrogate,2,9159,159,1024,15,156,0.48046875
1,aldr,greedy_surrogate,3,9159,159,1280,2,158,0.49140625
1,aldr,greedy_surrogate,4,9159,159,1536,1,159,0.509765625
1,aldr,greedy_surrogate,5,9159,159,1792,0,159,0.5150669642857143
1,aldr,greedy_surrogate,6,9159,159,2048,0,159,0.51025390625
1,aldr,greedy_surrogate,7,9159,159,2304,0,159,0.4973958333333333
1,aldr,greedy_surrogate,8,9159,159,2560,0,159,0.498828125
1,aldr,boba_ucb,1,9159,159,768,120,136,0.4778645833333333
1,aldr,boba_ucb,2,9159,159,1024,4,140,0.4453125
1,aldr,boba_ucb,3,9159,159,1280,4,144,0.4453125
1,aldr,boba_ucb,4,9159,159,1536,0,144,0.443359375
1,aldr,boba_ucb,5,9159,159,1792,11,155,0.4799107142857143
1,aldr,boba_ucb,6,9159,159,2048,1,156,0.478515625
1,aldr,boba_ucb,7,9159,159,2304,0,156,0.4639756944444444
1,aldr,boba_ucb,8,9159,159,2560,1,157,0.471484375
1,aldr,boba_risk_final,1,9159,159,768,120,136,0.4778645833333333
1,aldr,boba_risk_final,2,9159,159,1024,4,140,0.4453125
1,aldr,boba_risk_final,3,9159,159,1280,4,144,0.4453125
1,aldr,boba_risk_final,4,9159,159,1536,0,144,0.443359375
1,aldr,boba_risk_final,5,9159,159,1792,11,155,0.4799107142857143
1,aldr,boba_risk_final,6,9159,159,2048,1,156,0.478515625
1,aldr,boba_risk_final,7,9159,159,2304,0,156,0.4639756944444444
1,aldr,boba_risk_final,8,9159,159,2560,1,157,0.471484375
1,aldr,rabvs_hit,1,9159,159,768,118,134,0.4544270833333333
1,aldr,rabvs_hit,2,9159,159,1024,1,135,0.4189453125
1,aldr,rabvs_hit,3,9159,159,1280,7,142,0.35390625
1,aldr,rabvs_hit,4,9159,159,1536,3,145,0.3385416666666667
1,aldr,rabvs_hit,5,9159,159,1792,2,147,0.30636160714285715
1,aldr,rabvs_hit,6,9159,159,2048,10,157,0.28515625
1,aldr,rabvs_hit,7,9159,159,2304,0,157,0.2599826388888889
1,aldr,rabvs_hit,8,9159,159,2560,0,157,0.239453125
1,aldr,rabvs_reliable_q90,1,9159,159,768,118,134,0.4544270833333333
1,aldr,rabvs_reliable_q90,2,9159,159,1024,1,135,0.4189453125
1,aldr,rabvs_reliable_q90,3,9159,159,1280,7,142,0.35390625
1,aldr,rabvs_reliable_q90,4,9159,159,1536,3,145,0.3385416666666667
1,aldr,rabvs_reliable_q90,5,9159,159,1792,2,147,0.30636160714285715
1,aldr,rabvs_reliable_q90,6,9159,159,2048,10,157,0.28515625
1,aldr,rabvs_reliable_q90,7,9159,159,2304,0,157,0.2599826388888889
1,aldr,rabvs_reliable_q90,8,9159,159,2560,0,157,0.239453125
1,aldr,rabvs_reliable,1,9159,159,768,118,134,0.4544270833333333
1,aldr,rabvs_reliable,2,9159,159,1024,1,135,0.4189453125
1,aldr,rabvs_reliable,3,9159,159,1280,7,142,0.35390625
1,aldr,rabvs_reliable,4,9159,159,1536,3,145,0.3385416666666667
1,aldr,rabvs_reliable,5,9159,159,1792,2,147,0.30636160714285715
1,aldr,rabvs_reliable,6,9159,159,2048,10,157,0.28515625
1,aldr,rabvs_reliable,7,9159,159,2304,0,157,0.2599826388888889
1,aldr,rabvs_reliable,8,9159,159,2560,0,157,0.239453125
2,aldr,greedy_surrogate,1,9159,159,768,108,124,0.48046875
2,aldr,greedy_surrogate,2,9159,159,1024,32,156,0.48046875
2,aldr,greedy_surrogate,3,9159,159,1280,2,158,0.4890625
2,aldr,greedy_surrogate,4,9159,159,1536,1,159,0.498046875
2,aldr,greedy_surrogate,5,9159,159,1792,0,159,0.5066964285714286
2,aldr,greedy_surrogate,6,9159,159,2048,0,159,0.5068359375
2,aldr,greedy_surrogate,7,9159,159,2304,0,159,0.4995659722222222
2,aldr,greedy_surrogate,8,9159,159,2560,0,159,0.493359375
2,aldr,boba_ucb,1,9159,159,768,105,121,0.4869791666666667
2,aldr,boba_ucb,2,9159,159,1024,25,146,0.490234375
2,aldr,boba_ucb,3,9159,159,1280,0,146,0.4625
2,aldr,boba_ucb,4,9159,159,1536,0,146,0.4518229166666667
2,aldr,boba_ucb,5,9159,159,1792,3,149,0.45479910714285715
2,aldr,boba_ucb,6,9159,159,2048,5,154,0.45703125
2,aldr,boba_ucb,7,9159,159,2304,0,154,0.4565972222222222
2,aldr,boba_ucb,8,9159,159,2560,0,154,0.444921875
2,aldr,boba_risk_final,1,9159,159,768,105,121,0.4869791666666667
2,aldr,boba_risk_final,2,9159,159,1024,25,146,0.490234375
2,aldr,boba_risk_final,3,9159,159,1280,0,146,0.4625
2,aldr,boba_risk_final,4,9159,159,1536,0,146,0.4518229166666667
2,aldr,boba_risk_final,5,9159,159,1792,3,149,0.45479910714285715
2,aldr,boba_risk_final,6,9159,159,2048,5,154,0.45703125
2,aldr,boba_risk_final,7,9159,159,2304,0,154,0.4565972222222222
2,aldr,boba_risk_final,8,9159,159,2560,0,154,0.444921875
2,aldr,rabvs_hit,1,9159,159,768,105,121,0.44140625
2,aldr,rabvs_hit,2,9159,159,1024,25,146,0.4306640625
2,aldr,rabvs_hit,3,9159,159,1280,4,150,0.37265625
2,aldr,rabvs_hit,4,9159,159,1536,0,150,0.33984375
2,aldr,rabvs_hit,5,9159,159,1792,3,153,0.31417410714285715
2,aldr,rabvs_hit,6,9159,159,2048,0,153,0.30078125
2,aldr,rabvs_hit,7,9159,159,2304,1,154,0.2777777777777778
2,aldr,rabvs_hit,8,9159,159,2560,0,154,0.26328125
2,aldr,rabvs_reliable_q90,1,9159,159,768,105,121,0.44140625
2,aldr,rabvs_reliable_q90,2,9159,159,1024,25,146,0.4306640625
2,aldr,rabvs_reliable_q90,3,9159,159,1280,4,150,0.37265625
2,aldr,rabvs_reliable_q90,4,9159,159,1536,0,150,0.33984375
2,aldr,rabvs_reliable_q90,5,9159,159,1792,3,153,0.31417410714285715
2,aldr,rabvs_reliable_q90,6,9159,159,2048,0,153,0.30078125
2,aldr,rabvs_reliable_q90,7,9159,159,2304,1,154,0.2777777777777778
2,aldr,rabvs_reliable_q90,8,9159,159,2560,0,154,0.26328125
2,aldr,rabvs_reliable,1,9159,159,768,105,121,0.44140625
2,aldr,rabvs_reliable,2,9159,159,1024,25,146,0.4306640625
2,aldr,rabvs_reliable,3,9159,159,1280,4,150,0.37265625
2,aldr,rabvs_reliable,4,9159,159,1536,0,150,0.33984375
2,aldr,rabvs_reliable,5,9159,159,1792,3,153,0.31417410714285715
2,aldr,rabvs_reliable,6,9159,159,2048,0,153,0.30078125
2,aldr,rabvs_reliable,7,9159,159,2304,1,154,0.2777777777777778
2,aldr,rabvs_reliable,8,9159,159,2560,0,154,0.26328125
0,ampc,greedy_surrogate,1,2898,48,768,24,40,0.5260416666666666
0,ampc,greedy_surrogate,2,2898,48,1024,4,44,0.517578125
0,ampc,greedy_surrogate,3,2898,48,1280,1,45,0.49765625
0,ampc,greedy_surrogate,4,2898,48,1536,1,46,0.4713541666666667
0,ampc,greedy_surrogate,5,2898,48,1792,0,46,0.4799107142857143
0,ampc,greedy_surrogate,6,2898,48,2048,1,47,0.4833984375
0,ampc,greedy_surrogate,7,2898,48,2304,0,47,0.4913194444444444
0,ampc,greedy_surrogate,8,2898,48,2560,1,48,0.502734375
0,ampc,boba_ucb,1,2898,48,768,23,39,0.51953125
0,ampc,boba_ucb,2,2898,48,1024,1,40,0.4892578125
0,ampc,boba_ucb,3,2898,48,1280,1,41,0.49375
0,ampc,boba_ucb,4,2898,48,1536,0,41,0.5078125
0,ampc,boba_ucb,5,2898,48,1792,1,42,0.5122767857142857
0,ampc,boba_ucb,6,2898,48,2048,1,43,0.50927734375
0,ampc,boba_ucb,7,2898,48,2304,1,44,0.5221354166666666
0,ampc,boba_ucb,8,2898,48,2560,0,44,0.517578125
0,ampc,boba_risk_final,1,2898,48,768,23,39,0.51953125
0,ampc,boba_risk_final,2,2898,48,1024,1,40,0.4892578125
0,ampc,boba_risk_final,3,2898,48,1280,1,41,0.49375
0,ampc,boba_risk_final,4,2898,48,1536,0,41,0.5078125
0,ampc,boba_risk_final,5,2898,48,1792,1,42,0.5122767857142857
0,ampc,boba_risk_final,6,2898,48,2048,1,43,0.50927734375
0,ampc,boba_risk_final,7,2898,48,2304,1,44,0.5221354166666666
0,ampc,boba_risk_final,8,2898,48,2560,0,44,0.517578125
0,ampc,rabvs_hit,1,2898,48,768,26,42,0.4388020833333333
0,ampc,rabvs_hit,2,2898,48,1024,1,43,0.3671875
0,ampc,rabvs_hit,3,2898,48,1280,1,44,0.340625
0,ampc,rabvs_hit,4,2898,48,1536,1,45,0.3235677083333333
0,ampc,rabvs_hit,5,2898,48,1792,0,45,0.40011160714285715
0,ampc,rabvs_hit,6,2898,48,2048,0,45,0.37939453125
0,ampc,rabvs_hit,7,2898,48,2304,0,45,0.4275173611111111
0,ampc,rabvs_hit,8,2898,48,2560,2,47,0.469921875
0,ampc,rabvs_reliable_q90,1,2898,48,768,26,42,0.4388020833333333
0,ampc,rabvs_reliable_q90,2,2898,48,1024,1,43,0.3671875
0,ampc,rabvs_reliable_q90,3,2898,48,1280,1,44,0.340625
0,ampc,rabvs_reliable_q90,4,2898,48,1536,1,45,0.3235677083333333
0,ampc,rabvs_reliable_q90,5,2898,48,1792,0,45,0.40011160714285715
0,ampc,rabvs_reliable_q90,6,2898,48,2048,0,45,0.37939453125
0,ampc,rabvs_reliable_q90,7,2898,48,2304,0,45,0.4275173611111111
0,ampc,rabvs_reliable_q90,8,2898,48,2560,2,47,0.469921875
0,ampc,rabvs_reliable,1,2898,48,768,26,42,0.4388020833333333
0,ampc,rabvs_reliable,2,2898,48,1024,1,43,0.3671875
0,ampc,rabvs_reliable,3,2898,48,1280,1,44,0.340625
0,ampc,rabvs_reliable,4,2898,48,1536,1,45,0.3235677083333333
0,ampc,rabvs_reliable,5,2898,48,1792,0,45,0.40011160714285715
0,ampc,rabvs_reliable,6,2898,48,2048,0,45,0.37939453125
0,ampc,rabvs_reliable,7,2898,48,2304,0,45,0.4275173611111111
0,ampc,rabvs_reliable,8,2898,48,2560,2,47,0.469921875
1,ampc,greedy_surrogate,1,2898,48,768,28,44,0.515625
1,ampc,greedy_surrogate,2,2898,48,1024,1,45,0.48828125
1,ampc,greedy_surrogate,3,2898,48,1280,2,47,0.48828125
1,ampc,greedy_surrogate,4,2898,48,1536,1,48,0.4733072916666667
1,ampc,greedy_surrogate,5,2898,48,1792,0,48,0.48158482142857145
1,ampc,greedy_surrogate,6,2898,48,2048,0,48,0.48486328125
1,ampc,greedy_surrogate,7,2898,48,2304,0,48,0.4921875
1,ampc,greedy_surrogate,8,2898,48,2560,0,48,0.505859375
1,ampc,boba_ucb,1,2898,48,768,27,43,0.5403645833333334
1,ampc,boba_ucb,2,2898,48,1024,1,44,0.50390625
1,ampc,boba_ucb,3,2898,48,1280,0,44,0.478125
1,ampc,boba_ucb,4,2898,48,1536,2,46,0.4733072916666667
1,ampc,boba_ucb,5,2898,48,1792,1,47,0.46707589285714285
1,ampc,boba_ucb,6,2898,48,2048,0,47,0.5029296875
1,ampc,boba_ucb,7,2898,48,2304,1,48,0.51171875
1,ampc,boba_ucb,8,2898,48,2560,0,48,0.53125
1,ampc,boba_risk_final,1,2898,48,768,27,43,0.5403645833333334
1,ampc,boba_risk_final,2,2898,48,1024,1,44,0.50390625
1,ampc,boba_risk_final,3,2898,48,1280,0,44,0.478125
1,ampc,boba_risk_final,4,2898,48,1536,2,46,0.4733072916666667
1,ampc,boba_risk_final,5,2898,48,1792,1,47,0.46707589285714285
1,ampc,boba_risk_final,6,2898,48,2048,0,47,0.5029296875
1,ampc,boba_risk_final,7,2898,48,2304,1,48,0.51171875
1,ampc,boba_risk_final,8,2898,48,2560,0,48,0.53125
1,ampc,rabvs_hit,1,2898,48,768,27,43,0.4752604166666667
1,ampc,rabvs_hit,2,2898,48,1024,2,45,0.4140625
1,ampc,rabvs_hit,3,2898,48,1280,0,45,0.3796875
1,ampc,rabvs_hit,4,2898,48,1536,1,46,0.341796875
1,ampc,rabvs_hit,5,2898,48,1792,2,48,0.36439732142857145
1,ampc,rabvs_hit,6,2898,48,2048,0,48,0.404296875
1,ampc,rabvs_hit,7,2898,48,2304,0,48,0.4592013888888889
1,ampc,rabvs_hit,8,2898,48,2560,0,48,0.473046875
1,ampc,rabvs_reliable_q90,1,2898,48,768,27,43,0.4752604166666667
1,ampc,rabvs_reliable_q90,2,2898,48,1024,2,45,0.4140625
1,ampc,rabvs_reliable_q90,3,2898,48,1280,0,45,0.3796875
1,ampc,rabvs_reliable_q90,4,2898,48,1536,1,46,0.341796875
1,ampc,rabvs_reliable_q90,5,2898,48,1792,2,48,0.36439732142857145
1,ampc,rabvs_reliable_q90,6,2898,48,2048,0,48,0.404296875
1,ampc,rabvs_reliable_q90,7,2898,48,2304,0,48,0.4592013888888889
1,ampc,rabvs_reliable_q90,8,2898,48,2560,0,48,0.473046875
1,ampc,rabvs_reliable,1,2898,48,768,27,43,0.4752604166666667
1,ampc,rabvs_reliable,2,2898,48,1024,2,45,0.4140625
1,ampc,rabvs_reliable,3,2898,48,1280,0,45,0.3796875
1,ampc,rabvs_reliable,4,2898,48,1536,1,46,0.341796875
1,ampc,rabvs_reliable,5,2898,48,1792,2,48,0.36439732142857145
1,ampc,rabvs_reliable,6,2898,48,2048,0,48,0.404296875
1,ampc,rabvs_reliable,7,2898,48,2304,0,48,0.4592013888888889
1,ampc,rabvs_reliable,8,2898,48,2560,0,48,0.473046875
2,ampc,greedy_surrogate,1,2898,48,768,26,42,0.4986979166666667
2,ampc,greedy_surrogate,2,2898,48,1024,5,47,0.4892578125
2,ampc,greedy_surrogate,3,2898,48,1280,0,47,0.4703125
2,ampc,greedy_surrogate,4,2898,48,1536,0,47,0.4733072916666667
2,ampc,greedy_surrogate,5,2898,48,1792,1,48,0.4810267857142857
2,ampc,greedy_surrogate,6,2898,48,2048,0,48,0.47412109375
2,ampc,greedy_surrogate,7,2898,48,2304,0,48,0.4861111111111111
2,ampc,greedy_surrogate,8,2898,48,2560,0,48,0.499609375
2,ampc,boba_ucb,1,2898,48,768,25,41,0.5104166666666666
2,ampc,boba_ucb,2,2898,48,1024,5,46,0.4912109375
2,ampc,boba_ucb,3,2898,48,1280,1,47,0.47109375
2,ampc,boba_ucb,4,2898,48,1536,0,47,0.4759114583333333
2,ampc,boba_ucb,5,2898,48,1792,0,47,0.5089285714285714
2,ampc,boba_ucb,6,2898,48,2048,0,47,0.51025390625
2,ampc,boba_ucb,7,2898,48,2304,0,47,0.5212673611111112
2,ampc,boba_ucb,8,2898,48,2560,0,47,0.51796875
2,ampc,boba_risk_final,1,2898,48,768,25,41,0.5104166666666666
2,ampc,boba_risk_final,2,2898,48,1024,5,46,0.4912109375
2,ampc,boba_risk_final,3,2898,48,1280,1,47,0.47109375
2,ampc,boba_risk_final,4,2898,48,1536,0,47,0.4759114583333333
2,ampc,boba_risk_final,5,2898,48,1792,0,47,0.5089285714285714
2,ampc,boba_risk_final,6,2898,48,2048,0,47,0.51025390625
2,ampc,boba_risk_final,7,2898,48,2304,0,47,0.5212673611111112
2,ampc,boba_risk_final,8,2898,48,2560,0,47,0.51796875
2,ampc,rabvs_hit,1,2898,48,768,25,41,0.4388020833333333
2,ampc,rabvs_hit,2,2898,48,1024,4,45,0.388671875
2,ampc,rabvs_hit,3,2898,48,1280,2,47,0.3546875
2,ampc,rabvs_hit,4,2898,48,1536,0,47,0.3548177083333333
2,ampc,rabvs_hit,5,2898,48,1792,0,47,0.38002232142857145
2,ampc,rabvs_hit,6,2898,48,2048,0,47,0.40478515625
2,ampc,rabvs_hit,7,2898,48,2304,0,47,0.4431423611111111
2,ampc,rabvs_hit,8,2898,48,2560,1,48,0.4640625
2,ampc,rabvs_reliable_q90,1,2898,48,768,25,41,0.4388020833333333
2,ampc,rabvs_reliable_q90,2,2898,48,1024,4,45,0.388671875
2,ampc,rabvs_reliable_q90,3,2898,48,1280,2,47,0.3546875
2,ampc,rabvs_reliable_q90,4,2898,48,1536,0,47,0.3548177083333333
2,ampc,rabvs_reliable_q90,5,2898,48,1792,0,47,0.38002232142857145
2,ampc,rabvs_reliable_q90,6,2898,48,2048,0,47,0.40478515625
2,ampc,rabvs_reliable_q90,7,2898,48,2304,0,47,0.4431423611111111
2,ampc,rabvs_reliable_q90,8,2898,48,2560,1,48,0.4640625
2,ampc,rabvs_reliable,1,2898,48,768,25,41,0.4388020833333333
2,ampc,rabvs_reliable,2,2898,48,1024,4,45,0.388671875
2,ampc,rabvs_reliable,3,2898,48,1280,2,47,0.3546875
2,ampc,rabvs_reliable,4,2898,48,1536,0,47,0.3548177083333333
2,ampc,rabvs_reliable,5,2898,48,1792,0,47,0.38002232142857145
2,ampc,rabvs_reliable,6,2898,48,2048,0,47,0.40478515625
2,ampc,rabvs_reliable,7,2898,48,2304,0,47,0.4431423611111111
2,ampc,rabvs_reliable,8,2898,48,2560,1,48,0.4640625
0,andr,greedy_surrogate,1,14619,269,768,173,189,0.4674479166666667
0,andr,greedy_surrogate,2,14619,269,1024,31,220,0.4638671875
0,andr,greedy_surrogate,3,14619,269,1280,14,234,0.5078125
0,andr,greedy_surrogate,4,14619,269,1536,11,245,0.5084635416666666
0,andr,greedy_surrogate,5,14619,269,1792,11,256,0.5212053571428571
0,andr,greedy_surrogate,6,14619,269,2048,0,256,0.52734375
0,andr,greedy_surrogate,7,14619,269,2304,0,256,0.5308159722222222
0,andr,greedy_surrogate,8,14619,269,2560,1,257,0.528515625
0,andr,boba_ucb,1,14619,269,768,118,134,0.47265625
0,andr,boba_ucb,2,14619,269,1024,6,140,0.4677734375
0,andr,boba_ucb,3,14619,269,1280,0,140,0.4953125
0,andr,boba_ucb,4,14619,269,1536,57,197,0.4993489583333333
0,andr,boba_ucb,5,14619,269,1792,27,224,0.51953125
0,andr,boba_ucb,6,14619,269,2048,14,238,0.53564453125
0,andr,boba_ucb,7,14619,269,2304,4,242,0.5329861111111112
0,andr,boba_ucb,8,14619,269,2560,0,242,0.528515625
0,andr,boba_risk_final,1,14619,269,768,118,134,0.47265625
0,andr,boba_risk_final,2,14619,269,1024,6,140,0.4677734375
0,andr,boba_risk_final,3,14619,269,1280,0,140,0.4953125
0,andr,boba_risk_final,4,14619,269,1536,57,197,0.4993489583333333
0,andr,boba_risk_final,5,14619,269,1792,27,224,0.51953125
0,andr,boba_risk_final,6,14619,269,2048,14,238,0.53564453125
0,andr,boba_risk_final,7,14619,269,2304,4,242,0.5329861111111112
0,andr,boba_risk_final,8,14619,269,2560,0,242,0.528515625
0,andr,rabvs_hit,1,14619,269,768,62,78,0.43359375
0,andr,rabvs_hit,2,14619,269,1024,8,86,0.4404296875
0,andr,rabvs_hit,3,14619,269,1280,2,88,0.4234375
0,andr,rabvs_hit,4,14619,269,1536,0,88,0.37109375
0,andr,rabvs_hit,5,14619,269,1792,67,155,0.3783482142857143
0,andr,rabvs_hit,6,14619,269,2048,6,161,0.36279296875
0,andr,rabvs_hit,7,14619,269,2304,22,183,0.3615451388888889
0,andr,rabvs_hit,8,14619,269,2560,32,215,0.35
0,andr,rabvs_reliable_q90,1,14619,269,768,62,78,0.43359375
0,andr,rabvs_reliable_q90,2,14619,269,1024,8,86,0.4404296875
0,andr,rabvs_reliable_q90,3,14619,269,1280,2,88,0.4234375
0,andr,rabvs_reliable_q90,4,14619,269,1536,0,88,0.37109375
0,andr,rabvs_reliable_q90,5,14619,269,1792,67,155,0.3783482142857143
0,andr,rabvs_reliable_q90,6,14619,269,2048,6,161,0.36279296875
0,andr,rabvs_reliable_q90,7,14619,269,2304,22,183,0.3615451388888889
0,andr,rabvs_reliable_q90,8,14619,269,2560,32,215,0.35
0,andr,rabvs_reliable,1,14619,269,768,62,78,0.43359375
0,andr,rabvs_reliable,2,14619,269,1024,8,86,0.4404296875
0,andr,rabvs_reliable,3,14619,269,1280,2,88,0.4234375
0,andr,rabvs_reliable,4,14619,269,1536,0,88,0.37109375
0,andr,rabvs_reliable,5,14619,269,1792,67,155,0.3783482142857143
0,andr,rabvs_reliable,6,14619,269,2048,6,161,0.36279296875
0,andr,rabvs_reliable,7,14619,269,2304,22,183,0.3615451388888889
0,andr,rabvs_reliable,8,14619,269,2560,32,215,0.35
1,andr,greedy_surrogate,1,14619,269,768,147,163,0.4453125
1,andr,greedy_surrogate,2,14619,269,1024,45,208,0.4560546875
1,andr,greedy_surrogate,3,14619,269,1280,31,239,0.50078125
1,andr,greedy_surrogate,4,14619,269,1536,12,251,0.505859375
1,andr,greedy_surrogate,5,14619,269,1792,4,255,0.5100446428571429
1,andr,greedy_surrogate,6,14619,269,2048,0,255,0.51513671875
1,andr,greedy_surrogate,7,14619,269,2304,0,255,0.5251736111111112
1,andr,greedy_surrogate,8,14619,269,2560,1,256,0.5296875
1,andr,boba_ucb,1,14619,269,768,146,162,0.4596354166666667
1,andr,boba_ucb,2,14619,269,1024,14,176,0.47265625
1,andr,boba_ucb,3,14619,269,1280,23,199,0.4984375
1,andr,boba_ucb,4,14619,269,1536,0,199,0.5078125
1,andr,boba_ucb,5,14619,269,1792,19,218,0.5172991071428571
1,andr,boba_ucb,6,14619,269,2048,8,226,0.52490234375
1,andr,boba_ucb,7,14619,269,2304,8,234,0.5217013888888888
1,andr,boba_ucb,8,14619,269,2560,3,237,0.52265625
1,andr,boba_risk_final,1,14619,269,768,146,162,0.4596354166666667
1,andr,boba_risk_final,2,14619,269,1024,14,176,0.47265625
1,andr,boba_risk_final,3,14619,269,1280,23,199,0.4984375
1,andr,boba_risk_final,4,14619,269,1536,0,199,0.5078125
1,andr,boba_risk_final,5,14619,269,1792,19,218,0.5172991071428571
1,andr,boba_risk_final,6,14619,269,2048,8,226,0.52490234375
1,andr,boba_risk_final,7,14619,269,2304,8,234,0.5217013888888888
1,andr,boba_risk_final,8,14619,269,2560,3,237,0.52265625
1,andr,rabvs_hit,1,14619,269,768,43,59,0.4635416666666667
1,andr,rabvs_hit,2,14619,269,1024,29,88,0.4755859375
1,andr,rabvs_hit,3,14619,269,1280,5,93,0.4671875
1,andr,rabvs_hit,4,14619,269,1536,2,95,0.4381510416666667
1,andr,rabvs_hit,5,14619,269,1792,15,110,0.42020089285714285
1,andr,rabvs_hit,6,14619,269,2048,47,157,0.42236328125
1,andr,rabvs_hit,7,14619,269,2304,8,165,0.4157986111111111
1,andr,rabvs_hit,8,14619,269,2560,6,171,0.391015625
1,andr,rabvs_reliable_q90,1,14619,269,768,43,59,0.4635416666666667
1,andr,rabvs_reliable_q90,2,14619,269,1024,29,88,0.4755859375
1,andr,rabvs_reliable_q90,3,14619,269,1280,5,93,0.4671875
1,andr,rabvs_reliable_q90,4,14619,269,1536,2,95,0.4381510416666667
1,andr,rabvs_reliable_q90,5,14619,269,1792,15,110,0.42020089285714285
1,andr,rabvs_reliable_q90,6,14619,269,2048,47,157,0.42236328125
1,andr,rabvs_reliable_q90,7,14619,269,2304,8,165,0.4157986111111111
1,andr,rabvs_reliable_q90,8,14619,269,2560,6,171,0.391015625
1,andr,rabvs_reliable,1,14619,269,768,43,59,0.4635416666666667
1,andr,rabvs_reliable,2,14619,269,1024,29,88,0.4755859375
1,andr,rabvs_reliable,3,14619,269,1280,5,93,0.4671875
1,andr,rabvs_reliable,4,14619,269,1536,2,95,0.4381510416666667
1,andr,rabvs_reliable,5,14619,269,1792,15,110,0.42020089285714285
1,andr,rabvs_reliable,6,14619,269,2048,47,157,0.42236328125
1,andr,rabvs_reliable,7,14619,269,2304,8,165,0.4157986111111111
1,andr,rabvs_reliable,8,14619,269,2560,6,171,0.391015625
2,andr,greedy_surrogate,1,14619,269,768,159,175,0.4518229166666667
2,andr,greedy_surrogate,2,14619,269,1024,48,223,0.4541015625
2,andr,greedy_surrogate,3,14619,269,1280,18,241,0.49765625
2,andr,greedy_surrogate,4,14619,269,1536,8,249,0.5143229166666666
2,andr,greedy_surrogate,5,14619,269,1792,8,257,0.5295758928571429
2,andr,greedy_surrogate,6,14619,269,2048,4,261,0.53955078125
2,andr,greedy_surrogate,7,14619,269,2304,1,262,0.5416666666666666
2,andr,greedy_surrogate,8,14619,269,2560,0,262,0.543359375
2,andr,boba_ucb,1,14619,269,768,161,177,0.4609375
2,andr,boba_ucb,2,14619,269,1024,12,189,0.44140625
2,andr,boba_ucb,3,14619,269,1280,5,194,0.478125
2,andr,boba_ucb,4,14619,269,1536,2,196,0.4908854166666667
2,andr,boba_ucb,5,14619,269,1792,19,215,0.5128348214285714
2,andr,boba_ucb,6,14619,269,2048,9,224,0.5107421875
2,andr,boba_ucb,7,14619,269,2304,4,228,0.5065104166666666
2,andr,boba_ucb,8,14619,269,2560,10,238,0.505078125
2,andr,boba_risk_final,1,14619,269,768,161,177,0.4609375
2,andr,boba_risk_final,2,14619,269,1024,12,189,0.44140625
2,andr,boba_risk_final,3,14619,269,1280,5,194,0.478125
2,andr,boba_risk_final,4,14619,269,1536,2,196,0.4908854166666667
2,andr,boba_risk_final,5,14619,269,1792,19,215,0.5128348214285714
2,andr,boba_risk_final,6,14619,269,2048,9,224,0.5107421875
2,andr,boba_risk_final,7,14619,269,2304,4,228,0.5065104166666666
2,andr,boba_risk_final,8,14619,269,2560,10,238,0.505078125
2,andr,rabvs_hit,1,14619,269,768,70,86,0.4713541666666667
2,andr,rabvs_hit,2,14619,269,1024,15,101,0.4814453125
2,andr,rabvs_hit,3,14619,269,1280,12,113,0.4578125
2,andr,rabvs_hit,4,14619,269,1536,41,154,0.427734375
2,andr,rabvs_hit,5,14619,269,1792,15,169,0.4408482142857143
2,andr,rabvs_hit,6,14619,269,2048,8,177,0.41748046875
2,andr,rabvs_hit,7,14619,269,2304,12,189,0.3897569444444444
2,andr,rabvs_hit,8,14619,269,2560,0,189,0.36328125
2,andr,rabvs_reliable_q90,1,14619,269,768,70,86,0.4713541666666667
2,andr,rabvs_reliable_q90,2,14619,269,1024,15,101,0.4814453125
2,andr,rabvs_reliable_q90,3,14619,269,1280,12,113,0.4578125
2,andr,rabvs_reliable_q90,4,14619,269,1536,41,154,0.427734375
2,andr,rabvs_reliable_q90,5,14619,269,1792,15,169,0.4408482142857143
2,andr,rabvs_reliable_q90,6,14619,269,2048,8,177,0.41748046875
2,andr,rabvs_reliable_q90,7,14619,269,2304,12,189,0.3897569444444444
2,andr,rabvs_reliable_q90,8,14619,269,2560,0,189,0.36328125
2,andr,rabvs_reliable,1,14619,269,768,70,86,0.4713541666666667
2,andr,rabvs_reliable,2,14619,269,1024,15,101,0.4814453125
2,andr,rabvs_reliable,3,14619,269,1280,12,113,0.4578125
2,andr,rabvs_reliable,4,14619,269,1536,41,154,0.427734375
2,andr,rabvs_reliable,5,14619,269,1792,15,169,0.4408482142857143
2,andr,rabvs_reliable,6,14619,269,2048,8,177,0.41748046875
2,andr,rabvs_reliable,7,14619,269,2304,12,189,0.3897569444444444
2,andr,rabvs_reliable,8,14619,269,2560,0,189,0.36328125
0,aofb,greedy_surrogate,1,7022,122,768,65,81,0.4127604166666667
0,aofb,greedy_surrogate,2,7022,122,1024,20,101,0.4296875
0,aofb,greedy_surrogate,3,7022,122,1280,8,109,0.42578125
0,aofb,greedy_surrogate,4,7022,122,1536,2,111,0.4524739583333333
0,aofb,greedy_surrogate,5,7022,122,1792,5,116,0.44921875
0,aofb,greedy_surrogate,6,7022,122,2048,2,118,0.43896484375
0,aofb,greedy_surrogate,7,7022,122,2304,1,119,0.4487847222222222
0,aofb,greedy_surrogate,8,7022,122,2560,0,119,0.4375
0,aofb,boba_ucb,1,7022,122,768,62,78,0.3828125
0,aofb,boba_ucb,2,7022,122,1024,3,81,0.41796875
0,aofb,boba_ucb,3,7022,122,1280,2,83,0.3921875
0,aofb,boba_ucb,4,7022,122,1536,1,84,0.3841145833333333
0,aofb,boba_ucb,5,7022,122,1792,15,99,0.40234375
0,aofb,boba_ucb,6,7022,122,2048,5,104,0.40185546875
0,aofb,boba_ucb,7,7022,122,2304,7,111,0.3993055555555556
0,aofb,boba_ucb,8,7022,122,2560,1,112,0.4078125
0,aofb,boba_risk_final,1,7022,122,768,62,78,0.3828125
0,aofb,boba_risk_final,2,7022,122,1024,3,81,0.41796875
0,aofb,boba_risk_final,3,7022,122,1280,2,83,0.3921875
0,aofb,boba_risk_final,4,7022,122,1536,1,84,0.3841145833333333
0,aofb,boba_risk_final,5,7022,122,1792,15,99,0.40234375
0,aofb,boba_risk_final,6,7022,122,2048,5,104,0.40185546875
0,aofb,boba_risk_final,7,7022,122,2304,7,111,0.3993055555555556
0,aofb,boba_risk_final,8,7022,122,2560,1,112,0.4078125
0,aofb,rabvs_hit,1,7022,122,768,60,76,0.37109375
0,aofb,rabvs_hit,2,7022,122,1024,4,80,0.3642578125
0,aofb,rabvs_hit,3,7022,122,1280,2,82,0.31328125
0,aofb,rabvs_hit,4,7022,122,1536,1,83,0.2825520833333333
0,aofb,rabvs_hit,5,7022,122,1792,1,84,0.27455357142857145
0,aofb,rabvs_hit,6,7022,122,2048,23,107,0.28564453125
0,aofb,rabvs_hit,7,7022,122,2304,1,108,0.2699652777777778
0,aofb,rabvs_hit,8,7022,122,2560,0,108,0.2515625
0,aofb,rabvs_reliable_q90,1,7022,122,768,60,76,0.37109375
0,aofb,rabvs_reliable_q90,2,7022,122,1024,4,80,0.3642578125
0,aofb,rabvs_reliable_q90,3,7022,122,1280,2,82,0.31328125
0,aofb,rabvs_reliable_q90,4,7022,122,1536,1,83,0.2825520833333333
0,aofb,rabvs_reliable_q90,5,7022,122,1792,1,84,0.27455357142857145
0,aofb,rabvs_reliable_q90,6,7022,122,2048,23,107,0.28564453125
0,aofb,rabvs_reliable_q90,7,7022,122,2304,1,108,0.2699652777777778
0,aofb,rabvs_reliable_q90,8,7022,122,2560,0,108,0.2515625
0,aofb,rabvs_reliable,1,7022,122,768,60,76,0.37109375
0,aofb,rabvs_reliable,2,7022,122,1024,4,80,0.3642578125
0,aofb,rabvs_reliable,3,7022,122,1280,2,82,0.31328125
0,aofb,rabvs_reliable,4,7022,122,1536,1,83,0.2825520833333333
0,aofb,rabvs_reliable,5,7022,122,1792,1,84,0.27455357142857145
0,aofb,rabvs_reliable,6,7022,122,2048,23,107,0.28564453125
0,aofb,rabvs_reliable,7,7022,122,2304,1,108,0.2699652777777778
0,aofb,rabvs_reliable,8,7022,122,2560,0,108,0.2515625
1,aofb,greedy_surrogate,1,7022,122,768,58,74,0.4765625
1,aofb,greedy_surrogate,2,7022,122,1024,20,94,0.478515625
1,aofb,greedy_surrogate,3,7022,122,1280,13,107,0.46796875
1,aofb,greedy_surrogate,4,7022,122,1536,8,115,0.4733072916666667
1,aofb,greedy_surrogate,5,7022,122,1792,4,119,0.46261160714285715
1,aofb,greedy_surrogate,6,7022,122,2048,0,119,0.46044921875
1,aofb,greedy_surrogate,7,7022,122,2304,1,120,0.44921875
1,aofb,greedy_surrogate,8,7022,122,2560,2,122,0.45
1,aofb,boba_ucb,1,7022,122,768,59,75,0.4739583333333333
1,aofb,boba_ucb,2,7022,122,1024,13,88,0.46484375
1,aofb,boba_ucb,3,7022,122,1280,0,88,0.45078125
1,aofb,boba_ucb,4,7022,122,1536,0,88,0.4296875
1,aofb,boba_ucb,5,7022,122,1792,6,94,0.42801339285714285
1,aofb,boba_ucb,6,7022,122,2048,8,102,0.4248046875
1,aofb,boba_ucb,7,7022,122,2304,3,105,0.4440104166666667
1,aofb,boba_ucb,8,7022,122,2560,1,106,0.43125
1,aofb,boba_risk_final,1,7022,122,768,59,75,0.4739583333333333
1,aofb,boba_risk_final,2,7022,122,1024,13,88,0.46484375
1,aofb,boba_risk_final,3,7022,122,1280,0,88,0.45078125
1,aofb,boba_risk_final,4,7022,122,1536,0,88,0.4296875
1,aofb,boba_risk_final,5,7022,122,1792,6,94,0.42801339285714285
1,aofb,boba_risk_final,6,7022,122,2048,8,102,0.4248046875
1,aofb,boba_risk_final,7,7022,122,2304,3,105,0.4440104166666667
1,aofb,boba_risk_final,8,7022,122,2560,1,106,0.43125
1,aofb,rabvs_hit,1,7022,122,768,53,69,0.4244791666666667
1,aofb,rabvs_hit,2,7022,122,1024,22,91,0.4013671875
1,aofb,rabvs_hit,3,7022,122,1280,0,91,0.38984375
1,aofb,rabvs_hit,4,7022,122,1536,0,91,0.3352864583333333
1,aofb,rabvs_hit,5,7022,122,1792,0,91,0.31082589285714285
1,aofb,rabvs_hit,6,7022,122,2048,11,102,0.29833984375
1,aofb,rabvs_hit,7,7022,122,2304,2,104,0.2855902777777778
1,aofb,rabvs_hit,8,7022,122,2560,0,104,0.27890625
1,aofb,rabvs_reliable_q90,1,7022,122,768,53,69,0.4244791666666667
1,aofb,rabvs_reliable_q90,2,7022,122,1024,22,91,0.4013671875
1,aofb,rabvs_reliable_q90,3,7022,122,1280,0,91,0.38984375
1,aofb,rabvs_reliable_q90,4,7022,122,1536,0,91,0.3352864583333333
1,aofb,rabvs_reliable_q90,5,7022,122,1792,0,91,0.31082589285714285
1,aofb,rabvs_reliable_q90,6,7022,122,2048,11,102,0.29833984375
1,aofb,rabvs_reliable_q90,7,7022,122,2304,2,104,0.2855902777777778
1,aofb,rabvs_reliable_q90,8,7022,122,2560,0,104,0.27890625
1,aofb,rabvs_reliable,1,7022,122,768,53,69,0.4244791666666667
1,aofb,rabvs_reliable,2,7022,122,1024,22,91,0.4013671875
1,aofb,rabvs_reliable,3,7022,122,1280,0,91,0.38984375
1,aofb,rabvs_reliable,4,7022,122,1536,0,91,0.3352864583333333
1,aofb,rabvs_reliable,5,7022,122,1792,0,91,0.31082589285714285
1,aofb,rabvs_reliable,6,7022,122,2048,11,102,0.29833984375
1,aofb,rabvs_reliable,7,7022,122,2304,2,104,0.2855902777777778
1,aofb,rabvs_reliable,8,7022,122,2560,0,104,0.27890625
2,aofb,greedy_surrogate,1,7022,122,768,65,81,0.39453125
2,aofb,greedy_surrogate,2,7022,122,1024,18,99,0.4306640625
2,aofb,greedy_surrogate,3,7022,122,1280,13,112,0.42109375
2,aofb,greedy_surrogate,4,7022,122,1536,2,114,0.408203125
2,aofb,greedy_surrogate,5,7022,122,1792,2,116,0.4224330357142857
2,aofb,greedy_surrogate,6,7022,122,2048,3,119,0.4150390625
2,aofb,greedy_surrogate,7,7022,122,2304,2,121,0.4288194444444444
2,aofb,greedy_surrogate,8,7022,122,2560,0,121,0.437890625
2,aofb,boba_ucb,1,7022,122,768,49,65,0.3828125
2,aofb,boba_ucb,2,7022,122,1024,13,78,0.388671875
2,aofb,boba_ucb,3,7022,122,1280,5,83,0.38828125
2,aofb,boba_ucb,4,7022,122,1536,3,86,0.3919270833333333
2,aofb,boba_ucb,5,7022,122,1792,8,94,0.40234375
2,aofb,boba_ucb,6,7022,122,2048,15,109,0.40625
2,aofb,boba_ucb,7,7022,122,2304,1,110,0.4171006944444444
2,aofb,boba_ucb,8,7022,122,2560,0,110,0.4
2,aofb,boba_risk_final,1,7022,122,768,49,65,0.3828125
2,aofb,boba_risk_final,2,7022,122,1024,13,78,0.388671875
2,aofb,boba_risk_final,3,7022,122,1280,5,83,0.38828125
2,aofb,boba_risk_final,4,7022,122,1536,3,86,0.3919270833333333
2,aofb,boba_risk_final,5,7022,122,1792,8,94,0.40234375
2,aofb,boba_risk_final,6,7022,122,2048,15,109,0.40625
2,aofb,boba_risk_final,7,7022,122,2304,1,110,0.4171006944444444
2,aofb,boba_risk_final,8,7022,122,2560,0,110,0.4
2,aofb,rabvs_hit,1,7022,122,768,45,61,0.3658854166666667
2,aofb,rabvs_hit,2,7022,122,1024,12,73,0.3310546875
2,aofb,rabvs_hit,3,7022,122,1280,13,86,0.3296875
2,aofb,rabvs_hit,4,7022,122,1536,1,87,0.29296875
2,aofb,rabvs_hit,5,7022,122,1792,4,91,0.30078125
2,aofb,rabvs_hit,6,7022,122,2048,20,111,0.30859375
2,aofb,rabvs_hit,7,7022,122,2304,1,112,0.2899305555555556
2,aofb,rabvs_hit,8,7022,122,2560,2,114,0.280078125
2,aofb,rabvs_reliable_q90,1,7022,122,768,45,61,0.3658854166666667
2,aofb,rabvs_reliable_q90,2,7022,122,1024,12,73,0.3310546875
2,aofb,rabvs_reliable_q90,3,7022,122,1280,13,86,0.3296875
2,aofb,rabvs_reliable_q90,4,7022,122,1536,1,87,0.29296875
2,aofb,rabvs_reliable_q90,5,7022,122,1792,4,91,0.30078125
2,aofb,rabvs_reliable_q90,6,7022,122,2048,20,111,0.30859375
2,aofb,rabvs_reliable_q90,7,7022,122,2304,1,112,0.2899305555555556
2,aofb,rabvs_reliable_q90,8,7022,122,2560,2,114,0.280078125
2,aofb,rabvs_reliable,1,7022,122,768,45,61,0.3658854166666667
2,aofb,rabvs_reliable,2,7022,122,1024,12,73,0.3310546875
2,aofb,rabvs_reliable,3,7022,122,1280,13,86,0.3296875
2,aofb,rabvs_reliable,4,7022,122,1536,1,87,0.29296875
2,aofb,rabvs_reliable,5,7022,122,1792,4,91,0.30078125
2,aofb,rabvs_reliable,6,7022,122,2048,20,111,0.30859375
2,aofb,rabvs_reliable,7,7022,122,2304,1,112,0.2899305555555556
2,aofb,rabvs_reliable,8,7022,122,2560,2,114,0.280078125
0,bace1,greedy_surrogate,1,18383,283,768,206,222,0.41796875
0,bace1,greedy_surrogate,2,18383,283,1024,41,263,0.39453125
0,bace1,greedy_surrogate,3,18383,283,1280,7,270,0.40859375
0,bace1,greedy_surrogate,4,18383,283,1536,5,275,0.423828125
0,bace1,greedy_surrogate,5,18383,283,1792,1,276,0.42857142857142855
0,bace1,greedy_surrogate,6,18383,283,2048,1,277,0.43505859375
0,bace1,greedy_surrogate,7,18383,283,2304,0,277,0.4353298611111111
0,bace1,greedy_surrogate,8,18383,283,2560,1,278,0.440625
0,bace1,boba_ucb,1,18383,283,768,203,219,0.4049479166666667
0,bace1,boba_ucb,2,18383,283,1024,13,232,0.388671875
0,bace1,boba_ucb,3,18383,283,1280,2,234,0.39453125
0,bace1,boba_ucb,4,18383,283,1536,0,234,0.3997395833333333
0,bace1,boba_ucb,5,18383,283,1792,12,246,0.39620535714285715
0,bace1,boba_ucb,6,18383,283,2048,2,248,0.4306640625
0,bace1,boba_ucb,7,18383,283,2304,9,257,0.4301215277777778
0,bace1,boba_ucb,8,18383,283,2560,0,257,0.42421875
0,bace1,boba_risk_final,1,18383,283,768,203,219,0.4049479166666667
0,bace1,boba_risk_final,2,18383,283,1024,13,232,0.388671875
0,bace1,boba_risk_final,3,18383,283,1280,2,234,0.39453125
0,bace1,boba_risk_final,4,18383,283,1536,0,234,0.3997395833333333
0,bace1,boba_risk_final,5,18383,283,1792,12,246,0.39620535714285715
0,bace1,boba_risk_final,6,18383,283,2048,2,248,0.4306640625
0,bace1,boba_risk_final,7,18383,283,2304,9,257,0.4301215277777778
0,bace1,boba_risk_final,8,18383,283,2560,0,257,0.42421875
0,bace1,rabvs_hit,1,18383,283,768,100,116,0.4322916666666667
0,bace1,rabvs_hit,2,18383,283,1024,59,175,0.37890625
0,bace1,rabvs_hit,3,18383,283,1280,0,175,0.309375
0,bace1,rabvs_hit,4,18383,283,1536,0,175,0.2805989583333333
0,bace1,rabvs_hit,5,18383,283,1792,11,186,0.26060267857142855
0,bace1,rabvs_hit,6,18383,283,2048,14,200,0.24609375
0,bace1,rabvs_hit,7,18383,283,2304,0,200,0.2282986111111111
0,bace1,rabvs_hit,8,18383,283,2560,2,202,0.21328125
0,bace1,rabvs_reliable_q90,1,18383,283,768,100,116,0.4322916666666667
0,bace1,rabvs_reliable_q90,2,18383,283,1024,59,175,0.37890625
0,bace1,rabvs_reliable_q90,3,18383,283,1280,0,175,0.309375
0,bace1,rabvs_reliable_q90,4,18383,283,1536,0,175,0.2805989583333333
0,bace1,rabvs_reliable_q90,5,18383,283,1792,11,186,0.26060267857142855
0,bace1,rabvs_reliable_q90,6,18383,283,2048,14,200,0.24609375
0,bace1,rabvs_reliable_q90,7,18383,283,2304,0,200,0.2282986111111111
0,bace1,rabvs_reliable_q90,8,18383,283,2560,2,202,0.21328125
0,bace1,rabvs_reliable,1,18383,283,768,100,116,0.4322916666666667
0,bace1,rabvs_reliable,2,18383,283,1024,59,175,0.37890625
0,bace1,rabvs_reliable,3,18383,283,1280,0,175,0.309375
0,bace1,rabvs_reliable,4,18383,283,1536,0,175,0.2805989583333333
0,bace1,rabvs_reliable,5,18383,283,1792,11,186,0.26060267857142855
0,bace1,rabvs_reliable,6,18383,283,2048,14,200,0.24609375
0,bace1,rabvs_reliable,7,18383,283,2304,0,200,0.2282986111111111
0,bace1,rabvs_reliable,8,18383,283,2560,2,202,0.21328125
1,bace1,greedy_surrogate,1,18383,283,768,191,207,0.3802083333333333
1,bace1,greedy_surrogate,2,18383,283,1024,56,263,0.4111328125
1,bace1,greedy_surrogate,3,18383,283,1280,7,270,0.4109375
1,bace1,greedy_surrogate,4,18383,283,1536,6,276,0.4225260416666667
1,bace1,greedy_surrogate,5,18383,283,1792,3,279,0.42801339285714285
1,bace1,greedy_surrogate,6,18383,283,2048,0,279,0.42578125
1,bace1,greedy_surrogate,7,18383,283,2304,1,280,0.4409722222222222
1,bace1,greedy_surrogate,8,18383,283,2560,0,280,0.446484375
1,bace1,boba_ucb,1,18383,283,768,160,176,0.3854166666666667
1,bace1,boba_ucb,2,18383,283,1024,1,177,0.408203125
1,bace1,boba_ucb,3,18383,283,1280,5,182,0.390625
1,bace1,boba_ucb,4,18383,283,1536,0,182,0.3854166666666667
1,bace1,boba_ucb,5,18383,283,1792,22,204,0.40234375
1,bace1,boba_ucb,6,18383,283,2048,32,236,0.4150390625
1,bace1,boba_ucb,7,18383,283,2304,5,241,0.4123263888888889
1,bace1,boba_ucb,8,18383,283,2560,17,258,0.42265625
1,bace1,boba_risk_final,1,18383,283,768,160,176,0.3854166666666667
1,bace1,boba_risk_final,2,18383,283,1024,1,177,0.408203125
1,bace1,boba_risk_final,3,18383,283,1280,5,182,0.390625
1,bace1,boba_risk_final,4,18383,283,1536,0,182,0.3854166666666667
1,bace1,boba_risk_final,5,18383,283,1792,22,204,0.40234375
1,bace1,boba_risk_final,6,18383,283,2048,32,236,0.4150390625
1,bace1,boba_risk_final,7,18383,283,2304,5,241,0.4123263888888889
1,bace1,boba_risk_final,8,18383,283,2560,17,258,0.42265625
1,bace1,rabvs_hit,1,18383,283,768,53,69,0.4231770833333333
1,bace1,rabvs_hit,2,18383,283,1024,31,100,0.3828125
1,bace1,rabvs_hit,3,18383,283,1280,5,105,0.3359375
1,bace1,rabvs_hit,4,18383,283,1536,5,110,0.3020833333333333
1,bace1,rabvs_hit,5,18383,283,1792,14,124,0.28738839285714285
1,bace1,rabvs_hit,6,18383,283,2048,0,124,0.2783203125
1,bace1,rabvs_hit,7,18383,283,2304,52,176,0.2960069444444444
1,bace1,rabvs_hit,8,18383,283,2560,5,181,0.278125
1,bace1,rabvs_reliable_q90,1,18383,283,768,53,69,0.4231770833333333
1,bace1,rabvs_reliable_q90,2,18383,283,1024,31,100,0.3828125
1,bace1,rabvs_reliable_q90,3,18383,283,1280,5,105,0.3359375
1,bace1,rabvs_reliable_q90,4,18383,283,1536,5,110,0.3020833333333333
1,bace1,rabvs_reliable_q90,5,18383,283,1792,14,124,0.28738839285714285
1,bace1,rabvs_reliable_q90,6,18383,283,2048,0,124,0.2783203125
1,bace1,rabvs_reliable_q90,7,18383,283,2304,52,176,0.2960069444444444
1,bace1,rabvs_reliable_q90,8,18383,283,2560,5,181,0.278125
1,bace1,rabvs_reliable,1,18383,283,768,53,69,0.4231770833333333
1,bace1,rabvs_reliable,2,18383,283,1024,31,100,0.3828125
1,bace1,rabvs_reliable,3,18383,283,1280,5,105,0.3359375
1,bace1,rabvs_reliable,4,18383,283,1536,5,110,0.3020833333333333
1,bace1,rabvs_reliable,5,18383,283,1792,14,124,0.28738839285714285
1,bace1,rabvs_reliable,6,18383,283,2048,0,124,0.2783203125
1,bace1,rabvs_reliable,7,18383,283,2304,52,176,0.2960069444444444
1,bace1,rabvs_reliable,8,18383,283,2560,5,181,0.278125
2,bace1,greedy_surrogate,1,18383,283,768,200,216,0.3489583333333333
2,bace1,greedy_surrogate,2,18383,283,1024,26,242,0.37109375
2,bace1,greedy_surrogate,3,18383,283,1280,22,264,0.3671875
2,bace1,greedy_surrogate,4,18383,283,1536,3,267,0.3776041666666667
2,bace1,greedy_surrogate,5,18383,283,1792,2,269,0.38839285714285715
2,bace1,greedy_surrogate,6,18383,283,2048,5,274,0.3935546875
2,bace1,greedy_surrogate,7,18383,283,2304,2,276,0.4049479166666667
2,bace1,greedy_surrogate,8,18383,283,2560,1,277,0.408984375
2,bace1,boba_ucb,1,18383,283,768,191,207,0.3580729166666667
2,bace1,boba_ucb,2,18383,283,1024,13,220,0.3857421875
2,bace1,boba_ucb,3,18383,283,1280,11,231,0.425
2,bace1,boba_ucb,4,18383,283,1536,1,232,0.4127604166666667
2,bace1,boba_ucb,5,18383,283,1792,26,258,0.42745535714285715
2,bace1,boba_ucb,6,18383,283,2048,6,264,0.42236328125
2,bace1,boba_ucb,7,18383,283,2304,0,264,0.4331597222222222
2,bace1,boba_ucb,8,18383,283,2560,2,266,0.4640625
2,bace1,boba_risk_final,1,18383,283,768,191,207,0.3580729166666667
2,bace1,boba_risk_final,2,18383,283,1024,13,220,0.3857421875
2,bace1,boba_risk_final,3,18383,283,1280,11,231,0.425
2,bace1,boba_risk_final,4,18383,283,1536,1,232,0.4127604166666667
2,bace1,boba_risk_final,5,18383,283,1792,26,258,0.42745535714285715
2,bace1,boba_risk_final,6,18383,283,2048,6,264,0.42236328125
2,bace1,boba_risk_final,7,18383,283,2304,0,264,0.4331597222222222
2,bace1,boba_risk_final,8,18383,283,2560,2,266,0.4640625
2,bace1,rabvs_hit,1,18383,283,768,42,58,0.3828125
2,bace1,rabvs_hit,2,18383,283,1024,53,111,0.4091796875
2,bace1,rabvs_hit,3,18383,283,1280,39,150,0.36875
2,bace1,rabvs_hit,4,18383,283,1536,0,150,0.328125
2,bace1,rabvs_hit,5,18383,283,1792,11,161,0.31919642857142855
2,bace1,rabvs_hit,6,18383,283,2048,12,173,0.310546875
2,bace1,rabvs_hit,7,18383,283,2304,5,178,0.2925347222222222
2,bace1,rabvs_hit,8,18383,283,2560,0,178,0.26953125
2,bace1,rabvs_reliable_q90,1,18383,283,768,42,58,0.3828125
2,bace1,rabvs_reliable_q90,2,18383,283,1024,53,111,0.4091796875
2,bace1,rabvs_reliable_q90,3,18383,283,1280,39,150,0.36875
2,bace1,rabvs_reliable_q90,4,18383,283,1536,0,150,0.328125
2,bace1,rabvs_reliable_q90,5,18383,283,1792,11,161,0.31919642857142855
2,bace1,rabvs_reliable_q90,6,18383,283,2048,12,173,0.310546875
2,bace1,rabvs_reliable_q90,7,18383,283,2304,5,178,0.2925347222222222
2,bace1,rabvs_reliable_q90,8,18383,283,2560,0,178,0.26953125
2,bace1,rabvs_reliable,1,18383,283,768,42,58,0.3828125
2,bace1,rabvs_reliable,2,18383,283,1024,53,111,0.4091796875
2,bace1,rabvs_reliable,3,18383,283,1280,39,150,0.36875
2,bace1,rabvs_reliable,4,18383,283,1536,0,150,0.328125
2,bace1,rabvs_reliable,5,18383,283,1792,11,161,0.31919642857142855
2,bace1,rabvs_reliable,6,18383,283,2048,12,173,0.310546875
2,bace1,rabvs_reliable,7,18383,283,2304,5,178,0.2925347222222222
2,bace1,rabvs_reliable,8,18383,283,2560,0,178,0.26953125
0,braf,greedy_surrogate,1,10102,152,768,129,145,0.390625
0,braf,greedy_surrogate,2,10102,152,1024,4,149,0.373046875
0,braf,greedy_surrogate,3,10102,152,1280,0,149,0.40078125
0,braf,greedy_surrogate,4,10102,152,1536,0,149,0.416015625
0,braf,greedy_surrogate,5,10102,152,1792,0,149,0.42410714285714285
0,braf,greedy_surrogate,6,10102,152,2048,0,149,0.423828125
0,braf,greedy_surrogate,7,10102,152,2304,0,149,0.4231770833333333
0,braf,greedy_surrogate,8,10102,152,2560,0,149,0.429296875
0,braf,boba_ucb,1,10102,152,768,125,141,0.3919270833333333
0,braf,boba_ucb,2,10102,152,1024,0,141,0.392578125
0,braf,boba_ucb,3,10102,152,1280,0,141,0.396875
0,braf,boba_ucb,4,10102,152,1536,0,141,0.40625
0,braf,boba_ucb,5,10102,152,1792,1,142,0.42410714285714285
0,braf,boba_ucb,6,10102,152,2048,0,142,0.4130859375
0,braf,boba_ucb,7,10102,152,2304,0,142,0.421875
0,braf,boba_ucb,8,10102,152,2560,4,146,0.41328125
0,braf,boba_risk_final,1,10102,152,768,125,141,0.3919270833333333
0,braf,boba_risk_final,2,10102,152,1024,0,141,0.392578125
0,braf,boba_risk_final,3,10102,152,1280,0,141,0.396875
0,braf,boba_risk_final,4,10102,152,1536,0,141,0.40625
0,braf,boba_risk_final,5,10102,152,1792,1,142,0.42410714285714285
0,braf,boba_risk_final,6,10102,152,2048,0,142,0.4130859375
0,braf,boba_risk_final,7,10102,152,2304,0,142,0.421875
0,braf,boba_risk_final,8,10102,152,2560,4,146,0.41328125
0,braf,rabvs_hit,1,10102,152,768,125,141,0.33984375
0,braf,rabvs_hit,2,10102,152,1024,0,141,0.2626953125
0,braf,rabvs_hit,3,10102,152,1280,0,141,0.22109375
0,braf,rabvs_hit,4,10102,152,1536,0,141,0.1953125
0,braf,rabvs_hit,5,10102,152,1792,1,142,0.20591517857142858
0,braf,rabvs_hit,6,10102,152,2048,0,142,0.185546875
0,braf,rabvs_hit,7,10102,152,2304,0,142,0.17317708333333334
0,braf,rabvs_hit,8,10102,152,2560,3,145,0.164453125
0,braf,rabvs_reliable_q90,1,10102,152,768,125,141,0.33984375
0,braf,rabvs_reliable_q90,2,10102,152,1024,0,141,0.2626953125
0,braf,rabvs_reliable_q90,3,10102,152,1280,0,141,0.22109375
0,braf,rabvs_reliable_q90,4,10102,152,1536,0,141,0.1953125
0,braf,rabvs_reliable_q90,5,10102,152,1792,1,142,0.20591517857142858
0,braf,rabvs_reliable_q90,6,10102,152,2048,0,142,0.185546875
0,braf,rabvs_reliable_q90,7,10102,152,2304,0,142,0.17317708333333334
0,braf,rabvs_reliable_q90,8,10102,152,2560,3,145,0.164453125
0,braf,rabvs_reliable,1,10102,152,768,125,141,0.33984375
0,braf,rabvs_reliable,2,10102,152,1024,0,141,0.2626953125
0,braf,rabvs_reliable,3,10102,152,1280,0,141,0.22109375
0,braf,rabvs_reliable,4,10102,152,1536,0,141,0.1953125
0,braf,rabvs_reliable,5,10102,152,1792,1,142,0.20591517857142858
0,braf,rabvs_reliable,6,10102,152,2048,0,142,0.185546875
0,braf,rabvs_reliable,7,10102,152,2304,0,142,0.17317708333333334
0,braf,rabvs_reliable,8,10102,152,2560,3,145,0.164453125
1,braf,greedy_surrogate,1,10102,152,768,130,146,0.3723958333333333
1,braf,greedy_surrogate,2,10102,152,1024,3,149,0.380859375
1,braf,greedy_surrogate,3,10102,152,1280,0,149,0.39375
1,braf,greedy_surrogate,4,10102,152,1536,0,149,0.419921875
1,braf,greedy_surrogate,5,10102,152,1792,0,149,0.4135044642857143
1,braf,greedy_surrogate,6,10102,152,2048,0,149,0.41015625
1,braf,greedy_surrogate,7,10102,152,2304,0,149,0.4157986111111111
1,braf,greedy_surrogate,8,10102,152,2560,0,149,0.424609375
1,braf,boba_ucb,1,10102,152,768,130,146,0.3815104166666667
1,braf,boba_ucb,2,10102,152,1024,0,146,0.4208984375
1,braf,boba_ucb,3,10102,152,1280,0,146,0.41640625
1,braf,boba_ucb,4,10102,152,1536,0,146,0.4264322916666667
1,braf,boba_ucb,5,10102,152,1792,1,147,0.4296875
1,braf,boba_ucb,6,10102,152,2048,0,147,0.439453125
1,braf,boba_ucb,7,10102,152,2304,0,147,0.4270833333333333
1,braf,boba_ucb,8,10102,152,2560,0,147,0.425390625
1,braf,boba_risk_final,1,10102,152,768,130,146,0.3815104166666667
1,braf,boba_risk_final,2,10102,152,1024,0,146,0.4208984375
1,braf,boba_risk_final,3,10102,152,1280,0,146,0.41640625
1,braf,boba_risk_final,4,10102,152,1536,0,146,0.4264322916666667
1,braf,boba_risk_final,5,10102,152,1792,1,147,0.4296875
1,braf,boba_risk_final,6,10102,152,2048,0,147,0.439453125
1,braf,boba_risk_final,7,10102,152,2304,0,147,0.4270833333333333
1,braf,boba_risk_final,8,10102,152,2560,0,147,0.425390625
1,braf,rabvs_hit,1,10102,152,768,130,146,0.3684895833333333
1,braf,rabvs_hit,2,10102,152,1024,0,146,0.29296875
1,braf,rabvs_hit,3,10102,152,1280,0,146,0.24296875
1,braf,rabvs_hit,4,10102,152,1536,0,146,0.21875
1,braf,rabvs_hit,5,10102,152,1792,0,146,0.24497767857142858
1,braf,rabvs_hit,6,10102,152,2048,1,147,0.2216796875
1,braf,rabvs_hit,7,10102,152,2304,0,147,0.2048611111111111
1,braf,rabvs_hit,8,10102,152,2560,0,147,0.1890625
1,braf,rabvs_reliable_q90,1,10102,152,768,130,146,0.3684895833333333
1,braf,rabvs_reliable_q90,2,10102,152,1024,0,146,0.29296875
1,braf,rabvs_reliable_q90,3,10102,152,1280,0,146,0.24296875
1,braf,rabvs_reliable_q90,4,10102,152,1536,0,146,0.21875
1,braf,rabvs_reliable_q90,5,10102,152,1792,0,146,0.24497767857142858
1,braf,rabvs_reliable_q90,6,10102,152,2048,1,147,0.2216796875
1,braf,rabvs_reliable_q90,7,10102,152,2304,0,147,0.2048611111111111
1,braf,rabvs_reliable_q90,8,10102,152,2560,0,147,0.1890625
1,braf,rabvs_reliable,1,10102,152,768,130,146,0.3684895833333333
1,braf,rabvs_reliable,2,10102,152,1024,0,146,0.29296875
1,braf,rabvs_reliable,3,10102,152,1280,0,146,0.24296875
1,braf,rabvs_reliable,4,10102,152,1536,0,146,0.21875
1,braf,rabvs_reliable,5,10102,152,1792,0,146,0.24497767857142858
1,braf,rabvs_reliable,6,10102,152,2048,1,147,0.2216796875
1,braf,rabvs_reliable,7,10102,152,2304,0,147,0.2048611111111111
1,braf,rabvs_reliable,8,10102,152,2560,0,147,0.1890625
2,braf,greedy_surrogate,1,10102,152,768,129,145,0.4127604166666667
2,braf,greedy_surrogate,2,10102,152,1024,5,150,0.4248046875
2,braf,greedy_surrogate,3,10102,152,1280,1,151,0.42109375
2,braf,greedy_surrogate,4,10102,152,1536,0,151,0.419921875
2,braf,greedy_surrogate,5,10102,152,1792,0,151,0.42354910714285715
2,braf,greedy_surrogate,6,10102,152,2048,0,151,0.4365234375
2,braf,greedy_surrogate,7,10102,152,2304,0,151,0.4236111111111111
2,braf,greedy_surrogate,8,10102,152,2560,0,151,0.4296875
2,braf,boba_ucb,1,10102,152,768,129,145,0.3997395833333333
2,braf,boba_ucb,2,10102,152,1024,3,148,0.423828125
2,braf,boba_ucb,3,10102,152,1280,0,148,0.4515625
2,braf,boba_ucb,4,10102,152,1536,0,148,0.4069010416666667
2,braf,boba_ucb,5,10102,152,1792,2,150,0.41238839285714285
2,braf,boba_ucb,6,10102,152,2048,0,150,0.41748046875
2,braf,boba_ucb,7,10102,152,2304,0,150,0.4166666666666667
2,braf,boba_ucb,8,10102,152,2560,0,150,0.415625
2,braf,boba_risk_final,1,10102,152,768,129,145,0.3997395833333333
2,braf,boba_risk_final,2,10102,152,1024,3,148,0.423828125
2,braf,boba_risk_final,3,10102,152,1280,0,148,0.4515625
2,braf,boba_risk_final,4,10102,152,1536,0,148,0.4069010416666667
2,braf,boba_risk_final,5,10102,152,1792,2,150,0.41238839285714285
2,braf,boba_risk_final,6,10102,152,2048,0,150,0.41748046875
2,braf,boba_risk_final,7,10102,152,2304,0,150,0.4166666666666667
2,braf,boba_risk_final,8,10102,152,2560,0,150,0.415625
2,braf,rabvs_hit,1,10102,152,768,129,145,0.3815104166666667
2,braf,rabvs_hit,2,10102,152,1024,0,145,0.3369140625
2,braf,rabvs_hit,3,10102,152,1280,3,148,0.28046875
2,braf,rabvs_hit,4,10102,152,1536,0,148,0.2643229166666667
2,braf,rabvs_hit,5,10102,152,1792,2,150,0.24665178571428573
2,braf,rabvs_hit,6,10102,152,2048,0,150,0.22900390625
2,braf,rabvs_hit,7,10102,152,2304,0,150,0.21223958333333334
2,braf,rabvs_hit,8,10102,152,2560,0,150,0.196875
2,braf,rabvs_reliable_q90,1,10102,152,768,129,145,0.3815104166666667
2,braf,rabvs_reliable_q90,2,10102,152,1024,0,145,0.3369140625
2,braf,rabvs_reliable_q90,3,10102,152,1280,3,148,0.28046875
2,braf,rabvs_reliable_q90,4,10102,152,1536,0,148,0.2643229166666667
2,braf,rabvs_reliable_q90,5,10102,152,1792,2,150,0.24665178571428573
2,braf,rabvs_reliable_q90,6,10102,152,2048,0,150,0.22900390625
2,braf,rabvs_reliable_q90,7,10102,152,2304,0,150,0.21223958333333334
2,braf,rabvs_reliable_q90,8,10102,152,2560,0,150,0.196875
2,braf,rabvs_reliable,1,10102,152,768,129,145,0.3815104166666667
2,braf,rabvs_reliable,2,10102,152,1024,0,145,0.3369140625
2,braf,rabvs_reliable,3,10102,152,1280,3,148,0.28046875
2,braf,rabvs_reliable,4,10102,152,1536,0,148,0.2643229166666667
2,braf,rabvs_reliable,5,10102,152,1792,2,150,0.24665178571428573
2,braf,rabvs_reliable,6,10102,152,2048,0,150,0.22900390625
2,braf,rabvs_reliable,7,10102,152,2304,0,150,0.21223958333333334
2,braf,rabvs_reliable,8,10102,152,2560,0,150,0.196875
0,cah2,greedy_surrogate,1,31664,492,768,256,272,0.56640625
0,cah2,greedy_surrogate,2,31664,492,1024,183,455,0.5576171875
0,cah2,greedy_surrogate,3,31664,492,1280,31,486,0.565625
0,cah2,greedy_surrogate,4,31664,492,1536,1,487,0.5735677083333334
0,cah2,greedy_surrogate,5,31664,492,1792,0,487,0.5825892857142857
0,cah2,greedy_surrogate,6,31664,492,2048,0,487,0.57666015625
0,cah2,greedy_surrogate,7,31664,492,2304,1,488,0.5698784722222222
0,cah2,greedy_surrogate,8,31664,492,2560,1,489,0.57421875
0,cah2,boba_ucb,1,31664,492,768,256,272,0.56640625
0,cah2,boba_ucb,2,31664,492,1024,16,288,0.5849609375
0,cah2,boba_ucb,3,31664,492,1280,22,310,0.56953125
0,cah2,boba_ucb,4,31664,492,1536,1,311,0.5475260416666666
0,cah2,boba_ucb,5,31664,492,1792,0,311,0.5457589285714286
0,cah2,boba_ucb,6,31664,492,2048,16,327,0.54248046875
0,cah2,boba_ucb,7,31664,492,2304,1,328,0.5494791666666666
0,cah2,boba_ucb,8,31664,492,2560,0,328,0.535546875
0,cah2,boba_risk_final,1,31664,492,768,256,272,0.56640625
0,cah2,boba_risk_final,2,31664,492,1024,16,288,0.5849609375
0,cah2,boba_risk_final,3,31664,492,1280,22,310,0.56953125
0,cah2,boba_risk_final,4,31664,492,1536,1,311,0.5475260416666666
0,cah2,boba_risk_final,5,31664,492,1792,0,311,0.5457589285714286
0,cah2,boba_risk_final,6,31664,492,2048,16,327,0.54248046875
0,cah2,boba_risk_final,7,31664,492,2304,1,328,0.5494791666666666
0,cah2,boba_risk_final,8,31664,492,2560,0,328,0.535546875
0,cah2,rabvs_hit,1,31664,492,768,101,117,0.5247395833333334
0,cah2,rabvs_hit,2,31664,492,1024,10,127,0.533203125
0,cah2,rabvs_hit,3,31664,492,1280,0,127,0.4328125
0,cah2,rabvs_hit,4,31664,492,1536,1,128,0.3802083333333333
0,cah2,rabvs_hit,5,31664,492,1792,0,128,0.33816964285714285
0,cah2,rabvs_hit,6,31664,492,2048,0,128,0.33837890625
0,cah2,rabvs_hit,7,31664,492,2304,167,295,0.3580729166666667
0,cah2,rabvs_hit,8,31664,492,2560,0,295,0.325
0,cah2,rabvs_reliable_q90,1,31664,492,768,101,117,0.5247395833333334
0,cah2,rabvs_reliable_q90,2,31664,492,1024,10,127,0.533203125
0,cah2,rabvs_reliable_q90,3,31664,492,1280,0,127,0.4328125
0,cah2,rabvs_reliable_q90,4,31664,492,1536,1,128,0.3802083333333333
0,cah2,rabvs_reliable_q90,5,31664,492,1792,0,128,0.33816964285714285
0,cah2,rabvs_reliable_q90,6,31664,492,2048,0,128,0.33837890625
0,cah2,rabvs_reliable_q90,7,31664,492,2304,167,295,0.3580729166666667
0,cah2,rabvs_reliable_q90,8,31664,492,2560,0,295,0.325
0,cah2,rabvs_reliable,1,31664,492,768,101,117,0.5247395833333334
0,cah2,rabvs_reliable,2,31664,492,1024,10,127,0.533203125
0,cah2,rabvs_reliable,3,31664,492,1280,0,127,0.4328125
0,cah2,rabvs_reliable,4,31664,492,1536,1,128,0.3802083333333333
0,cah2,rabvs_reliable,5,31664,492,1792,0,128,0.33816964285714285
0,cah2,rabvs_reliable,6,31664,492,2048,0,128,0.33837890625
0,cah2,rabvs_reliable,7,31664,492,2304,167,295,0.3580729166666667
0,cah2,rabvs_reliable,8,31664,492,2560,0,295,0.325
1,cah2,greedy_surrogate,1,31664,492,768,255,271,0.5364583333333334
1,cah2,greedy_surrogate,2,31664,492,1024,203,474,0.5283203125
1,cah2,greedy_surrogate,3,31664,492,1280,13,487,0.54609375
1,cah2,greedy_surrogate,4,31664,492,1536,0,487,0.5611979166666666
1,cah2,greedy_surrogate,5,31664,492,1792,0,487,0.5569196428571429
1,cah2,greedy_surrogate,6,31664,492,2048,0,487,0.5634765625
1,cah2,greedy_surrogate,7,31664,492,2304,1,488,0.5629340277777778
1,cah2,greedy_surrogate,8,31664,492,2560,1,489,0.555078125
1,cah2,boba_ucb,1,31664,492,768,255,271,0.5364583333333334
1,cah2,boba_ucb,2,31664,492,1024,38,309,0.56640625
1,cah2,boba_ucb,3,31664,492,1280,1,310,0.53203125
1,cah2,boba_ucb,4,31664,492,1536,0,310,0.5201822916666666
1,cah2,boba_ucb,5,31664,492,1792,0,310,0.5457589285714286
1,cah2,boba_ucb,6,31664,492,2048,28,338,0.560546875
1,cah2,boba_ucb,7,31664,492,2304,14,352,0.5481770833333334
1,cah2,boba_ucb,8,31664,492,2560,1,353,0.53984375
1,cah2,boba_risk_final,1,31664,492,768,255,271,0.5364583333333334
1,cah2,boba_risk_final,2,31664,492,1024,38,309,0.56640625
1,cah2,boba_risk_final,3,31664,492,1280,1,310,0.53203125
1,cah2,boba_risk_final,4,31664,492,1536,0,310,0.5201822916666666
1,cah2,boba_risk_final,5,31664,492,1792,0,310,0.5457589285714286
1,cah2,boba_risk_final,6,31664,492,2048,28,338,0.560546875
1,cah2,boba_risk_final,7,31664,492,2304,14,352,0.5481770833333334
1,cah2,boba_risk_final,8,31664,492,2560,1,353,0.53984375
1,cah2,rabvs_hit,1,31664,492,768,64,80,0.515625
1,cah2,rabvs_hit,2,31664,492,1024,18,98,0.4560546875
1,cah2,rabvs_hit,3,31664,492,1280,0,98,0.3734375
1,cah2,rabvs_hit,4,31664,492,1536,0,98,0.3209635416666667
1,cah2,rabvs_hit,5,31664,492,1792,10,108,0.28683035714285715
1,cah2,rabvs_hit,6,31664,492,2048,6,114,0.2646484375
1,cah2,rabvs_hit,7,31664,492,2304,3,117,0.2400173611111111
1,cah2,rabvs_hit,8,31664,492,2560,0,117,0.217578125
1,cah2,rabvs_reliable_q90,1,31664,492,768,64,80,0.515625
1,cah2,rabvs_reliable_q90,2,31664,492,1024,18,98,0.4560546875
1,cah2,rabvs_reliable_q90,3,31664,492,1280,0,98,0.3734375
1,cah2,rabvs_reliable_q90,4,31664,492,1536,0,98,0.3209635416666667
1,cah2,rabvs_reliable_q90,5,31664,492,1792,10,108,0.28683035714285715
1,cah2,rabvs_reliable_q90,6,31664,492,2048,6,114,0.2646484375
1,cah2,rabvs_reliable_q90,7,31664,492,2304,3,117,0.2400173611111111
1,cah2,rabvs_reliable_q90,8,31664,492,2560,0,117,0.217578125
1,cah2,rabvs_reliable,1,31664,492,768,64,80,0.515625
1,cah2,rabvs_reliable,2,31664,492,1024,18,98,0.4560546875
1,cah2,rabvs_reliable,3,31664,492,1280,0,98,0.3734375
1,cah2,rabvs_reliable,4,31664,492,1536,0,98,0.3209635416666667
1,cah2,rabvs_reliable,5,31664,492,1792,10,108,0.28683035714285715
1,cah2,rabvs_reliable,6,31664,492,2048,6,114,0.2646484375
1,cah2,rabvs_reliable,7,31664,492,2304,3,117,0.2400173611111111
1,cah2,rabvs_reliable,8,31664,492,2560,0,117,0.217578125
2,cah2,greedy_surrogate,1,31664,492,768,255,271,0.546875
2,cah2,greedy_surrogate,2,31664,492,1024,187,458,0.556640625
2,cah2,greedy_surrogate,3,31664,492,1280,30,488,0.5515625
2,cah2,greedy_surrogate,4,31664,492,1536,0,488,0.5618489583333334
2,cah2,greedy_surrogate,5,31664,492,1792,0,488,0.5625
2,cah2,greedy_surrogate,6,31664,492,2048,0,488,0.56103515625
2,cah2,greedy_surrogate,7,31664,492,2304,1,489,0.5581597222222222
2,cah2,greedy_surrogate,8,31664,492,2560,1,490,0.5609375
2,cah2,boba_ucb,1,31664,492,768,256,272,0.5455729166666666
2,cah2,boba_ucb,2,31664,492,1024,35,307,0.5986328125
2,cah2,boba_ucb,3,31664,492,1280,1,308,0.6
2,cah2,boba_ucb,4,31664,492,1536,0,308,0.5611979166666666
2,cah2,boba_ucb,5,31664,492,1792,0,308,0.5552455357142857
2,cah2,boba_ucb,6,31664,492,2048,0,308,0.54638671875
2,cah2,boba_ucb,7,31664,492,2304,0,308,0.5329861111111112
2,cah2,boba_ucb,8,31664,492,2560,0,308,0.5421875
2,cah2,boba_risk_final,1,31664,492,768,256,272,0.5455729166666666
2,cah2,boba_risk_final,2,31664,492,1024,35,307,0.5986328125
2,cah2,boba_risk_final,3,31664,492,1280,1,308,0.6
2,cah2,boba_risk_final,4,31664,492,1536,0,308,0.5611979166666666
2,cah2,boba_risk_final,5,31664,492,1792,0,308,0.5552455357142857
2,cah2,boba_risk_final,6,31664,492,2048,0,308,0.54638671875
2,cah2,boba_risk_final,7,31664,492,2304,0,308,0.5329861111111112
2,cah2,boba_risk_final,8,31664,492,2560,0,308,0.5421875
2,cah2,rabvs_hit,1,31664,492,768,80,96,0.55859375
2,cah2,rabvs_hit,2,31664,492,1024,0,96,0.484375
2,cah2,rabvs_hit,3,31664,492,1280,0,96,0.40234375
2,cah2,rabvs_hit,4,31664,492,1536,9,105,0.3561197916666667
2,cah2,rabvs_hit,5,31664,492,1792,0,105,0.33761160714285715
2,cah2,rabvs_hit,6,31664,492,2048,124,229,0.36279296875
2,cah2,rabvs_hit,7,31664,492,2304,0,229,0.3263888888888889
2,cah2,rabvs_hit,8,31664,492,2560,8,237,0.3078125
2,cah2,rabvs_reliable_q90,1,31664,492,768,80,96,0.55859375
2,cah2,rabvs_reliable_q90,2,31664,492,1024,0,96,0.484375
2,cah2,rabvs_reliable_q90,3,31664,492,1280,0,96,0.40234375
2,cah2,rabvs_reliable_q90,4,31664,492,1536,9,105,0.3561197916666667
2,cah2,rabvs_reliable_q90,5,31664,492,1792,0,105,0.33761160714285715
2,cah2,rabvs_reliable_q90,6,31664,492,2048,124,229,0.36279296875
2,cah2,rabvs_reliable_q90,7,31664,492,2304,0,229,0.3263888888888889
2,cah2,rabvs_reliable_q90,8,31664,492,2560,8,237,0.3078125
2,cah2,rabvs_reliable,1,31664,492,768,80,96,0.55859375
2,cah2,rabvs_reliable,2,31664,492,1024,0,96,0.484375
2,cah2,rabvs_reliable,3,31664,492,1280,0,96,0.40234375
2,cah2,rabvs_reliable,4,31664,492,1536,9,105,0.3561197916666667
2,cah2,rabvs_reliable,5,31664,492,1792,0,105,0.33761160714285715
2,cah2,rabvs_reliable,6,31664,492,2048,124,229,0.36279296875
2,cah2,rabvs_reliable,7,31664,492,2304,0,229,0.3263888888888889
2,cah2,rabvs_reliable,8,31664,492,2560,8,237,0.3078125
0,casp3,greedy_surrogate,1,10899,199,768,161,177,0.4830729166666667
0,casp3,greedy_surrogate,2,10899,199,1024,16,193,0.4814453125
0,casp3,greedy_surrogate,3,10899,199,1280,4,197,0.4796875
0,casp3,greedy_surrogate,4,10899,199,1536,0,197,0.482421875
0,casp3,greedy_surrogate,5,10899,199,1792,0,197,0.4810267857142857
0,casp3,greedy_surrogate,6,10899,199,2048,0,197,0.4814453125
0,casp3,greedy_surrogate,7,10899,199,2304,0,197,0.4878472222222222
0,casp3,greedy_surrogate,8,10899,199,2560,0,197,0.493359375
0,casp3,boba_ucb,1,10899,199,768,156,172,0.4908854166666667
0,casp3,boba_ucb,2,10899,199,1024,1,173,0.5166015625
0,casp3,boba_ucb,3,10899,199,1280,0,173,0.51875
0,casp3,boba_ucb,4,10899,199,1536,0,173,0.5436197916666666
0,casp3,boba_ucb,5,10899,199,1792,4,177,0.5329241071428571
0,casp3,boba_ucb,6,10899,199,2048,4,181,0.513671875
0,casp3,boba_ucb,7,10899,199,2304,0,181,0.5043402777777778
0,casp3,boba_ucb,8,10899,199,2560,5,186,0.48828125
0,casp3,boba_risk_final,1,10899,199,768,156,172,0.4908854166666667
0,casp3,boba_risk_final,2,10899,199,1024,1,173,0.5166015625
0,casp3,boba_risk_final,3,10899,199,1280,0,173,0.51875
0,casp3,boba_risk_final,4,10899,199,1536,0,173,0.5436197916666666
0,casp3,boba_risk_final,5,10899,199,1792,4,177,0.5329241071428571
0,casp3,boba_risk_final,6,10899,199,2048,4,181,0.513671875
0,casp3,boba_risk_final,7,10899,199,2304,0,181,0.5043402777777778
0,casp3,boba_risk_final,8,10899,199,2560,5,186,0.48828125
0,casp3,rabvs_hit,1,10899,199,768,154,170,0.46875
0,casp3,rabvs_hit,2,10899,199,1024,2,172,0.4013671875
0,casp3,rabvs_hit,3,10899,199,1280,0,172,0.3703125
0,casp3,rabvs_hit,4,10899,199,1536,0,172,0.4036458333333333
0,casp3,rabvs_hit,5,10899,199,1792,4,176,0.3560267857142857
0,casp3,rabvs_hit,6,10899,199,2048,1,177,0.3291015625
0,casp3,rabvs_hit,7,10899,199,2304,0,177,0.3090277777777778
0,casp3,rabvs_hit,8,10899,199,2560,5,182,0.2921875
0,casp3,rabvs_reliable_q90,1,10899,199,768,154,170,0.46875
0,casp3,rabvs_reliable_q90,2,10899,199,1024,2,172,0.4013671875
0,casp3,rabvs_reliable_q90,3,10899,199,1280,0,172,0.3703125
0,casp3,rabvs_reliable_q90,4,10899,199,1536,0,172,0.4036458333333333
0,casp3,rabvs_reliable_q90,5,10899,199,1792,4,176,0.3560267857142857
0,casp3,rabvs_reliable_q90,6,10899,199,2048,1,177,0.3291015625
0,casp3,rabvs_reliable_q90,7,10899,199,2304,0,177,0.3090277777777778
0,casp3,rabvs_reliable_q90,8,10899,199,2560,5,182,0.2921875
0,casp3,rabvs_reliable,1,10899,199,768,154,170,0.46875
0,casp3,rabvs_reliable,2,10899,199,1024,2,172,0.4013671875
0,casp3,rabvs_reliable,3,10899,199,1280,0,172,0.3703125
0,casp3,rabvs_reliable,4,10899,199,1536,0,172,0.4036458333333333
0,casp3,rabvs_reliable,5,10899,199,1792,4,176,0.3560267857142857
0,casp3,rabvs_reliable,6,10899,199,2048,1,177,0.3291015625
0,casp3,rabvs_reliable,7,10899,199,2304,0,177,0.3090277777777778
0,casp3,rabvs_reliable,8,10899,199,2560,5,182,0.2921875
1,casp3,greedy_surrogate,1,10899,199,768,155,171,0.4908854166666667
1,casp3,greedy_surrogate,2,10899,199,1024,18,189,0.490234375
1,casp3,greedy_surrogate,3,10899,199,1280,3,192,0.5203125
1,casp3,greedy_surrogate,4,10899,199,1536,1,193,0.5110677083333334
1,casp3,greedy_surrogate,5,10899,199,1792,3,196,0.49776785714285715
1,casp3,greedy_surrogate,6,10899,199,2048,1,197,0.48876953125
1,casp3,greedy_surrogate,7,10899,199,2304,0,197,0.4969618055555556
1,casp3,greedy_surrogate,8,10899,199,2560,0,197,0.4875
1,casp3,boba_ucb,1,10899,199,768,149,165,0.4934895833333333
1,casp3,boba_ucb,2,10899,199,1024,2,167,0.451171875
1,casp3,boba_ucb,3,10899,199,1280,0,167,0.46015625
1,casp3,boba_ucb,4,10899,199,1536,2,169,0.494140625
1,casp3,boba_ucb,5,10899,199,1792,3,172,0.49776785714285715
1,casp3,boba_ucb,6,10899,199,2048,12,184,0.498046875
1,casp3,boba_ucb,7,10899,199,2304,3,187,0.4995659722222222
1,casp3,boba_ucb,8,10899,199,2560,0,187,0.505078125
1,casp3,boba_risk_final,1,10899,199,768,149,165,0.4934895833333333
1,casp3,boba_risk_final,2,10899,199,1024,2,167,0.451171875
1,casp3,boba_risk_final,3,10899,199,1280,0,167,0.46015625
1,casp3,boba_risk_final,4,10899,199,1536,2,169,0.494140625
1,casp3,boba_risk_final,5,10899,199,1792,3,172,0.49776785714285715
1,casp3,boba_risk_final,6,10899,199,2048,12,184,0.498046875
1,casp3,boba_risk_final,7,10899,199,2304,3,187,0.4995659722222222
1,casp3,boba_risk_final,8,10899,199,2560,0,187,0.505078125
1,casp3,rabvs_hit,1,10899,199,768,151,167,0.4700520833333333
1,casp3,rabvs_hit,2,10899,199,1024,0,167,0.376953125
1,casp3,rabvs_hit,3,10899,199,1280,0,167,0.31328125
1,casp3,rabvs_hit,4,10899,199,1536,2,169,0.3072916666666667
1,casp3,rabvs_hit,5,10899,199,1792,1,170,0.3169642857142857
1,casp3,rabvs_hit,6,10899,199,2048,7,177,0.29443359375
1,casp3,rabvs_hit,7,10899,199,2304,8,185,0.2738715277777778
1,casp3,rabvs_hit,8,10899,199,2560,2,187,0.264453125
1,casp3,rabvs_reliable_q90,1,10899,199,768,151,167,0.4700520833333333
1,casp3,rabvs_reliable_q90,2,10899,199,1024,0,167,0.376953125
1,casp3,rabvs_reliable_q90,3,10899,199,1280,0,167,0.31328125
1,casp3,rabvs_reliable_q90,4,10899,199,1536,2,169,0.3072916666666667
1,casp3,rabvs_reliable_q90,5,10899,199,1792,1,170,0.3169642857142857
1,casp3,rabvs_reliable_q90,6,10899,199,2048,7,177,0.29443359375
1,casp3,rabvs_reliable_q90,7,10899,199,2304,8,185,0.2738715277777778
1,casp3,rabvs_reliable_q90,8,10899,199,2560,2,187,0.264453125
1,casp3,rabvs_reliable,1,10899,199,768,151,167,0.4700520833333333
1,casp3,rabvs_reliable,2,10899,199,1024,0,167,0.376953125
1,casp3,rabvs_reliable,3,10899,199,1280,0,167,0.31328125
1,casp3,rabvs_reliable,4,10899,199,1536,2,169,0.3072916666666667
1,casp3,rabvs_reliable,5,10899,199,1792,1,170,0.3169642857142857
1,casp3,rabvs_reliable,6,10899,199,2048,7,177,0.29443359375
1,casp3,rabvs_reliable,7,10899,199,2304,8,185,0.2738715277777778
1,casp3,rabvs_reliable,8,10899,199,2560,2,187,0.264453125
2,casp3,greedy_surrogate,1,10899,199,768,164,180,0.5
2,casp3,greedy_surrogate,2,10899,199,1024,12,192,0.50390625
2,casp3,greedy_surrogate,3,10899,199,1280,2,194,0.51328125
2,casp3,greedy_surrogate,4,10899,199,1536,2,196,0.5
2,casp3,greedy_surrogate,5,10899,199,1792,1,197,0.5022321428571429
2,casp3,greedy_surrogate,6,10899,199,2048,0,197,0.49755859375
2,casp3,greedy_surrogate,7,10899,199,2304,0,197,0.4995659722222222
2,casp3,greedy_surrogate,8,10899,199,2560,0,197,0.5015625
2,casp3,boba_ucb,1,10899,199,768,146,162,0.4752604166666667
2,casp3,boba_ucb,2,10899,199,1024,17,179,0.5
2,casp3,boba_ucb,3,10899,199,1280,0,179,0.50859375
2,casp3,boba_ucb,4,10899,199,1536,0,179,0.5462239583333334
2,casp3,boba_ucb,5,10899,199,1792,4,183,0.54296875
2,casp3,boba_ucb,6,10899,199,2048,0,183,0.53515625
2,casp3,boba_ucb,7,10899,199,2304,2,185,0.5360243055555556
2,casp3,boba_ucb,8,10899,199,2560,0,185,0.533984375
2,casp3,boba_risk_final,1,10899,199,768,146,162,0.4752604166666667
2,casp3,boba_risk_final,2,10899,199,1024,17,179,0.5
2,casp3,boba_risk_final,3,10899,199,1280,0,179,0.50859375
2,casp3,boba_risk_final,4,10899,199,1536,0,179,0.5462239583333334
2,casp3,boba_risk_final,5,10899,199,1792,4,183,0.54296875
2,casp3,boba_risk_final,6,10899,199,2048,0,183,0.53515625
2,casp3,boba_risk_final,7,10899,199,2304,2,185,0.5360243055555556
2,casp3,boba_risk_final,8,10899,199,2560,0,185,0.533984375
2,casp3,rabvs_hit,1,10899,199,768,144,160,0.4388020833333333
2,casp3,rabvs_hit,2,10899,199,1024,13,173,0.390625
2,casp3,rabvs_hit,3,10899,199,1280,0,173,0.34375
2,casp3,rabvs_hit,4,10899,199,1536,0,173,0.3795572916666667
2,casp3,rabvs_hit,5,10899,199,1792,10,183,0.35323660714285715
2,casp3,rabvs_hit,6,10899,199,2048,1,184,0.3359375
2,casp3,rabvs_hit,7,10899,199,2304,2,186,0.3090277777777778
2,casp3,rabvs_hit,8,10899,199,2560,0,186,0.288671875
2,casp3,rabvs_reliable_q90,1,10899,199,768,144,160,0.4388020833333333
2,casp3,rabvs_reliable_q90,2,10899,199,1024,13,173,0.390625
2,casp3,rabvs_reliable_q90,3,10899,199,1280,0,173,0.34375
2,casp3,rabvs_reliable_q90,4,10899,199,1536,0,173,0.3795572916666667
2,casp3,rabvs_reliable_q90,5,10899,199,1792,10,183,0.35323660714285715
2,casp3,rabvs_reliable_q90,6,10899,199,2048,1,184,0.3359375
2,casp3,rabvs_reliable_q90,7,10899,199,2304,2,186,0.3090277777777778
2,casp3,rabvs_reliable_q90,8,10899,199,2560,0,186,0.288671875
2,casp3,rabvs_reliable,1,10899,199,768,144,160,0.4388020833333333
2,casp3,rabvs_reliable,2,10899,199,1024,13,173,0.390625
2,casp3,rabvs_reliable,3,10899,199,1280,0,173,0.34375
2,casp3,rabvs_reliable,4,10899,199,1536,0,173,0.3795572916666667
2,casp3,rabvs_reliable,5,10899,199,1792,10,183,0.35323660714285715
2,casp3,rabvs_reliable,6,10899,199,2048,1,184,0.3359375
2,casp3,rabvs_reliable,7,10899,199,2304,2,186,0.3090277777777778
2,casp3,rabvs_reliable,8,10899,199,2560,0,186,0.288671875
0,cdk2,greedy_surrogate,1,28324,474,768,168,184,0.4427083333333333
0,cdk2,greedy_surrogate,2,28324,474,1024,90,274,0.4482421875
0,cdk2,greedy_surrogate,3,28324,474,1280,50,324,0.446875
0,cdk2,greedy_surrogate,4,28324,474,1536,26,350,0.4713541666666667
0,cdk2,greedy_surrogate,5,28324,474,1792,24,374,0.47377232142857145
0,cdk2,greedy_surrogate,6,28324,474,2048,20,394,0.4814453125
0,cdk2,greedy_surrogate,7,28324,474,2304,12,406,0.4748263888888889
0,cdk2,greedy_surrogate,8,28324,474,2560,9,415,0.475390625
0,cdk2,boba_ucb,1,28324,474,768,111,127,0.4427083333333333
0,cdk2,boba_ucb,2,28324,474,1024,66,193,0.4775390625
0,cdk2,boba_ucb,3,28324,474,1280,51,244,0.4734375
0,cdk2,boba_ucb,4,28324,474,1536,34,278,0.4817708333333333
0,cdk2,boba_ucb,5,28324,474,1792,5,283,0.49832589285714285
0,cdk2,boba_ucb,6,28324,474,2048,27,310,0.4755859375
0,cdk2,boba_ucb,7,28324,474,2304,12,322,0.4796006944444444
0,cdk2,boba_ucb,8,28324,474,2560,13,335,0.476953125
0,cdk2,boba_risk_final,1,28324,474,768,111,127,0.4427083333333333
0,cdk2,boba_risk_final,2,28324,474,1024,66,193,0.4775390625
0,cdk2,boba_risk_final,3,28324,474,1280,51,244,0.4734375
0,cdk2,boba_risk_final,4,28324,474,1536,34,278,0.4817708333333333
0,cdk2,boba_risk_final,5,28324,474,1792,5,283,0.49832589285714285
0,cdk2,boba_risk_final,6,28324,474,2048,27,310,0.4755859375
0,cdk2,boba_risk_final,7,28324,474,2304,12,322,0.4796006944444444
0,cdk2,boba_risk_final,8,28324,474,2560,13,335,0.476953125
0,cdk2,rabvs_hit,1,28324,474,768,39,55,0.4622395833333333
0,cdk2,rabvs_hit,2,28324,474,1024,23,78,0.4443359375
0,cdk2,rabvs_hit,3,28324,474,1280,39,117,0.4546875
0,cdk2,rabvs_hit,4,28324,474,1536,19,136,0.4518229166666667
0,cdk2,rabvs_hit,5,28324,474,1792,13,149,0.40625
0,cdk2,rabvs_hit,6,28324,474,2048,21,170,0.3974609375
0,cdk2,rabvs_hit,7,28324,474,2304,34,204,0.3927951388888889
0,cdk2,rabvs_hit,8,28324,474,2560,4,208,0.388671875
0,cdk2,rabvs_reliable_q90,1,28324,474,768,39,55,0.4622395833333333
0,cdk2,rabvs_reliable_q90,2,28324,474,1024,23,78,0.4443359375
0,cdk2,rabvs_reliable_q90,3,28324,474,1280,39,117,0.4546875
0,cdk2,rabvs_reliable_q90,4,28324,474,1536,19,136,0.4518229166666667
0,cdk2,rabvs_reliable_q90,5,28324,474,1792,13,149,0.40625
0,cdk2,rabvs_reliable_q90,6,28324,474,2048,21,170,0.3974609375
0,cdk2,rabvs_reliable_q90,7,28324,474,2304,34,204,0.3927951388888889
0,cdk2,rabvs_reliable_q90,8,28324,474,2560,4,208,0.388671875
0,cdk2,rabvs_reliable,1,28324,474,768,39,55,0.4622395833333333
0,cdk2,rabvs_reliable,2,28324,474,1024,23,78,0.4443359375
0,cdk2,rabvs_reliable,3,28324,474,1280,39,117,0.4546875
0,cdk2,rabvs_reliable,4,28324,474,1536,19,136,0.4518229166666667
0,cdk2,rabvs_reliable,5,28324,474,1792,13,149,0.40625
0,cdk2,rabvs_reliable,6,28324,474,2048,21,170,0.3974609375
0,cdk2,rabvs_reliable,7,28324,474,2304,34,204,0.3927951388888889
0,cdk2,rabvs_reliable,8,28324,474,2560,4,208,0.388671875
1,cdk2,greedy_surrogate,1,28324,474,768,93,109,0.515625
1,cdk2,greedy_surrogate,2,28324,474,1024,104,213,0.478515625
1,cdk2,greedy_surrogate,3,28324,474,1280,76,289,0.46796875
1,cdk2,greedy_surrogate,4,28324,474,1536,38,327,0.4622395833333333
1,cdk2,greedy_surrogate,5,28324,474,1792,29,356,0.45479910714285715
1,cdk2,greedy_surrogate,6,28324,474,2048,28,384,0.46923828125
1,cdk2,greedy_surrogate,7,28324,474,2304,14,398,0.4635416666666667
1,cdk2,greedy_surrogate,8,28324,474,2560,14,412,0.47265625
1,cdk2,boba_ucb,1,28324,474,768,39,55,0.5416666666666666
1,cdk2,boba_ucb,2,28324,474,1024,76,131,0.4892578125
1,cdk2,boba_ucb,3,28324,474,1280,65,196,0.459375
1,cdk2,boba_ucb,4,28324,474,1536,6,202,0.4459635416666667
1,cdk2,boba_ucb,5,28324,474,1792,6,208,0.47154017857142855
1,cdk2,boba_ucb,6,28324,474,2048,83,291,0.466796875
1,cdk2,boba_ucb,7,28324,474,2304,19,310,0.4704861111111111
1,cdk2,boba_ucb,8,28324,474,2560,6,316,0.48046875
1,cdk2,boba_risk_final,1,28324,474,768,39,55,0.5416666666666666
1,cdk2,boba_risk_final,2,28324,474,1024,76,131,0.4892578125
1,cdk2,boba_risk_final,3,28324,474,1280,65,196,0.459375
1,cdk2,boba_risk_final,4,28324,474,1536,6,202,0.4459635416666667
1,cdk2,boba_risk_final,5,28324,474,1792,6,208,0.47154017857142855
1,cdk2,boba_risk_final,6,28324,474,2048,83,291,0.466796875
1,cdk2,boba_risk_final,7,28324,474,2304,19,310,0.4704861111111111
1,cdk2,boba_risk_final,8,28324,474,2560,6,316,0.48046875
1,cdk2,rabvs_hit,1,28324,474,768,48,64,0.48046875
1,cdk2,rabvs_hit,2,28324,474,1024,31,95,0.4794921875
1,cdk2,rabvs_hit,3,28324,474,1280,76,171,0.4765625
1,cdk2,rabvs_hit,4,28324,474,1536,0,171,0.4147135416666667
1,cdk2,rabvs_hit,5,28324,474,1792,8,179,0.37276785714285715
1,cdk2,rabvs_hit,6,28324,474,2048,2,181,0.35107421875
1,cdk2,rabvs_hit,7,28324,474,2304,15,196,0.3350694444444444
1,cdk2,rabvs_hit,8,28324,474,2560,36,232,0.33515625
1,cdk2,rabvs_reliable_q90,1,28324,474,768,48,64,0.48046875
1,cdk2,rabvs_reliable_q90,2,28324,474,1024,31,95,0.4794921875
1,cdk2,rabvs_reliable_q90,3,28324,474,1280,76,171,0.4765625
1,cdk2,rabvs_reliable_q90,4,28324,474,1536,0,171,0.4147135416666667
1,cdk2,rabvs_reliable_q90,5,28324,474,1792,8,179,0.37276785714285715
1,cdk2,rabvs_reliable_q90,6,28324,474,2048,2,181,0.35107421875
1,cdk2,rabvs_reliable_q90,7,28324,474,2304,15,196,0.3350694444444444
1,cdk2,rabvs_reliable_q90,8,28324,474,2560,36,232,0.33515625
1,cdk2,rabvs_reliable,1,28324,474,768,48,64,0.48046875
1,cdk2,rabvs_reliable,2,28324,474,1024,31,95,0.4794921875
1,cdk2,rabvs_reliable,3,28324,474,1280,76,171,0.4765625
1,cdk2,rabvs_reliable,4,28324,474,1536,0,171,0.4147135416666667
1,cdk2,rabvs_reliable,5,28324,474,1792,8,179,0.37276785714285715
1,cdk2,rabvs_reliable,6,28324,474,2048,2,181,0.35107421875
1,cdk2,rabvs_reliable,7,28324,474,2304,15,196,0.3350694444444444
1,cdk2,rabvs_reliable,8,28324,474,2560,36,232,0.33515625
2,cdk2,greedy_surrogate,1,28324,474,768,175,191,0.4557291666666667
2,cdk2,greedy_surrogate,2,28324,474,1024,80,271,0.4052734375
2,cdk2,greedy_surrogate,3,28324,474,1280,51,322,0.40859375
2,cdk2,greedy_surrogate,4,28324,474,1536,32,354,0.4108072916666667
2,cdk2,greedy_surrogate,5,28324,474,1792,14,368,0.42354910714285715
2,cdk2,greedy_surrogate,6,28324,474,2048,6,374,0.4375
2,cdk2,greedy_surrogate,7,28324,474,2304,9,383,0.4370659722222222
2,cdk2,greedy_surrogate,8,28324,474,2560,5,388,0.44140625
2,cdk2,boba_ucb,1,28324,474,768,143,159,0.44140625
2,cdk2,boba_ucb,2,28324,474,1024,8,167,0.4169921875
2,cdk2,boba_ucb,3,28324,474,1280,112,279,0.41328125
2,cdk2,boba_ucb,4,28324,474,1536,0,279,0.4453125
2,cdk2,boba_ucb,5,28324,474,1792,19,298,0.43917410714285715
2,cdk2,boba_ucb,6,28324,474,2048,8,306,0.4755859375
2,cdk2,boba_ucb,7,28324,474,2304,16,322,0.45703125
2,cdk2,boba_ucb,8,28324,474,2560,6,328,0.458984375
2,cdk2,boba_risk_final,1,28324,474,768,143,159,0.44140625
2,cdk2,boba_risk_final,2,28324,474,1024,8,167,0.4169921875
2,cdk2,boba_risk_final,3,28324,474,1280,112,279,0.41328125
2,cdk2,boba_risk_final,4,28324,474,1536,0,279,0.4453125
2,cdk2,boba_risk_final,5,28324,474,1792,19,298,0.43917410714285715
2,cdk2,boba_risk_final,6,28324,474,2048,8,306,0.4755859375
2,cdk2,boba_risk_final,7,28324,474,2304,16,322,0.45703125
2,cdk2,boba_risk_final,8,28324,474,2560,6,328,0.458984375
2,cdk2,rabvs_hit,1,28324,474,768,40,56,0.421875
2,cdk2,rabvs_hit,2,28324,474,1024,35,91,0.4189453125
2,cdk2,rabvs_hit,3,28324,474,1280,46,137,0.43125
2,cdk2,rabvs_hit,4,28324,474,1536,10,147,0.4251302083333333
2,cdk2,rabvs_hit,5,28324,474,1792,12,159,0.4029017857142857
2,cdk2,rabvs_hit,6,28324,474,2048,72,231,0.40283203125
2,cdk2,rabvs_hit,7,28324,474,2304,62,293,0.3997395833333333
2,cdk2,rabvs_hit,8,28324,474,2560,15,308,0.3828125
2,cdk2,rabvs_reliable_q90,1,28324,474,768,40,56,0.421875
2,cdk2,rabvs_reliable_q90,2,28324,474,1024,35,91,0.4189453125
2,cdk2,rabvs_reliable_q90,3,28324,474,1280,46,137,0.43125
2,cdk2,rabvs_reliable_q90,4,28324,474,1536,10,147,0.4251302083333333
2,cdk2,rabvs_reliable_q90,5,28324,474,1792,12,159,0.4029017857142857
2,cdk2,rabvs_reliable_q90,6,28324,474,2048,72,231,0.40283203125
2,cdk2,rabvs_reliable_q90,7,28324,474,2304,62,293,0.3997395833333333
2,cdk2,rabvs_reliable_q90,8,28324,474,2560,15,308,0.3828125
2,cdk2,rabvs_reliable,1,28324,474,768,40,56,0.421875
2,cdk2,rabvs_reliable,2,28324,474,1024,35,91,0.4189453125
2,cdk2,rabvs_reliable,3,28324,474,1280,46,137,0.43125
2,cdk2,rabvs_reliable,4,28324,474,1536,10,147,0.4251302083333333
2,cdk2,rabvs_reliable,5,28324,474,1792,12,159,0.4029017857142857
2,cdk2,rabvs_reliable,6,28324,474,2048,72,231,0.40283203125
2,cdk2,rabvs_reliable,7,28324,474,2304,62,293,0.3997395833333333
2,cdk2,rabvs_reliable,8,28324,474,2560,15,308,0.3828125
0,comt,greedy_surrogate,1,3891,41,768,25,41,0.5651041666666666
0,comt,greedy_surrogate,2,3891,41,1024,0,41,0.53515625
0,comt,greedy_surrogate,3,3891,41,1280,0,41,0.54296875
0,comt,greedy_surrogate,4,3891,41,1536,0,41,0.521484375
0,comt,greedy_surrogate,5,3891,41,1792,0,41,0.5078125
0,comt,greedy_surrogate,6,3891,41,2048,0,41,0.494140625
0,comt,greedy_surrogate,7,3891,41,2304,0,41,0.4791666666666667
0,comt,greedy_surrogate,8,3891,41,2560,0,41,0.46796875
0,comt,boba_ucb,1,3891,41,768,25,41,0.5364583333333334
0,comt,boba_ucb,2,3891,41,1024,0,41,0.51953125
0,comt,boba_ucb,3,3891,41,1280,0,41,0.4953125
0,comt,boba_ucb,4,3891,41,1536,0,41,0.486328125
0,comt,boba_ucb,5,3891,41,1792,0,41,0.47488839285714285
0,comt,boba_ucb,6,3891,41,2048,0,41,0.474609375
0,comt,boba_ucb,7,3891,41,2304,0,41,0.46484375
0,comt,boba_ucb,8,3891,41,2560,0,41,0.458984375
0,comt,boba_risk_final,1,3891,41,768,25,41,0.5364583333333334
0,comt,boba_risk_final,2,3891,41,1024,0,41,0.51953125
0,comt,boba_risk_final,3,3891,41,1280,0,41,0.4953125
0,comt,boba_risk_final,4,3891,41,1536,0,41,0.486328125
0,comt,boba_risk_final,5,3891,41,1792,0,41,0.47488839285714285
0,comt,boba_risk_final,6,3891,41,2048,0,41,0.474609375
0,comt,boba_risk_final,7,3891,41,2304,0,41,0.46484375
0,comt,boba_risk_final,8,3891,41,2560,0,41,0.458984375
0,comt,rabvs_hit,1,3891,41,768,25,41,0.3776041666666667
0,comt,rabvs_hit,2,3891,41,1024,0,41,0.3037109375
0,comt,rabvs_hit,3,3891,41,1280,0,41,0.29375
0,comt,rabvs_hit,4,3891,41,1536,0,41,0.2604166666666667
0,comt,rabvs_hit,5,3891,41,1792,0,41,0.26450892857142855
0,comt,rabvs_hit,6,3891,41,2048,0,41,0.2470703125
0,comt,rabvs_hit,7,3891,41,2304,0,41,0.2508680555555556
0,comt,rabvs_hit,8,3891,41,2560,0,41,0.240625
0,comt,rabvs_reliable_q90,1,3891,41,768,25,41,0.3776041666666667
0,comt,rabvs_reliable_q90,2,3891,41,1024,0,41,0.3037109375
0,comt,rabvs_reliable_q90,3,3891,41,1280,0,41,0.29375
0,comt,rabvs_reliable_q90,4,3891,41,1536,0,41,0.2604166666666667
0,comt,rabvs_reliable_q90,5,3891,41,1792,0,41,0.26450892857142855
0,comt,rabvs_reliable_q90,6,3891,41,2048,0,41,0.2470703125
0,comt,rabvs_reliable_q90,7,3891,41,2304,0,41,0.2508680555555556
0,comt,rabvs_reliable_q90,8,3891,41,2560,0,41,0.240625
0,comt,rabvs_reliable,1,3891,41,768,25,41,0.3776041666666667
0,comt,rabvs_reliable,2,3891,41,1024,0,41,0.3037109375
0,comt,rabvs_reliable,3,3891,41,1280,0,41,0.29375
0,comt,rabvs_reliable,4,3891,41,1536,0,41,0.2604166666666667
0,comt,rabvs_reliable,5,3891,41,1792,0,41,0.26450892857142855
0,comt,rabvs_reliable,6,3891,41,2048,0,41,0.2470703125
0,comt,rabvs_reliable,7,3891,41,2304,0,41,0.2508680555555556
0,comt,rabvs_reliable,8,3891,41,2560,0,41,0.240625
1,comt,greedy_surrogate,1,3891,41,768,25,41,0.5416666666666666
1,comt,greedy_surrogate,2,3891,41,1024,0,41,0.5283203125
1,comt,greedy_surrogate,3,3891,41,1280,0,41,0.51875
1,comt,greedy_surrogate,4,3891,41,1536,0,41,0.5325520833333334
1,comt,greedy_surrogate,5,3891,41,1792,0,41,0.5078125
1,comt,greedy_surrogate,6,3891,41,2048,0,41,0.49853515625
1,comt,greedy_surrogate,7,3891,41,2304,0,41,0.48046875
1,comt,greedy_surrogate,8,3891,41,2560,0,41,0.467578125
1,comt,boba_ucb,1,3891,41,768,23,39,0.5026041666666666
1,comt,boba_ucb,2,3891,41,1024,1,40,0.5205078125
1,comt,boba_ucb,3,3891,41,1280,1,41,0.5046875
1,comt,boba_ucb,4,3891,41,1536,0,41,0.5104166666666666
1,comt,boba_ucb,5,3891,41,1792,0,41,0.48214285714285715
1,comt,boba_ucb,6,3891,41,2048,0,41,0.4755859375
1,comt,boba_ucb,7,3891,41,2304,0,41,0.4743923611111111
1,comt,boba_ucb,8,3891,41,2560,0,41,0.461328125
1,comt,boba_risk_final,1,3891,41,768,23,39,0.5026041666666666
1,comt,boba_risk_final,2,3891,41,1024,1,40,0.5205078125
1,comt,boba_risk_final,3,3891,41,1280,1,41,0.5046875
1,comt,boba_risk_final,4,3891,41,1536,0,41,0.5104166666666666
1,comt,boba_risk_final,5,3891,41,1792,0,41,0.48214285714285715
1,comt,boba_risk_final,6,3891,41,2048,0,41,0.4755859375
1,comt,boba_risk_final,7,3891,41,2304,0,41,0.4743923611111111
1,comt,boba_risk_final,8,3891,41,2560,0,41,0.461328125
1,comt,rabvs_hit,1,3891,41,768,23,39,0.359375
1,comt,rabvs_hit,2,3891,41,1024,0,39,0.2900390625
1,comt,rabvs_hit,3,3891,41,1280,2,41,0.284375
1,comt,rabvs_hit,4,3891,41,1536,0,41,0.2526041666666667
1,comt,rabvs_hit,5,3891,41,1792,0,41,0.23604910714285715
1,comt,rabvs_hit,6,3891,41,2048,0,41,0.23388671875
1,comt,rabvs_hit,7,3891,41,2304,0,41,0.23133680555555555
1,comt,rabvs_hit,8,3891,41,2560,0,41,0.241015625
1,comt,rabvs_reliable_q90,1,3891,41,768,23,39,0.359375
1,comt,rabvs_reliable_q90,2,3891,41,1024,0,39,0.2900390625
1,comt,rabvs_reliable_q90,3,3891,41,1280,2,41,0.284375
1,comt,rabvs_reliable_q90,4,3891,41,1536,0,41,0.2526041666666667
1,comt,rabvs_reliable_q90,5,3891,41,1792,0,41,0.23604910714285715
1,comt,rabvs_reliable_q90,6,3891,41,2048,0,41,0.23388671875
1,comt,rabvs_reliable_q90,7,3891,41,2304,0,41,0.23133680555555555
1,comt,rabvs_reliable_q90,8,3891,41,2560,0,41,0.241015625
1,comt,rabvs_reliable,1,3891,41,768,23,39,0.359375
1,comt,rabvs_reliable,2,3891,41,1024,0,39,0.2900390625
1,comt,rabvs_reliable,3,3891,41,1280,2,41,0.284375
1,comt,rabvs_reliable,4,3891,41,1536,0,41,0.2526041666666667
1,comt,rabvs_reliable,5,3891,41,1792,0,41,0.23604910714285715
1,comt,rabvs_reliable,6,3891,41,2048,0,41,0.23388671875
1,comt,rabvs_reliable,7,3891,41,2304,0,41,0.23133680555555555
1,comt,rabvs_reliable,8,3891,41,2560,0,41,0.241015625
2,comt,greedy_surrogate,1,3891,41,768,25,41,0.5169270833333334
2,comt,greedy_surrogate,2,3891,41,1024,0,41,0.5078125
2,comt,greedy_surrogate,3,3891,41,1280,0,41,0.51640625
2,comt,greedy_surrogate,4,3891,41,1536,0,41,0.5052083333333334
2,comt,greedy_surrogate,5,3891,41,1792,0,41,0.4955357142857143
2,comt,greedy_surrogate,6,3891,41,2048,0,41,0.48681640625
2,comt,greedy_surrogate,7,3891,41,2304,0,41,0.4696180555555556
2,comt,greedy_surrogate,8,3891,41,2560,0,41,0.4609375
2,comt,boba_ucb,1,3891,41,768,25,41,0.453125
2,comt,boba_ucb,2,3891,41,1024,0,41,0.458984375
2,comt,boba_ucb,3,3891,41,1280,0,41,0.4609375
2,comt,boba_ucb,4,3891,41,1536,0,41,0.462890625
2,comt,boba_ucb,5,3891,41,1792,0,41,0.4810267857142857
2,comt,boba_ucb,6,3891,41,2048,0,41,0.47314453125
2,comt,boba_ucb,7,3891,41,2304,0,41,0.4618055555555556
2,comt,boba_ucb,8,3891,41,2560,0,41,0.45078125
2,comt,boba_risk_final,1,3891,41,768,25,41,0.453125
2,comt,boba_risk_final,2,3891,41,1024,0,41,0.458984375
2,comt,boba_risk_final,3,3891,41,1280,0,41,0.4609375
2,comt,boba_risk_final,4,3891,41,1536,0,41,0.462890625
2,comt,boba_risk_final,5,3891,41,1792,0,41,0.4810267857142857
2,comt,boba_risk_final,6,3891,41,2048,0,41,0.47314453125
2,comt,boba_risk_final,7,3891,41,2304,0,41,0.4618055555555556
2,comt,boba_risk_final,8,3891,41,2560,0,41,0.45078125
2,comt,rabvs_hit,1,3891,41,768,25,41,0.3463541666666667
2,comt,rabvs_hit,2,3891,41,1024,0,41,0.275390625
2,comt,rabvs_hit,3,3891,41,1280,0,41,0.2609375
2,comt,rabvs_hit,4,3891,41,1536,0,41,0.24609375
2,comt,rabvs_hit,5,3891,41,1792,0,41,0.23660714285714285
2,comt,rabvs_hit,6,3891,41,2048,0,41,0.23583984375
2,comt,rabvs_hit,7,3891,41,2304,0,41,0.2322048611111111
2,comt,rabvs_hit,8,3891,41,2560,0,41,0.22265625
2,comt,rabvs_reliable_q90,1,3891,41,768,25,41,0.3463541666666667
2,comt,rabvs_reliable_q90,2,3891,41,1024,0,41,0.275390625
2,comt,rabvs_reliable_q90,3,3891,41,1280,0,41,0.2609375
2,comt,rabvs_reliable_q90,4,3891,41,1536,0,41,0.24609375
2,comt,rabvs_reliable_q90,5,3891,41,1792,0,41,0.23660714285714285
2,comt,rabvs_reliable_q90,6,3891,41,2048,0,41,0.23583984375
2,comt,rabvs_reliable_q90,7,3891,41,2304,0,41,0.2322048611111111
2,comt,rabvs_reliable_q90,8,3891,41,2560,0,41,0.22265625
2,comt,rabvs_reliable,1,3891,41,768,25,41,0.3463541666666667
2,comt,rabvs_reliable,2,3891,41,1024,0,41,0.275390625
2,comt,rabvs_reliable,3,3891,41,1280,0,41,0.2609375
2,comt,rabvs_reliable,4,3891,41,1536,0,41,0.24609375
2,comt,rabvs_reliable,5,3891,41,1792,0,41,0.23660714285714285
2,comt,rabvs_reliable,6,3891,41,2048,0,41,0.23583984375
2,comt,rabvs_reliable,7,3891,41,2304,0,41,0.2322048611111111
2,comt,rabvs_reliable,8,3891,41,2560,0,41,0.22265625
0,cp2c9,greedy_surrogate,1,7570,120,768,56,72,0.4583333333333333
0,cp2c9,greedy_surrogate,2,7570,120,1024,14,86,0.48046875
0,cp2c9,greedy_surrogate,3,7570,120,1280,10,96,0.4671875
0,cp2c9,greedy_surrogate,4,7570,120,1536,4,100,0.486328125
0,cp2c9,greedy_surrogate,5,7570,120,1792,6,106,0.4927455357142857
0,cp2c9,greedy_surrogate,6,7570,120,2048,7,113,0.48388671875
0,cp2c9,greedy_surrogate,7,7570,120,2304,3,116,0.4813368055555556
0,cp2c9,greedy_surrogate,8,7570,120,2560,0,116,0.478125
0,cp2c9,boba_ucb,1,7570,120,768,42,58,0.4765625
0,cp2c9,boba_ucb,2,7570,120,1024,13,71,0.46484375
0,cp2c9,boba_ucb,3,7570,120,1280,18,89,0.47421875
0,cp2c9,boba_ucb,4,7570,120,1536,1,90,0.4765625
0,cp2c9,boba_ucb,5,7570,120,1792,1,91,0.4642857142857143
0,cp2c9,boba_ucb,6,7570,120,2048,9,100,0.4716796875
0,cp2c9,boba_ucb,7,7570,120,2304,2,102,0.4774305555555556
0,cp2c9,boba_ucb,8,7570,120,2560,0,102,0.4875
0,cp2c9,boba_risk_final,1,7570,120,768,42,58,0.4765625
0,cp2c9,boba_risk_final,2,7570,120,1024,13,71,0.46484375
0,cp2c9,boba_risk_final,3,7570,120,1280,18,89,0.47421875
0,cp2c9,boba_risk_final,4,7570,120,1536,1,90,0.4765625
0,cp2c9,boba_risk_final,5,7570,120,1792,1,91,0.4642857142857143
0,cp2c9,boba_risk_final,6,7570,120,2048,9,100,0.4716796875
0,cp2c9,boba_risk_final,7,7570,120,2304,2,102,0.4774305555555556
0,cp2c9,boba_risk_final,8,7570,120,2560,0,102,0.4875
0,cp2c9,rabvs_hit,1,7570,120,768,32,48,0.4466145833333333
0,cp2c9,rabvs_hit,2,7570,120,1024,21,69,0.41015625
0,cp2c9,rabvs_hit,3,7570,120,1280,1,70,0.33828125
0,cp2c9,rabvs_hit,4,7570,120,1536,6,76,0.3157552083333333
0,cp2c9,rabvs_hit,5,7570,120,1792,4,80,0.34877232142857145
0,cp2c9,rabvs_hit,6,7570,120,2048,12,92,0.34326171875
0,cp2c9,rabvs_hit,7,7570,120,2304,4,96,0.3272569444444444
0,cp2c9,rabvs_hit,8,7570,120,2560,4,100,0.3078125
0,cp2c9,rabvs_reliable_q90,1,7570,120,768,32,48,0.4466145833333333
0,cp2c9,rabvs_reliable_q90,2,7570,120,1024,21,69,0.41015625
0,cp2c9,rabvs_reliable_q90,3,7570,120,1280,1,70,0.33828125
0,cp2c9,rabvs_reliable_q90,4,7570,120,1536,6,76,0.3157552083333333
0,cp2c9,rabvs_reliable_q90,5,7570,120,1792,4,80,0.34877232142857145
0,cp2c9,rabvs_reliable_q90,6,7570,120,2048,12,92,0.34326171875
0,cp2c9,rabvs_reliable_q90,7,7570,120,2304,4,96,0.3272569444444444
0,cp2c9,rabvs_reliable_q90,8,7570,120,2560,4,100,0.3078125
0,cp2c9,rabvs_reliable,1,7570,120,768,32,48,0.4466145833333333
0,cp2c9,rabvs_reliable,2,7570,120,1024,21,69,0.41015625
0,cp2c9,rabvs_reliable,3,7570,120,1280,1,70,0.33828125
0,cp2c9,rabvs_reliable,4,7570,120,1536,6,76,0.3157552083333333
0,cp2c9,rabvs_reliable,5,7570,120,1792,4,80,0.34877232142857145
0,cp2c9,rabvs_reliable,6,7570,120,2048,12,92,0.34326171875
0,cp2c9,rabvs_reliable,7,7570,120,2304,4,96,0.3272569444444444
0,cp2c9,rabvs_reliable,8,7570,120,2560,4,100,0.3078125
1,cp2c9,greedy_surrogate,1,7570,120,768,55,71,0.4596354166666667
1,cp2c9,greedy_surrogate,2,7570,120,1024,20,91,0.45703125
1,cp2c9,greedy_surrogate,3,7570,120,1280,12,103,0.46953125
1,cp2c9,greedy_surrogate,4,7570,120,1536,4,107,0.4700520833333333
1,cp2c9,greedy_surrogate,5,7570,120,1792,5,112,0.4654017857142857
1,cp2c9,greedy_surrogate,6,7570,120,2048,0,112,0.4560546875
1,cp2c9,greedy_surrogate,7,7570,120,2304,1,113,0.44921875
1,cp2c9,greedy_surrogate,8,7570,120,2560,2,115,0.454296875
1,cp2c9,boba_ucb,1,7570,120,768,33,49,0.45703125
1,cp2c9,boba_ucb,2,7570,120,1024,30,79,0.4892578125
1,cp2c9,boba_ucb,3,7570,120,1280,7,86,0.45625
1,cp2c9,boba_ucb,4,7570,120,1536,0,86,0.4563802083333333
1,cp2c9,boba_ucb,5,7570,120,1792,1,87,0.45479910714285715
1,cp2c9,boba_ucb,6,7570,120,2048,10,97,0.439453125
1,cp2c9,boba_ucb,7,7570,120,2304,0,97,0.4405381944444444
1,cp2c9,boba_ucb,8,7570,120,2560,0,97,0.444921875
1,cp2c9,boba_risk_final,1,7570,120,768,33,49,0.45703125
1,cp2c9,boba_risk_final,2,7570,120,1024,30,79,0.4892578125
1,cp2c9,boba_risk_final,3,7570,120,1280,7,86,0.45625
1,cp2c9,boba_risk_final,4,7570,120,1536,0,86,0.4563802083333333
1,cp2c9,boba_risk_final,5,7570,120,1792,1,87,0.45479910714285715
1,cp2c9,boba_risk_final,6,7570,120,2048,10,97,0.439453125
1,cp2c9,boba_risk_final,7,7570,120,2304,0,97,0.4405381944444444
1,cp2c9,boba_risk_final,8,7570,120,2560,0,97,0.444921875
1,cp2c9,rabvs_hit,1,7570,120,768,30,46,0.4010416666666667
1,cp2c9,rabvs_hit,2,7570,120,1024,25,71,0.38671875
1,cp2c9,rabvs_hit,3,7570,120,1280,2,73,0.34765625
1,cp2c9,rabvs_hit,4,7570,120,1536,0,73,0.306640625
1,cp2c9,rabvs_hit,5,7570,120,1792,7,80,0.31082589285714285
1,cp2c9,rabvs_hit,6,7570,120,2048,8,88,0.2978515625
1,cp2c9,rabvs_hit,7,7570,120,2304,0,88,0.2743055555555556
1,cp2c9,rabvs_hit,8,7570,120,2560,0,88,0.257421875
1,cp2c9,rabvs_reliable_q90,1,7570,120,768,30,46,0.4010416666666667
1,cp2c9,rabvs_reliable_q90,2,7570,120,1024,25,71,0.38671875
1,cp2c9,rabvs_reliable_q90,3,7570,120,1280,2,73,0.34765625
1,cp2c9,rabvs_reliable_q90,4,7570,120,1536,0,73,0.306640625
1,cp2c9,rabvs_reliable_q90,5,7570,120,1792,7,80,0.31082589285714285
1,cp2c9,rabvs_reliable_q90,6,7570,120,2048,8,88,0.2978515625
1,cp2c9,rabvs_reliable_q90,7,7570,120,2304,0,88,0.2743055555555556
1,cp2c9,rabvs_reliable_q90,8,7570,120,2560,0,88,0.257421875
1,cp2c9,rabvs_reliable,1,7570,120,768,30,46,0.4010416666666667
1,cp2c9,rabvs_reliable,2,7570,120,1024,25,71,0.38671875
1,cp2c9,rabvs_reliable,3,7570,120,1280,2,73,0.34765625
1,cp2c9,rabvs_reliable,4,7570,120,1536,0,73,0.306640625
1,cp2c9,rabvs_reliable,5,7570,120,1792,7,80,0.31082589285714285
1,cp2c9,rabvs_reliable,6,7570,120,2048,8,88,0.2978515625
1,cp2c9,rabvs_reliable,7,7570,120,2304,0,88,0.2743055555555556
1,cp2c9,rabvs_reliable,8,7570,120,2560,0,88,0.257421875
2,cp2c9,greedy_surrogate,1,7570,120,768,56,72,0.5078125
2,cp2c9,greedy_surrogate,2,7570,120,1024,13,85,0.5068359375
2,cp2c9,greedy_surrogate,3,7570,120,1280,5,90,0.5046875
2,cp2c9,greedy_surrogate,4,7570,120,1536,7,97,0.5006510416666666
2,cp2c9,greedy_surrogate,5,7570,120,1792,6,103,0.4966517857142857
2,cp2c9,greedy_surrogate,6,7570,120,2048,7,110,0.4912109375
2,cp2c9,greedy_surrogate,7,7570,120,2304,5,115,0.4796006944444444
2,cp2c9,greedy_surrogate,8,7570,120,2560,2,117,0.480078125
2,cp2c9,boba_ucb,1,7570,120,768,42,58,0.5325520833333334
2,cp2c9,boba_ucb,2,7570,120,1024,14,72,0.4912109375
2,cp2c9,boba_ucb,3,7570,120,1280,15,87,0.50078125
2,cp2c9,boba_ucb,4,7570,120,1536,1,88,0.484375
2,cp2c9,boba_ucb,5,7570,120,1792,2,90,0.48660714285714285
2,cp2c9,boba_ucb,6,7570,120,2048,3,93,0.5
2,cp2c9,boba_ucb,7,7570,120,2304,6,99,0.49609375
2,cp2c9,boba_ucb,8,7570,120,2560,2,101,0.486328125
2,cp2c9,boba_risk_final,1,7570,120,768,42,58,0.5325520833333334
2,cp2c9,boba_risk_final,2,7570,120,1024,14,72,0.4912109375
2,cp2c9,boba_risk_final,3,7570,120,1280,15,87,0.50078125
2,cp2c9,boba_risk_final,4,7570,120,1536,1,88,0.484375
2,cp2c9,boba_risk_final,5,7570,120,1792,2,90,0.48660714285714285
2,cp2c9,boba_risk_final,6,7570,120,2048,3,93,0.5
2,cp2c9,boba_risk_final,7,7570,120,2304,6,99,0.49609375
2,cp2c9,boba_risk_final,8,7570,120,2560,2,101,0.486328125
2,cp2c9,rabvs_hit,1,7570,120,768,42,58,0.5169270833333334
2,cp2c9,rabvs_hit,2,7570,120,1024,12,70,0.4423828125
2,cp2c9,rabvs_hit,3,7570,120,1280,9,79,0.3671875
2,cp2c9,rabvs_hit,4,7570,120,1536,7,86,0.3430989583333333
2,cp2c9,rabvs_hit,5,7570,120,1792,2,88,0.38058035714285715
2,cp2c9,rabvs_hit,6,7570,120,2048,5,93,0.37255859375
2,cp2c9,rabvs_hit,7,7570,120,2304,1,94,0.3424479166666667
2,cp2c9,rabvs_hit,8,7570,120,2560,6,100,0.334765625
2,cp2c9,rabvs_reliable_q90,1,7570,120,768,42,58,0.5169270833333334
2,cp2c9,rabvs_reliable_q90,2,7570,120,1024,12,70,0.4423828125
2,cp2c9,rabvs_reliable_q90,3,7570,120,1280,9,79,0.3671875
2,cp2c9,rabvs_reliable_q90,4,7570,120,1536,7,86,0.3430989583333333
2,cp2c9,rabvs_reliable_q90,5,7570,120,1792,2,88,0.38058035714285715
2,cp2c9,rabvs_reliable_q90,6,7570,120,2048,5,93,0.37255859375
2,cp2c9,rabvs_reliable_q90,7,7570,120,2304,1,94,0.3424479166666667
2,cp2c9,rabvs_reliable_q90,8,7570,120,2560,6,100,0.334765625
2,cp2c9,rabvs_reliable,1,7570,120,768,42,58,0.5169270833333334
2,cp2c9,rabvs_reliable,2,7570,120,1024,12,70,0.4423828125
2,cp2c9,rabvs_reliable,3,7570,120,1280,9,79,0.3671875
2,cp2c9,rabvs_reliable,4,7570,120,1536,7,86,0.3430989583333333
2,cp2c9,rabvs_reliable,5,7570,120,1792,2,88,0.38058035714285715
2,cp2c9,rabvs_reliable,6,7570,120,2048,5,93,0.37255859375
2,cp2c9,rabvs_reliable,7,7570,120,2304,1,94,0.3424479166666667
2,cp2c9,rabvs_reliable,8,7570,120,2560,6,100,0.334765625
0,cp3a4,greedy_surrogate,1,11970,170,768,75,91,0.4322916666666667
0,cp3a4,greedy_surrogate,2,11970,170,1024,24,115,0.4013671875
0,cp3a4,greedy_surrogate,3,11970,170,1280,12,127,0.415625
0,cp3a4,greedy_surrogate,4,11970,170,1536,3,130,0.4095052083333333
0,cp3a4,greedy_surrogate,5,11970,170,1792,10,140,0.40401785714285715
0,cp3a4,greedy_surrogate,6,11970,170,2048,8,148,0.3994140625
0,cp3a4,greedy_surrogate,7,11970,170,2304,5,153,0.4084201388888889
0,cp3a4,greedy_surrogate,8,11970,170,2560,3,156,0.41328125
0,cp3a4,boba_ucb,1,11970,170,768,56,72,0.4453125
0,cp3a4,boba_ucb,2,11970,170,1024,23,95,0.45703125
0,cp3a4,boba_ucb,3,11970,170,1280,6,101,0.43046875
0,cp3a4,boba_ucb,4,11970,170,1536,2,103,0.4342447916666667
0,cp3a4,boba_ucb,5,11970,170,1792,4,107,0.4380580357142857
0,cp3a4,boba_ucb,6,11970,170,2048,8,115,0.4306640625
0,cp3a4,boba_ucb,7,11970,170,2304,14,129,0.42578125
0,cp3a4,boba_ucb,8,11970,170,2560,6,135,0.416796875
0,cp3a4,boba_risk_final,1,11970,170,768,56,72,0.4453125
0,cp3a4,boba_risk_final,2,11970,170,1024,23,95,0.45703125
0,cp3a4,boba_risk_final,3,11970,170,1280,6,101,0.43046875
0,cp3a4,boba_risk_final,4,11970,170,1536,2,103,0.4342447916666667
0,cp3a4,boba_risk_final,5,11970,170,1792,4,107,0.4380580357142857
0,cp3a4,boba_risk_final,6,11970,170,2048,8,115,0.4306640625
0,cp3a4,boba_risk_final,7,11970,170,2304,14,129,0.42578125
0,cp3a4,boba_risk_final,8,11970,170,2560,6,135,0.416796875
0,cp3a4,rabvs_hit,1,11970,170,768,46,62,0.4205729166666667
0,cp3a4,rabvs_hit,2,11970,170,1024,20,82,0.4130859375
0,cp3a4,rabvs_hit,3,11970,170,1280,2,84,0.35703125
0,cp3a4,rabvs_hit,4,11970,170,1536,7,91,0.330078125
0,cp3a4,rabvs_hit,5,11970,170,1792,6,97,0.3203125
0,cp3a4,rabvs_hit,6,11970,170,2048,14,111,0.3203125
0,cp3a4,rabvs_hit,7,11970,170,2304,9,120,0.2994791666666667
0,cp3a4,rabvs_hit,8,11970,170,2560,16,136,0.290625
0,cp3a4,rabvs_reliable_q90,1,11970,170,768,46,62,0.4205729166666667
0,cp3a4,rabvs_reliable_q90,2,11970,170,1024,20,82,0.4130859375
0,cp3a4,rabvs_reliable_q90,3,11970,170,1280,2,84,0.35703125
0,cp3a4,rabvs_reliable_q90,4,11970,170,1536,7,91,0.330078125
0,cp3a4,rabvs_reliable_q90,5,11970,170,1792,6,97,0.3203125
0,cp3a4,rabvs_reliable_q90,6,11970,170,2048,14,111,0.3203125
0,cp3a4,rabvs_reliable_q90,7,11970,170,2304,9,120,0.2994791666666667
0,cp3a4,rabvs_reliable_q90,8,11970,170,2560,16,136,0.290625
0,cp3a4,rabvs_reliable,1,11970,170,768,46,62,0.4205729166666667
0,cp3a4,rabvs_reliable,2,11970,170,1024,20,82,0.4130859375
0,cp3a4,rabvs_reliable,3,11970,170,1280,2,84,0.35703125
0,cp3a4,rabvs_reliable,4,11970,170,1536,7,91,0.330078125
0,cp3a4,rabvs_reliable,5,11970,170,1792,6,97,0.3203125
0,cp3a4,rabvs_reliable,6,11970,170,2048,14,111,0.3203125
0,cp3a4,rabvs_reliable,7,11970,170,2304,9,120,0.2994791666666667
0,cp3a4,rabvs_reliable,8,11970,170,2560,16,136,0.290625
1,cp3a4,greedy_surrogate,1,11970,170,768,50,66,0.3893229166666667
1,cp3a4,greedy_surrogate,2,11970,170,1024,36,102,0.3828125
1,cp3a4,greedy_surrogate,3,11970,170,1280,25,127,0.384375
1,cp3a4,greedy_surrogate,4,11970,170,1536,11,138,0.3723958333333333
1,cp3a4,greedy_surrogate,5,11970,170,1792,3,141,0.3716517857142857
1,cp3a4,greedy_surrogate,6,11970,170,2048,7,148,0.3740234375
1,cp3a4,greedy_surrogate,7,11970,170,2304,6,154,0.3793402777777778
1,cp3a4,greedy_surrogate,8,11970,170,2560,2,156,0.392578125
1,cp3a4,boba_ucb,1,11970,170,768,33,49,0.4049479166666667
1,cp3a4,boba_ucb,2,11970,170,1024,10,59,0.4150390625
1,cp3a4,boba_ucb,3,11970,170,1280,27,86,0.4078125
1,cp3a4,boba_ucb,4,11970,170,1536,5,91,0.4069010416666667
1,cp3a4,boba_ucb,5,11970,170,1792,5,96,0.4369419642857143
1,cp3a4,boba_ucb,6,11970,170,2048,19,115,0.427734375
1,cp3a4,boba_ucb,7,11970,170,2304,13,128,0.4157986111111111
1,cp3a4,boba_ucb,8,11970,170,2560,5,133,0.401953125
1,cp3a4,boba_risk_final,1,11970,170,768,33,49,0.4049479166666667
1,cp3a4,boba_risk_final,2,11970,170,1024,10,59,0.4150390625
1,cp3a4,boba_risk_final,3,11970,170,1280,27,86,0.4078125
1,cp3a4,boba_risk_final,4,11970,170,1536,5,91,0.4069010416666667
1,cp3a4,boba_risk_final,5,11970,170,1792,5,96,0.4369419642857143
1,cp3a4,boba_risk_final,6,11970,170,2048,19,115,0.427734375
1,cp3a4,boba_risk_final,7,11970,170,2304,13,128,0.4157986111111111
1,cp3a4,boba_risk_final,8,11970,170,2560,5,133,0.401953125
1,cp3a4,rabvs_hit,1,11970,170,768,16,32,0.39453125
1,cp3a4,rabvs_hit,2,11970,170,1024,17,49,0.3896484375
1,cp3a4,rabvs_hit,3,11970,170,1280,5,54,0.334375
1,cp3a4,rabvs_hit,4,11970,170,1536,20,74,0.330078125
1,cp3a4,rabvs_hit,5,11970,170,1792,5,79,0.296875
1,cp3a4,rabvs_hit,6,11970,170,2048,1,80,0.2802734375
1,cp3a4,rabvs_hit,7,11970,170,2304,15,95,0.2790798611111111
1,cp3a4,rabvs_hit,8,11970,170,2560,21,116,0.278125
1,cp3a4,rabvs_reliable_q90,1,11970,170,768,16,32,0.39453125
1,cp3a4,rabvs_reliable_q90,2,11970,170,1024,17,49,0.3896484375
1,cp3a4,rabvs_reliable_q90,3,11970,170,1280,5,54,0.334375
1,cp3a4,rabvs_reliable_q90,4,11970,170,1536,20,74,0.330078125
1,cp3a4,rabvs_reliable_q90,5,11970,170,1792,5,79,0.296875
1,cp3a4,rabvs_reliable_q90,6,11970,170,2048,1,80,0.2802734375
1,cp3a4,rabvs_reliable_q90,7,11970,170,2304,15,95,0.2790798611111111
1,cp3a4,rabvs_reliable_q90,8,11970,170,2560,21,116,0.278125
1,cp3a4,rabvs_reliable,1,11970,170,768,16,32,0.39453125
1,cp3a4,rabvs_reliable,2,11970,170,1024,17,49,0.3896484375
1,cp3a4,rabvs_reliable,3,11970,170,1280,5,54,0.334375
1,cp3a4,rabvs_reliable,4,11970,170,1536,20,74,0.330078125
1,cp3a4,rabvs_reliable,5,11970,170,1792,5,79,0.296875
1,cp3a4,rabvs_reliable,6,11970,170,2048,1,80,0.2802734375
1,cp3a4,rabvs_reliable,7,11970,170,2304,15,95,0.2790798611111111
1,cp3a4,rabvs_reliable,8,11970,170,2560,21,116,0.278125
2,cp3a4,greedy_surrogate,1,11970,170,768,64,80,0.3971354166666667
2,cp3a4,greedy_surrogate,2,11970,170,1024,34,114,0.380859375
2,cp3a4,greedy_surrogate,3,11970,170,1280,11,125,0.39375
2,cp3a4,greedy_surrogate,4,11970,170,1536,9,134,0.40234375
2,cp3a4,greedy_surrogate,5,11970,170,1792,9,143,0.4056919642857143
2,cp3a4,greedy_surrogate,6,11970,170,2048,4,147,0.40185546875
2,cp3a4,greedy_surrogate,7,11970,170,2304,3,150,0.4014756944444444
2,cp3a4,greedy_surrogate,8,11970,170,2560,4,154,0.403125
2,cp3a4,boba_ucb,1,11970,170,768,37,53,0.4244791666666667
2,cp3a4,boba_ucb,2,11970,170,1024,5,58,0.400390625
2,cp3a4,boba_ucb,3,11970,170,1280,25,83,0.378125
2,cp3a4,boba_ucb,4,11970,170,1536,4,87,0.388671875
2,cp3a4,boba_ucb,5,11970,170,1792,14,101,0.3939732142857143
2,cp3a4,boba_ucb,6,11970,170,2048,14,115,0.39892578125
2,cp3a4,boba_ucb,7,11970,170,2304,8,123,0.3975694444444444
2,cp3a4,boba_ucb,8,11970,170,2560,9,132,0.396875
2,cp3a4,boba_risk_final,1,11970,170,768,37,53,0.4244791666666667
2,cp3a4,boba_risk_final,2,11970,170,1024,5,58,0.400390625
2,cp3a4,boba_risk_final,3,11970,170,1280,25,83,0.378125
2,cp3a4,boba_risk_final,4,11970,170,1536,4,87,0.388671875
2,cp3a4,boba_risk_final,5,11970,170,1792,14,101,0.3939732142857143
2,cp3a4,boba_risk_final,6,11970,170,2048,14,115,0.39892578125
2,cp3a4,boba_risk_final,7,11970,170,2304,8,123,0.3975694444444444
2,cp3a4,boba_risk_final,8,11970,170,2560,9,132,0.396875
2,cp3a4,rabvs_hit,1,11970,170,768,36,52,0.40625
2,cp3a4,rabvs_hit,2,11970,170,1024,13,65,0.3623046875
2,cp3a4,rabvs_hit,3,11970,170,1280,8,73,0.325
2,cp3a4,rabvs_hit,4,11970,170,1536,3,76,0.2936197916666667
2,cp3a4,rabvs_hit,5,11970,170,1792,31,107,0.2767857142857143
2,cp3a4,rabvs_hit,6,11970,170,2048,5,112,0.267578125
2,cp3a4,rabvs_hit,7,11970,170,2304,12,124,0.2595486111111111
2,cp3a4,rabvs_hit,8,11970,170,2560,5,129,0.247265625
2,cp3a4,rabvs_reliable_q90,1,11970,170,768,36,52,0.40625
2,cp3a4,rabvs_reliable_q90,2,11970,170,1024,13,65,0.3623046875
2,cp3a4,rabvs_reliable_q90,3,11970,170,1280,8,73,0.325
2,cp3a4,rabvs_reliable_q90,4,11970,170,1536,3,76,0.2936197916666667
2,cp3a4,rabvs_reliable_q90,5,11970,170,1792,31,107,0.2767857142857143
2,cp3a4,rabvs_reliable_q90,6,11970,170,2048,5,112,0.267578125
2,cp3a4,rabvs_reliable_q90,7,11970,170,2304,12,124,0.2595486111111111
2,cp3a4,rabvs_reliable_q90,8,11970,170,2560,5,129,0.247265625
2,cp3a4,rabvs_reliable,1,11970,170,768,36,52,0.40625
2,cp3a4,rabvs_reliable,2,11970,170,1024,13,65,0.3623046875
2,cp3a4,rabvs_reliable,3,11970,170,1280,8,73,0.325
2,cp3a4,rabvs_reliable,4,11970,170,1536,3,76,0.2936197916666667
2,cp3a4,rabvs_reliable,5,11970,170,1792,31,107,0.2767857142857143
2,cp3a4,rabvs_reliable,6,11970,170,2048,5,112,0.267578125
2,cp3a4,rabvs_reliable,7,11970,170,2304,12,124,0.2595486111111111
2,cp3a4,rabvs_reliable,8,11970,170,2560,5,129,0.247265625
0,csf1r,greedy_surrogate,1,12315,166,768,129,145,0.39453125
0,csf1r,greedy_surrogate,2,12315,166,1024,12,157,0.376953125
0,csf1r,greedy_surrogate,3,12315,166,1280,3,160,0.38828125
0,csf1r,greedy_surrogate,4,12315,166,1536,1,161,0.39453125
0,csf1r,greedy_surrogate,5,12315,166,1792,1,162,0.4017857142857143
0,csf1r,greedy_surrogate,6,12315,166,2048,0,162,0.41357421875
0,csf1r,greedy_surrogate,7,12315,166,2304,1,163,0.4110243055555556
0,csf1r,greedy_surrogate,8,12315,166,2560,0,163,0.41015625
0,csf1r,boba_ucb,1,12315,166,768,119,135,0.390625
0,csf1r,boba_ucb,2,12315,166,1024,0,135,0.3857421875
0,csf1r,boba_ucb,3,12315,166,1280,0,135,0.38125
0,csf1r,boba_ucb,4,12315,166,1536,9,144,0.400390625
0,csf1r,boba_ucb,5,12315,166,1792,4,148,0.38895089285714285
0,csf1r,boba_ucb,6,12315,166,2048,1,149,0.38525390625
0,csf1r,boba_ucb,7,12315,166,2304,8,157,0.4027777777777778
0,csf1r,boba_ucb,8,12315,166,2560,0,157,0.41328125
0,csf1r,boba_risk_final,1,12315,166,768,119,135,0.390625
0,csf1r,boba_risk_final,2,12315,166,1024,0,135,0.3857421875
0,csf1r,boba_risk_final,3,12315,166,1280,0,135,0.38125
0,csf1r,boba_risk_final,4,12315,166,1536,9,144,0.400390625
0,csf1r,boba_risk_final,5,12315,166,1792,4,148,0.38895089285714285
0,csf1r,boba_risk_final,6,12315,166,2048,1,149,0.38525390625
0,csf1r,boba_risk_final,7,12315,166,2304,8,157,0.4027777777777778
0,csf1r,boba_risk_final,8,12315,166,2560,0,157,0.41328125
0,csf1r,rabvs_hit,1,12315,166,768,111,127,0.375
0,csf1r,rabvs_hit,2,12315,166,1024,9,136,0.298828125
0,csf1r,rabvs_hit,3,12315,166,1280,0,136,0.2484375
0,csf1r,rabvs_hit,4,12315,166,1536,1,137,0.22395833333333334
0,csf1r,rabvs_hit,5,12315,166,1792,1,138,0.23270089285714285
0,csf1r,rabvs_hit,6,12315,166,2048,5,143,0.2265625
0,csf1r,rabvs_hit,7,12315,166,2304,7,150,0.2183159722222222
0,csf1r,rabvs_hit,8,12315,166,2560,0,150,0.208203125
0,csf1r,rabvs_reliable_q90,1,12315,166,768,111,127,0.375
0,csf1r,rabvs_reliable_q90,2,12315,166,1024,9,136,0.298828125
0,csf1r,rabvs_reliable_q90,3,12315,166,1280,0,136,0.2484375
0,csf1r,rabvs_reliable_q90,4,12315,166,1536,1,137,0.22395833333333334
0,csf1r,rabvs_reliable_q90,5,12315,166,1792,1,138,0.23270089285714285
0,csf1r,rabvs_reliable_q90,6,12315,166,2048,5,143,0.2265625
0,csf1r,rabvs_reliable_q90,7,12315,166,2304,7,150,0.2183159722222222
0,csf1r,rabvs_reliable_q90,8,12315,166,2560,0,150,0.208203125
0,csf1r,rabvs_reliable,1,12315,166,768,111,127,0.375
0,csf1r,rabvs_reliable,2,12315,166,1024,9,136,0.298828125
0,csf1r,rabvs_reliable,3,12315,166,1280,0,136,0.2484375
0,csf1r,rabvs_reliable,4,12315,166,1536,1,137,0.22395833333333334
0,csf1r,rabvs_reliable,5,12315,166,1792,1,138,0.23270089285714285
0,csf1r,rabvs_reliable,6,12315,166,2048,5,143,0.2265625
0,csf1r,rabvs_reliable,7,12315,166,2304,7,150,0.2183159722222222
0,csf1r,rabvs_reliable,8,12315,166,2560,0,150,0.208203125
1,csf1r,greedy_surrogate,1,12315,166,768,116,132,0.3815104166666667
1,csf1r,greedy_surrogate,2,12315,166,1024,27,159,0.3896484375
1,csf1r,greedy_surrogate,3,12315,166,1280,3,162,0.40078125
1,csf1r,greedy_surrogate,4,12315,166,1536,0,162,0.4016927083333333
1,csf1r,greedy_surrogate,5,12315,166,1792,0,162,0.39955357142857145
1,csf1r,greedy_surrogate,6,12315,166,2048,0,162,0.4052734375
1,csf1r,greedy_surrogate,7,12315,166,2304,1,163,0.4118923611111111
1,csf1r,greedy_surrogate,8,12315,166,2560,0,163,0.428125
1,csf1r,boba_ucb,1,12315,166,768,111,127,0.3932291666666667
1,csf1r,boba_ucb,2,12315,166,1024,9,136,0.4111328125
1,csf1r,boba_ucb,3,12315,166,1280,0,136,0.4359375
1,csf1r,boba_ucb,4,12315,166,1536,0,136,0.4244791666666667
1,csf1r,boba_ucb,5,12315,166,1792,8,144,0.4330357142857143
1,csf1r,boba_ucb,6,12315,166,2048,0,144,0.4501953125
1,csf1r,boba_ucb,7,12315,166,2304,1,145,0.4505208333333333
1,csf1r,boba_ucb,8,12315,166,2560,2,147,0.45234375
1,csf1r,boba_risk_final,1,12315,166,768,111,127,0.3932291666666667
1,csf1r,boba_risk_final,2,12315,166,1024,9,136,0.4111328125
1,csf1r,boba_risk_final,3,12315,166,1280,0,136,0.4359375
1,csf1r,boba_risk_final,4,12315,166,1536,0,136,0.4244791666666667
1,csf1r,boba_risk_final,5,12315,166,1792,8,144,0.4330357142857143
1,csf1r,boba_risk_final,6,12315,166,2048,0,144,0.4501953125
1,csf1r,boba_risk_final,7,12315,166,2304,1,145,0.4505208333333333
1,csf1r,boba_risk_final,8,12315,166,2560,2,147,0.45234375
1,csf1r,rabvs_hit,1,12315,166,768,89,105,0.3893229166666667
1,csf1r,rabvs_hit,2,12315,166,1024,12,117,0.375
1,csf1r,rabvs_hit,3,12315,166,1280,0,117,0.3140625
1,csf1r,rabvs_hit,4,12315,166,1536,0,117,0.2838541666666667
1,csf1r,rabvs_hit,5,12315,166,1792,4,121,0.27622767857142855
1,csf1r,rabvs_hit,6,12315,166,2048,18,139,0.28369140625
1,csf1r,rabvs_hit,7,12315,166,2304,0,139,0.2543402777777778
1,csf1r,rabvs_hit,8,12315,166,2560,2,141,0.23984375
1,csf1r,rabvs_reliable_q90,1,12315,166,768,89,105,0.3893229166666667
1,csf1r,rabvs_reliable_q90,2,12315,166,1024,12,117,0.375
1,csf1r,rabvs_reliable_q90,3,12315,166,1280,0,117,0.3140625
1,csf1r,rabvs_reliable_q90,4,12315,166,1536,0,117,0.2838541666666667
1,csf1r,rabvs_reliable_q90,5,12315,166,1792,4,121,0.27622767857142855
1,csf1r,rabvs_reliable_q90,6,12315,166,2048,18,139,0.28369140625
1,csf1r,rabvs_reliable_q90,7,12315,166,2304,0,139,0.2543402777777778
1,csf1r,rabvs_reliable_q90,8,12315,166,2560,2,141,0.23984375
1,csf1r,rabvs_reliable,1,12315,166,768,89,105,0.3893229166666667
1,csf1r,rabvs_reliable,2,12315,166,1024,12,117,0.375
1,csf1r,rabvs_reliable,3,12315,166,1280,0,117,0.3140625
1,csf1r,rabvs_reliable,4,12315,166,1536,0,117,0.2838541666666667
1,csf1r,rabvs_reliable,5,12315,166,1792,4,121,0.27622767857142855
1,csf1r,rabvs_reliable,6,12315,166,2048,18,139,0.28369140625
1,csf1r,rabvs_reliable,7,12315,166,2304,0,139,0.2543402777777778
1,csf1r,rabvs_reliable,8,12315,166,2560,2,141,0.23984375
2,csf1r,greedy_surrogate,1,12315,166,768,130,146,0.3997395833333333
2,csf1r,greedy_surrogate,2,12315,166,1024,11,157,0.4091796875
2,csf1r,greedy_surrogate,3,12315,166,1280,2,159,0.41015625
2,csf1r,greedy_surrogate,4,12315,166,1536,1,160,0.4095052083333333
2,csf1r,greedy_surrogate,5,12315,166,1792,0,160,0.40457589285714285
2,csf1r,greedy_surrogate,6,12315,166,2048,2,162,0.4150390625
2,csf1r,greedy_surrogate,7,12315,166,2304,1,163,0.4184027777777778
2,csf1r,greedy_surrogate,8,12315,166,2560,0,163,0.418359375
2,csf1r,boba_ucb,1,12315,166,768,93,109,0.4153645833333333
2,csf1r,boba_ucb,2,12315,166,1024,35,144,0.4091796875
2,csf1r,boba_ucb,3,12315,166,1280,0,144,0.44296875
2,csf1r,boba_ucb,4,12315,166,1536,0,144,0.4283854166666667
2,csf1r,boba_ucb,5,12315,166,1792,8,152,0.42745535714285715
2,csf1r,boba_ucb,6,12315,166,2048,2,154,0.4384765625
2,csf1r,boba_ucb,7,12315,166,2304,2,156,0.4366319444444444
2,csf1r,boba_ucb,8,12315,166,2560,3,159,0.4375
2,csf1r,boba_risk_final,1,12315,166,768,93,109,0.4153645833333333
2,csf1r,boba_risk_final,2,12315,166,1024,35,144,0.4091796875
2,csf1r,boba_risk_final,3,12315,166,1280,0,144,0.44296875
2,csf1r,boba_risk_final,4,12315,166,1536,0,144,0.4283854166666667
2,csf1r,boba_risk_final,5,12315,166,1792,8,152,0.42745535714285715
2,csf1r,boba_risk_final,6,12315,166,2048,2,154,0.4384765625
2,csf1r,boba_risk_final,7,12315,166,2304,2,156,0.4366319444444444
2,csf1r,boba_risk_final,8,12315,166,2560,3,159,0.4375
2,csf1r,rabvs_hit,1,12315,166,768,64,80,0.3984375
2,csf1r,rabvs_hit,2,12315,166,1024,14,94,0.369140625
2,csf1r,rabvs_hit,3,12315,166,1280,0,94,0.30546875
2,csf1r,rabvs_hit,4,12315,166,1536,12,106,0.2643229166666667
2,csf1r,rabvs_hit,5,12315,166,1792,6,112,0.24832589285714285
2,csf1r,rabvs_hit,6,12315,166,2048,8,120,0.23388671875
2,csf1r,rabvs_hit,7,12315,166,2304,4,124,0.2269965277777778
2,csf1r,rabvs_hit,8,12315,166,2560,26,150,0.227734375
2,csf1r,rabvs_reliable_q90,1,12315,166,768,64,80,0.3984375
2,csf1r,rabvs_reliable_q90,2,12315,166,1024,14,94,0.369140625
2,csf1r,rabvs_reliable_q90,3,12315,166,1280,0,94,0.30546875
2,csf1r,rabvs_reliable_q90,4,12315,166,1536,12,106,0.2643229166666667
2,csf1r,rabvs_reliable_q90,5,12315,166,1792,6,112,0.24832589285714285
2,csf1r,rabvs_reliable_q90,6,12315,166,2048,8,120,0.23388671875
2,csf1r,rabvs_reliable_q90,7,12315,166,2304,4,124,0.2269965277777778
2,csf1r,rabvs_reliable_q90,8,12315,166,2560,26,150,0.227734375
2,csf1r,rabvs_reliable,1,12315,166,768,64,80,0.3984375
2,csf1r,rabvs_reliable,2,12315,166,1024,14,94,0.369140625
2,csf1r,rabvs_reliable,3,12315,166,1280,0,94,0.30546875
2,csf1r,rabvs_reliable,4,12315,166,1536,12,106,0.2643229166666667
2,csf1r,rabvs_reliable,5,12315,166,1792,6,112,0.24832589285714285
2,csf1r,rabvs_reliable,6,12315,166,2048,8,120,0.23388671875
2,csf1r,rabvs_reliable,7,12315,166,2304,4,124,0.2269965277777778
2,csf1r,rabvs_reliable,8,12315,166,2560,26,150,0.227734375
