seed,target,method,round,pool_size,active_count,queried_total,new_hits,cumulative_hits,risk_alert_rate_queried
0,aa2ar,boba_ucb,1,32032,482,384,128,136,0.4244791666666667
0,aa2ar,boba_ucb,2,32032,482,512,46,182,0.40625
0,aa2ar,boba_ucb,3,32032,482,640,14,196,0.434375
0,aa2ar,boba_ucb,4,32032,482,768,8,204,0.4153645833333333
0,aa2ar,boba_ucb,5,32032,482,896,0,204,0.47767857142857145
0,aa2ar,boba_ucb,6,32032,482,1024,6,210,0.4755859375
0,aa2ar,rabvs_budgeted_reliable,1,32032,482,384,128,136,0.4244791666666667
0,aa2ar,rabvs_budgeted_reliable,2,32032,482,512,46,182,0.40625
0,aa2ar,rabvs_budgeted_reliable,3,32032,482,640,14,196,0.434375
0,aa2ar,rabvs_budgeted_reliable,4,32032,482,768,8,204,0.4153645833333333
0,aa2ar,rabvs_budgeted_reliable,5,32032,482,896,0,204,0.47767857142857145
0,aa2ar,rabvs_budgeted_reliable,6,32032,482,1024,6,210,0.4755859375
0,aa2ar,rabvs_budgeted_no_ucb,1,32032,482,384,128,136,0.4244791666666667
0,aa2ar,rabvs_budgeted_no_ucb,2,32032,482,512,127,263,0.419921875
0,aa2ar,rabvs_budgeted_no_ucb,3,32032,482,640,56,319,0.409375
0,aa2ar,rabvs_budgeted_no_ucb,4,32032,482,768,58,377,0.3815104166666667
0,aa2ar,rabvs_budgeted_no_ucb,5,32032,482,896,26,403,0.37611607142857145
0,aa2ar,rabvs_budgeted_no_ucb,6,32032,482,1024,13,416,0.3857421875
0,abl1,boba_ucb,1,10932,182,384,97,105,0.4739583333333333
0,abl1,boba_ucb,2,10932,182,512,18,123,0.474609375
0,abl1,boba_ucb,3,10932,182,640,2,125,0.4328125
0,abl1,boba_ucb,4,10932,182,768,0,125,0.4231770833333333
0,abl1,boba_ucb,5,10932,182,896,1,126,0.41517857142857145
0,abl1,boba_ucb,6,10932,182,1024,8,134,0.4296875
0,abl1,rabvs_budgeted_reliable,1,10932,182,384,97,105,0.4739583333333333
0,abl1,rabvs_budgeted_reliable,2,10932,182,512,18,123,0.474609375
0,abl1,rabvs_budgeted_reliable,3,10932,182,640,2,125,0.4328125
0,abl1,rabvs_budgeted_reliable,4,10932,182,768,0,125,0.4231770833333333
0,abl1,rabvs_budgeted_reliable,5,10932,182,896,1,126,0.41517857142857145
0,abl1,rabvs_budgeted_reliable,6,10932,182,1024,8,134,0.4296875
0,abl1,rabvs_budgeted_no_ucb,1,10932,182,384,100,108,0.4609375
0,abl1,rabvs_budgeted_no_ucb,2,10932,182,512,33,141,0.453125
0,abl1,rabvs_budgeted_no_ucb,3,10932,182,640,17,158,0.4328125
0,abl1,rabvs_budgeted_no_ucb,4,10932,182,768,7,165,0.4583333333333333
0,abl1,rabvs_budgeted_no_ucb,5,10932,182,896,5,170,0.44308035714285715
0,abl1,rabvs_budgeted_no_ucb,6,10932,182,1024,1,171,0.4345703125
0,ace,boba_ucb,1,17182,282,384,128,136,0.5494791666666666
0,ace,boba_ucb,2,17182,282,512,3,139,0.568359375
0,ace,boba_ucb,3,17182,282,640,1,140,0.53125
0,ace,boba_ucb,4,17182,282,768,0,140,0.4908854166666667
0,ace,boba_ucb,5,17182,282,896,0,140,0.4921875
0,ace,boba_ucb,6,17182,282,1024,0,140,0.4697265625
0,ace,rabvs_budgeted_reliable,1,17182,282,384,128,136,0.5494791666666666
0,ace,rabvs_budgeted_reliable,2,17182,282,512,3,139,0.568359375
0,ace,rabvs_budgeted_reliable,3,17182,282,640,1,140,0.53125
0,ace,rabvs_budgeted_reliable,4,17182,282,768,0,140,0.4908854166666667
0,ace,rabvs_budgeted_reliable,5,17182,282,896,0,140,0.4921875
0,ace,rabvs_budgeted_reliable,6,17182,282,1024,0,140,0.4697265625
0,ace,rabvs_budgeted_no_ucb,1,17182,282,384,128,136,0.5494791666666666
0,ace,rabvs_budgeted_no_ucb,2,17182,282,512,126,262,0.603515625
0,ace,rabvs_budgeted_no_ucb,3,17182,282,640,14,276,0.5875
0,ace,rabvs_budgeted_no_ucb,4,17182,282,768,4,280,0.5846354166666666
0,ace,rabvs_budgeted_no_ucb,5,17182,282,896,0,280,0.5703125
0,ace,rabvs_budgeted_no_ucb,6,17182,282,1024,0,280,0.576171875
0,aces,boba_ucb,1,26703,453,384,128,136,0.4947916666666667
0,aces,boba_ucb,2,26703,453,512,56,192,0.53515625
0,aces,boba_ucb,3,26703,453,640,12,204,0.584375
0,aces,boba_ucb,4,26703,453,768,17,221,0.5520833333333334
0,aces,boba_ucb,5,26703,453,896,16,237,0.5602678571428571
0,aces,boba_ucb,6,26703,453,1024,5,242,0.5693359375
0,aces,rabvs_budgeted_reliable,1,26703,453,384,128,136,0.4947916666666667
0,aces,rabvs_budgeted_reliable,2,26703,453,512,56,192,0.53515625
0,aces,rabvs_budgeted_reliable,3,26703,453,640,12,204,0.584375
0,aces,rabvs_budgeted_reliable,4,26703,453,768,17,221,0.5520833333333334
0,aces,rabvs_budgeted_reliable,5,26703,453,896,16,237,0.5602678571428571
0,aces,rabvs_budgeted_reliable,6,26703,453,1024,5,242,0.5693359375
0,aces,rabvs_budgeted_no_ucb,1,26703,453,384,128,136,0.4947916666666667
0,aces,rabvs_budgeted_no_ucb,2,26703,453,512,117,253,0.537109375
0,aces,rabvs_budgeted_no_ucb,3,26703,453,640,56,309,0.56875
0,aces,rabvs_budgeted_no_ucb,4,26703,453,768,38,347,0.5989583333333334
0,aces,rabvs_budgeted_no_ucb,5,26703,453,896,15,362,0.6216517857142857
0,aces,rabvs_budgeted_no_ucb,6,26703,453,1024,7,369,0.6015625
0,ada,boba_ucb,1,5543,93,384,84,92,0.5078125
0,ada,boba_ucb,2,5543,93,512,0,92,0.486328125
0,ada,boba_ucb,3,5543,93,640,0,92,0.4890625
0,ada,boba_ucb,4,5543,93,768,0,92,0.4869791666666667
0,ada,boba_ucb,5,5543,93,896,0,92,0.4609375
0,ada,boba_ucb,6,5543,93,1024,0,92,0.482421875
0,ada,rabvs_budgeted_reliable,1,5543,93,384,84,92,0.5078125
0,ada,rabvs_budgeted_reliable,2,5543,93,512,0,92,0.486328125
0,ada,rabvs_budgeted_reliable,3,5543,93,640,0,92,0.4890625
0,ada,rabvs_budgeted_reliable,4,5543,93,768,0,92,0.4869791666666667
0,ada,rabvs_budgeted_reliable,5,5543,93,896,0,92,0.4609375
0,ada,rabvs_budgeted_reliable,6,5543,93,1024,0,92,0.482421875
0,ada,rabvs_budgeted_no_ucb,1,5543,93,384,84,92,0.4973958333333333
0,ada,rabvs_budgeted_no_ucb,2,5543,93,512,0,92,0.509765625
0,ada,rabvs_budgeted_no_ucb,3,5543,93,640,0,92,0.4953125
0,ada,rabvs_budgeted_no_ucb,4,5543,93,768,0,92,0.4947916666666667
0,ada,rabvs_budgeted_no_ucb,5,5543,93,896,0,92,0.49441964285714285
0,ada,rabvs_budgeted_no_ucb,6,5543,93,1024,0,92,0.5078125
0,ada17,boba_ucb,1,36432,532,384,128,136,0.6875
0,ada17,boba_ucb,2,36432,532,512,57,193,0.6953125
0,ada17,boba_ucb,3,36432,532,640,47,240,0.7296875
0,ada17,boba_ucb,4,36432,532,768,7,247,0.6888020833333334
0,ada17,boba_ucb,5,36432,532,896,1,248,0.6529017857142857
0,ada17,boba_ucb,6,36432,532,1024,3,251,0.658203125
0,ada17,rabvs_budgeted_reliable,1,36432,532,384,128,136,0.6875
0,ada17,rabvs_budgeted_reliable,2,36432,532,512,57,193,0.6953125
0,ada17,rabvs_budgeted_reliable,3,36432,532,640,47,240,0.7296875
0,ada17,rabvs_budgeted_reliable,4,36432,532,768,7,247,0.6888020833333334
0,ada17,rabvs_budgeted_reliable,5,36432,532,896,1,248,0.6529017857142857
0,ada17,rabvs_budgeted_reliable,6,36432,532,1024,3,251,0.658203125
0,ada17,rabvs_budgeted_no_ucb,1,36432,532,384,128,136,0.6875
0,ada17,rabvs_budgeted_no_ucb,2,36432,532,512,128,264,0.76171875
0,ada17,rabvs_budgeted_no_ucb,3,36432,532,640,110,374,0.796875
0,ada17,rabvs_budgeted_no_ucb,4,36432,532,768,40,414,0.7721354166666666
0,ada17,rabvs_budgeted_no_ucb,5,36432,532,896,43,457,0.7566964285714286
0,ada17,rabvs_budgeted_no_ucb,6,36432,532,1024,11,468,0.7001953125
0,adrb1,boba_ucb,1,16097,247,384,128,136,0.6145833333333334
0,adrb1,boba_ucb,2,16097,247,512,2,138,0.576171875
0,adrb1,boba_ucb,3,16097,247,640,4,142,0.5734375
0,adrb1,boba_ucb,4,16097,247,768,0,142,0.5729166666666666
0,adrb1,boba_ucb,5,16097,247,896,0,142,0.5502232142857143
0,adrb1,boba_ucb,6,16097,247,1024,0,142,0.53515625
0,adrb1,rabvs_budgeted_reliable,1,16097,247,384,128,136,0.6145833333333334
0,adrb1,rabvs_budgeted_reliable,2,16097,247,512,2,138,0.576171875
0,adrb1,rabvs_budgeted_reliable,3,16097,247,640,4,142,0.5734375
0,adrb1,rabvs_budgeted_reliable,4,16097,247,768,0,142,0.5729166666666666
0,adrb1,rabvs_budgeted_reliable,5,16097,247,896,0,142,0.5502232142857143
0,adrb1,rabvs_budgeted_reliable,6,16097,247,1024,0,142,0.53515625
0,adrb1,rabvs_budgeted_no_ucb,1,16097,247,384,128,136,0.6145833333333334
0,adrb1,rabvs_budgeted_no_ucb,2,16097,247,512,78,214,0.6015625
0,adrb1,rabvs_budgeted_no_ucb,3,16097,247,640,8,222,0.5953125
0,adrb1,rabvs_budgeted_no_ucb,4,16097,247,768,3,225,0.6015625
0,adrb1,rabvs_budgeted_no_ucb,5,16097,247,896,1,226,0.5814732142857143
0,adrb1,rabvs_budgeted_no_ucb,6,16097,247,1024,2,228,0.5673828125
0,adrb2,boba_ucb,1,15231,231,384,127,135,0.6197916666666666
0,adrb2,boba_ucb,2,15231,231,512,0,135,0.564453125
0,adrb2,boba_ucb,3,15231,231,640,0,135,0.546875
0,adrb2,boba_ucb,4,15231,231,768,0,135,0.5533854166666666
0,adrb2,boba_ucb,5,15231,231,896,0,135,0.5301339285714286
0,adrb2,boba_ucb,6,15231,231,1024,0,135,0.5546875
0,adrb2,rabvs_budgeted_reliable,1,15231,231,384,127,135,0.6197916666666666
0,adrb2,rabvs_budgeted_reliable,2,15231,231,512,0,135,0.564453125
0,adrb2,rabvs_budgeted_reliable,3,15231,231,640,0,135,0.546875
0,adrb2,rabvs_budgeted_reliable,4,15231,231,768,0,135,0.5533854166666666
0,adrb2,rabvs_budgeted_reliable,5,15231,231,896,0,135,0.5301339285714286
0,adrb2,rabvs_budgeted_reliable,6,15231,231,1024,0,135,0.5546875
0,adrb2,rabvs_budgeted_no_ucb,1,15231,231,384,127,135,0.6223958333333334
0,adrb2,rabvs_budgeted_no_ucb,2,15231,231,512,63,198,0.578125
0,adrb2,rabvs_budgeted_no_ucb,3,15231,231,640,4,202,0.5828125
0,adrb2,rabvs_budgeted_no_ucb,4,15231,231,768,1,203,0.5703125
0,adrb2,rabvs_budgeted_no_ucb,5,15231,231,896,0,203,0.5513392857142857
0,adrb2,rabvs_budgeted_no_ucb,6,15231,231,1024,1,204,0.546875
0,akt1,boba_ucb,1,16743,293,384,128,136,0.3151041666666667
0,akt1,boba_ucb,2,16743,293,512,13,149,0.353515625
0,akt1,boba_ucb,3,16743,293,640,0,149,0.375
0,akt1,boba_ucb,4,16743,293,768,4,153,0.3815104166666667
0,akt1,boba_ucb,5,16743,293,896,2,155,0.3549107142857143
0,akt1,boba_ucb,6,16743,293,1024,0,155,0.359375
0,akt1,rabvs_budgeted_reliable,1,16743,293,384,128,136,0.3151041666666667
0,akt1,rabvs_budgeted_reliable,2,16743,293,512,13,149,0.353515625
0,akt1,rabvs_budgeted_reliable,3,16743,293,640,0,149,0.375
0,akt1,rabvs_budgeted_reliable,4,16743,293,768,4,153,0.3815104166666667
0,akt1,rabvs_budgeted_reliable,5,16743,293,896,2,155,0.3549107142857143
0,akt1,rabvs_budgeted_reliable,6,16743,293,1024,0,155,0.359375
0,akt1,rabvs_budgeted_no_ucb,1,16743,293,384,128,136,0.3151041666666667
0,akt1,rabvs_budgeted_no_ucb,2,16743,293,512,93,229,0.306640625
0,akt1,rabvs_budgeted_no_ucb,3,16743,293,640,12,241,0.315625
0,akt1,rabvs_budgeted_no_ucb,4,16743,293,768,24,265,0.3294270833333333
0,akt1,rabvs_budgeted_no_ucb,5,16743,293,896,4,269,0.3404017857142857
0,akt1,rabvs_budgeted_no_ucb,6,16743,293,1024,3,272,0.3193359375
0,akt2,boba_ucb,1,7017,117,384,86,94,0.3723958333333333
0,akt2,boba_ucb,2,7017,117,512,13,107,0.37890625
0,akt2,boba_ucb,3,7017,117,640,0,107,0.4109375
0,akt2,boba_ucb,4,7017,117,768,0,107,0.4088541666666667
0,akt2,boba_ucb,5,7017,117,896,0,107,0.4341517857142857
0,akt2,boba_ucb,6,7017,117,1024,0,107,0.423828125
0,akt2,rabvs_budgeted_reliable,1,7017,117,384,86,94,0.3723958333333333
0,akt2,rabvs_budgeted_reliable,2,7017,117,512,13,107,0.37890625
0,akt2,rabvs_budgeted_reliable,3,7017,117,640,0,107,0.4109375
0,akt2,rabvs_budgeted_reliable,4,7017,117,768,0,107,0.4088541666666667
0,akt2,rabvs_budgeted_reliable,5,7017,117,896,0,107,0.4341517857142857
0,akt2,rabvs_budgeted_reliable,6,7017,117,1024,0,107,0.423828125
0,akt2,rabvs_budgeted_no_ucb,1,7017,117,384,87,95,0.3671875
0,akt2,rabvs_budgeted_no_ucb,2,7017,117,512,15,110,0.37890625
0,akt2,rabvs_budgeted_no_ucb,3,7017,117,640,2,112,0.4171875
0,akt2,rabvs_budgeted_no_ucb,4,7017,117,768,1,113,0.4166666666666667
0,akt2,rabvs_budgeted_no_ucb,5,7017,117,896,0,113,0.4140625
0,akt2,rabvs_budgeted_no_ucb,6,7017,117,1024,1,114,0.4287109375
0,aldr,boba_ucb,1,9159,159,384,91,99,0.5390625
0,aldr,boba_ucb,2,9159,159,512,28,127,0.494140625
0,aldr,boba_ucb,3,9159,159,640,0,127,0.540625
0,aldr,boba_ucb,4,9159,159,768,8,135,0.5377604166666666
0,aldr,boba_ucb,5,9159,159,896,5,140,0.5178571428571429
0,aldr,boba_ucb,6,9159,159,1024,0,140,0.5224609375
0,aldr,rabvs_budgeted_reliable,1,9159,159,384,91,99,0.5390625
0,aldr,rabvs_budgeted_reliable,2,9159,159,512,28,127,0.494140625
0,aldr,rabvs_budgeted_reliable,3,9159,159,640,0,127,0.540625
0,aldr,rabvs_budgeted_reliable,4,9159,159,768,8,135,0.5377604166666666
0,aldr,rabvs_budgeted_reliable,5,9159,159,896,5,140,0.5178571428571429
0,aldr,rabvs_budgeted_reliable,6,9159,159,1024,0,140,0.5224609375
0,aldr,rabvs_budgeted_no_ucb,1,9159,159,384,95,103,0.5338541666666666
0,aldr,rabvs_budgeted_no_ucb,2,9159,159,512,39,142,0.517578125
0,aldr,rabvs_budgeted_no_ucb,3,9159,159,640,11,153,0.525
0,aldr,rabvs_budgeted_no_ucb,4,9159,159,768,2,155,0.5247395833333334
0,aldr,rabvs_budgeted_no_ucb,5,9159,159,896,3,158,0.5267857142857143
0,aldr,rabvs_budgeted_no_ucb,6,9159,159,1024,0,158,0.5234375
0,ampc,boba_ucb,1,2898,48,384,22,30,0.4921875
0,ampc,boba_ucb,2,2898,48,512,0,30,0.455078125
0,ampc,boba_ucb,3,2898,48,640,0,30,0.496875
0,ampc,boba_ucb,4,2898,48,768,1,31,0.5286458333333334
0,ampc,boba_ucb,5,2898,48,896,7,38,0.5256696428571429
0,ampc,boba_ucb,6,2898,48,1024,6,44,0.513671875
0,ampc,rabvs_budgeted_reliable,1,2898,48,384,22,30,0.4921875
0,ampc,rabvs_budgeted_reliable,2,2898,48,512,0,30,0.455078125
0,ampc,rabvs_budgeted_reliable,3,2898,48,640,0,30,0.496875
0,ampc,rabvs_budgeted_reliable,4,2898,48,768,1,31,0.5286458333333334
0,ampc,rabvs_budgeted_reliable,5,2898,48,896,7,38,0.5256696428571429
0,ampc,rabvs_budgeted_reliable,6,2898,48,1024,6,44,0.513671875
0,ampc,rabvs_budgeted_no_ucb,1,2898,48,384,28,36,0.4895833333333333
0,ampc,rabvs_budgeted_no_ucb,2,2898,48,512,4,40,0.47265625
0,ampc,rabvs_budgeted_no_ucb,3,2898,48,640,1,41,0.4875
0,ampc,rabvs_budgeted_no_ucb,4,2898,48,768,2,43,0.484375
0,ampc,rabvs_budgeted_no_ucb,5,2898,48,896,0,43,0.5011160714285714
0,ampc,rabvs_budgeted_no_ucb,6,2898,48,1024,1,44,0.5068359375
0,andr,boba_ucb,1,14619,269,384,99,107,0.4192708333333333
0,andr,boba_ucb,2,14619,269,512,7,114,0.45703125
0,andr,boba_ucb,3,14619,269,640,17,131,0.50625
0,andr,boba_ucb,4,14619,269,768,3,134,0.5091145833333334
0,andr,boba_ucb,5,14619,269,896,2,136,0.5066964285714286
0,andr,boba_ucb,6,14619,269,1024,4,140,0.51171875
0,andr,rabvs_budgeted_reliable,1,14619,269,384,99,107,0.4192708333333333
0,andr,rabvs_budgeted_reliable,2,14619,269,512,7,114,0.45703125
0,andr,rabvs_budgeted_reliable,3,14619,269,640,17,131,0.50625
0,andr,rabvs_budgeted_reliable,4,14619,269,768,3,134,0.5091145833333334
0,andr,rabvs_budgeted_reliable,5,14619,269,896,2,136,0.5066964285714286
0,andr,rabvs_budgeted_reliable,6,14619,269,1024,4,140,0.51171875
0,andr,rabvs_budgeted_no_ucb,1,14619,269,384,112,120,0.4348958333333333
0,andr,rabvs_budgeted_no_ucb,2,14619,269,512,66,186,0.427734375
0,andr,rabvs_budgeted_no_ucb,3,14619,269,640,14,200,0.453125
0,andr,rabvs_budgeted_no_ucb,4,14619,269,768,14,214,0.4895833333333333
0,andr,rabvs_budgeted_no_ucb,5,14619,269,896,3,217,0.49888392857142855
0,andr,rabvs_budgeted_no_ucb,6,14619,269,1024,5,222,0.5048828125
0,aofb,boba_ucb,1,7022,122,384,57,65,0.4166666666666667
0,aofb,boba_ucb,2,7022,122,512,10,75,0.421875
0,aofb,boba_ucb,3,7022,122,640,5,80,0.40625
0,aofb,boba_ucb,4,7022,122,768,1,81,0.3932291666666667
0,aofb,boba_ucb,5,7022,122,896,3,84,0.41183035714285715
0,aofb,boba_ucb,6,7022,122,1024,0,84,0.419921875
0,aofb,rabvs_budgeted_reliable,1,7022,122,384,57,65,0.4166666666666667
0,aofb,rabvs_budgeted_reliable,2,7022,122,512,10,75,0.421875
0,aofb,rabvs_budgeted_reliable,3,7022,122,640,5,80,0.40625
0,aofb,rabvs_budgeted_reliable,4,7022,122,768,1,81,0.3932291666666667
0,aofb,rabvs_budgeted_reliable,5,7022,122,896,3,84,0.41183035714285715
0,aofb,rabvs_budgeted_reliable,6,7022,122,1024,0,84,0.419921875
0,aofb,rabvs_budgeted_no_ucb,1,7022,122,384,57,65,0.4166666666666667
0,aofb,rabvs_budgeted_no_ucb,2,7022,122,512,12,77,0.390625
0,aofb,rabvs_budgeted_no_ucb,3,7022,122,640,10,87,0.4203125
0,aofb,rabvs_budgeted_no_ucb,4,7022,122,768,9,96,0.4244791666666667
0,aofb,rabvs_budgeted_no_ucb,5,7022,122,896,2,98,0.4174107142857143
0,aofb,rabvs_budgeted_no_ucb,6,7022,122,1024,5,103,0.4326171875
0,bace1,boba_ucb,1,18383,283,384,127,135,0.3567708333333333
0,bace1,boba_ucb,2,18383,283,512,43,178,0.37109375
0,bace1,boba_ucb,3,18383,283,640,2,180,0.403125
0,bace1,boba_ucb,4,18383,283,768,7,187,0.40234375
0,bace1,boba_ucb,5,18383,283,896,0,187,0.41629464285714285
0,bace1,boba_ucb,6,18383,283,1024,0,187,0.4287109375
0,bace1,rabvs_budgeted_reliable,1,18383,283,384,127,135,0.3567708333333333
0,bace1,rabvs_budgeted_reliable,2,18383,283,512,43,178,0.37109375
0,bace1,rabvs_budgeted_reliable,3,18383,283,640,2,180,0.403125
0,bace1,rabvs_budgeted_reliable,4,18383,283,768,7,187,0.40234375
0,bace1,rabvs_budgeted_reliable,5,18383,283,896,0,187,0.41629464285714285
0,bace1,rabvs_budgeted_reliable,6,18383,283,1024,0,187,0.4287109375
0,bace1,rabvs_budgeted_no_ucb,1,18383,283,384,127,135,0.359375
0,bace1,rabvs_budgeted_no_ucb,2,18383,283,512,78,213,0.32421875
0,bace1,rabvs_budgeted_no_ucb,3,18383,283,640,21,234,0.3328125
0,bace1,rabvs_budgeted_no_ucb,4,18383,283,768,20,254,0.3515625
0,bace1,rabvs_budgeted_no_ucb,5,18383,283,896,11,265,0.3872767857142857
0,bace1,rabvs_budgeted_no_ucb,6,18383,283,1024,4,269,0.3994140625
0,braf,boba_ucb,1,10102,152,384,125,133,0.3828125
0,braf,boba_ucb,2,10102,152,512,1,134,0.38671875
0,braf,boba_ucb,3,10102,152,640,1,135,0.41875
0,braf,boba_ucb,4,10102,152,768,0,135,0.4166666666666667
0,braf,boba_ucb,5,10102,152,896,0,135,0.43861607142857145
0,braf,boba_ucb,6,10102,152,1024,0,135,0.4541015625
0,braf,rabvs_budgeted_reliable,1,10102,152,384,125,133,0.3828125
0,braf,rabvs_budgeted_reliable,2,10102,152,512,1,134,0.38671875
0,braf,rabvs_budgeted_reliable,3,10102,152,640,1,135,0.41875
0,braf,rabvs_budgeted_reliable,4,10102,152,768,0,135,0.4166666666666667
0,braf,rabvs_budgeted_reliable,5,10102,152,896,0,135,0.43861607142857145
0,braf,rabvs_budgeted_reliable,6,10102,152,1024,0,135,0.4541015625
0,braf,rabvs_budgeted_no_ucb,1,10102,152,384,125,133,0.3828125
0,braf,rabvs_budgeted_no_ucb,2,10102,152,512,12,145,0.390625
0,braf,rabvs_budgeted_no_ucb,3,10102,152,640,2,147,0.3875
0,braf,rabvs_budgeted_no_ucb,4,10102,152,768,1,148,0.3893229166666667
0,braf,rabvs_budgeted_no_ucb,5,10102,152,896,1,149,0.40736607142857145
0,braf,rabvs_budgeted_no_ucb,6,10102,152,1024,0,149,0.4189453125
0,cah2,boba_ucb,1,31664,492,384,128,136,0.53125
0,cah2,boba_ucb,2,31664,492,512,34,170,0.52734375
0,cah2,boba_ucb,3,31664,492,640,17,187,0.5328125
0,cah2,boba_ucb,4,31664,492,768,1,188,0.5208333333333334
0,cah2,boba_ucb,5,31664,492,896,0,188,0.49776785714285715
0,cah2,boba_ucb,6,31664,492,1024,0,188,0.4990234375
0,cah2,rabvs_budgeted_reliable,1,31664,492,384,128,136,0.53125
0,cah2,rabvs_budgeted_reliable,2,31664,492,512,34,170,0.52734375
0,cah2,rabvs_budgeted_reliable,3,31664,492,640,17,187,0.5328125
0,cah2,rabvs_budgeted_reliable,4,31664,492,768,1,188,0.5208333333333334
0,cah2,rabvs_budgeted_reliable,5,31664,492,896,0,188,0.49776785714285715
0,cah2,rabvs_budgeted_reliable,6,31664,492,1024,0,188,0.4990234375
0,cah2,rabvs_budgeted_no_ucb,1,31664,492,384,128,136,0.5286458333333334
0,cah2,rabvs_budgeted_no_ucb,2,31664,492,512,128,264,0.591796875
0,cah2,rabvs_budgeted_no_ucb,3,31664,492,640,124,388,0.5671875
0,cah2,rabvs_budgeted_no_ucb,4,31664,492,768,62,450,0.5625
0,cah2,rabvs_budgeted_no_ucb,5,31664,492,896,26,476,0.5870535714285714
0,cah2,rabvs_budgeted_no_ucb,6,31664,492,1024,10,486,0.591796875
0,casp3,boba_ucb,1,10899,199,384,118,126,0.4921875
0,casp3,boba_ucb,2,10899,199,512,4,130,0.53125
0,casp3,boba_ucb,3,10899,199,640,4,134,0.5203125
0,casp3,boba_ucb,4,10899,199,768,0,134,0.5
0,casp3,boba_ucb,5,10899,199,896,0,134,0.5022321428571429
0,casp3,boba_ucb,6,10899,199,1024,1,135,0.494140625
0,casp3,rabvs_budgeted_reliable,1,10899,199,384,118,126,0.4921875
0,casp3,rabvs_budgeted_reliable,2,10899,199,512,4,130,0.53125
0,casp3,rabvs_budgeted_reliable,3,10899,199,640,4,134,0.5203125
0,casp3,rabvs_budgeted_reliable,4,10899,199,768,0,134,0.5
0,casp3,rabvs_budgeted_reliable,5,10899,199,896,0,134,0.5022321428571429
0,casp3,rabvs_budgeted_reliable,6,10899,199,1024,1,135,0.494140625
0,casp3,rabvs_budgeted_no_ucb,1,10899,199,384,118,126,0.4973958333333333
0,casp3,rabvs_budgeted_no_ucb,2,10899,199,512,57,183,0.482421875
0,casp3,rabvs_budgeted_no_ucb,3,10899,199,640,9,192,0.490625
0,casp3,rabvs_budgeted_no_ucb,4,10899,199,768,3,195,0.4817708333333333
0,casp3,rabvs_budgeted_no_ucb,5,10899,199,896,0,195,0.5
0,casp3,rabvs_budgeted_no_ucb,6,10899,199,1024,0,195,0.474609375
0,cdk2,boba_ucb,1,28324,474,384,88,96,0.3958333333333333
0,cdk2,boba_ucb,2,28324,474,512,20,116,0.45703125
0,cdk2,boba_ucb,3,28324,474,640,23,139,0.45
0,cdk2,boba_ucb,4,28324,474,768,6,145,0.4505208333333333
0,cdk2,boba_ucb,5,28324,474,896,5,150,0.46763392857142855
0,cdk2,boba_ucb,6,28324,474,1024,25,175,0.4638671875
0,cdk2,rabvs_budgeted_reliable,1,28324,474,384,88,96,0.3958333333333333
0,cdk2,rabvs_budgeted_reliable,2,28324,474,512,20,116,0.45703125
0,cdk2,rabvs_budgeted_reliable,3,28324,474,640,23,139,0.45
0,cdk2,rabvs_budgeted_reliable,4,28324,474,768,6,145,0.4505208333333333
0,cdk2,rabvs_budgeted_reliable,5,28324,474,896,5,150,0.46763392857142855
0,cdk2,rabvs_budgeted_reliable,6,28324,474,1024,25,175,0.4638671875
0,cdk2,rabvs_budgeted_no_ucb,1,28324,474,384,85,93,0.4088541666666667
0,cdk2,rabvs_budgeted_no_ucb,2,28324,474,512,82,175,0.41796875
0,cdk2,rabvs_budgeted_no_ucb,3,28324,474,640,59,234,0.4109375
0,cdk2,rabvs_budgeted_no_ucb,4,28324,474,768,43,277,0.3802083333333333
0,cdk2,rabvs_budgeted_no_ucb,5,28324,474,896,17,294,0.42857142857142855
0,cdk2,rabvs_budgeted_no_ucb,6,28324,474,1024,15,309,0.44140625
0,comt,boba_ucb,1,3891,41,384,30,38,0.6015625
0,comt,boba_ucb,2,3891,41,512,0,38,0.587890625
0,comt,boba_ucb,3,3891,41,640,0,38,0.5640625
0,comt,boba_ucb,4,3891,41,768,0,38,0.5091145833333334
0,comt,boba_ucb,5,3891,41,896,0,38,0.4877232142857143
0,comt,boba_ucb,6,3891,41,1024,0,38,0.4833984375
0,comt,rabvs_budgeted_reliable,1,3891,41,384,30,38,0.6015625
0,comt,rabvs_budgeted_reliable,2,3891,41,512,0,38,0.587890625
0,comt,rabvs_budgeted_reliable,3,3891,41,640,0,38,0.5640625
0,comt,rabvs_budgeted_reliable,4,3891,41,768,0,38,0.5091145833333334
0,comt,rabvs_budgeted_reliable,5,3891,41,896,0,38,0.4877232142857143
0,comt,rabvs_budgeted_reliable,6,3891,41,1024,0,38,0.4833984375
0,comt,rabvs_budgeted_no_ucb,1,3891,41,384,33,41,0.6015625
0,comt,rabvs_budgeted_no_ucb,2,3891,41,512,0,41,0.578125
0,comt,rabvs_budgeted_no_ucb,3,3891,41,640,0,41,0.5875
0,comt,rabvs_budgeted_no_ucb,4,3891,41,768,0,41,0.5677083333333334
0,comt,rabvs_budgeted_no_ucb,5,3891,41,896,0,41,0.5580357142857143
0,comt,rabvs_budgeted_no_ucb,6,3891,41,1024,0,41,0.5322265625
0,cp2c9,boba_ucb,1,7570,120,384,40,48,0.4427083333333333
0,cp2c9,boba_ucb,2,7570,120,512,4,52,0.439453125
0,cp2c9,boba_ucb,3,7570,120,640,2,54,0.459375
0,cp2c9,boba_ucb,4,7570,120,768,16,70,0.4453125
0,cp2c9,boba_ucb,5,7570,120,896,0,70,0.453125
0,cp2c9,boba_ucb,6,7570,120,1024,4,74,0.4560546875
0,cp2c9,rabvs_budgeted_reliable,1,7570,120,384,40,48,0.4427083333333333
0,cp2c9,rabvs_budgeted_reliable,2,7570,120,512,4,52,0.439453125
0,cp2c9,rabvs_budgeted_reliable,3,7570,120,640,2,54,0.459375
0,cp2c9,rabvs_budgeted_reliable,4,7570,120,768,16,70,0.4453125
0,cp2c9,rabvs_budgeted_reliable,5,7570,120,896,0,70,0.453125
0,cp2c9,rabvs_budgeted_reliable,6,7570,120,1024,4,74,0.4560546875
0,cp2c9,rabvs_budgeted_no_ucb,1,7570,120,384,41,49,0.421875
0,cp2c9,rabvs_budgeted_no_ucb,2,7570,120,512,11,60,0.435546875
0,cp2c9,rabvs_budgeted_no_ucb,3,7570,120,640,16,76,0.440625
0,cp2c9,rabvs_budgeted_no_ucb,4,7570,120,768,6,82,0.4544270833333333
0,cp2c9,rabvs_budgeted_no_ucb,5,7570,120,896,7,89,0.4453125
0,cp2c9,rabvs_budgeted_no_ucb,6,7570,120,1024,3,92,0.4736328125
0,cp3a4,boba_ucb,1,11970,170,384,27,35,0.4036458333333333
0,cp3a4,boba_ucb,2,11970,170,512,28,63,0.353515625
0,cp3a4,boba_ucb,3,11970,170,640,7,70,0.3453125
0,cp3a4,boba_ucb,4,11970,170,768,5,75,0.3528645833333333
0,cp3a4,boba_ucb,5,11970,170,896,1,76,0.38058035714285715
0,cp3a4,boba_ucb,6,11970,170,1024,2,78,0.3984375
0,cp3a4,rabvs_budgeted_reliable,1,11970,170,384,27,35,0.4036458333333333
0,cp3a4,rabvs_budgeted_reliable,2,11970,170,512,28,63,0.353515625
0,cp3a4,rabvs_budgeted_reliable,3,11970,170,640,7,70,0.3453125
0,cp3a4,rabvs_budgeted_reliable,4,11970,170,768,5,75,0.3528645833333333
0,cp3a4,rabvs_budgeted_reliable,5,11970,170,896,1,76,0.38058035714285715
0,cp3a4,rabvs_budgeted_reliable,6,11970,170,1024,2,78,0.3984375
0,cp3a4,rabvs_budgeted_no_ucb,1,11970,170,384,42,50,0.3645833333333333
0,cp3a4,rabvs_budgeted_no_ucb,2,11970,170,512,22,72,0.330078125
0,cp3a4,rabvs_budgeted_no_ucb,3,11970,170,640,23,95,0.3234375
0,cp3a4,rabvs_budgeted_no_ucb,4,11970,170,768,14,109,0.3385416666666667
0,cp3a4,rabvs_budgeted_no_ucb,5,11970,170,896,3,112,0.32924107142857145
0,cp3a4,rabvs_budgeted_no_ucb,6,11970,170,1024,7,119,0.32421875
0,csf1r,boba_ucb,1,12315,166,384,106,114,0.4036458333333333
0,csf1r,boba_ucb,2,12315,166,512,8,122,0.384765625
0,csf1r,boba_ucb,3,12315,166,640,6,128,0.4296875
0,csf1r,boba_ucb,4,12315,166,768,0,128,0.3997395833333333
0,csf1r,boba_ucb,5,12315,166,896,0,128,0.4330357142857143
0,csf1r,boba_ucb,6,12315,166,1024,1,129,0.4169921875
0,csf1r,rabvs_budgeted_reliable,1,12315,166,384,106,114,0.4036458333333333
0,csf1r,rabvs_budgeted_reliable,2,12315,166,512,8,122,0.384765625
0,csf1r,rabvs_budgeted_reliable,3,12315,166,640,6,128,0.4296875
0,csf1r,rabvs_budgeted_reliable,4,12315,166,768,0,128,0.3997395833333333
0,csf1r,rabvs_budgeted_reliable,5,12315,166,896,0,128,0.4330357142857143
0,csf1r,rabvs_budgeted_reliable,6,12315,166,1024,1,129,0.4169921875
0,csf1r,rabvs_budgeted_no_ucb,1,12315,166,384,110,118,0.4114583333333333
0,csf1r,rabvs_budgeted_no_ucb,2,12315,166,512,24,142,0.390625
0,csf1r,rabvs_budgeted_no_ucb,3,12315,166,640,6,148,0.4265625
0,csf1r,rabvs_budgeted_no_ucb,4,12315,166,768,3,151,0.4401041666666667
0,csf1r,rabvs_budgeted_no_ucb,5,12315,166,896,3,154,0.42075892857142855
0,csf1r,rabvs_budgeted_no_ucb,6,12315,166,1024,5,159,0.4033203125
0,cxcr4,boba_ucb,1,3446,40,384,30,38,0.3098958333333333
0,cxcr4,boba_ucb,2,3446,40,512,0,38,0.34765625
0,cxcr4,boba_ucb,3,3446,40,640,0,38,0.3671875
0,cxcr4,boba_ucb,4,3446,40,768,2,40,0.37890625
0,cxcr4,boba_ucb,5,3446,40,896,0,40,0.359375
0,cxcr4,boba_ucb,6,3446,40,1024,0,40,0.3623046875
0,cxcr4,rabvs_budgeted_reliable,1,3446,40,384,30,38,0.3098958333333333
0,cxcr4,rabvs_budgeted_reliable,2,3446,40,512,0,38,0.34765625
0,cxcr4,rabvs_budgeted_reliable,3,3446,40,640,0,38,0.3671875
0,cxcr4,rabvs_budgeted_reliable,4,3446,40,768,2,40,0.37890625
0,cxcr4,rabvs_budgeted_reliable,5,3446,40,896,0,40,0.359375
0,cxcr4,rabvs_budgeted_reliable,6,3446,40,1024,0,40,0.3623046875
0,cxcr4,rabvs_budgeted_no_ucb,1,3446,40,384,31,39,0.328125
0,cxcr4,rabvs_budgeted_no_ucb,2,3446,40,512,1,40,0.349609375
0,cxcr4,rabvs_budgeted_no_ucb,3,3446,40,640,0,40,0.340625
0,cxcr4,rabvs_budgeted_no_ucb,4,3446,40,768,0,40,0.3255208333333333
0,cxcr4,rabvs_budgeted_no_ucb,5,3446,40,896,0,40,0.33035714285714285
0,cxcr4,rabvs_budgeted_no_ucb,6,3446,40,1024,0,40,0.322265625
0,def,boba_ucb,1,5802,102,384,82,90,0.6380208333333334
0,def,boba_ucb,2,5802,102,512,1,91,0.59375
0,def,boba_ucb,3,5802,102,640,0,91,0.565625
0,def,boba_ucb,4,5802,102,768,0,91,0.5520833333333334
0,def,boba_ucb,5,5802,102,896,0,91,0.5345982142857143
0,def,boba_ucb,6,5802,102,1024,0,91,0.5361328125
0,def,rabvs_budgeted_reliable,1,5802,102,384,82,90,0.6380208333333334
0,def,rabvs_budgeted_reliable,2,5802,102,512,1,91,0.59375
0,def,rabvs_budgeted_reliable,3,5802,102,640,0,91,0.565625
0,def,rabvs_budgeted_reliable,4,5802,102,768,0,91,0.5520833333333334
0,def,rabvs_budgeted_reliable,5,5802,102,896,0,91,0.5345982142857143
0,def,rabvs_budgeted_reliable,6,5802,102,1024,0,91,0.5361328125
0,def,rabvs_budgeted_no_ucb,1,5802,102,384,84,92,0.6328125
0,def,rabvs_budgeted_no_ucb,2,5802,102,512,8,100,0.6484375
0,def,rabvs_budgeted_no_ucb,3,5802,102,640,1,101,0.609375
0,def,rabvs_budgeted_no_ucb,4,5802,102,768,1,102,0.5690104166666666
0,def,rabvs_budgeted_no_ucb,5,5802,102,896,0,102,0.5591517857142857
0,def,rabvs_budgeted_no_ucb,6,5802,102,1024,0,102,0.541015625
0,dhi1,boba_ucb,1,19680,330,384,71,79,0.3958333333333333
0,dhi1,boba_ucb,2,19680,330,512,32,111,0.365234375
0,dhi1,boba_ucb,3,19680,330,640,39,150,0.365625
0,dhi1,boba_ucb,4,19680,330,768,18,168,0.3502604166666667
0,dhi1,boba_ucb,5,19680,330,896,9,177,0.34598214285714285
0,dhi1,boba_ucb,6,19680,330,1024,3,180,0.35546875
0,dhi1,rabvs_budgeted_reliable,1,19680,330,384,71,79,0.3958333333333333
0,dhi1,rabvs_budgeted_reliable,2,19680,330,512,32,111,0.365234375
0,dhi1,rabvs_budgeted_reliable,3,19680,330,640,39,150,0.365625
0,dhi1,rabvs_budgeted_reliable,4,19680,330,768,18,168,0.3502604166666667
0,dhi1,rabvs_budgeted_reliable,5,19680,330,896,9,177,0.34598214285714285
0,dhi1,rabvs_budgeted_reliable,6,19680,330,1024,3,180,0.35546875
0,dhi1,rabvs_budgeted_no_ucb,1,19680,330,384,87,95,0.3723958333333333
0,dhi1,rabvs_budgeted_no_ucb,2,19680,330,512,64,159,0.322265625
0,dhi1,rabvs_budgeted_no_ucb,3,19680,330,640,45,204,0.3078125
0,dhi1,rabvs_budgeted_no_ucb,4,19680,330,768,28,232,0.3268229166666667
0,dhi1,rabvs_budgeted_no_ucb,5,19680,330,896,12,244,0.3314732142857143
0,dhi1,rabvs_budgeted_no_ucb,6,19680,330,1024,12,256,0.3505859375
0,dpp4,boba_ucb,1,41482,533,384,128,136,0.4973958333333333
0,dpp4,boba_ucb,2,41482,533,512,90,226,0.4375
0,dpp4,boba_ucb,3,41482,533,640,7,233,0.4125
0,dpp4,boba_ucb,4,41482,533,768,8,241,0.4010416666666667
0,dpp4,boba_ucb,5,41482,533,896,6,247,0.38839285714285715
0,dpp4,boba_ucb,6,41482,533,1024,4,251,0.3876953125
0,dpp4,rabvs_budgeted_reliable,1,41482,533,384,128,136,0.4973958333333333
0,dpp4,rabvs_budgeted_reliable,2,41482,533,512,90,226,0.4375
0,dpp4,rabvs_budgeted_reliable,3,41482,533,640,7,233,0.4125
0,dpp4,rabvs_budgeted_reliable,4,41482,533,768,8,241,0.4010416666666667
0,dpp4,rabvs_budgeted_reliable,5,41482,533,896,6,247,0.38839285714285715
0,dpp4,rabvs_budgeted_reliable,6,41482,533,1024,4,251,0.3876953125
0,dpp4,rabvs_budgeted_no_ucb,1,41482,533,384,128,136,0.4973958333333333
0,dpp4,rabvs_budgeted_no_ucb,2,41482,533,512,113,249,0.4609375
0,dpp4,rabvs_budgeted_no_ucb,3,41482,533,640,120,369,0.3953125
0,dpp4,rabvs_budgeted_no_ucb,4,41482,533,768,63,432,0.3606770833333333
0,dpp4,rabvs_budgeted_no_ucb,5,41482,533,896,21,453,0.36495535714285715
0,dpp4,rabvs_budgeted_no_ucb,6,41482,533,1024,13,466,0.3662109375
0,drd3,boba_ucb,1,34530,480,384,128,136,0.5208333333333334
0,drd3,boba_ucb,2,34530,480,512,47,183,0.498046875
0,drd3,boba_ucb,3,34530,480,640,13,196,0.434375
0,drd3,boba_ucb,4,34530,480,768,32,228,0.4309895833333333
0,drd3,boba_ucb,5,34530,480,896,2,230,0.45200892857142855
0,drd3,boba_ucb,6,34530,480,1024,2,232,0.423828125
0,drd3,rabvs_budgeted_reliable,1,34530,480,384,128,136,0.5208333333333334
0,drd3,rabvs_budgeted_reliable,2,34530,480,512,47,183,0.498046875
0,drd3,rabvs_budgeted_reliable,3,34530,480,640,13,196,0.434375
0,drd3,rabvs_budgeted_reliable,4,34530,480,768,32,228,0.4309895833333333
0,drd3,rabvs_budgeted_reliable,5,34530,480,896,2,230,0.45200892857142855
0,drd3,rabvs_budgeted_reliable,6,34530,480,1024,2,232,0.423828125
0,drd3,rabvs_budgeted_no_ucb,1,34530,480,384,128,136,0.515625
0,drd3,rabvs_budgeted_no_ucb,2,34530,480,512,127,263,0.50390625
0,drd3,rabvs_budgeted_no_ucb,3,34530,480,640,80,343,0.4953125
0,drd3,rabvs_budgeted_no_ucb,4,34530,480,768,49,392,0.4700520833333333
0,drd3,rabvs_budgeted_no_ucb,5,34530,480,896,18,410,0.4419642857142857
0,drd3,rabvs_budgeted_no_ucb,6,34530,480,1024,11,421,0.4384765625
0,dyr,boba_ucb,1,17431,231,384,128,136,0.3802083333333333
0,dyr,boba_ucb,2,17431,231,512,19,155,0.40625
0,dyr,boba_ucb,3,17431,231,640,4,159,0.475
0,dyr,boba_ucb,4,17431,231,768,0,159,0.4947916666666667
0,dyr,boba_ucb,5,17431,231,896,1,160,0.5078125
0,dyr,boba_ucb,6,17431,231,1024,0,160,0.53515625
0,dyr,rabvs_budgeted_reliable,1,17431,231,384,128,136,0.3802083333333333
0,dyr,rabvs_budgeted_reliable,2,17431,231,512,19,155,0.40625
0,dyr,rabvs_budgeted_reliable,3,17431,231,640,4,159,0.475
0,dyr,rabvs_budgeted_reliable,4,17431,231,768,0,159,0.4947916666666667
0,dyr,rabvs_budgeted_reliable,5,17431,231,896,1,160,0.5078125
0,dyr,rabvs_budgeted_reliable,6,17431,231,1024,0,160,0.53515625
0,dyr,rabvs_budgeted_no_ucb,1,17431,231,384,128,136,0.3802083333333333
0,dyr,rabvs_budgeted_no_ucb,2,17431,231,512,67,203,0.39453125
0,dyr,rabvs_budgeted_no_ucb,3,17431,231,640,17,220,0.4546875
0,dyr,rabvs_budgeted_no_ucb,4,17431,231,768,4,224,0.5078125
0,dyr,rabvs_budgeted_no_ucb,5,17431,231,896,3,227,0.4877232142857143
0,dyr,rabvs_budgeted_no_ucb,6,17431,231,1024,0,227,0.4951171875
0,egfr,boba_ucb,1,35592,542,384,128,136,0.4583333333333333
0,egfr,boba_ucb,2,35592,542,512,44,180,0.455078125
0,egfr,boba_ucb,3,35592,542,640,12,192,0.45625
0,egfr,boba_ucb,4,35592,542,768,5,197,0.4661458333333333
0,egfr,boba_ucb,5,35592,542,896,0,197,0.49888392857142855
0,egfr,boba_ucb,6,35592,542,1024,3,200,0.4921875
0,egfr,rabvs_budgeted_reliable,1,35592,542,384,128,136,0.4583333333333333
0,egfr,rabvs_budgeted_reliable,2,35592,542,512,44,180,0.455078125
0,egfr,rabvs_budgeted_reliable,3,35592,542,640,12,192,0.45625
0,egfr,rabvs_budgeted_reliable,4,35592,542,768,5,197,0.4661458333333333
0,egfr,rabvs_budgeted_reliable,5,35592,542,896,0,197,0.49888392857142855
0,egfr,rabvs_budgeted_reliable,6,35592,542,1024,3,200,0.4921875
0,egfr,rabvs_budgeted_no_ucb,1,35592,542,384,128,136,0.4583333333333333
0,egfr,rabvs_budgeted_no_ucb,2,35592,542,512,128,264,0.462890625
0,egfr,rabvs_budgeted_no_ucb,3,35592,542,640,128,392,0.46875
0,egfr,rabvs_budgeted_no_ucb,4,35592,542,768,67,459,0.4401041666666667
0,egfr,rabvs_budgeted_no_ucb,5,35592,542,896,24,483,0.45089285714285715
0,egfr,rabvs_budgeted_no_ucb,6,35592,542,1024,8,491,0.4775390625
0,esr1,boba_ucb,1,21068,383,384,128,136,0.3723958333333333
0,esr1,boba_ucb,2,21068,383,512,125,261,0.373046875
0,esr1,boba_ucb,3,21068,383,640,10,271,0.415625
0,esr1,boba_ucb,4,21068,383,768,1,272,0.4596354166666667
0,esr1,boba_ucb,5,21068,383,896,0,272,0.47544642857142855
0,esr1,boba_ucb,6,21068,383,1024,1,273,0.4765625
0,esr1,rabvs_budgeted_reliable,1,21068,383,384,128,136,0.3723958333333333
0,esr1,rabvs_budgeted_reliable,2,21068,383,512,125,261,0.373046875
0,esr1,rabvs_budgeted_reliable,3,21068,383,640,10,271,0.415625
0,esr1,rabvs_budgeted_reliable,4,21068,383,768,1,272,0.4596354166666667
0,esr1,rabvs_budgeted_reliable,5,21068,383,896,0,272,0.47544642857142855
0,esr1,rabvs_budgeted_reliable,6,21068,383,1024,1,273,0.4765625
0,esr1,rabvs_budgeted_no_ucb,1,21068,383,384,128,136,0.3723958333333333
0,esr1,rabvs_budgeted_no_ucb,2,21068,383,512,128,264,0.37109375
0,esr1,rabvs_budgeted_no_ucb,3,21068,383,640,83,347,0.3734375
0,esr1,rabvs_budgeted_no_ucb,4,21068,383,768,15,362,0.41796875
0,esr1,rabvs_budgeted_no_ucb,5,21068,383,896,5,367,0.41629464285714285
0,esr1,rabvs_budgeted_no_ucb,6,21068,383,1024,1,368,0.4375
0,esr2,boba_ucb,1,20566,367,384,128,136,0.3255208333333333
0,esr2,boba_ucb,2,20566,367,512,124,260,0.341796875
0,esr2,boba_ucb,3,20566,367,640,27,287,0.4109375
0,esr2,boba_ucb,4,20566,367,768,3,290,0.43359375
0,esr2,boba_ucb,5,20566,367,896,0,290,0.4575892857142857
0,esr2,boba_ucb,6,20566,367,1024,0,290,0.4697265625
0,esr2,rabvs_budgeted_reliable,1,20566,367,384,128,136,0.3255208333333333
0,esr2,rabvs_budgeted_reliable,2,20566,367,512,124,260,0.341796875
0,esr2,rabvs_budgeted_reliable,3,20566,367,640,27,287,0.4109375
0,esr2,rabvs_budgeted_reliable,4,20566,367,768,3,290,0.43359375
0,esr2,rabvs_budgeted_reliable,5,20566,367,896,0,290,0.4575892857142857
0,esr2,rabvs_budgeted_reliable,6,20566,367,1024,0,290,0.4697265625
0,esr2,rabvs_budgeted_no_ucb,1,20566,367,384,128,136,0.3255208333333333
0,esr2,rabvs_budgeted_no_ucb,2,20566,367,512,128,264,0.33984375
0,esr2,rabvs_budgeted_no_ucb,3,20566,367,640,61,325,0.384375
0,esr2,rabvs_budgeted_no_ucb,4,20566,367,768,13,338,0.40234375
0,esr2,rabvs_budgeted_no_ucb,5,20566,367,896,8,346,0.4174107142857143
0,esr2,rabvs_budgeted_no_ucb,6,20566,367,1024,6,352,0.451171875
0,fa10,boba_ucb,1,28862,537,384,126,134,0.5520833333333334
0,fa10,boba_ucb,2,28862,537,512,54,188,0.49609375
0,fa10,boba_ucb,3,28862,537,640,26,214,0.4796875
0,fa10,boba_ucb,4,28862,537,768,7,221,0.45703125
0,fa10,boba_ucb,5,28862,537,896,8,229,0.4575892857142857
0,fa10,boba_ucb,6,28862,537,1024,2,231,0.4736328125
0,fa10,rabvs_budgeted_reliable,1,28862,537,384,126,134,0.5520833333333334
0,fa10,rabvs_budgeted_reliable,2,28862,537,512,54,188,0.49609375
0,fa10,rabvs_budgeted_reliable,3,28862,537,640,26,214,0.4796875
0,fa10,rabvs_budgeted_reliable,4,28862,537,768,7,221,0.45703125
0,fa10,rabvs_budgeted_reliable,5,28862,537,896,8,229,0.4575892857142857
0,fa10,rabvs_budgeted_reliable,6,28862,537,1024,2,231,0.4736328125
0,fa10,rabvs_budgeted_no_ucb,1,28862,537,384,126,134,0.5520833333333334
0,fa10,rabvs_budgeted_no_ucb,2,28862,537,512,126,260,0.552734375
0,fa10,rabvs_budgeted_no_ucb,3,28862,537,640,98,358,0.5078125
0,fa10,rabvs_budgeted_no_ucb,4,28862,537,768,69,427,0.4778645833333333
0,fa10,rabvs_budgeted_no_ucb,5,28862,537,896,37,464,0.46205357142857145
0,fa10,rabvs_budgeted_no_ucb,6,28862,537,1024,14,478,0.478515625
0,fa7,boba_ucb,1,6364,114,384,104,112,0.703125
0,fa7,boba_ucb,2,6364,114,512,0,112,0.6328125
0,fa7,boba_ucb,3,6364,114,640,0,112,0.6375
0,fa7,boba_ucb,4,6364,114,768,0,112,0.6171875
0,fa7,boba_ucb,5,6364,114,896,0,112,0.6160714285714286
0,fa7,boba_ucb,6,6364,114,1024,0,112,0.5966796875
0,fa7,rabvs_budgeted_reliable,1,6364,114,384,104,112,0.703125
0,fa7,rabvs_budgeted_reliable,2,6364,114,512,0,112,0.6328125
0,fa7,rabvs_budgeted_reliable,3,6364,114,640,0,112,0.6375
0,fa7,rabvs_budgeted_reliable,4,6364,114,768,0,112,0.6171875
0,fa7,rabvs_budgeted_reliable,5,6364,114,896,0,112,0.6160714285714286
0,fa7,rabvs_budgeted_reliable,6,6364,114,1024,0,112,0.5966796875
0,fa7,rabvs_budgeted_no_ucb,1,6364,114,384,104,112,0.7057291666666666
0,fa7,rabvs_budgeted_no_ucb,2,6364,114,512,2,114,0.654296875
0,fa7,rabvs_budgeted_no_ucb,3,6364,114,640,0,114,0.6203125
0,fa7,rabvs_budgeted_no_ucb,4,6364,114,768,0,114,0.5963541666666666
0,fa7,rabvs_budgeted_no_ucb,5,6364,114,896,0,114,0.5848214285714286
0,fa7,rabvs_budgeted_no_ucb,6,6364,114,1024,0,114,0.5966796875
0,fabp4,boba_ucb,1,2797,47,384,28,36,0.5911458333333334
0,fabp4,boba_ucb,2,2797,47,512,0,36,0.58984375
0,fabp4,boba_ucb,3,2797,47,640,5,41,0.58125
0,fabp4,boba_ucb,4,2797,47,768,0,41,0.55078125
0,fabp4,boba_ucb,5,2797,47,896,0,41,0.5513392857142857
0,fabp4,boba_ucb,6,2797,47,1024,0,41,0.544921875
0,fabp4,rabvs_budgeted_reliable,1,2797,47,384,28,36,0.5911458333333334
0,fabp4,rabvs_budgeted_reliable,2,2797,47,512,0,36,0.58984375
0,fabp4,rabvs_budgeted_reliable,3,2797,47,640,5,41,0.58125
0,fabp4,rabvs_budgeted_reliable,4,2797,47,768,0,41,0.55078125
0,fabp4,rabvs_budgeted_reliable,5,2797,47,896,0,41,0.5513392857142857
0,fabp4,rabvs_budgeted_reliable,6,2797,47,1024,0,41,0.544921875
0,fabp4,rabvs_budgeted_no_ucb,1,2797,47,384,33,41,0.5755208333333334
0,fabp4,rabvs_budgeted_no_ucb,2,2797,47,512,4,45,0.58984375
0,fabp4,rabvs_budgeted_no_ucb,3,2797,47,640,0,45,0.5796875
0,fabp4,rabvs_budgeted_no_ucb,4,2797,47,768,0,45,0.58984375
0,fabp4,rabvs_budgeted_no_ucb,5,2797,47,896,0,45,0.5837053571428571
0,fabp4,rabvs_budgeted_no_ucb,6,2797,47,1024,0,45,0.5732421875
0,fak1,boba_ucb,1,5450,100,384,83,91,0.4296875
0,fak1,boba_ucb,2,5450,100,512,0,91,0.48828125
0,fak1,boba_ucb,3,5450,100,640,0,91,0.4921875
0,fak1,boba_ucb,4,5450,100,768,0,91,0.5026041666666666
0,fak1,boba_ucb,5,5450,100,896,0,91,0.49330357142857145
0,fak1,boba_ucb,6,5450,100,1024,0,91,0.5
0,fak1,rabvs_budgeted_reliable,1,5450,100,384,83,91,0.4296875
0,fak1,rabvs_budgeted_reliable,2,5450,100,512,0,91,0.48828125
0,fak1,rabvs_budgeted_reliable,3,5450,100,640,0,91,0.4921875
0,fak1,rabvs_budgeted_reliable,4,5450,100,768,0,91,0.5026041666666666
0,fak1,rabvs_budgeted_reliable,5,5450,100,896,0,91,0.49330357142857145
0,fak1,rabvs_budgeted_reliable,6,5450,100,1024,0,91,0.5
0,fak1,rabvs_budgeted_no_ucb,1,5450,100,384,86,94,0.4192708333333333
0,fak1,rabvs_budgeted_no_ucb,2,5450,100,512,3,97,0.458984375
0,fak1,rabvs_budgeted_no_ucb,3,5450,100,640,0,97,0.44375
0,fak1,rabvs_budgeted_no_ucb,4,5450,100,768,1,98,0.4661458333333333
0,fak1,rabvs_budgeted_no_ucb,5,5450,100,896,0,98,0.46986607142857145
0,fak1,rabvs_budgeted_no_ucb,6,5450,100,1024,1,99,0.482421875
0,fgfr1,boba_ucb,1,8839,139,384,76,84,0.5182291666666666
0,fgfr1,boba_ucb,2,8839,139,512,9,93,0.515625
0,fgfr1,boba_ucb,3,8839,139,640,1,94,0.490625
0,fgfr1,boba_ucb,4,8839,139,768,1,95,0.5221354166666666
0,fgfr1,boba_ucb,5,8839,139,896,0,95,0.5078125
0,fgfr1,boba_ucb,6,8839,139,1024,0,95,0.4970703125
0,fgfr1,rabvs_budgeted_reliable,1,8839,139,384,76,84,0.5182291666666666
0,fgfr1,rabvs_budgeted_reliable,2,8839,139,512,9,93,0.515625
0,fgfr1,rabvs_budgeted_reliable,3,8839,139,640,1,94,0.490625
0,fgfr1,rabvs_budgeted_reliable,4,8839,139,768,1,95,0.5221354166666666
0,fgfr1,rabvs_budgeted_reliable,5,8839,139,896,0,95,0.5078125
0,fgfr1,rabvs_budgeted_reliable,6,8839,139,1024,0,95,0.4970703125
0,fgfr1,rabvs_budgeted_no_ucb,1,8839,139,384,83,91,0.5208333333333334
0,fgfr1,rabvs_budgeted_no_ucb,2,8839,139,512,31,122,0.498046875
0,fgfr1,rabvs_budgeted_no_ucb,3,8839,139,640,5,127,0.51875
0,fgfr1,rabvs_budgeted_no_ucb,4,8839,139,768,3,130,0.515625
0,fgfr1,rabvs_budgeted_no_ucb,5,8839,139,896,1,131,0.5334821428571429
0,fgfr1,rabvs_budgeted_no_ucb,6,8839,139,1024,2,133,0.521484375
0,fkb1a,boba_ucb,1,5911,111,384,102,110,0.5729166666666666
0,fkb1a,boba_ucb,2,5911,111,512,1,111,0.568359375
0,fkb1a,boba_ucb,3,5911,111,640,0,111,0.5609375
0,fkb1a,boba_ucb,4,5911,111,768,0,111,0.5546875
0,fkb1a,boba_ucb,5,5911,111,896,0,111,0.5345982142857143
0,fkb1a,boba_ucb,6,5911,111,1024,0,111,0.5087890625
0,fkb1a,rabvs_budgeted_reliable,1,5911,111,384,102,110,0.5729166666666666
0,fkb1a,rabvs_budgeted_reliable,2,5911,111,512,1,111,0.568359375
0,fkb1a,rabvs_budgeted_reliable,3,5911,111,640,0,111,0.5609375
0,fkb1a,rabvs_budgeted_reliable,4,5911,111,768,0,111,0.5546875
0,fkb1a,rabvs_budgeted_reliable,5,5911,111,896,0,111,0.5345982142857143
0,fkb1a,rabvs_budgeted_reliable,6,5911,111,1024,0,111,0.5087890625
0,fkb1a,rabvs_budgeted_no_ucb,1,5911,111,384,102,110,0.5729166666666666
0,fkb1a,rabvs_budgeted_no_ucb,2,5911,111,512,1,111,0.544921875
0,fkb1a,rabvs_budgeted_no_ucb,3,5911,111,640,0,111,0.54375
0,fkb1a,rabvs_budgeted_no_ucb,4,5911,111,768,0,111,0.5286458333333334
0,fkb1a,rabvs_budgeted_no_ucb,5,5911,111,896,0,111,0.48995535714285715
0,fkb1a,rabvs_budgeted_no_ucb,6,5911,111,1024,0,111,0.482421875
0,fnta,boba_ucb,1,50592,592,384,128,136,0.3385416666666667
0,fnta,boba_ucb,2,50592,592,512,89,225,0.31640625
0,fnta,boba_ucb,3,50592,592,640,7,232,0.3
0,fnta,boba_ucb,4,50592,592,768,3,235,0.3385416666666667
0,fnta,boba_ucb,5,50592,592,896,3,238,0.36495535714285715
0,fnta,boba_ucb,6,50592,592,1024,2,240,0.3818359375
0,fnta,rabvs_budgeted_reliable,1,50592,592,384,128,136,0.3385416666666667
0,fnta,rabvs_budgeted_reliable,2,50592,592,512,89,225,0.31640625
0,fnta,rabvs_budgeted_reliable,3,50592,592,640,7,232,0.3
0,fnta,rabvs_budgeted_reliable,4,50592,592,768,3,235,0.3385416666666667
0,fnta,rabvs_budgeted_reliable,5,50592,592,896,3,238,0.36495535714285715
0,fnta,rabvs_budgeted_reliable,6,50592,592,1024,2,240,0.3818359375
0,fnta,rabvs_budgeted_no_ucb,1,50592,592,384,128,136,0.3385416666666667
0,fnta,rabvs_budgeted_no_ucb,2,50592,592,512,128,264,0.30859375
0,fnta,rabvs_budgeted_no_ucb,3,50592,592,640,101,365,0.29375
0,fnta,rabvs_budgeted_no_ucb,4,50592,592,768,113,478,0.2721354166666667
0,fnta,rabvs_budgeted_no_ucb,5,50592,592,896,48,526,0.29017857142857145
0,fnta,rabvs_budgeted_no_ucb,6,50592,592,1024,5,531,0.30859375
0,fpps,boba_ucb,1,8935,85,384,77,85,0.6067708333333334
0,fpps,boba_ucb,2,8935,85,512,0,85,0.603515625
0,fpps,boba_ucb,3,8935,85,640,0,85,0.53125
0,fpps,boba_ucb,4,8935,85,768,0,85,0.49609375
0,fpps,boba_ucb,5,8935,85,896,0,85,0.4720982142857143
0,fpps,boba_ucb,6,8935,85,1024,0,85,0.4697265625
0,fpps,rabvs_budgeted_reliable,1,8935,85,384,77,85,0.6067708333333334
0,fpps,rabvs_budgeted_reliable,2,8935,85,512,0,85,0.603515625
0,fpps,rabvs_budgeted_reliable,3,8935,85,640,0,85,0.53125
0,fpps,rabvs_budgeted_reliable,4,8935,85,768,0,85,0.49609375
0,fpps,rabvs_budgeted_reliable,5,8935,85,896,0,85,0.4720982142857143
0,fpps,rabvs_budgeted_reliable,6,8935,85,1024,0,85,0.4697265625
0,fpps,rabvs_budgeted_no_ucb,1,8935,85,384,77,85,0.6067708333333334
0,fpps,rabvs_budgeted_no_ucb,2,8935,85,512,0,85,0.630859375
0,fpps,rabvs_budgeted_no_ucb,3,8935,85,640,0,85,0.61875
0,fpps,rabvs_budgeted_no_ucb,4,8935,85,768,0,85,0.6328125
0,fpps,rabvs_budgeted_no_ucb,5,8935,85,896,0,85,0.640625
0,fpps,rabvs_budgeted_no_ucb,6,8935,85,1024,0,85,0.61328125
0,gcr,boba_ucb,1,15257,258,384,87,95,0.3984375
0,gcr,boba_ucb,2,15257,258,512,48,143,0.38671875
0,gcr,boba_ucb,3,15257,258,640,53,196,0.4125
0,gcr,boba_ucb,4,15257,258,768,1,197,0.4505208333333333
0,gcr,boba_ucb,5,15257,258,896,0,197,0.4375
0,gcr,boba_ucb,6,15257,258,1024,0,197,0.427734375
0,gcr,rabvs_budgeted_reliable,1,15257,258,384,87,95,0.3984375
0,gcr,rabvs_budgeted_reliable,2,15257,258,512,48,143,0.38671875
0,gcr,rabvs_budgeted_reliable,3,15257,258,640,53,196,0.4125
0,gcr,rabvs_budgeted_reliable,4,15257,258,768,1,197,0.4505208333333333
0,gcr,rabvs_budgeted_reliable,5,15257,258,896,0,197,0.4375
0,gcr,rabvs_budgeted_reliable,6,15257,258,1024,0,197,0.427734375
0,gcr,rabvs_budgeted_no_ucb,1,15257,258,384,107,115,0.4010416666666667
0,gcr,rabvs_budgeted_no_ucb,2,15257,258,512,72,187,0.390625
0,gcr,rabvs_budgeted_no_ucb,3,15257,258,640,21,208,0.3859375
0,gcr,rabvs_budgeted_no_ucb,4,15257,258,768,8,216,0.42578125
0,gcr,rabvs_budgeted_no_ucb,5,15257,258,896,11,227,0.44642857142857145
0,gcr,rabvs_budgeted_no_ucb,6,15257,258,1024,10,237,0.458984375
0,glcm,boba_ucb,1,3854,54,384,43,51,0.5130208333333334
0,glcm,boba_ucb,2,3854,54,512,1,52,0.486328125
0,glcm,boba_ucb,3,3854,54,640,0,52,0.4921875
0,glcm,boba_ucb,4,3854,54,768,2,54,0.4934895833333333
0,glcm,boba_ucb,5,3854,54,896,0,54,0.5111607142857143
0,glcm,boba_ucb,6,3854,54,1024,0,54,0.4921875
0,glcm,rabvs_budgeted_reliable,1,3854,54,384,43,51,0.5130208333333334
0,glcm,rabvs_budgeted_reliable,2,3854,54,512,1,52,0.486328125
0,glcm,rabvs_budgeted_reliable,3,3854,54,640,0,52,0.4921875
0,glcm,rabvs_budgeted_reliable,4,3854,54,768,2,54,0.4934895833333333
0,glcm,rabvs_budgeted_reliable,5,3854,54,896,0,54,0.5111607142857143
0,glcm,rabvs_budgeted_reliable,6,3854,54,1024,0,54,0.4921875
0,glcm,rabvs_budgeted_no_ucb,1,3854,54,384,43,51,0.5052083333333334
0,glcm,rabvs_budgeted_no_ucb,2,3854,54,512,0,51,0.52734375
0,glcm,rabvs_budgeted_no_ucb,3,3854,54,640,0,51,0.515625
0,glcm,rabvs_budgeted_no_ucb,4,3854,54,768,2,53,0.51953125
0,glcm,rabvs_budgeted_no_ucb,5,3854,54,896,1,54,0.53125
0,glcm,rabvs_budgeted_no_ucb,6,3854,54,1024,0,54,0.533203125
0,gria2,boba_ucb,1,12003,158,384,81,89,0.53125
0,gria2,boba_ucb,2,12003,158,512,6,95,0.576171875
0,gria2,boba_ucb,3,12003,158,640,4,99,0.55625
0,gria2,boba_ucb,4,12003,158,768,15,114,0.5716145833333334
0,gria2,boba_ucb,5,12003,158,896,0,114,0.5524553571428571
0,gria2,boba_ucb,6,12003,158,1024,1,115,0.53515625
0,gria2,rabvs_budgeted_reliable,1,12003,158,384,81,89,0.53125
0,gria2,rabvs_budgeted_reliable,2,12003,158,512,6,95,0.576171875
0,gria2,rabvs_budgeted_reliable,3,12003,158,640,4,99,0.55625
0,gria2,rabvs_budgeted_reliable,4,12003,158,768,15,114,0.5716145833333334
0,gria2,rabvs_budgeted_reliable,5,12003,158,896,0,114,0.5524553571428571
0,gria2,rabvs_budgeted_reliable,6,12003,158,1024,1,115,0.53515625
0,gria2,rabvs_budgeted_no_ucb,1,12003,158,384,97,105,0.5260416666666666
0,gria2,rabvs_budgeted_no_ucb,2,12003,158,512,20,125,0.537109375
0,gria2,rabvs_budgeted_no_ucb,3,12003,158,640,0,125,0.5703125
0,gria2,rabvs_budgeted_no_ucb,4,12003,158,768,1,126,0.5989583333333334
0,gria2,rabvs_budgeted_no_ucb,5,12003,158,896,0,126,0.5948660714285714
0,gria2,rabvs_budgeted_no_ucb,6,12003,158,1024,1,127,0.5751953125
0,grik1,boba_ucb,1,6651,101,384,62,70,0.4166666666666667
0,grik1,boba_ucb,2,6651,101,512,11,81,0.4765625
0,grik1,boba_ucb,3,6651,101,640,7,88,0.5375
0,grik1,boba_ucb,4,6651,101,768,0,88,0.5299479166666666
0,grik1,boba_ucb,5,6651,101,896,0,88,0.5100446428571429
0,grik1,boba_ucb,6,6651,101,1024,0,88,0.5078125
0,grik1,rabvs_budgeted_reliable,1,6651,101,384,62,70,0.4166666666666667
0,grik1,rabvs_budgeted_reliable,2,6651,101,512,11,81,0.4765625
0,grik1,rabvs_budgeted_reliable,3,6651,101,640,7,88,0.5375
0,grik1,rabvs_budgeted_reliable,4,6651,101,768,0,88,0.5299479166666666
0,grik1,rabvs_budgeted_reliable,5,6651,101,896,0,88,0.5100446428571429
0,grik1,rabvs_budgeted_reliable,6,6651,101,1024,0,88,0.5078125
0,grik1,rabvs_budgeted_no_ucb,1,6651,101,384,66,74,0.4401041666666667
0,grik1,rabvs_budgeted_no_ucb,2,6651,101,512,24,98,0.44921875
0,grik1,rabvs_budgeted_no_ucb,3,6651,101,640,3,101,0.5140625
0,grik1,rabvs_budgeted_no_ucb,4,6651,101,768,0,101,0.4947916666666667
0,grik1,rabvs_budgeted_no_ucb,5,6651,101,896,0,101,0.4810267857142857
0,grik1,rabvs_budgeted_no_ucb,6,6651,101,1024,0,101,0.5029296875
0,hdac2,boba_ucb,1,10485,185,384,125,133,0.6614583333333334
0,hdac2,boba_ucb,2,10485,185,512,12,145,0.6796875
0,hdac2,boba_ucb,3,10485,185,640,1,146,0.6578125
0,hdac2,boba_ucb,4,10485,185,768,0,146,0.6380208333333334
0,hdac2,boba_ucb,5,10485,185,896,0,146,0.6305803571428571
0,hdac2,boba_ucb,6,10485,185,1024,0,146,0.609375
0,hdac2,rabvs_budgeted_reliable,1,10485,185,384,125,133,0.6614583333333334
0,hdac2,rabvs_budgeted_reliable,2,10485,185,512,12,145,0.6796875
0,hdac2,rabvs_budgeted_reliable,3,10485,185,640,1,146,0.6578125
0,hdac2,rabvs_budgeted_reliable,4,10485,185,768,0,146,0.6380208333333334
0,hdac2,rabvs_budgeted_reliable,5,10485,185,896,0,146,0.6305803571428571
0,hdac2,rabvs_budgeted_reliable,6,10485,185,1024,0,146,0.609375
0,hdac2,rabvs_budgeted_no_ucb,1,10485,185,384,126,134,0.6614583333333334
0,hdac2,rabvs_budgeted_no_ucb,2,10485,185,512,39,173,0.7109375
0,hdac2,rabvs_budgeted_no_ucb,3,10485,185,640,2,175,0.6796875
0,hdac2,rabvs_budgeted_no_ucb,4,10485,185,768,4,179,0.6770833333333334
0,hdac2,rabvs_budgeted_no_ucb,5,10485,185,896,1,180,0.6875
0,hdac2,rabvs_budgeted_no_ucb,6,10485,185,1024,0,180,0.6669921875
0,hdac8,boba_ucb,1,10620,170,384,128,136,0.65625
0,hdac8,boba_ucb,2,10620,170,512,3,139,0.650390625
0,hdac8,boba_ucb,3,10620,170,640,1,140,0.6375
0,hdac8,boba_ucb,4,10620,170,768,0,140,0.62109375
0,hdac8,boba_ucb,5,10620,170,896,0,140,0.5970982142857143
0,hdac8,boba_ucb,6,10620,170,1024,0,140,0.5927734375
0,hdac8,rabvs_budgeted_reliable,1,10620,170,384,128,136,0.65625
0,hdac8,rabvs_budgeted_reliable,2,10620,170,512,3,139,0.650390625
0,hdac8,rabvs_budgeted_reliable,3,10620,170,640,1,140,0.6375
0,hdac8,rabvs_budgeted_reliable,4,10620,170,768,0,140,0.62109375
0,hdac8,rabvs_budgeted_reliable,5,10620,170,896,0,140,0.5970982142857143
0,hdac8,rabvs_budgeted_reliable,6,10620,170,1024,0,140,0.5927734375
0,hdac8,rabvs_budgeted_no_ucb,1,10620,170,384,128,136,0.65625
0,hdac8,rabvs_budgeted_no_ucb,2,10620,170,512,29,165,0.66015625
0,hdac8,rabvs_budgeted_no_ucb,3,10620,170,640,0,165,0.6484375
0,hdac8,rabvs_budgeted_no_ucb,4,10620,170,768,1,166,0.5989583333333334
0,hdac8,rabvs_budgeted_no_ucb,5,10620,170,896,0,166,0.5859375
0,hdac8,rabvs_budgeted_no_ucb,6,10620,170,1024,0,166,0.5615234375
0,hivint,boba_ucb,1,6750,100,384,46,54,0.4765625
0,hivint,boba_ucb,2,6750,100,512,43,97,0.498046875
0,hivint,boba_ucb,3,6750,100,640,1,98,0.4890625
0,hivint,boba_ucb,4,6750,100,768,0,98,0.4609375
0,hivint,boba_ucb,5,6750,100,896,0,98,0.4564732142857143
0,hivint,boba_ucb,6,6750,100,1024,0,98,0.447265625
0,hivint,rabvs_budgeted_reliable,1,6750,100,384,46,54,0.4765625
0,hivint,rabvs_budgeted_reliable,2,6750,100,512,43,97,0.498046875
0,hivint,rabvs_budgeted_reliable,3,6750,100,640,1,98,0.4890625
0,hivint,rabvs_budgeted_reliable,4,6750,100,768,0,98,0.4609375
0,hivint,rabvs_budgeted_reliable,5,6750,100,896,0,98,0.4564732142857143
0,hivint,rabvs_budgeted_reliable,6,6750,100,1024,0,98,0.447265625
0,hivint,rabvs_budgeted_no_ucb,1,6750,100,384,86,94,0.5104166666666666
0,hivint,rabvs_budgeted_no_ucb,2,6750,100,512,3,97,0.4921875
0,hivint,rabvs_budgeted_no_ucb,3,6750,100,640,1,98,0.5046875
0,hivint,rabvs_budgeted_no_ucb,4,6750,100,768,0,98,0.4739583333333333
0,hivint,rabvs_budgeted_no_ucb,5,6750,100,896,0,98,0.48660714285714285
0,hivint,rabvs_budgeted_no_ucb,6,6750,100,1024,0,98,0.4794921875
0,hivpr,boba_ucb,1,36286,536,384,128,136,0.4583333333333333
0,hivpr,boba_ucb,2,36286,536,512,84,220,0.421875
0,hivpr,boba_ucb,3,36286,536,640,3,223,0.434375
0,hivpr,boba_ucb,4,36286,536,768,1,224,0.44140625
0,hivpr,boba_ucb,5,36286,536,896,1,225,0.4609375
0,hivpr,boba_ucb,6,36286,536,1024,0,225,0.5009765625
0,hivpr,rabvs_budgeted_reliable,1,36286,536,384,128,136,0.4583333333333333
0,hivpr,rabvs_budgeted_reliable,2,36286,536,512,84,220,0.421875
0,hivpr,rabvs_budgeted_reliable,3,36286,536,640,3,223,0.434375
0,hivpr,rabvs_budgeted_reliable,4,36286,536,768,1,224,0.44140625
0,hivpr,rabvs_budgeted_reliable,5,36286,536,896,1,225,0.4609375
0,hivpr,rabvs_budgeted_reliable,6,36286,536,1024,0,225,0.5009765625
0,hivpr,rabvs_budgeted_no_ucb,1,36286,536,384,128,136,0.4583333333333333
0,hivpr,rabvs_budgeted_no_ucb,2,36286,536,512,115,251,0.443359375
0,hivpr,rabvs_budgeted_no_ucb,3,36286,536,640,88,339,0.41875
0,hivpr,rabvs_budgeted_no_ucb,4,36286,536,768,93,432,0.3932291666666667
0,hivpr,rabvs_budgeted_no_ucb,5,36286,536,896,63,495,0.40401785714285715
0,hivpr,rabvs_budgeted_no_ucb,6,36286,536,1024,10,505,0.41796875
0,hivrt,boba_ucb,1,19229,338,384,98,106,0.453125
0,hivrt,boba_ucb,2,19229,338,512,12,118,0.4453125
0,hivrt,boba_ucb,3,19229,338,640,10,128,0.459375
0,hivrt,boba_ucb,4,19229,338,768,23,151,0.453125
0,hivrt,boba_ucb,5,19229,338,896,2,153,0.45424107142857145
0,hivrt,boba_ucb,6,19229,338,1024,1,154,0.47265625
0,hivrt,rabvs_budgeted_reliable,1,19229,338,384,98,106,0.453125
0,hivrt,rabvs_budgeted_reliable,2,19229,338,512,12,118,0.4453125
0,hivrt,rabvs_budgeted_reliable,3,19229,338,640,10,128,0.459375
0,hivrt,rabvs_budgeted_reliable,4,19229,338,768,23,151,0.453125
0,hivrt,rabvs_budgeted_reliable,5,19229,338,896,2,153,0.45424107142857145
0,hivrt,rabvs_budgeted_reliable,6,19229,338,1024,1,154,0.47265625
0,hivrt,rabvs_budgeted_no_ucb,1,19229,338,384,104,112,0.453125
0,hivrt,rabvs_budgeted_no_ucb,2,19229,338,512,52,164,0.482421875
0,hivrt,rabvs_budgeted_no_ucb,3,19229,338,640,5,169,0.48125
0,hivrt,rabvs_budgeted_no_ucb,4,19229,338,768,19,188,0.4778645833333333
0,hivrt,rabvs_budgeted_no_ucb,5,19229,338,896,13,201,0.49107142857142855
0,hivrt,rabvs_budgeted_no_ucb,6,19229,338,1024,9,210,0.4775390625
0,hmdh,boba_ucb,1,8920,170,384,127,135,0.4010416666666667
0,hmdh,boba_ucb,2,8920,170,512,30,165,0.408203125
0,hmdh,boba_ucb,3,8920,170,640,0,165,0.4140625
0,hmdh,boba_ucb,4,8920,170,768,0,165,0.4544270833333333
0,hmdh,boba_ucb,5,8920,170,896,0,165,0.47098214285714285
0,hmdh,boba_ucb,6,8920,170,1024,0,165,0.4921875
0,hmdh,rabvs_budgeted_reliable,1,8920,170,384,127,135,0.4010416666666667
0,hmdh,rabvs_budgeted_reliable,2,8920,170,512,30,165,0.408203125
0,hmdh,rabvs_budgeted_reliable,3,8920,170,640,0,165,0.4140625
0,hmdh,rabvs_budgeted_reliable,4,8920,170,768,0,165,0.4544270833333333
0,hmdh,rabvs_budgeted_reliable,5,8920,170,896,0,165,0.47098214285714285
0,hmdh,rabvs_budgeted_reliable,6,8920,170,1024,0,165,0.4921875
0,hmdh,rabvs_budgeted_no_ucb,1,8920,170,384,128,136,0.3984375
0,hmdh,rabvs_budgeted_no_ucb,2,8920,170,512,34,170,0.423828125
0,hmdh,rabvs_budgeted_no_ucb,3,8920,170,640,0,170,0.4375
0,hmdh,rabvs_budgeted_no_ucb,4,8920,170,768,0,170,0.44921875
0,hmdh,rabvs_budgeted_no_ucb,5,8920,170,896,0,170,0.45870535714285715
0,hmdh,rabvs_budgeted_no_ucb,6,8920,170,1024,0,170,0.4560546875
0,hs90a,boba_ucb,1,4938,88,384,63,71,0.4505208333333333
0,hs90a,boba_ucb,2,4938,88,512,6,77,0.49609375
0,hs90a,boba_ucb,3,4938,88,640,0,77,0.515625
0,hs90a,boba_ucb,4,4938,88,768,0,77,0.5026041666666666
0,hs90a,boba_ucb,5,4938,88,896,0,77,0.5078125
0,hs90a,boba_ucb,6,4938,88,1024,0,77,0.484375
0,hs90a,rabvs_budgeted_reliable,1,4938,88,384,63,71,0.4505208333333333
0,hs90a,rabvs_budgeted_reliable,2,4938,88,512,6,77,0.49609375
0,hs90a,rabvs_budgeted_reliable,3,4938,88,640,0,77,0.515625
0,hs90a,rabvs_budgeted_reliable,4,4938,88,768,0,77,0.5026041666666666
0,hs90a,rabvs_budgeted_reliable,5,4938,88,896,0,77,0.5078125
0,hs90a,rabvs_budgeted_reliable,6,4938,88,1024,0,77,0.484375
0,hs90a,rabvs_budgeted_no_ucb,1,4938,88,384,64,72,0.4583333333333333
0,hs90a,rabvs_budgeted_no_ucb,2,4938,88,512,7,79,0.5078125
0,hs90a,rabvs_budgeted_no_ucb,3,4938,88,640,9,88,0.49375
0,hs90a,rabvs_budgeted_no_ucb,4,4938,88,768,0,88,0.5182291666666666
0,hs90a,rabvs_budgeted_no_ucb,5,4938,88,896,0,88,0.515625
0,hs90a,rabvs_budgeted_no_ucb,6,4938,88,1024,0,88,0.4892578125
0,hxk4,boba_ucb,1,4792,92,384,84,92,0.4192708333333333
0,hxk4,boba_ucb,2,4792,92,512,0,92,0.41796875
0,hxk4,boba_ucb,3,4792,92,640,0,92,0.4546875
0,hxk4,boba_ucb,4,4792,92,768,0,92,0.4453125
0,hxk4,boba_ucb,5,4792,92,896,0,92,0.4654017857142857
0,hxk4,boba_ucb,6,4792,92,1024,0,92,0.48046875
0,hxk4,rabvs_budgeted_reliable,1,4792,92,384,84,92,0.4192708333333333
0,hxk4,rabvs_budgeted_reliable,2,4792,92,512,0,92,0.41796875
0,hxk4,rabvs_budgeted_reliable,3,4792,92,640,0,92,0.4546875
0,hxk4,rabvs_budgeted_reliable,4,4792,92,768,0,92,0.4453125
0,hxk4,rabvs_budgeted_reliable,5,4792,92,896,0,92,0.4654017857142857
0,hxk4,rabvs_budgeted_reliable,6,4792,92,1024,0,92,0.48046875
0,hxk4,rabvs_budgeted_no_ucb,1,4792,92,384,84,92,0.4244791666666667
0,hxk4,rabvs_budgeted_no_ucb,2,4792,92,512,0,92,0.458984375
0,hxk4,rabvs_budgeted_no_ucb,3,4792,92,640,0,92,0.475
0,hxk4,rabvs_budgeted_no_ucb,4,4792,92,768,0,92,0.4479166666666667
0,hxk4,rabvs_budgeted_no_ucb,5,4792,92,896,0,92,0.4575892857142857
0,hxk4,rabvs_budgeted_no_ucb,6,4792,92,1024,0,92,0.4423828125
0,igf1r,boba_ucb,1,9448,148,384,120,128,0.3776041666666667
0,igf1r,boba_ucb,2,9448,148,512,3,131,0.384765625
0,igf1r,boba_ucb,3,9448,148,640,1,132,0.38125
0,igf1r,boba_ucb,4,9448,148,768,0,132,0.390625
0,igf1r,boba_ucb,5,9448,148,896,1,133,0.4017857142857143
0,igf1r,boba_ucb,6,9448,148,1024,0,133,0.423828125
0,igf1r,rabvs_budgeted_reliable,1,9448,148,384,120,128,0.3776041666666667
0,igf1r,rabvs_budgeted_reliable,2,9448,148,512,3,131,0.384765625
0,igf1r,rabvs_budgeted_reliable,3,9448,148,640,1,132,0.38125
0,igf1r,rabvs_budgeted_reliable,4,9448,148,768,0,132,0.390625
0,igf1r,rabvs_budgeted_reliable,5,9448,148,896,1,133,0.4017857142857143
0,igf1r,rabvs_budgeted_reliable,6,9448,148,1024,0,133,0.423828125
0,igf1r,rabvs_budgeted_no_ucb,1,9448,148,384,120,128,0.3776041666666667
0,igf1r,rabvs_budgeted_no_ucb,2,9448,148,512,7,135,0.40234375
0,igf1r,rabvs_budgeted_no_ucb,3,9448,148,640,2,137,0.3890625
0,igf1r,rabvs_budgeted_no_ucb,4,9448,148,768,0,137,0.40234375
0,igf1r,rabvs_budgeted_no_ucb,5,9448,148,896,2,139,0.43638392857142855
0,igf1r,rabvs_budgeted_no_ucb,6,9448,148,1024,0,139,0.435546875
0,inha,boba_ucb,1,2343,43,384,31,39,0.4609375
0,inha,boba_ucb,2,2343,43,512,0,39,0.439453125
0,inha,boba_ucb,3,2343,43,640,0,39,0.4359375
0,inha,boba_ucb,4,2343,43,768,2,41,0.4596354166666667
0,inha,boba_ucb,5,2343,43,896,0,41,0.4375
0,inha,boba_ucb,6,2343,43,1024,0,41,0.43359375
0,inha,rabvs_budgeted_reliable,1,2343,43,384,31,39,0.4609375
0,inha,rabvs_budgeted_reliable,2,2343,43,512,0,39,0.439453125
0,inha,rabvs_budgeted_reliable,3,2343,43,640,0,39,0.4359375
0,inha,rabvs_budgeted_reliable,4,2343,43,768,2,41,0.4596354166666667
0,inha,rabvs_budgeted_reliable,5,2343,43,896,0,41,0.4375
0,inha,rabvs_budgeted_reliable,6,2343,43,1024,0,41,0.43359375
0,inha,rabvs_budgeted_no_ucb,1,2343,43,384,35,43,0.4921875
0,inha,rabvs_budgeted_no_ucb,2,2343,43,512,0,43,0.48828125
0,inha,rabvs_budgeted_no_ucb,3,2343,43,640,0,43,0.5015625
0,inha,rabvs_budgeted_no_ucb,4,2343,43,768,0,43,0.4739583333333333
0,inha,rabvs_budgeted_no_ucb,5,2343,43,896,0,43,0.4732142857142857
0,inha,rabvs_budgeted_no_ucb,6,2343,43,1024,0,43,0.462890625
0,ital,boba_ucb,1,8638,138,384,97,105,0.515625
0,ital,boba_ucb,2,8638,138,512,19,124,0.51171875
0,ital,boba_ucb,3,8638,138,640,0,124,0.50625
0,ital,boba_ucb,4,8638,138,768,0,124,0.5182291666666666
0,ital,boba_ucb,5,8638,138,896,0,124,0.5267857142857143
0,ital,boba_ucb,6,8638,138,1024,0,124,0.4921875
0,ital,rabvs_budgeted_reliable,1,8638,138,384,97,105,0.515625
0,ital,rabvs_budgeted_reliable,2,8638,138,512,19,124,0.51171875
0,ital,rabvs_budgeted_reliable,3,8638,138,640,0,124,0.50625
0,ital,rabvs_budgeted_reliable,4,8638,138,768,0,124,0.5182291666666666
0,ital,rabvs_budgeted_reliable,5,8638,138,896,0,124,0.5267857142857143
0,ital,rabvs_budgeted_reliable,6,8638,138,1024,0,124,0.4921875
0,ital,rabvs_budgeted_no_ucb,1,8638,138,384,98,106,0.5234375
0,ital,rabvs_budgeted_no_ucb,2,8638,138,512,24,130,0.5234375
0,ital,rabvs_budgeted_no_ucb,3,8638,138,640,4,134,0.525
0,ital,rabvs_budgeted_no_ucb,4,8638,138,768,0,134,0.51171875
0,ital,rabvs_budgeted_no_ucb,5,8638,138,896,2,136,0.5234375
0,ital,rabvs_budgeted_no_ucb,6,8638,138,1024,0,136,0.5078125
0,jak2,boba_ucb,1,6607,107,384,71,79,0.4114583333333333
0,jak2,boba_ucb,2,6607,107,512,4,83,0.455078125
0,jak2,boba_ucb,3,6607,107,640,5,88,0.4203125
0,jak2,boba_ucb,4,6607,107,768,0,88,0.4453125
0,jak2,boba_ucb,5,6607,107,896,0,88,0.4486607142857143
0,jak2,boba_ucb,6,6607,107,1024,1,89,0.4697265625
0,jak2,rabvs_budgeted_reliable,1,6607,107,384,71,79,0.4114583333333333
0,jak2,rabvs_budgeted_reliable,2,6607,107,512,4,83,0.455078125
0,jak2,rabvs_budgeted_reliable,3,6607,107,640,5,88,0.4203125
0,jak2,rabvs_budgeted_reliable,4,6607,107,768,0,88,0.4453125
0,jak2,rabvs_budgeted_reliable,5,6607,107,896,0,88,0.4486607142857143
0,jak2,rabvs_budgeted_reliable,6,6607,107,1024,1,89,0.4697265625
0,jak2,rabvs_budgeted_no_ucb,1,6607,107,384,71,79,0.4166666666666667
0,jak2,rabvs_budgeted_no_ucb,2,6607,107,512,19,98,0.43359375
0,jak2,rabvs_budgeted_no_ucb,3,6607,107,640,5,103,0.43125
0,jak2,rabvs_budgeted_no_ucb,4,6607,107,768,2,105,0.4049479166666667
0,jak2,rabvs_budgeted_no_ucb,5,6607,107,896,0,105,0.4095982142857143
0,jak2,rabvs_budgeted_no_ucb,6,6607,107,1024,1,106,0.4140625
0,kif11,boba_ucb,1,6966,116,384,84,92,0.375
0,kif11,boba_ucb,2,6966,116,512,2,94,0.373046875
0,kif11,boba_ucb,3,6966,116,640,0,94,0.3703125
0,kif11,boba_ucb,4,6966,116,768,0,94,0.3776041666666667
0,kif11,boba_ucb,5,6966,116,896,0,94,0.3872767857142857
0,kif11,boba_ucb,6,6966,116,1024,0,94,0.4091796875
0,kif11,rabvs_budgeted_reliable,1,6966,116,384,84,92,0.375
0,kif11,rabvs_budgeted_reliable,2,6966,116,512,2,94,0.373046875
0,kif11,rabvs_budgeted_reliable,3,6966,116,640,0,94,0.3703125
0,kif11,rabvs_budgeted_reliable,4,6966,116,768,0,94,0.3776041666666667
0,kif11,rabvs_budgeted_reliable,5,6966,116,896,0,94,0.3872767857142857
0,kif11,rabvs_budgeted_reliable,6,6966,116,1024,0,94,0.4091796875
0,kif11,rabvs_budgeted_no_ucb,1,6966,116,384,89,97,0.3802083333333333
0,kif11,rabvs_budgeted_no_ucb,2,6966,116,512,3,100,0.419921875
0,kif11,rabvs_budgeted_no_ucb,3,6966,116,640,13,113,0.396875
0,kif11,rabvs_budgeted_no_ucb,4,6966,116,768,0,113,0.4192708333333333
0,kif11,rabvs_budgeted_no_ucb,5,6966,116,896,0,113,0.4330357142857143
0,kif11,rabvs_budgeted_no_ucb,6,6966,116,1024,0,113,0.41015625
0,kit,boba_ucb,1,10616,166,384,116,124,0.3880208333333333
0,kit,boba_ucb,2,10616,166,512,15,139,0.431640625
0,kit,boba_ucb,3,10616,166,640,0,139,0.440625
0,kit,boba_ucb,4,10616,166,768,1,140,0.4192708333333333
0,kit,boba_ucb,5,10616,166,896,2,142,0.42410714285714285
0,kit,boba_ucb,6,10616,166,1024,0,142,0.4208984375
0,kit,rabvs_budgeted_reliable,1,10616,166,384,116,124,0.3880208333333333
0,kit,rabvs_budgeted_reliable,2,10616,166,512,15,139,0.431640625
0,kit,rabvs_budgeted_reliable,3,10616,166,640,0,139,0.440625
0,kit,rabvs_budgeted_reliable,4,10616,166,768,1,140,0.4192708333333333
0,kit,rabvs_budgeted_reliable,5,10616,166,896,2,142,0.42410714285714285
0,kit,rabvs_budgeted_reliable,6,10616,166,1024,0,142,0.4208984375
0,kit,rabvs_budgeted_no_ucb,1,10616,166,384,117,125,0.390625
0,kit,rabvs_budgeted_no_ucb,2,10616,166,512,22,147,0.39453125
0,kit,rabvs_budgeted_no_ucb,3,10616,166,640,5,152,0.3921875
0,kit,rabvs_budgeted_no_ucb,4,10616,166,768,3,155,0.3984375
0,kit,rabvs_budgeted_no_ucb,5,10616,166,896,0,155,0.46316964285714285
0,kit,rabvs_budgeted_no_ucb,6,10616,166,1024,2,157,0.4462890625
0,kith,boba_ucb,1,2907,57,384,47,55,0.3958333333333333
0,kith,boba_ucb,2,2907,57,512,0,55,0.40625
0,kith,boba_ucb,3,2907,57,640,0,55,0.3734375
0,kith,boba_ucb,4,2907,57,768,1,56,0.3697916666666667
0,kith,boba_ucb,5,2907,57,896,0,56,0.4140625
0,kith,boba_ucb,6,2907,57,1024,0,56,0.4150390625
0,kith,rabvs_budgeted_reliable,1,2907,57,384,47,55,0.3958333333333333
0,kith,rabvs_budgeted_reliable,2,2907,57,512,0,55,0.40625
0,kith,rabvs_budgeted_reliable,3,2907,57,640,0,55,0.3734375
0,kith,rabvs_budgeted_reliable,4,2907,57,768,1,56,0.3697916666666667
0,kith,rabvs_budgeted_reliable,5,2907,57,896,0,56,0.4140625
0,kith,rabvs_budgeted_reliable,6,2907,57,1024,0,56,0.4150390625
0,kith,rabvs_budgeted_no_ucb,1,2907,57,384,49,57,0.3880208333333333
0,kith,rabvs_budgeted_no_ucb,2,2907,57,512,0,57,0.421875
0,kith,rabvs_budgeted_no_ucb,3,2907,57,640,0,57,0.4015625
0,kith,rabvs_budgeted_no_ucb,4,2907,57,768,0,57,0.4322916666666667
0,kith,rabvs_budgeted_no_ucb,5,2907,57,896,0,57,0.4263392857142857
0,kith,rabvs_budgeted_no_ucb,6,2907,57,1024,0,57,0.4150390625
0,kpcb,boba_ucb,1,8835,135,384,84,92,0.546875
0,kpcb,boba_ucb,2,8835,135,512,7,99,0.5390625
0,kpcb,boba_ucb,3,8835,135,640,0,99,0.5609375
0,kpcb,boba_ucb,4,8835,135,768,1,100,0.5598958333333334
0,kpcb,boba_ucb,5,8835,135,896,0,100,0.5535714285714286
0,kpcb,boba_ucb,6,8835,135,1024,0,100,0.5263671875
0,kpcb,rabvs_budgeted_reliable,1,8835,135,384,84,92,0.546875
0,kpcb,rabvs_budgeted_reliable,2,8835,135,512,7,99,0.5390625
0,kpcb,rabvs_budgeted_reliable,3,8835,135,640,0,99,0.5609375
0,kpcb,rabvs_budgeted_reliable,4,8835,135,768,1,100,0.5598958333333334
0,kpcb,rabvs_budgeted_reliable,5,8835,135,896,0,100,0.5535714285714286
0,kpcb,rabvs_budgeted_reliable,6,8835,135,1024,0,100,0.5263671875
0,kpcb,rabvs_budgeted_no_ucb,1,8835,135,384,86,94,0.546875
0,kpcb,rabvs_budgeted_no_ucb,2,8835,135,512,8,102,0.548828125
0,kpcb,rabvs_budgeted_no_ucb,3,8835,135,640,2,104,0.5453125
0,kpcb,rabvs_budgeted_no_ucb,4,8835,135,768,2,106,0.5716145833333334
0,kpcb,rabvs_budgeted_no_ucb,5,8835,135,896,5,111,0.5636160714285714
0,kpcb,rabvs_budgeted_no_ucb,6,8835,135,1024,0,111,0.5673828125
0,lck,boba_ucb,1,27820,420,384,128,136,0.3333333333333333
0,lck,boba_ucb,2,27820,420,512,24,160,0.337890625
0,lck,boba_ucb,3,27820,420,640,29,189,0.3421875
0,lck,boba_ucb,4,27820,420,768,4,193,0.359375
0,lck,boba_ucb,5,27820,420,896,11,204,0.3671875
0,lck,boba_ucb,6,27820,420,1024,1,205,0.3837890625
0,lck,rabvs_budgeted_reliable,1,27820,420,384,128,136,0.3333333333333333
0,lck,rabvs_budgeted_reliable,2,27820,420,512,24,160,0.337890625
0,lck,rabvs_budgeted_reliable,3,27820,420,640,29,189,0.3421875
0,lck,rabvs_budgeted_reliable,4,27820,420,768,4,193,0.359375
0,lck,rabvs_budgeted_reliable,5,27820,420,896,11,204,0.3671875
0,lck,rabvs_budgeted_reliable,6,27820,420,1024,1,205,0.3837890625
0,lck,rabvs_budgeted_no_ucb,1,27820,420,384,128,136,0.3333333333333333
0,lck,rabvs_budgeted_no_ucb,2,27820,420,512,127,263,0.27734375
0,lck,rabvs_budgeted_no_ucb,3,27820,420,640,66,329,0.275
0,lck,rabvs_budgeted_no_ucb,4,27820,420,768,34,363,0.28515625
0,lck,rabvs_budgeted_no_ucb,5,27820,420,896,8,371,0.28683035714285715
0,lck,rabvs_budgeted_no_ucb,6,27820,420,1024,9,380,0.2919921875
0,lkha4,boba_ucb,1,9621,171,384,128,136,0.3489583333333333
0,lkha4,boba_ucb,2,9621,171,512,7,143,0.400390625
0,lkha4,boba_ucb,3,9621,171,640,7,150,0.4046875
0,lkha4,boba_ucb,4,9621,171,768,1,151,0.3958333333333333
0,lkha4,boba_ucb,5,9621,171,896,0,151,0.39174107142857145
0,lkha4,boba_ucb,6,9621,171,1024,0,151,0.3916015625
0,lkha4,rabvs_budgeted_reliable,1,9621,171,384,128,136,0.3489583333333333
0,lkha4,rabvs_budgeted_reliable,2,9621,171,512,7,143,0.400390625
0,lkha4,rabvs_budgeted_reliable,3,9621,171,640,7,150,0.4046875
0,lkha4,rabvs_budgeted_reliable,4,9621,171,768,1,151,0.3958333333333333
0,lkha4,rabvs_budgeted_reliable,5,9621,171,896,0,151,0.39174107142857145
0,lkha4,rabvs_budgeted_reliable,6,9621,171,1024,0,151,0.3916015625
0,lkha4,rabvs_budgeted_no_ucb,1,9621,171,384,128,136,0.3489583333333333
0,lkha4,rabvs_budgeted_no_ucb,2,9621,171,512,25,161,0.3828125
0,lkha4,rabvs_budgeted_no_ucb,3,9621,171,640,7,168,0.3734375
0,lkha4,rabvs_budgeted_no_ucb,4,9621,171,768,1,169,0.3958333333333333
0,lkha4,rabvs_budgeted_no_ucb,5,9621,171,896,0,169,0.3950892857142857
0,lkha4,rabvs_budgeted_no_ucb,6,9621,171,1024,1,170,0.3935546875
0,mapk2,boba_ucb,1,6251,101,384,76,84,0.3880208333333333
0,mapk2,boba_ucb,2,6251,101,512,2,86,0.376953125
0,mapk2,boba_ucb,3,6251,101,640,2,88,0.3890625
0,mapk2,boba_ucb,4,6251,101,768,4,92,0.4075520833333333
0,mapk2,boba_ucb,5,6251,101,896,0,92,0.44419642857142855
0,mapk2,boba_ucb,6,6251,101,1024,0,92,0.4482421875
0,mapk2,rabvs_budgeted_reliable,1,6251,101,384,76,84,0.3880208333333333
0,mapk2,rabvs_budgeted_reliable,2,6251,101,512,2,86,0.376953125
0,mapk2,rabvs_budgeted_reliable,3,6251,101,640,2,88,0.3890625
0,mapk2,rabvs_budgeted_reliable,4,6251,101,768,4,92,0.4075520833333333
0,mapk2,rabvs_budgeted_reliable,5,6251,101,896,0,92,0.44419642857142855
0,mapk2,rabvs_budgeted_reliable,6,6251,101,1024,0,92,0.4482421875
0,mapk2,rabvs_budgeted_no_ucb,1,6251,101,384,78,86,0.4010416666666667
0,mapk2,rabvs_budgeted_no_ucb,2,6251,101,512,7,93,0.4140625
0,mapk2,rabvs_budgeted_no_ucb,3,6251,101,640,2,95,0.4375
0,mapk2,rabvs_budgeted_no_ucb,4,6251,101,768,1,96,0.4192708333333333
0,mapk2,rabvs_budgeted_no_ucb,5,6251,101,896,0,96,0.4174107142857143
0,mapk2,rabvs_budgeted_no_ucb,6,6251,101,1024,0,96,0.4208984375
0,mcr,boba_ucb,1,5244,94,384,64,72,0.4713541666666667
0,mcr,boba_ucb,2,5244,94,512,9,81,0.478515625
0,mcr,boba_ucb,3,5244,94,640,7,88,0.4609375
0,mcr,boba_ucb,4,5244,94,768,0,88,0.4869791666666667
0,mcr,boba_ucb,5,5244,94,896,0,88,0.48325892857142855
0,mcr,boba_ucb,6,5244,94,1024,0,88,0.4921875
0,mcr,rabvs_budgeted_reliable,1,5244,94,384,64,72,0.4713541666666667
0,mcr,rabvs_budgeted_reliable,2,5244,94,512,9,81,0.478515625
0,mcr,rabvs_budgeted_reliable,3,5244,94,640,7,88,0.4609375
0,mcr,rabvs_budgeted_reliable,4,5244,94,768,0,88,0.4869791666666667
0,mcr,rabvs_budgeted_reliable,5,5244,94,896,0,88,0.48325892857142855
0,mcr,rabvs_budgeted_reliable,6,5244,94,1024,0,88,0.4921875
0,mcr,rabvs_budgeted_no_ucb,1,5244,94,384,63,71,0.4765625
0,mcr,rabvs_budgeted_no_ucb,2,5244,94,512,15,86,0.494140625
0,mcr,rabvs_budgeted_no_ucb,3,5244,94,640,5,91,0.503125
0,mcr,rabvs_budgeted_no_ucb,4,5244,94,768,0,91,0.48828125
0,mcr,rabvs_budgeted_no_ucb,5,5244,94,896,1,92,0.5234375
0,mcr,rabvs_budgeted_no_ucb,6,5244,94,1024,2,94,0.5009765625
0,met,boba_ucb,1,11416,166,384,106,114,0.4453125
0,met,boba_ucb,2,11416,166,512,14,128,0.48046875
0,met,boba_ucb,3,11416,166,640,0,128,0.465625
0,met,boba_ucb,4,11416,166,768,0,128,0.44140625
0,met,boba_ucb,5,11416,166,896,0,128,0.45200892857142855
0,met,boba_ucb,6,11416,166,1024,0,128,0.4521484375
0,met,rabvs_budgeted_reliable,1,11416,166,384,106,114,0.4453125
0,met,rabvs_budgeted_reliable,2,11416,166,512,14,128,0.48046875
0,met,rabvs_budgeted_reliable,3,11416,166,640,0,128,0.465625
0,met,rabvs_budgeted_reliable,4,11416,166,768,0,128,0.44140625
0,met,rabvs_budgeted_reliable,5,11416,166,896,0,128,0.45200892857142855
0,met,rabvs_budgeted_reliable,6,11416,166,1024,0,128,0.4521484375
0,met,rabvs_budgeted_no_ucb,1,11416,166,384,110,118,0.4322916666666667
0,met,rabvs_budgeted_no_ucb,2,11416,166,512,26,144,0.458984375
0,met,rabvs_budgeted_no_ucb,3,11416,166,640,8,152,0.453125
0,met,rabvs_budgeted_no_ucb,4,11416,166,768,5,157,0.4453125
0,met,rabvs_budgeted_no_ucb,5,11416,166,896,0,157,0.45535714285714285
0,met,rabvs_budgeted_no_ucb,6,11416,166,1024,0,157,0.4306640625
0,mk01,boba_ucb,1,4629,79,384,44,52,0.4296875
0,mk01,boba_ucb,2,4629,79,512,6,58,0.5078125
0,mk01,boba_ucb,3,4629,79,640,2,60,0.5203125
0,mk01,boba_ucb,4,4629,79,768,0,60,0.5234375
0,mk01,boba_ucb,5,4629,79,896,0,60,0.5
0,mk01,boba_ucb,6,4629,79,1024,0,60,0.4970703125
0,mk01,rabvs_budgeted_reliable,1,4629,79,384,44,52,0.4296875
0,mk01,rabvs_budgeted_reliable,2,4629,79,512,6,58,0.5078125
0,mk01,rabvs_budgeted_reliable,3,4629,79,640,2,60,0.5203125
0,mk01,rabvs_budgeted_reliable,4,4629,79,768,0,60,0.5234375
0,mk01,rabvs_budgeted_reliable,5,4629,79,896,0,60,0.5
0,mk01,rabvs_budgeted_reliable,6,4629,79,1024,0,60,0.4970703125
0,mk01,rabvs_budgeted_no_ucb,1,4629,79,384,48,56,0.4453125
0,mk01,rabvs_budgeted_no_ucb,2,4629,79,512,6,62,0.45703125
0,mk01,rabvs_budgeted_no_ucb,3,4629,79,640,6,68,0.4609375
0,mk01,rabvs_budgeted_no_ucb,4,4629,79,768,7,75,0.4518229166666667
0,mk01,rabvs_budgeted_no_ucb,5,4629,79,896,0,75,0.4720982142857143
0,mk01,rabvs_budgeted_no_ucb,6,4629,79,1024,1,76,0.482421875
0,mk10,boba_ucb,1,6704,104,384,55,63,0.4270833333333333
0,mk10,boba_ucb,2,6704,104,512,12,75,0.431640625
0,mk10,boba_ucb,3,6704,104,640,0,75,0.428125
0,mk10,boba_ucb,4,6704,104,768,4,79,0.4674479166666667
0,mk10,boba_ucb,5,6704,104,896,2,81,0.47098214285714285
0,mk10,boba_ucb,6,6704,104,1024,0,81,0.4716796875
0,mk10,rabvs_budgeted_reliable,1,6704,104,384,55,63,0.4270833333333333
0,mk10,rabvs_budgeted_reliable,2,6704,104,512,12,75,0.431640625
0,mk10,rabvs_budgeted_reliable,3,6704,104,640,0,75,0.428125
0,mk10,rabvs_budgeted_reliable,4,6704,104,768,4,79,0.4674479166666667
0,mk10,rabvs_budgeted_reliable,5,6704,104,896,2,81,0.47098214285714285
0,mk10,rabvs_budgeted_reliable,6,6704,104,1024,0,81,0.4716796875
0,mk10,rabvs_budgeted_no_ucb,1,6704,104,384,63,71,0.4244791666666667
0,mk10,rabvs_budgeted_no_ucb,2,6704,104,512,13,84,0.423828125
0,mk10,rabvs_budgeted_no_ucb,3,6704,104,640,1,85,0.4578125
0,mk10,rabvs_budgeted_no_ucb,4,6704,104,768,0,85,0.4778645833333333
0,mk10,rabvs_budgeted_no_ucb,5,6704,104,896,0,85,0.48660714285714285
0,mk10,rabvs_budgeted_no_ucb,6,6704,104,1024,2,87,0.478515625
0,mk14,boba_ucb,1,36428,578,384,118,126,0.359375
0,mk14,boba_ucb,2,36428,578,512,86,212,0.33203125
0,mk14,boba_ucb,3,36428,578,640,4,216,0.3609375
0,mk14,boba_ucb,4,36428,578,768,36,252,0.37109375
0,mk14,boba_ucb,5,36428,578,896,3,255,0.37723214285714285
0,mk14,boba_ucb,6,36428,578,1024,12,267,0.365234375
0,mk14,rabvs_budgeted_reliable,1,36428,578,384,118,126,0.359375
0,mk14,rabvs_budgeted_reliable,2,36428,578,512,86,212,0.33203125
0,mk14,rabvs_budgeted_reliable,3,36428,578,640,4,216,0.3609375
0,mk14,rabvs_budgeted_reliable,4,36428,578,768,36,252,0.37109375
0,mk14,rabvs_budgeted_reliable,5,36428,578,896,3,255,0.37723214285714285
0,mk14,rabvs_budgeted_reliable,6,36428,578,1024,12,267,0.365234375
0,mk14,rabvs_budgeted_no_ucb,1,36428,578,384,119,127,0.3567708333333333
0,mk14,rabvs_budgeted_no_ucb,2,36428,578,512,113,240,0.314453125
0,mk14,rabvs_budgeted_no_ucb,3,36428,578,640,106,346,0.2828125
0,mk14,rabvs_budgeted_no_ucb,4,36428,578,768,90,436,0.2734375
0,mk14,rabvs_budgeted_no_ucb,5,36428,578,896,34,470,0.28683035714285715
0,mk14,rabvs_budgeted_no_ucb,6,36428,578,1024,26,496,0.296875
0,mmp13,boba_ucb,1,37772,572,384,128,136,0.65625
0,mmp13,boba_ucb,2,37772,572,512,43,179,0.6484375
0,mmp13,boba_ucb,3,37772,572,640,27,206,0.6125
0,mmp13,boba_ucb,4,37772,572,768,3,209,0.6263020833333334
0,mmp13,boba_ucb,5,37772,572,896,4,213,0.6071428571428571
0,mmp13,boba_ucb,6,37772,572,1024,12,225,0.572265625
0,mmp13,rabvs_budgeted_reliable,1,37772,572,384,128,136,0.65625
0,mmp13,rabvs_budgeted_reliable,2,37772,572,512,43,179,0.6484375
0,mmp13,rabvs_budgeted_reliable,3,37772,572,640,27,206,0.6125
0,mmp13,rabvs_budgeted_reliable,4,37772,572,768,3,209,0.6263020833333334
0,mmp13,rabvs_budgeted_reliable,5,37772,572,896,4,213,0.6071428571428571
0,mmp13,rabvs_budgeted_reliable,6,37772,572,1024,12,225,0.572265625
0,mmp13,rabvs_budgeted_no_ucb,1,37772,572,384,128,136,0.65625
0,mmp13,rabvs_budgeted_no_ucb,2,37772,572,512,128,264,0.736328125
0,mmp13,rabvs_budgeted_no_ucb,3,37772,572,640,113,377,0.7609375
0,mmp13,rabvs_budgeted_no_ucb,4,37772,572,768,48,425,0.72265625
0,mmp13,rabvs_budgeted_no_ucb,5,37772,572,896,37,462,0.6774553571428571
0,mmp13,rabvs_budgeted_no_ucb,6,37772,572,1024,18,480,0.6455078125
0,mp2k1,boba_ucb,1,8271,121,384,83,91,0.4921875
0,mp2k1,boba_ucb,2,8271,121,512,6,97,0.5078125
0,mp2k1,boba_ucb,3,8271,121,640,2,99,0.49375
0,mp2k1,boba_ucb,4,8271,121,768,1,100,0.5325520833333334
0,mp2k1,boba_ucb,5,8271,121,896,0,100,0.5368303571428571
0,mp2k1,boba_ucb,6,8271,121,1024,3,103,0.5107421875
0,mp2k1,rabvs_budgeted_reliable,1,8271,121,384,83,91,0.4921875
0,mp2k1,rabvs_budgeted_reliable,2,8271,121,512,6,97,0.5078125
0,mp2k1,rabvs_budgeted_reliable,3,8271,121,640,2,99,0.49375
0,mp2k1,rabvs_budgeted_reliable,4,8271,121,768,1,100,0.5325520833333334
0,mp2k1,rabvs_budgeted_reliable,5,8271,121,896,0,100,0.5368303571428571
0,mp2k1,rabvs_budgeted_reliable,6,8271,121,1024,3,103,0.5107421875
0,mp2k1,rabvs_budgeted_no_ucb,1,8271,121,384,86,94,0.4895833333333333
0,mp2k1,rabvs_budgeted_no_ucb,2,8271,121,512,10,104,0.546875
0,mp2k1,rabvs_budgeted_no_ucb,3,8271,121,640,3,107,0.565625
0,mp2k1,rabvs_budgeted_no_ucb,4,8271,121,768,2,109,0.5494791666666666
0,mp2k1,rabvs_budgeted_no_ucb,5,8271,121,896,2,111,0.5334821428571429
0,mp2k1,rabvs_budgeted_no_ucb,6,8271,121,1024,3,114,0.5400390625
0,nos1,boba_ucb,1,8150,100,384,53,61,0.328125
0,nos1,boba_ucb,2,8150,100,512,6,67,0.33984375
0,nos1,boba_ucb,3,8150,100,640,1,68,0.35625
0,nos1,boba_ucb,4,8150,100,768,3,71,0.3450520833333333
0,nos1,boba_ucb,5,8150,100,896,5,76,0.3470982142857143
0,nos1,boba_ucb,6,8150,100,1024,0,76,0.322265625
0,nos1,rabvs_budgeted_reliable,1,8150,100,384,53,61,0.328125
0,nos1,rabvs_budgeted_reliable,2,8150,100,512,6,67,0.33984375
0,nos1,rabvs_budgeted_reliable,3,8150,100,640,1,68,0.35625
0,nos1,rabvs_budgeted_reliable,4,8150,100,768,3,71,0.3450520833333333
0,nos1,rabvs_budgeted_reliable,5,8150,100,896,5,76,0.3470982142857143
0,nos1,rabvs_budgeted_reliable,6,8150,100,1024,0,76,0.322265625
0,nos1,rabvs_budgeted_no_ucb,1,8150,100,384,68,76,0.3177083333333333
0,nos1,rabvs_budgeted_no_ucb,2,8150,100,512,6,82,0.34375
0,nos1,rabvs_budgeted_no_ucb,3,8150,100,640,1,83,0.3703125
0,nos1,rabvs_budgeted_no_ucb,4,8150,100,768,4,87,0.3567708333333333
0,nos1,rabvs_budgeted_no_ucb,5,8150,100,896,3,90,0.36830357142857145
0,nos1,rabvs_budgeted_no_ucb,6,8150,100,1024,0,90,0.3857421875
0,nram,boba_ucb,1,6298,98,384,89,97,0.5390625
0,nram,boba_ucb,2,6298,98,512,0,97,0.564453125
0,nram,boba_ucb,3,6298,98,640,0,97,0.575
0,nram,boba_ucb,4,6298,98,768,0,97,0.5598958333333334
0,nram,boba_ucb,5,6298,98,896,0,97,0.5613839285714286
0,nram,boba_ucb,6,6298,98,1024,0,97,0.537109375
0,nram,rabvs_budgeted_reliable,1,6298,98,384,89,97,0.5390625
0,nram,rabvs_budgeted_reliable,2,6298,98,512,0,97,0.564453125
0,nram,rabvs_budgeted_reliable,3,6298,98,640,0,97,0.575
0,nram,rabvs_budgeted_reliable,4,6298,98,768,0,97,0.5598958333333334
0,nram,rabvs_budgeted_reliable,5,6298,98,896,0,97,0.5613839285714286
0,nram,rabvs_budgeted_reliable,6,6298,98,1024,0,97,0.537109375
0,nram,rabvs_budgeted_no_ucb,1,6298,98,384,89,97,0.5416666666666666
0,nram,rabvs_budgeted_no_ucb,2,6298,98,512,1,98,0.552734375
0,nram,rabvs_budgeted_no_ucb,3,6298,98,640,0,98,0.5625
0,nram,rabvs_budgeted_no_ucb,4,6298,98,768,0,98,0.5651041666666666
0,nram,rabvs_budgeted_no_ucb,5,6298,98,896,0,98,0.5491071428571429
0,nram,rabvs_budgeted_no_ucb,6,6298,98,1024,0,98,0.525390625
0,pa2ga,boba_ucb,1,5249,99,384,72,80,0.6276041666666666
0,pa2ga,boba_ucb,2,5249,99,512,7,87,0.63671875
0,pa2ga,boba_ucb,3,5249,99,640,0,87,0.590625
0,pa2ga,boba_ucb,4,5249,99,768,2,89,0.59765625
0,pa2ga,boba_ucb,5,5249,99,896,0,89,0.6294642857142857
0,pa2ga,boba_ucb,6,5249,99,1024,0,89,0.6220703125
0,pa2ga,rabvs_budgeted_reliable,1,5249,99,384,72,80,0.6276041666666666
0,pa2ga,rabvs_budgeted_reliable,2,5249,99,512,7,87,0.63671875
0,pa2ga,rabvs_budgeted_reliable,3,5249,99,640,0,87,0.590625
0,pa2ga,rabvs_budgeted_reliable,4,5249,99,768,2,89,0.59765625
0,pa2ga,rabvs_budgeted_reliable,5,5249,99,896,0,89,0.6294642857142857
0,pa2ga,rabvs_budgeted_reliable,6,5249,99,1024,0,89,0.6220703125
0,pa2ga,rabvs_budgeted_no_ucb,1,5249,99,384,77,85,0.6354166666666666
0,pa2ga,rabvs_budgeted_no_ucb,2,5249,99,512,4,89,0.671875
0,pa2ga,rabvs_budgeted_no_ucb,3,5249,99,640,6,95,0.625
0,pa2ga,rabvs_budgeted_no_ucb,4,5249,99,768,0,95,0.62890625
0,pa2ga,rabvs_budgeted_no_ucb,5,5249,99,896,0,95,0.6171875
0,pa2ga,rabvs_budgeted_no_ucb,6,5249,99,1024,0,95,0.6064453125
0,parp1,boba_ucb,1,30558,508,384,128,136,0.22916666666666666
0,parp1,boba_ucb,2,30558,508,512,78,214,0.220703125
0,parp1,boba_ucb,3,30558,508,640,2,216,0.278125
0,parp1,boba_ucb,4,30558,508,768,5,221,0.2838541666666667
0,parp1,boba_ucb,5,30558,508,896,1,222,0.3091517857142857
0,parp1,boba_ucb,6,30558,508,1024,1,223,0.3271484375
0,parp1,rabvs_budgeted_reliable,1,30558,508,384,128,136,0.22916666666666666
0,parp1,rabvs_budgeted_reliable,2,30558,508,512,78,214,0.220703125
0,parp1,rabvs_budgeted_reliable,3,30558,508,640,2,216,0.278125
0,parp1,rabvs_budgeted_reliable,4,30558,508,768,5,221,0.2838541666666667
0,parp1,rabvs_budgeted_reliable,5,30558,508,896,1,222,0.3091517857142857
0,parp1,rabvs_budgeted_reliable,6,30558,508,1024,1,223,0.3271484375
0,parp1,rabvs_budgeted_no_ucb,1,30558,508,384,128,136,0.22916666666666666
0,parp1,rabvs_budgeted_no_ucb,2,30558,508,512,122,258,0.208984375
0,parp1,rabvs_budgeted_no_ucb,3,30558,508,640,101,359,0.203125
0,parp1,rabvs_budgeted_no_ucb,4,30558,508,768,62,421,0.22265625
0,parp1,rabvs_budgeted_no_ucb,5,30558,508,896,40,461,0.25223214285714285
0,parp1,rabvs_budgeted_no_ucb,6,30558,508,1024,18,479,0.2734375
0,pde5a,boba_ucb,1,27948,398,384,119,127,0.4348958333333333
0,pde5a,boba_ucb,2,27948,398,512,36,163,0.4375
0,pde5a,boba_ucb,3,27948,398,640,30,193,0.440625
0,pde5a,boba_ucb,4,27948,398,768,10,203,0.4270833333333333
0,pde5a,boba_ucb,5,27948,398,896,2,205,0.4609375
0,pde5a,boba_ucb,6,27948,398,1024,0,205,0.439453125
0,pde5a,rabvs_budgeted_reliable,1,27948,398,384,119,127,0.4348958333333333
0,pde5a,rabvs_budgeted_reliable,2,27948,398,512,36,163,0.4375
0,pde5a,rabvs_budgeted_reliable,3,27948,398,640,30,193,0.440625
0,pde5a,rabvs_budgeted_reliable,4,27948,398,768,10,203,0.4270833333333333
0,pde5a,rabvs_budgeted_reliable,5,27948,398,896,2,205,0.4609375
0,pde5a,rabvs_budgeted_reliable,6,27948,398,1024,0,205,0.439453125
0,pde5a,rabvs_budgeted_no_ucb,1,27948,398,384,121,129,0.4609375
0,pde5a,rabvs_budgeted_no_ucb,2,27948,398,512,102,231,0.4375
0,pde5a,rabvs_budgeted_no_ucb,3,27948,398,640,63,294,0.44375
0,pde5a,rabvs_budgeted_no_ucb,4,27948,398,768,51,345,0.421875
0,pde5a,rabvs_budgeted_no_ucb,5,27948,398,896,9,354,0.4107142857142857
0,pde5a,rabvs_budgeted_no_ucb,6,27948,398,1024,10,364,0.427734375
0,pgh1,boba_ucb,1,10995,195,384,45,53,0.4322916666666667
0,pgh1,boba_ucb,2,10995,195,512,5,58,0.443359375
0,pgh1,boba_ucb,3,10995,195,640,1,59,0.41875
0,pgh1,boba_ucb,4,10995,195,768,44,103,0.4505208333333333
0,pgh1,boba_ucb,5,10995,195,896,0,103,0.46205357142857145
0,pgh1,boba_ucb,6,10995,195,1024,0,103,0.486328125
0,pgh1,rabvs_budgeted_reliable,1,10995,195,384,45,53,0.4322916666666667
0,pgh1,rabvs_budgeted_reliable,2,10995,195,512,5,58,0.443359375
0,pgh1,rabvs_budgeted_reliable,3,10995,195,640,1,59,0.41875
0,pgh1,rabvs_budgeted_reliable,4,10995,195,768,44,103,0.4505208333333333
0,pgh1,rabvs_budgeted_reliable,5,10995,195,896,0,103,0.46205357142857145
0,pgh1,rabvs_budgeted_reliable,6,10995,195,1024,0,103,0.486328125
0,pgh1,rabvs_budgeted_no_ucb,1,10995,195,384,65,73,0.4322916666666667
0,pgh1,rabvs_budgeted_no_ucb,2,10995,195,512,21,94,0.4296875
0,pgh1,rabvs_budgeted_no_ucb,3,10995,195,640,19,113,0.440625
0,pgh1,rabvs_budgeted_no_ucb,4,10995,195,768,8,121,0.4518229166666667
0,pgh1,rabvs_budgeted_no_ucb,5,10995,195,896,2,123,0.4564732142857143
0,pgh1,rabvs_budgeted_no_ucb,6,10995,195,1024,13,136,0.4658203125
0,pgh2,boba_ucb,1,23585,435,384,125,133,0.3177083333333333
0,pgh2,boba_ucb,2,23585,435,512,11,144,0.353515625
0,pgh2,boba_ucb,3,23585,435,640,24,168,0.3515625
0,pgh2,boba_ucb,4,23585,435,768,6,174,0.37109375
0,pgh2,boba_ucb,5,23585,435,896,5,179,0.38504464285714285
0,pgh2,boba_ucb,6,23585,435,1024,0,179,0.3876953125
0,pgh2,rabvs_budgeted_reliable,1,23585,435,384,125,133,0.3177083333333333
0,pgh2,rabvs_budgeted_reliable,2,23585,435,512,11,144,0.353515625
0,pgh2,rabvs_budgeted_reliable,3,23585,435,640,24,168,0.3515625
0,pgh2,rabvs_budgeted_reliable,4,23585,435,768,6,174,0.37109375
0,pgh2,rabvs_budgeted_reliable,5,23585,435,896,5,179,0.38504464285714285
0,pgh2,rabvs_budgeted_reliable,6,23585,435,1024,0,179,0.3876953125
0,pgh2,rabvs_budgeted_no_ucb,1,23585,435,384,123,131,0.3203125
0,pgh2,rabvs_budgeted_no_ucb,2,23585,435,512,114,245,0.298828125
0,pgh2,rabvs_budgeted_no_ucb,3,23585,435,640,24,269,0.296875
0,pgh2,rabvs_budgeted_no_ucb,4,23585,435,768,10,279,0.3567708333333333
0,pgh2,rabvs_budgeted_no_ucb,5,23585,435,896,6,285,0.3950892857142857
0,pgh2,rabvs_budgeted_no_ucb,6,23585,435,1024,2,287,0.390625
0,plk1,boba_ucb,1,6907,107,384,63,71,0.4244791666666667
0,plk1,boba_ucb,2,6907,107,512,21,92,0.4140625
0,plk1,boba_ucb,3,6907,107,640,0,92,0.459375
0,plk1,boba_ucb,4,6907,107,768,3,95,0.4674479166666667
0,plk1,boba_ucb,5,6907,107,896,1,96,0.45870535714285715
0,plk1,boba_ucb,6,6907,107,1024,0,96,0.451171875
0,plk1,rabvs_budgeted_reliable,1,6907,107,384,63,71,0.4244791666666667
0,plk1,rabvs_budgeted_reliable,2,6907,107,512,21,92,0.4140625
0,plk1,rabvs_budgeted_reliable,3,6907,107,640,0,92,0.459375
0,plk1,rabvs_budgeted_reliable,4,6907,107,768,3,95,0.4674479166666667
0,plk1,rabvs_budgeted_reliable,5,6907,107,896,1,96,0.45870535714285715
0,plk1,rabvs_budgeted_reliable,6,6907,107,1024,0,96,0.451171875
0,plk1,rabvs_budgeted_no_ucb,1,6907,107,384,73,81,0.4010416666666667
0,plk1,rabvs_budgeted_no_ucb,2,6907,107,512,10,91,0.41015625
0,plk1,rabvs_budgeted_no_ucb,3,6907,107,640,9,100,0.43125
0,plk1,rabvs_budgeted_no_ucb,4,6907,107,768,0,100,0.4114583333333333
0,plk1,rabvs_budgeted_no_ucb,5,6907,107,896,2,102,0.45424107142857145
0,plk1,rabvs_budgeted_no_ucb,6,6907,107,1024,2,104,0.4892578125
0,pnph,boba_ucb,1,7053,103,384,94,102,0.3984375
0,pnph,boba_ucb,2,7053,103,512,0,102,0.423828125
0,pnph,boba_ucb,3,7053,103,640,0,102,0.453125
0,pnph,boba_ucb,4,7053,103,768,0,102,0.47265625
0,pnph,boba_ucb,5,7053,103,896,0,102,0.47098214285714285
0,pnph,boba_ucb,6,7053,103,1024,0,102,0.4892578125
0,pnph,rabvs_budgeted_reliable,1,7053,103,384,94,102,0.3984375
0,pnph,rabvs_budgeted_reliable,2,7053,103,512,0,102,0.423828125
0,pnph,rabvs_budgeted_reliable,3,7053,103,640,0,102,0.453125
0,pnph,rabvs_budgeted_reliable,4,7053,103,768,0,102,0.47265625
0,pnph,rabvs_budgeted_reliable,5,7053,103,896,0,102,0.47098214285714285
0,pnph,rabvs_budgeted_reliable,6,7053,103,1024,0,102,0.4892578125
0,pnph,rabvs_budgeted_no_ucb,1,7053,103,384,94,102,0.4036458333333333
0,pnph,rabvs_budgeted_no_ucb,2,7053,103,512,1,103,0.427734375
0,pnph,rabvs_budgeted_no_ucb,3,7053,103,640,0,103,0.4640625
0,pnph,rabvs_budgeted_no_ucb,4,7053,103,768,0,103,0.4869791666666667
0,pnph,rabvs_budgeted_no_ucb,5,7053,103,896,0,103,0.47544642857142855
0,pnph,rabvs_budgeted_no_ucb,6,7053,103,1024,0,103,0.4765625
0,ppara,boba_ucb,1,19772,373,384,128,136,0.5520833333333334
0,ppara,boba_ucb,2,19772,373,512,13,149,0.564453125
0,ppara,boba_ucb,3,19772,373,640,4,153,0.5765625
0,ppara,boba_ucb,4,19772,373,768,0,153,0.5859375
0,ppara,boba_ucb,5,19772,373,896,1,154,0.5982142857142857
0,ppara,boba_ucb,6,19772,373,1024,0,154,0.5986328125
0,ppara,rabvs_budgeted_reliable,1,19772,373,384,128,136,0.5520833333333334
0,ppara,rabvs_budgeted_reliable,2,19772,373,512,13,149,0.564453125
0,ppara,rabvs_budgeted_reliable,3,19772,373,640,4,153,0.5765625
0,ppara,rabvs_budgeted_reliable,4,19772,373,768,0,153,0.5859375
0,ppara,rabvs_budgeted_reliable,5,19772,373,896,1,154,0.5982142857142857
0,ppara,rabvs_budgeted_reliable,6,19772,373,1024,0,154,0.5986328125
0,ppara,rabvs_budgeted_no_ucb,1,19772,373,384,128,136,0.5520833333333334
0,ppara,rabvs_budgeted_no_ucb,2,19772,373,512,128,264,0.51953125
0,ppara,rabvs_budgeted_no_ucb,3,19772,373,640,78,342,0.5109375
0,ppara,rabvs_budgeted_no_ucb,4,19772,373,768,13,355,0.5078125
0,ppara,rabvs_budgeted_no_ucb,5,19772,373,896,10,365,0.5223214285714286
0,ppara,rabvs_budgeted_no_ucb,6,19772,373,1024,3,368,0.5439453125
0,ppard,boba_ucb,1,12490,240,384,128,136,0.5390625
0,ppard,boba_ucb,2,12490,240,512,7,143,0.58203125
0,ppard,boba_ucb,3,12490,240,640,2,145,0.5359375
0,ppard,boba_ucb,4,12490,240,768,0,145,0.54296875
0,ppard,boba_ucb,5,12490,240,896,0,145,0.5401785714285714
0,ppard,boba_ucb,6,12490,240,1024,0,145,0.5419921875
0,ppard,rabvs_budgeted_reliable,1,12490,240,384,128,136,0.5390625
0,ppard,rabvs_budgeted_reliable,2,12490,240,512,7,143,0.58203125
0,ppard,rabvs_budgeted_reliable,3,12490,240,640,2,145,0.5359375
0,ppard,rabvs_budgeted_reliable,4,12490,240,768,0,145,0.54296875
0,ppard,rabvs_budgeted_reliable,5,12490,240,896,0,145,0.5401785714285714
0,ppard,rabvs_budgeted_reliable,6,12490,240,1024,0,145,0.5419921875
0,ppard,rabvs_budgeted_no_ucb,1,12490,240,384,128,136,0.5390625
0,ppard,rabvs_budgeted_no_ucb,2,12490,240,512,95,231,0.560546875
0,ppard,rabvs_budgeted_no_ucb,3,12490,240,640,5,236,0.5484375
0,ppard,rabvs_budgeted_no_ucb,4,12490,240,768,1,237,0.5299479166666666
0,ppard,rabvs_budgeted_no_ucb,5,12490,240,896,0,237,0.5736607142857143
0,ppard,rabvs_budgeted_no_ucb,6,12490,240,1024,0,237,0.5791015625
0,pparg,boba_ucb,1,25784,484,384,128,136,0.4713541666666667
0,pparg,boba_ucb,2,25784,484,512,53,189,0.4609375
0,pparg,boba_ucb,3,25784,484,640,3,192,0.4875
0,pparg,boba_ucb,4,25784,484,768,6,198,0.5104166666666666
0,pparg,boba_ucb,5,25784,484,896,1,199,0.5055803571428571
0,pparg,boba_ucb,6,25784,484,1024,0,199,0.544921875
0,pparg,rabvs_budgeted_reliable,1,25784,484,384,128,136,0.4713541666666667
0,pparg,rabvs_budgeted_reliable,2,25784,484,512,53,189,0.4609375
0,pparg,rabvs_budgeted_reliable,3,25784,484,640,3,192,0.4875
0,pparg,rabvs_budgeted_reliable,4,25784,484,768,6,198,0.5104166666666666
0,pparg,rabvs_budgeted_reliable,5,25784,484,896,1,199,0.5055803571428571
0,pparg,rabvs_budgeted_reliable,6,25784,484,1024,0,199,0.544921875
0,pparg,rabvs_budgeted_no_ucb,1,25784,484,384,128,136,0.4713541666666667
0,pparg,rabvs_budgeted_no_ucb,2,25784,484,512,128,264,0.455078125
0,pparg,rabvs_budgeted_no_ucb,3,25784,484,640,109,373,0.4953125
0,pparg,rabvs_budgeted_no_ucb,4,25784,484,768,38,411,0.5182291666666666
0,pparg,rabvs_budgeted_no_ucb,5,25784,484,896,24,435,0.5412946428571429
0,pparg,rabvs_budgeted_no_ucb,6,25784,484,1024,12,447,0.537109375
0,prgr,boba_ucb,1,15943,293,384,119,127,0.4192708333333333
0,prgr,boba_ucb,2,15943,293,512,26,153,0.419921875
0,prgr,boba_ucb,3,15943,293,640,4,157,0.4078125
0,prgr,boba_ucb,4,15943,293,768,2,159,0.4153645833333333
0,prgr,boba_ucb,5,15943,293,896,8,167,0.4107142857142857
0,prgr,boba_ucb,6,15943,293,1024,7,174,0.4091796875
0,prgr,rabvs_budgeted_reliable,1,15943,293,384,119,127,0.4192708333333333
0,prgr,rabvs_budgeted_reliable,2,15943,293,512,26,153,0.419921875
0,prgr,rabvs_budgeted_reliable,3,15943,293,640,4,157,0.4078125
0,prgr,rabvs_budgeted_reliable,4,15943,293,768,2,159,0.4153645833333333
0,prgr,rabvs_budgeted_reliable,5,15943,293,896,8,167,0.4107142857142857
0,prgr,rabvs_budgeted_reliable,6,15943,293,1024,7,174,0.4091796875
0,prgr,rabvs_budgeted_no_ucb,1,15943,293,384,118,126,0.4166666666666667
0,prgr,rabvs_budgeted_no_ucb,2,15943,293,512,55,181,0.4375
0,prgr,rabvs_budgeted_no_ucb,3,15943,293,640,23,204,0.425
0,prgr,rabvs_budgeted_no_ucb,4,15943,293,768,27,231,0.4348958333333333
0,prgr,rabvs_budgeted_no_ucb,5,15943,293,896,13,244,0.43191964285714285
0,prgr,rabvs_budgeted_no_ucb,6,15943,293,1024,5,249,0.4375
0,ptn1,boba_ucb,1,7380,130,384,74,82,0.5364583333333334
0,ptn1,boba_ucb,2,7380,130,512,19,101,0.53515625
0,ptn1,boba_ucb,3,7380,130,640,1,102,0.546875
0,ptn1,boba_ucb,4,7380,130,768,4,106,0.5611979166666666
0,ptn1,boba_ucb,5,7380,130,896,0,106,0.5725446428571429
0,ptn1,boba_ucb,6,7380,130,1024,0,106,0.58203125
0,ptn1,rabvs_budgeted_reliable,1,7380,130,384,74,82,0.5364583333333334
0,ptn1,rabvs_budgeted_reliable,2,7380,130,512,19,101,0.53515625
0,ptn1,rabvs_budgeted_reliable,3,7380,130,640,1,102,0.546875
0,ptn1,rabvs_budgeted_reliable,4,7380,130,768,4,106,0.5611979166666666
0,ptn1,rabvs_budgeted_reliable,5,7380,130,896,0,106,0.5725446428571429
0,ptn1,rabvs_budgeted_reliable,6,7380,130,1024,0,106,0.58203125
0,ptn1,rabvs_budgeted_no_ucb,1,7380,130,384,70,78,0.5416666666666666
0,ptn1,rabvs_budgeted_no_ucb,2,7380,130,512,26,104,0.583984375
0,ptn1,rabvs_budgeted_no_ucb,3,7380,130,640,11,115,0.5453125
0,ptn1,rabvs_budgeted_no_ucb,4,7380,130,768,8,123,0.5794270833333334
0,ptn1,rabvs_budgeted_no_ucb,5,7380,130,896,2,125,0.5669642857142857
0,ptn1,rabvs_budgeted_no_ucb,6,7380,130,1024,2,127,0.572265625
0,pur2,boba_ucb,1,2750,50,384,42,50,0.5963541666666666
0,pur2,boba_ucb,2,2750,50,512,0,50,0.59765625
0,pur2,boba_ucb,3,2750,50,640,0,50,0.628125
0,pur2,boba_ucb,4,2750,50,768,0,50,0.6341145833333334
0,pur2,boba_ucb,5,2750,50,896,0,50,0.6484375
0,pur2,boba_ucb,6,2750,50,1024,0,50,0.671875
0,pur2,rabvs_budgeted_reliable,1,2750,50,384,42,50,0.5963541666666666
0,pur2,rabvs_budgeted_reliable,2,2750,50,512,0,50,0.59765625
0,pur2,rabvs_budgeted_reliable,3,2750,50,640,0,50,0.628125
0,pur2,rabvs_budgeted_reliable,4,2750,50,768,0,50,0.6341145833333334
0,pur2,rabvs_budgeted_reliable,5,2750,50,896,0,50,0.6484375
0,pur2,rabvs_budgeted_reliable,6,2750,50,1024,0,50,0.671875
0,pur2,rabvs_budgeted_no_ucb,1,2750,50,384,42,50,0.5755208333333334
0,pur2,rabvs_budgeted_no_ucb,2,2750,50,512,0,50,0.59375
0,pur2,rabvs_budgeted_no_ucb,3,2750,50,640,0,50,0.590625
0,pur2,rabvs_budgeted_no_ucb,4,2750,50,768,0,50,0.5963541666666666
0,pur2,rabvs_budgeted_no_ucb,5,2750,50,896,0,50,0.6305803571428571
0,pur2,rabvs_budgeted_no_ucb,6,2750,50,1024,0,50,0.6298828125
0,pygm,boba_ucb,1,4027,77,384,64,72,0.4427083333333333
0,pygm,boba_ucb,2,4027,77,512,0,72,0.427734375
0,pygm,boba_ucb,3,4027,77,640,0,72,0.4625
0,pygm,boba_ucb,4,4027,77,768,0,72,0.4713541666666667
0,pygm,boba_ucb,5,4027,77,896,0,72,0.5234375
0,pygm,boba_ucb,6,4027,77,1024,0,72,0.5361328125
0,pygm,rabvs_budgeted_reliable,1,4027,77,384,64,72,0.4427083333333333
0,pygm,rabvs_budgeted_reliable,2,4027,77,512,0,72,0.427734375
0,pygm,rabvs_budgeted_reliable,3,4027,77,640,0,72,0.4625
0,pygm,rabvs_budgeted_reliable,4,4027,77,768,0,72,0.4713541666666667
0,pygm,rabvs_budgeted_reliable,5,4027,77,896,0,72,0.5234375
0,pygm,rabvs_budgeted_reliable,6,4027,77,1024,0,72,0.5361328125
0,pygm,rabvs_budgeted_no_ucb,1,4027,77,384,68,76,0.4296875
0,pygm,rabvs_budgeted_no_ucb,2,4027,77,512,1,77,0.416015625
0,pygm,rabvs_budgeted_no_ucb,3,4027,77,640,0,77,0.4296875
0,pygm,rabvs_budgeted_no_ucb,4,4027,77,768,0,77,0.4153645833333333
0,pygm,rabvs_budgeted_no_ucb,5,4027,77,896,0,77,0.4174107142857143
0,pygm,rabvs_budgeted_no_ucb,6,4027,77,1024,0,77,0.419921875
0,pyrd,boba_ucb,1,6561,111,384,89,97,0.3958333333333333
0,pyrd,boba_ucb,2,6561,111,512,9,106,0.412109375
0,pyrd,boba_ucb,3,6561,111,640,2,108,0.40625
0,pyrd,boba_ucb,4,6561,111,768,2,110,0.4010416666666667
0,pyrd,boba_ucb,5,6561,111,896,0,110,0.4252232142857143
0,pyrd,boba_ucb,6,6561,111,1024,0,110,0.447265625
0,pyrd,rabvs_budgeted_reliable,1,6561,111,384,89,97,0.3958333333333333
0,pyrd,rabvs_budgeted_reliable,2,6561,111,512,9,106,0.412109375
0,pyrd,rabvs_budgeted_reliable,3,6561,111,640,2,108,0.40625
0,pyrd,rabvs_budgeted_reliable,4,6561,111,768,2,110,0.4010416666666667
0,pyrd,rabvs_budgeted_reliable,5,6561,111,896,0,110,0.4252232142857143
0,pyrd,rabvs_budgeted_reliable,6,6561,111,1024,0,110,0.447265625
0,pyrd,rabvs_budgeted_no_ucb,1,6561,111,384,89,97,0.3984375
0,pyrd,rabvs_budgeted_no_ucb,2,6561,111,512,12,109,0.423828125
0,pyrd,rabvs_budgeted_no_ucb,3,6561,111,640,1,110,0.4046875
0,pyrd,rabvs_budgeted_no_ucb,4,6561,111,768,0,110,0.4244791666666667
0,pyrd,rabvs_budgeted_no_ucb,5,6561,111,896,1,111,0.4185267857142857
0,pyrd,rabvs_budgeted_no_ucb,6,6561,111,1024,0,111,0.427734375
0,reni,boba_ucb,1,7062,104,384,85,93,0.6171875
0,reni,boba_ucb,2,7062,104,512,4,97,0.62890625
0,reni,boba_ucb,3,7062,104,640,0,97,0.5890625
0,reni,boba_ucb,4,7062,104,768,1,98,0.5546875
0,reni,boba_ucb,5,7062,104,896,1,99,0.5825892857142857
0,reni,boba_ucb,6,7062,104,1024,0,99,0.5673828125
0,reni,rabvs_budgeted_reliable,1,7062,104,384,85,93,0.6171875
0,reni,rabvs_budgeted_reliable,2,7062,104,512,4,97,0.62890625
0,reni,rabvs_budgeted_reliable,3,7062,104,640,0,97,0.5890625
0,reni,rabvs_budgeted_reliable,4,7062,104,768,1,98,0.5546875
0,reni,rabvs_budgeted_reliable,5,7062,104,896,1,99,0.5825892857142857
0,reni,rabvs_budgeted_reliable,6,7062,104,1024,0,99,0.5673828125
0,reni,rabvs_budgeted_no_ucb,1,7062,104,384,86,94,0.6223958333333334
0,reni,rabvs_budgeted_no_ucb,2,7062,104,512,5,99,0.572265625
0,reni,rabvs_budgeted_no_ucb,3,7062,104,640,1,100,0.58125
0,reni,rabvs_budgeted_no_ucb,4,7062,104,768,0,100,0.5651041666666666
0,reni,rabvs_budgeted_no_ucb,5,7062,104,896,0,100,0.5703125
0,reni,rabvs_budgeted_no_ucb,6,7062,104,1024,0,100,0.564453125
0,rock1,boba_ucb,1,6400,100,384,68,76,0.3489583333333333
0,rock1,boba_ucb,2,6400,100,512,4,80,0.361328125
0,rock1,boba_ucb,3,6400,100,640,6,86,0.35
0,rock1,boba_ucb,4,6400,100,768,1,87,0.34375
0,rock1,boba_ucb,5,6400,100,896,0,87,0.32700892857142855
0,rock1,boba_ucb,6,6400,100,1024,0,87,0.326171875
0,rock1,rabvs_budgeted_reliable,1,6400,100,384,68,76,0.3489583333333333
0,rock1,rabvs_budgeted_reliable,2,6400,100,512,4,80,0.361328125
0,rock1,rabvs_budgeted_reliable,3,6400,100,640,6,86,0.35
0,rock1,rabvs_budgeted_reliable,4,6400,100,768,1,87,0.34375
0,rock1,rabvs_budgeted_reliable,5,6400,100,896,0,87,0.32700892857142855
0,rock1,rabvs_budgeted_reliable,6,6400,100,1024,0,87,0.326171875
0,rock1,rabvs_budgeted_no_ucb,1,6400,100,384,71,79,0.359375
0,rock1,rabvs_budgeted_no_ucb,2,6400,100,512,9,88,0.345703125
0,rock1,rabvs_budgeted_no_ucb,3,6400,100,640,0,88,0.36875
0,rock1,rabvs_budgeted_no_ucb,4,6400,100,768,6,94,0.3684895833333333
0,rock1,rabvs_budgeted_no_ucb,5,6400,100,896,4,98,0.33816964285714285
0,rock1,rabvs_budgeted_no_ucb,6,6400,100,1024,0,98,0.36328125
0,rxra,boba_ucb,1,7081,131,384,94,102,0.5416666666666666
0,rxra,boba_ucb,2,7081,131,512,28,130,0.548828125
0,rxra,boba_ucb,3,7081,131,640,0,130,0.5765625
0,rxra,boba_ucb,4,7081,131,768,0,130,0.55078125
0,rxra,boba_ucb,5,7081,131,896,0,130,0.5457589285714286
0,rxra,boba_ucb,6,7081,131,1024,0,130,0.568359375
0,rxra,rabvs_budgeted_reliable,1,7081,131,384,94,102,0.5416666666666666
0,rxra,rabvs_budgeted_reliable,2,7081,131,512,28,130,0.548828125
0,rxra,rabvs_budgeted_reliable,3,7081,131,640,0,130,0.5765625
0,rxra,rabvs_budgeted_reliable,4,7081,131,768,0,130,0.55078125
0,rxra,rabvs_budgeted_reliable,5,7081,131,896,0,130,0.5457589285714286
0,rxra,rabvs_budgeted_reliable,6,7081,131,1024,0,130,0.568359375
0,rxra,rabvs_budgeted_no_ucb,1,7081,131,384,105,113,0.546875
0,rxra,rabvs_budgeted_no_ucb,2,7081,131,512,18,131,0.54296875
0,rxra,rabvs_budgeted_no_ucb,3,7081,131,640,0,131,0.5890625
0,rxra,rabvs_budgeted_no_ucb,4,7081,131,768,0,131,0.5950520833333334
0,rxra,rabvs_budgeted_no_ucb,5,7081,131,896,0,131,0.5870535714285714
0,rxra,rabvs_budgeted_no_ucb,6,7081,131,1024,0,131,0.56640625
0,sahh,boba_ucb,1,3513,63,384,55,63,0.5442708333333334
0,sahh,boba_ucb,2,3513,63,512,0,63,0.599609375
0,sahh,boba_ucb,3,3513,63,640,0,63,0.5875
0,sahh,boba_ucb,4,3513,63,768,0,63,0.53515625
0,sahh,boba_ucb,5,3513,63,896,0,63,0.5580357142857143
0,sahh,boba_ucb,6,3513,63,1024,0,63,0.5419921875
0,sahh,rabvs_budgeted_reliable,1,3513,63,384,55,63,0.5442708333333334
0,sahh,rabvs_budgeted_reliable,2,3513,63,512,0,63,0.599609375
0,sahh,rabvs_budgeted_reliable,3,3513,63,640,0,63,0.5875
0,sahh,rabvs_budgeted_reliable,4,3513,63,768,0,63,0.53515625
0,sahh,rabvs_budgeted_reliable,5,3513,63,896,0,63,0.5580357142857143
0,sahh,rabvs_budgeted_reliable,6,3513,63,1024,0,63,0.5419921875
0,sahh,rabvs_budgeted_no_ucb,1,3513,63,384,55,63,0.546875
0,sahh,rabvs_budgeted_no_ucb,2,3513,63,512,0,63,0.55859375
0,sahh,rabvs_budgeted_no_ucb,3,3513,63,640,0,63,0.565625
0,sahh,rabvs_budgeted_no_ucb,4,3513,63,768,0,63,0.58203125
0,sahh,rabvs_budgeted_no_ucb,5,3513,63,896,0,63,0.5524553571428571
0,sahh,rabvs_budgeted_no_ucb,6,3513,63,1024,0,63,0.53125
0,src,boba_ucb,1,35024,524,384,128,136,0.4114583333333333
0,src,boba_ucb,2,35024,524,512,28,164,0.41015625
0,src,boba_ucb,3,35024,524,640,8,172,0.4
0,src,boba_ucb,4,35024,524,768,39,211,0.3854166666666667
0,src,boba_ucb,5,35024,524,896,1,212,0.37611607142857145
0,src,boba_ucb,6,35024,524,1024,0,212,0.3642578125
0,src,rabvs_budgeted_reliable,1,35024,524,384,128,136,0.4114583333333333
0,src,rabvs_budgeted_reliable,2,35024,524,512,28,164,0.41015625
0,src,rabvs_budgeted_reliable,3,35024,524,640,8,172,0.4
0,src,rabvs_budgeted_reliable,4,35024,524,768,39,211,0.3854166666666667
0,src,rabvs_budgeted_reliable,5,35024,524,896,1,212,0.37611607142857145
0,src,rabvs_budgeted_reliable,6,35024,524,1024,0,212,0.3642578125
0,src,rabvs_budgeted_no_ucb,1,35024,524,384,128,136,0.4088541666666667
0,src,rabvs_budgeted_no_ucb,2,35024,524,512,128,264,0.416015625
0,src,rabvs_budgeted_no_ucb,3,35024,524,640,111,375,0.3984375
0,src,rabvs_budgeted_no_ucb,4,35024,524,768,21,396,0.375
0,src,rabvs_budgeted_no_ucb,5,35024,524,896,22,418,0.3939732142857143
0,src,rabvs_budgeted_no_ucb,6,35024,524,1024,12,430,0.412109375
0,tgfr1,boba_ucb,1,8633,133,384,119,127,0.3098958333333333
0,tgfr1,boba_ucb,2,8633,133,512,0,127,0.306640625
0,tgfr1,boba_ucb,3,8633,133,640,0,127,0.296875
0,tgfr1,boba_ucb,4,8633,133,768,1,128,0.2942708333333333
0,tgfr1,boba_ucb,5,8633,133,896,0,128,0.3091517857142857
0,tgfr1,boba_ucb,6,8633,133,1024,0,128,0.3310546875
0,tgfr1,rabvs_budgeted_reliable,1,8633,133,384,119,127,0.3098958333333333
0,tgfr1,rabvs_budgeted_reliable,2,8633,133,512,0,127,0.306640625
0,tgfr1,rabvs_budgeted_reliable,3,8633,133,640,0,127,0.296875
0,tgfr1,rabvs_budgeted_reliable,4,8633,133,768,1,128,0.2942708333333333
0,tgfr1,rabvs_budgeted_reliable,5,8633,133,896,0,128,0.3091517857142857
0,tgfr1,rabvs_budgeted_reliable,6,8633,133,1024,0,128,0.3310546875
0,tgfr1,rabvs_budgeted_no_ucb,1,8633,133,384,119,127,0.3098958333333333
0,tgfr1,rabvs_budgeted_no_ucb,2,8633,133,512,2,129,0.298828125
0,tgfr1,rabvs_budgeted_no_ucb,3,8633,133,640,2,131,0.2921875
0,tgfr1,rabvs_budgeted_no_ucb,4,8633,133,768,0,131,0.2916666666666667
0,tgfr1,rabvs_budgeted_no_ucb,5,8633,133,896,1,132,0.31026785714285715
0,tgfr1,rabvs_budgeted_no_ucb,6,8633,133,1024,1,133,0.3212890625
0,thb,boba_ucb,1,7553,103,384,84,92,0.5442708333333334
0,thb,boba_ucb,2,7553,103,512,2,94,0.533203125
0,thb,boba_ucb,3,7553,103,640,0,94,0.5078125
0,thb,boba_ucb,4,7553,103,768,0,94,0.5169270833333334
0,thb,boba_ucb,5,7553,103,896,1,95,0.5066964285714286
0,thb,boba_ucb,6,7553,103,1024,0,95,0.5107421875
0,thb,rabvs_budgeted_reliable,1,7553,103,384,84,92,0.5442708333333334
0,thb,rabvs_budgeted_reliable,2,7553,103,512,2,94,0.533203125
0,thb,rabvs_budgeted_reliable,3,7553,103,640,0,94,0.5078125
0,thb,rabvs_budgeted_reliable,4,7553,103,768,0,94,0.5169270833333334
0,thb,rabvs_budgeted_reliable,5,7553,103,896,1,95,0.5066964285714286
0,thb,rabvs_budgeted_reliable,6,7553,103,1024,0,95,0.5107421875
0,thb,rabvs_budgeted_no_ucb,1,7553,103,384,87,95,0.5260416666666666
0,thb,rabvs_budgeted_no_ucb,2,7553,103,512,6,101,0.509765625
0,thb,rabvs_budgeted_no_ucb,3,7553,103,640,0,101,0.4921875
0,thb,rabvs_budgeted_no_ucb,4,7553,103,768,1,102,0.4895833333333333
0,thb,rabvs_budgeted_no_ucb,5,7553,103,896,0,102,0.49441964285714285
0,thb,rabvs_budgeted_no_ucb,6,7553,103,1024,0,102,0.490234375
0,thrb,boba_ucb,1,27465,461,384,128,136,0.5078125
0,thrb,boba_ucb,2,27465,461,512,11,147,0.537109375
0,thrb,boba_ucb,3,27465,461,640,6,153,0.5328125
0,thrb,boba_ucb,4,27465,461,768,4,157,0.5143229166666666
0,thrb,boba_ucb,5,27465,461,896,3,160,0.5223214285714286
0,thrb,boba_ucb,6,27465,461,1024,0,160,0.5068359375
0,thrb,rabvs_budgeted_reliable,1,27465,461,384,128,136,0.5078125
0,thrb,rabvs_budgeted_reliable,2,27465,461,512,11,147,0.537109375
0,thrb,rabvs_budgeted_reliable,3,27465,461,640,6,153,0.5328125
0,thrb,rabvs_budgeted_reliable,4,27465,461,768,4,157,0.5143229166666666
0,thrb,rabvs_budgeted_reliable,5,27465,461,896,3,160,0.5223214285714286
0,thrb,rabvs_budgeted_reliable,6,27465,461,1024,0,160,0.5068359375
0,thrb,rabvs_budgeted_no_ucb,1,27465,461,384,128,136,0.5078125
0,thrb,rabvs_budgeted_no_ucb,2,27465,461,512,128,264,0.57421875
0,thrb,rabvs_budgeted_no_ucb,3,27465,461,640,107,371,0.6078125
0,thrb,rabvs_budgeted_no_ucb,4,27465,461,768,28,399,0.6015625
0,thrb,rabvs_budgeted_no_ucb,5,27465,461,896,6,405,0.6060267857142857
0,thrb,rabvs_budgeted_no_ucb,6,27465,461,1024,10,415,0.626953125
0,try1,boba_ucb,1,26429,449,384,128,136,0.7083333333333334
0,try1,boba_ucb,2,26429,449,512,73,209,0.7109375
0,try1,boba_ucb,3,26429,449,640,0,209,0.6484375
0,try1,boba_ucb,4,26429,449,768,0,209,0.5690104166666666
0,try1,boba_ucb,5,26429,449,896,3,212,0.59375
0,try1,boba_ucb,6,26429,449,1024,1,213,0.595703125
0,try1,rabvs_budgeted_reliable,1,26429,449,384,128,136,0.7083333333333334
0,try1,rabvs_budgeted_reliable,2,26429,449,512,73,209,0.7109375
0,try1,rabvs_budgeted_reliable,3,26429,449,640,0,209,0.6484375
0,try1,rabvs_budgeted_reliable,4,26429,449,768,0,209,0.5690104166666666
0,try1,rabvs_budgeted_reliable,5,26429,449,896,3,212,0.59375
0,try1,rabvs_budgeted_reliable,6,26429,449,1024,1,213,0.595703125
0,try1,rabvs_budgeted_no_ucb,1,26429,449,384,128,136,0.7083333333333334
0,try1,rabvs_budgeted_no_ucb,2,26429,449,512,128,264,0.77734375
0,try1,rabvs_budgeted_no_ucb,3,26429,449,640,121,385,0.79375
0,try1,rabvs_budgeted_no_ucb,4,26429,449,768,28,413,0.765625
0,try1,rabvs_budgeted_no_ucb,5,26429,449,896,9,422,0.7421875
0,try1,rabvs_budgeted_no_ucb,6,26429,449,1024,7,429,0.712890625
0,tryb1,boba_ucb,1,7798,148,384,119,127,0.5104166666666666
0,tryb1,boba_ucb,2,7798,148,512,0,127,0.466796875
0,tryb1,boba_ucb,3,7798,148,640,0,127,0.4890625
0,tryb1,boba_ucb,4,7798,148,768,0,127,0.48828125
0,tryb1,boba_ucb,5,7798,148,896,0,127,0.46986607142857145
0,tryb1,boba_ucb,6,7798,148,1024,0,127,0.4580078125
0,tryb1,rabvs_budgeted_reliable,1,7798,148,384,119,127,0.5104166666666666
0,tryb1,rabvs_budgeted_reliable,2,7798,148,512,0,127,0.466796875
0,tryb1,rabvs_budgeted_reliable,3,7798,148,640,0,127,0.4890625
0,tryb1,rabvs_budgeted_reliable,4,7798,148,768,0,127,0.48828125
0,tryb1,rabvs_budgeted_reliable,5,7798,148,896,0,127,0.46986607142857145
0,tryb1,rabvs_budgeted_reliable,6,7798,148,1024,0,127,0.4580078125
0,tryb1,rabvs_budgeted_no_ucb,1,7798,148,384,116,124,0.515625
0,tryb1,rabvs_budgeted_no_ucb,2,7798,148,512,22,146,0.48046875
0,tryb1,rabvs_budgeted_no_ucb,3,7798,148,640,1,147,0.509375
0,tryb1,rabvs_budgeted_no_ucb,4,7798,148,768,0,147,0.4973958333333333
0,tryb1,rabvs_budgeted_no_ucb,5,7798,148,896,0,147,0.5033482142857143
0,tryb1,rabvs_budgeted_no_ucb,6,7798,148,1024,0,147,0.4892578125
0,tysy,boba_ucb,1,6859,109,384,73,81,0.5286458333333334
0,tysy,boba_ucb,2,6859,109,512,17,98,0.5
0,tysy,boba_ucb,3,6859,109,640,4,102,0.49375
0,tysy,boba_ucb,4,6859,109,768,0,102,0.51171875
0,tysy,boba_ucb,5,6859,109,896,0,102,0.5189732142857143
0,tysy,boba_ucb,6,6859,109,1024,0,102,0.5166015625
0,tysy,rabvs_budgeted_reliable,1,6859,109,384,73,81,0.5286458333333334
0,tysy,rabvs_budgeted_reliable,2,6859,109,512,17,98,0.5
0,tysy,rabvs_budgeted_reliable,3,6859,109,640,4,102,0.49375
0,tysy,rabvs_budgeted_reliable,4,6859,109,768,0,102,0.51171875
0,tysy,rabvs_budgeted_reliable,5,6859,109,896,0,102,0.5189732142857143
0,tysy,rabvs_budgeted_reliable,6,6859,109,1024,0,102,0.5166015625
0,tysy,rabvs_budgeted_no_ucb,1,6859,109,384,74,82,0.5338541666666666
0,tysy,rabvs_budgeted_no_ucb,2,6859,109,512,10,92,0.482421875
0,tysy,rabvs_budgeted_no_ucb,3,6859,109,640,1,93,0.471875
0,tysy,rabvs_budgeted_no_ucb,4,6859,109,768,2,95,0.53515625
0,tysy,rabvs_budgeted_no_ucb,5,6859,109,896,11,106,0.53125
0,tysy,rabvs_budgeted_no_ucb,6,6859,109,1024,3,109,0.544921875
0,urok,boba_ucb,1,10012,162,384,119,127,0.6354166666666666
0,urok,boba_ucb,2,10012,162,512,7,134,0.658203125
0,urok,boba_ucb,3,10012,162,640,1,135,0.634375
0,urok,boba_ucb,4,10012,162,768,1,136,0.5950520833333334
0,urok,boba_ucb,5,10012,162,896,0,136,0.6015625
0,urok,boba_ucb,6,10012,162,1024,0,136,0.5869140625
0,urok,rabvs_budgeted_reliable,1,10012,162,384,119,127,0.6354166666666666
0,urok,rabvs_budgeted_reliable,2,10012,162,512,7,134,0.658203125
0,urok,rabvs_budgeted_reliable,3,10012,162,640,1,135,0.634375
0,urok,rabvs_budgeted_reliable,4,10012,162,768,1,136,0.5950520833333334
0,urok,rabvs_budgeted_reliable,5,10012,162,896,0,136,0.6015625
0,urok,rabvs_budgeted_reliable,6,10012,162,1024,0,136,0.5869140625
0,urok,rabvs_budgeted_no_ucb,1,10012,162,384,120,128,0.6380208333333334
0,urok,rabvs_budgeted_no_ucb,2,10012,162,512,25,153,0.666015625
0,urok,rabvs_budgeted_no_ucb,3,10012,162,640,4,157,0.6421875
0,urok,rabvs_budgeted_no_ucb,4,10012,162,768,1,158,0.6197916666666666
0,urok,rabvs_budgeted_no_ucb,5,10012,162,896,0,158,0.6428571428571429
0,urok,rabvs_budgeted_no_ucb,6,10012,162,1024,0,158,0.6318359375
0,vgfr2,boba_ucb,1,25358,409,384,93,101,0.390625
0,vgfr2,boba_ucb,2,25358,409,512,40,141,0.396484375
0,vgfr2,boba_ucb,3,25358,409,640,22,163,0.4171875
0,vgfr2,boba_ucb,4,25358,409,768,6,169,0.45703125
0,vgfr2,boba_ucb,5,25358,409,896,3,172,0.4609375
0,vgfr2,boba_ucb,6,25358,409,1024,10,182,0.4599609375
0,vgfr2,rabvs_budgeted_reliable,1,25358,409,384,93,101,0.390625
0,vgfr2,rabvs_budgeted_reliable,2,25358,409,512,40,141,0.396484375
0,vgfr2,rabvs_budgeted_reliable,3,25358,409,640,22,163,0.4171875
0,vgfr2,rabvs_budgeted_reliable,4,25358,409,768,6,169,0.45703125
0,vgfr2,rabvs_budgeted_reliable,5,25358,409,896,3,172,0.4609375
0,vgfr2,rabvs_budgeted_reliable,6,25358,409,1024,10,182,0.4599609375
0,vgfr2,rabvs_budgeted_no_ucb,1,25358,409,384,88,96,0.3697916666666667
0,vgfr2,rabvs_budgeted_no_ucb,2,25358,409,512,125,221,0.37109375
0,vgfr2,rabvs_budgeted_no_ucb,3,25358,409,640,103,324,0.3625
0,vgfr2,rabvs_budgeted_no_ucb,4,25358,409,768,31,355,0.3815104166666667
0,vgfr2,rabvs_budgeted_no_ucb,5,25358,409,896,18,373,0.37276785714285715
0,vgfr2,rabvs_budgeted_no_ucb,6,25358,409,1024,16,389,0.3837890625
0,wee1,boba_ucb,1,6252,102,384,93,101,0.5390625
0,wee1,boba_ucb,2,6252,102,512,0,101,0.54296875
0,wee1,boba_ucb,3,6252,102,640,0,101,0.53125
0,wee1,boba_ucb,4,6252,102,768,0,101,0.4895833333333333
0,wee1,boba_ucb,5,6252,102,896,0,101,0.4810267857142857
0,wee1,boba_ucb,6,6252,102,1024,0,101,0.486328125
0,wee1,rabvs_budgeted_reliable,1,6252,102,384,93,101,0.5390625
0,wee1,rabvs_budgeted_reliable,2,6252,102,512,0,101,0.54296875
0,wee1,rabvs_budgeted_reliable,3,6252,102,640,0,101,0.53125
0,wee1,rabvs_budgeted_reliable,4,6252,102,768,0,101,0.4895833333333333
0,wee1,rabvs_budgeted_reliable,5,6252,102,896,0,101,0.4810267857142857
0,wee1,rabvs_budgeted_reliable,6,6252,102,1024,0,101,0.486328125
0,wee1,rabvs_budgeted_no_ucb,1,6252,102,384,94,102,0.546875
0,wee1,rabvs_budgeted_no_ucb,2,6252,102,512,0,102,0.5546875
0,wee1,rabvs_budgeted_no_ucb,3,6252,102,640,0,102,0.521875
0,wee1,rabvs_budgeted_no_ucb,4,6252,102,768,0,102,0.5065104166666666
0,wee1,rabvs_budgeted_no_ucb,5,6252,102,896,0,102,0.5178571428571429
0,wee1,rabvs_budgeted_no_ucb,6,6252,102,1024,0,102,0.5
0,xiap,boba_ucb,1,5250,100,384,90,98,0.4114583333333333
0,xiap,boba_ucb,2,5250,100,512,0,98,0.462890625
0,xiap,boba_ucb,3,5250,100,640,0,98,0.4921875
0,xiap,boba_ucb,4,5250,100,768,0,98,0.4908854166666667
0,xiap,boba_ucb,5,5250,100,896,0,98,0.5133928571428571
0,xiap,boba_ucb,6,5250,100,1024,0,98,0.517578125
0,xiap,rabvs_budgeted_reliable,1,5250,100,384,90,98,0.4114583333333333
0,xiap,rabvs_budgeted_reliable,2,5250,100,512,0,98,0.462890625
0,xiap,rabvs_budgeted_reliable,3,5250,100,640,0,98,0.4921875
0,xiap,rabvs_budgeted_reliable,4,5250,100,768,0,98,0.4908854166666667
0,xiap,rabvs_budgeted_reliable,5,5250,100,896,0,98,0.5133928571428571
0,xiap,rabvs_budgeted_reliable,6,5250,100,1024,0,98,0.517578125
0,xiap,rabvs_budgeted_no_ucb,1,5250,100,384,90,98,0.4140625
0,xiap,rabvs_budgeted_no_ucb,2,5250,100,512,1,99,0.46484375
0,xiap,rabvs_budgeted_no_ucb,3,5250,100,640,0,99,0.4921875
0,xiap,rabvs_budgeted_no_ucb,4,5250,100,768,0,99,0.4986979166666667
0,xiap,rabvs_budgeted_no_ucb,5,5250,100,896,1,100,0.5089285714285714
0,xiap,rabvs_budgeted_no_ucb,6,5250,100,1024,0,100,0.5107421875
