seed,target,method,ensemble_size,pool_size,active_count,active_ratio_pool,queried_total,queried_hits,AUBC,ECE,Brier,NLL,EF_0.1pct,EF_1pct,BEDROC_alpha20,neural_inferences,inference_saved_ratio,hits_per_1000_inferences,mean_pairwise_cosine_distance_at1000,mean_pairwise_tanimoto_at1000,PAINS_Brenk_free_ratio_at1000,PAINS_free_ratio_at1000,Brenk_free_ratio_at1000,unseen_initial_scaffold_hit_rate_at1000,high_score_high_unc_hit_rate,high_score_low_unc_hit_rate,false_confidence_gap,calib_train_size,calib_calibration_size,calib_test_size,calib_train_positive_count,calib_calibration_positive_count,conformal_residual_q90,conformal_coverage90,risk_coverage_auc,calib_ECE_test,calib_Brier_test,calib_NLL_test,Hit@100,Recall@100,unique_scaffold_count@100,Hit@500,Recall@500,unique_scaffold_count@500,Hit@1000,Recall@1000,unique_scaffold_count@1000
0,ADRB2,greedy_surrogate,5,50004,4,7.999360051195904e-05,2560,4,0.875,0.0007665797102154976,0.00011244817517138691,0.0008601173325660569,1000.08,100.00800000000001,0.9998001359576814,400032,0.0,0.00999920006399488,0.5985068678855896,0.12850915954164654,0.377,0.887,0.396,0.0,0.001599360255897641,0.0,-0.001599360255897641,2048,512,47444,3,1,0.01778492432822199,1.0,0.0001531504067857074,9.198459036761582e-05,1.5810679820724094e-07,9.206844194574907e-05,4,1.0,86,4,1.0,424,4,1.0,831
0,ADRB2,boba_ucb,5,50004,4,7.999360051195904e-05,2560,4,0.875,0.002090400336278854,0.0004884140068658592,0.0025039185299519057,1000.08,100.00800000000001,0.9986031073642451,5120,0.9872010239180865,0.78125,0.5953543186187744,0.1362703068203599,0.269,0.875,0.276,0.0,0.001599360255897641,0.0,-0.001599360255897641,2048,512,47444,3,1,0.016554474415846027,0.9939929179664446,0.0005627401346302227,0.0006521705062320772,7.936229270474091e-05,0.000707097317723514,4,1.0,85,4,1.0,418,4,1.0,820
0,ADRB2,rabvs_budgeted_reliable,5,50004,4,7.999360051195904e-05,2560,4,0.875,0.002090400336278854,0.0004884140068658592,0.0025039185299519057,1000.08,100.00800000000001,0.9966115641859541,5120,0.9872010239180865,0.78125,0.5967851877212524,0.13070795070491137,0.849,0.972,0.849,0.0,0.001599360255897641,0.0,-0.001599360255897641,2048,512,47444,3,1,0.016554474415846027,0.9939929179664446,0.0005627401346302227,0.0006521705062320772,7.936229270474091e-05,0.000707097317723514,4,1.0,90,4,1.0,478,4,1.0,978
0,ADRB2,rabvs_hit,5,50004,4,7.999360051195904e-05,2560,4,0.875,0.003135269367636197,0.0006894688103017826,0.0036851852732685208,1000.08,100.00800000000001,0.9987032983737177,5120,0.9872010239180865,0.78125,0.5924320220947266,0.1291408808845852,0.29500000000000004,0.875,0.30900000000000005,0.0,0.001599360255897641,0.0,-0.001599360255897641,2048,512,47444,3,1,0.009781615178625944,0.9766461512520024,0.0010375907652369072,0.001914608300749009,0.0003550422328653186,0.0021765640466225567,4,1.0,83,4,1.0,406,4,1.0,800
0,ADRB2,rabvs_reliable,5,50004,4,7.999360051195904e-05,2560,4,0.875,0.003135269367636197,0.0006894688103017826,0.0036851852732685208,1000.08,100.00800000000001,0.9956268676493419,5120,0.9872010239180865,0.78125,0.5912039279937744,0.1266680998775802,0.813,0.968,0.8160000000000001,0.0,0.001599360255897641,0.0,-0.001599360255897641,2048,512,47444,3,1,0.009781615178625944,0.9766461512520024,0.0010375907652369072,0.001914608300749009,0.0003550422328653186,0.0021765640466225567,4,1.0,87,4,1.0,466,4,1.0,964
1,ADRB2,greedy_surrogate,5,50004,4,7.999360051195904e-05,2560,4,0.875,0.0008430668832404818,0.00018848105786909656,0.0010395596274252006,1000.08,100.00800000000001,0.9991013906421352,400032,0.0,0.00999920006399488,0.5939999222755432,0.13472519084104506,0.30800000000000005,0.895,0.32399999999999995,0.0,0.0007996801279488205,0.0008,3.198720511795672e-07,2048,512,47444,3,1,0.036532741890862405,0.999957845038361,0.00019876196614910648,9.153052094586228e-05,2.8964570461379494e-07,9.169643551659295e-05,4,1.0,85,4,1.0,404,4,1.0,797
1,ADRB2,boba_ucb,5,50004,4,7.999360051195904e-05,2560,4,0.875,0.002283209545881078,0.0005902155143993789,0.0029777500132320885,1000.08,100.00800000000001,0.997308795746256,5120,0.9872010239180865,0.78125,0.6061207056045532,0.131876903279753,0.21299999999999997,0.865,0.22799999999999998,0.0,0.0007996801279488205,0.0008,3.198720511795672e-07,2048,512,47444,3,1,0.029099576458070053,0.9892294073012393,0.0019467737461444214,0.0019397709115948729,0.0004206750115543566,0.002251757539686439,4,1.0,79,4,1.0,391,4,1.0,770
1,ADRB2,rabvs_budgeted_reliable,5,50004,4,7.999360051195904e-05,2560,4,0.875,0.002283209545881078,0.0005902155143993789,0.0029777500132320885,1000.08,100.00800000000001,0.9978042098592603,5120,0.9872010239180865,0.78125,0.6127801537513733,0.12119556642270246,0.832,0.97,0.832,0.0,0.0007996801279488205,0.0008,3.198720511795672e-07,2048,512,47444,3,1,0.029099576458070053,0.9892294073012393,0.0019467737461444214,0.0019397709115948729,0.0004206750115543566,0.002251757539686439,4,1.0,83,4,1.0,471,4,1.0,971
1,ADRB2,rabvs_hit,5,50004,4,7.999360051195904e-05,2560,4,0.875,0.002442134305338899,0.0006085424929729774,0.0031693965185356503,1000.08,100.00800000000001,0.9971095287599677,5120,0.9872010239180865,0.78125,0.6020152568817139,0.12884854588491323,0.238,0.869,0.253,0.0,0.0007996801279488205,0.0008,3.198720511795672e-07,2048,512,47444,3,1,0.018128343802719705,0.983180170306045,0.001895484160529301,0.002046126263929975,0.00039613826941235075,0.0023337902607888828,4,1.0,77,4,1.0,390,4,1.0,786
1,ADRB2,rabvs_reliable,5,50004,4,7.999360051195904e-05,2560,4,0.875,0.002442134305338899,0.0006085424929729774,0.0031693965185356503,1000.08,100.00800000000001,0.9976049843087644,5120,0.9872010239180865,0.78125,0.6017386317253113,0.1228569327167025,0.834,0.964,0.835,0.0,0.0007996801279488205,0.0008,3.198720511795672e-07,2048,512,47444,3,1,0.018128343802719705,0.983180170306045,0.001895484160529301,0.002046126263929975,0.00039613826941235075,0.0023337902607888828,4,1.0,82,4,1.0,468,4,1.0,968
2,ADRB2,greedy_surrogate,5,50004,4,7.999360051195904e-05,2560,4,0.875,0.0008055843298279768,0.00013555729550866587,0.0009412586145818926,1000.08,100.00800000000001,0.9991022286624676,400032,0.0,0.00999920006399488,0.6006948947906494,0.12960544583238176,0.34199999999999997,0.893,0.359,0.0,0.001599360255897641,0.0,-0.001599360255897641,2048,512,47444,3,1,0.03987368384465191,0.9999789225191805,0.00021513786893355565,0.00011672067075807939,4.899930025028938e-07,0.00011697095570107492,4,1.0,86,4,1.0,406,4,1.0,815
2,ADRB2,boba_ucb,5,50004,4,7.999360051195904e-05,2560,4,0.875,0.0017063079792711561,0.00034440112206236964,0.0019932803436089877,1000.08,100.00800000000001,0.9982076832336567,5120,0.9872010239180865,0.78125,0.6044671535491943,0.12695499153720147,0.33699999999999997,0.889,0.359,0.0,0.001599360255897641,0.0,-0.001599360255897641,2048,512,47444,3,1,0.022046591481361906,0.9883230756260012,0.0009787298511964786,0.0014777963534522848,0.0002451578313017007,0.0016562782544104551,4,1.0,84,4,1.0,412,4,1.0,809
2,ADRB2,rabvs_budgeted_reliable,5,50004,4,7.999360051195904e-05,2560,4,0.875,0.0017063079792711561,0.00034440112206236964,0.0019932803436089877,1000.08,100.00800000000001,0.9961297960544957,5120,0.9872010239180865,0.78125,0.5932106971740723,0.1286657776499155,0.901,0.98,0.905,0.0,0.001599360255897641,0.0,-0.001599360255897641,2048,512,47444,3,1,0.022046591481361906,0.9883230756260012,0.0009787298511964786,0.0014777963534522848,0.0002451578313017007,0.0016562782544104551,4,1.0,86,4,1.0,479,4,1.0,978
2,ADRB2,rabvs_hit,5,50004,4,7.999360051195904e-05,2560,4,0.875,0.002683826945617513,0.0005640684119797043,0.003127553987361573,1000.08,100.00800000000001,0.9980093322800911,5120,0.9872010239180865,0.78125,0.5809815526008606,0.1327090721435532,0.33699999999999997,0.893,0.358,0.0,0.001599360255897641,0.0,-0.001599360255897641,2048,512,47444,3,1,0.028460755560220104,0.9850982210606188,0.001402931832844195,0.002313630659485263,0.0003857197743630315,0.002583768714916177,4,1.0,79,4,1.0,409,4,1.0,803
2,ADRB2,rabvs_reliable,5,50004,4,7.999360051195904e-05,2560,4,0.875,0.002683826945617513,0.0005640684119797043,0.003127553987361573,1000.08,100.00800000000001,0.9950452688155356,5120,0.9872010239180865,0.78125,0.5724853873252869,0.1314541867217318,0.855,0.971,0.861,0.0,0.001599360255897641,0.0,-0.001599360255897641,2048,512,47444,3,1,0.028460755560220104,0.9850982210606188,0.001402931832844195,0.002313630659485263,0.0003857197743630315,0.002583768714916177,4,1.0,84,4,1.0,463,4,1.0,961
0,ALDH1,greedy_surrogate,5,26640,1343,0.050412912912912916,2560,248,0.5060483870967742,0.055557933213629195,0.05825072111443425,0.2486022085781976,8.816083395383469,6.487775656565091,0.23360021038782858,213120,0.0,0.9618993993993994,0.6163950562477112,0.13118998352485456,0.371,0.821,0.387,0.2012779552715655,0.1006006006006006,0.13513513513513514,0.03453453453453455,2048,512,24080,198,50,0.6846070695108387,0.9566445182724252,0.08843846377518799,0.04413384926685764,0.050164388563152605,0.23370494844551207,38,0.028294862248696945,95,136,0.10126582278481013,450,205,0.1526433358153388,870
0,ALDH1,boba_ucb,5,26640,1343,0.050412912912912916,2560,200,0.48,0.07380830127071984,0.06783601100943476,0.2710875289268866,8.081409779101513,4.548900172993914,0.21431169135117806,3840,0.9819819819819819,46.614583333333336,0.5987079739570618,0.13884944973566138,0.43500000000000005,0.848,0.45999999999999996,0.17815482502651114,0.10885885885885886,0.12987987987987987,0.021021021021021005,2048,512,24080,160,40,0.7100882171418512,0.9519518272425249,0.0905697014641948,0.0638014824106482,0.062353155344287335,0.2581757259806859,29,0.021593447505584513,97,102,0.0759493670886076,444,179,0.1332836932241251,871
0,ALDH1,rabvs_budgeted_reliable,5,26640,1343,0.050412912912912916,2560,200,0.48,0.07380830127071984,0.06783601100943476,0.2710875289268866,5.1427153139736905,4.548900172993914,0.1998776975775842,3840,0.9819819819819819,44.270833333333336,0.5950073003768921,0.1398018012507869,0.5509999999999999,0.875,0.5680000000000001,0.16876310272536688,0.10885885885885886,0.12987987987987987,0.021021021021021005,2048,512,24080,160,40,0.7100882171418512,0.9519518272425249,0.0905697014641948,0.0638014824106482,0.062353155344287335,0.2581757259806859,25,0.018615040953090096,100,101,0.07520476545048399,467,170,0.12658227848101267,915
0,ALDH1,rabvs_hit,5,26640,1343,0.050412912912912916,2560,178,0.5414325842696629,0.09265092527386493,0.07872268125165971,0.293910487394962,5.1427153139736905,4.3997559050269,0.21817987432511762,3840,0.9819819819819819,46.35416666666667,0.6004838943481445,0.14238548552746522,0.469,0.845,0.498,0.17566137566137566,0.10135135135135136,0.1448948948948949,0.04354354354354355,2048,512,24080,142,36,0.6790361930169,0.9427740863787375,0.102365581820422,0.08352060362614845,0.0727065151957024,0.28551265283506133,26,0.0193596425912137,94,102,0.0759493670886076,444,178,0.1325390915860015,875
0,ALDH1,rabvs_reliable,5,26640,1343,0.050412912912912916,2560,178,0.5414325842696629,0.09265092527386493,0.07872268125165971,0.293910487394962,7.346736162819558,4.3997559050269,0.2076637793859496,3840,0.9819819819819819,43.48958333333333,0.5940924286842346,0.14272363745891004,0.589,0.878,0.608,0.1654373024236038,0.10135135135135136,0.1448948948948949,0.04354354354354355,2048,512,24080,142,36,0.6790361930169,0.9427740863787375,0.102365581820422,0.08352060362614845,0.0727065151957024,0.28551265283506133,29,0.021593447505584513,99,98,0.07297096053611318,474,167,0.12434847356664185,915
1,ALDH1,greedy_surrogate,5,26640,1343,0.050412912912912916,2560,213,0.5149647887323944,0.056868208312678054,0.05736435603666733,0.29519443335094175,6.612062546537602,5.816626450713529,0.2046335194610268,213120,0.0,0.8023648648648649,0.5904806852340698,0.1377604517045573,0.512,0.903,0.527,0.16943866943866945,0.10135135135135136,0.11036036036036036,0.009009009009009,2048,512,24080,170,43,0.721090425131387,0.9543189368770764,0.06165078219654397,0.04013087319074629,0.04800147848815316,0.2809829142229108,33,0.024571854058078928,98,118,0.08786299329858525,466,171,0.12732688011913626,903
1,ALDH1,boba_ucb,5,26640,1343,0.050412912912912916,2560,208,0.5294471153846154,0.07944260303422279,0.06933347704312573,0.2748291969301401,5.877388930255646,4.921760842911448,0.2051634756084943,3840,0.9819819819819819,41.666666666666664,0.5973666310310364,0.13587446287844718,0.503,0.901,0.524,0.16187433439829607,0.10810810810810811,0.12087087087087087,0.012762762762762753,2048,512,24080,166,42,0.6913517314181133,0.9537790697674419,0.08785415469452523,0.05747896144489237,0.057925262803574865,0.2545580205093479,26,0.0193596425912137,97,98,0.07297096053611318,458,160,0.11913626209977662,894
1,ALDH1,rabvs_budgeted_reliable,5,26640,1343,0.050412912912912916,2560,208,0.5294471153846154,0.07944260303422279,0.06933347704312573,0.2748291969301401,5.877388930255646,4.3997559050269,0.19843692924764073,3840,0.9819819819819819,40.885416666666664,0.5907143354415894,0.13636435610355735,0.646,0.92,0.6579999999999999,0.15513626834381553,0.10810810810810811,0.12087087087087087,0.012762762762762753,2048,512,24080,166,42,0.6913517314181133,0.9537790697674419,0.08785415469452523,0.05747896144489237,0.057925262803574865,0.2545580205093479,28,0.02084884586746091,98,101,0.07520476545048399,482,157,0.1169024571854058,938
1,ALDH1,rabvs_hit,5,26640,1343,0.050412912912912916,2560,174,0.538433908045977,0.09733806276300974,0.08164053423984585,0.3164949999453211,2.938694465127823,3.2066017612907918,0.18754778075635922,3840,0.9819819819819819,38.54166666666667,0.6027592420578003,0.13422563302532187,0.44499999999999995,0.91,0.46799999999999997,0.1463157894736842,0.1066066066066066,0.11786786786786786,0.011261261261261257,2048,512,24080,139,35,0.715575581395621,0.9456395348837209,0.12106295376841388,0.08367606647135664,0.07338735659281978,0.29232877571739546,14,0.010424422933730455,94,74,0.055100521221146684,438,148,0.11020104244229337,878
1,ALDH1,rabvs_reliable,5,26640,1343,0.050412912912912916,2560,174,0.538433908045977,0.09733806276300974,0.08164053423984585,0.3164949999453211,1.4693472325639114,3.2811738952742986,0.1737268073822393,3840,0.9819819819819819,37.5,0.5990288853645325,0.13324977887287226,0.5800000000000001,0.9299999999999999,0.595,0.1425598335067638,0.1066066066066066,0.11786786786786786,0.011261261261261257,2048,512,24080,139,35,0.715575581395621,0.9456395348837209,0.12106295376841388,0.08367606647135664,0.07338735659281978,0.29232877571739546,16,0.011913626209977662,100,75,0.05584512285927029,467,144,0.10722263588979895,916
2,ALDH1,greedy_surrogate,5,26640,1343,0.050412912912912916,2560,263,0.5408745247148289,0.053886712982270886,0.056850374075735774,0.2607650250531069,10.285430627947381,6.8606363264826244,0.2437521825016813,213120,0.0,0.9853603603603602,0.6111458539962769,0.1273602084538208,0.31399999999999995,0.8069999999999999,0.33199999999999996,0.21091290661070305,0.10960960960960961,0.14189189189189189,0.032282282282282276,2048,512,24080,210,53,0.6856267848332681,0.9563953488372093,0.06921302098075673,0.038022708800792705,0.04700966627759301,0.24034832940674156,40,0.029784065524944156,94,147,0.10945644080416977,460,210,0.1563663440059568,879
2,ALDH1,boba_ucb,5,26640,1343,0.050412912912912916,2560,211,0.5536137440758294,0.06736849722799479,0.06380527695748513,0.2699858588488927,5.877388930255646,5.5929100487630095,0.23575134183991064,3840,0.9819819819819819,53.385416666666664,0.6114016175270081,0.13411155670082464,0.29700000000000004,0.8069999999999999,0.32799999999999996,0.20780590717299577,0.11936936936936937,0.13588588588588588,0.016516516516516505,2048,512,24080,169,42,0.6709942026202673,0.9539451827242524,0.0777746330822337,0.0533285967941771,0.054838172031503166,0.25717866896617925,34,0.02531645569620253,95,118,0.08786299329858525,458,205,0.1526433358153388,880
2,ALDH1,rabvs_budgeted_reliable,5,26640,1343,0.050412912912912916,2560,211,0.5536137440758294,0.06736849722799479,0.06380527695748513,0.2699858588488927,7.346736162819558,5.518337914779502,0.23011274720393257,3840,0.9819819819819819,52.34375,0.6059866547584534,0.13444268035624674,0.392,0.821,0.42100000000000004,0.2027310924369748,0.11936936936936937,0.13588588588588588,0.016516516516516505,2048,512,24080,169,42,0.6709942026202673,0.9539451827242524,0.0777746330822337,0.0533285967941771,0.054838172031503166,0.25717866896617925,27,0.020104244229337303,100,120,0.08935219657483247,477,201,0.1496649292628444,913
2,ALDH1,rabvs_hit,5,26640,1343,0.050412912912912916,2560,197,0.5180837563451777,0.08083193276899037,0.07280375743331403,0.3012173277429862,5.1427153139736905,4.250611637059887,0.22366648854500637,3840,0.9819819819819819,50.0,0.6210095882415771,0.13099304008007173,0.264,0.85,0.273,0.1875,0.10810810810810811,0.1388888888888889,0.03078078078078078,2048,512,24080,158,39,0.6495796314674042,0.9424833887043189,0.09422102823016161,0.07152561865297609,0.06658194842264707,0.2760936007981421,26,0.0193596425912137,95,102,0.0759493670886076,448,192,0.14296351451973194,881
2,ALDH1,rabvs_reliable,5,26640,1343,0.050412912912912916,2560,197,0.5180837563451777,0.08083193276899037,0.07280375743331403,0.3012173277429862,5.1427153139736905,4.3997559050269,0.21991205252905016,3840,0.9819819819819819,51.5625,0.6153223514556885,0.13015770337222154,0.378,0.869,0.385,0.19222689075630253,0.10810810810810811,0.1388888888888889,0.03078078078078078,2048,512,24080,158,39,0.6495796314674042,0.9424833887043189,0.09422102823016161,0.07152561865297609,0.06658194842264707,0.2760936007981421,22,0.016381236038719285,98,112,0.08339538346984364,472,198,0.14743112434847358,911
0,ESR1_ago,greedy_surrogate,5,911,3,0.003293084522502744,911,3,0.875,0.010570833438096774,0.0012849270239816708,0.011326287243577815,303.6666666666667,101.22222222222221,1.0,7288,0.0,0.411635565312843,0.7339128851890564,0.09145190643049128,0.4401756311745335,0.9440175631174533,0.45773874862788144,0.0,0.06521739130434782,0.0,-0.06521739130434782,728,183,0,2,1,,,,,,,3,1.0,79,3,1.0,324,3,1.0,611
0,ESR1_ago,boba_ucb,5,911,3,0.003293084522502744,911,3,0.875,0.010570833438096774,0.0012849270239816708,0.011326287243577815,303.6666666666667,101.22222222222221,1.0,2596,0.6437980241492864,1.1556240369799693,0.7339128851890564,0.09145190643049128,0.4401756311745335,0.9440175631174533,0.45773874862788144,0.0,0.06521739130434782,0.0,-0.06521739130434782,728,183,0,2,1,,,,,,,3,1.0,79,3,1.0,324,3,1.0,611
0,ESR1_ago,rabvs_budgeted_reliable,5,911,3,0.003293084522502744,911,3,0.875,0.010570833438096774,0.0012849270239816708,0.011326287243577815,303.6666666666667,67.48148148148148,0.6739573754747678,2596,0.6437980241492864,1.1556240369799693,0.7339130640029907,0.09145190643049117,0.4401756311745335,0.9440175631174533,0.45773874862788144,0.0,0.06521739130434782,0.0,-0.06521739130434782,728,183,0,2,1,,,,,,,2,0.6666666666666666,96,2,0.6666666666666666,402,3,1.0,611
0,ESR1_ago,rabvs_hit,5,911,3,0.003293084522502744,911,3,0.875,0.010570833438096774,0.0012849270239816708,0.011326287243577815,303.6666666666667,101.22222222222221,1.0,2596,0.6437980241492864,1.1556240369799693,0.7339128851890564,0.09145190643049128,0.4401756311745335,0.9440175631174533,0.45773874862788144,0.0,0.06521739130434782,0.0,-0.06521739130434782,728,183,0,2,1,,,,,,,3,1.0,79,3,1.0,324,3,1.0,611
0,ESR1_ago,rabvs_reliable,5,911,3,0.003293084522502744,911,3,0.875,0.010570833438096774,0.0012849270239816708,0.011326287243577815,303.6666666666667,67.48148148148148,0.6739573754747678,2596,0.6437980241492864,1.1556240369799693,0.7339130640029907,0.09145190643049117,0.4401756311745335,0.9440175631174533,0.45773874862788144,0.0,0.06521739130434782,0.0,-0.06521739130434782,728,183,0,2,1,,,,,,,2,0.6666666666666666,96,2,0.6666666666666666,402,3,1.0,611
1,ESR1_ago,greedy_surrogate,5,911,3,0.003293084522502744,911,3,0.875,0.009377526808934139,0.0010777902950144976,0.010023155537544234,303.6666666666667,101.22222222222221,1.0,7288,0.0,0.411635565312843,0.7339509725570679,0.09145190643049117,0.4401756311745335,0.9440175631174533,0.45773874862788144,0.0,0.06521739130434782,0.0,-0.06521739130434782,728,183,0,2,1,,,,,,,3,1.0,77,3,1.0,331,3,1.0,611
1,ESR1_ago,boba_ucb,5,911,3,0.003293084522502744,911,3,0.875,0.009377526808934139,0.0010777902950144976,0.010023155537544234,303.6666666666667,101.22222222222221,1.0,2596,0.6437980241492864,1.1556240369799693,0.7339509725570679,0.09145190643049117,0.4401756311745335,0.9440175631174533,0.45773874862788144,0.0,0.06521739130434782,0.0,-0.06521739130434782,728,183,0,2,1,,,,,,,3,1.0,77,3,1.0,331,3,1.0,611
1,ESR1_ago,rabvs_budgeted_reliable,5,911,3,0.003293084522502744,911,3,0.875,0.009377526808934139,0.0010777902950144976,0.010023155537544234,303.6666666666667,67.48148148148148,0.6739573754747678,2596,0.6437980241492864,1.1556240369799693,0.7339509129524231,0.09145190643049139,0.4401756311745335,0.9440175631174533,0.45773874862788144,0.0,0.06521739130434782,0.0,-0.06521739130434782,728,183,0,2,1,,,,,,,2,0.6666666666666666,99,2,0.6666666666666666,400,3,1.0,611
1,ESR1_ago,rabvs_hit,5,911,3,0.003293084522502744,911,3,0.875,0.009377526808934139,0.0010777902950144976,0.010023155537544234,303.6666666666667,101.22222222222221,1.0,2596,0.6437980241492864,1.1556240369799693,0.7339509725570679,0.09145190643049117,0.4401756311745335,0.9440175631174533,0.45773874862788144,0.0,0.06521739130434782,0.0,-0.06521739130434782,728,183,0,2,1,,,,,,,3,1.0,77,3,1.0,331,3,1.0,611
1,ESR1_ago,rabvs_reliable,5,911,3,0.003293084522502744,911,3,0.875,0.009377526808934139,0.0010777902950144976,0.010023155537544234,303.6666666666667,67.48148148148148,0.6739573754747678,2596,0.6437980241492864,1.1556240369799693,0.7339509129524231,0.09145190643049139,0.4401756311745335,0.9440175631174533,0.45773874862788144,0.0,0.06521739130434782,0.0,-0.06521739130434782,728,183,0,2,1,,,,,,,2,0.6666666666666666,99,2,0.6666666666666666,400,3,1.0,611
2,ESR1_ago,greedy_surrogate,5,911,3,0.003293084522502744,911,3,0.875,0.012535182456399103,0.0018645405564556205,0.01365152273644323,303.6666666666667,101.22222222222221,1.0,7288,0.0,0.411635565312843,0.7340318560600281,0.09145190643049128,0.4401756311745335,0.9440175631174533,0.45773874862788144,0.0,0.043478260869565216,0.021739130434782608,-0.021739130434782608,728,183,0,2,1,,,,,,,3,1.0,76,3,1.0,334,3,1.0,611
2,ESR1_ago,boba_ucb,5,911,3,0.003293084522502744,911,3,0.875,0.012535182456399103,0.0018645405564556205,0.01365152273644323,303.6666666666667,101.22222222222221,1.0,2596,0.6437980241492864,1.1556240369799693,0.7340318560600281,0.09145190643049128,0.4401756311745335,0.9440175631174533,0.45773874862788144,0.0,0.043478260869565216,0.021739130434782608,-0.021739130434782608,728,183,0,2,1,,,,,,,3,1.0,76,3,1.0,334,3,1.0,611
2,ESR1_ago,rabvs_budgeted_reliable,5,911,3,0.003293084522502744,911,3,0.875,0.012535182456399103,0.0018645405564556205,0.01365152273644323,303.6666666666667,67.48148148148148,0.6739573754747678,2596,0.6437980241492864,1.1556240369799693,0.7340320348739624,0.0914519064304915,0.4401756311745335,0.9440175631174533,0.45773874862788144,0.0,0.043478260869565216,0.021739130434782608,-0.021739130434782608,728,183,0,2,1,,,,,,,2,0.6666666666666666,95,2,0.6666666666666666,403,3,1.0,611
2,ESR1_ago,rabvs_hit,5,911,3,0.003293084522502744,911,3,0.875,0.012535182456399103,0.0018645405564556205,0.01365152273644323,303.6666666666667,101.22222222222221,1.0,2596,0.6437980241492864,1.1556240369799693,0.7340318560600281,0.09145190643049128,0.4401756311745335,0.9440175631174533,0.45773874862788144,0.0,0.043478260869565216,0.021739130434782608,-0.021739130434782608,728,183,0,2,1,,,,,,,3,1.0,76,3,1.0,334,3,1.0,611
2,ESR1_ago,rabvs_reliable,5,911,3,0.003293084522502744,911,3,0.875,0.012535182456399103,0.0018645405564556205,0.01365152273644323,303.6666666666667,67.48148148148148,0.6739573754747678,2596,0.6437980241492864,1.1556240369799693,0.7340320348739624,0.0914519064304915,0.4401756311745335,0.9440175631174533,0.45773874862788144,0.0,0.043478260869565216,0.021739130434782608,-0.021739130434782608,728,183,0,2,1,,,,,,,2,0.6666666666666666,95,2,0.6666666666666666,403,3,1.0,611
0,ESR1_ant,greedy_surrogate,5,819,25,0.030525030525030524,819,25,0.8725,0.09462693326918438,0.03890907823830086,0.14618404059086795,32.76,24.57,0.7571924599190258,6552,0.0,3.8156288156288154,0.7360278367996216,0.09287460337191222,0.4652014652014652,0.9438339438339438,0.4786324786324786,0.030927835051546393,0.3170731707317073,0.1951219512195122,-0.12195121951219512,655,164,0,20,5,,,,,,,24,0.96,58,25,1.0,320,25,1.0,536
0,ESR1_ant,boba_ucb,5,819,25,0.030525030525030524,819,25,0.8725,0.09462693326918438,0.03890907823830086,0.14618404059086795,32.76,24.57,0.7571924599190258,2592,0.6043956043956045,9.645061728395062,0.7360278367996216,0.09287460337191222,0.4652014652014652,0.9438339438339438,0.4786324786324786,0.030927835051546393,0.3170731707317073,0.1951219512195122,-0.12195121951219512,655,164,0,20,5,,,,,,,24,0.96,58,25,1.0,320,25,1.0,536
0,ESR1_ant,rabvs_budgeted_reliable,5,819,25,0.030525030525030524,819,25,0.8725,0.09462693326918438,0.03890907823830086,0.14618404059086795,32.76,16.38,0.4632094172510184,2592,0.6043956043956045,9.645061728395062,0.736027717590332,0.09287460337191189,0.4652014652014652,0.9438339438339438,0.4786324786324786,0.030927835051546393,0.3170731707317073,0.1951219512195122,-0.12195121951219512,655,164,0,20,5,,,,,,,15,0.6,65,17,0.68,343,25,1.0,536
0,ESR1_ant,rabvs_hit,5,819,25,0.030525030525030524,819,25,0.8675,0.09462693326918438,0.03890907823830086,0.14618404059086795,32.76,24.57,0.7571924599190258,2592,0.6043956043956045,9.645061728395062,0.7360278367996216,0.09287460337191222,0.4652014652014652,0.9438339438339438,0.4786324786324786,0.030927835051546393,0.3170731707317073,0.1951219512195122,-0.12195121951219512,655,164,0,20,5,,,,,,,24,0.96,58,25,1.0,320,25,1.0,536
0,ESR1_ant,rabvs_reliable,5,819,25,0.030525030525030524,819,25,0.8675,0.09462693326918438,0.03890907823830086,0.14618404059086795,32.76,16.38,0.4632094172510184,2592,0.6043956043956045,9.645061728395062,0.736027717590332,0.09287460337191189,0.4652014652014652,0.9438339438339438,0.4786324786324786,0.030927835051546393,0.3170731707317073,0.1951219512195122,-0.12195121951219512,655,164,0,20,5,,,,,,,15,0.6,65,17,0.68,343,25,1.0,536
1,ESR1_ant,greedy_surrogate,5,819,25,0.030525030525030524,819,25,0.87,0.088307035664656,0.0342637998856404,0.1331573818317793,32.76,28.665,0.7956478968115817,6552,0.0,3.8156288156288154,0.7360116839408875,0.09287460337191189,0.4652014652014652,0.9438339438339438,0.4786324786324786,0.031088082901554404,0.4146341463414634,0.17073170731707318,-0.2439024390243902,655,164,0,20,5,,,,,,,25,1.0,65,25,1.0,324,25,1.0,536
1,ESR1_ant,boba_ucb,5,819,25,0.030525030525030524,819,25,0.87,0.088307035664656,0.0342637998856404,0.1331573818317793,32.76,28.665,0.7956478968115817,2592,0.6043956043956045,9.645061728395062,0.7360116839408875,0.09287460337191189,0.4652014652014652,0.9438339438339438,0.4786324786324786,0.031088082901554404,0.4146341463414634,0.17073170731707318,-0.2439024390243902,655,164,0,20,5,,,,,,,25,1.0,65,25,1.0,324,25,1.0,536
1,ESR1_ant,rabvs_budgeted_reliable,5,819,25,0.030525030525030524,819,25,0.87,0.088307035664656,0.0342637998856404,0.1331573818317793,32.76,20.475,0.5702500955048316,2592,0.6043956043956045,9.645061728395062,0.7360117435455322,0.09287460337191167,0.4652014652014652,0.9438339438339438,0.4786324786324786,0.031088082901554404,0.4146341463414634,0.17073170731707318,-0.2439024390243902,655,164,0,20,5,,,,,,,17,0.68,66,18,0.72,352,25,1.0,536
1,ESR1_ant,rabvs_hit,5,819,25,0.030525030525030524,819,25,0.8675,0.088307035664656,0.0342637998856404,0.1331573818317793,32.76,28.665,0.7956478968115817,2592,0.6043956043956045,9.645061728395062,0.7360116839408875,0.09287460337191189,0.4652014652014652,0.9438339438339438,0.4786324786324786,0.031088082901554404,0.4146341463414634,0.17073170731707318,-0.2439024390243902,655,164,0,20,5,,,,,,,25,1.0,65,25,1.0,324,25,1.0,536
1,ESR1_ant,rabvs_reliable,5,819,25,0.030525030525030524,819,25,0.8675,0.088307035664656,0.0342637998856404,0.1331573818317793,32.76,20.475,0.5702500955048316,2592,0.6043956043956045,9.645061728395062,0.7360117435455322,0.09287460337191167,0.4652014652014652,0.9438339438339438,0.4786324786324786,0.031088082901554404,0.4146341463414634,0.17073170731707318,-0.2439024390243902,655,164,0,20,5,,,,,,,17,0.68,66,18,0.72,352,25,1.0,536
2,ESR1_ant,greedy_surrogate,5,819,25,0.030525030525030524,819,25,0.87,0.08481214553711532,0.033573040517461586,0.13168383941784018,32.76,20.475,0.7537742678319312,6552,0.0,3.8156288156288154,0.736007034778595,0.09287460337191222,0.4652014652014652,0.9438339438339438,0.4786324786324786,0.026041666666666668,0.4146341463414634,0.0975609756097561,-0.31707317073170727,655,164,0,20,5,,,,,,,24,0.96,62,25,1.0,317,25,1.0,536
2,ESR1_ant,boba_ucb,5,819,25,0.030525030525030524,819,25,0.87,0.08481214553711532,0.033573040517461586,0.13168383941784018,32.76,20.475,0.7537742678319312,2592,0.6043956043956045,9.645061728395062,0.736007034778595,0.09287460337191222,0.4652014652014652,0.9438339438339438,0.4786324786324786,0.026041666666666668,0.4146341463414634,0.0975609756097561,-0.31707317073170727,655,164,0,20,5,,,,,,,24,0.96,62,25,1.0,317,25,1.0,536
2,ESR1_ant,rabvs_budgeted_reliable,5,819,25,0.030525030525030524,819,25,0.87,0.08481214553711532,0.033573040517461586,0.13168383941784018,32.76,16.38,0.5307184256224293,2592,0.6043956043956045,9.645061728395062,0.7360069751739502,0.092874603371912,0.4652014652014652,0.9438339438339438,0.4786324786324786,0.026041666666666668,0.4146341463414634,0.0975609756097561,-0.31707317073170727,655,164,0,20,5,,,,,,,16,0.64,66,17,0.68,346,25,1.0,536
2,ESR1_ant,rabvs_hit,5,819,25,0.030525030525030524,819,25,0.8725,0.08481214553711532,0.033573040517461586,0.13168383941784018,32.76,20.475,0.7537742678319312,2592,0.6043956043956045,9.645061728395062,0.736007034778595,0.09287460337191222,0.4652014652014652,0.9438339438339438,0.4786324786324786,0.026041666666666668,0.4146341463414634,0.0975609756097561,-0.31707317073170727,655,164,0,20,5,,,,,,,24,0.96,62,25,1.0,317,25,1.0,536
2,ESR1_ant,rabvs_reliable,5,819,25,0.030525030525030524,819,25,0.8725,0.08481214553711532,0.033573040517461586,0.13168383941784018,32.76,16.38,0.5307184256224293,2592,0.6043956043956045,9.645061728395062,0.7360069751739502,0.092874603371912,0.4652014652014652,0.9438339438339438,0.4786324786324786,0.026041666666666668,0.4146341463414634,0.0975609756097561,-0.31707317073170727,655,164,0,20,5,,,,,,,16,0.64,66,17,0.68,346,25,1.0,536
0,FEN1,greedy_surrogate,5,50091,91,0.001816693617615939,2560,43,0.6700581395348837,0.008806097407291614,0.003944834666861694,0.021385520346158777,176.14417582417585,41.75074027768639,0.4864068447488635,400728,0.0,0.10730470543610629,0.641691267490387,0.11207383465449217,0.277,0.863,0.28800000000000003,0.0295159386068477,0.013173652694610778,0.007584830339321357,-0.0055888223552894205,2048,512,47531,34,9,0.40140592350376875,0.9986535103406198,0.006835038116252141,0.004145241599225234,0.0016394939299083917,0.013693456540152431,25,0.27472527472527475,79,38,0.4175824175824176,384,43,0.4725274725274725,748
0,FEN1,boba_ucb,5,50091,91,0.001816693617615939,2560,27,0.8379629629629629,0.01051665964771486,0.004607785266653305,0.02417538405006712,132.10813186813186,31.862407054023823,0.4346221681633572,5120,0.9872232536783054,7.03125,0.6346505284309387,0.11370821495353167,0.259,0.842,0.269,0.022727272727272728,0.011177644710578843,0.009580838323353293,-0.0015968063872255495,2048,512,47531,22,5,0.22942904605130945,0.9922997622604195,0.005978012098997896,0.005157000876736278,0.00273370643654501,0.017039155933465513,16,0.17582417582417584,79,29,0.31868131868131866,384,36,0.3956043956043956,735
0,FEN1,rabvs_budgeted_reliable,5,50091,91,0.001816693617615939,2560,27,0.8379629629629629,0.01051665964771486,0.004607785266653305,0.02417538405006712,143.11714285714285,29.664999670987697,0.41128154641714315,5120,0.9872232536783054,7.03125,0.6393260359764099,0.11125712258616194,0.43600000000000005,0.875,0.43999999999999995,0.021111111111111112,0.011177644710578843,0.009580838323353293,-0.0015968063872255495,2048,512,47531,22,5,0.22942904605130945,0.9922997622604195,0.005978012098997896,0.005157000876736278,0.00273370643654501,0.017039155933465513,17,0.18681318681318682,88,27,0.2967032967032967,422,36,0.3956043956043956,850
0,FEN1,rabvs_hit,5,50091,91,0.001816693617615939,2560,27,0.7222222222222222,0.012034499604118433,0.0052521538671347,0.025046617041532587,143.11714285714285,34.05981443705995,0.4842214505523302,5120,0.9872232536783054,7.8125,0.6305805444717407,0.11683780906126628,0.268,0.792,0.28700000000000003,0.024793388429752067,0.013972055888223553,0.008383233532934131,-0.005588822355289421,2048,512,47531,22,5,0.2649216532668099,0.9900485998611432,0.006213718346251086,0.007942283131838207,0.003757306519167978,0.020104451861383755,18,0.1978021978021978,78,31,0.34065934065934067,372,40,0.43956043956043955,728
0,FEN1,rabvs_reliable,5,50091,91,0.001816693617615939,2560,27,0.7222222222222222,0.012034499604118433,0.0052521538671347,0.025046617041532587,132.10813186813186,36.25722182009608,0.4597626560483955,5120,0.9872232536783054,7.6171875,0.6345443725585938,0.11381090194338006,0.402,0.827,0.41600000000000004,0.02378255945639864,0.013972055888223553,0.008383233532934131,-0.005588822355289421,2048,512,47531,22,5,0.2649216532668099,0.9900485998611432,0.006213718346251086,0.007942283131838207,0.003757306519167978,0.020104451861383755,19,0.2087912087912088,84,33,0.3626373626373626,412,39,0.42857142857142855,805
1,FEN1,greedy_surrogate,5,50091,91,0.001816693617615939,2560,44,0.7215909090909091,0.012719852616300828,0.004699262299623398,0.023443315870627195,143.11714285714285,45.04685135224057,0.5216524678746642,400728,0.0,0.10730470543610629,0.615821123123169,0.1186388416234424,0.41900000000000004,0.838,0.45299999999999996,0.028376844494892167,0.014770459081836327,0.007984031936127744,-0.0067864271457085835,2048,512,47531,35,9,0.5018288436898299,0.9988849382508258,0.008845139959375472,0.006565799426057911,0.0018979560342426898,0.014585959131460545,20,0.21978021978021978,89,41,0.45054945054945056,406,43,0.4725274725274725,794
1,FEN1,boba_ucb,5,50091,91,0.001816693617615939,2560,39,0.6650641025641025,0.0158706990949248,0.005545858835961143,0.026780317227315262,132.10813186813186,38.4546292031322,0.5065941113869067,5120,0.9872232536783054,8.3984375,0.6137768626213074,0.12199822201903454,0.42200000000000004,0.85,0.44899999999999995,0.028506271379703536,0.015968063872255488,0.005988023952095809,-0.009980039920159679,2048,512,47531,31,8,0.4083552291623123,0.995434558498664,0.008223670015001067,0.009875900761527397,0.0034561740660844576,0.02034040519106186,19,0.2087912087912088,85,35,0.38461538461538464,418,43,0.4725274725274725,806
1,FEN1,rabvs_budgeted_reliable,5,50091,91,0.001816693617615939,2560,39,0.6650641025641025,0.0158706990949248,0.005545858835961143,0.026780317227315262,121.09912087912089,38.4546292031322,0.486382161640118,5120,0.9872232536783054,8.3984375,0.6143665313720703,0.12109342286935754,0.591,0.888,0.604,0.02628696604600219,0.015968063872255488,0.005988023952095809,-0.009980039920159679,2048,512,47531,31,8,0.4083552291623123,0.995434558498664,0.008223670015001067,0.009875900761527397,0.0034561740660844576,0.02034040519106186,20,0.21978021978021978,90,35,0.38461538461538464,443,43,0.4725274725274725,887
1,FEN1,rabvs_hit,5,50091,91,0.001816693617615939,2560,33,0.6742424242424242,0.02024023585598459,0.007677538341830578,0.033615176639367056,88.07208791208792,41.75074027768639,0.527018184618583,5120,0.9872232536783054,8.984375,0.6417026519775391,0.10783643842004675,0.4,0.861,0.42500000000000004,0.032917139614074914,0.016766467065868262,0.006387225548902195,-0.010379241516966068,2048,512,47531,26,7,0.33704331521841213,0.9908901558982559,0.01084761588658122,0.012417727620893953,0.004483638775620197,0.022664948576546176,16,0.17582417582417584,90,38,0.4175824175824176,428,46,0.5054945054945055,824
1,FEN1,rabvs_reliable,5,50091,91,0.001816693617615939,2560,33,0.6742424242424242,0.02024023585598459,0.007677538341830578,0.033615176639367056,88.07208791208792,42.84944396920445,0.5073555971909106,5120,0.9872232536783054,8.59375,0.6390274167060852,0.1074065281845824,0.536,0.884,0.5549999999999999,0.0297029702970297,0.016766467065868262,0.006387225548902195,-0.010379241516966068,2048,512,47531,26,7,0.33704331521841213,0.9908901558982559,0.01084761588658122,0.012417727620893953,0.004483638775620197,0.022664948576546176,16,0.17582417582417584,93,39,0.42857142857142855,453,44,0.4835164835164835,885
2,FEN1,greedy_surrogate,5,50091,91,0.001816693617615939,2560,38,0.694078947368421,0.012167750636224836,0.0043326770654051085,0.023836132586607352,132.10813186813186,40.65203658616832,0.4577698547519671,400728,0.0,0.09482741410632649,0.6223249435424805,0.11882787898207037,0.346,0.868,0.362,0.020134228187919462,0.013572854291417165,0.005988023952095809,-0.0075848303393213565,2048,512,47531,30,8,0.4047483427024063,0.998064421114641,0.006975592618156936,0.005834228847492739,0.002048298948952403,0.014353817476645468,21,0.23076923076923078,77,37,0.4065934065934066,381,38,0.4175824175824176,751
2,FEN1,boba_ucb,5,50091,91,0.001816693617615939,2560,36,0.6892361111111112,0.015062988496368916,0.005441270269972013,0.02726932012198296,143.11714285714285,35.15851812857801,0.4607167698497981,5120,0.9872232536783054,6.8359375,0.6289103031158447,0.11238568098313362,0.349,0.88,0.372,0.019122609673790775,0.013572854291417165,0.008383233532934131,-0.005189620758483034,2048,512,47531,29,7,0.29251087608294285,0.9927836569817593,0.0068400285490098755,0.007977074418753127,0.003060465260823833,0.018424621434346363,17,0.18681318681318682,74,32,0.3516483516483517,369,35,0.38461538461538464,751
2,FEN1,rabvs_budgeted_reliable,5,50091,91,0.001816693617615939,2560,36,0.6892361111111112,0.015062988496368916,0.005441270269972013,0.02726932012198296,154.12615384615387,36.25722182009608,0.42859563084430724,5120,0.9872232536783054,7.2265625,0.6306710839271545,0.11153432744518699,0.529,0.903,0.546,0.01935483870967742,0.013572854291417165,0.008383233532934131,-0.005189620758483034,2048,512,47531,29,7,0.29251087608294285,0.9927836569817593,0.0068400285490098755,0.007977074418753127,0.003060465260823833,0.018424621434346363,20,0.21978021978021978,86,33,0.3626373626373626,409,37,0.4065934065934066,841
2,FEN1,rabvs_hit,5,50091,91,0.001816693617615939,2560,30,0.7291666666666666,0.012369882467949418,0.005022309391322685,0.02543424720318397,143.11714285714285,35.15851812857801,0.4232630390295576,5120,0.9872232536783054,6.8359375,0.6111806035041809,0.11918088168980945,0.32599999999999996,0.889,0.33499999999999996,0.017857142857142856,0.012375249500998005,0.006786427145708583,-0.005588822355289422,2048,512,47531,24,6,0.23285541678835794,0.9899223664555764,0.007226002173029047,0.007505243993835372,0.003432861534901223,0.019032522596934828,19,0.2087912087912088,86,32,0.3516483516483517,367,35,0.38461538461538464,749
2,FEN1,rabvs_reliable,5,50091,91,0.001816693617615939,2560,30,0.7291666666666666,0.012369882467949418,0.005022309391322685,0.02543424720318397,132.10813186813186,34.05981443705995,0.40883291452166515,5120,0.9872232536783054,6.640625,0.6137942671775818,0.117433817293076,0.482,0.901,0.49,0.01611170784103115,0.012375249500998005,0.006786427145708583,-0.005588822355289422,2048,512,47531,24,6,0.23285541678835794,0.9899223664555764,0.007226002173029047,0.007505243993835372,0.003432861534901223,0.019032522596934828,18,0.1978021978021978,91,31,0.34065934065934067,412,34,0.37362637362637363,826
0,GBA,greedy_surrogate,5,50041,41,0.0008193281509162487,2560,18,0.8715277777777778,0.01192596074898897,0.0032399028238135935,0.018741755637986066,244.10243902439024,39.05639024390244,0.45862837249856997,400328,0.0,0.04496313023320877,0.6220666170120239,0.12989807296342537,0.507,0.882,0.538,0.0022598870056497176,0.005593288054334798,0.0031974420463629096,-0.0023958460079718884,2048,512,47481,14,4,0.16064584999860715,0.9951348960636887,0.0038897045985332316,0.00440958660252379,0.0009305428666863733,0.008892127909670915,13,0.3170731707317073,90,16,0.3902439024390244,392,18,0.43902439024390244,754
0,GBA,boba_ucb,5,50041,41,0.0008193281509162487,2560,17,0.8566176470588235,0.012931962148589039,0.002874159148486666,0.018771721239782876,317.3331707317073,46.379463414634145,0.5034726181379215,5120,0.9872104874003317,3.90625,0.6275864243507385,0.12783764442897871,0.558,0.889,0.598,0.0044004400440044,0.0075908909308829405,0.0015987210231814548,-0.0059921699077014855,2048,512,47481,14,3,0.22928228651117596,0.9894484109433247,0.006477296975166554,0.011878559000420442,0.0027282235074228703,0.018017229885346767,14,0.34146341463414637,83,19,0.4634146341463415,403,20,0.4878048780487805,774
0,GBA,rabvs_budgeted_reliable,5,50041,41,0.0008193281509162487,2560,17,0.8566176470588235,0.012931962148589039,0.002874159148486666,0.018771721239782876,292.92292682926825,41.497414634146345,0.47494713220251655,5120,0.9872104874003317,3.7109375,0.6240650415420532,0.12803540749225117,0.752,0.931,0.773,0.003194888178913738,0.0075908909308829405,0.0015987210231814548,-0.0059921699077014855,2048,512,47481,14,3,0.22928228651117596,0.9894484109433247,0.006477296975166554,0.011878559000420442,0.0027282235074228703,0.018017229885346767,14,0.34146341463414637,88,17,0.4146341463414634,441,19,0.4634146341463415,859
0,GBA,rabvs_hit,5,50041,41,0.0008193281509162487,2560,20,0.7875,0.014685683494365134,0.003617212988882035,0.02068047986461426,219.69219512195122,46.379463414634145,0.5033549864362197,5120,0.9872104874003317,3.7109375,0.6242440938949585,0.1319368734372739,0.382,0.8220000000000001,0.42000000000000004,0.00340522133938706,0.006392329204954055,0.002797761790567546,-0.003594567414386509,2048,512,47481,16,4,0.1514078853070801,0.9837408647669594,0.005606649974056058,0.00913193775248422,0.002295939541905272,0.014828417220784871,15,0.36585365853658536,89,19,0.4634146341463415,386,19,0.4634146341463415,743
0,GBA,rabvs_reliable,5,50041,41,0.0008193281509162487,2560,20,0.7875,0.014685683494365134,0.003617212988882035,0.02068047986461426,244.10243902439024,46.379463414634145,0.4929837980792718,5120,0.9872104874003317,3.90625,0.6263538599014282,0.12844512152432097,0.612,0.881,0.631,0.0032751091703056767,0.006392329204954055,0.002797761790567546,-0.003594567414386509,2048,512,47481,16,4,0.1514078853070801,0.9837408647669594,0.005606649974056058,0.00913193775248422,0.002295939541905272,0.014828417220784871,15,0.36585365853658536,92,19,0.4634146341463415,428,20,0.4878048780487805,841
1,GBA,greedy_surrogate,5,50041,41,0.0008193281509162487,2560,23,0.7907608695652174,0.007296769379541455,0.0017289808335197291,0.011798594752934068,414.97414634146344,56.14356097560975,0.5863502923277958,400328,0.0,0.057452888631322314,0.6349887251853943,0.12278527965943586,0.524,0.867,0.56,0.006557377049180328,0.008389932081502197,0.0019984012789768186,-0.006391530802525378,2048,512,47481,18,5,0.19295228227709244,0.9969882689918073,0.0024276529740317673,0.0033711277772430874,0.000794801513780075,0.00724247151093821,19,0.4634146341463415,89,23,0.5609756097560976,427,23,0.5609756097560976,824
1,GBA,boba_ucb,5,50041,41,0.0008193281509162487,2560,19,0.7796052631578947,0.0094188187870904,0.0024924896028597865,0.014668476416218507,268.51268292682926,46.379463414634145,0.5744275242931978,5120,0.9872104874003317,4.1015625,0.6225779056549072,0.12824077053893412,0.484,0.844,0.532,0.004362050163576881,0.007990411506192568,0.0035971223021582736,-0.0043932892040342945,2048,512,47481,15,4,0.2048218545711043,0.9931972789115646,0.0033126983303819395,0.005712527731406073,0.0017313103083105145,0.010634556796184242,17,0.4146341463414634,89,19,0.4634146341463415,430,21,0.5121951219512195,841
1,GBA,rabvs_budgeted_reliable,5,50041,41,0.0008193281509162487,2560,19,0.7796052631578947,0.0094188187870904,0.0024924896028597865,0.014668476416218507,366.15365853658534,46.379463414634145,0.5022238847630922,5120,0.9872104874003317,3.90625,0.6195468306541443,0.12648674194938392,0.7050000000000001,0.899,0.734,0.003194888178913738,0.007990411506192568,0.0035971223021582736,-0.0043932892040342945,2048,512,47481,15,4,0.2048218545711043,0.9931972789115646,0.0033126983303819395,0.005712527731406073,0.0017313103083105145,0.010634556796184242,17,0.4146341463414634,92,19,0.4634146341463415,460,20,0.4878048780487805,914
1,GBA,rabvs_hit,5,50041,41,0.0008193281509162487,2560,22,0.7102272727272727,0.01101612223190688,0.003073961558888563,0.016416766787580896,317.3331707317073,53.70253658536585,0.5750829567580427,5120,0.9872104874003317,4.4921875,0.6363997459411621,0.12649825557634897,0.43999999999999995,0.866,0.487,0.006600660066006601,0.008789452656811825,0.001199040767386091,-0.0075904118894257345,2048,512,47481,18,4,0.28295211040223,0.9937238053115983,0.005024512771592564,0.010743584645086825,0.0022959593539196403,0.015345847594080605,18,0.43902439024390244,85,22,0.5365853658536586,417,23,0.5609756097560976,802
1,GBA,rabvs_reliable,5,50041,41,0.0008193281509162487,2560,22,0.7102272727272727,0.01101612223190688,0.003073961558888563,0.016416766787580896,292.92292682926825,51.26151219512195,0.5326057743436834,5120,0.9872104874003317,4.296875,0.6335288286209106,0.12531063529282882,0.663,0.917,0.692,0.0053705692803437165,0.008789452656811825,0.001199040767386091,-0.0075904118894257345,2048,512,47481,18,4,0.28295211040223,0.9937238053115983,0.005024512771592564,0.010743584645086825,0.0022959593539196403,0.015345847594080605,16,0.3902439024390244,88,21,0.5121951219512195,448,22,0.5365853658536586,887
2,GBA,greedy_surrogate,5,50041,41,0.0008193281509162487,2560,23,0.7907608695652174,0.011529832748152504,0.0024960299637445133,0.016677464938850122,390.5639024390244,56.14356097560975,0.5783883452051188,400328,0.0,0.057452888631322314,0.6178036332130432,0.13414043498934858,0.609,0.893,0.663,0.007494646680942184,0.008389932081502197,0.0019984012789768186,-0.006391530802525378,2048,512,47481,18,5,0.2540939226648101,0.9974094901118342,0.002517609221590315,0.0038959502829598383,0.0009937352170387513,0.00872937564495721,20,0.4878048780487805,87,23,0.5609756097560976,420,23,0.5609756097560976,835
2,GBA,boba_ucb,5,50041,41,0.0008193281509162487,2560,23,0.7907608695652174,0.013849773987684635,0.003099365339304523,0.019123324648208193,341.74341463414635,56.14356097560975,0.5801764391847642,5120,0.9872104874003317,4.4921875,0.6207278966903687,0.13668679975812348,0.591,0.859,0.652,0.007352941176470588,0.0075908909308829405,0.002797761790567546,-0.004793129140315395,2048,512,47481,18,5,0.2102293001037939,0.9940607822076198,0.003260174119643509,0.006433037119989475,0.0013759826444165954,0.011325719827418965,20,0.4878048780487805,88,23,0.5609756097560976,442,23,0.5609756097560976,844
2,GBA,rabvs_budgeted_reliable,5,50041,41,0.0008193281509162487,2560,23,0.7907608695652174,0.013849773987684635,0.003099365339304523,0.019123324648208193,366.15365853658534,56.14356097560975,0.5761076541877697,5120,0.9872104874003317,4.6875,0.6172504425048828,0.13424061488812955,0.785,0.92,0.815,0.008359456635318705,0.0075908909308829405,0.002797761790567546,-0.004793129140315395,2048,512,47481,18,5,0.2102293001037939,0.9940607822076198,0.003260174119643509,0.006433037119989475,0.0013759826444165954,0.011325719827418965,18,0.43902439024390244,89,23,0.5609756097560976,460,24,0.5853658536585366,915
2,GBA,rabvs_hit,5,50041,41,0.0008193281509162487,2560,19,0.7861842105263158,0.010118463544088071,0.0025266321389789902,0.015797323991099753,366.15365853658534,46.379463414634145,0.5146634447867187,5120,0.9872104874003317,3.90625,0.6072771549224854,0.13576560169657137,0.527,0.848,0.585,0.004201680672268907,0.007990411506192568,0.0019984012789768186,-0.0059920102272157496,2048,512,47481,15,4,0.207765198986586,0.9920810429434932,0.003647948460172061,0.007431178761524678,0.0019774447651670626,0.012844186054561378,15,0.36585365853658536,87,19,0.4634146341463415,409,20,0.4878048780487805,814
2,GBA,rabvs_reliable,5,50041,41,0.0008193281509162487,2560,19,0.7861842105263158,0.010118463544088071,0.0025266321389789902,0.015797323991099753,317.3331707317073,48.82048780487805,0.506592962667464,5120,0.9872104874003317,3.90625,0.6021162867546082,0.135246745897885,0.748,0.905,0.779,0.0041797283176593526,0.007990411506192568,0.0019984012789768186,-0.0059920102272157496,2048,512,47481,15,4,0.207765198986586,0.9920810429434932,0.003647948460172061,0.007431178761524678,0.0019774447651670626,0.012844186054561378,17,0.4146341463414634,95,20,0.4878048780487805,444,20,0.4878048780487805,890
0,IDH1,greedy_surrogate,5,50009,9,0.00017996760583095044,2560,9,0.875,0.0018014074712597705,0.00022248594086858004,0.0020468642551228454,889.0488888888889,100.01799999999999,0.9976690768605767,400072,0.0,0.022495950728868803,0.623351514339447,0.1293518048254072,0.6779999999999999,0.942,0.6990000000000001,0.0,0.003198720511795282,0.0004,-0.0027987205117952817,2048,512,47449,7,2,0.06002113287052594,0.99860903285633,0.0007104320662626778,0.0008293421679995609,2.469084635056039e-05,0.0008424450772892284,9,1.0,96,9,1.0,450,9,1.0,856
0,IDH1,boba_ucb,5,50009,9,0.00017996760583095044,2560,9,0.875,0.0028952333810418067,0.0003464050986420526,0.003169192645337534,889.0488888888889,100.01799999999999,0.9956793888801942,5120,0.9872023035853547,1.7578125,0.6176918745040894,0.13083476762728485,0.694,0.948,0.716,0.0,0.003198720511795282,0.0004,-0.0027987205117952817,2048,512,47449,7,2,0.05809103852598065,0.9915488208392168,0.0013629163092787344,0.002396039801000246,0.0001766749984993673,0.002497865731955953,9,1.0,96,9,1.0,444,9,1.0,864
0,IDH1,rabvs_budgeted_reliable,5,50009,9,0.00017996760583095044,2560,9,0.875,0.0028952333810418067,0.0003464050986420526,0.003169192645337534,889.0488888888889,100.01799999999999,0.9813411510143837,5120,0.9872023035853547,1.7578125,0.6111644506454468,0.13139840289458937,0.94,0.99,0.945,0.0,0.003198720511795282,0.0004,-0.0027987205117952817,2048,512,47449,7,2,0.05809103852598065,0.9915488208392168,0.0013629163092787344,0.002396039801000246,0.0001766749984993673,0.002497865731955953,8,0.8888888888888888,98,9,1.0,483,9,1.0,982
0,IDH1,rabvs_hit,5,50009,9,0.00017996760583095044,2560,9,0.875,0.003564729155236451,0.0005072566221112904,0.004020665427116461,889.0488888888889,100.01799999999999,0.9926626541998006,5120,0.9872023035853547,1.7578125,0.6236949563026428,0.13026541530080882,0.628,0.9359999999999999,0.645,0.0,0.003198720511795282,0.0004,-0.0027987205117952817,2048,512,47449,7,2,0.0438024256201236,0.9872916183691964,0.0013719307974197062,0.0027461437138882393,0.00020645330520765483,0.0028714613417952072,8,0.8888888888888888,93,9,1.0,436,9,1.0,858
0,IDH1,rabvs_reliable,5,50009,9,0.00017996760583095044,2560,9,0.875,0.003564729155236451,0.0005072566221112904,0.004020665427116461,889.0488888888889,100.01799999999999,0.9787972425800866,5120,0.9872023035853547,1.7578125,0.614810585975647,0.13051204736577138,0.919,0.989,0.925,0.0,0.003198720511795282,0.0004,-0.0027987205117952817,2048,512,47449,7,2,0.0438024256201236,0.9872916183691964,0.0013719307974197062,0.0027461437138882393,0.00020645330520765483,0.0028714613417952072,8,0.8888888888888888,95,9,1.0,479,9,1.0,968
1,IDH1,greedy_surrogate,5,50009,9,0.00017996760583095044,2560,9,0.875,0.0018250493499703836,0.0003009809510938003,0.00215565268475087,1000.18,100.01799999999999,0.9976974950671902,400072,0.0,0.022495950728868803,0.6282508373260498,0.12676084454520142,0.718,0.935,0.742,0.0,0.0023990403838464614,0.0012,-0.0011990403838464615,2048,512,47449,7,2,0.0602242165673514,0.9974920440894434,0.0007795653354081227,0.0010497193248492139,5.307458855184266e-05,0.0010797989825840487,9,1.0,92,9,1.0,434,9,1.0,851
1,IDH1,boba_ucb,5,50009,9,0.00017996760583095044,2560,9,0.875,0.004414006275259107,0.0011326170108950252,0.0055635968689338655,666.7866666666666,100.01799999999999,0.9845026992603184,5120,0.9872023035853547,1.7578125,0.6138036251068115,0.13618048374635439,0.7150000000000001,0.947,0.733,0.0,0.0023990403838464614,0.0012,-0.0011990403838464615,2048,512,47449,7,2,0.04377368531860901,0.989251617526186,0.0011622103302081153,0.0023807424747747264,0.0003258882753384237,0.0026117947584018285,7,0.7777777777777778,81,9,1.0,429,9,1.0,829
1,IDH1,rabvs_budgeted_reliable,5,50009,9,0.00017996760583095044,2560,9,0.875,0.004414006275259107,0.0011326170108950252,0.0055635968689338655,777.9177777777778,100.01799999999999,0.9885390161313211,5120,0.9872023035853547,1.7578125,0.6202518343925476,0.12822561962364298,0.9299999999999999,0.993,0.933,0.0,0.0023990403838464614,0.0012,-0.0011990403838464615,2048,512,47449,7,2,0.04377368531860901,0.989251617526186,0.0011622103302081153,0.0023807424747747264,0.0003258882753384237,0.0026117947584018285,9,1.0,91,9,1.0,480,9,1.0,969
1,IDH1,rabvs_hit,5,50009,9,0.00017996760583095044,2560,9,0.875,0.004960689217838235,0.0012800171397085735,0.0062379835907987215,555.6555555555556,100.01799999999999,0.9824381635570709,5120,0.9872023035853547,1.7578125,0.611616313457489,0.13799578832708204,0.718,0.948,0.738,0.0,0.0023990403838464614,0.0012,-0.0011990403838464615,2048,512,47449,7,2,0.031309495115440206,0.9837720499905162,0.001049326367295317,0.0026717576114309357,0.00042858212430671786,0.00300166032488672,7,0.7777777777777778,81,9,1.0,423,9,1.0,823
1,IDH1,rabvs_reliable,5,50009,9,0.00017996760583095044,2560,9,0.875,0.004960689217838235,0.0012800171397085735,0.0062379835907987215,777.9177777777778,100.01799999999999,0.9882338572514288,5120,0.9872023035853547,1.7578125,0.6178662180900574,0.1288841888212443,0.924,0.986,0.931,0.0,0.0023990403838464614,0.0012,-0.0011990403838464615,2048,512,47449,7,2,0.031309495115440206,0.9837720499905162,0.001049326367295317,0.0026717576114309357,0.00042858212430671786,0.00300166032488672,9,1.0,91,9,1.0,472,9,1.0,963
2,IDH1,greedy_surrogate,5,50009,9,0.00017996760583095044,2560,9,0.875,0.001966773170365841,0.0002429908215541229,0.002212145874018266,1000.18,100.01799999999999,0.9992469314614948,400072,0.0,0.022495950728868803,0.6321066617965698,0.12605662516150495,0.6839999999999999,0.9299999999999999,0.71,0.0,0.003198720511795282,0.0004,-0.0027987205117952817,2048,512,47449,7,2,0.08010957962911971,0.9986933338953402,0.0006502615308044081,0.0008662817965326818,3.716631058210505e-05,0.000886646963686709,9,1.0,93,9,1.0,435,9,1.0,854
2,IDH1,boba_ucb,5,50009,9,0.00017996760583095044,2560,9,0.875,0.003405207932799369,0.00043320324419987983,0.0037714478455781737,1000.18,100.01799999999999,0.9985845568920093,5120,0.9872023035853547,1.7578125,0.6322728991508484,0.12537220617168698,0.71,0.931,0.742,0.0,0.003198720511795282,0.0004,-0.0027987205117952817,2048,512,47449,7,2,0.05524600399367385,0.9909376383063921,0.0011279957220226564,0.0022810635723453086,0.0002189251288682278,0.0024104774151969513,9,1.0,89,9,1.0,422,9,1.0,842
2,IDH1,rabvs_budgeted_reliable,5,50009,9,0.00017996760583095044,2560,9,0.875,0.003405207932799369,0.00043320324419987983,0.0037714478455781737,1000.18,100.01799999999999,0.9981867946942073,5120,0.9872023035853547,1.7578125,0.6292906999588013,0.12476805026597271,0.937,0.983,0.944,0.0,0.003198720511795282,0.0004,-0.0027987205117952817,2048,512,47449,7,2,0.05524600399367385,0.9909376383063921,0.0011279957220226564,0.0022810635723453086,0.0002189251288682278,0.0024104774151969513,9,1.0,97,9,1.0,475,9,1.0,968
2,IDH1,rabvs_hit,5,50009,9,0.00017996760583095044,2560,9,0.875,0.0037735713936773063,0.000524105717034748,0.004199876708758575,1000.18,100.01799999999999,0.9977897262317068,5120,0.9872023035853547,1.7578125,0.6327473521232605,0.12584216233955792,0.649,0.921,0.679,0.0,0.003198720511795282,0.0004,-0.0027987205117952817,2048,512,47449,7,2,0.07131260157557087,0.9888511875908871,0.0013595203861387266,0.0035679968299762665,0.0005883069236682426,0.0040479487874424906,9,1.0,91,9,1.0,433,9,1.0,839
2,IDH1,rabvs_reliable,5,50009,9,0.00017996760583095044,2560,9,0.875,0.0037735713936773063,0.000524105717034748,0.004199876708758575,1000.18,100.01799999999999,0.9978369834763291,5120,0.9872023035853547,1.7578125,0.627657949924469,0.12573158536920404,0.92,0.982,0.926,0.0,0.003198720511795282,0.0004,-0.0027987205117952817,2048,512,47449,7,2,0.07131260157557087,0.9888511875908871,0.0013595203861387266,0.0035679968299762665,0.0005883069236682426,0.0040479487874424906,9,1.0,93,9,1.0,474,9,1.0,966
0,KAT2A,greedy_surrogate,5,50048,48,0.0009590792838874681,2560,18,0.8506944444444444,0.025979573909735165,0.00519332303202512,0.03371692829884647,208.53333333333333,31.279999999999998,0.37002495774140415,400384,0.0,0.042459239130434784,0.6221204996109009,0.1289710822087059,0.41100000000000003,0.867,0.45099999999999996,0.003236245954692557,0.0043947263284059125,0.003996802557953637,-0.00039792377045227544,2048,512,47488,14,4,0.29978932808233905,0.9914925876010782,0.010489103666415197,0.018789847193156926,0.003907029586900614,0.026446070282592236,12,0.25,85,15,0.3125,421,17,0.3541666666666667,844
0,KAT2A,boba_ucb,5,50048,48,0.0009590792838874681,2560,18,0.84375,0.02513692653435156,0.005697553627159812,0.033561750214659375,208.53333333333333,31.279999999999998,0.36804340744864594,5120,0.9872122762148338,3.3203125,0.6185746192932129,0.12426821413388955,0.40700000000000003,0.827,0.44799999999999995,0.003329633740288568,0.003995205753096284,0.004796163069544364,0.0008009573164480801,2048,512,47488,14,4,0.28310037951037775,0.9826693059299192,0.013192763620231016,0.02279199640734229,0.005557651206140557,0.031831740494593634,10,0.20833333333333334,87,15,0.3125,413,17,0.3541666666666667,819
0,KAT2A,rabvs_budgeted_reliable,5,50048,48,0.0009590792838874681,2560,18,0.84375,0.02513692653435156,0.005697553627159812,0.033561750214659375,187.67999999999998,27.109333333333332,0.3549220747492951,5120,0.9872122762148338,3.125,0.6212104558944702,0.11986087948094482,0.624,0.886,0.649,0.0031982942430703624,0.003995205753096284,0.004796163069544364,0.0008009573164480801,2048,512,47488,14,4,0.28310037951037775,0.9826693059299192,0.013192763620231016,0.02279199640734229,0.005557651206140557,0.031831740494593634,11,0.22916666666666666,92,13,0.2708333333333333,453,16,0.3333333333333333,897
0,KAT2A,rabvs_hit,5,50048,48,0.0009590792838874681,2560,17,0.875,0.025953094790679518,0.006054239937620295,0.03479456239564562,125.11999999999999,33.36533333333333,0.3875425747915094,5120,0.9872122762148338,3.515625,0.6135379672050476,0.12870308342252934,0.474,0.879,0.49,0.002173913043478261,0.006392329204954055,0.002797761790567546,-0.003594567414386509,2048,512,47488,14,3,0.32625883310544346,0.9821428571428571,0.017924115242771387,0.02855695135039695,0.007564902936039276,0.038229925320753234,10,0.20833333333333334,95,16,0.3333333333333333,437,18,0.375,844
0,KAT2A,rabvs_reliable,5,50048,48,0.0009590792838874681,2560,17,0.875,0.025953094790679518,0.006054239937620295,0.03479456239564562,145.97333333333336,31.279999999999998,0.3601953977616624,5120,0.9872122762148338,3.515625,0.6157435178756714,0.1258966642296414,0.675,0.92,0.6890000000000001,0.0021231422505307855,0.006392329204954055,0.002797761790567546,-0.003594567414386509,2048,512,47488,14,3,0.32625883310544346,0.9821428571428571,0.017924115242771387,0.02855695135039695,0.007564902936039276,0.038229925320753234,10,0.20833333333333334,97,15,0.3125,468,18,0.375,917
1,KAT2A,greedy_surrogate,5,50048,48,0.0009590792838874681,2560,19,0.8519736842105263,0.01577417257848215,0.0037027470873578234,0.023301873576519493,271.09333333333336,37.535999999999994,0.389036036553267,400384,0.0,0.044956841432225066,0.6423446536064148,0.11889226290737465,0.505,0.892,0.5529999999999999,0.0022675736961451248,0.006392329204954055,0.0015987210231814548,-0.0047936081817726,2048,512,47488,15,4,0.29361720225801297,0.9943775269541779,0.007945921853562124,0.010990503374540595,0.002541981145752383,0.01784880191546479,14,0.2916666666666667,86,18,0.375,403,18,0.375,783
1,KAT2A,boba_ucb,5,50048,48,0.0009590792838874681,2560,21,0.8244047619047619,0.024965752143342526,0.007387119571762834,0.03558748379517242,83.41333333333333,35.45066666666667,0.4154304702999091,5120,0.9872122762148338,3.7109375,0.6409705877304077,0.11783918922851089,0.43999999999999995,0.887,0.471,0.004519774011299435,0.007191370355573312,0.0019984012789768186,-0.0051929690765964934,2048,512,47488,17,4,0.20548244907318486,0.9834484501347709,0.009318948454674526,0.015502287165578695,0.0033714666987805842,0.022400235095095276,10,0.20833333333333334,91,17,0.3541666666666667,406,19,0.3958333333333333,792
1,KAT2A,rabvs_budgeted_reliable,5,50048,48,0.0009590792838874681,2560,21,0.8244047619047619,0.024965752143342526,0.007387119571762834,0.03558748379517242,83.41333333333333,37.535999999999994,0.4075302276766698,5120,0.9872122762148338,3.515625,0.6405932307243347,0.11685354234695633,0.5880000000000001,0.908,0.611,0.004405286343612335,0.007191370355573312,0.0019984012789768186,-0.0051929690765964934,2048,512,47488,17,4,0.20548244907318486,0.9834484501347709,0.009318948454674526,0.015502287165578695,0.0033714666987805842,0.022400235095095276,9,0.1875,97,18,0.375,434,18,0.375,862
1,KAT2A,rabvs_hit,5,50048,48,0.0009590792838874681,2560,21,0.7708333333333334,0.02211235102558011,0.007110477553905766,0.03323625303582437,104.26666666666667,33.36533333333333,0.39750405744869904,5120,0.9872122762148338,3.90625,0.6535411477088928,0.10684797084469777,0.402,0.86,0.43000000000000005,0.0024067388688327317,0.006392329204954055,0.002398081534772182,-0.003994247670181873,2048,512,47488,17,4,0.24026310418924304,0.9852173180592992,0.009172093809510352,0.01437822268574736,0.0038782970142844982,0.022272328305209713,8,0.16666666666666666,84,16,0.3333333333333333,388,20,0.4166666666666667,754
1,KAT2A,rabvs_reliable,5,50048,48,0.0009590792838874681,2560,21,0.7708333333333334,0.02211235102558011,0.007110477553905766,0.03323625303582437,104.26666666666667,31.279999999999998,0.3995132387775317,5120,0.9872122762148338,3.7109375,0.6573523283004761,0.10422456666909752,0.525,0.887,0.5489999999999999,0.0023121387283236996,0.006392329204954055,0.002398081534772182,-0.003994247670181873,2048,512,47488,17,4,0.24026310418924304,0.9852173180592992,0.009172093809510352,0.01437822268574736,0.0038782970142844982,0.022272328305209713,8,0.16666666666666666,92,15,0.3125,427,19,0.3958333333333333,824
2,KAT2A,greedy_surrogate,5,50048,48,0.0009590792838874681,2560,20,0.80625,0.02522092238410635,0.005351444913787382,0.03260742625287979,208.53333333333333,39.62133333333333,0.4360044984314116,400384,0.0,0.05244964833759591,0.5800894498825073,0.14756461529381992,0.5349999999999999,0.885,0.587,0.006376195536663124,0.0059928086296444265,0.0031974420463629096,-0.002795366583281517,2048,512,47488,16,4,0.32812542606407963,0.995872641509434,0.005291853027128354,0.01201660689421992,0.002597742196119024,0.018750775479210335,13,0.2708333333333333,82,19,0.3958333333333333,436,21,0.4375,853
2,KAT2A,boba_ucb,5,50048,48,0.0009590792838874681,2560,19,0.8256578947368421,0.0217695412995619,0.004620220007859945,0.029422051964993555,271.09333333333336,37.535999999999994,0.41556709145574294,5120,0.9872122762148338,3.7109375,0.5880962014198303,0.14626878799976906,0.479,0.9,0.519,0.004343105320304018,0.006392329204954055,0.002797761790567546,-0.003594567414386509,2048,512,47488,15,4,0.21851668749624772,0.9818480458221024,0.005709102051837895,0.01695536283468864,0.004129136104205922,0.024495049844489206,13,0.2708333333333333,87,18,0.375,429,19,0.3958333333333333,843
2,KAT2A,rabvs_budgeted_reliable,5,50048,48,0.0009590792838874681,2560,19,0.8256578947368421,0.0217695412995619,0.004620220007859945,0.029422051964993555,229.38666666666666,35.45066666666667,0.4486827271607608,5120,0.9872122762148338,3.90625,0.5837986469268799,0.14635824888649407,0.725,0.949,0.744,0.004219409282700422,0.006392329204954055,0.002797761790567546,-0.003594567414386509,2048,512,47488,15,4,0.21851668749624772,0.9818480458221024,0.005709102051837895,0.01695536283468864,0.004129136104205922,0.024495049844489206,12,0.25,98,17,0.3541666666666667,464,20,0.4166666666666667,921
2,KAT2A,rabvs_hit,5,50048,48,0.0009590792838874681,2560,19,0.7960526315789473,0.024176820974070094,0.005602220689636313,0.03235051973394549,125.11999999999999,37.535999999999994,0.4019843096503877,5120,0.9872122762148338,3.7109375,0.5844035148620605,0.14227855718181337,0.5,0.92,0.54,0.003218884120171674,0.006392329204954055,0.0019984012789768186,-0.0043939279259772365,2048,512,47488,15,4,0.24441451953445753,0.9837853773584906,0.005418861592488416,0.015615513396702268,0.0041530462468419875,0.023794003891225025,13,0.2708333333333333,92,18,0.375,425,19,0.3958333333333333,827
2,KAT2A,rabvs_reliable,5,50048,48,0.0009590792838874681,2560,19,0.7960526315789473,0.024176820974070094,0.005602220689636313,0.03235051973394549,187.67999999999998,37.535999999999994,0.40318085488866584,5120,0.9872122762148338,3.515625,0.5776331424713135,0.1434532344851348,0.727,0.955,0.748,0.0031446540880503146,0.006392329204954055,0.0019984012789768186,-0.0043939279259772365,2048,512,47488,15,4,0.24441451953445753,0.9837853773584906,0.005418861592488416,0.015615513396702268,0.0041530462468419875,0.023794003891225025,13,0.2708333333333333,96,18,0.375,461,18,0.375,918
0,MAPK1,greedy_surrogate,5,15327,77,0.0050238141841195275,2560,39,0.6362179487179487,0.025983296227505327,0.010821937729706734,0.05382867641492006,79.62077922077923,33.82582123758595,0.44789116364717185,122616,0.0,0.31806615776081426,0.6143497824668884,0.13948262021506563,0.739,0.929,0.785,0.026837806301050177,0.03911342894393742,0.014360313315926894,-0.024753115628010525,2048,512,12767,31,8,0.3415068489196798,0.9949870760554554,0.009678613948789985,0.007604041774522232,0.004265818469764422,0.031838962910381303,22,0.2857142857142857,92,36,0.4675324675324675,436,39,0.5064935064935064,831
0,MAPK1,boba_ucb,5,15327,77,0.0050238141841195275,2560,35,0.6,0.035418403987878995,0.015190959404756588,0.06832522352191597,79.62077922077923,28.621848739495796,0.408351516083808,3328,0.9728583545377438,10.516826923076923,0.6216625571250916,0.13648710865319558,0.7050000000000001,0.915,0.766,0.02304147465437788,0.035202086049543675,0.014360313315926894,-0.02084177273361678,2048,512,12767,28,7,0.37876069414686064,0.989817498237644,0.01448850518236527,0.016693588790135352,0.007162783146171659,0.04597200474432275,19,0.24675324675324675,88,31,0.4025974025974026,424,35,0.45454545454545453,837
0,MAPK1,rabvs_budgeted_reliable,5,15327,77,0.0050238141841195275,2560,35,0.6,0.035418403987878995,0.015190959404756588,0.06832522352191597,66.35064935064935,27.320855614973265,0.38710591588657167,3328,0.9728583545377438,9.915865384615383,0.62416672706604,0.13516159909843395,0.791,0.9390000000000001,0.837,0.019165727170236752,0.035202086049543675,0.014360313315926894,-0.02084177273361678,2048,512,12767,28,7,0.37876069414686064,0.989817498237644,0.01448850518236527,0.016693588790135352,0.007162783146171659,0.04597200474432275,21,0.2727272727272727,96,30,0.38961038961038963,444,33,0.42857142857142855,897
0,MAPK1,rabvs_hit,5,15327,77,0.0050238141841195275,2560,33,0.6704545454545454,0.036904333355217235,0.01618045128976262,0.07135611610781815,66.35064935064935,23.417876241405654,0.3932369663255931,3328,0.9728583545377438,10.216346153846153,0.6227028965950012,0.1370218826968327,0.748,0.955,0.776,0.021517553793884484,0.02607561929595828,0.024804177545691905,-0.001271441750266375,2048,512,12767,26,7,0.3364366110357688,0.9873893632020052,0.01135565319524773,0.01585047440329681,0.007293822063764492,0.0451323409163094,17,0.22077922077922077,97,32,0.4155844155844156,437,34,0.44155844155844154,857
0,MAPK1,rabvs_reliable,5,15327,77,0.0050238141841195275,2560,33,0.6704545454545454,0.036904333355217235,0.01618045128976262,0.07135611610781815,66.35064935064935,27.320855614973265,0.37627179070104366,3328,0.9728583545377438,10.216346153846153,0.6260286569595337,0.13529970249530077,0.825,0.971,0.842,0.021040974529346623,0.02607561929595828,0.024804177545691905,-0.001271441750266375,2048,512,12767,26,7,0.3364366110357688,0.9873893632020052,0.01135565319524773,0.01585047440329681,0.007293822063764492,0.0451323409163094,16,0.2077922077922078,98,28,0.36363636363636365,458,34,0.44155844155844154,908
1,MAPK1,greedy_surrogate,5,15327,77,0.0050238141841195275,2560,33,0.696969696969697,0.01560831957128507,0.008342775508953373,0.04908747860697884,92.89090909090909,36.42780748663102,0.40642894281231595,122616,0.0,0.2609773602140014,0.6485100984573364,0.12530026655882842,0.766,0.94,0.8069999999999999,0.017361111111111112,0.035202086049543675,0.009138381201044387,-0.026063704848499288,2048,512,12767,26,7,0.3666847065701423,0.9958486723584241,0.007692591715633954,0.002702701697589295,0.004087534522172908,0.033987240224463006,27,0.35064935064935066,91,30,0.38961038961038963,433,32,0.4155844155844156,818
1,MAPK1,boba_ucb,5,15327,77,0.0050238141841195275,2560,26,0.7067307692307693,0.02365679416796213,0.0114556027324898,0.058227572396023004,53.080519480519484,27.320855614973265,0.35738649286119967,3328,0.9728583545377438,9.915865384615383,0.6460219621658325,0.1210563977310467,0.763,0.956,0.794,0.019721577726218097,0.03780964797913951,0.006527415143603133,-0.031282232835536376,2048,512,12767,21,5,0.28043171314713333,0.9872327093287382,0.008449573971561063,0.009057852581581153,0.0065794111049152365,0.04309297202594342,17,0.22077922077922077,94,27,0.35064935064935066,410,33,0.42857142857142855,799
1,MAPK1,rabvs_budgeted_reliable,5,15327,77,0.0050238141841195275,2560,26,0.7067307692307693,0.02365679416796213,0.0114556027324898,0.058227572396023004,53.080519480519484,24.718869365928192,0.3523842377005555,3328,0.9728583545377438,9.014423076923077,0.6408010721206665,0.12267428676213654,0.857,0.971,0.874,0.015659955257270694,0.03780964797913951,0.006527415143603133,-0.031282232835536376,2048,512,12767,21,5,0.28043171314713333,0.9872327093287382,0.008449573971561063,0.009057852581581153,0.0065794111049152365,0.04309297202594342,17,0.22077922077922077,96,26,0.33766233766233766,444,30,0.38961038961038963,877
1,MAPK1,rabvs_hit,5,15327,77,0.0050238141841195275,2560,27,0.7592592592592593,0.026992484566214153,0.011877199345515772,0.05985321694559975,53.080519480519484,29.922841864018334,0.3972878023087193,3328,0.9728583545377438,10.216346153846153,0.6538180708885193,0.12093950376580187,0.763,0.948,0.7989999999999999,0.019698725376593278,0.04041720990873533,0.005221932114882507,-0.03519527779385283,2048,512,12767,22,5,0.23970600960832225,0.9811232082713245,0.00920865390934876,0.010555602981659902,0.0072072865351677255,0.04743840996813636,19,0.24675324675324675,96,31,0.4025974025974026,411,34,0.44155844155844154,798
1,MAPK1,rabvs_reliable,5,15327,77,0.0050238141841195275,2560,27,0.7592592592592593,0.026992484566214153,0.011877199345515772,0.05985321694559975,53.080519480519484,32.52482811306341,0.38683083014621356,3328,0.9728583545377438,9.314903846153847,0.6493922472000122,0.12165014871773316,0.855,0.968,0.875,0.015783540022547914,0.04041720990873533,0.005221932114882507,-0.03519527779385283,2048,512,12767,22,5,0.23970600960832225,0.9811232082713245,0.00920865390934876,0.010555602981659902,0.0072072865351677255,0.04743840996813636,20,0.2597402597402597,98,29,0.37662337662337664,444,31,0.4025974025974026,875
2,MAPK1,greedy_surrogate,5,15327,77,0.0050238141841195275,2560,36,0.6996527777777778,0.01864745061589754,0.009912914862023909,0.051539485849208706,79.62077922077923,36.42780748663102,0.43368939960988406,122616,0.0,0.28544398773406404,0.630631685256958,0.13437720979220502,0.855,0.948,0.888,0.02088167053364269,0.035202086049543675,0.01174934725848564,-0.023452738791058036,2048,512,12767,29,7,0.362646837577838,0.9960836531683246,0.007027955168616636,0.002204153432955008,0.003684914392304311,0.0355782709025885,22,0.2857142857142857,93,35,0.45454545454545453,427,35,0.45454545454545453,834
2,MAPK1,boba_ucb,5,15327,77,0.0050238141841195275,2560,34,0.7444852941176471,0.02553968308749409,0.011047637259379085,0.05623889075127763,79.62077922077923,39.02979373567609,0.4407117479800892,3328,0.9728583545377438,11.41826923076923,0.6217321753501892,0.13888000511070375,0.845,0.955,0.871,0.02441860465116279,0.03650586701434159,0.014360313315926894,-0.022145553698414693,2048,512,12767,27,7,0.29547351225468094,0.9887209211247748,0.010126739468577955,0.011717410797954136,0.0060945112987422,0.04056268146376393,18,0.23376623376623376,97,34,0.44155844155844154,448,38,0.4935064935064935,862
2,MAPK1,rabvs_budgeted_reliable,5,15327,77,0.0050238141841195275,2560,34,0.7444852941176471,0.02553968308749409,0.011047637259379085,0.05623889075127763,66.35064935064935,32.52482811306341,0.4293541416675269,3328,0.9728583545377438,10.817307692307692,0.6222546100616455,0.13819638182537775,0.92,0.98,0.931,0.021205357142857144,0.03650586701434159,0.014360313315926894,-0.022145553698414693,2048,512,12767,27,7,0.29547351225468094,0.9887209211247748,0.010126739468577955,0.011717410797954136,0.0060945112987422,0.04056268146376393,19,0.24675324675324675,99,34,0.44155844155844154,471,36,0.4675324675324675,923
2,MAPK1,rabvs_hit,5,15327,77,0.0050238141841195275,2560,32,0.740234375,0.023705259380513,0.011683360649248247,0.057535018340691385,79.62077922077923,31.223834988540872,0.42139194074902286,3328,0.9728583545377438,10.817307692307692,0.6271188259124756,0.13392186545103624,0.827,0.947,0.857,0.022326674500587545,0.04041720990873533,0.010443864229765013,-0.02997334567897032,2048,512,12767,26,6,0.3466828464559589,0.9888775749980419,0.010772348021982287,0.012007847001377624,0.007043351728515303,0.04350094321323645,20,0.2597402597402597,88,33,0.42857142857142855,421,36,0.4675324675324675,815
2,MAPK1,rabvs_reliable,5,15327,77,0.0050238141841195275,2560,32,0.740234375,0.023705259380513,0.011683360649248247,0.057535018340691385,66.35064935064935,31.223834988540872,0.4264013782213223,3328,0.9728583545377438,10.817307692307692,0.6251630187034607,0.1341989838492358,0.904,0.968,0.922,0.021541950113378686,0.04041720990873533,0.010443864229765013,-0.02997334567897032,2048,512,12767,26,6,0.3466828464559589,0.9888775749980419,0.010772348021982287,0.012007847001377624,0.007043351728515303,0.04350094321323645,19,0.24675324675324675,93,33,0.42857142857142855,440,36,0.4675324675324675,886
0,MTORC1,greedy_surrogate,5,8267,24,0.0029031087456150963,2560,21,0.7738095238095238,0.024013170256447475,0.007242982496204441,0.03518701441135449,129.171875,74.70180722891565,0.8215039573511532,66136,0.0,0.3175275190516511,0.6142699718475342,0.15679790465123633,0.783,0.953,0.8140000000000001,0.006165228113440197,0.04589371980676329,0.004842615012106538,-0.04105110479465675,2048,512,5707,17,4,0.18038913909117144,0.9959698615735062,0.0036378784904637523,0.003761974501970322,0.0009217027871543732,0.009475042070816597,19,0.7916666666666666,71,21,0.875,329,21,0.875,628
0,MTORC1,boba_ucb,5,8267,24,0.0029031087456150963,2560,19,0.8092105263157895,0.025144280521592503,0.008671278347450103,0.03864145931314164,215.28645833333331,49.8012048192771,0.7177451968047939,3072,0.9535502600701584,6.510416666666667,0.6070876121520996,0.15870482755845772,0.806,0.963,0.83,0.005031446540880503,0.036231884057971016,0.012106537530266344,-0.02412534652770467,2048,512,5707,15,4,0.19160221764445126,0.9866830208515858,0.004437914503737087,0.009007934935024296,0.002857184476629329,0.016477108634830987,13,0.5416666666666666,74,20,0.8333333333333334,354,20,0.8333333333333334,652
0,MTORC1,rabvs_budgeted_reliable,5,8267,24,0.0029031087456150963,2560,19,0.8092105263157895,0.025144280521592503,0.008671278347450103,0.03864145931314164,172.22916666666666,49.8012048192771,0.6911955895459277,3072,0.9535502600701584,6.184895833333333,0.6108489036560059,0.15276829684261362,0.935,0.988,0.945,0.0035046728971962616,0.036231884057971016,0.012106537530266344,-0.02412534652770467,2048,512,5707,15,4,0.19160221764445126,0.9866830208515858,0.004437914503737087,0.009007934935024296,0.002857184476629329,0.016477108634830987,13,0.5416666666666666,80,19,0.7916666666666666,388,19,0.7916666666666666,865
0,MTORC1,rabvs_hit,5,8267,24,0.0029031087456150963,2560,19,0.8092105263157895,0.02805143929464686,0.009909975722711625,0.04269116797134509,172.22916666666666,49.8012048192771,0.7078698121458235,3072,0.9535502600701584,6.510416666666667,0.6111074686050415,0.15684582765531152,0.796,0.961,0.8200000000000001,0.0049813200498132005,0.036231884057971016,0.012106537530266344,-0.02412534652770467,2048,512,5707,15,4,0.16281557795557572,0.9793236376379885,0.00689603659806022,0.011792106038077711,0.004652137088379648,0.022786560699575707,12,0.5,78,20,0.8333333333333334,346,20,0.8333333333333334,642
0,MTORC1,rabvs_reliable,5,8267,24,0.0029031087456150963,2560,19,0.8092105263157895,0.02805143929464686,0.009909975722711625,0.04269116797134509,172.22916666666666,49.8012048192771,0.6861576512847692,3072,0.9535502600701584,6.184895833333333,0.610653281211853,0.15303503575449418,0.925,0.987,0.935,0.0035211267605633804,0.036231884057971016,0.012106537530266344,-0.02412534652770467,2048,512,5707,15,4,0.16281557795557572,0.9793236376379885,0.00689603659806022,0.011792106038077711,0.004652137088379648,0.022786560699575707,12,0.5,82,19,0.7916666666666666,370,19,0.7916666666666666,850
1,MTORC1,greedy_surrogate,5,8267,24,0.0029031087456150963,2560,18,0.8298611111111112,0.014662480597821196,0.005205702788214434,0.028119227991316106,129.171875,70.55170682730923,0.6920896652037937,66136,0.0,0.2570460868513367,0.6134949922561646,0.15222662280919863,0.776,0.942,0.8180000000000001,0.0,0.033816425120772944,0.007263922518159807,-0.02655250260261314,2048,512,5707,14,4,0.14025244708900467,0.9966707552128965,0.0027098533120375767,0.001166863814434524,0.0012563670120989549,0.013317769553955496,17,0.7083333333333334,77,17,0.7083333333333334,337,17,0.7083333333333334,643
1,MTORC1,boba_ucb,5,8267,24,0.0029031087456150963,2560,20,0.79375,0.02127099311632601,0.00673681428954678,0.03373554415827218,172.22916666666666,62.25150602409638,0.778244953856075,3072,0.9535502600701584,6.510416666666667,0.6187662482261658,0.1506732620985839,0.779,0.9410000000000001,0.821,0.0037220843672456576,0.03864734299516908,0.009685230024213076,-0.028962112970956005,2048,512,5707,16,4,0.1896462421492686,0.9915892763273173,0.004257138413524532,0.006763255690344971,0.0017436262061288695,0.01599928761187732,15,0.625,81,20,0.8333333333333334,343,20,0.8333333333333334,610
1,MTORC1,rabvs_budgeted_reliable,5,8267,24,0.0029031087456150963,2560,20,0.79375,0.02127099311632601,0.00673681428954678,0.03373554415827218,258.34375,66.40160642570281,0.7834189680278908,3072,0.9535502600701584,6.510416666666667,0.6161315441131592,0.14800578907733064,0.921,0.982,0.931,0.0034129692832764505,0.03864734299516908,0.009685230024213076,-0.028962112970956005,2048,512,5707,16,4,0.1896462421492686,0.9915892763273173,0.004257138413524532,0.006763255690344971,0.0017436262061288695,0.01599928761187732,16,0.6666666666666666,84,20,0.8333333333333334,391,20,0.8333333333333334,887
1,MTORC1,rabvs_hit,5,8267,24,0.0029031087456150963,2560,19,0.8256578947368421,0.021989895646143894,0.00748021622409176,0.03527469952222472,129.171875,62.25150602409638,0.7273464279033539,3072,0.9535502600701584,6.184895833333333,0.612635612487793,0.1543739143836529,0.762,0.951,0.793,0.0024875621890547263,0.03864734299516908,0.007263922518159807,-0.031383420477009275,2048,512,5707,15,4,0.15870793463396765,0.9819519887857018,0.004473556336866025,0.009106856433976102,0.0028560104875643023,0.019996617418075294,15,0.625,80,19,0.7916666666666666,347,19,0.7916666666666666,630
1,MTORC1,rabvs_reliable,5,8267,24,0.0029031087456150963,2560,19,0.8256578947368421,0.021989895646143894,0.00748021622409176,0.03527469952222472,129.171875,62.25150602409638,0.7289181341239206,3072,0.9535502600701584,6.184895833333333,0.6148757338523865,0.14925212761713846,0.92,0.978,0.933,0.0022624434389140274,0.03864734299516908,0.007263922518159807,-0.031383420477009275,2048,512,5707,15,4,0.15870793463396765,0.9819519887857018,0.004473556336866025,0.009106856433976102,0.0028560104875643023,0.019996617418075294,16,0.6666666666666666,86,19,0.7916666666666666,394,19,0.7916666666666666,886
2,MTORC1,greedy_surrogate,5,8267,24,0.0029031087456150963,2560,21,0.8125,0.02152085494260737,0.006229613437316819,0.031804001899077075,215.28645833333331,70.55170682730923,0.812364771009843,66136,0.0,0.3175275190516511,0.6128696799278259,0.15465674588819156,0.757,0.94,0.7989999999999999,0.005082592121982211,0.043478260869565216,0.007263922518159807,-0.03621433835140541,2048,512,5707,17,4,0.22039542519207783,0.998422989311372,0.003777570255918502,0.00393938602997797,0.0008951450016865249,0.010039196225192771,19,0.7916666666666666,74,21,0.875,354,21,0.875,661
2,MTORC1,boba_ucb,5,8267,24,0.0029031087456150963,2560,19,0.8486842105263158,0.02231818429542382,0.006356007089196429,0.03235307247317605,172.22916666666666,62.25150602409638,0.7790837800315823,3072,0.9535502600701584,6.510416666666667,0.6195720434188843,0.15151460690563234,0.767,0.945,0.806,0.0038022813688212928,0.043478260869565216,0.004842615012106538,-0.03863564585745868,2048,512,5707,15,4,0.21955613440222482,0.9893113719992991,0.0050043833267560825,0.010708079104558205,0.002699803296334619,0.018624705581936258,19,0.7916666666666666,82,20,0.8333333333333334,352,20,0.8333333333333334,662
2,MTORC1,rabvs_budgeted_reliable,5,8267,24,0.0029031087456150963,2560,19,0.8486842105263158,0.02231818429542382,0.006356007089196429,0.03235307247317605,215.28645833333331,62.25150602409638,0.7725629557008824,3072,0.9535502600701584,6.510416666666667,0.6179031729698181,0.14758477697753103,0.922,0.988,0.931,0.0034965034965034965,0.043478260869565216,0.004842615012106538,-0.03863564585745868,2048,512,5707,15,4,0.21955613440222482,0.9893113719992991,0.0050043833267560825,0.010708079104558205,0.002699803296334619,0.018624705581936258,17,0.7083333333333334,85,20,0.8333333333333334,401,20,0.8333333333333334,888
2,MTORC1,rabvs_hit,5,8267,24,0.0029031087456150963,2560,17,0.8713235294117647,0.022908106262124354,0.006393109321136459,0.034100971557306986,258.34375,58.101405622489956,0.7157779378132436,3072,0.9535502600701584,6.184895833333333,0.6208674907684326,0.1526385956315881,0.7969999999999999,0.948,0.833,0.0025575447570332483,0.04106280193236715,0.004842615012106538,-0.03622018692026061,2048,512,5707,14,3,0.11604282120545291,0.9707376905554582,0.004897462363682298,0.010607476706049928,0.003205014556480882,0.020240649874001117,17,0.7083333333333334,84,19,0.7916666666666666,370,19,0.7916666666666666,674
2,MTORC1,rabvs_reliable,5,8267,24,0.0029031087456150963,2560,17,0.8713235294117647,0.022908106262124354,0.006393109321136459,0.034100971557306986,258.34375,62.25150602409638,0.6967850265485095,3072,0.9535502600701584,5.859375,0.6187451481819153,0.14800179424038362,0.947,0.987,0.952,0.0011806375442739079,0.04106280193236715,0.004842615012106538,-0.03622018692026061,2048,512,5707,14,3,0.11604282120545291,0.9707376905554582,0.004897462363682298,0.010607476706049928,0.003205014556480882,0.020240649874001117,15,0.625,87,18,0.75,409,18,0.75,895
0,OPRK1,greedy_surrogate,5,50006,6,0.00011998560172779267,2560,6,0.875,0.000844786369700017,8.657648978589872e-05,0.0009475430852487502,1000.1199999999999,100.012,0.9996669731793052,400048,0.0,0.014998200215974084,0.5927021503448486,0.15310146258952562,0.7050000000000001,0.953,0.724,0.0,0.0023990403838464614,0.0,-0.0023990403838464614,2048,512,47446,5,1,0.04692762481688366,0.9999367702229903,0.00027245922438812306,0.00019961547894059193,1.7653981057919443e-06,0.00020053721282009787,6,1.0,91,6,1.0,452,6,1.0,861
0,OPRK1,boba_ucb,5,50006,6,0.00011998560172779267,2560,6,0.875,0.0017614645230145149,0.00022074399217305966,0.0019495000315031417,1000.1199999999999,100.012,0.998803098062889,5120,0.9872015358157021,1.171875,0.5934343934059143,0.15383587869709536,0.6950000000000001,0.951,0.712,0.0,0.0023990403838464614,0.0,-0.0023990403838464614,2048,512,47446,5,1,0.0514993949105784,0.9963115963411036,0.0006425407230596888,0.0010157194633768603,0.0001152956603585033,0.0010998120450703235,6,1.0,86,6,1.0,440,6,1.0,865
0,OPRK1,rabvs_budgeted_reliable,5,50006,6,0.00011998560172779267,2560,6,0.875,0.0017614645230145149,0.00022074399217305966,0.0019495000315031417,1000.1199999999999,100.012,0.9993346116670333,5120,0.9872015358157021,1.171875,0.5964651703834534,0.1436683997982583,0.98,0.997,0.981,0.0,0.0023990403838464614,0.0,-0.0023990403838464614,2048,512,47446,5,1,0.0514993949105784,0.9963115963411036,0.0006425407230596888,0.0010157194633768603,0.0001152956603585033,0.0010998120450703235,6,1.0,94,6,1.0,488,6,1.0,988
0,OPRK1,rabvs_hit,5,50006,6,0.00011998560172779267,2560,6,0.875,0.0022109363108875723,0.0002845587035916666,0.0024645514283856158,1000.1199999999999,100.012,0.998737528453848,5120,0.9872015358157021,1.171875,0.5860058665275574,0.15787592452986476,0.679,0.956,0.6950000000000001,0.0,0.0023990403838464614,0.0,-0.0023990403838464614,2048,512,47446,5,1,0.04788742618508148,0.9930868777136113,0.000812359512608205,0.001720475508370709,0.00022950727137432687,0.0018801404017625405,6,1.0,84,6,1.0,434,6,1.0,849
0,OPRK1,rabvs_reliable,5,50006,6,0.00011998560172779267,2560,6,0.875,0.0022109363108875723,0.0002845587035916666,0.0024645514283856158,1000.1199999999999,100.012,0.9988699688697518,5120,0.9872015358157021,1.171875,0.5882152318954468,0.1487035488586902,0.969,0.995,0.969,0.0,0.0023990403838464614,0.0,-0.0023990403838464614,2048,512,47446,5,1,0.04788742618508148,0.9930868777136113,0.000812359512608205,0.001720475508370709,0.00022950727137432687,0.0018801404017625405,6,1.0,91,6,1.0,485,6,1.0,985
1,OPRK1,greedy_surrogate,5,50006,6,0.00011998560172779267,2560,6,0.875,0.0009502944657034041,0.0001070935985404469,0.0010418848189194612,1000.1199999999999,100.012,0.9998668691831463,400048,0.0,0.014998200215974084,0.6069629788398743,0.1445865630066443,0.688,0.94,0.721,0.0,0.001999200319872051,0.0004,-0.0015992003198720512,2048,512,47446,5,1,0.040842524416403084,0.9998946170383173,0.0003192630892867851,0.00021673603305551395,1.781563905309181e-06,0.00021764947253507855,6,1.0,91,6,1.0,429,6,1.0,827
1,OPRK1,boba_ucb,5,50006,6,0.00011998560172779267,2560,6,0.875,0.0017984023059338153,0.00019717549195244697,0.0019887673060225335,1000.1199999999999,100.012,0.9997338448157352,5120,0.9872015358157021,1.171875,0.6055567264556885,0.14338295048293104,0.696,0.944,0.73,0.0,0.001999200319872051,0.0004,-0.0015992003198720512,2048,512,47446,5,1,0.021058658036869807,0.9878598828141466,0.0009260257683629279,0.0014571909294427842,0.00018264109690667693,0.0015777483757641487,6,1.0,87,6,1.0,425,6,1.0,819
1,OPRK1,rabvs_budgeted_reliable,5,50006,6,0.00011998560172779267,2560,6,0.875,0.0017984023059338153,0.00019717549195244697,0.0019887673060225335,1000.1199999999999,100.012,0.999401509734948,5120,0.9872015358157021,1.171875,0.5970780253410339,0.1414527322155802,0.974,0.998,0.975,0.0,0.001999200319872051,0.0004,-0.0015992003198720512,2048,512,47446,5,1,0.021058658036869807,0.9878598828141466,0.0009260257683629279,0.0014571909294427842,0.00018264109690667693,0.0015777483757641487,6,1.0,94,6,1.0,479,6,1.0,975
1,OPRK1,rabvs_hit,5,50006,6,0.00011998560172779267,2560,6,0.875,0.0024874077747363463,0.00029433197351701824,0.0027553943121290387,1000.1199999999999,100.012,0.9988023535126839,5120,0.9872015358157021,1.171875,0.6088615655899048,0.1452374002750988,0.6579999999999999,0.938,0.6910000000000001,0.0,0.001999200319872051,0.0004,-0.0015992003198720512,2048,512,47446,5,1,0.02633775481236496,0.9901572313788307,0.0009222099980785272,0.001505976219912041,0.00016979897500928482,0.0016166460449677756,6,1.0,86,6,1.0,423,6,1.0,821
1,OPRK1,rabvs_reliable,5,50006,6,0.00011998560172779267,2560,6,0.875,0.0024874077747363463,0.00029433197351701824,0.0027553943121290387,1000.1199999999999,100.012,0.9990693604195913,5120,0.9872015358157021,1.171875,0.6001620888710022,0.14107554710929116,0.957,0.993,0.963,0.0,0.001999200319872051,0.0004,-0.0015992003198720512,2048,512,47446,5,1,0.02633775481236496,0.9901572313788307,0.0009222099980785272,0.001505976219912041,0.00016979897500928482,0.0016166460449677756,6,1.0,91,6,1.0,476,6,1.0,973
2,OPRK1,greedy_surrogate,5,50006,6,0.00011998560172779267,2560,6,0.875,0.0007854332203797599,0.00013420289907903845,0.0011251553030096578,833.4333333333333,83.34333333333333,0.8416865418369035,400048,0.0,0.012498500179978403,0.6031716465950012,0.14169758482036965,0.637,0.9410000000000001,0.661,0.0,0.001999200319872051,0.0,-0.001999200319872051,2048,512,47446,5,1,0.039661621277376755,0.9998524638536441,0.0003168609625500095,0.00023631630362409454,1.7469342776715445e-06,0.00023720851863834894,5,0.8333333333333334,93,5,0.8333333333333334,436,5,0.8333333333333334,829
2,OPRK1,boba_ucb,5,50006,6,0.00011998560172779267,2560,6,0.875,0.0017361527387688967,0.00026925876424799055,0.0021568059092617097,833.4333333333333,83.34333333333333,0.8344570552910361,5120,0.9872015358157021,0.9765625,0.6043370962142944,0.1371325995553635,0.593,0.922,0.627,0.0,0.001999200319872051,0.0,-0.001999200319872051,2048,512,47446,5,1,0.042697190895795316,0.994646545546516,0.0009196728102142834,0.0012119320253232888,0.00011294862612272524,0.0012833051800063542,5,0.8333333333333334,91,5,0.8333333333333334,421,5,0.8333333333333334,819
2,OPRK1,rabvs_budgeted_reliable,5,50006,6,0.00011998560172779267,2560,6,0.875,0.0017361527387688967,0.00026925876424799055,0.0021568059092617097,833.4333333333333,83.34333333333333,0.8983916346694668,5120,0.9872015358157021,0.9765625,0.6071799993515015,0.13166499858103897,0.958,0.988,0.962,0.0,0.001999200319872051,0.0,-0.001999200319872051,2048,512,47446,5,1,0.042697190895795316,0.994646545546516,0.0009196728102142834,0.0012119320253232888,0.00011294862612272524,0.0012833051800063542,5,0.8333333333333334,93,5,0.8333333333333334,486,5,0.8333333333333334,985
2,OPRK1,rabvs_hit,5,50006,6,0.00011998560172779267,2560,6,0.875,0.0018206917985192014,0.00027871764778718484,0.0022486923898337326,833.4333333333333,83.34333333333333,0.8340346461011579,5120,0.9872015358157021,0.9765625,0.6048304438591003,0.13787663017880702,0.587,0.922,0.618,0.0,0.001999200319872051,0.0,-0.001999200319872051,2048,512,47446,5,1,0.044877455731273656,0.9926231926822071,0.0009870370068217622,0.0016964149422075958,0.0001638992715739956,0.0017993268107046496,5,0.8333333333333334,93,5,0.8333333333333334,433,5,0.8333333333333334,824
2,OPRK1,rabvs_reliable,5,50006,6,0.00011998560172779267,2560,6,0.875,0.0018206917985192014,0.00027871764778718484,0.0022486923898337326,833.4333333333333,83.34333333333333,0.8952313252076193,5120,0.9872015358157021,0.9765625,0.6029291152954102,0.13234922908108337,0.956,0.987,0.961,0.0,0.001999200319872051,0.0,-0.001999200319872051,2048,512,47446,5,1,0.044877455731273656,0.9926231926822071,0.0009870370068217622,0.0016964149422075958,0.0001638992715739956,0.0017993268107046496,5,0.8333333333333334,95,5,0.8333333333333334,491,5,0.8333333333333334,990
0,PKM2,greedy_surrogate,5,50136,136,0.0027126216690601564,2560,31,0.6995967741935484,0.016854887314570292,0.005697417386534686,0.03666568294905059,103.22117647058825,21.33885170834801,0.26106694080656107,401088,0.0,0.07230333492899314,0.6357307434082031,0.12493177729287863,0.598,0.959,0.612,0.01406926406926407,0.011567610690067811,0.006781013163143199,-0.004786597526924612,2048,512,47576,25,6,0.41426308381500776,0.9958592567681184,0.010019588100822374,0.013010389036671696,0.00443303742430778,0.03079030041476501,20,0.14705882352941177,88,29,0.21323529411764705,409,29,0.21323529411764705,793
0,PKM2,boba_ucb,5,50136,136,0.0027126216690601564,2560,31,0.6633064516129032,0.02270471014563597,0.007594868480905273,0.04285629525997994,66.3564705882353,19.13138429024304,0.2807080320961099,5120,0.987234721557364,6.4453125,0.6137168407440186,0.1385722745843988,0.5840000000000001,0.872,0.602,0.01689545934530095,0.015157558835261268,0.005584363781412046,-0.009573195053849222,2048,512,47576,25,6,0.37979567107516143,0.9922650075668404,0.009169406561881562,0.014644180371487308,0.005584727810302019,0.03587489735524771,14,0.10294117647058823,90,26,0.19117647058823528,436,33,0.2426470588235294,855
0,PKM2,rabvs_budgeted_reliable,5,50136,136,0.0027126216690601564,2560,31,0.6633064516129032,0.02270471014563597,0.007594868480905273,0.04285629525997994,58.98352941176471,17.659739344839732,0.27347685199671445,5120,0.987234721557364,6.4453125,0.614142656326294,0.13648873009708828,0.742,0.921,0.755,0.017671517671517672,0.015157558835261268,0.005584363781412046,-0.009573195053849222,2048,512,47576,25,6,0.37979567107516143,0.9922650075668404,0.009169406561881562,0.014644180371487308,0.005584727810302019,0.03587489735524771,15,0.11029411764705882,96,24,0.17647058823529413,457,33,0.2426470588235294,912
0,PKM2,rabvs_hit,5,50136,136,0.0027126216690601564,2560,26,0.6466346153846154,0.01671228672348994,0.007184081132557591,0.03935771494737891,66.3564705882353,19.13138429024304,0.24979462102621453,5120,0.987234721557364,5.859375,0.6134141683578491,0.13748471835177078,0.577,0.937,0.589,0.012779552715654952,0.011966493817311527,0.005185480654168329,-0.006781013163143198,2048,512,47576,21,5,0.24892102291781573,0.9851395661678157,0.007323781478975154,0.011590216040735868,0.0055709534387766374,0.03296531798419287,11,0.08088235294117647,93,26,0.19117647058823528,423,30,0.22058823529411764,831
0,PKM2,rabvs_reliable,5,50136,136,0.0027126216690601564,2560,26,0.6466346153846154,0.01671228672348994,0.007184081132557591,0.03935771494737891,58.98352941176471,18.395561817541388,0.2360691286625197,5120,0.987234721557364,5.6640625,0.6127334237098694,0.13603746765355673,0.733,0.962,0.741,0.012552301255230125,0.011966493817311527,0.005185480654168329,-0.006781013163143198,2048,512,47576,21,5,0.24892102291781573,0.9851395661678157,0.007323781478975154,0.011590216040735868,0.0055709534387766374,0.03296531798419287,14,0.10294117647058823,98,25,0.18382352941176472,447,29,0.21323529411764705,890
1,PKM2,greedy_surrogate,5,50136,136,0.0027126216690601564,2560,35,0.6535714285714286,0.01284420006796465,0.005338279170120564,0.03388925088599786,110.59411764705882,24.282141599154635,0.2958971239547881,401088,0.0,0.08975586404978458,0.6299577951431274,0.11952534786930047,0.542,0.89,0.5589999999999999,0.020562770562770564,0.015157558835261268,0.003988831272437176,-0.011168727562824093,2048,512,47576,28,7,0.37852261002872906,0.9965318648057845,0.006626157599056724,0.004538229223288376,0.003153571000403597,0.025772584493629316,20,0.14705882352941177,93,33,0.2426470588235294,449,36,0.2647058823529412,875
1,PKM2,boba_ucb,5,50136,136,0.0027126216690601564,2560,28,0.7433035714285714,0.018457786641090275,0.007071428960390231,0.038845942703160385,103.22117647058825,21.33885170834801,0.2692214925100571,5120,0.987234721557364,6.25,0.6156913638114929,0.12955808114066603,0.605,0.937,0.617,0.015889830508474576,0.011966493817311527,0.007179896290386917,-0.004786597526924611,2048,512,47576,22,6,0.2452949958194579,0.9930637296115689,0.005487212167203941,0.003988973633150359,0.0033729128787857504,0.02628522070267255,19,0.13970588235294118,94,29,0.21323529411764705,451,32,0.23529411764705882,876
1,PKM2,rabvs_budgeted_reliable,5,50136,136,0.0027126216690601564,2560,28,0.7433035714285714,0.018457786641090275,0.007071428960390231,0.038845942703160385,117.96705882352941,18.395561817541388,0.25190745784900387,5120,0.987234721557364,6.0546875,0.6151202321052551,0.12902074639465422,0.758,0.96,0.766,0.014659685863874346,0.011966493817311527,0.007179896290386917,-0.004786597526924611,2048,512,47576,22,6,0.2452949958194579,0.9930637296115689,0.005487212167203941,0.003988973633150359,0.0033729128787857504,0.02628522070267255,19,0.13970588235294118,97,25,0.18382352941176472,473,31,0.22794117647058823,926
1,PKM2,rabvs_hit,5,50136,136,0.0027126216690601564,2560,31,0.6955645161290323,0.02518016447711686,0.010377293372397497,0.0493180721476822,36.86470588235294,22.074674181049666,0.3066725049245972,5120,0.987234721557364,7.2265625,0.6222447156906128,0.12534407690618565,0.617,0.913,0.635,0.021852237252861603,0.014359792580773833,0.007179896290386917,-0.007179896290386917,2048,512,47576,25,6,0.3265119399582381,0.987535732302001,0.009123340766652598,0.013627853378586631,0.005882685079507471,0.03465882461591389,10,0.07352941176470588,97,30,0.22058823529411764,467,37,0.27205882352941174,901
1,PKM2,rabvs_reliable,5,50136,136,0.0027126216690601564,2560,31,0.6955645161290323,0.02518016447711686,0.010377293372397497,0.0493180721476822,36.86470588235294,22.81049665375132,0.3045723209975247,5120,0.987234721557364,7.2265625,0.6211748719215393,0.12479347606314839,0.733,0.926,0.748,0.02368692070030896,0.014359792580773833,0.007179896290386917,-0.007179896290386917,2048,512,47576,25,6,0.3265119399582381,0.987535732302001,0.009123340766652598,0.013627853378586631,0.005882685079507471,0.03465882461591389,12,0.08823529411764706,98,31,0.22794117647058823,473,37,0.27205882352941174,932
2,PKM2,greedy_surrogate,5,50136,136,0.0027126216690601564,2560,32,0.763671875,0.012242450500257167,0.0053630966061559565,0.034296965130429645,110.59411764705882,22.81049665375132,0.2588806086651153,401088,0.0,0.07728977182064783,0.6226725578308105,0.13359385380625133,0.7130000000000001,0.98,0.7170000000000001,0.01511879049676026,0.011966493817311527,0.0043877143996808934,-0.007578779417630634,2048,512,47576,26,6,0.40437000237191256,0.9971414158399193,0.006138684652754028,0.004099020094252143,0.0030417342934665114,0.02647468765467077,22,0.16176470588235295,95,31,0.22794117647058823,439,31,0.22794117647058823,832
2,PKM2,boba_ucb,5,50136,136,0.0027126216690601564,2560,27,0.6851851851851852,0.015413253760754341,0.006013187817406794,0.03723644023761944,95.84823529411766,20.603029235646353,0.26013574706009623,5120,0.987234721557364,5.859375,0.6116442680358887,0.1364190882204237,0.698,0.987,0.702,0.013948497854077254,0.012764260071798962,0.005584363781412046,-0.007179896290386916,2048,512,47576,22,5,0.3369017676334762,0.9937363376492349,0.007813618432060389,0.010250458831925354,0.004320702627049157,0.029808919967972726,16,0.11764705882352941,95,28,0.20588235294117646,450,30,0.22058823529411764,862
2,PKM2,rabvs_budgeted_reliable,5,50136,136,0.0027126216690601564,2560,27,0.6851851851851852,0.015413253760754341,0.006013187817406794,0.03723644023761944,103.22117647058825,20.603029235646353,0.2617140423192871,5120,0.987234721557364,6.25,0.6077563762664795,0.1360494950922616,0.849,0.99,0.852,0.01583949313621964,0.012764260071798962,0.005584363781412046,-0.007179896290386916,2048,512,47576,22,5,0.3369017676334762,0.9937363376492349,0.007813618432060389,0.010250458831925354,0.004320702627049157,0.029808919967972726,18,0.1323529411764706,98,28,0.20588235294117646,469,32,0.23529411764705882,921
2,PKM2,rabvs_hit,5,50136,136,0.0027126216690601564,2560,29,0.6853448275862069,0.01626984340935633,0.007003274074487889,0.03880779293462104,81.10235294117648,20.603029235646353,0.257629985885672,5120,0.987234721557364,6.25,0.6210118532180786,0.13446899999707906,0.655,0.969,0.6639999999999999,0.016146393972012917,0.011168727562824093,0.006382130035899481,-0.004786597526924612,2048,512,47576,23,6,0.33842413776197533,0.9902471834538423,0.008677074967592369,0.011835247187955474,0.005623309265382868,0.0349744580745512,13,0.09558823529411764,94,27,0.19852941176470587,428,32,0.23529411764705882,822
2,PKM2,rabvs_reliable,5,50136,136,0.0027126216690601564,2560,29,0.6853448275862069,0.01626984340935633,0.007003274074487889,0.03880779293462104,88.47529411764705,21.33885170834801,0.2569163791875444,5120,0.987234721557364,5.859375,0.616041362285614,0.1344655894877892,0.787,0.978,0.795,0.014736842105263158,0.011168727562824093,0.006382130035899481,-0.004786597526924612,2048,512,47576,23,6,0.33842413776197533,0.9902471834538423,0.008677074967592369,0.011835247187955474,0.005623309265382868,0.0349744580745512,16,0.11764705882352941,95,28,0.20588235294117646,450,30,0.22058823529411764,881
0,PPARG,greedy_surrogate,5,867,6,0.006920415224913495,867,6,0.875,0.026916038277903738,0.009056300807559066,0.038700813872390806,144.5,64.22222222222221,0.8894210809796322,6936,0.0,0.8650519031141869,0.7416831851005554,0.09032381542980106,0.4429065743944637,0.9480968858131488,0.46020761245674735,0.0,0.11363636363636363,0.023255813953488372,-0.09038054968287526,694,173,0,5,1,,,,,,,6,1.0,75,6,1.0,341,6,1.0,541
0,PPARG,boba_ucb,5,867,6,0.006920415224913495,867,6,0.875,0.026916038277903738,0.009056300807559066,0.038700813872390806,144.5,64.22222222222221,0.8894210809796322,2594,0.6260092272203,2.3130300693909023,0.7416831851005554,0.09032381542980106,0.4429065743944637,0.9480968858131488,0.46020761245674735,0.0,0.11363636363636363,0.023255813953488372,-0.09038054968287526,694,173,0,5,1,,,,,,,6,1.0,75,6,1.0,341,6,1.0,541
0,PPARG,rabvs_budgeted_reliable,5,867,6,0.006920415224913495,867,6,0.875,0.026916038277903738,0.009056300807559066,0.038700813872390806,144.5,32.11111111111111,0.47481558063201534,2594,0.6260092272203,2.3130300693909023,0.7416831254959106,0.09032381542980106,0.4429065743944637,0.9480968858131488,0.46020761245674735,0.0,0.11363636363636363,0.023255813953488372,-0.09038054968287526,694,173,0,5,1,,,,,,,3,0.5,89,3,0.5,355,6,1.0,541
0,PPARG,rabvs_hit,5,867,6,0.006920415224913495,867,6,0.875,0.026916038277903738,0.009056300807559066,0.038700813872390806,144.5,64.22222222222221,0.8894210809796322,2594,0.6260092272203,2.3130300693909023,0.7416831851005554,0.09032381542980106,0.4429065743944637,0.9480968858131488,0.46020761245674735,0.0,0.11363636363636363,0.023255813953488372,-0.09038054968287526,694,173,0,5,1,,,,,,,6,1.0,75,6,1.0,341,6,1.0,541
0,PPARG,rabvs_reliable,5,867,6,0.006920415224913495,867,6,0.875,0.026916038277903738,0.009056300807559066,0.038700813872390806,144.5,32.11111111111111,0.47481558063201534,2594,0.6260092272203,2.3130300693909023,0.7416831254959106,0.09032381542980106,0.4429065743944637,0.9480968858131488,0.46020761245674735,0.0,0.11363636363636363,0.023255813953488372,-0.09038054968287526,694,173,0,5,1,,,,,,,3,0.5,89,3,0.5,355,6,1.0,541
1,PPARG,greedy_surrogate,5,867,6,0.006920415224913495,867,6,0.875,0.021565144672044168,0.004647652521601592,0.027496828032060574,144.5,80.27777777777779,0.9788900148184002,6936,0.0,0.8650519031141869,0.7416809797286987,0.09032381542980139,0.4429065743944637,0.9480968858131488,0.46020761245674735,0.0,0.13636363636363635,0.0,-0.13636363636363635,694,173,0,5,1,,,,,,,6,1.0,69,6,1.0,339,6,1.0,541
1,PPARG,boba_ucb,5,867,6,0.006920415224913495,867,6,0.875,0.021565144672044168,0.004647652521601592,0.027496828032060574,144.5,80.27777777777779,0.9788900148184002,2594,0.6260092272203,2.3130300693909023,0.7416809797286987,0.09032381542980139,0.4429065743944637,0.9480968858131488,0.46020761245674735,0.0,0.13636363636363635,0.0,-0.13636363636363635,694,173,0,5,1,,,,,,,6,1.0,69,6,1.0,339,6,1.0,541
1,PPARG,rabvs_budgeted_reliable,5,867,6,0.006920415224913495,867,6,0.875,0.021565144672044168,0.004647652521601592,0.027496828032060574,144.5,48.166666666666664,0.5019255279412742,2594,0.6260092272203,2.3130300693909023,0.7416809797286987,0.09032381542980106,0.4429065743944637,0.9480968858131488,0.46020761245674735,0.0,0.13636363636363635,0.0,-0.13636363636363635,694,173,0,5,1,,,,,,,3,0.5,91,3,0.5,354,6,1.0,541
1,PPARG,rabvs_hit,5,867,6,0.006920415224913495,867,6,0.875,0.021565144672044168,0.004647652521601592,0.027496828032060574,144.5,80.27777777777779,0.9788900148184002,2594,0.6260092272203,2.3130300693909023,0.7416809797286987,0.09032381542980139,0.4429065743944637,0.9480968858131488,0.46020761245674735,0.0,0.13636363636363635,0.0,-0.13636363636363635,694,173,0,5,1,,,,,,,6,1.0,69,6,1.0,339,6,1.0,541
1,PPARG,rabvs_reliable,5,867,6,0.006920415224913495,867,6,0.875,0.021565144672044168,0.004647652521601592,0.027496828032060574,144.5,48.166666666666664,0.5019255279412742,2594,0.6260092272203,2.3130300693909023,0.7416809797286987,0.09032381542980106,0.4429065743944637,0.9480968858131488,0.46020761245674735,0.0,0.13636363636363635,0.0,-0.13636363636363635,694,173,0,5,1,,,,,,,3,0.5,91,3,0.5,354,6,1.0,541
2,PPARG,greedy_surrogate,5,867,6,0.006920415224913495,867,6,0.875,0.027051192150639225,0.0070544354378501576,0.03399638255913752,144.5,80.27777777777779,0.9574528113939905,6936,0.0,0.8650519031141869,0.7415962219238281,0.09032381542980117,0.4429065743944637,0.9480968858131488,0.46020761245674735,0.0,0.13636363636363635,0.0,-0.13636363636363635,694,173,0,5,1,,,,,,,6,1.0,74,6,1.0,349,6,1.0,541
2,PPARG,boba_ucb,5,867,6,0.006920415224913495,867,6,0.875,0.027051192150639225,0.0070544354378501576,0.03399638255913752,144.5,80.27777777777779,0.9574528113939905,2594,0.6260092272203,2.3130300693909023,0.7415962219238281,0.09032381542980117,0.4429065743944637,0.9480968858131488,0.46020761245674735,0.0,0.13636363636363635,0.0,-0.13636363636363635,694,173,0,5,1,,,,,,,6,1.0,74,6,1.0,349,6,1.0,541
2,PPARG,rabvs_budgeted_reliable,5,867,6,0.006920415224913495,867,6,0.875,0.027051192150639225,0.0070544354378501576,0.03399638255913752,144.5,48.166666666666664,0.5024448857623349,2594,0.6260092272203,2.3130300693909023,0.7415962219238281,0.09032381542980117,0.4429065743944637,0.9480968858131488,0.46020761245674735,0.0,0.13636363636363635,0.0,-0.13636363636363635,694,173,0,5,1,,,,,,,3,0.5,92,3,0.5,356,6,1.0,541
2,PPARG,rabvs_hit,5,867,6,0.006920415224913495,867,6,0.875,0.027051192150639225,0.0070544354378501576,0.03399638255913752,144.5,80.27777777777779,0.9574528113939905,2594,0.6260092272203,2.3130300693909023,0.7415962219238281,0.09032381542980117,0.4429065743944637,0.9480968858131488,0.46020761245674735,0.0,0.13636363636363635,0.0,-0.13636363636363635,694,173,0,5,1,,,,,,,6,1.0,74,6,1.0,349,6,1.0,541
2,PPARG,rabvs_reliable,5,867,6,0.006920415224913495,867,6,0.875,0.027051192150639225,0.0070544354378501576,0.03399638255913752,144.5,48.166666666666664,0.5024448857623349,2594,0.6260092272203,2.3130300693909023,0.7415962219238281,0.09032381542980117,0.4429065743944637,0.9480968858131488,0.46020761245674735,0.0,0.13636363636363635,0.0,-0.13636363636363635,694,173,0,5,1,,,,,,,3,0.5,92,3,0.5,356,6,1.0,541
0,TP53,greedy_surrogate,5,811,16,0.01972872996300863,811,16,0.875,0.062172093437760687,0.022300483895114652,0.09109732048189939,50.6875,38.015625,0.8685325652158744,6488,0.0,2.466091245376079,0.7304356098175049,0.09439539581048972,0.4636251541307028,0.9395807644882861,0.4845869297163995,0.0,0.24390243902439024,0.14634146341463414,-0.0975609756097561,649,162,0,13,3,,,,,,,16,1.0,79,16,1.0,350,16,1.0,512
0,TP53,boba_ucb,5,811,16,0.01972872996300863,811,16,0.875,0.062172093437760687,0.022300483895114652,0.09109732048189939,50.6875,38.015625,0.8685325652158744,2592,0.6004932182490752,6.172839506172839,0.7304356098175049,0.09439539581048972,0.4636251541307028,0.9395807644882861,0.4845869297163995,0.0,0.24390243902439024,0.14634146341463414,-0.0975609756097561,649,162,0,13,3,,,,,,,16,1.0,79,16,1.0,350,16,1.0,512
0,TP53,rabvs_budgeted_reliable,5,811,16,0.01972872996300863,811,16,0.875,0.062172093437760687,0.022300483895114652,0.09109732048189939,50.6875,38.015625,0.8222897198330738,2592,0.6004932182490752,6.172839506172839,0.7304357290267944,0.09439539581049006,0.4636251541307028,0.9395807644882861,0.4845869297163995,0.0,0.24390243902439024,0.14634146341463414,-0.0975609756097561,649,162,0,13,3,,,,,,,15,0.9375,83,16,1.0,343,16,1.0,512
0,TP53,rabvs_hit,5,811,16,0.01972872996300863,811,16,0.875,0.062172093437760687,0.022300483895114652,0.09109732048189939,50.6875,38.015625,0.8685325652158744,2592,0.6004932182490752,6.172839506172839,0.7304356098175049,0.09439539581048972,0.4636251541307028,0.9395807644882861,0.4845869297163995,0.0,0.24390243902439024,0.14634146341463414,-0.0975609756097561,649,162,0,13,3,,,,,,,16,1.0,79,16,1.0,350,16,1.0,512
0,TP53,rabvs_reliable,5,811,16,0.01972872996300863,811,16,0.875,0.062172093437760687,0.022300483895114652,0.09109732048189939,50.6875,38.015625,0.8222897198330738,2592,0.6004932182490752,6.172839506172839,0.7304357290267944,0.09439539581049006,0.4636251541307028,0.9395807644882861,0.4845869297163995,0.0,0.24390243902439024,0.14634146341463414,-0.0975609756097561,649,162,0,13,3,,,,,,,15,0.9375,83,16,1.0,343,16,1.0,512
1,TP53,greedy_surrogate,5,811,16,0.01972872996300863,811,16,0.875,0.05654104535767984,0.02061518343528421,0.0869065347843035,0.0,38.015625,0.8298593768920213,6488,0.0,2.466091245376079,0.73028165102005,0.09439539581048972,0.4636251541307028,0.9395807644882861,0.4845869297163995,0.0,0.21951219512195122,0.14634146341463414,-0.07317073170731708,649,162,0,13,3,,,,,,,15,0.9375,76,16,1.0,332,16,1.0,512
1,TP53,boba_ucb,5,811,16,0.01972872996300863,811,16,0.875,0.05654104535767984,0.02061518343528421,0.0869065347843035,0.0,38.015625,0.8298593768920213,2592,0.6004932182490752,6.172839506172839,0.73028165102005,0.09439539581048972,0.4636251541307028,0.9395807644882861,0.4845869297163995,0.0,0.21951219512195122,0.14634146341463414,-0.07317073170731708,649,162,0,13,3,,,,,,,15,0.9375,76,16,1.0,332,16,1.0,512
1,TP53,rabvs_budgeted_reliable,5,811,16,0.01972872996300863,811,16,0.875,0.05654104535767984,0.02061518343528421,0.0869065347843035,0.0,38.015625,0.8433337568440884,2592,0.6004932182490752,6.172839506172839,0.7302815914154053,0.09439539581048995,0.4636251541307028,0.9395807644882861,0.4845869297163995,0.0,0.21951219512195122,0.14634146341463414,-0.07317073170731708,649,162,0,13,3,,,,,,,15,0.9375,82,15,0.9375,341,16,1.0,512
1,TP53,rabvs_hit,5,811,16,0.01972872996300863,811,16,0.875,0.05654104535767984,0.02061518343528421,0.0869065347843035,0.0,38.015625,0.8298593768920213,2592,0.6004932182490752,6.172839506172839,0.73028165102005,0.09439539581048972,0.4636251541307028,0.9395807644882861,0.4845869297163995,0.0,0.21951219512195122,0.14634146341463414,-0.07317073170731708,649,162,0,13,3,,,,,,,15,0.9375,76,16,1.0,332,16,1.0,512
1,TP53,rabvs_reliable,5,811,16,0.01972872996300863,811,16,0.875,0.05654104535767984,0.02061518343528421,0.0869065347843035,0.0,38.015625,0.8433337568440884,2592,0.6004932182490752,6.172839506172839,0.7302815914154053,0.09439539581048995,0.4636251541307028,0.9395807644882861,0.4845869297163995,0.0,0.21951219512195122,0.14634146341463414,-0.07317073170731708,649,162,0,13,3,,,,,,,15,0.9375,82,15,0.9375,341,16,1.0,512
2,TP53,greedy_surrogate,5,811,16,0.01972872996300863,811,16,0.875,0.062107709156816,0.01947144349360217,0.0854257165137531,50.6875,50.6875,0.8791301066341428,6488,0.0,2.466091245376079,0.7302825450897217,0.09439539581049006,0.4636251541307028,0.9395807644882861,0.4845869297163995,0.0,0.34146341463414637,0.024390243902439025,-0.3170731707317073,649,162,0,13,3,,,,,,,16,1.0,78,16,1.0,336,16,1.0,512
2,TP53,boba_ucb,5,811,16,0.01972872996300863,811,16,0.875,0.062107709156816,0.01947144349360217,0.0854257165137531,50.6875,50.6875,0.8791301066341428,2592,0.6004932182490752,6.172839506172839,0.7302825450897217,0.09439539581049006,0.4636251541307028,0.9395807644882861,0.4845869297163995,0.0,0.34146341463414637,0.024390243902439025,-0.3170731707317073,649,162,0,13,3,,,,,,,16,1.0,78,16,1.0,336,16,1.0,512
2,TP53,rabvs_budgeted_reliable,5,811,16,0.01972872996300863,811,16,0.875,0.062107709156816,0.01947144349360217,0.0854257165137531,50.6875,38.015625,0.8455205755881747,2592,0.6004932182490752,6.172839506172839,0.7302824854850769,0.09439539581049006,0.4636251541307028,0.9395807644882861,0.4845869297163995,0.0,0.34146341463414637,0.024390243902439025,-0.3170731707317073,649,162,0,13,3,,,,,,,15,0.9375,82,15,0.9375,342,16,1.0,512
2,TP53,rabvs_hit,5,811,16,0.01972872996300863,811,16,0.875,0.062107709156816,0.01947144349360217,0.0854257165137531,50.6875,50.6875,0.8791301066341428,2592,0.6004932182490752,6.172839506172839,0.7302825450897217,0.09439539581049006,0.4636251541307028,0.9395807644882861,0.4845869297163995,0.0,0.34146341463414637,0.024390243902439025,-0.3170731707317073,649,162,0,13,3,,,,,,,16,1.0,78,16,1.0,336,16,1.0,512
2,TP53,rabvs_reliable,5,811,16,0.01972872996300863,811,16,0.875,0.062107709156816,0.01947144349360217,0.0854257165137531,50.6875,38.015625,0.8455205755881747,2592,0.6004932182490752,6.172839506172839,0.7302824854850769,0.09439539581049006,0.4636251541307028,0.9395807644882861,0.4845869297163995,0.0,0.34146341463414637,0.024390243902439025,-0.3170731707317073,649,162,0,13,3,,,,,,,15,0.9375,82,15,0.9375,342,16,1.0,512
0,VDR,greedy_surrogate,5,50165,165,0.0032891458187979668,2560,32,0.71484375,0.026205801887044758,0.009159151971924072,0.04912290453284463,42.56424242424243,16.35222745382108,0.23373988801566065,401320,0.0,0.07973686833449617,0.6300402283668518,0.11362228820866116,0.479,0.9319999999999999,0.5,0.016556291390728478,0.01315265045834994,0.006778309409888357,-0.006374341048461582,2048,512,47605,26,6,0.4011188207605939,0.9950845499422329,0.019868367856166684,0.0203467503021963,0.006244093938210621,0.040499793289850566,16,0.09696969696969697,92,27,0.16363636363636364,392,32,0.19393939393939394,757
0,VDR,boba_ucb,5,50165,165,0.0032891458187979668,2560,29,0.6228448275862069,0.026646158038226092,0.010011956370163902,0.0511276658659327,54.72545454545454,15.140951346130628,0.23231446023258237,5120,0.9872421010664806,6.0546875,0.6095843315124512,0.11960404652247036,0.5509999999999999,0.902,0.5820000000000001,0.016375545851528384,0.012355520127540853,0.008373205741626795,-0.003982314385914058,2048,512,47605,23,6,0.3976074720333272,0.9864930154395547,0.025086256269870884,0.03399201641161621,0.010730947845788442,0.0567483389556503,12,0.07272727272727272,95,25,0.15151515151515152,415,31,0.18787878787878787,790
0,VDR,rabvs_budgeted_reliable,5,50165,165,0.0032891458187979668,2560,29,0.6228448275862069,0.026646158038226092,0.010011956370163902,0.0511276658659327,48.64484848484849,13.92967523844018,0.20901465451246634,5120,0.9872421010664806,5.46875,0.6139428615570068,0.11720372085825959,0.6859999999999999,0.923,0.7110000000000001,0.012806830309498399,0.012355520127540853,0.008373205741626795,-0.003982314385914058,2048,512,47605,23,6,0.3976074720333272,0.9864930154395547,0.025086256269870884,0.03399201641161621,0.010730947845788442,0.0567483389556503,11,0.06666666666666667,97,23,0.1393939393939394,450,28,0.1696969696969697,864
0,VDR,rabvs_hit,5,50165,165,0.0032891458187979668,2560,26,0.7091346153846154,0.0223283977460073,0.009402954115983362,0.04762459225210078,30.403030303030306,15.140951346130628,0.2308778149902576,5120,0.9872421010664806,5.6640625,0.6319976449012756,0.11763672997956143,0.498,0.928,0.523,0.014656144306651634,0.012355520127540853,0.009170653907496013,-0.0031848662200448397,2048,512,47605,21,5,0.2971818919939747,0.9847495011028253,0.01590248912286833,0.01660098464463101,0.00694967620055184,0.04147514872441079,13,0.07878787878787878,90,25,0.15151515151515152,401,29,0.17575757575757575,769
0,VDR,rabvs_reliable,5,50165,165,0.0032891458187979668,2560,26,0.7091346153846154,0.0223283977460073,0.009402954115983362,0.04762459225210078,30.403030303030306,15.746589399975855,0.21271311789347003,5120,0.9872421010664806,5.859375,0.6348755359649658,0.11631262175441115,0.643,0.943,0.661,0.014023732470334413,0.012355520127540853,0.009170653907496013,-0.0031848662200448397,2048,512,47605,21,5,0.2971818919939747,0.9847495011028253,0.01590248912286833,0.01660098464463101,0.00694967620055184,0.04147514872441079,11,0.06666666666666667,95,26,0.15757575757575756,430,30,0.18181818181818182,853
1,VDR,greedy_surrogate,5,50165,165,0.0032891458187979668,2560,31,0.7157258064516129,0.038686962462457376,0.011109034523809003,0.060167515986137655,60.80606060606061,15.746589399975855,0.22339976017604496,401320,0.0,0.07973686833449617,0.6448750495910645,0.11822281109352084,0.397,0.877,0.42200000000000004,0.017084282460136675,0.007174172977281785,0.011961722488038277,0.004787549510756492,2048,512,47605,25,6,0.39480010936912313,0.9928368868816301,0.020276482318324705,0.02228044182987768,0.007068337315971437,0.04347678834733655,12,0.07272727272727272,81,26,0.15757575757575756,359,32,0.19393939393939394,707
1,VDR,boba_ucb,5,50165,165,0.0032891458187979668,2560,26,0.7403846153846154,0.03354288761164346,0.011322330672134999,0.05726119038955813,30.403030303030306,15.140951346130628,0.20783989012599716,5120,0.9872421010664806,5.6640625,0.6508884429931641,0.11688272886550077,0.34299999999999997,0.882,0.36,0.011655011655011656,0.008369868473495417,0.008373205741626795,3.3372681313773023e-06,2048,512,47605,21,5,0.3621389839100161,0.9817456149564121,0.020955431296424385,0.027813824564640894,0.010206032655985646,0.05315593012876337,12,0.07272727272727272,83,25,0.15151515151515152,382,29,0.17575757575757575,740
1,VDR,rabvs_budgeted_reliable,5,50165,165,0.0032891458187979668,2560,26,0.7403846153846154,0.03354288761164346,0.011322330672134999,0.05726119038955813,30.403030303030306,14.535313292285403,0.19768405750228832,5120,0.9872421010664806,5.46875,0.652152955532074,0.11493558499330259,0.531,0.92,0.5409999999999999,0.011135857461024499,0.008369868473495417,0.008373205741626795,3.3372681313773023e-06,2048,512,47605,21,5,0.3621389839100161,0.9817456149564121,0.020955431296424385,0.027813824564640894,0.010206032655985646,0.05315593012876337,13,0.07878787878787878,92,24,0.14545454545454545,442,28,0.1696969696969697,848
1,VDR,rabvs_hit,5,50165,165,0.0032891458187979668,2560,22,0.8181818181818182,0.0318215125225748,0.012779653520065621,0.05775248404024049,12.161212121212122,12.112761076904503,0.2170223477028291,5120,0.9872421010664806,4.4921875,0.6677662134170532,0.10738106238537337,0.32799999999999996,0.88,0.349,0.009142857142857144,0.01315265045834994,0.007974481658692184,-0.005178168799657755,2048,512,47605,18,4,0.3175392114679413,0.9744564646570738,0.02202632639248134,0.030212220294029257,0.011000321063858575,0.05570985196826675,5,0.030303030303030304,86,20,0.12121212121212122,401,23,0.1393939393939394,760
1,VDR,rabvs_reliable,5,50165,165,0.0032891458187979668,2560,22,0.8181818181818182,0.0318215125225748,0.012779653520065621,0.05775248404024049,18.241818181818182,11.507123023059279,0.19756239633609077,5120,0.9872421010664806,4.8828125,0.6723904013633728,0.10520502872642346,0.475,0.903,0.491,0.01092896174863388,0.01315265045834994,0.007974481658692184,-0.005178168799657755,2048,512,47605,18,4,0.3175392114679413,0.9744564646570738,0.02202632639248134,0.030212220294029257,0.011000321063858575,0.05570985196826675,4,0.024242424242424242,99,19,0.11515151515151516,446,25,0.15151515151515152,854
2,VDR,greedy_surrogate,5,50165,165,0.0032891458187979668,2560,35,0.7285714285714285,0.03887353780068221,0.011088104729664927,0.05941693794945056,72.96727272727273,15.140951346130628,0.25268736467637937,401320,0.0,0.08721219974085519,0.6249753832817078,0.11476462786859931,0.396,0.837,0.42700000000000005,0.019744483159117306,0.007971303308090873,0.01555023923444976,0.007578935926358887,2048,512,47605,28,7,0.4298620529086722,0.9944963764310472,0.018770811707931375,0.016898534338427043,0.006154897117665232,0.040440660773375804,17,0.10303030303030303,72,25,0.15151515151515152,367,35,0.21212121212121213,737
2,VDR,boba_ucb,5,50165,165,0.0032891458187979668,2560,32,0.646484375,0.04270172948808802,0.012954389062233201,0.06458872371716402,48.64484848484849,18.77477966920198,0.26254942924450364,5120,0.9872421010664806,7.8125,0.6323524117469788,0.10933448351924024,0.44199999999999995,0.898,0.45799999999999996,0.02211874272409779,0.00757273814268633,0.014354066985645933,0.006781328842959604,2048,512,47605,26,6,0.45355537965066367,0.9873542695095053,0.025276079468865013,0.031780504635912823,0.011236634012492001,0.056705733835513146,12,0.07272727272727272,70,31,0.18787878787878787,369,40,0.24242424242424243,736
2,VDR,rabvs_budgeted_reliable,5,50165,165,0.0032891458187979668,2560,32,0.646484375,0.04270172948808802,0.012954389062233201,0.06458872371716402,42.56424242424243,16.957865507666305,0.2452855110915938,5120,0.9872421010664806,7.421875,0.6326087713241577,0.10813877271861705,0.628,0.925,0.641,0.01991150442477876,0.00757273814268633,0.014354066985645933,0.006781328842959604,2048,512,47605,26,6,0.45355537965066367,0.9873542695095053,0.025276079468865013,0.031780504635912823,0.011236634012492001,0.056705733835513146,11,0.06666666666666667,81,28,0.1696969696969697,418,38,0.23030303030303031,832
2,VDR,rabvs_hit,5,50165,165,0.0032891458187979668,2560,26,0.7091346153846154,0.04431845518836523,0.014647553851593742,0.06910197489399675,30.403030303030306,14.535313292285403,0.24672960194000956,5120,0.9872421010664806,6.4453125,0.6357467174530029,0.11072357557355417,0.473,0.879,0.495,0.014234875444839857,0.00996412913511359,0.012360446570972886,0.002396317435859295,2048,512,47605,21,5,0.2941224856611524,0.981367503413507,0.01866307769888361,0.021520755439591394,0.007976992815399734,0.0446789890897392,10,0.06060606060606061,73,24,0.14545454545454545,383,33,0.2,746
2,VDR,rabvs_reliable,5,50165,165,0.0032891458187979668,2560,26,0.7091346153846154,0.04431845518836523,0.014647553851593742,0.06910197489399675,30.403030303030306,13.324037184594955,0.2316833648561665,5120,0.9872421010664806,5.46875,0.6401812434196472,0.1086804883686131,0.642,0.912,0.656,0.011185682326621925,0.00996412913511359,0.012360446570972886,0.002396317435859295,2048,512,47605,21,5,0.2941224856611524,0.981367503413507,0.01866307769888361,0.021520755439591394,0.007976992815399734,0.0446789890897392,9,0.05454545454545454,87,22,0.13333333333333333,432,28,0.1696969696969697,850
